t,x,y,well_distance,speed,spin,orientation,orbital_L,max_strain,max_compression,rms_displacement,mechanical_energy,dissipated_energy,energy_balance_error
0.0,4.624998879853258,0.002578129741550827,4.624999598421264,0.6187270517553384,-5.0398066623659287e-20,0.35,2.8616122270271553,3.2649198276613056e-05,8.585147694506468e-05,3.3209139439549595e-05,-1.8480072939911731,6.246203866645704e-06,6.246203866577815e-06
0.03333333333333333,4.624909287675312,0.02319576833323317,4.624967455333489,0.6183471655596534,-8.712522184456982e-19,0.35,2.859824243266607,0.002548470655777124,0.00677070418285608,0.002681399809073338,0.3350637567250616,0.0110071005562448,2.1940781512724796
0.06666666666666667,4.624676416172781,0.043799805789533054,4.624883823112956,0.6179782660724956,-1.463367689837005e-18,0.35,2.8580373766685794,0.008704740174461989,0.023359206947230593,0.00952714672251687,5.914095772087447,0.0760664702679818,7.8381695363466015
0.1,4.624300358232925,0.0643896120096031,4.624748622929457,0.617620375700245,-2.0641030370812894e-18,0.35,2.8562516265350504,0.017881659651744708,0.04849540283397791,0.020496350868021564,14.707477466062397,0.24098978199210708,16.796474542045676
0.13333333333333333,4.623781208747692,0.08496455765995953,4.624561778420375,0.6172735159700449,-2.439868760365206e-18,0.35,2.8544669921684345,0.029366017076366324,0.08054009002383022,0.03548947813063642,26.475525406072784,0.5468684047049146,28.87040110476887
0.16666666666666666,4.623119064607062,0.1055240141617691,4.624323215682279,0.6169377075263048,-2.977363704336678e-18,0.35,2.8526834728715813,0.04239460290797814,0.11767976741690822,0.054382516972813565,40.92655055689061,1.0292882982434817,43.80384614912526
0.2,4.622314024692852,0.12606735367810776,4.624032863262936,0.6166129701272391,-3.2718179283400486e-18,0.35,2.850901067947775,0.05619616103136038,0.1583471130265226,0.07702806071401488,57.72396112447577,1.7177833305796746,61.289751749046616
0.23333333333333334,4.621366189872982,0.1465939491011963,4.623690652153776,0.6162993226414454,-3.9510938654353614e-18,0.35,2.8491197767007366,0.07002977420302292,0.2005529019990494,0.10325649550609345,76.49426527635221,2.635498598487385,80.97777116883077
0.26666666666666666,4.620275662996204,0.16710317403961875,4.623296515782773,0.6159967830445227,-4.099467543171187e-18,0.35,2.847339598434622,0.08384722578083836,0.24250472389353783,0.1328772793287364,96.83580725205617,3.79902519227098,102.48283973831832
0.3,4.619042548887276,0.18759440280552847,4.622850390007774,0.6157053684157342,-4.4209097964786426e-18,0.35,2.8455605324540256,0.09681737888924125,0.2825186392016982,0.16568030077032714,118.3280382501865,5.218373472784366,125.39441901696203
0.3333333333333333,4.617666954342604,0.2080670104018476,4.622352213110254,0.6154250949347119,-4.529516012020911e-18,0.35,2.843782578063968,0.10795481139641327,0.3190599534934965,0.2014373087610685,140.5410978117615,6.897062445576044,149.2861675513287
0.36666666666666664,4.616148988126345,0.22852037250946508,4.621801925789523,0.6151559778782114,-4.620594712530884e-18,0.35,2.8420057345699106,0.11661496590942899,0.3520399983707143,0.23990340593917575,163.0454687053928,8.832313413754319,173.7257894131383
0.4,4.614488760966964,0.24895386547443882,4.621199471157363,0.614898031616913,-4.919150073722894e-18,0.35,2.8402300012777464,0.12222600503015646,0.38095857950164635,0.280818599307156,185.42147035908786,11.015342979707116,198.28482063278616
0.43333333333333335,4.612686385554249,0.2693668662952066,4.620544794733108,0.6146512696122727,-5.135715043808786e-18,0.35,2.8384553774938017,0.12430673845726625,0.40330838346747144,0.323909402628025,207.26836984743443,13.431751603715426,222.54812874514104
0.4666666666666667,4.610741976536788,0.2897587526098123,4.619837844439171,0.6144157044134275,-5.378059376243083e-18,0.35,2.8366818625248387,0.1258921120077332,0.4181954671371376,0.36889048593216167,228.2129104050488,16.061999297176378,246.12291699621636
0.5,4.608655650519899,0.3101289026831513,4.6190785705970026,0.6141913476541523,-5.6664135000368836e-18,0.35,2.83490945567805,0.12667796279817156,0.4249651730577837,0.4154663688911285,247.91708096594212,18.881951636139174,268.64703989607244
0.5333333333333333,4.606427526064021,0.33047669539424174,4.6182669259235105,0.6139782100498726,-5.854412193777137e-18,0.35,2.833138156261063,0.12474994428544639,0.42323522351229215,0.46333315704147143,266.08497290254326,21.863471014746253,289.79645121128067
0.5666666666666667,4.604057723683557,0.35080151022352546,4.6174028655279065,0.613776301394736,-6.0537882831326935e-18,0.35,2.831367963581936,0.1214808868944337,0.4140121616340251,0.512180323145944,282.46858834352184,24.975025276010427,309.2916209135234
0.6,4.601546365846183,0.3711027272402059,4.616486346909014,0.6135856305587395,-6.652687228935308e-18,0.35,2.829598876949161,0.1331381687327442,0.4036299168841895,0.561692540114746,296.8724738372596,28.18229414442106,326.9027752756718
0.6333333333333333,4.598893576972605,0.3913797270896258,4.6155173299530174,0.6134062054849189,-6.962175336467654e-18,0.35,2.8278308956716596,0.14480797798143374,0.3864713541317114,0.611551575819871,309.1570508120552,31.448776230252896,342.4538343362993
0.6666666666666666,4.596099483436777,0.411631890980692,4.614495776931663,0.6132380331865999,-7.471848135994238e-18,0.35,2.82606401905879,0.15640567211125767,0.3631914446037473,0.6614382618925813,319.24050344027347,34.7364319429133,355.8249426771779
0.7,4.5931642135665705,0.43185860067335174,4.613421652500902,0.6130811197447096,-7.941914608115862e-18,0.35,2.8242982464203368,0.16783909791121432,0.3347031958836162,0.7110345457590974,327.0990774951202,38.00642670185187,366.9535114909632
0.7333333333333333,4.590087897644901,0.4520592384661257,4.612294923699997,0.6129354703051548,-8.183033013691705e-18,0.35,2.8225335770665176,0.17900297162438372,0.30214975508324193,0.7600256254831542,332.7656568753988,41.22004344884491,375.8337076182349
0.7666666666666666,4.586870667911315,0.47223318718370333,4.61111555995107,0.6128010890762647,-8.688255940060285e-18,0.35,2.8207700103079834,0.18977341843415885,0.2717669703566412,0.8081021485798482,336.32651619305256,44.33979668118503,382.5143201682287
0.8,4.583512658564023,0.49237983016460574,4.609883533059112,0.6126779793262995,-8.808638367773078e-18,0.35,2.819007545455814,0.20000379203649565,0.254842881825434,0.8549624244105133,337.9161240683299,47.33070345967572,387.09483482199676
0.8333333333333334,4.580014005762387,0.512498551248921,4.608598817212437,0.6125661433810276,-8.850793992274378e-18,0.35,2.8172461818215195,0.209522817479733,0.2624834036921633,0.9003145310780443,337.709464576987,50.16157452286759,389.7190463938457
0.8666666666666667,4.576374847629874,0.5325887347661177,4.607261388983604,0.6124655826213702,-8.904877560351769e-18,0.35,2.8154859187170405,0.21813555058390155,0.2690668627333689,0.9438779615791046,335.9092506558444,52.80611075810172,390.5633687079373
0.9,4.572595324257439,0.5526497655229415,4.605871227330781,0.6123762974811178,-9.310078053398111e-18,0.35,2.8137267554547463,0.22562533430906395,0.27448382425338214,0.9853834907971714,332.7212290149439,55.24354938775967,389.81278569669473
0.9333333333333333,4.568675577707387,0.5726810287914009,4.604428313599583,0.6122982874447146,-9.943803677802547e-18,0.35,2.8119686913474373,0.2317467702984295,0.2786004827149746,1.0245696793203076,328.36291404508967,57.459122368874226,387.670043707955
0.9666666666666667,4.564615752017662,0.5926819102968452,4.60293263152535,0.6122315510451162,-1.0194946641978177e-17,0.35,2.810211725708343,0.23620309444959187,0.2812296157385762,1.0611883335795484,323.1666404067796,59.44626686946461,384.46091457023533
1.0,4.560415993206612,0.6126517962061446,4.6013841672359055,0.6121760858617175,-1.0897537614130567e-17,0.35,2.8084558578511207,0.23864763886453155,0.28213360641742247,1.0950195773170959,317.48280128791583,61.20756434971889,380.5383729316259
1.0333333333333332,4.556076449278177,0.6325900731159712,4.599782909254753,0.6121318885183562,-1.0985123304400993e-17,0.35,2.806701087089859,0.23871874884751465,0.28106409083040795,1.1258718748556218,311.60892679224605,62.75157119252691,376.2085052787641
1.0666666666666667,4.551597270227553,0.6524961280411917,4.5981288485047545,0.6120989546813856,-1.0902876294717969e-17,0.35,2.804947412739074,0.2360783546851215,0.2777987213703167,1.1535785963341418,305.81186068125345,64.09037438380032,371.75024235904493
1.1,4.546978608047287,0.6723693484033753,4.596421978312264,0.6120772790578253,-1.1305725148722429e-17,0.35,2.8031948341137096,0.23044703112175458,0.2721696159664261,1.1779969879435068,300.3340327101471,65.23876496747411,367.42080497161237
1.1333333333333333,4.542220616733828,0.6922091220194208,4.594662294411716,0.612066855393583,-1.1343625541787667e-17,0.35,2.801443350529138,0.22163404525736352,0.26408523671294926,1.1990080554815157,295.3905392252024,66.21422414622828,363.45277066542184
1.1666666666666667,4.537323452294523,0.7120148370903104,4.592849794950694,0.6120676764717532,-1.1960098223491531e-17,0.35,2.79969296130116,0.21307819239658699,0.2594620474393593,1.2165166926866582,291.16436155627895,67.03712191960605,360.0494907698761
1.2,4.532287272755064,0.7317858821899943,4.590984480495456,0.6120797341109891,-1.2080452521000777e-17,0.35,2.797943665746,0.21022672940284992,0.2762200753347587,1.230451854638853,287.80187748210096,67.73073899792074,357.38062377401286
1.2333333333333334,4.527112238167378,0.7515216462544105,4.5890663540369285,0.6121030191639513,-1.2225603971146497e-17,0.35,2.7961954631803163,0.20565581066198857,0.2931315350990352,1.2407666966463908,285.4093780271777,68.32095280372337,355.5783381248922
1.2666666666666666,4.5217985106179635,0.771221518570648,4.587095420997175,0.6121375215158299,-1.231392546430824e-17,0.35,2.794448352921189,0.19933339043397957,0.3100075011779224,1.247438635493828,284.05079993100935,68.8356227297924,354.7344299547929
1.3,4.516346254236666,0.7908848887662554,4.585071689236317,0.6121832300829437,-1.2432908389184235e-17,0.35,2.7927023342861252,0.19126774697176696,0.3368190410349554,1.2504693073521287,283.7466819788155,69.30380715378374,354.8984964265904
1.3333333333333333,4.510755635205907,0.8105111467987038,4.582995169059945,0.6122401328114147,-1.3024379573297664e-17,0.35,2.7909574065930607,0.18151397798474722,0.3710405145392557,1.2498844083210272,284.4742948132155,69.75494593591515,356.0772480431218
1.3666666666666667,4.505026821770349,0.8300996829450058,4.580865873226987,0.6123082166759157,-1.3227597039466872e-17,0.35,2.789213569160357,0.17017784812107184,0.4006385077524116,1.2457334116843088,286.16889718194307,70.21809192612818,358.2349964020624
1.4,4.499159984247001,0.8496498877914986,4.578683816958055,0.6123874676784963,-1.3219027863750302e-17,0.35,2.7874708213068016,0.1574164088766774,0.424993684607997,1.2380891610561873,288.72608109370486,70.7212208796385,361.2953092673345
1.4333333333333333,4.493155295035773,0.8691611522237955,4.576449017944262,0.6124778708474801,-1.3668267336002513e-17,0.35,2.7857291623516063,0.16794508491550986,0.44371407876837754,1.22704734130582,292.005157681721,71.29061729496802,365.14378227068016
1.4666666666666666,4.48701292863046,0.8886328674169117,4.574161496356518,0.6125794102364397,-1.3749488972669789e-17,0.35,2.783988591614408,0.1740115482634813,0.49192702902460284,1.2127258300943853,295.83350409706327,71.9503269186003,369.6318383096547
1.5,4.4807330616301675,0.9080644248255696,4.5718212748552896,0.6126920689232453,-1.3820644083565954e-17,0.35,2.7822491084152716,0.17491098502041513,0.5423867271332257,1.1952639324158918,300.01175389487634,72.7216733322731,374.5814345211406
1.5333333333333332,4.474315872751184,0.9274552161746886,4.569428378600854,0.6128158290091853,-1.4211255314857458e-17,0.35,2.7805107120746846,0.17594724811408047,0.5868547099451041,1.1748214987817305,304.3196872358337,73.62284038576334,379.7905349155882
1.5666666666666667,4.4677615428392725,0.946804633450066,4.566982835264008,0.6129506716181617,-1.4191257543050455e-17,0.35,2.7787734019135577,0.1816885437227953,0.6244355046033093,1.15157792471098,308.52267510996916,74.6685134059076,385.0391958098679
1.6,4.461070254882412,0.9661120688892536,4.564484675037272,0.613096576895959,-1.4224020959527052e-17,0.35,2.777037177253228,0.1903884769136157,0.6543816396366825,1.1257310256194086,312.378553223834,75.86955071469639,390.09611123252154
1.6333333333333333,4.454242194023971,0.9853769149726358,4.56193393064657,0.6132535240095831,-1.4901442510729206e-17,0.35,2.775302037415458,0.1977395641875569,0.6760896393661598,1.0974957787968431,315.64482907417954,77.23263810300834,394.72547447117904
1.6666666666666667,4.447277547576302,1.004598564414715,4.5593306373633835,0.6134214911466732,-1.5233869197140844e-17,0.35,2.7735679817224286,0.2037973463118149,0.6890930507840531,1.0671029258760014,318.0861280913747,78.75988880172682,398.6940241870926
1.7,4.440176505034787,1.0237764101556093,4.556674833017388,0.6136004555149844,-1.5534318939158832e-17,0.35,2.7718350094967517,0.20857360614830012,0.6930565848837309,1.034797438182733,319.48172710052916,80.44841329565703,401.7781476901773
1.7333333333333334,4.432939258092289,1.042909845352768,4.553966558009572,0.6137903933419394,-1.5734192327390715e-17,0.35,2.770103120061457,0.21202028766219638,0.6877748192451233,1.0008368647607362,319.63289454944504,82.28999083087972,403.7708926743159
1.7666666666666666,4.4255660006540625,1.0619982633729126,4.551205855325847,0.6139912798742484,-1.620066482258419e-17,0.35,2.7683723127399973,0.21402255902245815,0.6731778613713668,0.9654896051530534,318.369598338408,84.27107015682799,404.48867578922716
1.8,4.4180569288530585,1.0810410577842038,4.548392770551121,0.6142030893776012,-1.672914398624119e-17,0.35,2.7666425868562516,0.21440230300170238,0.6602105329391617,0.9290331666909553,315.5560531369564,86.37331808593608,403.77737851688363
1.8333333333333333,4.4104122410656785,1.1000376223486472,4.545527351883877,0.6144257951364206,-1.659250735216918e-17,0.35,2.7649139417345197,0.21293244210372242,0.6504987058090613,0.8917524655693806,311.0946719910322,88.57476326272354,401.5174425477469
1.8666666666666667,4.402632137927945,1.1189873510147381,4.542609650151218,0.6146593694536865,-1.6643763735676013e-17,0.35,2.763186376699521,0.20936135604928452,0.6416830661825593,0.8539382007083878,304.92829471433333,90.85130523739468,397.62760724571916
1.9,4.394716822352097,1.1378896379103514,4.539639718824421,0.6149037836508229,-1.6630965143590737e-17,0.35,2.7614598910764006,0.20344517712482668,0.6299751295331593,0.8158852672750834,297.0409663521167,93.17814218215668,392.0671158282645
1.9333333333333333,4.386666499543605,1.1567438773358854,4.536617614034954,0.6151590080676493,-1.6826027057990096e-17,0.35,2.7597344841907234,0.21545755845027292,0.6142700838574955,0.7778910949533242,287.4577985073914,95.5306770895617,384.83648289094424
1.9666666666666666,4.378481377018597,1.1755494637576631,4.53354339459099,0.6154250120623954,-1.6982440965009058e-17,0.35,2.758010155368477,0.23412033354454298,0.5951142912641473,0.7402537171340958,276.24439472227607,97.88471659733595,375.9771186136032
2.0,4.370161664621721,1.194305791801596,4.530417121994412,0.6157017640117765,-1.7505837861048257e-17,0.35,2.7562869039360676,0.2516725868364301,0.5731396290630725,0.7032693231101953,263.50600987793547,100.21613712458276,365.5701542965094
2.033333333333333,4.3617075745444085,1.2130122562471173,4.5272388604583025,0.6159892313111293,-1.7818967709728872e-17,0.35,2.7545647292203235,0.2675861630089299,0.5490459555601852,0.6672290300140817,249.3862727533283,102.50045351104774,353.7347335583672
2.0666666666666664,4.353119321343558,1.231668252021391,4.524008676924927,0.6162873803746085,-1.7823889483194336e-17,0.35,2.752843630548494,0.2813736316455704,0.5477240939408028,0.6324146489204052,234.06511759888016,104.71275105863945,340.62587595151075
2.1,4.344397121960632,1.2502731741938025,4.520726641084203,0.6165961766354393,-1.8232327326252353e-17,0.35,2.751123607248249,0.29258664279494995,0.5509089525142564,0.5990933477081689,217.75546820838855,106.82823758275816,326.43171308513786
2.1333333333333333,4.335541195741148,1.268826417970733,4.517392825392654,0.6169155845462276,-1.8315958705271095e-17,0.35,2.749404658647679,0.3008049197036955,0.5621431143500307,0.5675113770212491,200.6979700285693,108.82336066751671,311.36933799007716
2.1666666666666665,4.326551764454607,1.2873273786906285,4.514007305092866,0.6172455675793239,-1.8329040601696877e-17,0.35,2.747686784075293,0.3056359133281342,0.5922926625356577,0.5378873292621444,183.15333500560138,110.67719884211414,295.67854114170666
2.2,4.317429052314806,1.3057754518193683,4.510570158233435,0.6175860882272428,-1.8671567641942613e-17,0.35,2.7459699828600197,0.30674887021124797,0.6219395279813309,0.5104054623820566,165.39435986444232,112.37281510779677,279.61518226623025
2.2333333333333334,4.308173286000556,1.3241700329459345,4.507081465689395,0.6179371080031345,-1.8970724195173344e-17,0.35,2.744254254331209,0.3039348808590472,0.6519657339046127,0.48520943556035706,147.7013049793819,113.89829863055961,263.4476109039326
2.2666666666666666,4.298784694676809,1.3425105177783943,4.503541311183144,0.618298587441306,-1.8879954525411718e-17,0.35,2.742539597818626,0.297155149753472,0.6789820919093081,0.4623966440970388,130.359135234056,115.24715767503895,247.45430020308612
2.3,4.289263510016183,1.3607963021401985,4.499949781305874,0.6186704860977935,-1.896494268678544e-17,0.35,2.7408260126524575,0.2865548307320961,0.7021155518488169,0.44201368881139913,113.65219604940152,116.4181200488743,231.918323392267
2.3333333333333335,4.279609966220877,1.3790267819668005,4.496306965539471,0.6190527625509836,-1.9282046857921063e-17,0.35,2.739113498163309,0.2724476674474501,0.7207341140581609,0.4240543324453412,97.85681441602719,117.41480194655689,217.11962365657527
2.3666666666666667,4.2698243000449905,1.3972013533026035,4.492612956278931,0.6194453744022775,-1.9341665469278552e-17,0.35,2.737402053682202,0.2552854996474031,0.7343871772752879,0.40846135712628584,83.23414815307646,118.24543125312908,203.32758670019672
2.4,4.259906750817223,1.4153194122982435,4.488867848855254,0.6198482782768063,-1.9340234366734828e-17,0.35,2.735691678540578,0.23562310971574074,0.7427794898471898,0.3951331179512736,70.02390300439474,118.92254214150671,190.79445243989264
2.433333333333333,4.249857560463974,1.4333803552082116,4.485071741558837,0.6202614298241845,-1.9523755375215e-17,0.35,2.7339823720702956,0.2472704978935263,0.7457656641160179,0.38393479960591553,58.43885225270616,119.46254456944575,179.7494041161431
2.466666666666667,4.239676973532824,1.4513835783888207,4.481224735663364,0.6206847837193109,-1.976162709869803e-17,0.35,2.7322741336036307,0.2545103356509182,0.7433565452324454,0.3747135319119007,48.6601691494585,119.88513280340608,170.39330924685575
2.5,4.229365237216395,1.4693284782965275,4.4773269354501775,0.6211182936632073,-1.9968641946599853e-17,0.35,2.7305669624732767,0.256333016286007,0.7357307798100591,0.36731577952925115,40.833644988209336,120.21255115742387,162.8942034396244
2.533333333333333,4.2189226013766,1.4872144514866101,4.47337844823316,0.621561912383898,-2.0366467387357796e-17,0.35,2.7288608580123426,0.25281317696565153,0.723244254562543,0.36160499054881706,35.06684916943854,120.46876921456301,157.38362567799274
2.5666666666666664,4.208349318569273,1.5050408946122114,4.4693793843841,0.6220155916373289,-2.0112217593272155e-17,0.35,2.727155819554358,0.24427117467089965,0.7064295165784107,0.35747744725300074,31.427249615756875,120.67863287678014,153.95388978652818
2.6,4.197645644069154,1.5228072044237522,4.4653298573585385,0.6224792822083209,-2.008652594912751e-17,0.35,2.7254518464332644,0.23127524637143382,0.6859790036068615,0.3548745410725202,29.94127993713748,120.86705463802072,152.65634186914937
2.6333333333333333,4.186811835895266,1.540512777768722,4.461229983722134,0.6229529339115619,-2.0096849370542387e-17,0.35,2.723748937983421,0.21771723710763158,0.6627102071293014,0.3537901443728182,30.5943207747066,121.05829116024466,153.50061922894244
2.6666666666666665,4.1758481548366575,1.558157011591852,4.457079883177501,0.6234364955926306,-2.0241054642154927e-17,0.35,2.7220470935396035,0.20953190270347177,0.6375161117059649,0.3542722463040072,33.33155394705791,121.27533594968362,156.4548971907327
2.7,4.164754864478499,1.5757393029356757,4.452879678591543,0.6239299151290552,-1.994479705837593e-17,0.35,2.720346312437003,0.19922742481915912,0.6113080793295861,0.3564185171120241,38.05964312487454,121.53943742727395,161.44708784613968
2.7333333333333334,4.15353223122855,1.5932590489414875,4.4486294960232815,0.624433139431403,-1.9798939091040457e-17,0.35,2.7186465940112265,0.18703063413031662,0.584959422229972,0.3603660072295576,44.64919099295904,121.86974024140562,168.36693852835583
2.7666666666666666,4.142180524343984,1.6107156468507,4.444329464752165,0.6249461144444005,-1.9901266100497938e-17,0.35,2.716947937598296,0.17328819474646018,0.5592564499823959,0.36627583419671494,52.93792232836464,122.28303624308379,177.0689658654396
2.8,4.130700015958561,1.6281084940066093,4.439979717306884,0.6254687851480829,-2.0051575291594878e-17,0.35,2.7152503425346457,0.15844415803984946,0.5348609814315195,0.3743144478772407,62.73454537695966,122.79359818693194,187.37615085788278
2.8333333333333335,4.119090981110161,1.6454369878565764,4.4355803894946595,0.6260010955589727,-1.9835219925437453e-17,0.35,2.7135538081571293,0.14300658364878516,0.5122854344492459,0.3846337426917395,73.82324335531999,123.4130584272389,199.08430907655006
2.8666666666666667,4.107353697768654,1.662700525954625,4.431131620431018,0.6265429887312836,-1.9876509791830388e-17,0.35,2.71185833380301,0.13710021970128128,0.4918794565916347,0.39735264593231595,85.9687340800836,124.15029508939344,211.96703646346822
2.9,4.095488446864123,1.6798985059644678,4.426633552570075,0.6270944067581523,-1.9572892834633126e-17,0.35,2.7101639188099678,0.13762363926829668,0.4738259440241308,0.4125426175325871,98.92180553548137,125.01130289265724,225.78111572212978
2.933333333333333,4.083495512315409,1.6970303256629655,4.4220863317352626,0.6276552907728954,-1.935251561950114e-17,0.35,2.708470562516097,0.14595555396242432,0.4689665405380815,0.43021870391466477,112.42519591314677,125.9990495326575,240.27225273979545
2.966666666666667,4.07137518105901,1.7140953829440226,4.417490107150587,0.6282255809502879,-1.951523428977949e-17,0.35,2.706778264259902,0.15303567276229946,0.46354206669089004,0.4503366193820841,126.21965110716495,127.11334096199727,255.1809993631534
3.0,4.059127743078302,1.7310930758229295,4.412845031472331,0.6288052165078682,-1.9518526736159813e-17,0.35,2.705087023380305,0.15874155390357503,0.45692409115047916,0.47279517710605823,140.0499714712518,128.35073158921884,270.24871035446176
3.033333333333333,4.046753491433077,1.7480228024411566,4.408151260821256,0.6293941357072639,-1.9577102348202306e-17,0.35,2.7033968392166394,0.1629913548208678,0.44913757382334984,0.49744261398877293,153.67085684283077,129.70451568339163,285.22337982021355
3.0666666666666664,4.034252722289419,1.764883961071604,4.403408954815278,0.629992275855538,-1.9653628497897535e-17,0.35,2.7017077111086505,0.16574607155539756,0.44019209755990996,0.5240850990280501,166.85237199301076,131.16482683046644,299.86520611746835
3.1,4.021625734949876,1.7816759501243171,4.398618276602611,0.6305995733065594,-1.9498979427845254e-17,0.35,2.7000196383964963,0.16700981815518956,0.4300783428402929,0.5524959053112611,179.38487805599502,132.71885828100585,313.95174363099204
3.1333333333333333,4.008872831883969,1.79839816815267,4.3937793928954,0.6312159634623901,-1.8883882517327405e-17,0.35,2.698332620420748,0.1668280866082822,0.41876548925461343,0.5824241585871324,191.08330357162686,134.3512029405773,327.2825138061953
3.1666666666666665,3.9959943187589815,1.815050013860027,4.388892474003816,0.6318413807746949,-1.8785575160181758e-17,0.35,2.6966466565223883,0.16711240927417848,0.4265376329169769,0.6136025486620781,201.7906581711381,136.0442997654188,339.682965230548
3.2,3.9829905044710654,1.8316308861068873,4.383957693870617,0.6324757587461688,-1.8317909726006888e-17,0.35,2.694961746042813,0.16930337782540883,0.4356536313730974,0.6457537759098415,211.3807214896446,137.77896356695314,351.00769235058885
3.2333333333333334,3.969861701176641,1.8481401839185154,4.378975230106178,0.633119029931983,-1.828536063810519e-17,0.35,2.693277888323827,0.16974669798535746,0.44014597738024175,0.6785957590729458,219.7598692523473,139.5349672902533,361.14284383659174
3.2666666666666666,3.956608224324086,1.8645773064930706,4.373945264023997,0.633771125941251,-1.8371876265258368e-17,0.35,2.6915950827076482,0.16803645663429,0.4394652027473934,0.71184576314321,226.86802650131284,141.29164033906403,370.007674134368
3.3,3.9432303926857095,1.8809416532102345,4.368867980676636,0.6344319774385115,-1.8388262881909477e-17,0.35,2.689913328536906,0.1637964942905783,0.43316550179744995,0.7452236519005946,232.6787619671746,143.02844566130744,377.55521492247317
3.3333333333333335,3.9297285283900054,1.8972326236403494,4.363743568892141,0.6351015141452296,-1.8187731673011106e-17,0.35,2.6882326251546367,0.15672312732720295,0.42093019700841205,0.7784544647328023,237.19855438962404,144.72550479259095,383.77206647620613
3.3666666666666667,3.916102956954184,1.913449617554067,4.358572221310909,0.6357796648413172,-1.8161108026076975e-17,0.35,2.6865529719042924,0.14662471870253857,0.40736240755785835,0.8112704892768792,240.4652694756368,146.36405482986007,388.677331599488
3.4,3.902354007316964,1.92959203493252,4.353354134422996,0.636466357366669,-1.7931068765348418e-17,0.35,2.6848743681297313,0.13345176079763088,0.3916864584080336,0.8434129673281427,242.5458874039374,147.92684132563116,392.3207360235597
3.433333333333333,3.8884820118716323,1.945659275978019,4.348089508605885,0.6371615186227193,-1.7812537958140575e-17,0.35,2.6831968131752237,0.12777813299570628,0.37012521706025503,0.8746335396583054,243.5335221759308,149.3984689824231,394.77999845234507
3.466666666666667,3.874487306499358,1.9616507411252804,4.342778548162687,0.6378650745740151,-1.7717184112156187e-17,0.35,2.681520306385449,0.1292212302148118,0.3428235042517831,0.9046955083057008,243.54378468532497,150.76573889818647,396.1575308775026
3.5,3.8603702306027525,1.9775658310531967,4.337421461360778,0.6385769502498082,-1.7782148127975754e-17,0.35,2.6798448471054965,0.1299335094103754,0.3101140197268434,0.9333749720412245,242.7105673070621,152.0179915970945,396.5765661981477
3.533333333333333,3.846131127139673,1.9934039466971474,4.332018460470875,0.6392970697456669,-1.7883544213298845e-17,0.35,2.6781704346808635,0.12991992443330747,0.2927236892111903,0.9604618709818018,241.18136758680004,153.14745141266422,396.1768262934554
3.5666666666666664,3.831770342657268,2.009164489261862,4.326569761806537,0.6400253562251061,-1.7588425033715064e-17,0.35,2.6764970684574587,0.12921044891839062,0.28291233524770376,0.9857609593915853,239.11231171610297,154.149539754398,395.1098587644921
3.6,3.8172882273262396,2.0248468602348404,4.321075585764081,0.6407617319212381,-1.7056643165269975e-17,0.35,2.6748247477815967,0.1278589960352341,0.274608314623329,1.0090927122087272,236.66306912813585,155.02310511760214,393.53418153972916
3.6333333333333333,3.802685134975337,2.040450461400337,4.315536156862928,0.6415061181384434,-1.6753881886324537e-17,0.35,2.673153472000002,0.12594110491363675,0.2760013756184694,1.03029416166112,233.9918542748028,155.77051582123676,391.6103773900307
3.6666666666666665,3.787961423126064,2.055974694853912,4.309951703786352,0.6422584352540629,-1.699438940903642e-17,0.35,2.6714832404598066,0.12355042099397973,0.27698783440700847,1.049219655771516,231.25068664590623,156.3975793322049,389.49627327210226
3.6999999999999997,3.773117453027587,2.071418963017558,4.304322459422635,0.6430186027201131,-1.6455451669370928e-17,0.35,2.6698140525085514,0.12120283735407367,0.2774264458917354,1.065741529860493,228.58103377780085,156.9132838246453,387.3423248964373
3.7333333333333334,3.758153589691848,2.0867826686554083,4.298648660906624,0.6437865390650238,-1.6251080075697258e-17,0.35,2.668145907494183,0.12441389443965867,0.27719484942593264,1.0797506838381585,226.1099110319925,157.32939254294052,385.2873108689242
3.7666666666666666,3.743070201928869,2.1020652148900303,4.292930549661675,0.6445621618953994,-1.5722487114245475e-17,0.35,2.6664788047650587,0.12695251082483794,0.27619739241423935,1.091157060499502,223.94647355265454,157.6599479164954,383.4544287631411
3.8,3.7278676623822378,2.117266005219311,4.287168371441989,0.6453453878978075,-1.5661768499139413e-17,0.35,2.66481274366994,0.12871299063786035,0.2743704950204817,1.0998900219647056,222.17912092721738,157.92075152546022,381.9478797466687
3.8333333333333335,3.7125463475647695,2.1323844435339474,4.281362376375316,0.6461361328405922,-1.5834197700095276e-17,0.35,2.663147723557997,0.1376972280457447,0.2716853121129509,1.1058986222266904,220.8731443232659,158.12887515480648,380.85002677206353
3.8666666666666667,3.6971066378943362,2.1474199341355273,4.2755128190060425,0.6469343115757171,-1.562647308745974e-17,0.35,2.6614837437788044,0.14868864420522887,0.2681477273161559,1.1091517734780703,220.0689696001736,158.30223163481833,380.2192085289831
3.9,3.6815489177298573,2.1623718817552353,4.269619958338629,0.6477398380406368,-1.5521700086234388e-17,0.35,2.6598208036823463,0.1564002887832061,0.26379597007408895,1.1096383028836774,219.7810723408851,158.45920204217458,380.0882816770508
3.933333333333333,3.6658735754074345,2.177239691573161,4.2636840578814095,0.6485526252602001,-1.5435142191091333e-17,0.35,2.65815890261901,0.16065553711734748,0.2680401781856384,1.1073668952923081,219.99764722528647,158.6182900580427,380.4639445773203
3.966666666666667,3.650081003276636,2.1920227692382372,4.25770538569073,0.6493725853485862,-1.514047518997847e-17,0.35,2.6564980399395903,0.16133733820872553,0.27389357916351287,1.1023659165822841,220.68109727819854,158.79776381421883,381.3268683864085
4.0,3.6341715977369033,2.2067205208887986,4.251684214415427,0.6501996295112755,-1.502551504868102e-17,0.35,2.654838214995287,0.15839676082378817,0.27872839444561237,1.0946831123922567,221.76937003625002,159.01525314536596,382.63263047560713
4.033333333333333,3.6181457592740878,2.2213323531737736,4.245620821341633,0.6510336680470573,-1.4867470204092098e-17,0.35,2.653179427137707,0.15186149034914154,0.28243245892526514,1.084385178301876,223.17811604027955,159.2872919592983,384.313415293569
4.066666666666666,3.6020038924970983,2.2358576732745172,4.239515488437893,0.6518746103500751,-1.481134952057115e-17,0.35,2.65152167571886,0.14184239962889444,0.28491948248299925,1.0715572003189449,224.8035913434475,159.62882310839828,386.2804217458369
4.1,3.5857464061746533,2.250295888927278,4.2333685024005945,0.6527223649119147,-1.4699650871758475e-17,0.35,2.649864960091162,0.14232633047516496,0.2861325583494796,1.056301968692713,226.52618028854675,160.05270705143553,388.42689463397346
4.133333333333333,3.569373713272125,2.2646464084463167,4.227180154699684,0.6535768393237334,-1.467634010622381e-17,0.35,2.648209279607433,0.14481636442400259,0.29188857755066355,1.038739173069104,228.21438520718985,160.56928784877155,390.63168034995255
4.166666666666667,3.552886230988468,2.278908640747682,4.220950741624675,0.6544379402784366,-1.4530204356812826e-17,0.35,2.6465546336208976,0.14631770686069134,0.30076282872646554,1.0190044919179322,229.72911936799304,161.18606682135228,392.76319348333647
4.2,3.5362843807932247,2.2930819953736337,4.2146805643309255,0.6553055735728998,-1.4391960767168607e-17,0.35,2.6449010214851842,0.14674452580034214,0.3070796422250264,0.9972485929242133,230.92814710061646,161.90751689913182,394.6836712937394
4.233333333333333,3.5195685884635868,2.307165882517736,4.208369928886173,0.6561796441102443,-1.4167387136064525e-17,0.35,2.643248442554326,0.1460247615368504,0.3106076194256522,0.9736360627347409,231.6705348248681,162.73504532982966,396.2535874486889
4.266666666666667,3.502739284121517,2.3211597130506143,4.202019146317319,0.6570600559021625,-1.3816355670588432e-17,0.35,2.641596896182757,0.14410396801353564,0.3218013386227947,0.9483442836169749,231.82100050216522,163.66708750277698,397.33609529893334
4.3,3.485796902270907,2.335062898546384,4.195628532657448,0.6579467120713031,-1.3547155569473636e-17,0.35,2.63994638172532,0.14094876750726115,0.33888696883559044,0.9215622713176462,231.25406903524612,164.6992978674711,397.80137419670837
4.333333333333333,3.4687418818347675,2.348874851309755,4.189198408993065,0.6588395148537107,-1.2763906489964311e-17,0.35,2.638296898537255,0.1365497366270203,0.35328715940252053,0.8934894832854823,229.85795286715413,165.82479931722276,397.53075947836805
4.366666666666666,3.451574666192437,2.36259498440382,4.182729101511538,0.6597383656013315,-1.2863256411058811e-17,0.35,2.636648445974207,0.13816966175151835,0.36560614319158924,0.8643346002517662,227.5380805532537,167.03445910259663,396.4205469498415
4.4,3.434295703216799,2.3762227116785226,4.176220941548735,0.6606431647845812,-1.2817603781701401e-17,0.35,2.6350010233922263,0.1434654450627747,0.38482993853750347,0.834314277646128,224.22019527817255,168.3171725846113,394.385375156775
4.433333333333334,3.416905445311494,2.3897574477998176,4.16967426563683,0.6615538119949815,-1.2626228955871171e-17,0.35,2.633354630147763,0.14910880221091816,0.4027037295457837,0.8036518568071592,219.85294546724015,169.66014985419463,391.3611026154259
4.466666666666667,3.399404349448117,2.403198608279523,4.163089415552278,0.6624702059478684,-1.2491515763644195e-17,0.35,2.631709265597667,0.15508501517190576,0.4192107333542683,0.7725760193365633,214.40989493506007,171.04920973295745,387.30711196200866
4.5,3.3817928772033854,2.416545609505875,4.156466738363928,0.6633922444851758,-1.2080580125825497e-17,0.35,2.6300649290991958,0.1613494261202868,0.432865614262403,0.7413193608376508,207.8908918913088,172.46908913778324,382.2079883230832
4.533333333333333,3.364071494796264,2.429797868774771,4.149806586481253,0.6643198245782953,-1.1679637092861519e-17,0.35,2.6284216200100037,0.16782197981087377,0.4435213161370064,0.7101168522309417,200.32275349466238,173.90377421771376,376.0745350063673
4.566666666666666,3.346240673125045,2.4429548043217335,4.143109317702708,0.6652528423310207,-1.1367370330909013e-17,0.35,2.626779337688149,0.17438313439394182,0.45095992558635867,0.6792041477099643,191.75924312125179,175.3368555046648,368.94410591990777
4.6,3.328300887804352,2.4560158353545645,4.136375295264154,0.6661911929825751,-1.1074720072008223e-17,0.35,2.6251380814920884,0.18087148922143104,0.4548856070191597,0.6488156887005846,182.28033889136873,176.75190494732004,360.8802511326799
4.633333333333333,3.3102526192020725,2.4689803820867278,4.129604887887376,0.6671347709107304,-1.0665197619272542e-17,0.35,2.623497850780682,0.18708339641463045,0.4549254514583789,0.6191825444418312,171.9908131646295,178.1328694502065,351.9716899088271
4.666666666666667,3.292096352476194,2.481847865771434,4.122798469828629,0.6680834696350166,-1.0463294394993847e-17,0.35,2.621858644913191,0.19277477693618383,0.45063906556349786,0.5905299249562638,161.01816361762826,179.4644734832787,342.3306443948981
4.7,3.2738325776115365,2.4946177087364463,4.115956420927228,0.6690371818200305,-9.747148785485916e-18,0.35,2.6202204632492734,0.1976653907990107,0.4415382743037993,0.5630743060312021,149.50995727836215,180.73262168271097,332.0905862550643
4.733333333333333,3.255461789456366,2.507289334419613,4.109079126654145,0.6699957992788442,-9.620980300177243e-18,0.35,2.6185833051489906,0.2014459506403552,0.4386620135234668,0.5370201253992125,137.63066850338325,181.92479020337578,321.4034660007502
4.766666666666667,3.236984487758871,2.519862167405109,4.102166978160584,0.6709592129765202,-9.45839459969802e-18,0.35,2.616947169972802,0.20378872602404297,0.4436442805164109,0.5125560535130439,125.55810743892503,183.0303924490472,310.4365071819634
4.8,3.218401177203499,2.5323356334604186,4.095220372326531,0.6719273130337337,-9.246099563836418e-18,0.35,2.615312057081568,0.20436258195326895,0.4459683470692585,0.48985092011686165,113.4795431091226,184.04110102105824,299.36865142417196
4.833333333333333,3.1997123674471264,2.5447091595740345,4.088239711809238,0.6728999887305107,-9.126154465148552e-18,0.35,2.6136779658365494,0.20285348769738898,0.445481414663656,0.4690494936601645,101.5876228907755,184.95110440815552,288.38673459292215
4.866666666666666,3.1809185731550498,2.55698217399389,4.081225405091622,0.6738771285100815,-8.693465141615115e-18,0.35,2.6120448955994,0.19899103456841782,0.4420615714468995,0.450268457147717,90.0761802445597,185.7572759054,277.68146344395086
4.9,3.162020314036794,2.5691541062665286,4.074177866530561,0.6748586199828598,-8.157542459502802e-18,0.35,2.6104128457321814,0.1925800910191675,0.43564970676429304,0.43359307480505693,79.13601120385822,186.4592358269968,267.4432543248462
4.933333333333334,3.143018114881709,2.5812243872769938,4.067097516405043,0.6758443499305449,-7.589490070287593e-18,0.35,2.608781815597345,0.18353448156755214,0.42628516956546425,0.4190751513847328,68.95069215203229,187.05929837812187,257.8579978241453
4.966666666666667,3.1239125055943484,2.593192449289469,4.05998478096417,0.6768342043103589,-7.110298439636339e-18,0.35,2.6071518045577475,0.17190718817305173,0.4141393968667595,0.40673289059620094,59.69250712567138,187.56231169722875,249.1028261168913
5.0,3.1047040212296086,2.6050577259886434,4.052840092474958,0.677828068259416,-7.103636126507071e-18,0.35,2.6055228119766403,0.1579101427742946,0.3995399385426469,0.3965531118247414,51.518549992179445,187.9754195113194,241.34197679749
5.033333333333333,3.0853932020276202,2.6168196525218175,4.0456638892699255,0.678825826099235,-7.008662323497254e-18,0.35,2.6038948372176733,0.1419171927199091,0.3862288109381623,0.38849597430211985,44.567065781461544,188.30778687023223,234.72285994568495
5.066666666666666,3.0659805934483693,2.628477665541748,4.0384566157944315,0.6798273613403967,-6.51649632460606e-18,0.35,2.602267879644894,0.13984896320728057,0.37304446751090126,0.3825019322912403,38.95410179740815,188.57033077324323,229.37243986464256
5.1,3.0464667462060357,2.6400312032502304,4.0312187226537395,0.6808325566873497,-6.084402146013437e-18,0.35,2.6006419386227475,0.14089973434368563,0.3704594676890285,0.3785002036214139,34.77056031433816,188.77547535011888,225.3940429584482
5.133333333333333,3.0268522163030323,2.651479705442418,4.0239506666597675,0.681841294043373,-5.566284147091992e-18,0.35,2.5990170135160753,0.1477167022295991,0.37216321967572596,0.37641769748962167,32.079782875853084,188.93691849530217,222.86470866514642
5.166666666666667,3.007137565063726,2.6628226135518847,4.016652910877499,0.6828534545156966,-5.534204167037309e-18,0.35,2.597393103690116,0.1544066124725645,0.3755751676683844,0.376187211480978,30.91584260629793,189.06937051947773,221.83322041976683
5.2,2.9873233591678314,2.674059370696423,4.009325924671019,0.6838689184207878,-5.010981914569878e-18,0.35,2.5957702085105048,0.15869345986444072,0.38092477130500435,0.37775380913308004,31.28275143069912,189.1882233134864,222.31898203817667
5.233333333333333,2.9674101706834444,2.68518942172458,4.001970183749141,0.6848875652898061,-4.618686447206617e-18,0.35,2.5941483273432744,0.16034541367798716,0.38991864887003325,0.3810785988766296,33.15475667778945,189.3091350462213,224.31189901800192
5.266666666666667,2.9473985770997233,2.6962122132629336,3.9945861702105865,0.6859092738742326,-4.059742251285288e-18,0.35,2.5925274595548524,0.15926793465809763,0.3995577796050357,0.38613957297999096,36.4777453520268,189.44755496646945,227.77330761248743
5.3,2.927289161359175,2.707127193764103,3.9871743725886892,0.6869339221516789,-4.3956705773938355e-18,0.35,2.5909076045120623,0.15581113450297257,0.40878992818193527,0.3929296250855132,41.171509382701,189.6182387786747,232.6377554553669
5.333333333333333,2.907082511889545,2.717933813555496,3.979735285895577,0.6879613873318808,-3.8868293261119055e-18,0.35,2.5892887615821243,0.16172997340864848,0.4212926239296092,0.4014522461678317,47.132450372130975,189.8348024586143,238.81526012473645
5.366666666666666,2.8867792226352877,2.728631524888788,3.9722694116657933,0.6889915458628795,-3.0292643322411563e-18,0.35,2.587670930132652,0.1665939200852461,0.43641626726023675,0.4117156437309846,54.23642267809465,190.10934307783816,246.19377304992398
5.4,2.8663798930886037,2.739219781990136,3.964777257999335,0.6900242734374001,-2.9975584866968954e-18,0.35,2.586054109531655,0.17027116523059616,0.45435099176286065,0.4237261339168929,62.341693353597236,190.45214011953178,254.6418407671202
5.433333333333334,2.8458851283200177,2.749698041111121,3.9572593396040374,0.6910594449994276,-2.7125845970840088e-18,0.35,2.5844382991475405,0.17265361823996928,0.4700062313282475,0.4374816373518242,71.29212921749631,190.8714435004637,264.01158001195114
5.466666666666667,2.8252955390084877,2.760065760580417,3.9497161778372907,0.6920969347509865,-2.019201964807044e-18,0.35,2.5828234983491054,0.17365666809349245,0.4829649433826403,0.45296598245890035,80.92066252735512,191.37334636605536,274.1420161874016
5.5,2.8046117414710228,2.770322400856187,3.942148300747032,0.6931366161591326,-1.3149444934898205e-18,0.35,2.5812097065055446,0.17642926094594436,0.5047321927072876,0.47014451174261473,91.05299322151716,191.96172959172645,284.86273010723477
5.533333333333333,2.7838343576917954,2.7804674245791974,3.934556243111968,0.6941783619631574,-1.2446280134154823e-18,0.35,2.5795969229864464,0.17751885696996794,0.5242673774089188,0.48896124138019553,101.51144075884123,192.63825652145943,295.9977045742918
5.566666666666666,2.762964015350717,2.790500296626654,3.926940546480988,0.6952220441820125,-1.0765023688481112e-18,0.35,2.577985147161792,0.17632402669321767,0.5375172682850746,0.5093375907173496,112.11884886510624,193.40239566153025,307.36925182062765
5.6,2.7420013478514806,2.800420484166752,3.9193017592117196,0.696267534121959,-7.203691268492348e-19,0.35,2.5763743784019577,0.1728851280486915,0.5485311581159746,0.5311725144674685,122.70244505273429,194.25145612275722,318.80190846948267
5.633333333333333,2.7209469943490303,2.8102274567139327,3.911640436508177,0.6973147023844459,-5.585097581100977e-19,0.35,2.57476461607771,0.16729886596845245,0.55271020021883,0.5543437570754712,133.09755393579547,195.18063260671082,330.12619383649746
5.666666666666667,2.6998015997764475,2.819920686184854,3.9039571404574516,0.6983634188742245,-3.9493835769119743e-19,0.35,2.5731558595602118,0.15970865718863303,0.550195177608171,0.5787099067988748,143.15106044908265,196.18306949989423,341.182137242968
5.7,2.678565814871237,2.8294996469550564,3.8962524400654024,0.6994135528077003,9.479837192473103e-20,0.35,2.571548108221019,0.15029393261055912,0.5412319273498964,0.6041129424129632,152.72452015630722,197.24996308764852,351.8224905379469
5.733333333333333,2.6572402962009893,2.8389638159163266,3.8885269112912813,0.7004649727215321,9.256352156431697e-19,0.35,2.56994136143208,0.13971336083801222,0.5261616340409572,0.630381016563024,161.6968223095382,198.37072380125832,361.91555340478766
5.766666666666667,2.6358257061884016,2.8483126725347527,3.8807811370812515,0.701517546481476,1.3777086407144987e-18,0.35,2.568335618565732,0.12933854870135353,0.50541005456041,0.6573312854054013,169.96632870898506,199.53321525189094,371.34755125486714
5.8,2.614322713135638,2.85754569890947,3.873015707400745,0.7025711412914898,1.4628121527406528e-18,0.35,2.5667308789947096,0.12652849160488067,0.4794754565437722,0.6847726581797795,177.45243652233788,200.724074603456,380.024518419785
5.833333333333333,2.5927319912480105,2.8666623798320727,3.8652312192655898,0.7036256237030908,1.712811984984668e-18,0.35,2.565127142092135,0.13173375423238942,0.4489158428773544,0.7125083934344046,184.0965421053828,201.92910325830533,387.87365265767926
5.866666666666666,2.5710542206569578,2.8756622028467147,3.8574282767718673,0.7046808596249806,2.2619964002948026e-18,0.35,2.563524407231526,0.13533451388983542,0.41962270150334036,0.7403385075515652,189.86240999305565,203.13370303945533,394.8441203265021
5.9,2.549290087442304,2.884544658310865,3.8496074911244307,0.7057367143329368,2.992980629137817e-18,0.35,2.561922673786788,0.13718612018994525,0.3917727397572226,0.7680619868697413,194.7359716229462,204.32332564879675,400.9073045657341
5.933333333333334,2.527440283653781,2.893309239456726,3.841769480664029,0.7067930524799783,3.4086366615484062e-18,0.35,2.560321941132221,0.1372228941396757,0.36147308423225954,0.7954788099218935,198.72458956939715,205.48390427850376,406.05650114189206
5.966666666666667,2.505505507331785,2.9019554424533003,3.8339148708929667,0.7078497381068078,3.917874144400908e-18,0.35,2.558722208642513,0.13547121078339264,0.33626861600180324,0.8223917942674897,201.85582606331087,206.60224470946017,410.3060780667622
6.0,2.4834864625273596,2.910482766469107,3.826044294499258,0.7089066346525367,4.32882121751979e-18,0.35,2.557123475692745,0.13325242908492618,0.3156996754114848,0.8486082856237316,204.1757531533868,207.66636528366593,413.69012573104385
6.033333333333333,2.4613838593213773,2.918890713735524,3.8181583913791832,0.7099636049656953,4.8006662414623234e-18,0.35,2.5555257416583874,0.13837271762161163,0.3076120632385827,0.8739417071455169,205.7468410858186,208.66578604344934,416.2606344232591
6.066666666666666,2.4391984138428957,2.9271787896107617,3.8102578086582044,0.7110205113155347,5.1569640636230605e-18,0.35,2.5539290059153004,0.14259776097354238,0.3045243649726813,0.898212984713624,206.6454656970861,209.59177326209598,418.08524625317324
6.1,2.416930848286682,2.9353465026444514,3.802343200710161,0.712077215403623,5.624302348989394e-18,0.35,2.5523332678397352,0.1459632200050487,0.30057968345359587,0.9212518605910373,206.95908683020446,210.43754507183982,419.24463919603545
6.133333333333333,2.3945818909298735,2.943393364642842,3.794415229174688,0.71313357837574,6.384714981811693e-18,0.35,2.550738526808332,0.1485134719589506,0.30003413696529313,0.942898103417214,206.7831668323822,211.19843824614676,419.8296123725201
6.166666666666667,2.3721522761477525,2.951318890734593,3.7864745629727703,0.7141894608340752,6.950702483640834e-18,0.35,2.549144782198121,0.15029924838227315,0.30059654606301145,0.9630026179683862,206.21791705956846,211.87202882471527,419.9379531782749
6.2,2.3496427444286314,2.959122599437151,3.7785218783203827,0.7152447228497322,7.264661356364756e-18,0.35,2.547552033386521,0.1513754512948874,0.3003076561758987,0.9814284541796003,205.36497555413672,212.45819412420576,419.6711769723336
6.233333333333333,2.327054042387806,2.9668040127237094,3.770557858740127,0.716299223975543,7.966074988936837e-18,0.35,2.5459602797513408,0.15179915685500167,0.29934379099943365,0.9980517121414272,204.32412587749093,212.9591035048877,419.1312366763698
6.266666666666667,2.304386922780575,2.974362656090724,3.7625831950708006,0.717352823259198,8.336661388836169e-18,0.35,2.544369520670777,0.15162779692614248,0.29788298252754863,1.0127623382504432,203.19016339398314,213.37913050354265,418.4173011915169
6.3,2.2816421445142945,2.981798058625987,3.7545985854748167,0.7184053792566908,8.996645202898704e-18,0.35,2.542779755523414,0.15091750425280337,0.29677167495139045,1.0254648070724677,202.0500029594288,213.7246876991907,417.6226979526107
6.333333333333333,2.2588204726594516,2.989109753077242,3.7466047354434067,0.7194567500460857,9.239610799997866e-18,0.35,2.541190983688228,0.14972161536440454,0.2969667431062808,1.0360786833470588,200.98010602652062,214.00399472940998,416.83210804992177
6.366666666666666,2.2359226784597364,2.996297275921319,3.738602357799513,0.7205067932416083,9.896946952155465e-18,0.35,2.5396032045445787,0.14808934314435407,0.2962310457374119,1.0445390589047172,200.0442908233256,214.22679620015387,416.1190943174706
6.4,2.2129495393410936,3.0033601674337946,3.730592172698312,0.7215553660080647,1.0413484644638855e-17,0.35,2.5380164174722166,0.1460646526669671,0.2983823408645504,1.0507968606018483,199.29197799988808,214.40404829118594,415.54403358506516
6.433333333333334,2.1899018389197304,3.010297971759149,3.7225749076252668,0.7226023250755874,1.1040844955645174e-17,0.35,2.536430621851277,0.14368539317856333,0.3039883650873839,1.0548190281661507,198.75691315323607,214.54759101555578,415.15251146278297
6.466666666666667,2.1667803670090615,3.017110236981413,3.714551297391646,0.7236475267547172,1.1525637648017408e-17,0.35,2.534845817062287,0.1409827503813913,0.3093110061028309,1.056588564707139,198.4563936694146,214.6698190467099,414.9742200101157
6.5,2.143585919625577,3.023796515195282,3.7065220841274047,0.724690826951818,1.1779642593970925e-17,0.35,2.533262002486156,0.137981082710946,0.31414453598274494,1.0561044663508141,198.39101060316673,214.78335973855877,415.0223776357167
6.533333333333333,2.1203192989936013,3.0303563625776975,3.698488017271362,0.7257320811848303,1.2229209785925718e-17,0.35,2.5316791775041825,0.13469819188843046,0.32490163846929465,1.053381539810245,198.5448999137603,214.9007637513107,415.2936709590622
6.566666666666666,2.0969813135489415,3.036789339459867,3.6904498535585795,0.7267711445993636,1.3079345654445738e-17,0.35,2.530097341498051,0.13114605312508276,0.33807541585250744,1.0484501173675953,198.88648369184008,215.03421194174211,415.7687029275734
6.6,2.073572777941385,3.0430950103997145,3.6824083570048542,0.7278078719851321,1.351808429340192e-17,0.35,2.5285164938498332,0.12733199749320567,0.3502833244278365,1.0413556782425983,199.3696711354712,215.19524155005288,416.4129199795152
6.633333333333333,2.0500945130360444,3.049272944254739,3.6743642988882392,0.7288421177927316,1.4292289397877812e-17,0.35,2.5269366339419874,0.12407455480250218,0.3611028271111173,1.0321583845066127,199.93547967645887,215.3944946058569,417.17798157630693
6.666666666666667,2.026547345913515,3.0553227142552717,3.6663184577274945,0.7298737361507635,1.485467734568462e-17,0.35,2.525357761157355,0.12308777363122303,0.3701338289254307,1.0209325392794182,200.51402748511177,215.64149136899871,418.0035261481016
6.7,2.0029321098688477,3.061243898078112,3.6582716192573983,0.7309025808833052,1.5356965569947e-17,0.35,2.5237798748791667,0.12221734339372581,0.3770087568020748,1.0077659753149624,201.02683871297825,215.9444312876561,418.8192772946255
6.733333333333333,1.9792496444092855,3.0670360779205224,3.650224576400798,0.731928505527727,1.5643825592302703e-17,0.35,2.522202974491035,0.12373222305119735,0.3814023779819904,0.9927593832756609,201.38939201901636,216.3100234411383,419.5474227541458
6.766666666666667,1.9555007952507832,3.0726988405745685,3.642178129237331,0.7329513633528597,1.6220230211792384e-17,0.35,2.5206270593769586,0.12526522584186972,0.3830409435950829,0.9760255905426869,201.5138321941448,216.74334791854582,420.1051874066818
6.8,1.93168641431326,3.0782317775017836,3.6341330849687123,0.7339710073775103,1.6857453306661894e-17,0.35,2.5190521289213232,0.12685248451588893,0.383042286125162,0.9576888021289491,201.3117574424588,217.24774923614893,420.40751397259885
6.833333333333333,1.9078073597145848,3.0836344849081376,3.6260902578804917,0.7349872903893292,1.729075643966318e-17,0.35,2.517478182508896,0.1285021167929553,0.40228795962532116,0.9378838133457397,200.69699677785317,217.82476281493263,420.3697668867769
6.866666666666666,1.8838644957632689,3.0889065638192954,3.6180504693001896,0.7360000649640268,1.8099730359175307e-17,0.35,2.515905219524831,0.13018435873278777,0.41858333646761425,0.9167551978314564,199.58830724193055,218.47407579739382,419.9103903333155
6.8999999999999995,1.859858692949851,3.0940476201561458,3.6100145475517182,0.7370091834849409,1.948376776929952e-17,0.35,2.5143332393546665,0.1318253198432907,0.4318485735575128,0.8944564649212755,197.91194492736474,219.19352415745186,418.95347637880775
6.933333333333334,1.8357908279369557,3.0990572648105683,3.6019833279059768,0.7380144981629548,2.0187095391769406e-17,0.35,2.5127622413843222,0.13330652950248378,0.4419651101793056,0.8711491706410972,195.60408207328624,219.9791291010352,417.4312184683126
6.966666666666667,1.8116617835480089,3.103935113721439,3.593957652527541,0.7390158610567658,2.106820600838133e-17,0.35,2.5111922250001038,0.13447128877602954,0.4487604301187733,0.8470019615746396,192.61304009101713,220.82517674150412,415.28622412651237
7.0,1.7874724487545928,3.1086807879508322,3.5859383704173373,0.7400131240935022,2.181998274982085e-17,0.35,2.509623189588699,0.13513731399388684,0.4519983481036748,0.8221895326568398,188.90128691712746,221.7243451384142,412.47363934953285
7.033333333333333,1.7632237186624233,3.113293913760419,3.5779263373512054,0.7410061390896897,2.2223694648239672e-17,0.35,2.5080551345371793,0.13511390876637597,0.45137513987394084,0.7968914863218379,184.4471248324529,222.6678812455243,408.9630133719684
7.066666666666666,1.7389164944959365,3.1177741226880165,3.5699224158142524,0.7419947577725643,2.266346336631608e-17,0.35,2.506488059232999,0.13422128343659723,0.44652184319442334,0.7712910867923843,179.24598923047247,223.64582703349745,404.7398235579611
7.1,1.7145516835814625,3.1221210516242857,3.5619274749308922,0.7429788318017322,2.3498211381621157e-17,0.35,2.5049219630639974,0.13230960810570702,0.43701318153316604,0.7455739063429258,173.3112927064824,224.64728976828187,399.80658976875543
7.133333333333333,1.6901301993289768,3.1263343428895474,3.5539423903904837,0.743958212791173,2.3883001560460654e-17,0.35,2.5033568454183928,0.12927571141795535,0.4223838894010845,0.7199263596747271,166.67477379252827,225.66074723025127,394.18352831677066
7.166666666666667,1.6656529612124114,3.1304136443106936,3.545968044368453,0.7449327523315843,2.439031615863319e-17,0.35,2.501792705684786,0.12507583715004023,0.4021537390604697,0.6945341197456237,159.38633612246701,226.6743753599217,387.9087187763798
7.2,1.641120894748509,3.134358609298171,3.5380053254428137,0.74590230201307,2.500083375361376e-17,0.35,2.5002295432521633,0.11973345230120525,0.3758630967571853,0.669580405826167,151.5133867860051,227.6763836267156,381.03777770671184
7.233333333333333,1.6165349314742106,3.138168896923014,3.530055128505975,0.7468667134481608,2.557623671727461e-17,0.35,2.4986673575098903,0.11334171314973174,0.34312101107569914,0.6452441345250657,143.1397011825063,228.65534215193816,373.6430506284356
7.266666666666667,1.591896008922556,3.1418441719939008,3.522118354671745,0.7478258382951746,2.6151095307515185e-17,0.35,2.4971061478477137,0.11021325990726427,0.3036671827973553,0.6216979293057194,134.36385629144758,229.60048422105643,365.81234780649515
7.3,1.5672050705970917,3.14538410513421,3.5141959111774304,0.7487795282819045,2.6890329756487023e-17,0.35,2.4955459136557607,0.11114409678757597,0.2918685252895158,0.5991059959150311,125.29728492781422,230.50196887038175,357.64726109218714
7.333333333333333,1.5424630659447642,3.148788372859059,3.506288711280935,0.749727635229638,2.743325811127779e-17,0.35,2.493986654324542,0.112213479721891,0.293971140540194,0.5776218923195086,116.06200928296603,231.35109199713935,349.2611085740965
7.366666666666666,1.5176709503272918,3.1520566576522824,3.4983976741527574,0.7506700110774989,2.80792321585712e-17,0.35,2.4924283692449496,0.11343555352763857,0.29461263202101595,0.557386253420013,106.7881117110757,232.1404421984221,340.77656120348894
7.3999999999999995,1.4928296849910014,3.155188648043343,3.490523724762791,0.75160650790711,2.8509611327572183e-17,0.35,2.490871057808253,0.11482172593088835,0.3063496071800973,0.5385245719184304,97.61099452470201,232.86400921108398,332.32301102977715
7.433333333333334,1.4679402370351193,3.158184038684137,3.482667793761841,0.7525369779675738,2.910858182375851e-17,0.35,2.4893147194061047,0.11637881309474651,0.31640016158592155,0.5211451821457193,88.66847161220905,233.51726553482146,324.03374444102167
7.466666666666667,1.4430035793785012,3.161042530425675,3.474830817357749,0.753461273700763,2.961482011996882e-17,0.35,2.4877593534305342,0.11810705083881345,0.3251248099995868,0.5053376330477541,80.09772911555311,234.09724968946477,316.042986099009
7.5,1.4180206907247952,3.1637638303946085,3.4670137371860514,0.7543792477669198,3.002845633009789e-17,0.35,2.4862049592739557,0.11999815586560392,0.33295640238281843,0.4911716544994412,72.03219695148917,234.60267581867976,308.4828800641601
7.533333333333333,1.392992555526024,3.1663476520695717,3.459217500175063,0.7552907530705558,3.0810103111751884e-17,0.35,2.484651536329159,0.12203361669488522,0.34036328090627277,0.4786969002921148,64.59839034168189,235.03407571927625,301.48047335494925
7.566666666666666,1.3679201639445813,3.1687937153573222,3.4514430584053146,0.7561956427866481,3.1349215695259206e-17,0.35,2.4830990839893134,0.12418333765123446,0.3478055743262659,0.4679435779924644,57.91280572202499,235.3939502623764,295.1547632783925
7.6,1.3428045118136267,3.171101746668642,3.4436913689632447,0.7570937703871269,3.214123981167088e-17,0.35,2.48154760164797,0.12640464495529335,0.3556863182634338,0.4589239496153936,52.07897920418907,235.68688023584286,289.6138667340231
7.633333333333333,1.3176466005958765,3.1732714789939744,3.435963393789066,0.7579849896676478,3.281735089151069e-17,0.35,2.4799970886990566,0.13321988958048703,0.36429899583001235,0.4516345368300538,47.184846779130424,235.91953786610088,284.9523919392225
7.666666666666667,1.2924474373407813,3.175302651978771,3.428260099518729,0.7588691547746416,3.343531180403883e-17,0.35,2.4784475445368797,0.14530401121520442,0.37377246123013996,0.4460587998969151,43.3006620178449,236.10056044609914,281.24922975793515
7.7,1.2672080346400791,3.1771950119985206,3.420582457319901,0.7597461202326357,3.399511248009579e-17,0.35,2.476898968556127,0.1549868625563653,0.3840184944227991,0.4421703593379196,40.478010230394055,236.2402899650655,278.5663074894507
7.733333333333333,1.2419294105817247,3.1789483122334277,3.4129314427218764,0.7606157409718397,3.45351916407723e-17,0.35,2.475351360151861,0.16203035864346127,0.3947040246681689,0.43993757984342713,38.75013888462384,236.35039627404663,276.9485424526616
7.766666666666667,1.2166125887021808,3.1805623127427154,3.405308035439366,0.76147787235599,3.552367875721774e-17,0.35,2.473804718719524,0.16631580067499163,0.4052670511255777,0.43932979576215375,38.131835323791336,236.4433170756582,276.42315969344065
7.8,1.1912585979370731,3.182036780538524,3.397713219190074,0.7623323702104409,3.6192691265642254e-17,0.35,2.4722590436549354,0.16783897058757535,0.41494528272944764,0.4403223411573671,38.61806473522472,236.53145953630266,276.99753156551856
7.833333333333333,1.1658684725701993,3.1833714896593674,3.3901479815060096,0.7631790908505013,3.7060799072756975e-17,0.35,2.4707143343542914,0.16669529154704765,0.4228040102510684,0.4428975962660608,40.18403150157247,236.62642948715364,278.65846828271725
7.866666666666666,1.140443252180893,3.1845662212431374,3.382613313538473,0.7640178911100015,3.777068317696786e-17,0.35,2.4691705902141683,0.1630582003360408,0.4277959005301647,0.4470431577252623,42.786739828966404,236.73862105407449,281.37336817703203
7.8999999999999995,1.114983981589733,3.1856207635996006,3.3751102098566497,0.7648486283700873,3.864487374035413e-17,0.35,2.467627810631515,0.15715473752136133,0.4288543335647813,0.4527490449026296,46.36660304038892,236.87716968104772,285.0917800154278
7.933333333333334,1.0894917108026023,3.1865349122823816,3.36763966823977,0.7656711605882299,3.9360909108027575e-17,0.35,2.4660859950036618,0.1492423707555004,0.42499883520972126,0.46000465221696285,50.84894511191456,237.05008109344703,289.7470334993527
7.966666666666667,1.0639674949530884,3.1873084701603864,3.360202689462779,0.7664853463274423,3.998032432351575e-17,0.35,2.4645451427283116,0.13959020942852907,0.42599801598108966,0.4687956433000972,56.1456573743439,237.26436763581546,295.2580323041505
8.0,1.0384123942432304,3.1879412474886486,3.3528002770754837,0.7672910447856938,4.0418813724658506e-17,0.35,2.463005253203548,0.13521250627727288,0.43992273497289425,0.47910095893459964,62.15713578299342,237.52610115853767,301.53124423552225
8.033333333333333,1.0128274738826064,3.1884330619785506,3.34543343717512,0.7680881158255138,4.148254723866004e-17,0.35,2.461466325827826,0.13595549121298633,0.44803578364685226,0.49089013550190935,68.7744993269508,237.8403617897532,308.46286841069514
8.066666666666666,0.9872138040257646,3.1887837388674143,3.3381031781723385,0.7688764200037719,4.20845713637234e-17,0.35,2.4599283599999797,0.1400924414660203,0.4515003908770364,0.5041211115793414,75.882030122441,238.21110508725494,315.94114250368705
8.1,0.9615724597080021,3.1889931109874072,3.3308105105505534,0.7696558186016271,4.278599017912034e-17,0.35,2.458391355119217,0.1431679274164812,0.4567418188004013,0.5187386471944474,83.35975530805922,238.6409849482888,323.84874755033917
8.133333333333333,0.9359045207794854,3.1890610188337494,3.3235564466186562,0.7704261736546358,4.36132917280587e-17,0.35,2.4568553105851225,0.14538743182954217,0.45576600743798157,0.5346734124320611,91.08608981862453,239.13116703592425,332.06526414853994
8.166666666666666,0.9102110718377233,3.1889873106321813,3.316342000257068,0.7711873479830021,4.457802882820754e-17,0.35,2.4553202257976534,0.14698159411375578,0.4485718228017901,0.5518417355861018,98.94046177474894,239.6811619362395,340.4696310049796
8.2,0.884493202158393,3.188771842405672,3.309168186657135,0.7719392052219699,4.5158138128772585e-17,0.35,2.453786100157147,0.14816496253057454,0.4354478490223468,0.5701459475549802,106.80584033620205,240.28870782733426,348.9425554575275
8.233333333333333,0.8587520056245208,3.188414478040322,3.3020360220538594,0.772681609852333,4.592948540116424e-17,0.35,2.4522529330643095,0.14909802267811967,0.41694484382671493,0.5894752250763439,114.57108165379306,240.9497374807942,357.3688264285784
8.266666666666666,0.8329885806540267,3.187915089350448,3.2949465234519795,0.7734144272310631,4.64774421051897e-17,0.35,2.4507207239202238,0.14985674297318452,0.402928964170876,0.6097068211424811,122.13301192315896,241.65846392118868,365.6394831383388
8.3,0.8072040301256371,3.187273556142809,3.2879007083454175,0.7741375236220364,4.695586481938977e-17,0.35,2.4491894721263496,0.15041275691074318,0.3833673899248591,0.6307075721659513,129.39818642531174,242.40760347392649,373.65379719322937
8.333333333333334,0.7813994613031725,3.1864897662799394,3.2808995944301116,0.7748507662268476,4.779468290074122e-17,0.35,2.447659177084517,0.15062622246621138,0.3580859181402648,0.6523355817278969,136.28429906754968,243.18872425987195,381.3210306214128
8.366666666666667,0.7555759857582173,3.185563615742571,3.273944199310273,0.7755540232157035,4.8759304441713645e-17,0.35,2.446129838196932,0.1502524867585967,0.34235212798690307,0.6744419945296843,142.72125637873629,243.99267391663767,388.56193758936513
8.4,0.7297347192911807,3.1844950086911035,3.2670355401981057,0.7762471637583791,4.9304712585785866e-17,0.35,2.444601454866172,0.14896282963415008,0.3358231865902389,0.6968727885843439,148.65195737768568,244.81001815520213,395.3099828268789
8.433333333333334,0.7038767818507587,3.1832838575261,3.2601746336070447,0.7769300580552236,5.00683295466172e-17,0.35,2.4430740264951885,0.14637848157110311,0.32798317120606324,0.719470528192931,154.0328264285786,245.63142164192809,401.51225536449783
8.466666666666667,0.678003297451806,3.181930082947771,3.253362495038561,0.7776025773682077,5.0589497798807394e-17,0.35,2.441547552487308,0.1421155365124921,0.31879067587083953,0.7420760353057786,158.83413097469307,246.44792383958182,407.13006210826603
8.5,0.6521153940916292,3.180433614014422,3.246600138662616,0.778264594051993,5.142487801695809e-17,0.35,2.440022032246228,0.13583629022491384,0.3081623103002755,0.7645299526538696,163.04008872848738,247.2510956604842,412.13919168296275
8.533333333333333,0.626214203664715,3.1787943881998317,3.239888576991835,0.7789159815850144,5.22901722043799e-17,0.35,2.4384974651760167,0.13505797939597053,0.29919063024289916,0.7866741879558481,166.64874013421976,248.033096448956,416.5298438771669
8.566666666666666,0.6003008618759017,3.1770123514495396,3.233228820549496,0.779556614600561,5.284749484840941e-17,0.35,2.4369738506811194,0.13613182916683964,0.2973434209951916,0.8083532432432917,169.6715396716326,248.78667551298477,420.3062224786085
8.6,0.5743765081520136,3.175087458235997,3.226621877531426,0.7801863689178409,5.376526644704392e-17,0.35,2.435451188166351,0.13688486849149117,0.2941525645446136,0.8294154450581885,172.1326086403528,249.5051724424819,423.48578837682584
8.633333333333333,0.5484422855519677,3.17301967161257,3.220068753461921,0.780805121573015,5.452472664145227e-17,0.35,2.433929477036897,0.13727261931041246,0.2897061472303286,0.8497140978366395,174.06759621563177,250.18256352117814,426.09816703080105
8.666666666666666,0.522499340675371,3.170808963266357,3.2135704508438065,0.7814127508501887,5.552149523688889e-17,0.35,2.432408716698316,0.1372505506823195,0.2841174717224163,0.8691085823597223,175.52211879780953,250.81357932372936,428.18370541553
8.7,0.4965488235696222,3.16845531356979,3.2071279688027747,0.7820091363123464,5.599528140926719e-17,0.35,2.4308889065565378,0.1455497185354866,0.2809878473994648,0.88746541325423,176.54979199697192,251.3938878358601,429.79168712682315
8.733333333333333,0.4705918876355387,3.1659587116309984,3.2007423027261335,0.7825941588322111,5.687167024209273e-17,0.35,2.429370046017863,0.15434365444627884,0.27869591392170245,0.9046592562108413,177.2099295892576,251.9203092520795,430.9782461353283
8.766666666666666,0.4446296895315222,3.1633191553429034,3.1944144438961324,0.7831677006230189,5.774339389671383e-17,0.35,2.4278521344889636,0.16054531043258646,0.2756252161246736,0.9205738915070545,177.56504271240564,252.39101405020975,431.80406405660653
8.8,0.4186633890762847,3.160536651431011,3.1881453791180205,0.7837296452691915,5.849522202440875e-17,0.35,2.426335171376883,0.1642630798759459,0.27629830714909753,0.9351031010134978,177.67830705050537,252.80565999524836,432.3319743397449
8.833333333333334,0.39269414915015466,3.157611215499889,3.1819360903430245,0.7842798777568927,5.908524215948091e-17,0.35,2.4248191560890344,0.16567085707986084,0.276238431181941,0.9481514544170871,177.6111600338042,253.16544238635535,432.62460971415067
8.866666666666667,0.36672313559498193,3.1545428720782858,3.1757875542864222,0.7848182845044518,5.990882910573262e-17,0.35,2.423304088033201,0.16499655982666495,0.29047861498424854,0.9596349762954215,177.42114840290856,253.47305508802503,432.74221078492474
8.9,0.3407515171126647,3.1513316546628745,3.1697007420409316,0.785344753392644,6.106548194888896e-17,0.35,2.421789966617535,0.16250654905543693,0.3169029132127623,0.9694816853096244,177.16009031246406,253.73257807232758,432.7406756787828
8.933333333333334,0.3147804651623197,3.1479776057605964,3.1636766186856113,0.7858591737948079,6.237079035840037e-17,0.35,2.42027679125056,0.15848700189173326,0.3401933608372424,0.9776320061437217,176.87256856915454,253.9493159672847,432.6698918304304
8.966666666666667,0.28881115385611933,3.1444807769295706,3.1577161428905067,0.7863614366067866,6.35367709304993e-17,0.35,2.4187645613411695,0.1532240010139032,0.3593956332944982,0.9840390615291112,176.59474443868672,254.12961233805916,432.572364070737
9.0,0.2628447598538187,3.1408412288185525,3.1518202665172783,0.7868514342766775,6.408738967686747e-17,0.35,2.4172532762986254,0.14698448624121951,0.37359149127303426,0.9886688552668532,176.3534741626246,254.28065901378068,432.4821404703964
9.033333333333333,0.2368824622559994,3.137059031204914,3.1459899342160615,0.7873290608343764,6.508281715128872e-17,0.35,2.4157429355325593,0.14649366316812218,0.38193238102372784,0.9915003581157351,176.1657162315356,254.41031087710863,432.42403440263536
9.066666666666666,0.21092544249605247,3.1331342630311156,3.1402260830188147,0.7877942119208987,6.580104810701185e-17,0.35,2.4142335384529705,0.14518911002696033,0.38367833824068054,0.9925255073688499,176.0382292162936,254.52690552029154,432.4131420305763
9.1,0.18497488423093045,3.1290670124396582,3.1345296419294386,0.7882467848174642,6.642252529314703e-17,0.35,2.4127250844702264,0.14266777864513747,0.3782430570862191,0.9917491283035815,175.9675711336941,254.63907626286678,432.45465469055205
9.133333333333333,0.1590319732306931,3.1248573768064833,3.1289015315109463,0.7886866784743312,6.700895628167216e-17,0.35,2.4112175729950676,0.13898607397540852,0.365244615206606,0.9891887818590821,175.9404161264625,254.75554029164374,432.54396371209737
9.166666666666666,0.1330978972668758,3.1205054627727944,3.1233426634699746,0.789113793539359,6.76638159588989e-17,0.35,2.409711003438596,0.13984449113977482,0.3536310854572954,0.9848745385969225,175.93419799494845,254.8848458407985,432.66705112973807
9.2,0.10717384599970983,3.116011386275295,3.117853940238968,0.7895280323862934,6.828357027753881e-17,0.35,2.408205375212287,0.13717704253584018,0.3661504936832579,0.9788486753974746,175.9180712878337,255.0350756696302,432.80115425145505
9.233333333333333,0.08126101086422356,3.111375272574801,3.1124362545563233,0.7899292991427499,6.914066452018105e-17,0.35,2.406700687727981,0.12987916450600634,0.3736453448824023,0.9711652897541777,175.85415315834337,255.21352540655457,432.9156858588891
9.266666666666666,0.0553605849552547,3.106597256283222,3.1070904890448605,0.7903174997178863,7.018504841654982e-17,0.35,2.405196940397887,0.1220546791835262,0.376533635473144,0.9618898278119912,175.6989824629587,255.4263955619677,432.9733853189175
9.3,0.029473762911405584,3.1016774813888826,3.1018175157889347,0.7906925418297485,7.10672689798615e-17,0.35,2.403694132634579,0.1252560404775156,0.3753994651949514,0.9510985262545405,175.405117548493,255.6785444888694,432.93166933135353
9.333333333333334,0.0036017407979724294,3.0966161012801736,3.0966181959105645,0.7910543350322695,7.216360943615187e-17,0.35,2.4021922638510023,0.12822731454178737,0.37094068648272494,0.9388777733622982,174.9227967771206,255.97334081055192,432.74414488166366
9.366666666666667,-0.022254284011118314,3.091413278767498,3.0914933791449175,0.7914027907419169,7.310151950219203e-17,0.35,2.400691333460464,0.13091023711676963,0.3645383389198785,0.9253233989382276,174.2016032776808,256.31263151623017,432.36224208790213
9.4,-0.04809311295233348,3.086069186103516,3.0864439034155575,0.7917378222639627,7.352432330614879e-17,0.35,2.3991913408766417,0.13323373889233348,0.35626291768532337,0.9105399044686593,173.19209867495596,256.69681615116446,431.73692212011156
9.433333333333334,-0.07391354639248263,3.0805840050016466,3.081470594409802,0.792059344818369,7.438053056832111e-17,0.35,2.397692285513577,0.13511665019871333,0.3463626244163688,0.8946396430268794,171.8474106865373,257.1249980243104,430.8204160048389
9.466666666666667,-0.09971438374955868,3.0749579266528366,3.076574265154616,0.7923672755652726,7.538163737238896e-17,0.35,2.39619416678568,0.1364704979557192,0.335563421011735,0.8777419535438884,170.12477180537434,257.5951747094428,429.5679538088083
9.5,-0.12549442361443439,3.0691911517405503,3.071755715593414,0.7926615336300519,7.64739555727434e-17,0.35,2.394696984107723,0.1372011443830765,0.3250059045296335,0.8599722480063265,167.98700971913854,258.1044318573751,427.9394488705048
9.533333333333333,-0.15125246387337904,3.0632838904539987,3.067015732164208,0.792942040127966,7.777639130409495e-17,0.35,2.393200736894848,0.14187863273373646,0.3156895041708214,0.8414610461948516,165.4039832439255,258.6491136347591,425.90110417267573
9.566666666666666,-0.1769873018313586,3.05723636249956,3.062355087379497,0.7932087181883494,7.862857892041085e-17,0.35,2.39170542456256,0.14848779679848345,0.3074035800337883,0.8223429558717413,162.35393443603627,259.2249566556415,423.4268983856689
9.6,-0.20269773433608196,3.0510487971104037,3.0577745394083298,0.7934614929783488,7.97715777311189e-17,0.35,2.3902110465267294,0.1522550556886486,0.3003447407746158,0.8027556130601218,158.82467816576238,259.82718828717327,420.4998737469268
9.633333333333333,-0.22838255790275616,3.0447214330542933,3.0532748316609815,0.7937002917261894,8.057580697585664e-17,0.35,2.3887176022035925,0.15321828383422198,0.29456042735925514,0.782838628444343,154.8144791863946,260.45059981880183,417.11308629918756
9.666666666666666,-0.2540405688395117,3.0382545186395573,3.048856692376667,0.7939250437439558,8.138312358942608e-17,0.35,2.38722509100975,0.1514986158020033,0.28994658979853405,0.7627326137035026,150.3324379870943,261.0896057766546,413.27005105774003
9.7,-0.27967056337345964,3.031648311719219,3.0445208342147403,0.7941356804498764,8.230097685743761e-17,0.35,2.3857335123621666,0.147796993146058,0.286248905000261,0.7425783418433133,145.39834294118558,261.73829426184506,408.9846444970218
9.733333333333333,-0.3052713377773404,3.0249030796932708,3.040267953849825,0.7943321353900964,8.326015518684074e-17,0.35,2.384242865678171,0.15698951147017515,0.2840119798425167,0.7225160028103226,140.04223200666533,262.39047090312863,404.28071020378513
9.766666666666666,-0.3308416884967254,3.018019099509094,3.0360987315713315,0.7945143442599287,8.41646776681422e-17,0.35,2.3827531503754584,0.16498576194818504,0.2873084766171987,0.70268441362057,134.30402521204735,263.03971008668,399.19174259271847
9.8,-0.35638041227773093,3.0109966576599994,3.0320138308878035,0.7946822449245678,8.453106878536431e-17,0.35,2.3812643658720836,0.17118898340421163,0.2928483925695551,0.6832200386796593,128.23332996821966,263.6794402897416,393.7607775519524
9.833333333333334,-0.3818863062952028,3.0038360501818957,3.02801389813656,0.7948357774392572,8.547674224786289e-17,0.35,2.379776511586467,0.175073752589741,0.2981605919792564,0.6642557750408477,121.88919802069854,264.3030845421164,388.04028985680606
9.866666666666667,-0.4073581682813316,2.996537582648071,3.0240995620990834,0.7949748840688989,8.609903405609137e-17,0.35,2.3782895869373957,0.17622464257572934,0.3092319648306854,0.6459195596478022,115.33957230808913,264.90425204835964,382.09183165043993
9.9,-0.4327947966546568,2.9891015701620844,3.0202714336226113,0.7950995093070881,8.662096582101315e-17,0.35,2.3768035913440158,0.17436844152075115,0.31907488240876647,0.6283328976526679,108.66032197346821,265.4769534562279,375.98528272368725
9.933333333333334,-0.4581949906494169,2.981528337348757,3.01653010524839,0.7952095998945704,8.724218022204751e-17,0.35,2.3753185242258374,0.16939599292764884,0.3272949954369402,0.6116094074190846,101.93390318475547,266.0158060608713,369.7977165396179
9.966666666666667,-0.4835575504452049,2.973818218343268,3.012876150847043,0.7953051048371033,8.816988433439048e-17,0.35,2.373834385002733,0.161370818044957,0.3349000427254135,0.5958534634076346,95.24773293306244,266.51620576338155,363.6119459904351
10.0,-0.5088812772968853,2.965971556778349,3.0093101252615178,0.7953859754227156,8.904684539643638e-17,0.35,2.3723511730949385,0.1505235252572953,0.3438325808658126,0.5811590093551728,88.69235919676059,266.974459460276,357.5148259510278
10.033333333333333,-0.5341649736647297,2.9579887057695657,3.005832563958038,0.7954521652383542,8.997669489345413e-17,0.35,2.3708688879230513,0.1372331316489922,0.34847980934683764,0.5676086112205122,82.35949523939485,267.38788448359685,351.59538701698284
10.066666666666666,-0.5594074433447299,2.949870027898699,3.002443982685532,0.7955036301859056,9.071756940535673e-17,0.35,2.369387528908032,0.12299183267101355,0.3486655390060224,0.555272816428248,76.33997645781189,267.75488592787093,345.94286967967395
10.1,-0.5846074915990414,2.941615895195215,2.9991448771439617,0.7955403284975873,9.147319239058783e-17,0.35,2.367907095471202,0.12332673402978345,0.3692117786619781,0.5442098768835437,70.72169713554347,268.07501913045775,340.64472355999237
10.133333333333333,-0.6097639252865168,2.9332266891158305,2.995935722661993,0.7955622207506959,9.248903532929214e-17,0.35,2.366427587034244,0.12494630205965207,0.3935989214697254,0.5344658739955015,65.58758755734986,268.34903728060306,335.7846321319441
10.166666666666666,-0.6348755529932858,2.92470280052217,2.9928169738844295,0.795569269881707,9.327748594456585e-17,0.35,2.364949003019203,0.12576655935482906,0.4127247868991991,0.5260752535378489,61.013694645355066,268.57891725749073,331.44061919683696
10.2,-0.6599411851633342,2.916044629656525,2.989789064469841,0.7955614411997137,9.387712489346837e-17,0.35,2.363471342848483,0.12576293603974398,0.4268456226535121,0.5190617389881017,57.06742875705859,268.76785285132235,327.68328890237206
10.233333333333333,-0.6849596342290418,2.90725258611571,2.9868524067987803,0.7955387023992037,9.457213443783265e-17,0.35,2.361994605944852,0.12492013616045705,0.4362655681363222,0.5134395494508592,53.8060344830519,268.92020428862173,324.5742460656648
10.266666666666666,-0.7099297147416334,2.898327088823021,2.9840073916930008,0.7955010235721576,9.54353836551133e-17,0.35,2.3605187917314367,0.12323487045919757,0.44127825935192766,0.5092148097598103,51.27533422959567,269.0413961657713,322.1647376893581
10.3,-0.734850243501497,2.8892685659983077,2.9812543881460583,0.7954483772194713,9.617881073723625e-17,0.35,2.359043899631723,0.12197644942638564,0.4421211984366017,0.5063870134938223,49.50878071933254,269.13776164374536,320.49454965706906
10.333333333333334,-0.7597200396883298,2.880077455126165,2.9785937430656846,0.7953807382616884,9.73667055188573e-17,0.35,2.3575699290695615,0.1225314311436072,0.43894538220017754,0.5049503904162713,48.52683948836687,269.21633783769596,319.591184620054
10.366666666666667,-0.7845379249910623,2.8707542029222366,2.976025781028277,0.7952980840490413,9.836553374086823e-17,0.35,2.3560968794691575,0.12313225900737401,0.431801348963066,0.504895041000516,48.336706747818326,269.2846241785001,319.46933822030957
10.4,-0.8093027237375198,2.861299265297662,2.9735508040458813,0.7952003943707932,9.88798223050491e-17,0.35,2.3546247502550797,0.12381198813299177,0.4206417800115182,0.5062077309668243,48.93235366829778,269.3503204579122,320.1306814202011
10.433333333333334,-0.8340132630237752,2.851713107321654,2.9711690913459785,0.7950876514638757,9.959315843413795e-17,0.35,2.353153540852254,0.12460104511463566,0.40534004711134786,0.5088722831068929,50.29487705918335,269.4210629843089,321.5639473374834
10.466666666666667,-0.8586683728431516,2.8419962031822363,2.968880899164423,0.7949598400208194,1.0041718314243453e-16,0.35,2.351683250685969,0.12552562734603567,0.3857235001365499,0.5128695545706263,52.39312952964965,269.5041753285089,323.74531215214967
10.5,-0.8832668862148269,2.832149036145131,2.966686460551811,0.7948169471969699,1.0089106797996655e-16,0.35,2.3502138791818687,0.12660613874867155,0.3632478198946112,0.5181770369707034,55.18459928698065,269.60644523458825,326.63905181556004
10.533333333333333,-0.9078076393120009,2.822172098510829,2.9645859851935894,0.7946589626169881,1.0151812563145567e-16,0.35,2.3487454257659572,0.1278557595958313,0.3544729963865707,0.5247681569590936,58.61650932643364,269.7339331399212,330.19844976034597
10.566666666666666,-0.9322894715895772,2.812065891569838,2.9625796592441596,0.7944858783806317,1.0227120317967145e-16,0.35,2.347277889864598,0.12927926191830907,0.34332426499054225,0.5326113816313369,62.62710582618339,269.89181257752296,334.36692569769747
10.6,-0.9567112259113195,2.8018309255561364,2.9606676451752394,0.7942976890678121,1.0296214635812715e-16,0.35,2.345811270904511,0.13087218723121863,0.3299479521259061,0.5416692445005465,67.14710422375127,270.0842402933141,339.07935181105654
10.633333333333333,-0.9810717486764372,2.791467719598837,2.958850081638705,0.7940943917429282,1.0383673460411728e-16,0.35,2.3443455683127783,0.1326204959486439,0.31980432450123775,0.5518974048218122,72.10125790245039,270.3142547458453,344.26351994228685
10.666666666666666,-1.0053698899455583,2.780976801672078,2.957127083344137,0.7938759859584713,1.0447249533653132e-16,0.35,2.3428807815168358,0.1345007750800722,0.31749377632895615,0.5632438384525559,77.41000919437792,270.5837047904825,349.84172127885154
10.7,-1.0296045035660473,2.7703587085431653,2.955498740951253,0.7936424737579035,1.0535715753109328e-16,0.35,2.3414169099444786,0.13648105159626445,0.3140469782979499,0.5756482354477281,82.99117677938547,270.8932137614405,355.7323978348171
10.733333333333333,-1.0537744472966242,2.759613985718973,2.953965120977406,0.7933938596778065,1.0630239083049341e-16,0.35,2.339953953023861,0.1385222032783403,0.3094891760276196,0.5890416505780816,88.76162753915708,271.24218576551414,361.85182059866236
10.766666666666666,-1.077878582931243,2.748743187390622,2.952526265720293,0.7931301507493,1.0701265508895042e-16,0.35,2.338491910183492,0.14057988458879456,0.305129826958107,0.6033464163950588,94.63886645347256,271.6288594829295,368.1157332303932
10.8,-1.1019157764221896,2.737746876376465,2.9511821931960096,0.7928513564987318,1.0774908909503509e-16,0.35,2.3370307808522393,0.14340439270302296,0.30706162815484506,0.6184762630429886,100.54239178342587,272.05040973725346,374.4408088146705
10.833333333333334,-1.1258848980023577,2.726625624063387,2.9499328970925482,0.7925574889476379,1.0838893174540274e-16,0.35,2.335570564459326,0.146571016767982,0.3100158142531644,0.6343362924392456,106.3936504385483,272.5030864679441,380.7447442004836
10.866666666666667,-1.1497848223066567,2.715380010346442,2.948778346738831,0.7922485626119757,1.0892448381127945e-16,0.35,2.3341112604343337,0.14918313432094632,0.31428345726958407,0.6508166298899585,112.07889982677433,272.9822634997253,386.9091706204908
10.9,-1.1736144284925212,2.7040106235668557,2.947718487089336,0.7919245945006302,1.0968215228927437e-16,0.35,2.3326528682071994,0.1511290030187714,0.32364263503096613,0.6677654320704965,117.50428999043078,273.482812675116,392.83510995953793
10.933333333333334,-1.1973726003594714,2.6925180604484105,2.9467532387243547,0.791585604113196,1.1054277228964954e-16,0.35,2.3311953872082163,0.15226550347768442,0.3350219537366136,0.6850567610362612,122.69445770859346,274.00178091878956,398.54424592137417
10.966666666666667,-1.2210582264676935,2.680902926032233,2.945882497865897,0.7912316134370375,1.1147555055941618e-16,0.35,2.329738816868033,0.15245105668384362,0.34731862661805124,0.7025806037444033,127.59901195627157,274.53569061348566,403.98270986374837
11.0,-1.2446702002555954,2.6691658336100152,2.9451061364092386,0.7908626469436298,1.1202358051225486e-16,0.35,2.3282831566176547,0.15190680456543215,0.3598123551705841,0.7202249473711575,132.1731965788055,275.079446573821,409.1006504466176
11.033333333333333,-1.268207420156304,2.6573074046556875,2.944424001970072,0.7904787315841862,1.12770649130551e-16,0.35,2.3268284058884423,0.1515782470767295,0.3715908251817218,0.7378759051381011,136.38215238142038,275.62667181471284,413.85683149012436
11.066666666666666,-1.2916687897130623,2.6453282687555704,2.94383591794722,0.7900798967845704,1.135324080147424e-16,0.35,2.325374564112112,0.15000122601265797,0.38164332468094964,0.7554183600545091,140.20128786824466,276.17033177805075,418.21962694028656
11.1,-1.3150532176934908,2.633229063537034,2.9433416836008233,0.7896661744395043,1.14239782645728e-16,0.35,2.3239216307207338,0.14712497749396913,0.38895616385248355,0.7727367601505212,143.6161020649652,276.7034121543907,422.1675215133471
11.133333333333333,-1.3383596182026793,2.6210104345956857,2.9429410741459106,0.7892375989060736,1.15272613631996e-16,0.35,2.3224696051467344,0.14670468368969614,0.3995307965983059,0.7897160310602428,146.62172109114965,277.2194768725755,425.6892052577163
11.166666666666666,-1.3615869107950695,2.6086730354211185,2.9426338408612263,0.7887942069965346,1.1611641541710535e-16,0.35,2.3210184868228922,0.14875921584789997,0.4068352032482566,0.8062425655035764,149.22225006253922,277.7130238598767,428.7832812164071
11.2,-1.3847340205850927,2.596217527321246,2.942419711213171,0.7883360379704315,1.1675222216312523e-16,0.35,2.319568275182344,0.14967918047645146,0.4094071438333069,0.8222052448660939,151.4299712645714,278.17964518866273,431.4576237472253
11.233333333333333,-1.4077998783565329,2.5836445793452527,2.9422983889946948,0.7878631335260268,1.1758702895821212e-16,0.35,2.3181189696585776,0.14937793161206958,0.406701500586684,0.837496453333465,153.26438472809258,278.6160516814118,433.72844370349554
11.266666666666666,-1.4307834206705783,2.570954868205187,2.9422695544789486,0.7873755377910544,1.1837110845175268e-16,0.35,2.316670569685436,0.15079388920669412,0.43141469867764526,0.8520130548078589,154.75108795734818,279.0200309486162,435.61912619995553
11.3,-1.4536835899725276,2.5581490781962275,2.94233286458749,0.7868732973128014,1.1925043383428834e-16,0.35,2.315223074697116,0.16172455864406676,0.448524534509009,0.8656573122006543,155.92051483640645,279.3903852866364,437.158907417034
11.333333333333334,-1.4764993346971198,2.5452279011156604,2.9424879530728187,0.786356461047524,1.200368484241859e-16,0.35,2.3137764841281676,0.16751793368520973,0.45349764227819245,0.8783377351112807,156.8065797041396,279.7268649498265,438.38145194795726
11.366666666666667,-1.499229609372457,2.532192036180583,2.942734430714987,0.7858250803492092,1.2095687810724448e-16,0.35,2.3123307974134937,0.1679239415819549,0.44694398194322793,0.8899698453208416,157.44528525863583,280.03009253262945,439.3233850852564
11.4,-1.5218733747224877,2.519042189944377,2.943071885532016,0.785279208957688,1.2191812377536327e-16,0.35,2.3108860139883527,0.1629124138769258,0.42955737769975666,0.9004768514371895,157.87334770542017,280.301472677085,440.02282767649626
11.433333333333334,-1.5444295977680211,2.5057790762119816,2.9434998830038475,0.7847189029861085,1.2279418938838897e-16,0.35,2.3094421332883517,0.15266197536027581,0.40201199718388203,0.9097902260550009,158.1268765942112,280.5430918305951,440.5179757187974
11.466666666666667,-1.5668972519262465,2.4924034159539974,2.944017966309509,0.7841442209077799,1.2384596271707967e-16,0.35,2.3079991547494543,0.1375341777907113,0.36704213684403697,0.9178501816439332,158.24013293513084,280.7576221981702,440.84576242729224
11.5,-1.5892753171087237,2.478915937219649,2.944625656577183,0.7835552235423944,1.2470087774976589e-16,0.35,2.306557077807975,0.1217754749057901,0.342281395412127,0.9246060446245495,158.2443867953363,280.94824218458,441.04063627390747
11.533333333333333,-1.611562779817821,2.465317375048652,2.9453224531468396,0.7829519740416394,1.2562426021953216e-16,0.35,2.3051159019005807,0.12056261724029249,0.3251398457238077,0.9300165298591212,158.16690436959425,281.1185720393088,441.1334837028942
11.566666666666666,-1.6337586332415759,2.451608471382003,2.946107833845086,0.7823345378742067,1.265888760009572e-16,0.35,2.303675626464289,0.11892312306844521,0.30464451393038816,0.934049919709154,158.03010546322443,281.2726067549745,441.1507195121901
11.6,-1.6558618773469476,2.437789974971737,2.946981255271852,0.7817029828102137,1.273107811710133e-16,0.35,2.3022362509364704,0.11687508611589925,0.2847135625736611,0.9366841535068476,157.85093401908915,281.4146199204356,441.1135612335159
11.633333333333333,-1.6778715189714417,2.4238626412896838,2.9479421530985537,0.7810573789050438,1.2788232460294535e-16,0.35,2.3007977747548476,0.11444312767984488,0.2824738795175544,0.9379068359496237,157.64046974739105,281.5490195609699,441.0374966023521
11.666666666666666,-1.6997865719130794,2.409827232435259,2.9489899423773216,0.7803977984826167,1.2858002518669008e-16,0.35,2.299360197357494,0.11165897785769952,0.27850611494243904,0.9377151773495361,157.40377919083102,281.6801598914886,440.93194637631075
11.7,-1.721606057018693,2.39568451704232,2.950124017860901,0.7797243161181032,1.2900462563419453e-16,0.35,2.2979235181828326,0.10856198417600926,0.2730178189834631,0.9361158842711204,157.13996970294673,281.81214345135334,440.8001204482912
11.733333333333333,-1.7433290022705201,2.3814352701851287,2.951343754332803,0.7790370086200946,1.2945180137308398e-16,0.35,2.296487736669639,0.10519942859996645,0.26625702207910207,0.9331250234986113,156.84238696620903,281.9486723081839,440.6390665683841
11.766666666666666,-1.7649544428710804,2.367080273283452,2.9526485069472845,0.778335955012237,1.3033221963634625e-16,0.35,2.29505285225704,0.11244577815665568,0.25850401982563653,0.9287678818109454,156.4989033752425,282.0930092813473,440.43991995058093
11.8,-1.7864814213263125,2.352620314006838,2.954037611578721,0.7776212365143459,1.3097772126893557e-16,0.35,2.2936188643845115,0.13910496872074352,0.25006243000660844,0.9230788353388456,156.09228490163574,282.2480808705609,440.18837306618775
11.833333333333334,-1.8079089875269507,2.338056186178104,2.955510385179931,0.7768929365230111,1.3171865262750274e-16,0.35,2.29218577249188,0.1626688742472744,0.24125018515908137,0.9161012249544352,155.6006742039689,282.4166973063951,439.86537880435515
11.866666666666667,-1.8292361988281294,2.3233886896760745,2.957066126149006,0.7761511405917044,1.323321092403077e-16,0.35,2.2907535760193225,0.18245356522488443,0.23810881175733156,0.9078872132417101,154.99824529680384,282.6018027559309,439.44805534672594
11.9,-1.8504621201271887,2.308618630337596,2.9587041147041804,0.7753959364104073,1.3320603709631946e-16,0.35,2.2893222744073656,0.19790278145044016,0.24044193278573234,0.8984975830044897,154.25605722714818,282.80663070858196,438.9106952297213
11.933333333333334,-1.8715858239396743,2.2937468198588786,2.9604236132662956,0.7746274137847651,1.336722291111661e-16,0.35,2.287891867096884,0.20863220184842501,0.24394507289500889,0.888001432567192,153.34310923088617,283.0346527787713,438.22576930364863
11.966666666666667,-1.8926063904735102,2.278774075696193,2.9622238668483867,0.7738456646147868,1.3415732851316715e-16,0.35,2.2864623535291044,0.2144627295889019,0.2486815550947168,0.8764757275460309,152.2276162128823,283.28928077458045,437.3649042814539
12.0,-1.9135229077013332,2.2637012209659626,2.9641041034519273,0.773050782873101,1.3493360918532044e-16,0.35,2.2850337331455997,0.21543593732235844,0.25468400714460393,0.8640046813703047,150.87852590762407,283.5733867142512,436.29991991586644
12.033333333333333,-1.934334471430975,2.2485290843442836,2.966063534469262,0.7722428645827829,1.3549044566750896e-16,0.35,2.283606005388295,0.2118079193615312,0.2619660270619968,0.8506789669693405,149.26720902606112,283.8887915735492,435.0040078936015
12.066666666666666,-1.9550401853740789,2.233258499965913,2.968101355091755,0.771422007794765,1.3636519979371417e-16,0.35,2.282179169699461,0.20402198182336795,0.27152815979721456,0.8365948223345867,147.36907985255917,284.2358923679283,433.45297951447856
12.1,-1.9756391612128426,2.2178903073227656,2.9702167447231953,0.7705883125648472,1.370356941890207e-16,0.35,2.2807532255217198,0.1926644814733487,0.31036742507124626,0.8218531903586055,145.16475097140392,284.6135360791794,431.6262943445745
12.133333333333333,-1.996130518664874,2.202425351161947,2.9724088673979767,0.7697418809303186,1.3740628289002762e-16,0.35,2.279328172298039,0.17841061509676215,0.3511887336149834,0.8065590525048529,142.640421262338,285.0191413402921,429.50756989662125
12.166666666666666,-2.0165133855461503,2.1868644813833655,2.97467687220359,0.7688828168862084,1.3796084430639163e-16,0.35,2.2779040094717358,0.16196776443197547,0.3941275907114091,0.7908209792065908,139.7877352561328,285.4489791391062,427.08472168923015
12.2,-2.0367868978320782,2.171208552936964,2.977019893706968,0.7680112263611746,1.386567642257428e-16,0.35,2.2764807364864734,0.16436608414970855,0.43731458070058893,0.7747507009664296,136.60384760899038,285.8985042420175,424.35035914499906
12.233333333333333,-2.056950199716636,2.1554584257195963,2.97943705238421,0.7671272171930532,1.393942509215763e-16,0.35,2.2750583527862656,0.16606406271111274,0.47774559995071897,0.7584624584688001,133.09208257237836,286.3626673573724,421.3027572237419
12.266666666666666,-2.0770024436696093,2.139614964471599,2.9819274550532464,0.766230899104072,1.3995453136668605e-16,0.35,2.2736368578154726,0.16510991264958663,0.5140651891513511,0.7420720669454758,129.26285354124923,286.8361781195668,417.94703895480717
12.3,-2.0969427904918927,2.123679038673081,2.9844901953089655,0.7653223836757541,1.404796693519985e-16,0.35,2.2722162510187984,0.165659339229695,0.5450988271947456,0.7256957952271257,125.13436045625748,287.3137074003524,414.29607515060104
12.333333333333334,-2.116770409368874,2.10765152243998,2.987124353960383,0.7644017843235187,1.40954395415896e-16,0.35,2.2707965318412993,0.164568125217468,0.5698950030082087,0.7094491839775694,120.7328755201686,287.7900277801092,410.37091059426893
12.366666666666667,-2.1364844779218872,2.0915332944199143,2.9898289994693976,0.7634692162709956,1.418931170870794e-16,0.35,2.269377699728375,0.16147333603980285,0.5877564611611515,0.69344587803215,116.09264422775017,288.26010082780755,406.20075234954885
12.4,-2.156084182257727,2.0753252376878666,2.992603188390698,0.7625247965240695,1.4262756744509797e-16,0.35,2.267959754125774,0.15653835695440965,0.5982599463543408,0.6777965030909932,111.25547465775841,288.7191268508059,401.82260880255546
12.433333333333334,-2.1755687170162346,2.059028239641738,2.995445965812406,0.761568643844667,1.4322695368677035e-16,0.35,2.2665426944795874,0.15002912285028458,0.6012627024824828,0.6626075967393656,106.27006772262568,289.1625768770846,397.2806518937014
12.466666666666667,-2.1949372854159526,2.042643191897808,2.998356365797037,0.7606008787243028,1.4368384069592099e-16,0.35,2.2651265202362563,0.14230147193302545,0.5968942740195995,0.6479806002682962,101.1911186618285,289.5862288366498,392.62535479246947
12.5,-2.214189099297838,2.0261709901861313,3.001333411822355,0.7596216233573954,1.4436670261104464e-16,0.35,2.2637112308425644,0.13824018619454126,0.5855334822439314,0.6340109219896887,96.07821110367408,289.9862284174467,387.91244681511193
12.533333333333333,-2.23332337916705,2.0096125342459144,3.0043761172217467,0.7586310016143748,1.4498755015037537e-16,0.35,2.2622968257456444,0.138241713590592,0.5677722568843315,0.6207870891804376,90.99452955959423,290.3591870914882,383.2017239450736
12.566666666666666,-2.252339354232803,1.9929687277208954,3.007483485623701,0.7576291390145871,1.458073820661062e-16,0.35,2.260883304392971,0.13620672171451242,0.5443697139360995,0.6083900111451614,86.00543010719153,290.7023155456495,378.5557529468322
12.6,-2.271236262446296,1.9762404780547744,3.010654511390037,0.7566161626990183,1.4643447767992643e-16,0.35,2.259470666232367,0.13221749495541602,0.5162010435340352,0.5968923779765963,81.17692557027655,291.01357455515074,374.03850741941847
12.633333333333333,-2.2900133505367175,1.9594286963867165,3.0138881800524966,0.7555922014028478,1.4704197381349582e-16,0.35,2.2580589107119984,0.1264129717407424,0.48420619557985956,0.586358217273324,76.57415338435888,291.2918133778061,369.7139740561561
12.666666666666666,-2.308669874045334,1.9425342974469713,3.017183468747351,0.7545573854278453,1.4797503317325183e-16,0.35,2.256648037280377,0.12683154467121793,0.4493430081345975,0.5768426244245253,72.25989628709412,291.5368627395271,365.6447663206124
12.7,-2.327205097357664,1.9255581994526347,3.0205393466476753,0.7535118466146289,1.485080282735063e-16,0.35,2.255238045386359,0.12907910582423698,0.41254841616923243,0.5683916723117816,68.29321650041258,291.7495567249559,361.8907805193596
12.733333333333333,-2.345618293733751,1.9085013240035904,3.0239547753929608,0.7524557183147941,1.4883329980366018e-16,0.35,2.2538289344791442,0.12954868707293643,0.3959629428900915,0.5610424953122343,64.72824544683779,291.9316731707737,358.5079259116026
12.766666666666666,-2.3639087453365364,1.8913645959786627,3.0274287095157315,0.7513891353629305,1.49687860831501e-16,0.35,2.2524207040082787,0.12833943968102646,0.38335468150408647,0.5548235322213244,61.61314816089649,292.08580087686954,355.5469563317572
12.8,-2.382075743258341,1.8741489434320096,3.030960096864869,0.7503122340485386,1.5064157180380615e-16,0.35,2.2510133534236494,0.12738714829452247,0.38232344060030066,0.5497549044280475,58.98926037142994,292.21515862286697,353.0524262882881
12.833333333333334,-2.4001185875454745,1.856855297489795,3.0345478790253413,0.7492251520878613,1.5130256722167108e-16,0.35,2.249606882175489,0.12925502128905175,0.3891448158376878,0.5458488997193124,56.890382180575884,292.3234007639951,351.06179023856214
12.866666666666667,-2.4180365872209646,1.8394845922471628,3.0381909917340484,0.7481280285956421,1.517941719125662e-16,0.35,2.2482012897143715,0.1311850247107218,0.3932593557975753,0.5431105280432482,55.342208854206106,292.41444421089636,349.6046603590936
12.9,-2.4358290603054384,1.8220377646655501,3.041888365291519,0.7470210040568256,1.5258850247142295e-16,0.35,2.246796575491219,0.13313508757883585,0.3948686959610691,0.541538112843115,54.36188698746025,292.49234190445486,348.70223618590626
12.933333333333334,-2.453495333836147,1.8045157544703692,3.045638924969195,0.7459042202982094,1.5352788456360418e-16,0.35,2.245392738957292,0.13557342917264326,0.3941929060938635,0.5411238802390258,53.95770039983993,292.56121157877345,348.36691927260455
12.966666666666667,-2.4710347438841564,1.786919504049082,3.04944159141205,0.7447778204600644,1.542206973017564e-16,0.35,2.2439897795641954,0.13929156872970605,0.3914610438325561,0.541854509655202,54.1289088982677,292.6252109312673,348.60212712352615
13.0,-2.4884466355697277,1.769249958349705,3.0532952810363314,0.7436419489677345,1.5491296225214816e-16,0.35,2.2425876967638767,0.14242351998859548,0.3869026462967763,0.5437116158289456,54.865777075908596,292.68853686237105,349.40232123227076
13.033333333333333,-2.505730363075872,1.7515080647797687,3.05719890642217,0.7424967515032271,1.5553160273929962e-16,0.35,2.241186490008626,0.1449155383491293,0.38074037761042856,0.5466721455878596,56.14983122166797,292.7554209307541,350.7532594464132
13.066666666666666,-2.5228852896601266,1.7336947731057608,3.0611513767008804,0.7413423749768072,1.5603445511597843e-16,0.35,2.2397861587510755,0.14672297401311063,0.37318402733634937,0.5507086921355486,57.95436215836927,292.8300960564729,352.6324655088333
13.1,-2.539910787664542,1.7158110353530789,3.0651515979367345,0.7401789674986093,1.5613770912214156e-16,0.35,2.238386702444199,0.14781052485974666,0.3644260116691542,0.5557897464377246,60.245148317952435,292.9167182885805,355.0098739005241
13.133333333333333,-2.5568062385239174,1.697857805706524,3.069198473503041,0.7390066783502748,1.5647884596936038e-16,0.35,2.2369881205413136,0.1481525862549915,0.354638466427337,0.5618799041785071,62.9813241398579,293.0192388371832,357.84857027103226
13.166666666666666,-2.5735710327722785,1.6798360404113575,3.0732909044523398,0.7378256579566278,1.5727262330902492e-16,0.35,2.2355904124960753,0.1477338085110952,0.3439719438568679,0.5689400177602701,66.1163071892352,293.1412340200488,361.10554850327514
13.2,-2.5902045700476375,1.661746697674954,3.0774277898805815,0.7366360578574048,1.5767801760070884e-16,0.35,2.2341935777624835,0.14654992845078862,0.33255564220004763,0.576927243234857,69.59875316174349,293.28571416710514,364.7324746228398
13.233333333333333,-2.6067062590950383,1.6435907375690642,3.081608027285117,0.7354380306790402,1.5841303924181885e-16,0.35,2.232797615794879,0.14460882172739786,0.3204990163474494,0.5857949247246524,73.37358530122233,293.4549438737817,368.6765364689952
13.266666666666666,-2.6230755177679055,1.6253691219327249,3.0858305129163726,0.7342317301065272,1.5897475731577184e-16,0.35,2.231402526047943,0.14193157370773168,0.32164358797713943,0.5954923069999326,77.38315491508995,293.65030787873354,372.88147008781465
13.299999999999999,-2.639311773027727,1.607082814275835,3.0900941421231005,0.7330173108553585,1.588256939986985e-16,0.35,2.2300083079766972,0.1385532733702367,0.32756575333025517,0.605964139269997,81.56852228636943,293.8722448228026,377.2887744031632
13.333333333333334,-2.6554144609420782,1.5887327796834176,3.0943978096910723,0.7317949286435602,1.5935248756124375e-16,0.35,2.2286149610365036,0.1345232450830901,0.33251128591365264,0.6171502778797059,85.87078034553593,294.12025127366036,381.83903891318744
13.366666666666667,-2.671383026681015,1.5703199847205997,3.0987404101751284,0.7305647401638264,1.5956392680878729e-16,0.35,2.227222484683064,0.12990453058142215,0.33620233067282923,0.6289853929579885,90.23233005540503,294.39294252880205,386.47327987819824
13.4,-2.687216924511853,1.5518453973383255,3.1031208382244944,0.7293269030557653,1.6050833379451022e-16,0.35,2.225830878372422,0.12477256922457014,0.33846533971982573,0.6413988511143605,94.59804110633488,294.688151630619,391.13420003094507
13.433333333333334,-2.7029156177923537,1.5333099867798272,3.107537988901274,0.7280815758782648,1.6151705305363008e-16,0.35,2.22444014156096,0.11990224663283677,0.3392417932014036,0.6543148073063695,98.91626053448958,295.00305178329904,395.7673196117798
13.466666666666667,-2.7184785789623453,1.5147147234878757,3.111990757992074,0.7268289180819878,1.6240196588628025e-16,0.35,2.2230502737053994,0.12131052678059406,0.33858359847477315,0.6676525075118738,103.1396510146218,295.3342937415276,400.3219520501405
13.5,-2.7339052895337868,1.4960605790128303,3.116478042312672,0.7255690899820034,1.6295223292639787e-16,0.35,2.2216612742628032,0.12345898858235382,0.33663491614248,0.681326782853376,107.22585169842323,295.6781537733841,404.7520127657985
13.533333333333333,-2.749195240079316,1.4773485259215065,3.1209987400057075,0.7243022527305649,1.6336365769103957e-16,0.35,2.220273142690571,0.1295786497023046,0.34150887073526137,0.6952487036843106,111.13796240356743,296.0306879942612,409.0166576918198
13.566666666666666,-2.7643479302192895,1.4585795377068873,3.1255517508313484,0.7230285682900399,1.6395137491035713e-16,0.35,2.218885878446444,0.1343421770911024,0.3595912109475695,0.7093263563720911,114.84485880837391,296.3878865563531,413.0807526587182
13.6,-2.7793628686073424,1.4397545886986862,3.1301359764508887,0.7217481994060014,1.6426592436816797e-16,0.35,2.2174994809884994,0.13769693021603568,0.372140844392829,0.7234657041171991,118.32135172549593,296.7458187628113,416.91517778229843
13.633333333333333,-2.7942395729144978,1.420874653974791,3.1347503207032896,0.7204613095804863,1.6463391852645522e-16,0.35,2.2161139497751563,0.13960240155755255,0.3794158724403035,0.7375714947832315,121.54820652853478,297.1007596091232,420.4969734316491
13.666666666666666,-2.808977569811838,1.4019407092735994,3.13939368987462,0.7191680630454277,1.651705359260781e-16,0.35,2.2147292842651685,0.14001725735600423,0.3834708930225402,0.7515481824534568,124.51203901726363,297.4492902480479,423.80933655930266
13.7,-2.823576394951777,1.3829537309072635,3.144064992960418,0.7178686247362693,1.6551858798614572e-16,0.35,2.213345483917631,0.13889050361492028,0.3848782248115086,0.7653008345562532,127.2051020294734,297.7883688508111,426.8414781742756
13.733333333333333,-2.838035592947943,1.3639146956758632,3.1487631419209614,0.7165631602657654,1.6583165015409567e-16,0.35,2.211962548191976,0.13615825529619674,0.3803008020044275,0.7787360022760946,129.6249742123354,298.11537290416777,429.5883544104943
13.766666666666666,-2.8523547173537054,1.344824580782519,3.1534870519294693,0.7152518358979733,1.6633252731969691e-16,0.35,2.2105804765479724,0.13279701349762685,0.3697774756432962,0.791762537994667,131.77415991478713,298.428117632399,432.05028484117724
13.799999999999999,-2.8665333306393754,1.3256843637494646,3.1582356416132558,0.7139348185224434,1.66902047386018e-16,0.35,2.209199268445728,0.13181308215859056,0.3532966726980852,0.8042923491705765,133.65960806952597,298.72485696299543,434.23247232651255
13.833333333333334,-2.8805710041680954,1.3064950223350886,3.1630078332878586,0.7126122756286133,1.6714855199404323e-16,0.35,2.2078189233456866,0.1291513537488671,0.3308097014955309,0.8162410829849321,135.29215840897538,299.0042730925853,436.1444387955519
13.866666666666667,-2.894467318170448,1.287257534451961,3.167802553184173,0.7112843752804068,1.6783250832961486e-16,0.35,2.20643944070863,0.124832075931256,0.30424389268421737,0.8275287400605476,136.6859249926085,299.26545886942205,437.79939115602167
13.9,-2.9082218617178146,1.2679728780858595,3.172618731668646,0.7099512860910459,1.684467528613596e-16,0.35,2.2050608199956763,0.12655196135544622,0.2996655736700127,0.8380802186122733,137.85762908617536,299.50789496782687,439.21353134799335
13.933333333333334,-2.921834232694502,1.2486420312158044,3.1774553034565565,0.7086131771980787,1.6914096183034243e-16,0.35,2.2036830606682822,0.12994556766977883,0.29238829806657574,0.8478257926765286,138.825895194042,299.7314223114248,440.40532479945796
13.966666666666667,-2.9353040377686717,1.2292659717351166,3.182311207818454,0.7072702182386236,1.6946422585251942e-16,0.35,2.2023061621882367,0.13253454849447288,0.28259715901616944,0.8567015298498483,139.6105249245357,299.9362102115013,441.39474243002815
14.0,-2.9486308923620923,1.2098456773735078,3.1871853887797976,0.7059225793248389,1.6974674617566131e-16,0.35,2.2009301240176704,0.1342109815204533,0.2705585788718733,0.8646496554479024,140.23176299669666,300.1227224409722,442.20249273166
