t,energy,barycenter_x,barycenter_y,mercury_x,mercury_y,mercury_r,mercury_angle,mercury_peri_angle,mercury_Keff,mercury_deltaC,mercury_state,venus_x,venus_y,venus_r,venus_angle,venus_peri_angle,venus_Keff,venus_deltaC,venus_state,earth_x,earth_y,earth_r,earth_angle,earth_peri_angle,earth_Keff,earth_deltaC,earth_state,mars_x,mars_y,mars_r,mars_angle,mars_peri_angle,mars_Keff,mars_deltaC,mars_state,jupiter_x,jupiter_y,jupiter_r,jupiter_angle,jupiter_peri_angle,jupiter_Keff,jupiter_deltaC,jupiter_state
0.0,-0.0037536188042332852,0.004731690644025039,0.0,0.30749903826,0.0,0.30749903826,0.0,0.0,1.000000000000968,0.0,0,0.718433595696,0.0,0.718433595696,0.0,0.0,1.0,0.0,0,0.98329,0.0,0.98329,0.0,0.0,1.0000000000000244,0.0,0,1.3813658577210002,0.0,1.3813658577210002,0.0,0.0,1.0,0.0,0,4.9502843052,0.0,4.9502843052,0.0,0.0,1.000000000000162,0.0,0
0.02,-0.0037536188046298396,0.004731690644021873,-1.06284338968754e-15,0.22962661764674774,0.2278897027972435,0.3235544452298683,0.781725601354519,-5.763644221519757e-06,1.0000005530746146,3.6871576448631376,1,0.7031924149354242,0.14770495847249848,0.7185487819097195,0.20711571813365223,-0.0006756377850748807,1.0000000457373974,0.30491598267116554,1,0.9751357887252092,0.1274280224913078,0.9834333988394641,0.12999747630244995,0.0001458941212024287,1.0000000178413295,0.11894203401343094,0,1.3772310786620083,0.11168927632066811,1.3817566384154165,0.08096035337013266,-3.3780157288692345e-06,1.0000000064344314,0.04289620968599306,0,4.949962103480752,0.0578597290868349,4.950300522817243,0.011699716445516971,0.00027158097799352714,1.0000000001399882,0.0009321738468520663,0
0.04,-0.0037536188062294454,0.00473169064400625,-1.2563436619164592e-14,0.046947823401901324,0.35804230572194307,0.3612181032757492,1.4404610037339858,-9.929530153398598e-06,1.0000009181074296,6.120709745373664,1,0.6581295802966644,0.2891441807445486,0.7188892278066604,0.41409933089464773,-0.0013758595179341987,1.0000000862583371,0.5750555810241488,1,0.9508154470708032,0.2527428391616895,0.9838611311563971,0.2599193896139805,0.000261402812043699,1.0000000336490982,0.22432715810008297,1,1.364858475038704,0.22271027688902897,1.3829259916453076,0.16182927256081636,-1.0795279005334226e-05,1.0000000121301953,0.08086796826809119,0,4.948995546682164,0.11571191925618912,4.950349182921327,0.02339927222448988,0.0005363962695200849,1.000000000264,0.001758919203987397,0
0.060000000000000005,-0.003753618808162304,0.0047316906439807205,-4.456675371626584e-14,-0.15498063054904992,0.37167637024398553,0.40285021996336934,1.9656994246559727,-1.0334461435760703e-05,1.000001118713928,7.45808640020312,1,0.5851949457722658,0.41833481274265716,0.7194398959311031,0.6208250524086939,-0.002083213940333494,1.000000122111033,0.8140735530285279,1,0.9107526300137353,0.37387168669007836,0.9845658226353833,0.3896916472562657,0.00033367258616233636,1.0000000476379247,0.3175860020298367,1,1.3443427046256726,0.33240208666848303,1.3848649890337745,0.2425164858471302,-2.393765656614961e-05,1.000000017160043,0.11440028569604538,0,4.947384779864934,0.17354903300998742,4.950430296485678,0.03509850935310141,0.0007936609570589428,1.000000000373983,0.0024921394100278593,0
0.08,-0.0037536188096854318,0.004731690643952051,-9.921306397958629e-14,-0.3219461357457134,0.2956734125988623,0.43727379364847235,2.398339761171492,-8.3993914936942e-06,1.0000012198295043,8.132190242842157,1,0.4875329121968746,0.5298440002808842,0.7201766664187148,0.8271792215220528,-0.002759467397014128,1.0000001537859742,1.0252398285224562,1,0.8556428373015872,0.48882155189350246,0.9855352960874726,0.5192430875122621,0.0003616905528778564,1.0000000599989514,0.39999284688843867,1,1.3158397434268256,0.4401183239374061,1.3875588964381989,0.32293400612236633,-4.34298525775231e-05,1.0000000215888347,0.14392556501812034,0,4.945130044744333,0.23136353569188395,4.950543867553796,0.046797271596151636,0.0010441499810709108,1.0000000004715208,0.0031423918141230273,0
0.1,-0.0037536188106190947,0.00473169064392492,-1.7508883882674797e-13,-0.4292553670223468,0.16336150609812422,0.45939803155665393,2.777386489471158,-6.5730772067400115e-06,1.0000012686372157,8.45757498616025,1,0.3693318591128601,0.619025912870028,0.7210675819343499,1.0330652854175273,-0.003366043847752904,1.0000001817239836,1.2114932241101877,1,0.7864379894727835,0.5957162396264121,0.9867528164665094,0.6485068799554013,0.00035004901079725226,1.0000000709026944,0.4726844668424063,1,1.2795642797648248,0.5452339432673199,1.3909874120652832,0.402997190200549,-6.959099456752293e-05,1.0000000254745682,0.16983045458133014,1,4.942231679616828,0.2891478969115879,4.950689893293521,0.058495403344787616,0.001287926444936458,1.000000000558018,0.0037190399849393718,0
0.12000000000000001,-0.003753618810972344,0.004731690643902414,-2.703129603834342e-13,-0.46718373553940534,0.004119550266357614,0.46721823820989455,3.1320579453121704,-5.9207138741427505e-06,1.0000012943244347,8.628823112844193,1,0.2356274066011897,0.6822169519241963,0.7220743903840241,1.2384077933238602,-0.0038724864231047458,1.0000002063230813,1.3754872087642889,1,0.7043256777750347,0.6928302083885173,0.9881974593939121,0.7774217963080792,0.0003064832724986378,1.0000000805015725,0.5366769877244258,1,1.2357862049417705,0.6471515045575874,1.3951249960244443,0.4826257070252504,-0.00010243017979168303,1.0000000288692708,0.1924618054753947,1,4.938690119261464,0.3468945919699852,4.950868365954501,0.07019274941141838,0.0015246176960454047,1.0000000006347205,0.004230388704981054,0
0.14,-0.0037536188107515547,0.004731690643887228,-3.828836119684764e-13,-0.4331405725284438,-0.1558196403538575,0.46020044360699774,-2.797075735416712,-6.095459668085688e-06,1.0000013168249267,8.778826391741386,1,0.0920716481405375,0.7168807900242676,0.7231543102678912,1.44315526965162,-0.004261102915487953,1.0000002279442404,1.5196282685852955,1,0.6107038349300502,0.7786183544052949,0.9898445720432539,0.9059333055358,0.00024049292949358423,1.0000000889321634,0.5928809271568809,1,1.1848263244685402,0.745306769961114,1.399941277275776,0.561744386983167,-0.00014159747399311286,1.0000000318197773,0.21213184908083474,1,4.934505894817147,0.4045961032841115,4.951079273674406,0.0818891551656503,0.0017538641407953185,1.0000000007027325,0.004683803696675339,0
0.16,-0.0037536188098933722,0.004731690643882049,-5.099721101138599e-13,-0.32943225489256905,-0.29031188203093006,0.43882021122150994,-2.4200315508063666,-6.253320146998964e-06,1.0000013537229313,9.02481308943758,1,-0.05531840369855147,0.7216985907859985,0.7242619337167014,1.6472818928618647,-0.004529088206905302,1.0000002469160985,1.6461073231109498,1,0.5071517035197677,0.8517411257681968,0.9916663003728974,1.0339944702488935,0.00016234558169237937,1.0000000963171802,0.6421143718453464,1,1.1270514347709033,0.8391735225986808,1.4054015229984047,0.6402839326677604,-0.00018637055774588322,1.0000000343684012,0.22912267518991453,1,4.9296796336367565,0.46224492181071414,4.951322600358565,0.09358446672375417,0.001975609657667413,1.0000000007630347,0.005085817808350401,0
0.18000000000000002,-0.0037536188082350616,0.004731690643888989,-6.468637474624228e-13,-0.16525643752000502,-0.3702096257414877,0.4049737829967014,-1.9912107606538494,-6.014690646433632e-06,1.0000014263465724,9.508970697364171,1,-0.20041998810690306,0.6966033521638509,0.7253511747240265,1.8507879829107228,-0.004687091718250592,1.0000002635387366,1.75692491098812,1,0.39539805426085206,0.9110845606243725,0.993632162088383,1.1615666342615223,8.248890389549276e-05,1.000000102767181,0.6851143765682163,1,1.0628689234959705,0.9282675358734769,1.4114671540736454,0.7181814797437062,-0.0002356248688544685,1.0000000365535113,0.24369007520023858,1,4.92421205911842,0.519833548467055,4.951598324879081,0.10527853112671674,0.002190370808400359,1.000000000816496,0.005442225193067958,0
0.2,-0.0037536188055596947,0.0047316906439074415,-7.859455274095151e-13,0.0358346120262044,-0.36230572230573355,0.3635167915570254,-1.472156784112338,-5.65852718929767e-06,1.0000015660715467,10.440470525137766,1,-0.33725924594293766,0.6427604339679038,0.7263771746027687,2.053699369522771,-0.004753915848184294,1.000000278086655,1.8539110333415416,1,0.27728762541856494,0.9557750553711344,0.9957096472192587,1.2886198999172844,1.1584073257518068e-05,1.0000001083820376,0.7225467542248304,1,0.9927210564017658,1.0121496574405613,1.4180962899215088,0.7953810039218834,-0.0002877500955332322,1.0000000384100218,0.2560668126906874,1,4.918103990513747,0.5773544955478238,4.951906419377083,0.11697119645450685,0.0023996098180767544,1.0000000008638867,0.005758164839178274,0
0.22,-0.0037536188020778124,0.004731690643928926,-9.177480823907569e-13,0.2216082351017817,-0.2386765975553749,0.3252178223425912,-0.8212817806177921,-4.3544197947928e-06,1.0000018117517993,12.078338875339258,1,-0.46025090546059794,0.5624987436731596,0.7272980884290913,2.2560657640654624,-0.004749326630777413,1.0000002908110872,1.9387405815575034,1,0.15474672288184535,0.9851888675049052,0.9978648290281223,1.415133401253461,-3.9493132456596455e-05,1.0000001132521916,0.7550144480280568,1,0.9170791105829852,1.0904280053898767,1.4252443058995337,0.8718335761415785,-0.0003406988393119393,1.000000039969808,0.26646538540351816,1,4.911356342712597,0.6348002881374315,4.952246846261776,0.12866231162123118,0.002605860896647199,1.0000000009058914,0.006038194656489303,0
0.24000000000000002,-0.0037536187999138394,0.004731690643931384,-1.0413808487416687e-12,0.30730413323476247,-0.014199572496901323,0.30755167224455254,-0.04402049417146029,8.143096245565681e-07,1.0000021570305877,14.380197464998675,1,-0.564414587304066,0.4591986809724771,0.7280766894716793,2.4579582862573233,-0.004694887293653016,1.000000301941785,2.012945232149602,1,0.02974884696548562,0.9989565319686907,1.000062968329067,1.5410953834935524,-6.473626234963046e-05,1.0000001174597253,0.7830646728489205,1,0.836437503496745,1.1627593042564557,1.4328643880062493,0.9474974716284918,-0.00039317765694432184,1.0000000412620516,0.27508034333732767,1,4.903970126004479,0.6921634655173771,4.952619556235426,0.14035172520448888,0.0028103355254939523,1.0000000009431156,0.006286357183572812,0
0.26,-0.0037536188022463095,0.004731690643894357,-1.1834195732737807e-12,0.23743324881916045,0.21678998512828596,0.32195837849429937,0.7417559339296356,7.107395290411869e-06,1.0000024705429738,16.47028003836037,1,-0.6455613732991272,0.33714382715567637,0.7286817431768049,2.659466300007531,-0.004627779314058484,1.0000003116883902,2.0779226012793193,1,-0.09571889254874368,0.996962511653171,1.0022691010777636,1.6665031001780066,-7.34031142120975e-05,1.0000001210792744,0.8071950000580018,1,0.7513080513943544,1.2288494138493464,1.4409080791465696,1.0223381424576874,-0.0004464915229425953,1.0000000423135338,0.2820902250593158,1,4.89594644581764,0.7494365825678954,4.953024496747652,0.1520392839771772,0.003008555012934216,1.0000000009760979,0.006506237863341449,0
0.28,-0.0037536188076739254,0.004731690643833205,-1.380716721510744e-12,0.058119468429007726,0.35342887411397533,0.3589286060509985,1.4083459692736098,9.419354114386122e-06,1.0000026264199624,17.509459963122975,1,-0.7004461522032372,0.2013436491110962,0.7290891276077706,2.8606937092060902,-0.004581957601977891,1.0000003202414995,2.1349433302310383,1,-0.21968793607669737,0.9793405081885131,1.0044486103587036,1.791362555119039,-7.764051707821484e-05,1.0000001241788055,0.8278585396894407,1,0.662214471157272,1.2884531239045496,1.4493258140449987,1.096328078796124,-0.0005015684439798258,1.0000000431488754,0.2876591690138927,1,4.887286502435007,0.8066122111615728,4.953461624678713,0.16372483486571296,0.0031964614514830717,1.0000000010053145,0.006701016737627096,0
0.3,-0.003753618812740449,0.004731690643785031,-1.6411520580017491e-12,-0.14449102426783653,0.37288577695104297,0.4007018209726643,1.9399076239722368,9.680586562776866e-06,1.000002639363561,17.595750620728886,1,-0.7268827949697672,0.05733435899147027,0.729282684593843,3.06175487812421,-0.0045606469381669155,1.0000003277734957,2.185156638361903,1,-0.3402385050480033,0.946464927996933,1.0065677643291433,1.915688128059533,-7.694973746891169e-05,1.0000001268202765,0.8454683470319809,1,0.5696872178607225,1.3413733014082612,1.4580674133854739,1.1694465814599824,-0.0005566006083428557,1.000000043790739,0.29193826016937036,1,4.877991590683295,0.8636829415487668,4.953930898216172,0.17540822787308086,0.003376323252467933,1.0000000010311891,0.006873514301119966,0
0.32,-0.0037536188161974597,0.004731690643776223,-1.9492553187880346e-12,-0.31417972142493705,0.3008801500058257,0.4356877444242677,2.3764899876529526,9.350926530829688e-06,1.0000025716387735,17.144252037124478,1,-0.7238203746690718,-0.0890352706776332,0.7292547750687123,-3.020414999668621,-0.00455097501689359,1.0000003344392165,2.2295947769919024,1,-0.45552753250924377,0.8989390324838501,1.0085942020836534,2.0395020924062846,-6.770813026600844e-05,1.0000001290602014,0.860401180041677,1,0.4742587273762216,1.3874594852402784,1.4670825263196159,1.2416794482400135,-0.0006094164083493407,1.0000000442599997,0.29506666497391504,1,4.868063099596425,0.9206413837368829,4.954432264975276,0.18708931539815718,0.003551816382143614,1.0000000010540968,0.007026232161476942,0
0.34,-0.0037536188181064543,0.00473169064381854,-2.2848216374438124e-12,-0.42506523430579646,0.17083632707380386,0.45855062373423516,2.7576297081363172,8.800521520014045e-06,1.0000024691274287,16.46084307246785,1,-0.6913794619581053,-0.23182671080817588,0.7290065331398907,-2.819323141451141,-0.004537248017994598,1.00000034037651,2.2691767339389015,1,-0.5638140447438958,0.837580302492857,1.0104973738034098,2.162834037740536,-4.97311927357711e-05,1.0000001309501398,0.873000769728075,1,0.37645911126068865,1.4266060267098721,1.4763210334931476,1.3130185927195739,-0.0006584809580581941,1.0000000445758879,0.297172586392636,1,4.857502512055882,0.9774801688625328,4.954965660934613,0.1987679508858141,0.0037255709415875225,1.0000000010743704,0.007161389100559034,0
0.36000000000000004,-0.0037536188187473236,0.004731690643915262,-2.6295619327820763e-12,-0.4668733318339259,0.012369424045691926,0.4671723725632701,3.112993888396117,7.765735786036948e-06,1.000002359552051,15.730340555278834,1,-0.6308480864479897,-0.365236940821243,0.7285478219670294,-2.6180355262976356,-0.00450522202554359,1.0000003457067197,2.304711463957992,1,-0.6634818557840038,0.7634035232692871,1.0122489342719567,2.2857202253642717,-2.4975982644886278e-05,1.0000001325371242,0.883580664937294,1,0.276812331565815,1.4587498735845112,1.4857334085664133,1.3834616191816587,-0.000702726967905017,1.000000044756112,0.29837407918042885,1,4.846311404407642,1.0341919505549388,4.955531012459486,0.21044398834534284,0.003899454174967835,1.0000000010923051,0.0072809530612500525,0
0.38,-0.00375361881830129,0.004731690644065242,-2.9675088341479805e-12,-0.43672299951021065,-0.148189232111284,0.46095915888064115,-2.816688429006577,5.5756847183474e-06,1.0000022611950667,15.07462732635941,1,-0.5446373861529828,-0.4838200947734968,0.7278968920449043,-2.4164401073571904,-0.0044454909978926035,1.0000003505351314,2.3369008756186265,1,-0.7530595292727281,0.6776020578326785,1.0138230886980935,2.4082028992188373,4.4890673694585045e-06,1.0000001338640256,0.8924266744617806,1,0.17583286521410532,1.483868090044099,1.4952710339382316,1.4530113700561575,-0.0007413549065177293,1.000000044816964,0.29877975985178956,1,4.834491446054775,1.0907694062900932,4.956128237622911,0.22211728227936967,0.004074996450415171,1.0000000011081625,0.0073866695186205625,0
0.4,-0.003753618816798374,0.004731690644264484,-3.283977690476947e-12,-0.33664237670013314,-0.2847744353590846,0.44032927787664194,-2.441561687933261,2.7777411575727114e-06,1.0000021898751021,14.59916089441107,1,-0.43619741741541873,-0.5826992721200648,0.7270797452472901,-2.214436384704584,-0.004357603558372197,1.0000003549514154,2.3663427685668275,1,-0.831237631661428,0.5815277233870416,1.0151968920996606,2.5303295661109684,3.7255124348053835e-05,1.0000001349698757,0.8997990088374761,1,0.07402285232562596,1.501975197689001,1.504886470336583,1.52167545956063,-0.0007737101890330411,1.0000000447734154,0.2984894353980009,1,4.822044399025672,1.147205238735438,4.956757246758534,0.23378768771901984,0.004253638841195218,1.000000001122175,0.007480086643087997,0
0.42000000000000004,-0.0037536188141220044,0.00473169064450596,-3.5643471681112704e-12,-0.1753241303031346,-0.3684654045652903,0.40707496878729166,-2.0164472311247654,3.107179513754375e-06,1.0000021650078428,14.433379165511642,1,-0.309894210745124,-0.657761986238199,0.7261292151763152,-2.0119393774817085,-0.004252052220213049,1.00000035903008,2.393533867107785,1,-0.896883351405035,0.47666962326908036,1.016350503164535,2.652152256377461,7.305429626465647e-05,1.000000135890152,0.9059341833131427,1,-0.02813028925104329,1.5131204137441274,1.5145336820324238,1.5894658055859556,-0.0007991557821814866,1.0000000446392006,0.2975946701484148,1,4.808972117517994,1.2034921770847729,4.957417942437566,0.2454550602913269,0.004436961438992528,1.0000000011345487,0.007562577618123795,0
0.44,-0.003753618810113015,0.0047316906447774166,-3.793199478477338e-12,0.024775305535284446,-0.36619888643559073,0.36582573390422296,-1.5034489302994996,8.451806601729682e-06,1.0000022159325486,14.772877204683704,1,-0.17085005684375676,-0.7058323342933339,0.7250837819558491,-1.8088831788332818,-0.00413861639488076,1.0000003628310081,2.4188733876455015,1,-0.949052590897765,0.3646322243661779,1.017267394432767,2.773726774276561,0.00011343162444564875,1.0000001366570315,0.9110467136551043,1,-0.13015581019522945,1.5173848525740707,1.5241682202686162,1.6563981701204509,-0.0008168563047359084,1.000000044426896,0.2961793061550757,1,4.795276547418607,1.2596229783830788,4.958110218625061,0.2571192562786997,0.004627014179176625,1.0000000011454662,0.007635360434310683,0
0.46,-0.0037536188051903382,0.004731690645055837,-3.956274977762186e-12,0.21337445290009094,-0.24912288479905143,0.32694707492299213,-0.8604358442962029,1.4661405035357317e-05,1.0000023805128804,15.870079415930503,1,-0.024750260423996417,-0.7248126465710052,0.7239861326034122,-1.6052239563349764,-0.0040186241685065925,1.0000003664001653,2.44266776849232,1,-0.9869996521105575,0.2471129100451597,1.0179345212040145,2.8951119454376855,0.00016230780756990194,1.0000001372996192,0.9153306320056694,1,-0.23160117033019487,1.5148787462541309,1.5337473672609774,1.7224917166385327,-0.0008255669543131632,1.0000000441479924,0.294319948724249,1,4.780959725799653,1.3155904288410682,4.958833958406496,0.268780132450573,0.004826377709695607,1.0000000011550894,0.007699515444734281,0
0.48000000000000004,-0.003753618802025338,0.0047316906453022224,-4.053434020725999e-12,0.30670127550289494,-0.028362795760235447,0.3077089832163396,-0.08803537113031437,2.2736704690474214e-05,1.0000026564382856,17.709582118384155,1,0.12237877895942245,-0.7137873248504824,0.722881496864386,-1.4009422140964634,-0.0039027949142512604,1.0000003697703965,2.4651359769275922,1,-1.0101846358731672,0.1258791842877419,1.018342449643714,3.016368867231155,0.0002231848466491802,1.0000001378441512,0.9189608453167087,1,-0.3320332113722887,1.505738729752794,1.543230241541716,1.7877685897317497,-0.0008245531888335852,1.000000043812964,0.29208642560958514,1,4.766023780391439,1.3713873451395981,4.959589031817981,0.28043754498159185,0.00503568258391467,1.0000000011635621,0.007756000932567069,0
0.5,-0.0037536188043713614,0.00473169064548112,-4.1200387285861284e-12,0.24499631295050592,0.20540059563503832,0.32043170796718407,0.7013643779211376,3.1569658719179804e-05,1.0000029173925689,19.449277339345088,1,0.26441334947648804,-0.6730819950404174,0.721815827950165,-1.1960441464145715,-0.003825714882471737,1.0000003729623819,2.4864158784141113,1,-1.0182786612101729,0.0027456565475123314,1.0184854400671692,3.1375601610449917,0.0002914052019488895,1.0000001383141777,0.9220943547268198,1,-0.43103900176478177,1.4901252266472687,1.5525778695736703,1.8522535163397051,-0.0008162859448211249,1.0000000434313339,0.28954222579156474,1,4.750470929033945,1.4270065757240462,4.960375303230204,0.29209134768834405,0.005249177667533846,1.0000000011710122,0.007805666913355128,0
0.52,-0.003753618810512546,0.0047316906456010615,-4.205431575893259e-12,0.06932304228212316,0.3484762907740951,0.35665024974453713,1.3757891644510019,3.455234995678383e-05,1.000003030435815,20.202898981029353,1,0.3953891774464048,-0.6042721315793873,0.7208338840873075,-0.990561958999101,-0.0038188082857143024,1.0000003759858533,2.50657235625905,1,-1.0111669878160996,-0.12044909932483698,1.0183614925347022,-3.0244360918919315,0.0003602558182244447,1.000000138730727,0.9248713503558863,1,-0.5282263941073203,1.4682199625240835,1.5617532431401204,1.9159734331054283,-0.0008043438757759034,1.0000000430117382,0.2867449208014823,1,4.734303479108274,1.4824410020868644,4.961192646493934,0.3037413933785992,0.005461241638831116,1.0000000011775523,0.007849267380547838,0
0.54,-0.003753618816290759,0.0047316906456976796,-4.326067282178769e-12,-0.13380722744476425,0.3738467440774215,0.3985298094980562,1.9138110458887512,3.358121424758818e-05,1.0000030033582832,20.022382102266036,1,0.5097602709565691,-0.51013711863445,0.7199772876034594,-0.7845530684288303,-0.003876723442176185,1.0000003788410652,2.5256071014023607,1,-0.9889500946736459,-0.24186574364523786,1.017972371370722,-2.903185878091823,0.0004319727541147745,1.0000001391124527,0.9274161884387545,1,-0.6232243349666418,1.440223625554452,1.570721360419998,1.9789571558480812,-0.0007893141549184189,1.0000000425619855,0.2837465693243599,1,4.717523826945401,1.5376835400368847,4.962040940916041,0.3153875371117707,0.005672757208425883,1.0000000011832828,0.007887471172653121,0
0.56,-0.0037536188202152926,0.004731690645795136,-4.472100207514318e-12,-0.3061497974142362,0.30594186454427913,0.4340627869499235,2.35445869458166,3.238929489200944e-05,1.000002897698404,19.317982906031503,1,0.6026474045025053,-0.3945583056275705,0.7192826641616763,-0.5780981101385974,-0.003975263091720841,1.0000003815204999,2.543469998746888,1,-0.9519427338486208,-0.3596873712694951,1.0173235947766803,-2.7818118383044674,0.000511765486665573,1.0000001394757627,0.9298382558662439,1,-0.7156829650053529,1.4063536870461908,1.579449233231259,2.0412350844176808,-0.0007706669791250444,1.0000000420891162,0.28059410757673475,1,4.700134457212413,1.5927271409575143,4.962920059401208,0.32702963609274854,0.005885736848776055,1.0000000011882928,0.007920871602425378,0
0.5800000000000001,-0.003753618822376458,0.0047316906459019,-4.629528097682689e-12,-0.42058676098520703,0.17825400238144165,0.45765862221325976,2.7377824360313325,3.150755162420167e-05,1.0000027599300383,18.39952713608858,1,0.6700629532872715,-0.26236286898246075,0.7187799533422938,-0.37129775616245875,-0.0040893612563635785,1.0000003840107905,2.5600719366218936,1,-0.900670942852853,-0.4721426584005392,1.0164243811533125,-2.6602527825107387,0.0006031810580921481,1.000000139834934,0.9322327311737809,1,-0.8052735447819925,1.3668423888241,1.587905873853659,2.1028389333539494,-0.0007483587257618178,1.0000000415994594,0.2773297288873443,1,4.682137942280072,1.647564793053997,4.963829866720153,0.3386675484361698,0.006100733244346509,1.0000000011926613,0.00794999499189694,0
0.6,-0.0037536188231229164,0.004731690646018496,-4.787740299702636e-12,-0.4662699312903033,0.020638583940072466,0.4670809011148682,3.0939121365853746,3.041192048822601e-05,1.00000261801051,17.453396946484744,1,0.7090989710536956,-0.11911894869271794,0.7184909843377019,-0.16426844613171696,-0.004201068783874811,1.0000003862948026,2.575298683890671,1,-0.8358669644393286,-0.5775288884005021,1.0152875579128937,-2.538449745986654,0.0007079454142321371,1.0000001402022118,0.9346812500564209,1,-0.8916882388845702,1.3219348994405427,1.5960622717627482,2.1638014913301813,-0.0007228243814947128,1.0000000410986876,0.27399125015615866,1,4.663536941572856,1.7021895225877242,4.964770221757742,0.35030113271703706,0.006317316266520074,1.0000000011964583,0.007975308244374845,0
0.62,-0.0037536188226861824,0.004731690646142601,-4.939523399680179e-12,-0.44002074566576505,-0.14046463547413243,0.46167434136971824,-2.8362488998730453,2.919280569911564e-05,1.0000024900740179,16.600486999973274,1,0.7180667886018576,0.029108798341089648,0.7184284076328191,0.04286277995343442,-0.004305117288664093,1.0000003883537942,2.589025295308037,1,-0.7584619922864465,-0.6742347650910019,1.0139294336001208,-2.416346740767572,0.0008263536917964875,1.0000001405878967,0.9372524814698034,1,-0.9746397881685009,1.271887637721803,1.6038913615819486,2.224156410416861,-0.0006947258819308566,1.0000000405918692,0.2706124615800028,1,4.644334200901087,1.7565943950959877,4.96574097930839,0.3619302479948486,0.006534674242805902,1.0000000011997459,0.00799722556298766,0
0.64,-0.0037536188211255463,0.004731690646271015,-5.079350568620855e-12,-0.3435939794983853,-0.2790594829138043,0.4418006363790668,-2.4629573485721696,2.9054279033361375e-05,1.0000023915062222,15.94336836163984,1,0.6965789979244739,0.1760308533619453,0.7185950563641523,0.24996408113750232,-0.00441016003820659,1.000000390169554,2.6011303601284568,1,-0.6695766374886634,-0.7607628866782264,1.0123696313457486,-2.2938915067668355,0.0009575360812967134,1.0000001410004171,0.9400026185172443,1,-1.0538610965860236,1.216966759343608,1.6113679836429136,2.2839380234904043,-0.0006647817554365169,1.0000000400835192,0.2672234605344999,1,4.624532551774539,1.810772516595868,4.966741991028602,0.3735547539911069,0.006751997777205706,1.0000000012025791,0.00801611441305696,0
0.66,-0.0037536188183389238,0.004731690646399589,-5.201520854661301e-12,-0.1851973743948418,-0.366446435062219,0.40915164436326806,-2.0414391173389537,3.1739576397795584e-05,1.0000023409973544,15.606642576377043,1,0.645568290254212,0.3154169796191208,0.7189837857614416,0.4569049186433104,-0.004532903104190906,1.0000003917263995,2.611509330220497,1,-0.5705089969807987,-0.8357517079010701,1.0106308817439953,-2.17103625894991,0.0011002194177471027,1.0000001414463937,0.9429757955845491,1,-1.1291047559017313,1.157446799768567,1.618468839108677,2.343181187643313,-0.0006336237844667747,1.0000000395776456,0.2638509703145225,1,4.604134910696579,1.864717034771012,4.967773105673835,0.38517451132806163,0.0069688275593702284,1.0000000012050072,0.00803230081504844,0
0.68,-0.0037536188141709488,0.004731690646520861,-5.2987265183185306e-12,0.013765448725860677,-0.36972542326331315,0.36813935426987227,-1.5343637127133198,3.7129485658241755e-05,1.000002366893024,15.779280374728758,1,0.5672418655123773,0.4413770266723287,0.719577807418507,0.6635620992751722,-0.004686225514025256,1.0000003930129255,2.6200861701100333,1,-0.4627202032818157,-0.8979967632804462,1.0087387726617076,-2.0477384256966533,0.00125423375725083,1.0000001419306959,0.946204476083206,1,-1.2001425286580507,1.093609465196751,1.625172441633823,2.4019211516289705,-0.0006015861307318204,1.0000000390777966,0.2605186430726027,1,4.583144278437339,1.918421140140568,4.9688341683633315,0.3967893817902049,0.007185489973433174,1.000000001207073,0.008046074043723981,0
0.7000000000000001,-0.0037536188090260807,0.004731690646618282,-5.36347290365502e-12,0.20493041095828454,-0.2592207981776521,0.3287335576825018,-0.8991853157324344,4.365360142374851e-05,1.0000025068576894,16.712378143465994,1,0.4649745339090714,0.548622865547568,0.7203514990913349,0.8698253957701532,-0.004867688265853636,1.0000003940234004,2.626822669228794,1,-0.3478173467782317,-0.9464708640233324,1.0067214526449018,-1.9239613692679445,0.001420715036248701,1.000000142456498,0.9497098231530458,1,-1.2667648070138635,1.0257425620854608,1.6314590669411684,2.4601934458310035,-0.0005684278577835816,1.000000038587102,0.257247346307933,1,4.561563739284697,1.971878067210476,4.969925018121175,0.4083992284186192,0.007403231655779078,1.0000000012088157,0.00805769079822869,0
0.7200000000000001,-0.003753618805568424,0.00473169064666023,-5.4005261634210155e-12,0.3056838581435765,-0.04246476958395627,0.3079650681430958,-0.131996387279542,5.269756215249816e-05,1.0000027631023176,18.420675665453558,1,0.3431476650548332,0.6326975870625666,0.7212716349677821,1.0756024169006846,-0.005062427964887943,1.0000003947587408,2.631724938296053,1,-0.22753369243723737,-0.980342920939457,1.004609288693795,-1.799675072430716,0.0015973817758539624,1.0000001430253262,0.9535020115201623,1,-1.3287800625429205,0.954139055116956,1.6373106988796193,2.518033793295169,-0.0005337642580883994,1.000000038108315,0.2540554326607991,1,4.539396460272665,2.025081095608414,4.971045484479731,0.4200039147386271,0.00762171372252954,1.000000001210269,0.008067378897769059,0
0.74,-0.003753618807783443,0.004731690646618338,-5.449086928205338e-12,0.2522889470379569,0.19373708742663204,0.318974335019452,0.660601870150566,6.342810913440514e-05,1.0000030154729058,20.103146252959913,1,0.20694435250531124,0.6901608691174302,0.7222989559190203,1.2808224687950542,-0.005264948092632739,1.0000003952270278,2.6348468515926515,1,-0.10370616451848234,-0.9989949852674702,1.0024344774869194,-1.6748567710380708,0.0017686641570341332,1.0000001436371042,0.9575805324700999,1,-1.386014299768767,0.8790962431253175,1.642710968352113,2.57547803601138,-0.0004992931200117421,1.000000037643849,0.25095899320217424,1,4.5166456903892405,2.078023551204265,4.972195392220343,0.43160330293834875,0.007834289721041101,1.0000000012114632,0.00807534055053417,0
0.76,-0.0037536188141585177,0.004731690646509596,-5.5628800177398574e-12,0.08053212398039974,0.34318311671429924,0.3543852921460256,1.3428288924081322,6.890351818153207e-05,1.0000031251363757,20.834236052570873,1,0.06211325034517153,0.7187229016697528,0.723389985160643,1.485439256264743,-0.005467231990647799,1.0000003954435648,2.6362904314859374,1,0.021749857949147938,-1.0020370434816155,1.0002305995316019,-1.5494915217682195,0.0019161513724538736,1.0000001442902067,0.9619345480129146,1,-1.4383105241546537,0.800915042353194,1.6476450982277728,2.6325620685587756,-0.00046809575380687106,1.0000000371958142,0.2479720943928107,1,4.493314759767019,2.1306988072160014,4.973374576736437,0.4431972546480688,0.008034827613904161,1.0000000012124253,0.008081755249948868,0
0.78,-0.0037536188203008084,0.004731690646381304,-5.760224328771324e-12,-0.12294726918425657,0.3745502358405731,0.39633754493966017,1.8874419990959104,6.554988833867144e-05,1.0000030931671429,20.621107833701245,1,-0.08528560356307202,0.717322985873555,0.7244989749021563,1.6894323759564795,-0.0056348346919109305,1.0000003954304868,2.6362032460057296,1,0.14686830324673258,-0.9893190600750034,0.9980321280129083,-1.42357270040277,0.002035323086781297,1.0000001449815212,0.9665433125213096,1,-1.4855282335266886,0.7198993664811982,1.6520998674903289,2.6893217894660557,-0.00044102959158035177,1.0000000367660498,0.24510699820558865,1,4.469407078856303,2.1831002852988473,4.9745828827849925,0.45478563440615677,0.008224942582815352,1.0000000012131793,0.008086782349414874,0
0.8,-0.003753618824536187,0.0047316906462693785,-6.028707914829123e-12,-0.29786604129999905,0.31084825779952896,0.43240322104879475,2.3322720616199173,5.6948106012082465e-05,1.000002980687802,19.871245559545375,1,-0.2291399451237634,0.6861524537741351,0.7255798814675318,1.892807594632246,-0.005743105856817214,1.0000003952159993,2.634773327677599,1,0.26966248675501814,-0.9609397391764651,0.9958739093826664,-1.2971023941062456,0.0021269722347862017,1.0000001457065264,0.9713766800573334,1,-1.5275429404181617,0.6363555931337739,1.6560635724013397,2.7457930737217118,-0.0004175737275778678,1.0000000363561548,0.2423743654150802,1,4.444926137580003,2.2352214566186657,4.97582015159467,0.4663683101176512,0.008408047093765091,1.0000000012137467,0.00809056333972784,0
0.8200000000000001,-0.003753618826922881,0.004731690646192212,-6.3488255451493725e-12,-0.4158226339715204,0.18560652035465502,0.4567266629079413,2.7178629793730384,4.952292631027228e-05,1.00000283521733,18.901442414297595,1,-0.3635375865996503,0.626624528834147,0.7265882720320443,2.095595985406566,-0.005794901613211987,1.0000003948334104,2.6322227357356036,1,0.38815714565572296,-0.9172514772802156,0.9937906096606989,-1.1700916562440706,0.0021909730636789464,1.0000001464593826,0.9763957215883363,1,-1.564245731454115,0.5505921068766132,1.6595259815379726,2.8020117537193,-0.00039721186876672725,1.0000000359675165,0.23978344288288952,1,4.419875504473769,2.2870558429105303,4.977086216916624,0.47794515188402303,0.008586305486028368,1.0000000012141457,0.008093223862961066,0
0.8400000000000001,-0.0037536188278221696,0.0047316906461583085,-6.7026852818008464e-12,-0.4653709048370553,0.028923179755721833,0.466947767334802,3.0748226377673116,4.4361730402442614e-05,1.000002685372924,17.902479708170105,1,-0.483001836518818,0.5412960062624109,0.7274830836940858,2.2978520938930704,-0.005803074219709413,1.000000394319919,2.628799459774033,1,0.5004219339800993,-0.8588610107058884,0.9918161309893414,-1.0425606082237557,0.0022268834656009252,1.0000001472330462,0.9815534780408068,1,-1.5955428687024844,0.4629189090537241,1.6624782951586794,2.8580136061893353,-0.00037957950706099,1.0000000356013354,0.2373422357774026,1,4.394258825813074,2.3385970175208137,4.978380905988689,0.48951603143018946,0.008761103112561047,1.0000000012143935,0.008094875501112006,0
0.86,-0.00375361882748152,0.0047316906461713805,-7.07452109047213e-12,-0.4430273195975916,-0.13264507374192425,0.4623480946734306,-2.8557544346352044,4.080503029850487e-05,1.0000025495132554,16.99674858298895,1,-0.5827020585302729,0.4337471097819454,0.7282281926572305,2.4996512945525025,-0.005784312813175297,1.000000393715252,2.6247683469694874,1,0.6046057505202855,-0.7866253272006568,0.9899830117972344,-0.9145383702914455,0.0022352040754531877,1.000000148019405,0.9867958697325684,1,-1.6213554369161844,0.3736472851523899,1.6649131108058026,2.9138343461369147,-0.0003643429102444323,1.0000000352586498,0.2350576655295571,1,4.368079824726734,2.389838606431322,4.979704040542228,0.5010808219994494,0.008933634798689444,1.0000000012145047,0.008095617365636213,0
0.88,-0.0037536188259728693,0.004731690646232247,-7.44935970548033e-12,-0.35027720337490736,-0.27316213950526413,0.4432335927678151,-2.484220173769779,3.8658076957725086e-05,1.0000024429210062,16.286133588366344,1,-0.6586334263156253,0.3084266125352288,0.7287937489595963,2.7010864893425897,-0.0057546658627980725,1.000000393060278,2.620401853541328,1,0.6989711474596227,-0.7016425138458791,0.9883218245760456,-0.7860628041692346,0.0022181075718322864,1.0000001488094405,0.9920627746657614,1,-1.6416190398385546,0.28308952070886956,1.6668243945834447,2.969509627214956,-0.0003510930869421189,1.0000000349403568,0.23293571279211248,1,4.341342300296456,2.4407742892649225,4.981055437171719,0.5126393984020824,0.009105220300824432,1.0000000012144927,0.008095537508918388,0
0.9,-0.0037536188232033026,0.004731690646338699,-7.811578640881667e-12,-0.19486178333841123,-0.36414396318105535,0.41119985338760684,-2.066187331874805,3.7920988706322864e-05,1.0000023838584808,15.892383419373267,1,-0.7077617445465525,0.17046948696871358,0.7291572445249574,2.902264306363619,-0.0057242644543961255,1.000000392395635,2.6159709008583922,1,0.7819279619209917,-0.6052373526518375,0.986860586047353,-0.6571800557735198,0.002179853120999151,1.0000001495934163,0.997289278767839,1,-1.6562835481919176,0.19155865721979767,1.6682074581812278,3.025075047325746,-0.0003392414091004636,1.0000000346472318,0.2309815452923387,1,4.314050126642319,2.491397800272321,4.982434907162853,0.5241916371207584,0.009277563162126214,1.0000000012143693,0.008094714177029866,0
0.92,-0.0037536188190156394,0.00473169064648323,-8.143858851172858e-12,0.002826366445955752,-0.3728694176047724,0.3704505487363821,-1.5648917432295806,3.81853979244896e-05,1.0000023999337184,15.999551670901754,1,-0.7281306659262156,0.025494158362185073,0.7293042966006233,3.103300943159865,-0.005693266396611451,1.0000003917604148,2.6117360985292613,1,0.852065237094386,-0.4989416470513368,0.9856241954569206,-0.5279438934959998,0.0021271737721762596,1.000000150361088,1.002407090446759,1,-1.665312901259566,0.09936828005262073,1.6690589420606488,3.0805661581395722,-0.00032789907851368697,1.0000000343799453,0.2291996351270123,1,4.286207251994224,2.541702929299827,4.98384225555053,0.5357374164487365,0.009453100301176362,1.0000000012141446,0.008093216921459596,0
0.9400000000000001,-0.003753618813763014,0.004731690646647397,-8.428815371358533e-12,0.19630103292766823,-0.26893617408643417,0.33056877413884345,-0.9374893125551753,3.958400567051288e-05,1.0000025287176375,16.858111130515567,1,-0.7189297165604261,-0.12061392670540406,0.729229137436862,-2.97886752449174,-0.005650562424480756,1.0000003911909319,2.6079395451297205,1,0.9081804645368099,-0.3844694594349254,0.9846339173616878,-0.3984148462904925,0.0020694848693990986,1.0000001511019394,1.0073460991728618,1,-1.6686849630493743,0.006832330594554724,1.669376804853674,3.1360184777340314,-0.0003158148723565952,1.0000000341390807,0.22759387155349667,1,4.257817697749417,2.5916835227379003,4.9852772785693285,0.5472766165173203,0.009635065217031237,1.0000000012138281,0.00809110758563306,0
0.9600000000000001,-0.0037536188099855936,0.0047316906467956225,-8.66117160630564e-12,0.30425648726236304,-0.05645009811273402,0.30831642656761965,-0.1758210234457044,4.518202489125775e-05,1.0000027767884136,18.511916304625235,1,-0.6805222922610205,-0.2619260675467006,0.7289348058723464,-2.7777484098872103,-0.0055814250018282364,1.0000003907196027,2.604797351543949,1,0.9493051931934032,-0.2636876509598355,0.9839069271436142,-0.268659155459691,0.0020158024997166835,1.0000001518054296,1.012036034477008,1,-1.6663914333770196,-0.08573506529855436,1.66916031687928,-3.091717800209019,-0.00030195322934124536,1.0000000339251502,0.2261676687334904,1,4.228885557516279,2.6413334844506005,4.986739759582168,0.5588091185433292,0.009824837347662627,1.0000000012134282,0.008088441179101234,0
0.9800000000000001,-0.0037536188118019176,0.00473169064689189,-8.870844597080874e-12,0.25928653332420093,0.18184471553138554,0.3175908264584983,0.6195392152208273,5.3417612065172166e-05,1.000003030637309,20.20424227503644,1,-0.6144333069344485,-0.3926952948727529,0.728433035419662,-2.5764087611035946,-0.005486592685184003,1.0000003903739485,2.602492990641812,1,0.9747261187390944,-0.13858232721511063,0.9834559414123992,-0.13874755983918508,0.001965562905354871,1.000000152461251,1.0164081766899777,1,-1.6584378142190752,-0.17801976070947317,1.6684100500886485,-3.0362365587966575,-0.00028709086458737624,1.000000033738609,0.2249240605016422,1,4.199414996145439,2.6906467766866866,4.9882294717686255,0.5703348027617728,0.01001661276370107,1.0000000012129522,0.008085266648313976,0
1.0,-0.003753618818037474,0.004731690646943121,-9.10651632227144e-12,0.09171812873731161,0.3375736157916672,0.3521408682274769,1.3095033257006106,5.53047688409616e-05,1.0000031462790993,20.975187543131238,1,-0.5232965950355845,-0.507576487786709,0.7277438377949429,-2.374738551730392,-0.005372644548542572,1.000000390175735,2.601171567492198,1,0.9840008855382164,-0.011221990496541746,0.9832889401726116,-0.008753935797930417,0.0019125720591481577,1.000000153059596,1.0203971451253453,1,-1.6448434319253784,-0.26970775086361903,1.6671278668642953,-2.980687589274741,-0.0002727117970047729,1.0000000335798667,0.2238657774552208,1,4.1694102487505695,2.739617420972174,4.989746193890387,0.5818535483780245,0.01020425375025854,1.0000000012124062,0.008081627559016834,0
1.02,-0.0037536188242076034,0.004731690646988058,-9.384376956078633e-12,-0.11193329688722821,0.37500970390621335,0.3941308469084732,1.8608208247366462,5.119952482394873e-05,1.0000031178727133,20.785811636507166,1,-0.41076264112694916,-0.6018353541247633,0.7268948003136365,-2.172640217741242,-0.005230082800581267,1.0000003901402659,2.6009351056800827,1,0.9769680049700451,0.11628163785626659,0.9834089730724695,0.12124616402405662,0.0018573162063414061,1.0000001535914154,1.0239426059206864,1,-1.6256415156492037,-0.3604853436515626,1.6653169309447415,-2.925035355376448,-0.0002584667228378302,1.0000000334492964,0.2229953097013259,1,4.138875619718484,2.788239498981579,4.991289713045621,0.5933652368740787,0.010389785142266642,1.0000000012117964,0.008077562711463648,0
1.04,-0.0037536188284807157,0.004731690647054547,-9.69017617882817e-12,-0.2893446898430474,0.3156075281360743,0.43071205477142627,2.30994380835228,4.615873623336096e-05,1.0000030060400344,20.040260443269432,1,-0.28136787260022583,-0.6715396648735193,0.725920105038831,-1.9700325549260855,-0.00504979603092395,1.000000390275844,2.60183896041612,1,0.9537505105237928,0.2418140369448242,0.9838140746636984,0.2511770163160763,0.0018017899698989147,1.0000001540486498,1.0269908361174758,1,-1.6008793317430263,-0.4500393448680054,1.6629817301752332,-2.869244286076292,-0.00024331955162593344,1.000000033347244,0.22231496051393904,1,4.107815481705938,2.836507153387499,4.9928598126187635,0.604869752887472,0.010576987296682726,1.000000001211128,0.008073106685951278,0
1.06,-0.0037536188308777115,0.004731690647152116,-1.0003643746703261e-11,-0.4107845014867988,0.1928981319117399,0.4557548262906837,2.697885283521301,4.192975717392953e-05,1.0000028594517343,19.063005108766852,1,-0.14036771976616122,-0.7137257425910971,0.724859275518041,-1.7668541523072672,-0.0048348365973230846,1.0000003905834274,2.603889515132813,1,0.9147532046843446,0.3632983921359398,0.9844973010171065,0.38096424010223134,0.0017444548680643143,1.0000001544244466,1.029496147552854,1,-1.5706183732309336,-0.5380572657612172,1.660128095152119,-2.8132787613201446,-0.00022657517165806704,1.000000033274034,0.22182689364419483,1,4.0762342746246105,2.884414588690524,4.994456267553953,0.6163669830719086,0.010767771132728199,1.0000000012104056,0.008068290320452672,0
1.08,-0.003753618831768779,0.004731690647279982,-1.0307991873265143e-11,-0.4641834673967722,0.03722369937674528,0.46677083140389086,3.055743738404347,3.813731275721042e-05,1.0000027075049636,18.050026637695414,1,0.006463014081499081,-0.7265329230729436,0.7237556802701154,-1.5630662201199228,-0.004598943245946193,1.000000391056503,2.607043353727355,1,0.8606536016665746,0.4787350280877619,0.9854468790495858,0.5105362746700438,0.0016808526729405037,1.0000001547133377,1.031422088756796,1,-1.5349346029408044,-0.6242275608109527,1.6567632198586086,-2.757103104076285,-0.0002078624317454993,1.000000033229976,0.22153317432172956,1,4.044136504616321,2.931956072028991,4.9960788453706355,0.6278568153814805,0.010962688317501948,1.0000000012096333,0.008063141135501987,0
1.1,-0.0037536188314175323,0.0047316906474327985,-1.0590607384119988e-11,-0.4457447858778759,-0.12473328625562004,0.4629772228625671,-2.8751800651281267,3.453191937181145e-05,1.0000025688857033,17.125898235210684,1,0.15305722354603155,-0.7092987319940828,0.7226548348266568,-1.358654653617775,-0.004361863593596051,1.0000003916812168,2.611208111966811,1,0.792386913086653,0.5862386658281933,0.9866464615129614,0.6398257746039707,0.0016055617859028904,1.0000001549113806,1.032742374874427,1,-1.493918748433566,-0.7082399039777199,1.6528956880199248,-2.7006815786319223,-0.00018698191671018765,1.0000000332153705,0.221435803029412,1,4.011526743018374,2.979125933967329,4.997727307737087,0.6393391388564718,0.011161636518560215,1.0000000012088146,0.00805768371426883,0
1.12,-0.003753618829910897,0.004731690647603105,-1.084161406483819e-11,-0.3566880488351161,-0.26708690883281855,0.4446252988489146,-2.505318351113694,3.1611459749060964e-05,1.0000024588641896,16.392421477361868,1,0.29330277655990433,-0.6626080437649388,0.7216025560841761,-1.1536311762628717,-0.004143851167321133,1.0000003924367797,2.61624519813423,1,0.7111256416729961,0.6840725136899339,0.9880754795883742,0.7687708795891447,0.0015141713651337194,1.0000001550162516,1.0334415150867196,1,-1.447676646365834,-0.7897855119567578,1.6485355049633956,-2.6439783953769815,-0.00016379943390065776,1.0000000332305112,0.22153674171075188,1,3.9784096253185735,3.02591856926259,4.999401411568898,0.6508138436117482,0.011364259841151919,1.000000001207953,0.008051940041453114,0
1.1400000000000001,-0.0037536188271679247,0.004731690647781632,-1.1052222071566975e-11,-0.20430677903160735,-0.3615617325057975,0.41321845810009533,-2.090655717735153,3.0077531946855058e-05,1.0000023953591974,15.969054864198963,1,0.42130066905367336,-0.5882906898149238,0.7206430374329746,-0.9480334257498062,-0.003959815356330993,1.0000003932961785,2.6219745230356244,1,0.6182545276153003,0.7706783620095592,0.9897095813518308,0.8973163242452785,0.0014050553741425664,1.0000001550272926,1.0335151214507694,1,-1.396329633244282,-0.8685575232526811,1.6436941343161446,-2.5869577231575667,-0.00013814796132350472,1.00000003327569,0.2218379329526534,1,3.944789850099674,3.0723284376092557,5.001100909659423,0.662280820922582,0.011570287015871343,1.0000000012070516,0.008045929804274122,0
1.1600000000000001,-0.003753618823031035,0.004731690647955467,-1.12133865561026e-11,-0.008025115231115654,-0.375629967366169,0.3727607865527996,-1.5949979080840209,2.988277764941325e-05,1.0000024053078778,16.035379399150163,1,0.5316228058063736,-0.48936395966161056,0.7198169269996378,-0.7419238850591215,-0.00381382391842215,1.000000394227193,2.6281812865801606,1,0.5153417228874146,0.8447020450956534,0.9915211410022761,1.025414361895907,0.0012808678150140885,1.0000001549455093,1.032969898710671,1,-1.3400149786720972,-0.9442514422647772,1.638384539163022,-2.5295837105497077,-0.00010970359909237557,1.0000000333511967,0.22234131170671026,1,3.910672177973396,3.118350064362777,5.002825550610012,0.6737399633908663,0.01177998043474991,1.0000000012061128,0.008039670658778279,0
1.1800000000000002,-0.003753618817797186,0.00473169064810289,-1.1316843729486381e-11,0.18750528681993203,-0.27825712406051506,0.3324571457327474,-0.9753181620083536,3.06409289028417e-05,1.0000025261300827,16.840860765118197,1,0.619556706196857,-0.36991918183258365,0.7191595016421357,-0.5353876191870443,-0.003695838886491444,1.0000003951937098,2.6346247315850473,1,0.4041071453853024,0.9050138455114367,0.9934798209670049,1.1530254856028423,0.0011492483516410054,1.000000154773524,1.031823330264743,1,-1.2788863563045643,-1.0165656580427724,1.6326212280046153,-2.4718205172214156,-7.79306479911016e-05,1.0000000334573211,0.22304880749784495,1,3.8760614305044294,3.163978041242401,5.004575077150801,0.6851911650880859,0.011994346170114837,1.0000000012051389,0.008033178464556147,0
1.2,-0.0037536188138532368,0.004731690648187053,-1.136611941718324e-11,0.30242506965162835,-0.0702968095789286,0.30877104965742336,-0.21949487458153943,3.537586299888703e-05,1.0000027684656354,18.45643111728131,1,0.6813237907775755,-0.2349549355595873,0.7186990362305439,-0.32852885242526714,-0.003590075206412541,1.00000039615728,2.64104853353913,1,0.2863889866165781,0.9507236293929958,0.9955531669663304,1.2801189379786246,0.0010189735116955553,1.000000154515488,1.0301030899461217,1,-1.213114346763105,-1.085202047727774,1.6264203057910025,-2.4136323553191343,-4.286154804280513e-05,1.0000000335943504,0.22396233654297903,1,3.8409624891250167,3.209207027014157,5.006349222295043,0.6966343210546251,0.012212591520116268,1.0000000012041321,0.008026467490082387,0
1.22,-0.0037536188153981624,0.0047316906481707855,-1.1399480751711488e-11,0.2659817269774527,0.16973361705492573,0.3162892536995553,0.5781446220114049,4.389259649021066e-05,1.0000030257733736,20.17181603759887,1,0.7142583358029443,-0.09016314133914577,0.7184554739023096,-0.12146650728059892,-0.003498393529204267,1.0000003970788471,2.6471923144333234,1,0.16410931819883093,0.9811907029252247,0.9977072198607295,1.4066730067338116,0.0008885613071944831,1.0000001541769576,1.0278462207650947,1,-1.142886965458272,-1.149866674911302,1.6197995235867122,-2.3549835401101857,-6.9581763547916e-06,1.0000000337625676,0.22508378456188663,1,3.8053802940414987,3.2540317481554326,5.008147710489794,0.708069325323814,0.012426239028881582,1.0000000012030947,0.008019550588178331,0
1.24,-0.0037536188216237207,0.004731690648060435,-1.1476490330980527e-11,0.10288043916422138,0.3316473614159758,0.3499194121210747,1.2757554517261678,4.783453842724819e-05,1.0000031496105948,20.997397513158415,1,0.7169358110955194,0.05832210270013334,0.7184394679891372,0.08567108518147037,-0.0034306815982624475,1.00000039792064,2.6528042660440674,1,0.03923967141187732,0.996028557733054,0.9999071384770678,1.5326751204860938,0.0007519464098441429,1.000000153764743,1.0250981231429832,1,-1.0684102066680141,-1.2102705933241367,1.612778317198382,-2.2958385588658548,2.6894598347997912e-05,1.000000033962247,0.22641498056563383,1,3.769319843136008,3.298446999502293,5.009970273319389,0.7194960703316143,0.012625800750878461,1.000000001202028,0.008012439345738247,0
1.26,-0.0037536188279954875,0.004731690647898727,-1.1625393356307079e-11,-0.10075931865310875,0.37522697883574296,0.39190775197831224,1.8338974749958221,4.51921401405685e-05,1.0000031269245095,20.84615694430075,1,0.6892421393741701,0.20420000850691583,0.7186518348449114,0.2927520410075402,-0.0033878266851900094,1.0000003986480026,2.6576533504029456,1,-0.08623263909932032,0.9951048191356663,1.0021178117032532,1.6581217782361644,0.0006157394723379256,1.000000153286732,1.0219113841856031,1,-0.9899085933906298,-1.2661307663560482,1.605377853244285,-2.2361621671230703,5.864993175232069e-05,1.0000000341936492,0.22795766103026874,1,3.7327861908651596,3.3424476448772027,5.011816656197693,0.7309144501683866,0.012811022175532252,1.0000000012009338,0.00800514422400557,0
1.28,-0.0037536188325166158,0.0047316906477209405,-1.1841628372311064e-11,-0.2805793047957379,0.3202266026114249,0.42898626905879617,2.287436305898528,3.980023988802059e-05,1.0000030176243817,20.11748942487769,1,0.6323792007441407,0.3412878543751888,0.7190834863156266,0.4996469989931145,-0.003374773307313832,1.0000003992310749,2.6615404997599796,1,-0.21033679938772035,0.9785368202341279,1.0043044334286395,1.78301831994945,0.0004900225451009902,1.0000001527517024,1.0183445201448895,1,-0.9076257205107977,-1.3171711128834935,1.597621089569973,-2.175919499983817,8.912647101572558e-05,1.0000000344570135,0.22971342281528942,1,3.695784447153737,3.3860286176948744,5.013686607545282,0.7423243621226913,0.012984394947035207,1.0000000011998134,0.007997674687533117,0
1.3,-0.0037536188351539653,0.004731690647545493,-1.2112242632478232e-11,-0.4054684979271883,0.2001395339674999,0.4547409855039629,2.677819881677014,3.494298025520938e-05,1.0000028715491331,19.14365443538571,1,0.5488062042429386,0.46379913161426517,0.7197158525922167,0.7062350603539194,-0.0034065310041871983,1.0000003996462568,2.6643083789863415,1,-0.3311488733650471,0.9466832931199215,1.006433039661632,1.9073785498413562,0.00037970292390466137,1.0000001521691346,1.0144607350740904,1,-0.821824776659366,-1.3631236896112624,1.5895328295209368,-2.115076198280924,0.00011864081414778195,1.0000000347525495,0.23168366370418622,1,3.6583197762834647,3.4291849215472077,5.015579872962196,0.7537257058875797,0.013146885167552684,1.000000001198668,0.007990039315128088,0
1.32,-0.003753618836272377,0.00473169064738151,-1.2425848544550533e-11,-0.46270723850659146,0.04555291507195037,0.46654951192866945,3.0366491792700394,3.074401102256406e-05,1.0000027189251555,18.12616125115123,1,0.4421209155581448,0.5665997967877887,0.7205217627011975,0.9124092554524929,-0.0034981738774075245,1.000000399877332,2.6658488788193937,1,-0.44681989439887265,0.9001327049935577,1.008471004811048,2.031224246226732,0.00028563791289867244,1.000000151549023,1.010326658564638,1,-0.7327890276791549,-1.403730019480216,1.5811397672769465,-2.05359855831404,0.00014715773993254408,1.0000000350804266,0.23386951007124682,1,3.620397395778303,3.471911630766851,5.017496195551208,0.7651183829643585,0.013298481571341583,1.000000001197499,0.007982245901289996,0
1.34,-0.0037536188361391738,0.004731690647234425,-1.2773248604658338e-11,-0.448176311146533,-0.11671599562695929,0.46356258369855696,-2.8945530514245026,2.6407210668743843e-05,1.000002578806532,17.192037095196735,1,0.3168886295202672,0.6454292536639369,0.7214667282200069,1.1180812309182424,-0.0036524535053093395,1.000000399916183,2.666107887314188,1,-0.5556014167628679,0.8396887745895485,1.0103874930695558,2.1545845847450256,0.0002061810340381245,1.0000001509016885,1.006011093231249,1,-0.6408222418689302,-1.4387425746445948,1.572470526877247,-1.9914537080496284,0.00017455090150925257,1.0000000354407597,0.23627173101055102,1,3.5820225752856403,3.514203890967833,5.019435317116522,0.7765022965582399,0.013439045088909026,1.0000000011963073,0.007974301551648227,0
1.36,-0.00375361883484503,0.004731690647108124,-1.3145849426382528e-11,-0.3628325768810276,-0.26082174564262606,0.44597742026260395,-2.5262837940789056,2.2040492396577192e-05,1.0000024664859626,16.443233297675373,1,0.1784297786698051,0.6970756381090777,0.7225105521132946,1.3231849179771227,-0.0038533470995684134,1.0000003997630693,2.665087128046847,1,-0.6558683821387391,0.7663536813291955,1.0121538617894632,2.2774954946402572,0.0001380357634293294,1.0000001502376006,1.00158384153088,1,-0.5462490342479689,-1.4679264210091132,1.563555693935576,-1.928609811004133,0.0002007518637724065,1.0000000358335956,0.2388906380791214,1,3.543200635452034,3.5560569195629324,5.021396978868312,0.7878773516873914,0.01356878837328054,1.000000001195094,0.007966212769701709,0
1.3800000000000001,-0.0037536188323110753,0.0047316906470048735,-1.35338810471064e-11,-0.21353912431039768,-0.3586907494891799,0.4152087889728313,-2.1148837246300487,1.8813437101603828e-05,1.000002399573511,15.997150287494716,1,0.032578913278294,0.7194985470918359,0.7236091655970573,1.5276790298039606,-0.004068218851353164,1.0000003994264635,2.6628430895495145,1,-0.7461392499537034,0.6813094382543308,1.0137440154371178,2.399998966381915,7.718658475929925e-05,1.0000001495672184,0.9971146268099212,1,-0.4494151040222851,-1.4910610292297357,1.5544278376133982,-1.8650362992604526,0.00022587267540897566,1.0000000362588954,0.24172596973637503,1,3.503936946792935,3.5974660062587835,5.023380921565995,0.7992434553855301,0.013688642347410532,1.00000000119386,0.007957985531958681,0
1.4000000000000001,-0.003753618828371461,0.004731690646923134,-1.3925026930150519e-11,-0.01879150503402837,-0.3780009601394886,0.3750694172548207,-1.6247283607867486,1.8254177158959572e-05,1.0000024043606093,16.02906427533955,1,-0.11457159500161407,0.7118960723258915,0.7247165869948641,1.731548329026376,-0.004256082673248033,1.0000003989224935,2.659483290296365,1,-0.8250934132643817,0.5858978465263128,1.0151347108073157,2.522142326684186,2.0123606272626605e-05,1.0000001489008417,0.9926721152112405,1,-0.3506873363381545,-1.507942254294062,1.545121520197807,-1.8007041371403898,0.0002503991348732932,1.000000036716514,0.2447767601351891,1,3.464236928556965,3.6384265135300944,5.025386884906379,0.8106005169784785,0.013800712514374067,1.0000000011926058,0.007949625350794782,0
1.4200000000000002,-0.003753618823262631,0.004731690646852109,-1.4305308240064596e-11,0.17854919813013945,-0.28717237825069214,0.33439491752803113,-1.0127100369983166,2.1553632528171505e-05,1.000002518034498,16.78689020072762,1,-0.25693026709409966,0.6747164443765628,0.7257868985168425,1.9348036934703756,-0.0043769759878809706,1.0000003982740444,2.655160295383418,1,-0.8915859741116731,0.48159938858287865,1.0163058152426816,2.6439774943803585,-3.4721112347758966e-05,1.000000148248481,0.9883230435566975,1,-0.25045373636835794,-1.518384482095617,1.5356732919307647,-1.735586116808806,0.00027541265257183614,1.000000037206179,0.24804119405629477,1,3.424106047586036,3.6789338770741247,5.02741460526331,0.8219484483625829,0.01390852377918491,1.0000000011913326,0.00794113732680843,0
1.4400000000000002,-0.003753618819208341,0.004731690646764718,-1.4669483076185097e-11,0.30019148273879065,-0.08397862566314883,0.30932501632524534,-0.2630261357404374,2.9633663174502573e-05,1.0000027549671462,18.36644118905064,1,-0.38865613794282966,0.6096174486381255,0.7267761469263027,2.1374810770342045,-0.0044036258820260915,1.000000397509601,2.650064007072802,1,-0.9446599849706523,0.37001135414385766,1.0172405186028308,2.765560228332971,-8.778477556231498e-05,1.0000001476197427,0.9841314541140832,1,-0.14912316076165322,-1.5222229367490072,1.5261216696790165,-1.6696571854136786,0.0003019310072049977,1.0000000377274674,0.2515164488038407,1,3.3835498171725775,3.7189836062459674,5.029463810732061,0.833287163728094,0.01401449000203783,1.000000001190041,0.007932526193230248,0
1.46,-0.003753618820453019,0.004731690646629998,-1.5044398886387977e-11,0.2723607152630731,0.15742806981014593,0.3150688298841667,0.5364146190374713,4.007745471503764e-05,1.0000030158139448,20.105419845347054,1,-0.5043896541880197,0.5193788693791701,0.7276440897671114,2.3396395027444665,-0.004343611286677705,1.0000003966619184,2.6444127893832237,1,-0.9835562778588556,0.25282543252347417,1.0179254960731514,2.8869493721544184,-0.00014597896806371895,1.0000001470237296,0.980158034105166,1,-0.04712480884542567,-1.519316137146098,1.5165070949137225,-1.6028947988396245,0.00032830040993129085,1.0000000382797778,0.2551985192400053,1,3.342573795914997,3.7585712844752237,5.031534219364283,0.8446165776675585,0.014113213894590724,1.0000000011887316,0.007923796351982107,0
1.48,-0.0037536188265649938,0.004731690646456673,-1.547935130769007e-11,0.1140051149351511,0.32541922438840765,0.34772093839813567,1.2415733478688764,4.4785251737284696e-05,1.0000031483655079,20.989096932664474,1,-0.5994572991142514,0.4077745254414568,0.7283557364318912,2.541358244800182,-0.004234314942763837,1.000000395766594,2.6384439596058313,1,-1.0077210021420164,0.13180494951478436,1.0183510274396845,3.0082060893887195,-0.0002217250509658194,1.0000001464689576,0.9764595553498864,1,0.05509256564206819,-1.5095484850137568,1.5068718539153132,-1.5352793012100996,0.0003512589969409857,1.0000000388623043,0.25908202800276303,1,3.301183586573483,3.7976925696651636,5.033625552742177,0.8559366039471324,0.014197328884674223,1.0000000011874048,0.00791495190132508,0
1.5,-0.0037536188329907625,0.004731690646289893,-1.599342186464625e-11,-0.08943491721465188,0.3752159081165937,0.38966801004014995,1.8066613553144226,4.3043734248606713e-05,1.000003132063573,20.88041736768508,1,-0.6700444065152705,0.2794110723318396,0.7288826510381113,2.7427333837661,-0.0041019487582385685,1.0000003948606146,2.6324040983968255,1,-1.0168109789609816,0.00876188003587353,1.0185110909334252,3.129393099471412,-0.000318502867797025,1.0000001459632848,0.9730884021737758,1,0.15706176236465688,-1.4928329588590659,1.4972599607207622,-1.4667943417075848,0.0003706229656259274,1.000000039474004,0.2631600277066806,1,3.2593848349280896,3.8363431945727338,5.035737545097546,0.867247158344821,0.014269461129320172,1.0000000011860617,0.007905996667428028,0
1.52,-0.0037536188375689537,0.004731690646166664,-1.6571233534684593e-11,-0.2715782709434617,0.3247212214615531,0.42722536980045134,2.2647425322563692,4.1096290718345875e-05,1.0000030258581998,20.172381545456048,1,-0.7133323714111963,0.13954082744998597,0.7292039767288658,2.9438738981614967,-0.003960272169489256,1.000000393980931,2.626539539218307,1,-1.0106969574606441,-0.11446626934658796,1.0184034212622197,-3.0326113755226003,-0.0004336340950404974,1.0000001455138494,0.9700921670055144,1,0.258298601748889,-1.4691138794187582,1.487717021125472,-1.397427318862526,0.0003878732190721633,1.0000000401135698,0.267423798196355,1,3.2171832286370843,3.8745189671665217,5.037869933264372,0.8785481605537666,0.014335772597247012,1.0000000011847023,0.007896934239972628,0
1.54,-0.003753618840213093,0.004731690646104508,-1.718806043674026e-11,-0.3998841529175631,0.20734773990851268,0.45368457812986407,2.6576627342007733,4.198162890070372e-05,1.0000028807515522,19.205003895671886,1,-0.7275978472937934,-0.006144371937809493,0.7293071625467985,-3.138287893033184,-0.0038169349166003452,1.000000393163093,2.621087286292435,1,-0.9894648281713824,-0.23603964007460895,1.0180295229512966,-2.9113731209823954,-0.0005656408072273042,1.0000001451270153,0.9675132725481849,1,0.3583037900953147,-1.4383697029627682,1.478290063763387,-1.3271698355538306,0.0004041377447597193,1.0000000407793963,0.2718626419196629,1,3.1745844960941856,3.912215770963894,5.040022449186184,0.8898395334924545,0.014400682966796105,1.0000000011833272,0.007887767999207236,0
1.56,-0.0037536188412887984,0.004731690646108939,-1.7821090957104158e-11,-0.46095393400677376,0.0539278410154048,0.46628355127946813,3.017537032887094,4.4546230067181726e-05,1.0000027278322625,18.18554196454813,1,-0.7122725240496074,-0.15173164687950316,0.7291883849612785,-2.9372595722244923,-0.0036645227015422274,1.0000003924399665,2.6162664439650705,1,-0.9534148154823313,-0.3541392103628706,1.0173946500867632,-2.7900145091395796,-0.0007167703094363734,1.000000144808302,0.9653885173034717,1,0.45656521678884776,-1.4006157888601312,1.4690273261588238,-1.2560181611408083,0.0004200853293605157,1.0000000414695525,0.27646368344296307,1,3.131594405286247,3.9494295653488334,5.042194819062552,0.9011212025361286,0.014467174978537438,1.0000000011819372,0.007878501137528937,0
1.58,-0.003753618841076249,0.00473169064617944,-1.8450745705583804e-11,-0.45033621856758205,-0.10857741140491213,0.4641048441529071,-2.9138745659616077,4.700620823408784e-05,1.0000025865484072,17.243649595953304,1,-0.6679627657123002,-0.29131160427032876,0.7288526465014029,-2.736105034679947,-0.0034700641719254844,1.0000003918405147,2.6122700977354056,1,-0.9030586384349657,-0.46698994229005975,1.0165077637276139,-2.6684740032501995,-0.0008928223658769165,1.000000144562283,0.9637483913873139,1,0.5525607118329767,-1.3559070774970385,1.4599779952942873,-1.1839736938676009,0.0004361614663166425,1.000000042181752,0.2812116809103204,1,3.0882187626523696,3.98615638587011,5.044386764028331,0.9123930952025135,0.014537619934451065,1.0000000011805326,0.007869136680266613,0
1.6,-0.003753618839680707,0.004731690646312008,-1.905953563377527e-11,-0.36872789331708616,-0.25435329101578646,0.4472923382450814,-2.547119820844904,5.087739328818e-05,1.0000024722354623,16.48156329571317,1,-0.5964288650095818,-0.4192028237077959,0.7283135368106535,-2.534707784691558,-0.0031827019812246575,1.0000003913886766,2.609257844443182,1,-0.8391145986562298,-0.5728838218400636,1.015381476126997,-2.546692205602032,-0.0010968806022919767,1.0000001443924653,0.9626162723828369,1,0.6457612832202958,-1.3043406045369528,1.4511919025437832,-1.1110434117979644,0.0004527398595320839,1.0000000429133287,0.2860888584600743,1,3.044463411944462,4.022392344519233,5.046598000672171,0.9236551410620673,0.014614223211127923,1.0000000011791137,0.007859677505704545,0
1.62,-0.0037536188370372444,0.004731690646499509,-1.963059619372598e-11,-0.22257838442924413,-0.35552145671616114,0.41717542813717573,-2.1388826613847254,5.9157657844917744e-05,1.000002402214687,16.014758127457196,1,-0.5005240963734237,-0.530170202736689,0.7275926805450529,-2.332960563248959,-0.0027692587970245403,1.0000003911025417,2.6073502784985108,1,-0.7625005184956162,-0.6702026916851366,1.014031971083354,-2.424612630944441,-0.0013175357204313592,1.000000144301268,0.9620082912096861,1,0.7356348421111798,-1.2460577682695029,1.44271917252133,-1.0372402982678601,0.00047023469206388665,1.0000000436612155,0.29107476978673347,1,3.0003342330892333,4.058133629988036,5.048828241221764,0.934907271753826,0.0146993527861422,1.000000001177681,0.007850126363651863,0
1.6400000000000001,-0.003753618832984854,0.00473169064672999,-2.014653808363187e-11,-0.02949280823864697,-0.3799776174375792,0.37738253848319714,-1.6541106256727682,6.963142566735186e-05,1.0000024021438763,16.01428605629569,1,-0.3840942730359613,-0.6196308258051523,0.726718940082841,-2.130769357524853,-0.002244932121019669,1.0000003909939537,2.606626358262615,1,-0.6743244071431859,-0.757440738784287,1.0124788569809282,-2.3021825156454674,-0.0015271540274959168,1.0000001442901612,0.9619342445507619,1,0.8216504093486872,-1.1812462591471937,1.434609826353455,-0.9625837262927452,0.0004892596620911218,1.0000000444219306,0.29614620390203605,1,2.9558371410516635,4.093376507905921,5.051077193206223,0.9461494210945917,0.014795986792981717,1.0000000011762349,0.007840485892422097,0
1.6600000000000001,-0.0037536188277154893,0.0047316906469818485,-2.059026647099893e-11,0.16941551363449942,-0.29567894853128474,0.336387671182943,-1.0497107161817536,7.93548155422868e-05,1.0000025088939937,16.7259535045199,1,-0.2518392475950983,-0.6838406396415737,0.7257274148425621,-1.9280570695944157,-0.0016567273509186253,1.000000391068171,2.607121140414833,1,-0.5758727130224811,-0.8332264778508851,1.0107449282143117,-2.179353616934588,-0.00169585848858086,1.0000001443597502,0.9623981714169016,1,0.9032827796276398,-1.1101415554212883,1.4269133417932722,-0.8870997853437724,0.0005108626034678322,1.0000000451915716,0.3012771440705403,1,2.910978084700142,4.1281173210567665,5.053344557706359,0.9573815252473222,0.01490804405065776,1.0000000011747758,0.007830758634574653,0
1.6800000000000002,-0.0037536188233017707,0.004731690647217011,-2.0954675494788688e-11,0.2975356088814196,-0.09748960185636735,0.3099826172905046,-0.30647008861530795,8.969022775285999e-05,1.0000027402449136,18.26829297163354,1,-0.10913883068260753,-0.7200548396876004,0.7246582161308046,-1.7247667876169714,-0.0010470692528107655,1.000000391323443,2.6088229532942693,1,-0.4685960469973599,-0.8963440311519609,1.0088558689546923,-2.056082961716077,-0.0018053742618991462,1.000000144509691,0.9633977773948313,1,0.9800175999710624,-1.0330278870267682,1.4196781764551494,-0.8108215332454862,0.0005363052367104656,1.0000000459658187,0.30643879124591783,1,2.865763045673196,4.162352489575526,5.055630024711121,0.9686035224761884,0.01503803800951847,1.0000000011733041,0.00782094705166554,0
1.7000000000000002,-0.003753618824016293,0.004731690647391849,-2.1265921315571923e-11,0.2783979262158572,0.14492522121222912,0.31393167467754196,0.4942733059987295,0.00010185924507153712,1.0000030042394281,20.028256401310234,1,0.03815299855291022,-0.7266546678041778,0.7235549879222303,-1.5208644882963944,-0.0004586615101683385,1.000000391750782,2.6116718805957184,1,-0.35409228488537886,-0.9457534255905145,1.0068399307510136,-1.932333545183335,-0.0018585047146909089,1.0000001447385642,0.9649235992337334,1,1.05135679737732,-0.9502385721545867,1.4129512644920486,-0.7337891523265215,0.0005650575321240275,1.0000000467399504,0.3115996693952057,1,2.820198037247709,4.196078511125017,5.0579332700032,0.9798153512781086,0.015179745560692804,1.0000000011718202,0.007811053535684736,0
1.72,-0.003753618829817759,0.004731690647500863,-2.1577142850226494e-11,0.12507515979016723,0.3188792576313554,0.34554246735675986,1.2068763432136955,0.00010922325332071738,1.000003145623019,20.97081367349796,1,0.18393994535430494,-0.703233459318792,0.7224631958978948,-1.3163409554695522,6.396862383421624e-05,1.0000003923340655,2.6155604364503917,1,-0.23408697267177536,-0.9806095518130029,1.004727573404885,-1.8080749939284222,-0.0018704445074951466,1.0000001450438074,0.9669585529928726,1,1.116824268130361,-0.8621556376910702,1.406777485992073,-0.6560499852290188,0.0005944578141692984,1.0000000475088728,0.31672581956215695,1,2.7742891032094996,4.229291961054696,5.06025396747284,0.9910169485184233,0.015322917896231527,1.000000001170324,0.007801080413541518,0
1.74,-0.0037536188361667003,0.004731690647578005,-2.191555704272874e-11,-0.07797101996828737,0.37497040675718485,0.38740551808587703,1.7790512154234306,0.0001078529215430869,1.000003136038994,20.90692017389933,1,0.3221336469751644,-0.6506354312610597,0.721428258780955,-1.111212754815607,0.0005052616402141462,1.0000003930504708,2.6203364717213686,1,-0.11041099726205239,-1.0002793715043774,1.002551065012736,-1.6832842025703108,-0.001847024704030199,1.0000001454216967,0.969477814928122,1,1.17597172008802,-0.7692086480570338,1.4011991055086253,-0.5776584448363903,0.0006236156856019342,1.0000000482671618,0.321781078998144,1,2.7280423167284846,4.261989492541741,5.062591801712039,1.002208251698183,0.015467134570657414,1.0000000011688166,0.007791029953556694,0
1.76,-0.0037536188407380627,0.004731690647652146,-2.2274616179318585e-11,-0.26235339079178244,0.3290898469460986,0.4254233759126577,2.241820564691924,0.00010215877217500603,1.0000030331957834,20.221298770390312,1,0.4469125783349324,-0.5709420489195047,0.7204936205537102,-0.9055221272590461,0.0008680136767870314,1.0000003938712334,2.625808222613017,1,0.015024444855808798,-1.0043569086784394,1.0003440502776153,-1.5579459132462856,-0.0017890951955054,1.000000145867355,0.9724488715493697,1,1.2283845387340318,-0.6718726860134675,1.396255212153304,-0.49867579514614424,0.0006532745923068968,1.0000000490091185,0.326727457431458,1,2.6814637792377556,4.294167836711743,5.064946460720947,1.013389201170184,0.015616011221666858,1.0000000011672978,0.007780904378953528,0
1.78,-0.003753618843389063,0.0047316906477340975,-2.2638968824595374e-11,-0.394046637668838,0.2145230002508368,0.45258144406133327,2.6373834433087846,9.636749623203312e-05,1.0000028892438917,19.2616194920507,1,0.5529780352892627,-0.467402937696287,0.7196988479449924,-0.6993357025119223,0.0011578291350968755,1.0000003947627123,2.631751414763656,1,0.14025545700092043,-0.9926755197345448,0.9981410747350641,-1.43205320442524,-0.0017001447815557264,1.0000001463747754,0.9758316735900883,1,1.273687530936783,-0.5706654525722978,1.3919811823780799,-0.419169782421317,0.0006840405378037019,1.000000049728841,0.3315256073697949,1,2.6345596193147345,4.32582380273968,5.067317628398852,1.0245597396721398,0.015771056680046185,1.000000001165768,0.007770705875971972,0
1.8,-0.003753618844484806,0.004731690647824145,-2.2996222114046727e-11,-0.4589418314628845,0.06234842567738602,0.46597072919898946,2.9983810944178124,9.157773537202205e-05,1.0000027361656494,18.241097876948373,1,0.6357943149120463,-0.3443111850010802,0.7190778433733868,-0.4927420168437609,0.001383796708723217,1.0000003956877406,2.63791827107195,1,0.2632953966968005,-0.9653169124887352,0.9959770630329717,-1.3056078729705054,-0.0015862141036524688,1.000000146936859,0.9795788969584057,1,1.3115503892493063,-0.4661434823648619,1.3884081702744204,-0.33921411096727594,0.0007160167151750026,1.0000000504203066,0.3361353770462824,1,2.587335991565409,4.356954277933604,5.069704983810116,1.035719811533966,0.01593185771928566,1.0000000011642276,0.007760436595958841,0
1.82,-0.003753618844316098,0.004731690647918434,-2.3338179479248655e-11,-0.4522443812480702,-0.10031904937930726,0.46460240648188705,-2.9331718644045908,8.75008708384219e-05,1.0000025938280703,17.29218068325451,1,0.6917997728543221,-0.20682632461705885,0.7186572725776921,-0.2858478939332958,0.0015607723312935965,1.0000003966072186,2.644048124456682,1,0.3821668190631757,-0.9226163837471668,0.993886760686195,-1.1786206888218678,-0.0014545144596224712,1.0000001475454745,0.9836363344633469,1,1.3416927146041882,-0.35889750399726106,1.385562639085551,-0.25888777012033726,0.0007489123147156109,1.000000051077466,0.34051644073339343,1,2.5397990755131077,4.3875562278018725,5.072108202511346,1.0468693623250958,0.0160970827357879,1.0000000011626768,0.00775009865639552,0
1.84,-0.003753618842998677,0.004731690648011842,-2.365932536690929e-11,-0.3743926607790709,-0.24768519630804464,0.44856641284704013,-2.5678562693121627,8.408841309563566e-05,1.0000024776304173,16.517529662811974,1,0.7185761053326292,-0.060751997424000836,0.7184553005396633,-0.07877382822912894,0.0017081954539916223,1.0000003974818743,2.649879162303905,1,0.4949349212324777,-0.8651637744902972,0.991904149432204,-1.051111499052138,-0.0013124217939500154,1.0000001481915408,0.987943443120764,1,1.3638884372877327,-0.24954700975141536,1.3834659494004289,-0.17827422399134182,0.0007822553338580788,1.0000000516943517,0.34462901158198045,1,2.4919550744924632,4.417626696103953,5.074526957918374,1.058008338770955,0.01626511122745904,1.0000000011611163,0.007739694141710368,0
1.86,-0.003753618840475572,0.0047316906480985126,-2.3954889287469694e-11,-0.23143706649328288,-0.35205930235100197,0.41910948242086843,-2.1626791627942192,8.199475590530287e-05,1.0000024046296054,16.030857583856573,1,0.714965086716212,0.08772118388005612,0.7184807147594839,0.12835140687888266,0.0018458655142147475,1.0000003982741006,2.6551606702881054,1,0.5997418662795209,-0.793799705855726,0.9900618472848773,-0.9231091602802557,-0.0011666129062577538,1.0000001488651344,0.9924340668285259,1,1.377969486330884,-0.1387341327215255,1.3821340159883893,-0.09746048049741339,0.0008156811507513839,1.0000000522651946,0.34843463028028493,1,2.4438102145489307,4.447162804885135,5.076960922395482,1.0691366888194194,0.01643453476269342,1.0000000011595458,0.007729225103278785,0
1.8800000000000001,-0.0037536188365837704,0.00473169064817028,-2.4219183950013878e-11,-0.04012850520223725,-0.38156225118130743,0.3796839824604962,-1.6831492808287671,8.216590131572996e-05,1.000002399870972,15.999133360035888,1,0.6811250194322387,0.23229413288168263,0.7187324923909574,0.3353966336277396,0.0019885426435176986,1.0000003989497546,2.659665030446974,1,0.694841239443626,-0.7096067602214511,0.9883905061757015,-0.7946512825759547,-0.0010220201049574802,1.0000001495556263,0.9970373464970795,1,1.3838285776808583,-0.027116960112818292,1.3815770429752714,-0.01653606046954624,0.000849185383098172,1.0000000527845465,0.35189697650851504,1,2.395370743344417,4.476161754495532,5.079409767853062,1.080254361845555,0.016604790939623984,1.0000000011579662,0.007718693558571554,0
1.9000000000000001,-0.003753618831465898,0.00473169064821192,-2.444575097904078e-11,0.1601185858074325,-0.3037598985226143,0.3384139586073974,-1.0862627072549444,8.547865027764321e-05,1.000002499846044,16.66563384010126,1,0.6185230549333185,0.3668438529285168,0.7191998384671456,0.5422342898400746,0.0021414289116806974,1.0000003994798043,2.6631986951212654,1,0.7786317823394961,-0.6138954094161713,0.9869182219606818,-0.6657837738806406,-0.0008806175316842485,1.0000001502518472,1.0016788182091778,1,1.3814210211025986,0.08463756148651234,1.3817993471424663,0.06440810737629998,0.0008832313442289872,1.0000000532473952,0.35498263418835657,1,2.3466429290697204,4.504620823593519,5.08187316497101,1.0913613089879115,0.01677676674840365,1.0000000011563772,0.007708101490395693,0
1.9200000000000002,-0.0037536188270370094,0.004731690648193995,-2.4635866263666983e-11,0.29445775124045764,-0.11077907727941333,0.3107276761713301,-0.3496708181489189,9.341929552499314e-05,1.000002725418151,18.169447887208623,1,0.5298638983777718,0.485698224668478,0.7198626908347595,0.7487462434207516,0.0022944689459679798,1.000000399841713,2.6656114209171298,1,0.8496894738600242,-0.5081846628848234,0.9856699747260721,-0.5365601815407629,-0.000742355922566095,1.0000001509422758,1.0062816765002995,1,1.3707654806394827,0.19586095147943935,1.3827992786480288,0.14528083308829137,0.0009183354879603591,1.0000000536492673,0.35766178220705713,1,2.2976330593643453,4.532537369133317,5.08435077921671,1.102457483228021,0.016950877814788608,1.0000000011547798,0.007697450847900142,0
1.9400000000000002,-0.0037536188275624502,0.004731690648081587,-2.4821175496902992e-11,0.2840501639918854,0.1322750179755775,0.3128778482993732,0.4519107223379009,0.00010501675556987056,1.0000029920832982,19.947215535418668,1,0.4189597057878852,0.5838860365984393,0.7206926607197857,0.9548290686931175,0.002410309838003645,1.0000004000204787,2.6668031911312973,1,0.906796989286689,-0.39417760592812845,0.9846671219983376,-0.4070408340053517,-0.000612391249312128,1.0000001516152535,1.010768194105969,1,1.3519436609059117,0.3058905615453128,1.3845692491555903,0.22599181788024242,0.0009534591957172419,1.000000053986321,0.35990880628589594,1,2.248347440243753,4.559908826336109,5.086842266553529,1.1135428379146752,0.017119360307436264,1.0000000011531736,0.007686743549274316,0
1.9600000000000002,-0.003753618833377541,0.0047316906478770526,-2.5060335751003748e-11,0.13603156843668074,0.31204401819351896,0.34339599207786026,1.1718123437346972,0.00011223649594676604,1.000003142261574,20.948404040755804,1,0.2905497213307461,0.6573494128349542,0.7216543581316209,1.160398512158438,0.002442815548727118,1.0000004000092604,2.6667284021489435,1,0.9489695774124749,-0.2737322079702265,0.98392695561566,-0.2772917869841965,-0.0005016270372029765,1.0000001522592235,1.0150613263781754,1,1.3250989308175984,0.4140767911846424,1.3870958708190004,0.30645278521511254,0.0009862548942043627,1.0000000542554233,0.361702821810731,1,2.1987923950341473,4.586732708645035,5.089347283663759,1.1246173246740203,0.01726949176087744,1.0000000011515593,0.007675981482572407,0
1.9800000000000002,-0.0037536188399693348,0.004731690647625023,-2.5386220035839013e-11,-0.06641524807553567,0.3744824907258441,0.38513644258412016,1.7511674101942858,0.00010694663940362952,1.0000031395940723,20.930620695325324,1,0.15008099052442936,0.7031088913127991,0.72270702323005,1.3653929522780586,0.0023816289497522506,1.0000003998095408,2.6653969393533536,1,0.9754764631184895,-0.14882799082032075,0.9834623207678165,-0.1473835991007641,-0.0004123726804895179,1.000000152862975,1.019086337169405,1,1.2904339348138374,0.5197899687117963,1.390360180572342,0.38657856073511687,0.0010160926327147113,1.0000000544542142,0.3630280945623963,1,2.1489742633160196,4.613006607664164,5.09186550278832,1.1356808952934228,0.017399162791446834,1.000000001149937,0.007665166509933301,0
2.0,-0.003753618844834831,0.004731690647367361,-2.579444210309978e-11,-0.2529341436000782,0.3333146279953703,0.42359574031186054,2.2187343257378145,9.58960584377909e-05,1.0000030402726479,20.26847786598481,1,0.003463097418548176,0.7193750225946073,0.7238063633284867,1.5697756873211994,0.0022364641992496256,1.0000003994309057,2.662872704027304,1,0.9858570039272417,-0.02152934919262612,0.9832813258042084,-0.01738998476663259,-0.00033913581809635,1.0000001534158895,1.022772434121447,1,1.2482072779423419,0.6224267315663745,1.3943379391219326,0.466288055328501,0.0010434175276810025,1.0000000545811485,0.3638743229490621,1,2.098899399875766,4.638728193078432,5.094396606666815,1.1467335044199667,0.01751221210083239,1.0000000011483072,0.00765430048163954,0
2.02,-0.0037536188477591843,0.004731690647127628,-2.626823151358204e-11,-0.3879689013163745,0.2216466741380157,0.45144348338983364,2.617020904520547,8.641481923779557e-05,1.0000028975754576,19.31716326400131,1,-0.1431897460362858,0.7056040384676764,0.7249064859505103,1.7735360012953623,0.0020324877318352095,1.0000003988904698,2.6592697990057834,1,0.9799309941245791,0.1060535178757173,0.9833871636054291,0.11261362731135233,-0.00027607245732916643,1.0000001539081835,1.0260543938640063,1,1.1987294029925946,0.7214157639292191,1.3990000132903635,0.5455051284450445,0.0010683514142104202,1.000000054635516,0.3642367720801658,1,2.0485741736622742,4.663895212554002,5.096940280093002,1.1577751095734825,0.017611336204473676,1.0000000011466699,0.007643385246912173,0
2.04,-0.0037536188490961634,0.004731690646917758,-2.6791156099159608e-11,-0.45667098847379883,0.07079939028829288,0.4656181269167466,2.979205535068795,7.929275634279483e-05,1.0000027444059336,18.29603310466921,1,-0.2838165993627386,0.6624985133741689,0.7259618458980963,1.976689069252742,0.0018048251064580819,1.0000003982119172,2.6547461148657563,1,0.9578027208681411,0.2318049832236081,0.9837780427153954,0.24255159304693685,-0.00021891739850806713,1.0000001543311374,1.0288740861322982,1,1.1423578005331905,0.8162227792941109,1.4043128260964315,0.6241593207308098,0.001090617717756334,1.0000000546174397,0.36411626410259834,1,1.998004966747853,4.688505491622503,5.099496207871388,1.1688056705320893,0.017697905040043104,1.0000000011450254,0.0076324226550530784,0
2.06,-0.0037536188491393598,0.004731690646744237,-2.7348868829324413e-11,-0.45389130197965266,-0.0919517003306943,0.46505778421511823,-2.9524266112194963,7.326253904139132e-05,1.0000026010718366,17.340472458396032,1,-0.412656483044664,0.5919566554597674,0.7269291215148966,2.1792747833669956,0.0015851987395328938,1.0000003974243092,2.6494953947030933,1,0.9198586147837907,0.3536445239656666,0.9844472277155832,0.37234955992576185,-0.0001652082127664666,1.0000001546772994,1.0311818328505644,1,1.0794917075482144,0.9063546695912094,1.410238854716923,0.7021864435317247,0.0011097613461313349,1.000000054527854,0.36351902664082497,1,1.9471981732949821,4.712556933551758,5.1020640751688,1.179825149065861,0.017772918591004952,1.0000000011433743,0.007621414551088068,0
2.08,-0.003753618848009406,0.004731690646610697,-2.792790217837071e-11,-0.3798102464450704,-0.2408238496569032,0.44979930476826363,-2.588474233032266,6.757147739402883e-05,1.0000024830531182,16.553681001635656,1,-0.5244746096077142,0.4969758071795104,0.727768937489725,2.3813556343730724,0.001393663969098249,1.0000003965607414,2.643738275507981,1,0.8667585860740162,0.469566250123778,0.985383187736775,0.5019359336919806,-0.00011449986562870975,1.0000001549406567,1.032937548713033,1,1.010566457008594,0.991362777376927,1.4167371606550683,0.7795290185000606,0.0011253434792384703,1.0000000543684613,0.36245640904087595,1,1.8961601985303995,4.736047519204354,5.10464356801863,1.1908335089132382,0.017837575219999287,1.0000000011417165,0.007610362769200953,0
2.1,-0.0037536188456541897,0.0047316906465182055,-2.851415804860924e-11,-0.24009297231675644,-0.3483060188549001,0.4210101640739443,-2.186251841929611,6.278817316770038e-05,1.0000024071604414,16.047729823686613,1,-0.614761000080179,0.3815169101524039,0.7284473745242026,2.5830138124841633,0.0012364275716430554,1.0000003956569121,2.6377127467529626,1,0.7994213792826329,0.577676322730672,0.9865698477718807,0.6312432603107739,-6.839724720146713e-05,1.0000001551167672,1.0341116191580373,1,0.936047639093411,1.0708452814098446,1.4237639377016635,0.856136567643518,0.0011371379793227749,1.0000000541416723,0.3609444817984279,1,1.8448974577278003,4.7589753068844525,5.107234373578215,1.201830715880999,0.017893669858782296,1.0000000011400525,0.007599269125880525,0
2.12,-0.0037536188419089317,0.004731690646463587,-2.909160325831328e-11,-0.05067173127956588,-0.3827501346027765,0.3819741929640946,-1.711823413805814,6.058657454505802e-05,1.0000023978427084,15.98561160258213,1,-0.6798963080158915,0.2503371888373388,0.7289372251621778,2.7843476956935107,0.0011092666094582218,1.0000003947496707,2.631664471259275,1,0.7190044987488982,0.6762272647270617,0.9879869333526953,0.7602094840864657,-2.9981407389288157e-05,1.0000001552028472,1.0346854847271836,1,0.8564252259938876,1.1444487167771604,1.4312730640079998,0.9319657599885712,0.001145361204564986,1.000000053850531,0.3590035389766151,1,1.7934163752001682,4.78133843217296,5.109836179971947,1.2128167380554529,0.017944118516233884,1.0000000011383825,0.007588135414371089,0
2.14,-0.0037536188368731084,0.004731690646434718,-2.964268414062943e-11,0.15068768733400895,-0.31139877519075093,0.340475828323712,-1.1223479403440642,6.285322272215684e-05,1.0000024911512662,16.607668655597802,1,-0.7172813628590753,0.10879831097531327,0.7292189700884562,2.9854678844059257,0.001004440045173638,1.0000003938755995,2.6258373291500363,1,0.6268794380859681,0.7636483253004287,0.989610395665728,0.8887790497796426,-2.5917780250029597e-06,1.000000155197812,1.0346519165465806,1,0.7722077977155766,1.2118686770767866,1.4392166453393909,1.0069804254094996,0.0011508480901437335,1.0000000534986293,0.35665752940469003,1,1.7417233833024515,4.803135107750565,5.112448674938293,1.2237915461446078,0.017993540424598768,1.0000000011367065,0.007576963401744046,0
2.16,-0.0037536188323131258,0.004731690646403252,-3.01565604085563e-11,0.2909766658645893,-0.1238146871147764,0.31156456590401066,-0.39261229455746705,7.064076480341945e-05,1.000002710715213,18.071428300094055,1,-0.725428261424412,-0.037343006961355944,0.7292814600022078,-3.096692380459021,0.0009147376440204283,1.0000003930696677,2.6204644520173344,1,0.5246030803438039,0.8385712496079066,0.9914129013631271,1.016903823633822,9.440811440942653e-06,1.0000001551022721,1.0340149848430171,1,0.6839169875656756,1.2728497669322913,1.4475455370268162,1.0811514483544258,0.0011544833395246048,1.0000000530900177,0.3539334509813247,1,1.6898249214448293,4.824363623207787,5.115071541273025,1.23475511365714,0.018046550397166426,1.0000000011350254,0.007565754829546076,0
2.18,-0.0037536188324708347,0.004731690646331641,-3.065188294154586e-11,0.2893156622665793,0.11950697913865282,0.3119134602533955,0.4093151050292312,8.218682370058193e-05,1.0000029795127954,19.86341218345068,1,-0.7040117826670339,-0.18215537027969156,0.7291222924009354,-2.895640445580239,0.0008243053191572421,1.0000003923639902,2.6157599351873624,1,0.41388621526021346,0.899851015780729,0.9933643729006753,1.1445438137225445,-6.628674738439552e-06,1.0000001549184852,1.0327897383910671,1,0.5920822444960396,1.3271848878995955,1.4562098363784046,1.154456553714066,0.0011548222419602162,1.0000000526291122,0.3508607477450111,1,1.637727435116172,4.845022344841201,5.117704450525004,1.2457074156077392,0.01809961845554588,1.0000000011333388,0.007554511417043244,0
2.2,-0.003753618838062228,0.004731690646215217,-3.1176985472447516e-11,0.14687022290850274,0.3049310651837521,0.3412841190104141,1.1363420100947947,8.993194256521772e-05,1.0000031383945063,20.9226235898465,1,-0.6538805467287246,-0.31975780363201883,0.7287478772965498,-2.6944406250632467,0.0007112428253699194,1.0000003917867044,2.6119113622718633,1,0.2965601455175173,0.9465813143680042,0.9954325737245674,1.2716676855737483,-6.847724422286788e-05,1.000000154650267,1.0310016167200333,1,0.49723598654432155,1.3747139501010552,1.4651593488176693,1.2268800042545405,0.0011482728857341736,1.0000000521206107,0.3474707376567835,1,1.5854373749170898,4.865109715436353,5.12034706994791,1.256648426027921,0.018142290209169902,1.0000000011316472,0.007543234861832109,0
2.22,-0.0037536188446367492,0.004731690646091488,-3.1758130847325816e-11,-0.05476891707867812,0.37376806281990205,0.38285876900646915,1.7229734122169196,8.734001179732408e-05,1.0000031428286753,20.952184716649427,1,-0.5770278018516589,-0.44454349034662377,0.7281732048773276,-2.492977488644484,0.000577765347881277,1.0000003913609856,2.609073237966817,1,0.17454232950540066,0.978104748206547,0.9975837190502411,1.3982530907060335,-0.0001784051524864348,1.0000001543028656,1.0286856079545472,1,0.3999091970224586,1.4153221067111341,1.4743440156076244,1.2984122418333488,0.0011335456452053261,1.0000000515694107,0.3437960718346,1,1.5329611956034634,4.884624254038648,5.122999078381609,1.2675781190821689,0.018173957251051562,1.000000001129951,0.007531926839476031,0
2.24,-0.0037536188495224743,0.0047316906459956695,-3.238485001000324e-11,-0.24332384878945254,0.3374125875849326,0.4217379832228656,2.1954612202598813,7.78729213854265e-05,1.000003047186304,20.314568906870587,1,-0.4765221460190364,-0.5513960176238674,0.7274213207432542,-2.291145537959458,0.00044497401340397026,1.0000003911042108,2.607361405669626,1,0.04980194173129495,0.9940179088518268,0.9997830810118904,1.5242868041074011,-0.0003278953463897516,1.0000001538828105,1.025885239949464,1,0.30062749443794706,1.4489376088277792,1.483714278508008,1.36904948352188,0.001110982754618538,1.000000050980532,0.3398702141500245,1,1.480305355141296,4.903564555710545,5.125660163536122,1.278496471819855,0.018200656748558825,1.0000000011282504,0.0075205890117557095,0
2.2600000000000002,-0.003753618852438535,0.004731690645943376,-3.3034843957557847e-11,-0.3816585413318088,0.22873500602268682,0.45026591573748387,2.5965657408924256,6.794080964013108e-05,1.00000290584026,19.372261947027294,1,-0.3563990219630536,-0.6358917417972823,0.7265225035307957,-2.0888533146924724,0.000335182899616637,1.0000003910272828,2.6068485521789926,1,-0.07567387028251407,0.9941716301591775,1.0019955813249604,1.6497646709578315,-0.0005066547652954162,1.0000001533977458,1.0226514764940031,1,0.1999076888979932,1.4755293749725484,1.4932213931476361,1.4387932792643447,0.0010808210353696855,1.0000000503590396,0.335726930940263,1,1.4274763137709352,4.921929291272947,5.12833001304505,1.2894034643724244,0.01822705164497899,1.0000000011265455,0.007509223036286555,0
2.2800000000000002,-0.0037536188537373168,0.0047316906459373,-3.3687765250978163e-11,-0.4541529184117188,0.07929448008343178,0.46522208149363375,2.9600104111407326,5.970382794828546e-05,1.000002752640815,18.35093231394547,1,-0.22151459675900095,-0.6944815152232476,0.7255131597796166,-1.8860271312969774,0.00026626503618181293,1.0000003911341406,2.6075609375481235,1,-0.19991237748845297,0.9786668348132852,1.0041863664354345,1.7746913914857216,-0.0007033424851137891,1.000000152856245,1.0190414708149835,1,0.0982548229650972,1.4951043635295334,1.502817702551974,1.507650051670701,0.0010433095287121037,1.0000000497099701,0.33139980128015656,1,1.374480533079343,4.939717207032576,5.1310083115469745,1.300299079244061,0.01825577959722417,1.0000000011248367,0.007497830570073295,0
2.3000000000000003,-0.0037536188537261204,0.004731690645973976,-3.432743585912723e-11,-0.4552911145530706,-0.08346467220521563,0.4654690582732258,-2.971633735374478,5.244955259094309e-05,1.0000026083584561,17.389049921367263,1,-0.07736474807169434,-0.7246446534330061,0.7244344607756328,-1.6826142818769096,0.0002495573184742982,1.0000003914214775,2.609476516838044,1,-0.32098578442954206,0.9478464647599271,1.0063213545193161,1.8990801680731353,-0.0009061688587451464,1.0000001522676145,1.015117267245369,1,-0.0038403170863601957,1.5077048270599038,1.5124568706941506,1.5756306326351608,0.000999008633618019,1.000000049038267,0.3269217800984812,1,1.3213244750809319,4.9569271244971995,5.133694740721416,1.3111833008660416,0.018288377870024596,1.000000001123124,0.007486413269763112,0
2.3200000000000003,-0.0037536188525408233,0.0047316906460469444,-3.4940724792653644e-11,-0.38499599238275245,-0.23376141093979938,0.45099069212134163,-2.608968057126921,4.508760897387625e-05,1.0000024885711856,16.59046811814771,1,0.07012663160994546,-0.7250078439578911,0.723330753717719,-1.4785855774548409,0.0002885743744769959,1.0000003918786968,2.6125246450133757,1,-0.4370394777211777,0.9022840226573298,1.0083677441268455,2.0229522358264433,-0.0011039376090854407,1.0000001516417019,1.0109445166657915,1,-0.10590324391885272,1.513405516640047,1.522094076538203,1.642749806024295,0.0009488563786036348,1.000000048348725,0.32232483277823043,1,1.2680146013076392,4.973557940079506,5.136388979835685,1.32205611539543,0.018325877899202415,1.000000001121408,0.0074749727911182,0
2.3400000000000003,-0.003753618850143387,0.004731690646147571,-3.5515979046607526e-11,-0.24856103302117705,-0.3442562062580007,0.42287798287460104,-2.2095984007120206,3.7375263249020565e-05,1.0000024098622142,16.065741641600145,1,0.21484396976399014,-0.6954219059786964,0.7222477923374325,-1.2739370470657752,0.0003792922783198608,1.0000003924881344,2.6165875629771045,1,-0.5463177447283262,0.8427692584944589,1.010294478045377,2.146336299089024,-0.0012869190264663923,1.000000150988709,1.0065912305075582,1,-0.20747739765918455,1.512310893867893,1.5316861706766367,1.709025864060849,0.0008941382432551021,1.0000000476459465,0.31763964295260827,1,1.2145573719085723,4.98960862478987,5.139090706273275,1.3329175106503306,0.018369232235087535,1.0000000011196888,0.0074635107881392375,0
2.3600000000000003,-0.003753618846375669,0.004731690646263865,-3.604161760706326e-11,-0.061134442298398824,-0.3835370821203399,0.3842533743124337,-1.7401361488208682,3.0159017920441576e-05,1.0000023961010331,15.974000435522957,1,0.3507328955282793,-0.6369900952741215,0.7212308471177824,-1.068690655937607,0.0005127042484021891,1.0000003932255757,2.6215038377812823,1,-0.6471868117110189,0.7702915164385937,1.0120726590217508,2.269267895649815,-0.0014471366985050551,1.0000001503190141,1.0021265982776137,1,-0.3081253972561579,1.5045523980628226,1.5411917973741212,1.774480183850338,0.0008365093916839069,1.0000000469343082,0.3128953876948709,1,1.1609592447594577,5.005078223918423,5.1417995958733504,1.3437674761731688,0.018419891663812794,1.0000000011179664,0.007452028911901659,0
2.38,-0.0037536188413037947,0.00473169064637635,-3.6506142726822066e-11,0.1411159913065258,-0.3185869419121362,0.34257225816031356,-1.1579688105792658,2.596090766353309e-05,1.0000024828460565,16.55230059031918,1,0.47205952506656346,-0.5520431593730732,0.7203227703988573,-0.8628939189723963,0.0006785464411810082,1.0000003940610778,2.6270738516893735,1,-0.7381551452364629,0.6860212175696385,1.0136759159858106,2.3917887086843224,-0.0015778207090842448,1.0000001496430078,0.9976198890260223,1,-0.4074299543318838,1.4902858065911466,1.550571484882643,1.8391368292805574,0.000778142801836276,1.000000046217936,0.30811957240524107,1,1.107226674582156,5.0199658567067145,5.144515322371468,1.3546060034668246,0.018480553049371483,1.0000000011162413,0.00744052880947693,0
2.4,-0.003753618836554464,0.004731690646451071,-3.6905476938353665e-11,0.28708060381399586,-0.1365752535435404,0.31249297334773235,-0.4352810873362038,3.0212160576010606e-05,1.000002696187162,17.974574627871124,1,0.5736642456074774,-0.444058644812779,0.7195621079725089,-0.6566183343834835,0.0008637430589503776,1.0000003949600824,2.633067215967614,1,-0.8178910351291103,0.5912899010306081,1.015080719812199,2.513945844335808,-0.0016736757089624058,1.000000148970942,0.9931394502426438,1,-0.5049944900796101,1.4696887173874218,1.5597877055188836,1.90302218191435,0.0007215068703737858,1.0000000455006877,0.3033379180729849,1,1.0533661120743953,5.034270716009033,5.147237553812949,1.3654330862039303,0.01855393210628492,1.0000000011145138,0.007429012123681729,0
2.42,-0.00375361883632611,0.004731690646445252,-3.726488648908566e-11,0.29416405451635463,0.1066387026754673,0.3110416492592653,0.3664925832930988,4.1037441811013955e-05,1.0000029665642098,19.777088280212624,1,0.6511969437934365,-0.31752498189418266,0.7189813629857985,-0.44995663719261364,0.001049094270907393,1.000000395884814,2.639232094121293,1,-0.8852375310846742,0.4875691852636709,1.016266645525575,2.6357910871153805,-0.0017377934318475981,1.0000001483127963,0.9887518117072771,1,-0.600443495239496,1.4429581747655382,1.5688049059678364,1.966164600052744,0.0006671153945523231,1.0000000447861441,0.29857429444304323,1,0.9993840030495672,5.047992067943389,5.149965946006447,1.3762487191452477,0.018634673596407594,1.000000001112784,0.007417480493462966,0
2.44,-0.0037536188417074605,0.004731690646348515,-3.7641851441394536e-11,0.15755939174682693,0.29754152809232925,0.33920975377447343,1.1004474391809482,4.9743151601339936e-05,1.0000031340272901,20.893508814197002,1,0.7013203862137112,-0.17775439600714923,0.7186054918656649,-0.24301894348933784,0.0012116154295976503,1.000000396795968,2.6453064533691686,1,-0.9392248390863651,0.37644894762205233,1.0172165847411203,2.757380133862049,-0.0017853466615717357,1.0000001476781588,0.9845208965798696,1,-0.6934226716338778,1.4103084526253071,1.5775895204921104,2.0285941020158207,0.0006123855912667254,1.000000044077604,0.2938506928754089,1,0.9452867875859933,5.061129251533002,5.152700147432781,1.3870528954292298,0.018708643227063552,1.0000000011110524,0.007405935550496498,0
2.46,-0.0037536188483346497,0.004731690646196308,-3.807490260576696e-11,-0.04305592761418968,0.372822332390502,0.38057351335699574,1.6944467615000727,5.197279175828805e-05,1.0000031457458503,20.971632549321807,1,0.7218693973530084,-0.030652397294952373,0.7184507119448691,-0.03592792068742757,0.0013461090828824909,1.00000039765447,2.65102979957345,1,-0.9790802998526759,0.25961495919703714,1.0179169267722097,2.8787718186663795,-0.0018273666781052464,1.0000001470761244,0.980507333566918,1,-0.7835988915116181,1.3719690032763696,1.586109982537159,2.090342084541214,0.0005563432666550241,1.000000043378085,0.2891872319500233,1,0.8910808991862653,5.073681678340804,5.1554398167904205,1.3978456069876994,0.018770609275894752,1.0000000011093189,0.007394378911339331,0
2.48,-0.003753618853361296,0.00473169064602609,-3.85649481099426e-11,-0.2335415445133703,0.3413789432006105,0.4198500531564639,2.1719820699010715,4.949221718464433e-05,1.000003053944395,20.35962284648743,1,0.7119556134183307,0.11754494021106632,0.718523719811101,0.17118674414805313,0.0014675648883258833,1.0000003984233006,2.656155337096615,1,-1.0042360722034374,0.13882615583121682,1.018357701677187,3.0000273511569935,-0.00186743954311517,1.0000001465152033,0.9767678588950197,1,-0.8706600082018121,1.3281825752994298,1.5943367159471478,2.151441082198159,0.0005002569628924822,1.0000000426903284,0.2846021898449049,1,0.8367727639484062,5.085648832096892,5.15818462406357,1.4086268473869383,0.01882313585573303,1.000000001107584,0.007382812175522403,0
2.5,-0.003753618856428148,0.004731690645857831,-3.909935743229287e-11,-0.375132648217388,0.23578374628574014,0.449048366222245,2.576002237675836,4.595592192638783e-05,1.0000029140487228,19.426985032066735,1,0.6720108166775562,0.2605519941961964,0.7188213725019789,0.37819427382344095,0.0015918270981612843,1.000000399069275,2.6604618330812353,1,-1.0143346317170576,0.015891678458377904,1.018532674095773,3.121209559776791,-0.0019086399517987756,1.0000001460032444,0.9733547992769119,1,-0.9543145483901043,1.2792034998417952,1.6022421032340928,2.211924553408569,0.0004453210046219515,1.0000000420168091,0.28011206056208116,1,0.7823687997483264,5.0970302683168445,5.160934242509025,1.4193966124140116,0.01886803143305883,1.0000000011058476,0.0073712369272265965,0
2.52,-0.0037536188578762585,0.0047316906457000995,-3.9666180930153505e-11,-0.4514040724596731,0.08782915133099714,0.4647824343313902,2.9407823333597634,4.28913719742609e-05,1.0000027608813962,18.4058695214806,1,0.6037658971523817,0.39231738482558154,0.7193308436392372,0.5849687955167802,0.0017259524830641954,1.0000003995646394,2.6637642627684883,1,-1.0092321722467852,-0.10735222209426974,1.0184393972229049,-3.0408031738314123,-0.0019547720177792278,1.000000145547368,0.9703156233899684,1,-1.0342913130776104,1.2252961413811168,1.609800445973021,2.2718266902322326,0.0003921279067115999,1.0000000413597447,0.27573163099628667,1,0.7278754154323434,5.10782561391187,5.1636883458046325,1.4301548995351896,0.018905360764001282,1.0000000011041104,0.007359654732496992,0
2.54,-0.003753618858016871,0.00473169064555679,-4.025630176429651e-11,-0.45646005693115044,-0.074863728450643,0.4658368035768529,-2.990805859701291,3.995860546689504e-05,1.0000026156979027,17.437979564917377,1,0.5101668723865028,0.5072947703600835,0.720030240575828,0.7913950490436187,0.0018639495611528702,1.0000003998883824,2.665922549381153,1,-0.9889999680257404,-0.22906534732735365,1.0180792321748382,-2.919576443696078,-0.0020092809719358473,1.000000145153906,0.9676925436622059,1,-1.1103389113391595,1.1667335065407571,1.6169879210149471,2.3311822538843137,0.00034087325505387055,1.0000000407211107,0.2714740719259381,1,0.673299010020217,5.118034566792691,5.166446608418735,1.440901707548074,0.018934476101367653,1.0000000011023722,0.007348067133582114,0
2.56,-0.0037536188569908067,0.004731690645430143,-4.086205939585197e-11,-0.38996588602653387,-0.2265057723721986,0.45214237751564956,-2.6293521205705392,3.694021604189537e-05,1.0000024941911567,16.627934592384914,1,0.39523361043895616,0.6006860222007856,0.7208896415309166,0.9973734877079391,0.00198634515596217,1.0000004000271794,2.6668478627325163,1,-0.9539237197948022,-0.347426725913235,1.0174573331678296,-2.79823241942142,-0.0020741561659231556,1.0000001448283489,0.965522162648553,1,-1.182225248123027,1.103796003012016,1.62378253299136,2.3900264349301277,0.0002915628643269482,1.0000000401026556,0.2673510373598375,1,0.6186459719198062,5.1276568954678945,5.169208706595951,1.4516370364953275,0.018954762323283827,1.0000000011006334,0.007336475644102702,0
2.58,-0.0037536188547635137,0.004731690645321275,-4.147539169746528e-11,-0.2568563041592521,-0.33992091828508375,0.4247162111638157,-2.2327392942565054,3.434890061382201e-05,1.0000024127341938,16.084888172443797,1,0.26387046423545746,0.66864451844668,0.7218724869548191,1.2028245096572128,0.0020654802645925186,1.0000003999759215,2.666506142950452,1,-0.9045008714224383,-0.4606577480652425,1.0165825969885967,-2.6767093756874862,-0.0021493553862600495,1.000000144575302,0.9638351837474594,1,-1.2497369843895534,1.0367703394852223,1.6301640643715858,2.4483947359632436,0.00024416022525402495,1.0000000395059156,0.2633727704399356,1,0.5639226781542321,5.136692438636315,5.171974319271792,1.4623608877380936,0.018966172630444054,1.0000000010988943,0.007324881747041857,0
2.6,-0.0037536188511735945,0.004731690645228675,-4.208619390488888e-11,-0.07152848112574298,-0.38393794007844984,0.3865257581421095,-1.7681200741086722,3.331677390316072e-05,1.0000023946322554,15.964208583458756,1,0.1216405741560086,0.7084295328601412,0.72293724225367,1.4076916339356702,0.002076526633511628,1.000000399737812,2.664918746346205,1,-0.8414358473989771,-0.567045196304233,1.0154675741611565,-2.554947759283385,-0.002232706126586347,1.0000001443984479,0.9626561568313091,1,-1.3126789852152612,0.965948556598723,1.636114024580794,2.5063228746262776,0.00019875075013109781,1.000000038932232,0.2595482138848161,1,0.5091354936020519,5.145141104772524,5.1747431287171555,1.4730732641724458,0.018969877906811032,1.000000001097155,0.007313286896590516,0
2.62,-0.003753618846247437,0.004731690645143786,-4.268209310293036e-11,0.13139868629008072,-0.32533977103995876,0.3447066907632404,-1.1931718404242766,3.589774966173426e-05,1.0000024749027219,16.499345026205813,1,-0.02548305423591879,0.7185063632779486,0.7240392400375097,1.6119435182264,0.0020106652509953027,1.00000039932405,2.6621603329430847,1,-0.7656331316492365,-0.6649640874227292,1.0141283418575633,-2.4328909488200368,-0.002319524861451005,1.0000001443005053,0.9620032066931355,1,-1.3708737691602426,0.89162717842797,1.6416155995463504,2.563846705278695,0.0001557935304722476,1.0000000383827683,0.2558851223537783,1,0.4542907702504777,5.153002871704059,5.1775148202760715,1.4837741706414647,0.018969130313568998,1.000000001095416,0.007301692524104325,0
2.64,-0.003753618841468001,0.004731690645043524,-4.325512170666457e-11,0.28276744028231654,-0.1490678822289925,0.31351422098633486,-0.47772461951133954,4.397374446771071e-05,1.0000026818104069,17.87872959354949,1,-0.17137643091896276,0.6985904866729996,0.7251326072784974,1.8155747940319737,0.0018810905899383395,1.0000003987531452,2.6583543016173836,1,-0.6781880839339224,-0.7529002048691741,1.012584339683197,-2.310486012094713,-0.002403981103883643,1.0000001442831898,0.9618877693780931,1,-1.42416097012226,0.8141064738751407,1.6466536016168425,2.6210021582866574,0.00011617870941693645,1.000000037858526,0.25239017444612655,1,0.39939484646108264,5.160277786179099,5.18028907904221,1.4944636144199281,0.01896844290343062,1.0000000010936771,0.00729010004740066,0
2.66,-0.0037536188409625195,0.004731690644893905,-4.382324798185566e-11,0.2985846678292956,0.09366410572531327,0.3102621103966557,0.3233930838941418,5.616701986406453e-05,1.0000029532126293,19.68807774284156,1,-0.3100210111998606,0.649637264109361,0.7261721850445017,2.0186057593290783,0.0017053925972331278,1.000000398049932,2.6536662130533677,1,-0.5803753732391453,-0.8294721553164732,1.0108581648368509,-2.1876844544642626,-0.0024873225070949916,1.000000144347178,0.962314356729124,1,-1.4723968210586333,0.7336898173629257,1.6512144155551227,2.6778251944320175,7.978649758226377e-05,1.0000000373603624,0.24906908256887056,1,0.3444540462467602,5.166965963423644,5.183065582317841,1.5051416045895367,0.01896564491963514,1.0000000010919388,0.007278510881065668,0
2.68,-0.0037536188461773567,0.0047316906446895415,-4.443625328809375e-11,0.1680904349962127,0.2898629589514201,0.33716939049071754,1.0640769298349881,6.643563509803355e-05,1.0000031291323637,20.86087597252614,1,-0.4357468542749672,0.5737812883631264,0.7271153629980639,2.221081018763957,0.0014879874202701998,1.0000003972443567,2.648295712276452,1,-0.473634903529551,-0.8934527299035876,1.0089753146862817,-2.064442954401608,-0.002578689772888039,1.0000001444920765,0.9632803470648944,1,-1.515453667342821,0.6506831384071345,1.6552859420925936,2.7343517654744836,4.417269717820963e-05,1.000000036889005,0.24592669920056082,1,0.28947467855810943,5.173067586688784,5.185844001091287,1.5158081494102433,0.01894900350243162,1.000000001090201,0.007266926441528657,0
2.7,-0.0037536188528595744,0.004731690644470532,-4.5126279449303475e-11,-0.03127966829707578,0.3716352181524176,0.3782752044187655,1.6655528094688479,7.087811167077902e-05,1.0000031483376217,20.98891102608327,1,-0.5434536834660868,0.47423125526721294,0.727923766147241,2.423067220438916,0.0012459011533542212,1.00000039637012,2.6424674673465036,1,-0.35955511849804206,-0.9437892907587724,1.0069638795062368,-1.9407240930091791,-0.0026770548632362064,1.0000001447163955,0.9647758077808156,1,-1.5532195161768647,0.5653944499144654,1.6588575601504454,2.7906177810639297,7.825472584010078e-06,1.0000000364450676,0.24296711755502765,1,0.23446303657841014,5.178582906791377,5.188624016970167,1.5264632561531697,0.018914945084058478,1.0000000010884642,0.007255348142822509,0
2.72,-0.00375361885798671,0.004731690644279313,-4.5886037157438775e-11,-0.22359018681770768,0.3452085421597657,0.4179271205621527,2.148279112237568,7.186248636322421e-05,1.0000030605555976,20.40369753157528,1,-0.628803107898035,0.3551272660017158,0.7285647244717847,2.624650057144446,0.001005599957959167,1.000000395463242,2.6364216133921765,1,-0.23985360037003992,-0.9796228404365616,1.0048542013145785,-1.8164970562455025,-0.002773066096355006,1.0000001450175282,0.9667833589977723,1,-1.5855976274048258,0.47813344547587744,1.6619201008384978,2.8466590948619914,-2.8754437581425832e-05,1.0000000360290646,0.24019376486100047,1,0.17942539702873134,5.183512241650233,5.191405325457572,1.5371069339676973,0.018869029611010554,1.0000000010867287,0.00724377739276706,0
2.74,-0.0037536188611160272,0.0047316906441387625,-4.669268010432104e-11,-0.3683962219445431,0.24279136422579267,0.4477879828942277,2.5553220951866207,7.364656713518489e-05,1.0000029222175428,19.481443832562768,1,-0.6883771984750993,0.22136785256766744,0.7290124797172863,2.8259306762476317,0.0007807591828395431,1.0000003945606197,2.6304041317216766,1,-0.11635492557938437,-1.0003053702132851,1.0026784869915735,-1.6917382812644122,-0.0028588401920736422,1.0000001453917382,0.9692780912357555,1,-1.6125061500249647,0.3892111564516737,1.6644658145513327,2.902511501823056,-6.470360296527942e-05,1.0000000356414234,0.2376094894790782,1,0.12436801948395912,5.187855975816729,5.194187627537044,1.5477391948403252,0.0188167821997549,1.0000000010849945,0.007232215592822377,0
2.7600000000000002,-0.0037536188625788324,0.004731690644057642,-4.75234704019889e-11,-0.4484321796165232,0.09640426797954554,0.46429859447077554,2.921515966752703,7.766029166448411e-05,1.0000027691468154,18.460972316348162,1,-0.7198002319133896,0.07841394619475602,0.7292491110555119,3.027021651913127,0.0005709564214148116,1.0000003936986166,2.624657443900328,1,0.00903419189800608,-1.005415027337794,1.0004703689199146,-1.5664320367906366,-0.00292930691037676,1.000000145834158,0.9722275579636878,1,-1.6338778075362432,0.2989396600836281,1.666488339031016,2.9582107382619904,-9.93385592448406e-05,1.000000035282497,0.23521664635053274,1,0.06929714569899897,5.191614559999958,5.196970625297982,1.5583600531659276,0.0187619937805937,1.0000000010832617,0.007220664135314144,0
2.7800000000000002,-0.00375361886269588,0.0047316906440375405,-4.835877878694994e-11,-0.4574089006466051,-0.0661464312399117,0.46616238287952744,-3.0099503543961466,8.279556428117252e-05,1.0000026231083128,17.487382299994565,1,-0.7218216601981564,-0.06792331695388114,0.7292651692745137,-3.0551426420248124,0.00037063323358285677,1.0000003929117007,2.619411338122411,1,0.134352350691827,-0.9947685970250175,0.9982644188253649,-1.440570921083626,-0.0029813081571548224,1.0000001463388044,0.9755918664948613,1,-1.6496596341488798,0.20763183003822513,1.6679826734815373,3.013792485252031,-0.00013214534723249315,1.0000000349525777,0.23301718455387554,1,0.014218998945247677,5.1947885105880385,5.199754021078165,1.5689695253623495,0.018707518746514527,1.0000000010815306,0.007209124398356349,0
2.8000000000000003,-0.0037536188616208582,0.0047316906440761815,-4.9181241544571375e-11,-0.3947338726129461,-0.21905391123917278,0.4532568438927544,-2.649639943071561,8.801595654155286e-05,1.0000024999271437,16.66617450631965,1,-0.6943592412433016,-0.2117044455735917,0.7290600132542545,-2.8540693012803366,0.00017639875951876155,1.0000003922312117,2.6148747452748613,1,0.25761328001521966,-0.9684307685588517,0.9960956206129924,-1.314156254742047,-0.003012984145638736,1.0000001468986082,0.9793238909037979,1,-1.6598127632655362,0.1156011206685544,1.668945157768341,3.069292375878242,-0.0001627477682197742,1.00000003465191,0.23101273301735875,1,-0.04086021664190131,5.197378409166272,5.202537517516169,1.5795676296982148,0.018655889848274883,1.0000000010798018,0.007197597741590852,0
2.8200000000000003,-0.003753618859332291,0.004731690644168266,-4.997432415804193e-11,-0.26499507767490943,-0.33529804967837223,0.42652702264213443,-2.2556971566663497,9.175438462217416e-05,1.0000024157839584,16.105219936519145,1,-0.6385018541482332,-0.3470868975043203,0.7286418303283325,-2.6528233045138174,-1.2393155128837872e-05,1.0000003916843387,2.611228925421618,1,0.3768376777154138,-0.9267196525800544,0.9939988084725304,-1.1871983447944043,-0.0030233240562257094,1.000000147505469,0.9833696301483683,1,-1.6643122697332167,0.02316137634306192,1.669373456137546,3.124746006065881,-0.0001908518146865676,1.0000000343807012,0.229204674304916,1,-0.09593431670399595,5.199384902032017,5.205320817732322,1.5901543862533847,0.018609734000273305,1.000000001078075,0.007186085503896184,0
2.8400000000000003,-0.0037536188556769484,0.0047316906443043575,-5.07209847039336e-11,-0.08186931245847556,-0.38395241347879794,0.3887912824119125,-1.7958063679011766,9.324454453520037e-05,1.0000023934375781,15.95624406891942,1,-0.5564719681067111,-0.4685477709347362,0.7280273355934934,-2.4512907954744643,-0.00019243430579469448,1.0000003912931719,2.608621145235478,1,0.4900865887404484,-0.8702080442088616,0.9920080784981558,-1.0597165974037561,-0.0030115401489403935,1.0000001481503342,0.9876687322615973,1,-1.663147067517622,-0.06937334221654724,1.6692665463122272,-3.1029963589138387,-0.00021612330914301317,1.0000000341391304,0.2275942028600948,1,-0.1509971372887539,5.200808699705916,5.208103625451421,1.600729817000074,0.01857231679825247,1.0000000010763503,0.007174589002829589,0
2.8600000000000003,-0.0037536188506563546,0.0047316906444670155,-5.140364349454085e-11,0.12152578027312162,-0.33165433052045723,0.34687531789329373,-1.2279844090368848,9.498278821683876e-05,1.0000024673280739,16.448847373406924,1,-0.451548178192196,-0.5710977157589063,0.7272411732738452,-2.2493687264923112,-0.000352399591402535,1.000000391073846,2.607158973218758,1,0.5954957103476858,-0.7997199886800405,0.990156184592546,-0.9317394588268547,-0.0029761712086190475,1.0000001488233041,0.9921551977400769,1,-1.6563198639533352,-0.16168892202061225,1.6686247152400302,-3.047528540127879,-0.00023802888417555798,1.000000033927356,0.2261823733492698,1,-0.20604253546759801,5.20165057643908,5.21088564453909,1.6112939460742868,0.01854839190468695,1.0000000010746286,0.007163109535396655,0
2.8800000000000003,-0.0037536188456269532,0.004731690644623723,-5.201040292890369e-11,0.278025704355554,-0.16127635660764972,0.3146232196676805,-0.5199393757620827,0.00010178810507705988,1.0000026676286797,17.78418474575416,1,-0.3279487814334694,-0.6504796085753144,0.726315033578042,-2.046968916351245,-0.0004745697048610881,1.0000003910358868,2.60690591260793,1,0.691309883842743,-0.716322305592537,0.9884739333653217,-0.8033041684981779,-0.0029151896610637895,1.0000001495137631,0.9967582585701452,1,-1.6438471709132663,-0.25347135962026895,1.667449561864364,-2.9920002707425484,-0.0002559744309122697,1.0000000337455217,0.2249701446076944,1,-0.26106438994155107,5.201911369716045,5.213666575861791,1.6218468001975792,0.018543737306358606,1.0000000010729093,0.007151648380242852,0
2.9000000000000004,-0.0037536188446379566,0.004731690644729514,-5.2556046320484384e-11,0.3025467267481175,0.08060068984999824,0.3095740178232867,0.2800366498831452,0.00011374518309348174,1.0000029395174188,19.596776338981464,1,-0.19067819600704988,-0.7033451536208204,0.7252864950685882,-1.844021697448513,-0.0005535882866336986,1.0000003911817612,2.607878407704662,1,0.7759169229215832,-0.6213108644729475,0.9869895973699242,-0.6744563127888417,-0.002831407267525678,1.0000001502105444,1.0014034673059695,1,-1.6257593726668877,-0.344406928114722,1.6657440023852315,-2.9363759478326816,-0.0002705947763250311,1.000000033593763,0.22395842039729025,1,-0.31605660163566957,5.201591979752852,5.216446109265453,1.6323884081995657,0.01855761390943169,1.0000000010711931,0.007140206801561161,0
2.92,-0.0037536188494915962,0.004731690644765344,-5.3090644727693537e-11,0.17842676204440044,0.2818960437605238,0.3351646466043002,1.0272354201721274,0.0001246356338812299,1.0000031237464808,20.82497008612748,1,-0.04533921558056996,-0.7274022305277422,0.7241976075611307,-1.6404790027086145,-0.0006066307052071849,1.0000003915066424,2.610044282498822,1,0.8478798472216035,-0.5161915709443288,0.9857283578449816,-0.5452491661375404,-0.002737978262791593,1.0000001509021264,1.0060140130117088,1,-1.6021008498413802,-0.4341823570088769,1.6635122703062266,-2.880619924272175,-0.00028417421237084996,1.000000033472213,0.22314808632692368,1,-0.37101309428278767,5.200693368989996,5.219223922199678,1.6429187982933222,0.018577929433816025,1.00000000106948,0.007128786051790712,0
2.94,-0.0037536188560828997,0.004731690644759155,-5.365176358740342e-11,-0.019470117586907917,0.3701981991938832,0.3759653428114603,1.6362907143756786,0.00012915188495063153,1.0000031506341005,21.004220883797817,1,0.10208434217137229,-0.7215256917981391,0.7230932489510072,-1.4363167521700961,-0.000638840748984368,1.0000003919984206,2.6133228036606093,1,0.905966553691582,-0.40265621897433457,0.9847117793451277,-0.41574282351043573,-0.002644032687112323,1.000000151576844,1.0105121299939996,1,-1.5729301585577222,-0.5224850327269164,1.660759927381687,-2.8246965057498197,-0.00029764312818669205,1.0000000333810064,0.22254004208082212,1,-0.42592781499740234,5.199216561581917,5.221999696089399,1.6534379970874244,0.018598473695721568,1.00000000106777,0.0071173873687278835,0
2.96,-0.003753618861221674,0.0047316906447443996,-5.423903600559887e-11,-0.21349390703715698,0.3488901937835119,0.4159703483712887,2.1243514175786102,0.00012706660481516256,1.0000030670484836,20.446983438622976,1,0.2454681422264579,-0.6858246217154995,0.7220193197457059,-1.2315363792399907,-0.0006418808911233655,1.000000392637985,2.6175865674709717,1,0.9491759654942086,-0.2825535794234569,0.9839573449939699,-0.28600315630038564,-0.002549156775006956,1.0000001522231203,1.0148206387002043,1,-1.538320263480403,-0.6090032277906334,1.6574938963201322,-2.7685699476086456,-0.00031048628221227466,1.000000033320284,0.22213522769813723,1,-0.4807947348386863,5.197162642884549,5.2247731227881165,1.663946032132145,0.018622265467237928,1.000000001066064,0.007106011974132584,0
2.98,-0.0037536188643806758,0.004731690644736276,-5.483710187326185e-11,-0.36146931887159445,0.24974556812596707,0.44648539851219854,2.5345240620798926,0.00012168180096598686,1.000002930371431,19.535803087714957,1,0.378802470088352,-0.62165999235361,0.7210208357435439,-1.0261653321764188,-0.0006141441529641563,1.0000003933998047,2.622665364153883,1,0.9767597573962291,-0.1578563049577311,0.9834780804032771,-0.15610060422666952,-0.002451289582019699,1.000000152829713,1.0188645910248733,1,-1.4983588231542013,-0.6934263668959483,1.6537224934481913,-2.7122044489905006,-0.00032235774103204584,1.0000000332901966,0.22193464333520277,1,-0.5356078493616537,5.194532758939216,5.227543897345308,1.6744429330474708,0.018652260898456632,1.0000000010643613,0.007094661078502328,0
3.0,-0.003753618865882512,0.004731690644736941,-5.5431922940663014e-11,-0.4452534819914264,0.10500644824061833,0.46376987892882027,2.9022094370004985,0.00011604775772416134,1.0000027774556688,18.516364672506224,1,0.4964514553735758,-0.5316083241946017,0.7201399906817175,-0.8202564414359397,-0.0005625793987495362,1.0000003942528155,2.6283521039243887,1,0.9882388740826706,-0.03062443062763663,0.9832822713338537,-0.026108825301562374,-0.0023491800833831664,1.0000001533859655,1.0225729407179402,1,-1.4531485254579923,-0.7754453383742128,1.6494554589210082,-2.655564153811938,-0.00033332570196632316,1.0000000332909045,0.22193936262496966,1,-0.5903611791575424,5.191328115951631,5.230311713579415,1.6849287310945489,0.018689156380899873,1.0000000010626624,0.007083335885132858,0
3.02,-0.003753618866057995,0.004731690644742922,-5.601392526893845e-11,-0.4581489146709759,-0.05732759775871098,0.4664425006627751,-3.0290679823576894,0.00011124716750301221,1.000002630602303,17.537342235453153,1,0.5934041680980472,-0.4193694160830858,0.719414282113466,-0.6138860963132536,-0.0004971731680457707,1.000000395161615,2.6344107670939256,1,0.9834142248299242,0.09703357959433999,0.9833732818180608,0.10389675460031572,-0.002241999987303394,1.000000153882051,1.0258801773962818,1,-1.4028074703316054,-0.8547528598496472,1.6447039907673013,-2.5986131607427376,-0.0003436846071567819,1.000000033322581,0.22215053944958021,1,-0.645048770384442,5.187549979767033,5.233076263464553,1.6954034586799365,0.01873217179339353,1.0000000010609678,0.007072037590691889,0
3.04,-0.0037536188650721496,0.0047316906447488465,-5.657681267923209e-11,-0.39930381617870003,-0.2114221135202233,0.4543270393863386,-2.6698263702132987,0.00010710951263207208,1.0000025057901576,16.705261264615025,1,0.6655043903925707,-0.2896193598046197,0.718874800629653,-0.40715123941773934,-0.00042506499812246273,1.0000003960879265,2.6405861764512957,1,0.9623711461679653,0.2230011630359563,0.9837494804019725,0.2338404468303416,-0.002129005773147102,1.0000001543092039,1.028727863039162,1,-1.3474695961700884,-0.9310439072675358,1.639480783864242,-2.541315542288899,-0.0003538051206366662,1.000000033385411,0.22256940773204892,1,-0.6996646952882652,5.183199675342719,5.2358372377730165,1.7058671490705382,0.018779788026399357,1.000000001059277,0.0070607673841565615,0
3.06,-0.0037536188629128664,0.004731690644748584,-5.711576437500421e-11,-0.2729703666692806,-0.33040370337666186,0.42829937920021294,-2.2784529988668263,0.00010360479650272455,1.0000024190282497,16.126848545448027,1,0.709645862164731,-0.14781366075574526,0.7185447808882217,-0.2001652706274772,-0.000345479584034371,1.0000003969922813,2.6466152087315478,1,0.9254774607472325,0.34519421547805434,0.9844042777753997,0.3636478125329577,-0.0020094766864729497,1.0000001546599262,1.0310660112567598,1,-1.2872851453778575,-1.0040162168114444,1.6338000731938587,-2.4836353739965213,-0.00036400909269701276,1.000000033479591,0.22319727429434957,1,-0.754203052713928,5.1782785862184495,5.238594327060837,1.7163198362654954,0.018830305843014684,1.0000000010575911,0.007049526445477954,0
3.08,-0.0037536188594297698,0.004731690644734328,-5.762563343170157e-11,-0.09213574673676392,-0.38359061671895506,0.3910358855508892,-1.8231506191537465,0.0001017393573282424,1.0000023925492916,15.950322158067896,1,0.7239209712564519,5.1020271307121445e-05,0.7184385033977561,0.006946959708249887,-0.00024613434747429365,1.0000003978358332,2.652238887891018,1,0.8733752092679683,0.4616007136255171,0.9853262740352152,0.4932471355338622,-0.0018826275345153042,1.000000154928163,1.032854256242437,1,-1.2224211634442748,-1.0733708695313835,1.6276776806880446,-2.425536775343119,-0.0003744207003008866,1.0000000336053259,0.22403550530917432,1,-0.8086579686067418,5.17278815398511,5.241347222769903,1.7267615550176827,0.01888254102750496,1.0000000010559096,0.007038315944143519,0
3.1,-0.0037536188545949276,0.0047316906446929425,-5.8100250305281875e-11,0.1115306707222903,-0.3375216686074132,0.34906379190690806,-1.2623185490479614,0.00010345315153490619,1.0000024601874862,16.401243454518852,1,0.7077132428726242,0.14770465758300014,0.7185606175116651,0.2140548077023408,-0.00010231944756974434,1.0000003985821997,2.6572146643806462,1,0.8069663753675321,0.5703182913091766,0.9864995089658204,0.6225708109204452,-0.0017472537023388922,1.0000001551094397,1.0340627686783073,1,-1.1530620245489105,-1.1388129688592055,1.6211310653469593,-2.3669839639727726,-0.00038481023393357284,1.0000000337628259,0.2250855051954514,1,-0.8630235965041325,5.166729877751919,5.244095617980861,1.737192341085924,0.018936887804605382,1.0000000010542327,0.007027137037460491,0
3.12,-0.003753618849635151,0.004731690644598849,-5.853760358387472e-11,0.27287866825113316,-0.17315951649155525,0.3158119823535127,-0.5617778172651366,0.0001103142434383414,1.000002653761483,17.69173676686387,1,0.6617274225830969,0.28888681988202136,0.7189059294474821,0.4210278196431347,0.00011679144845331876,1.0000003991992161,2.6613281069170345,1,0.7273931437447994,0.6695887652161034,0.9879038042648667,0.7515566091166781,-0.0016023399345801758,1.0000001552009572,1.0346728855499547,1,-1.0794099753023445,-1.2000524215681054,1.6141793770923936,-2.3079413242687505,-0.0003948483292674136,1.0000000339523027,0.226348685300615,1,-0.9172941180177775,5.160105313612523,5.246839205807371,1.747612231749036,0.018995418243049907,1.0000000010525607,0.0070159908687507915,0
3.14,-0.0037536188484947708,0.004731690644415126,-5.895967481600595e-11,0.3060323952187129,0.06749651753766274,0.30898292825968837,0.23658060635828237,0.00012134832732372079,1.0000029255944516,19.503956557424427,1,0.5879551006135968,0.41762909904236123,0.7194596684478188,0.6277416840514807,0.000423666835550138,1.0000003996604834,2.6644032218909453,1,0.6360134149290725,0.7578287614891129,0.9895151859295243,0.8801487803891731,-0.001452549068013695,1.0000001552016369,1.0346774164880284,1,-1.0016856866791413,-1.2568048328664778,1.6068435123096045,-2.2483734892779337,-0.0004058595210254751,1.0000000341739632,0.2278264218586392,1,-0.9714637433062357,5.1529160741100775,5.249577672334649,1.758021265687042,0.019055149222424156,1.0000000010508938,0.007004878566125402,0
3.16,-0.0037536188533029815,0.004731690644129938,-5.942302119116283e-11,0.18853077144707217,0.2736597284749136,0.33320935024010234,0.9900220266651605,0.00012950793052117986,1.0000031179092377,20.786055131290862,1,0.48957821958293346,0.5285213565302949,0.7201982137811707,0.834083804616159,0.0007869626865405183,1.000000399946583,2.6663105533828433,1,0.5343724355813951,0.8336557859959707,0.9913063827859827,1.0082989791883232,-0.001306761006684371,1.0000001551121047,1.0340805356624563,1,-0.9201288022396884,-1.3087925261750266,1.599146159075686,-2.1882454386207297,-0.00042126218514570605,1.0000000344280007,0.22952000395197064,1,-1.0255267115385376,5.145163827701398,5.252310693502217,1.7684194805267979,0.01910167333640287,1.0000000010492323,0.006993801240101893,0
3.18,-0.003753618860117103,0.004731690643780703,-5.997268046759041e-11,-0.007656308231487785,0.36850875339216327,0.3736581436911855,1.6067105627060692,0.00012675725923148284,1.0000031526266935,21.017504837727063,1,0.37081692880262707,0.6169475574636044,0.7210902225383511,1.0399581949611045,0.001130374374253298,1.0000004000458351,2.666972234867402,1,0.4241714871639757,0.8959092942424269,0.9932473909236351,1.1359670099638142,-0.0011560638196171436,1.000000154934587,1.0328970839096765,1,-0.8349984684262405,-1.3557456978086675,1.591111833838895,-2.12752262646807,-0.00044223726966062727,1.0000000347145857,0.2314305713962151,1,-1.079477291349618,5.136850298221792,5.255037950888959,1.778806911385481,0.0191254245146307,1.000000001047576,0.0069827599754310144,0
3.2,-0.0037536188655697194,0.004731690643413737,-6.061305363874725e-11,-0.20326832569208675,0.3524144903269856,0.41399109593565786,2.1002212737493147,0.000117984281686149,1.0000030733953815,20.48929609061747,1,0.23673161422803785,0.6792795267509842,0.7220980419701971,1.2452894430474017,0.0013372870751591436,1.0000003999546583,2.666364387992892,1,0.3072346091222128,0.9436665304081764,0.9953060813572819,1.2631213708292222,-0.0009763047713769617,1.0000001546727266,1.0311513480783951,1,-0.7465738302029512,-1.3974037162367585,1.582766931183826,-2.066171136911894,-0.00046765948934191474,1.0000000350338563,0.23355904106405667,1,-1.1333097812867228,5.127977264352977,5.257759141517355,1.7891835933046674,0.019127447536209607,1.0000000010459256,0.006971755822611542,0
3.22,-0.0037536188690308315,0.0047316906430578355,-6.132965923305589e-11,-0.35435724983797534,0.25663712058805527,0.4451481715619734,2.5136156635596447,0.00010841801832119733,1.0000029384777964,19.589845523954107,1,0.09299121780613197,0.7130203413407575,0.7231793141412831,1.4500256604434945,0.0013168927142043088,1.00000039967756,2.664517065719099,1,0.18547431344996224,0.9762530978330197,0.9974488405371544,1.3897395575655744,-0.0007565078614391591,1.0000001543314323,1.0288760521936402,1,-0.6551544726794039,-1.4335165747348488,1.5741397735563867,-2.0041578565685123,-0.000496490821385137,1.0000000353859029,0.23590601985360501,1,-1.1870185102446436,5.118546559093186,5.260473972194869,1.7995495628478746,0.01911030759057525,1.0000000010442807,0.006960789797155465,0
3.24,-0.0037536188708009927,0.00473169064272817,-6.210635478121063e-11,-0.44186677649270145,0.11362889215972923,0.4632003702711603,2.8828636346460828,9.994259794816754e-05,1.0000027857785172,18.571850328981494,1,-0.054378906971234146,0.7168928024603857,0.7242887728709161,1.6541403959827545,0.001078640116711908,1.000000399226948,2.661512986975385,1,0.06085717559191768,0.9932483876550042,0.9996412019153947,1.5158081301485058,-0.0005184200521742842,1.0000001539168883,1.0261124264324033,1,-0.5610607865249717,-1.4638465048452132,1.5652606472741357,-1.9414506715894586,-0.0005281158832369767,1.0000000357707555,0.23847170356815534,1,-1.240597837889199,5.108560069227178,5.263182154865676,1.8099048580249164,0.019075350142178416,1.0000000010426415,0.006949862883262239,0
3.2600000000000002,-0.0037536188712108997,0.004731690642433388,-6.292894417364581e-11,-0.4586753994527334,-0.04841136550450359,0.4666790289709737,-3.0481600221931857,9.249909260995207e-05,1.000002638157393,17.58770950037092,1,-0.19925639147488225,0.6908720045558943,0.7253802096901018,1.8576333997718022,0.0007089338861251904,1.0000003986226464,2.657484310166999,1,-0.06462993467890908,0.9944861427197168,1.0018484125064622,1.6413225961756883,-0.00030217661280684225,1.0000001534365777,1.0229103549135343,1,-0.46463423192066444,-1.4881697560454485,1.5561618262650643,-1.878018694507179,-0.0005620664552812468,1.0000000361883643,0.24125576129666956,1,-1.2940421550692947,5.0980197347952725,5.26588340561027,1.8202495180160285,0.019023317582126383,1.0000000010410084,0.006938976038877521,0
3.2800000000000002,-0.0037536188704291435,0.004731690642179001,-6.378432417658564e-11,-0.40366949778461036,-0.20361223719244945,0.4553540595130958,-2.689914046186207,8.508743962442093e-05,1.0000025117633258,16.74508238593923,1,-0.33567632867563685,0.636164111134407,0.7264084772172288,2.06053015838799,0.00029376866171788694,1.0000003978908503,2.6526056691740894,1,-0.18901233899384565,0.9800505802460832,1.0040359432371921,1.7662871804370555,-0.0001390793348783507,1.0000001528990832,1.019327057735709,1,-0.3662374726372867,-1.50627854434659,1.5468775833962958,-1.8138325220671812,-0.0005978438997482431,1.0000000366385808,0.2442572048468818,1,-1.3473458842176187,5.0869275485608245,5.268577444901663,1.8305835830680388,0.01895501111895008,1.0000000010393817,0.006928130202710731,0
3.3000000000000003,-0.003753618868447572,0.004731690641968197,-6.465892925244798e-11,-0.28077510118251503,-0.3252379804938263,0.4300343007663599,-2.301012753378543,7.713812766797818e-05,1.000002422451332,16.149669093325645,1,-0.45807040429276824,0.5551358691548209,0.7273313665774832,2.2628803132774595,-0.00011194446003419377,1.0000003970627167,2.6470847783933174,1,-0.31035821325180546,0.9502685791721541,1.0061699827857864,1.8907144988206854,-4.201310762903482e-05,1.0000001523137751,1.0154250053214746,1,-0.26625434870050363,-1.5179831690999517,1.5374441867499613,-1.7488645246487955,-0.000634815461642486,1.0000000371211364,0.24747424287524158,1,-1.400503479740279,5.075285555475279,5.2712639981160985,1.8409070945269932,0.018871742992443163,1.000000001037761,0.006917326302830847,0
3.3200000000000003,-0.003753618865116366,0.004731690641800665,-6.553729087199756e-11,-0.10231864113712458,-0.38285092299687395,0.3932602127295832,-1.8501644757507552,6.975937512002365e-05,1.000002391948238,15.946315133363825,1,-0.5614823182128895,0.4512010450672802,0.7281112725338932,2.4647551801234657,-0.00047612006869783774,1.000000396172874,2.641152494239369,1,-0.42680701483736316,0.9056984558070302,1.0082179209322695,2.0146251286394863,-9.296744379992974e-06,1.0000001516905472,1.0112701515498492,1,-0.1650896531507698,-1.523114292983846,1.5278998775626285,-1.6830891677004123,-0.0006720847064334412,1.000000037635618,0.25090411954588365,1,-1.453509428396242,5.063095852140158,5.273942796072718,1.851220094993441,0.018775881204677797,1.000000001036147,0.006906565264638057,0
3.3400000000000003,-0.003753618860381236,0.004731690641668823,-6.640167062033075e-11,0.10142723635975474,-0.3429348083467244,0.35127154534354393,-1.2961885532083575,6.615620320494646e-05,1.0000024534597138,16.35639163907094,1,-0.6417532034427638,0.3286708466052864,0.7287166158981379,2.6662445652949787,-0.0007788680497627683,1.0000003952579446,2.6350529633596356,1,-0.5365953976799558,0.8471158507603546,1.0101488053443666,2.138047082198746,-2.9733553873556785e-05,1.000000151039614,1.0069305968666262,1,-0.06316867584823009,-1.521525374851703,1.5182848266497004,-1.616483365183782,-0.0007082592068278107,1.000000038181441,0.25454293879772993,1,-1.506358249667771,5.050360586266196,5.276613575257845,1.8615226286798272,0.018671772346203076,1.0000000010345393,0.006895848015962885,0
3.3600000000000003,-0.003753618855348774,0.004731690641550649,-6.723714293666028e-11,0.267339315602647,-0.18469567739388013,0.3170797590369674,-0.6032414669632329,6.997033164713694e-05,1.0000026402035045,17.601350243981734,1,-0.6956726261068723,0.1925756515347153,0.7291230027039143,2.8674530404629497,-0.0010098314453004013,1.000000394355098,2.6290339861491097,1,-0.6380804566588529,0.7754972365902638,1.01193375793806,2.2610152034874655,-8.626022030089221e-05,1.000000150371345,1.0024754698434521,1,0.0390635246931613,-1.51309523863499,1.508641067027558,-1.5490268639819436,-0.0007414653347569548,1.0000000387578218,0.25838547836163683,1,-1.5590444961228005,5.037081956130561,5.279276075929892,1.8718147420553102,0.018566004108236465,1.0000000010329384,0.006885175488701905,0
3.3800000000000003,-0.003753618853849926,0.0047316906414094605,-6.805119228542322e-11,0.30903638355344215,0.0543794763123616,0.30849127469869075,0.19302471477002353,8.02913362570034e-05,1.000002911439085,19.409587447228876,1,-0.7210922943991042,0.04846520696300469,0.7293140979902889,3.068495819029253,-0.0011778315316843414,1.000000393500662,2.6233377471319144,1,-0.7297602382343787,0.6920015222810945,1.0135463415340882,2.383570507286906,-0.00016446809279807974,1.0000001496961113,0.9979739127124541,1,0.1411431618137779,-1.497730753925507,1.499012400956048,-1.4807026543311632,-0.0007711890645997939,1.0000000393637491,0.26242499484942794,1,-1.6115627537696546,5.023262210033139,5.281930034409782,1.8820964840513397,0.018461267450135002,1.0000000010313443,0.006874548618470516,0
3.4000000000000004,-0.003753618858329859,0.004731690641228596,-6.888698118878711e-11,0.19838908350874435,0.2651698339092459,0.3313060013587559,0.9524116184551217,8.975515201368664e-05,1.0000031115848431,20.743892501759326,1,-0.7170007645075949,-0.09780590311031478,0.7292821951528035,-3.0136909496963966,-0.0013186531803065207,1.0000003927288148,2.6181920993158796,1,-0.8102915290433136,0.5979501807856749,1.0149628757894549,2.5057594695095546,-0.0002625374602293906,1.0000001490241464,0.9934941468741622,1,0.24258911406923353,-1.4753695958562258,1.4894442702540809,-1.4114973973961318,-0.0008000775565913785,1.0000000399979527,0.2666530176331978,1,-1.663907642404382,5.008903645752433,5.284575176675189,1.89236790387991,0.018348494426197605,1.0000000010297574,0.006863968342754485,0
3.4200000000000004,-0.003753618865045144,0.004731690641038945,-6.978005499813644e-11,0.004151269701061479,0.3665775469646458,0.37135292307390005,1.576782881979714,9.366318534479585e-05,1.0000031542773706,21.028509350995577,1,-0.6835582374201137,-0.24030111703512314,0.7290284819356718,-2.812613513556363,-0.0014637714126234367,1.0000003920703844,2.613802561876475,1,-0.878504989297061,0.4948062664896845,1.0161627178440666,2.627633285042398,-0.0003782778976156655,1.0000001483654175,0.9891026205298933,1,0.3429047101048908,-1.4459830428019147,1.4799835747840777,-1.3414018738516087,-0.0008295822727045709,1.000000040658871,0.27105913947463034,1,-1.716073815951587,4.9940086100023375,5.287211231241857,1.9026290490361037,0.0182213709685756,1.0000000010281773,0.006853435593824047,0
3.44,-0.0037536188704675897,0.00473169064088076,-7.072631629662096e-11,-0.1929243041840557,0.35579231927906174,0.41198656763035496,2.0758688987163896,9.260912961763041e-05,1.0000030795693178,20.53045566617283,1,-0.6220910852370322,-0.3732269560306509,0.7285630049887795,-2.611336953420637,-0.0016247233314439925,1.0000003915517712,2.6103451413810754,1,-0.9334177338273865,0.3841526268525891,1.0171285028150436,2.749247122576002,-0.0005015330186675552,1.0000001477295106,0.9848632406666792,1,0.4415799402634317,-1.4095787599918084,1.4706784561782624,-1.2704114546440077,-0.0008583338146732395,1.000000041344622,0.2756308132946657,1,-1.768055962798687,4.978579497892403,5.289837940489577,1.9128799673097872,0.018084079181688195,1.0000000010266048,0.0068429512895126846,0
3.46,-0.0037536188738708756,0.004731690640775325,-7.170293612329681e-11,-0.3470743414703755,0.26347650191818806,0.44377328136723504,2.4925874969498474,8.89028059377353e-05,1.0000029465186702,19.643451349035498,1,-0.5350461610224159,-0.491154241542976,0.7279043203356216,-2.4097484668590172,-0.001804315682687245,1.0000003911940112,2.60796007458536,1,-0.9742434815677612,0.26766955113254426,1.0178463300834157,2.8706593750012033,-0.0006228348355652112,1.0000001471255282,0.9808366911387709,1,0.5380941246901211,-1.3662035067258524,1.4615780510450003,-1.1985265707248163,-0.0008847306244788593,1.000000042052974,0.28035316034213914,1,-1.8198488061217977,4.962618752391585,5.292455055630661,1.923120708549343,0.01794251516902713,1.0000000010250396,0.006832516330061634,0
3.48,-0.003753618875544485,0.004731690640728406,-7.268678887950575e-11,-0.4382904486172238,0.1222801318378434,0.46258818212796043,2.8634762352897547,8.454666569372417e-05,1.0000027941019112,18.627339621929305,1,-0.42590538158260033,-0.5892292846663598,0.7270788351187714,-2.2077470079476864,-0.0019993850116106896,1.0000003910119901,2.6067466005806272,1,-1.0004003963134198,0.14711204253804844,1.018305904813508,2.991930901198788,-0.0007365325764753572,1.000000146561999,0.9770798301109307,1,0.6319190594884609,-1.3159456948660366,1.4527321974687044,-1.1257531679948873,-0.0009077363147189648,1.0000000427813196,0.2852087973333534,1,-1.8714471042025664,4.946128863793691,5.295062331019795,1.9333513246611005,0.01780093153581604,1.0000000010234817,0.00682213159874034,0
3.5,-0.003753618875832064,0.004731690640737887,-7.365876745352162e-11,-0.4590103201146485,-0.039392103686037995,0.46687194359281403,-3.067225807919657,8.02450591236465e-05,1.0000026457607711,17.638398688071277,1,-0.299061675489146,-0.6633685416326737,0.7261198549626847,-2.0052473178904515,-0.0022002014154035563,1.0000003910138326,2.6067588847356857,1,-1.011516730592641,0.024286851637411472,1.0185006417734517,3.1131242654442994,-0.000839871585291417,1.000000146046798,0.9736451573254536,1,0.7225226514042632,-1.2589377168261136,1.4441910920716123,-1.0521031384772674,-0.0009267091696789729,1.0000000435266538,0.2901776927909191,1,-1.9228456507366545,4.9291123691839935,5.297659522138365,1.943571869249333,0.017662313431667995,1.0000000010219319,0.006811797961689419,0
3.52,-0.0037536188749186664,0.004731690640797802,-7.460314831175818e-11,-0.40785586132829604,-0.195622174239462,0.4563400183461497,-2.7099037546543636,7.555104449826255e-05,1.0000025178315244,16.7855370431068,1,-0.159658282547101,-0.7104298285432765,0.7250663539313659,-1.802183514714723,-0.002391800206806947,1.000000391200487,2.6080032463338707,1,-1.0074343623388469,-0.0989706295469397,1.0184277320833741,-3.0488823303553243,-0.0009319878449550839,1.0000001455870797,0.970580368063074,1,0.8093730375562107,-1.195357953212312,1.4360049002382476,-0.9775947133702607,-0.0009412249389436879,1.0000000442855597,0.29523706386827697,1,-1.9740392751343683,4.911571851907513,5.300246385153547,1.9537823973733248,0.01752896441327949,1.0000000010203896,0.006801516266706064,0
3.54,-0.0037536188728121657,0.004731690640899639,-7.550610050394146e-11,-0.2884365566692426,-0.3198031769836835,0.4317359653382963,-2.323384194319605,6.912196516905372e-05,1.0000024260322677,16.173541999729593,1,-0.01339465361129338,-0.7283528619948372,0.7239614925425728,-1.5985120902679562,-0.002556827661008381,1.0000003915655313,2.610436875332014,1,-0.9882102837331161,-0.22081954150663788,1.0180881714635999,-2.927654578346729,-0.0010133070945898678,1.000000145189223,0.9679279909311256,1,0.8919431699428801,-1.1254323644838755,1.4282233222424765,-0.9022528008595118,-0.0009509703935513751,1.0000000450541988,0.30036132540504723,1,-2.025022842813429,4.893509941039346,5.302822676976749,1.9639829654206622,0.017402915280164646,1.0000000010188552,0.006791287342176162,0
3.56,-0.003753618869374345,0.004731690641031749,-7.635423456692214e-11,-0.11244587923801182,-0.3817412752531888,0.3954697582031616,-1.8768698658732643,6.033080741424811e-05,1.0000023916021128,15.944007632334289,1,0.13369615670768187,-0.7162618312212484,0.7228509216380775,-1.3942141535939356,-0.0026788333575503247,1.0000003920952365,2.6139682426408344,1,-0.9541160686744045,-0.3394367444990555,1.0174867502579572,-2.8063146671173156,-0.0010845700181129677,1.0000001448587812,0.9657250446669501,1,0.9697158251484543,-1.049435568400218,1.4208951190844568,-0.8261092506101482,-0.0009556376172154968,1.0000000458283154,0.30552210272024277,1,-2.075791255483734,4.874929310857159,5.305388155576217,1.9741736310883449,0.01728642926236892,1.0000000010173289,0.00678111199677096,0
3.58,-0.0037536188645361404,0.00473169064117617,-7.713399623882067e-11,0.0911910287978967,-0.34790644589141495,0.3535034744440691,-1.3296349348785343,5.3237170141729046e-05,1.000002447097644,16.31397784112078,1,0.2754917589730835,-0.6745231161426805,0.7217809252328055,-1.189296760021256,-0.0027466559828784715,1.0000003927689047,2.618459364239291,1,-0.905635310579241,-0.45303996638292965,1.016632007544186,-2.684800811944917,-0.001145516741024785,1.0000001446004305,0.9640027066396374,1,1.042188978458586,-0.9676913064958694,1.4140676037878024,-0.7492030268703579,-0.0009547569536659503,1.0000000466032477,0.3106883180052361,1,-2.1263394514240153,4.855832680315667,5.307942580287213,1.9843544535556694,0.01718291813426124,1.0000000010158108,0.006770991019937794,0
3.6,-0.003753618859296828,0.004731690641301943,-7.783608653444407e-11,0.26138656643417757,-0.195894940501376,0.3184290134202981,-0.6443784920865044,5.6344027469565564e-05,1.000002626907801,17.512712220958804,1,0.4060374158609399,-0.604752329263385,0.7207964759463479,-0.983793183966878,-0.002756601628452314,1.0000003935594952,2.623729968128182,1,-0.8434589858423269,-0.5599108481516134,1.0155361501564915,-2.563053321502826,-0.001194893707903809,1.0000001444179267,0.9627860156871876,1,1.1088814594303513,-0.8805722092414967,1.4077861071072935,-0.6715802732924206,-0.0009476429753103233,1.0000000473739534,0.31582635628479383,1,-2.176662405750317,4.836222812522946,5.310485710522199,1.9945254939853387,0.017097497050414155,1.0000000010143009,0.0067609251832787525,0
3.62,-0.0037536188573654133,0.004731690641364198,-7.847395042809291e-11,0.31152972956205355,0.04123943527030885,0.3080996858966352,0.14931886141446984,6.737674093878716e-05,1.0000028970096366,19.31339112479011,1,0.5198048039557916,-0.5097666919245388,0.7199392882628329,-0.7777620425879541,-0.0027085301427262217,1.0000003944346099,2.629564066089144,1,-0.7684786657617646,-0.6584178028149513,1.0142149340079065,-2.4410153548530182,-0.0012363193486026696,1.0000001443140647,0.962093602260934,1,1.1693387838792026,-0.7884987816792434,1.4020934323964838,-0.593294253550463,-0.0009345572000120608,1.0000000481350475,0.32090031599926344,1,-2.2267551306761533,4.816102514218225,5.3130172987585045,2.0046868158073483,0.01703175027101885,1.0000000010127994,0.006750915243580789,0
3.64,-0.0037536188614846946,0.00473169064133714,-7.909878654843716e-11,0.2079727525599338,0.25640518661001943,0.32945234353377795,0.9143475472340401,7.829082648034222e-05,1.0000031047266698,20.69817134643491,1,0.6119400372807966,-0.39348135960680536,0.7192459449648111,-0.5712852028330607,-0.002627995209266232,1.0000003953577925,2.6357186160914856,1,-0.6817774742568882,-0.7470385698731544,1.0126874976348097,-2.3186336751124297,-0.001282434981385912,1.0000001442906399,0.9619374368504147,1,1.2231390360485004,-0.6919375490543299,1.397029313365383,-0.514405148567803,-0.0009185206037134822,1.0000000488808538,0.3258723590159395,1,-2.2766126757643788,4.795474635250225,5.31553708248849,2.0148384827047763,0.016975050621514307,1.0000000010113064,0.006740961947208401,0
3.66,-0.003753618868137201,0.004731690641244896,-7.975842902796515e-11,0.015931614375095132,0.3643808244451617,0.36904532558321224,1.5464630934915602,8.461988971798155e-05,1.0000031555578117,21.037045625415516,1,0.6784876355096168,-0.26075161232022703,0.7187462017063077,-0.3644644755053734,-0.002543683794050054,1.000000396290024,2.6419334930862686,1,-0.5846186721468012,-0.8243823033414233,1.0109761483123028,-2.195859410976163,-0.0013391143058640827,1.000000144348414,0.9623225974784437,1,1.2698986568384414,-0.5913983248054049,1.392629870230021,-0.4349797003291319,-0.0009025605271437214,1.000000049605475,0.33070316739263106,1,-2.3262301281718614,4.774342068055984,5.318044795104542,2.02498055604434,0.016917188174626348,1.000000001009822,0.0067310660308782366,0
3.68,-0.003753618873637026,0.0047316906411257326,-8.046175271197997e-11,-0.18247870864544619,0.3590025601968952,0.4099527668875428,2.0512645596558543,8.563964977178768e-05,1.000003085560499,20.57039687489398,1,0.7165773237437446,-0.1171665061900124,0.718461580758297,-0.1574172474295002,-0.0024628879647925193,1.0000003971914577,2.64794305133971,1,-0.47843174396638166,-0.8892109782279366,1.0091061171948397,-2.0726488138315573,-0.0014018529796863014,1.0000001444870832,0.9632470582815675,1,1.3092779811334585,-0.48743059173106895,1.3889270789273056,-0.3550907151397055,-0.0008874408735602672,1.0000000503028776,0.33535251828324,1,-2.375602612888037,4.752707747141873,5.320540179831153,2.0351130963018544,0.016857992610298075,1.0000000010083463,0.00672122821844282,0
3.7,-0.0037536188771496396,0.004731690641001657,-8.119771435083356e-11,-0.3396362885457339,0.27024478619590003,0.4423581727463499,2.4714183304519124,8.264264008089066e-05,1.0000029544937439,19.696618506378563,1,0.7245619801032419,0.03119675041140309,0.7184043458636472,0.049728753028429405,-0.0023840809403704684,1.0000003980232748,2.6534884985712495,1,-0.36479587337529007,-0.940459841057467,1.0071052719571245,-1.948963985726582,-0.001465604081461127,1.00000014470525,0.96470150363705,1,1.3409863604254713,-0.3806190182232317,1.3859482872500664,-0.2748164239860085,-0.0008731483349170863,1.0000000509669946,0.339779963876588,1,-2.4247252929663667,4.730574648567642,5.323022987144984,2.0452361649076782,0.016799391402497144,1.0000000010068795,0.006711449221151135,0
3.72,-0.0037536188789434877,0.004731690640880994,-8.195421077883402e-11,-0.43453977431566243,0.13094210692175579,0.46193209154827547,2.8440291373652338,7.792901607881423e-05,1.0000028024287522,18.682851894654714,1,0.702097685864452,0.17804521003376017,0.7185769188069079,0.25684129053452004,-0.002301610355757811,1.000000398749538,2.658330254078022,1,-0.24542072030952206,-0.977256567292805,1.0050037759490924,-1.8247735741440136,-0.0015271454524315694,1.0000001450004015,0.9666691809688259,1,1.3647867099778128,-0.2715781653661465,1.3837157872433807,-0.19423969662384363,-0.0008596980923503356,1.0000000515918335,0.34394555698863877,1,-2.473593369747995,4.707945789432096,5.32549296976351,2.055349824354893,0.016741763356053384,1.0000000010054215,0.006701729741075483,0
3.74,-0.003753618879365613,0.004731690640766067,-8.272245128476685e-11,-0.4591682631712095,-0.030288169379936253,0.4670206873739124,-3.086283337766057,7.305398555508472e-05,1.000002653415292,17.68942882686015,1,0.6501604739418886,0.317154591660769,0.7189717729460376,0.46378971802726765,-0.002205182672768457,1.0000003993389264,2.6622595095718555,1,-0.12212445898801048,-0.9989387263627618,1.0028336971124858,-1.700053423805549,-0.001584270587880045,1.0000001453688958,0.9691258096813903,1,1.3804993309197184,-0.160946476996078,1.3822464538079142,-0.11344712494579143,-0.000847195679812984,1.0000000521715882,0.3478105879562277,1,-2.5222020830783243,4.684824227359673,5.327949881154063,2.0654541378403577,0.016684294106268455,1.0000000010039727,0.006692070473164539,0
3.7600000000000002,-0.003753618878607077,0.004731690640657225,-8.349597662576924e-11,-0.4118759067902228,-0.1874716572567495,0.4572842446334764,-2.7298146142390647,6.806123816883415e-05,1.000002523996128,16.826634401514106,1,0.5709986408069492,0.442649822360064,0.7195718105455806,0.6704509699540789,-0.002081600713893993,1.0000003997662352,2.6651082352869118,1,0.0031908978635467786,-1.0050690984901607,1.0006285694214998,-1.5747871671249336,-0.0016352047916180714,1.0000001458059593,0.9720395658288509,1,1.3880048752294187,-0.04937967850423074,1.3815514642740234,-0.032527999551501985,-0.0008357758706701766,1.0000000527007495,0.35133833076010773,1,-2.570546711517533,4.661213059988545,5.330393475822662,2.075549169011029,0.01662568642807134,1.000000001002533,0.006682472104644066,0
3.7800000000000002,-0.003753618876680351,0.00473169064055403,-8.426881761836036e-11,-0.29596436704696916,-0.31412124091537197,0.4334029197622878,-2.345587622885478,6.228118571962563e-05,1.0000024297703491,16.198462541247213,1,0.4680238884075663,0.5492662101996251,0.7203511976768848,0.8767151037627949,-0.0019188836915133823,1.0000004000135472,2.666756981791533,1,0.12856677659145915,-0.9954483422414627,0.998422909020151,-1.4489667323908908,-0.0016783184451376833,1.0000001463056991,0.9753711644063796,1,1.3872463467650462,0.062456261983764,1.381636110079307,0.048426792212958765,-0.0008255092879503901,1.0000000531742184,0.35449478839762905,1,-2.6186225725455747,4.6371154244610535,5.332823510210159,2.085634981850993,0.016564703323158014,1.0000000010011023,0.006672935312632313,0
3.8000000000000003,-0.0037536188734472497,0.004731690640454395,-8.503366413781244e-11,-0.12252049723235375,-0.38028529756026397,0.39766165412261517,-1.9032868596339005,5.600934153755647e-05,1.0000023915084013,15.943382889959642,1,0.3456485756515726,0.6325774500870679,0.7212765999979911,1.0824900844292529,-0.001710825795204752,1.0000004000710017,2.6671400112263677,1,0.25201770453537453,-0.9701244838251923,0.9962516887360312,-1.3225927474278547,-0.0017118200856124782,1.0000001468611337,0.9790740619167774,1,1.3782300642122463,0.17389243545365268,1.3824997070493732,0.1293259150932845,-0.0008162750891066362,1.0000000535874114,0.35724940928907134,1,-2.6664250227618416,4.612534496917264,5.335239743880753,2.0957116407036107,0.01650077436096731,1.0000000009996812,0.006663460760862598,0
3.8200000000000003,-0.0037536188688143918,0.004731690640351168,-8.578091535704768e-11,0.08082938697226932,-0.35245640692622643,0.3557546662879608,-1.3626700094394035,5.245256462407349e-05,1.0000024411035275,16.274017064829216,1,0.20907953746579463,0.6891794671421912,0.72230873881313,1.2877055777429545,-0.001459548196334851,1.0000003999371285,2.6662475230940466,1,0.37156301786565316,-0.9293986950277564,0.9941497771025161,-1.1956748158875392,-0.0017332377986864814,1.000000147464244,0.9830947965201831,1,1.3610255497725539,0.28426436927192805,1.3841356067038484,0.21007874768285917,-0.000807600267696922,1.0000000539363612,0.3595757407744217,1,-2.7139494580795054,4.587473491992144,5.337641940781798,2.105779210508935,0.016434985545178294,1.0000000009982695,0.006654049096029901,0
3.8400000000000003,-0.0037536188636683385,0.004731690640225121,-8.650244149449593e-11,0.255032257730446,-0.2067606888293992,0.31985417402715477,-0.6851722844836172,5.668622167333485e-05,1.000002613906772,17.426038693754936,1,0.06408098068114601,0.716822597249283,0.7234041713425254,1.492315604530158,-0.0011760608337913956,1.0000003996187476,2.6641249835930614,1,0.4852601456031629,-0.8738268524841339,0.9921513518780724,-1.0682316444527857,-0.0017388574769913582,1.0000001481060463,0.9873734794977361,1,1.3357643477466783,0.39291928843886625,1.3865313071972756,0.29059652178003603,-0.000798686862837677,1.0000000542177985,0.36145198918999405,1,-2.7611913139143827,4.561935662316834,5.340029869168398,2.115837757425413,0.01637090714397299,1.0000000009968673,0.006644700944482146,0
3.8600000000000003,-0.0037536188615746304,0.004731690640042556,-8.720919646154623e-11,0.31350652778072974,0.02808400429721994,0.3078071849865737,0.10550296395249639,6.795364404031597e-05,1.0000028823617404,19.21573848288332,1,-0.08328020920231366,0.7144883274110077,0.7245171931419871,1.6962999947195863,-0.0008888078314470332,1.0000003991304685,2.6608697894740803,1,0.5912388645746873,-0.8042164300448688,0.9902893015173698,-0.9402910009240398,-0.0017276029609486383,1.0000001487767,0.9918445043737267,1,1.3026378171282336,0.49922307527239385,1.3896686616062255,0.37079340381906434,-0.0007895046322179944,1.0000000544292191,0.3628614614014593,1,-2.8081460653676817,4.535924298024125,5.34240329581059,2.1258873494604216,0.01631027044650948,1.0000000009954746,0.006635416910987736,0
3.8800000000000003,-0.003753618865541635,0.004731690639785747,-8.794801779204997e-11,0.21726465898004169,0.24735993419055907,0.32765116551811707,0.87585138972608,7.980752842847234e-05,1.0000030973623542,20.6490759090534,1,-0.22689372898096022,0.6824103348715533,0.7256017696675071,1.8996646565596749,-0.0006527687367062212,1.0000003984938501,2.6566256677668876,1,0.6877357927874254,-0.7216183696172721,0.9885946235014836,-0.8118894770077991,-0.0017109325600238362,1.0000001494656439,0.9964374623152793,1,1.2618939794952797,0.602566757180547,1.3935241846423958,0.45058749049565655,-0.000781865162956892,1.00000005456893,0.3637928674045505,1,-2.8548092274017707,4.509442726257369,5.344761976723973,2.1359280549854964,0.016243821881441255,1.0000000009940917,0.006626197581141035,0
3.9000000000000004,-0.0037536188722954657,0.004731690639486081,-8.876350782865972e-11,0.027673734121623217,0.3619029532166736,0.3667380110160503,1.5157596195408403,8.959895670766993e-05,1.000003156481692,21.043204826961233,1,-0.360857881415635,0.6220425397144543,0.726613421007138,2.102440756633372,-0.0005097023300118083,1.0000003977362963,2.651575308974744,1,0.7731282810596324,-0.627313712655968,0.9870958224960631,-0.6830720426300793,-0.0017007968289014022,1.0000001501617524,1.0010781866970924,1,1.2138335353051537,0.7023723750153065,1.3980694407658159,0.5299017038674153,-0.0007765954373910834,1.000000054636072,0.3642404809767425,1,-2.9011763550088894,4.482494310681829,5.347105665351472,2.1459599400122658,0.016161744027171396,1.0000000009927186,0.006617043524098601,0
3.9200000000000004,-0.0037536188779942366,0.004731690639190375,-8.965968592566931e-11,-0.1719354172681489,0.3620285149465789,0.40789157158667355,2.02641439112474,9.831532449774962e-05,1.000003091382038,20.60920713407395,1,-0.4797143628168469,0.5359791254243391,0.727510979385588,2.3046829534602633,-0.00046200233563504985,1.0000003968897648,2.645931765306551,1,0.845966777719921,-0.5227949427690428,0.9858183325586016,-0.5538914074070657,-0.0016980943133751629,1.0000001508535246,1.0056900012225594,1,1.1588051855002712,0.7980981136792863,1.4032714804917457,0.6086645572712953,-0.000772442257693415,1.000000054630624,0.3642041595764499,1,-2.947243043373514,4.455082450998829,5.3494341279470285,2.155983069254796,0.01606455262391667,1.0000000009913554,0.0066079552935480925,0
3.9400000000000004,-0.0037536188816849917,0.004731690638928084,-9.061773640489657e-11,-0.33204269540362363,0.276927284290825,0.44090442050819434,2.45011420628229,0.00010525241111377818,1.0000029624172142,19.7494416425714,1,-0.5786578854145805,0.42783293282863155,0.7282581583087373,2.506466816792635,-0.0004894064774242918,1.0000003959893615,2.6399290773181274,1,0.9050046975515198,-0.4097421806686061,0.9847839948519893,-0.42440718384308296,-0.0017008371640778398,1.0000001515292967,1.0101951479994233,1,1.0972004123952268,0.8892426108068856,1.4090933254299978,0.6868107677493198,-0.0007679421093110639,1.0000000545533818,0.3636892127534975,1,-2.993004928027648,4.427210582462893,5.351747142715086,2.1659975082491205,0.015955965623226157,1.000000000990002,0.006598933432546203,0
3.9600000000000004,-0.003753618883611369,0.004731690638712578,-9.161612787855766e-11,-0.4306123950725467,0.13960306714810033,0.46123409710728075,2.8245274647348837,0.0001087789428625028,1.0000028107737156,18.738484984384716,1,-0.6537147538268286,0.3020793659173378,0.7288249052669371,2.70788557888179,-0.0005598186345675838,1.0000003950718614,2.6338124095927546,1,0.9492248317871123,-0.2899945836263516,0.9840105996277841,-0.29468485341029044,-0.0017080872739795427,1.0000001521774757,1.0145163422442254,1,1.0294478824133606,0.9753483937158897,1.4154944967838363,0.7642817163680122,-0.000761983757606647,1.0000000544059209,0.36270613878044283,1,-3.038457684998293,4.398882175400034,5.354044494444092,2.1760033237896472,0.015838792792764646,1.000000000988659,0.006589978481945998,0
3.98,-0.003753618884124748,0.004731690638548806,-9.263595359548793e-11,-0.45914682447697286,-0.02110799960874457,0.46712833663889586,-3.105330794878834,0.00011067413360128401,1.0000026611342898,17.74088881216648,1,-0.7018863264591526,0.16387311592194856,0.7291885096854281,2.909046356718517,-0.0006441661989437305,1.000000394174263,2.627828420659237,1,0.9778613938310744,-0.16551751548671492,0.9835115034612976,-0.16479456045101604,-0.0017193956210920975,1.000000152786786,1.0185784090911814,1,0.9560076322273044,1.056004428701822,1.4224315661448201,0.8410257593134819,-0.0007536614379988539,1.0000000541905374,0.36127024912664707,1,-3.0835970309480945,4.37010073472588,5.356325972151862,2.1860005837426812,0.015714976144934084,1.0000000009873258,0.00658109098665457,0
4.0,-0.0037536188834260834,0.0047316906384374646,-9.366058189436144e-11,-0.41572889855757456,-0.17916600147065517,0.4581910431738383,-2.7496517679605983,0.00011298891570906986,1.000002530266294,16.868435507817924,1,-0.7212547485217107,0.018844794209477166,0.7293344228327167,3.110065980023498,-0.000727398370510426,1.0000003933324861,2.6222165746818864,1,0.9904169077495206,-0.038366254173942176,0.9832953365982615,-0.03480976644277322,-0.0017338736509299299,1.0000001533465168,1.022309949810601,1,0.877365192087504,1.1308477984393823,1.4298587114891514,0.9169983940476724,-0.0007421444774547137,1.0000000539101799,0.35940119907304025,1,-3.128418723310981,4.340869799463959,5.358591368541022,2.1959893568870874,0.01558611938225575,1.0000000009860028,0.00657227149687281,0
4.0200000000000005,-0.003753618881538614,0.0047316906383763225,-9.467425975129284e-11,-0.3033605252858396,-0.30819554027418855,0.4350400335089231,-2.367639542824989,0.00011479205138094168,1.0000024336672366,16.22444179199135,1,-0.7110494376254011,-0.1271158191023389,0.7292567702191713,-2.9721187300175544,-0.0008052952237666779,1.0000003925800942,2.6172006279409774,1,0.9866733099917988,0.0893528236351195,0.9833658122106026,0.09519419728799633,-0.0017495338425303074,1.0000001538467709,1.0256449769130394,1,0.7940257864342278,1.1995645505490422,1.437728265152565,0.9921622900962277,-0.0007265992700101491,1.000000053568367,0.3571224469899963,1,-3.172918560424043,4.311192942265616,5.360840480099287,2.205969712853488,0.01545387441974745,1.00000000098469,0.0065635205651203305,0
4.04,-0.003753618878332589,0.004731690638359639,-9.566067642879927e-11,-0.13254624651620225,-0.3784863007129837,0.39983969980687306,-1.9294468763222055,0.00011501301523414862,1.0000023916584215,15.944383024244287,1,-0.6716735526077964,-0.2680835681748405,0.7289585631705824,-2.7710142716381756,-0.0008802445107558252,1.0000003919470837,2.6129805585617447,1,0.9666968406398685,0.21552251070443335,0.9837216450048404,0.22514163485190475,-0.0017627232173701606,1.0000001542786925,1.0285244543544956,1,0.7065087336232547,1.2618897824114335,1.445991242477246,1.0664871983194628,-0.0007060920290335042,1.0000000531691,0.3544606661215566,1,-3.217092381656146,4.281073768932978,5.36307310753476,2.215941722160626,0.015320383399924696,1.0000000009833878,0.00655483874118735,0
4.0600000000000005,-0.0037536188737020823,0.004731690638375101,-9.660229907670903e-11,0.0703409717984287,-0.3565872588339004,0.3580254979464053,-1.39533639637375,0.000114967007270776,1.0000024354619712,16.236406689485758,1,-0.6046901756040095,-0.39832265934157324,0.7284516057494941,-2.5696868729880498,-0.0009558580956719285,1.000000391458825,2.609725499684123,1,0.9308365357005776,0.33805534378192637,0.9843565819683203,0.354958002009192,-0.0017675186586216308,1.0000001546346766,1.0308976806749877,1,0.6153421454883483,1.3176070436296223,1.454597841401579,1.1399497552788123,-0.0006794253804108866,1.0000000527167698,0.3514451321563362,1,-3.2609360675331747,4.250515917945885,5.365289056423649,2.22590545642677,0.01518910048386831,1.0000000009820962,0.006546226566876051,0
4.08,-0.003753618868437573,0.00473169063839728,-9.748399656950291e-11,0.2482772333425031,-0.21728588111679703,0.32135142084864277,-0.7256532810449814,0.00011853155719079808,1.0000026012045882,17.34135746816902,1,-0.5127683460236047,-0.5125062888892893,0.7277560936634161,-2.368025749696787,-0.001031958796980258,1.0000003911351536,2.6075676905669143,1,0.8797163803825083,0.4549333219686445,0.985259543130645,0.4845713847957459,-0.0017560291997968658,1.0000001549085433,1.0327234595042567,1,0.5210580051217619,1.3665471481264715,1.4634979043547247,1.2125332004367828,-0.0006451664200428566,1.0000000522160661,0.3481071081725842,1,-3.304445539859546,4.219523059993307,5.367488136931613,2.23586098895387,0.015065643315914916,1.0000000009808148,0.006537684571776125,0
4.1000000000000005,-0.0037536188659633863,0.004731690638384663,-9.831002331650573e-11,0.3149529611403428,0.014929169653415644,0.3076095888681378,0.061573370371059075,0.0001279936157788723,1.000002867533363,19.116882633385572,1,-0.3995895459255648,-0.6059249251097781,0.7268999093429019,-2.1659326964992536,-0.0011116460847569727,1.0000003909896211,2.6065974743121214,1,0.8142214272993682,0.5642456523621499,0.9864148673059377,0.6139138920144466,-0.0017237625179538564,1.0000001550956763,1.033971012030085,1,0.42418767906367894,1.4085864930857843,1.472641335653437,1.2842270221041816,-0.0006031336125267885,1.000000051671887,0.34447924603255986,1,-3.347616761835391,4.188098897509302,5.369670158202006,2.245808395480084,0.014954216931759152,1.000000000979544,0.006529213271330959,0
4.12,-0.0037536188695414573,0.004731690638308319,-9.912252355720463e-11,0.2262382775598585,0.23803937401515915,0.3258994102083485,0.8369243153762692,0.00013786980569674697,1.0000030895301035,20.59686090418964,1,-0.2697158895380003,-0.6746766629609459,0.725917618590658,-1.9633260391026655,-0.001213401002808947,1.0000003910289188,2.606859459343896,1,0.7354784061866343,0.6642235105703809,0.9878026609581395,0.7429229213249131,-0.0016756052762575925,1.0000001551931124,1.0346205859331965,1,0.3252578991577201,1.4436449824886834,1.4819784782753163,1.3550265463404076,-0.0005562933075498039,1.0000000510892528,0.34059501951547255,1,-3.390445738168722,4.156247164212733,5.371834917362194,2.2557477530349046,0.014848349031773837,1.0000000009782841,0.006520813168149117,0
4.140000000000001,-0.0037536188761762923,0.004731690638187902,-9.996654892763246e-11,0.03935203296628022,0.3591394801855408,0.36442850883147193,1.4846804163607208,0.00014178699684131308,1.0000031570916943,21.047271509863343,1,-0.12842223239726944,-0.715832670980666,0.7248491836924766,-1.7601441265474906,-0.0013425561185055898,1.0000003912525024,2.6083500161373863,1,0.6448315392547065,0.7532709566781525,0.9893992384493943,0.8715422790112174,-0.0016135058093217696,1.0000001551995836,1.034663728728441,1,0.22478723051547037,1.4716836498174062,1.4914604584304547,1.4249324950379927,-0.0005069626833390011,1.0000000504732298,0.33648819910273625,1,-3.43292851518269,4.12397162464972,5.373982204058722,2.2656791369334273,0.014739081068836311,1.000000000977035,0.006512484752991652,0
4.16,-0.0037536188818880906,0.004731690638061158,-1.0084891775841154e-10,-0.16131692697197259,0.3648614293699558,0.4058017160627653,2.0013331621896406,0.00014081714482480973,1.0000030970799871,20.647193461586607,1,0.018504244814822532,-0.7275704613484552,0.7237384357457195,-1.5563482120865657,-0.0014779334774437279,1.0000003916524456,2.611016303684291,1,0.5438144147829177,0.8299913326236129,0.9911776184565378,0.9997231213520935,-0.0015310148949060926,1.0000001551155209,1.0341033098051144,1,0.12328302603065068,1.4927020682873091,1.5010394774625582,1.4939505348692736,-0.0004546445943419513,1.0000000498288568,0.33219237860402256,1,-3.475061180919367,4.09127607373935,5.376111816308365,2.275602621173232,0.01462668394385154,1.0000000009757963,0.0065042285015291385,0
4.180000000000001,-0.003753618885606705,0.004731690637949516,-1.0175406697787714e-10,-0.32431265527378256,0.2835125357593881,0.4394114044815026,2.4286916062481576,0.00013703618829525785,1.0000029703308455,19.80219918479909,1,0.16499170854025583,-0.7092677320122667,0.722631346249264,-1.35192453881501,-0.001595742088281162,1.0000003922135534,2.6147570224567493,1,0.43411885410552725,0.8932086765200107,0.9931080640133435,1.127424686624672,-0.0014218457139161505,1.0000001549430093,1.0329532330326952,1,0.021238854604357045,1.5067356280601356,1.5106690461458225,1.5620908149417834,-0.00039865306307006605,1.0000000491610848,0.3277405652606585,1,-3.5168398652401334,4.058164336323937,5.378223561375932,2.285518280495854,0.014514539494200788,1.0000000009745689,0.006496044872071336,0
4.2,-0.0037536188875545405,0.004731690637858617,-1.0266487833476834e-10,-0.4265227261229837,0.14824908806431863,0.4604923809217656,2.804987675469652,0.00013202541837034555,1.0000028191707815,18.79446542362707,1,0.3049313326396385,-0.6615500571292514,0.7215741448472753,-1.1468854738163308,-0.0016803228300324104,1.000000392913763,2.6194250874875435,1,0.3175617431272579,0.9419839057777928,0.9951586635057189,1.254614819711446,-0.001283529337542713,1.0000001546856994,1.0312378321887885,1,-0.0808676206005774,1.5138527502327384,1.5203041788251033,1.6293675032109576,-0.0003389931461333043,1.0000000484747245,0.32316482955991127,1,-3.558260739921419,4.024640266723441,5.380317250377133,2.295426190896722,0.014404801928498507,1.0000000009733523,0.006487934307337725,0
4.220000000000001,-0.003753618888091593,0.004731690637786443,-1.0356846543574383e-10,-0.45895369369417494,-0.011868072193160838,0.4671899255195423,-3.1243486993892398,0.00012723613858178553,1.0000026689463568,17.79296925916529,1,0.43243557810445804,-0.5862869120033478,0.7206113569036862,-0.9412695594247531,-0.0017251108198151745,1.0000003937248547,2.624832365342786,1,0.1960507798884219,0.9756257208782998,0.997295932760838,1.381270294746904,-0.0011172925220130085,1.0000001543486823,1.0289910528007546,1,-0.182576345067109,1.5141520977931433,1.5299015518424133,1.6957983361604296,-0.00027608700681332627,1.0000000477744015,0.3184960109071638,1,-3.5993200187454595,3.990707748292789,5.38239269548819,2.3053264293800324,0.014298283781961288,1.0000000009721466,0.006479897237350407,0
4.24,-0.0037536188874315686,0.004731690637727933,-1.0445568542072348e-10,-0.41941300321447406,-0.17072367651104214,0.45905128094627234,-2.7693862757405987,0.00012315571944998836,1.0000025366709178,16.91113299972426,1,0.5420957887325847,-0.4865325137086484,0.7197838494814257,-0.7351403838641182,-0.001731880149010835,1.0000003946134772,2.63075651502053,1,0.07155002495245616,0.9936963631897093,0.9994854189167927,1.5073769443525276,-0.0009274751404447613,1.0000001539383423,1.0262554520228535,1,-0.28344619305567587,1.5077598333487572,1.539419627167282,1.7614041893785952,-0.0002104984794150734,1.000000047064522,0.3137634806393291,1,-3.640013957586628,3.9563706929817997,5.384449709181105,2.315219073677369,0.014194971471148152,1.0000000009709522,0.006471934081052413,0
4.26,-0.0037536188856093517,0.004731690637676779,-1.0531947102626615e-10,-0.310610302562232,-0.30204387722060366,0.436634234270877,-2.389492828822126,0.00011929902092582734,1.0000024377588734,16.251719370190933,1,0.6292263534801921,-0.3664107280072731,0.7191269831455059,-0.528584233728837,-0.001708802202385112,1.000000395542474,2.63694982736094,1,-0.053953954936947254,0.9960125117103221,1.0016922917638664,1.6329296104503737,-0.0007208720412736918,1.0000001534621832,1.0230810584345813,1,-0.38305594407714133,1.494826963435781,1.5488187442308297,1.8262086736276446,-0.00014274585634556925,1.0000000463492438,0.30899495921220654,1,-3.6803388544939617,3.921633040897851,5.386488104332795,2.3251042020455874,0.01409444012793762,1.000000000969769,0.006464045246436665,0
4.28,-0.0037536188825027586,0.004731690637625081,-1.0615304685615556e-10,-0.1424928389656998,-0.3763547732437523,0.4019884932780748,-1.9552735180565137,0.00011532566214571178,1.0000023921032528,15.947348565498705,1,0.6900820580523415,-0.23094668465599824,0.718668970902883,-0.32170656973752443,-0.001666912682829713,1.0000003964724673,2.6431497817857736,1,-0.17848467882011984,0.9826417189301997,1.0038819110992867,1.7579319365258652,-0.0005056449384432068,1.0000001529286457,1.0195241416090421,1,-0.4810049559655766,1.4755268001934976,1.5580611839225398,1.8902377595956712,-7.314681287287691e-05,1.0000000456324576,0.3042163839008817,1,-3.720291049770187,3.886498759871822,5.388507694875685,2.3349818931533046,0.013996328126454053,1.0000000009685968,0.006456231129947519,0
4.3,-0.003753618877992504,0.004731690637560639,-1.0694881048475824e-10,0.059769129074995084,-0.3602896078363147,0.36030179356584696,-1.4275144880933894,0.00011247847283394282,1.0000024302508033,16.2016655697947,1,0.7220357056456385,-0.08585145887749569,0.7184295415038784,-0.11462745616076012,-0.0016151019165605797,1.000000397363628,2.6490908540325506,1,-0.30010653930124775,0.9538948641812937,1.0060203610257321,1.882396024227097,-0.0002894606479439578,1.0000001523469153,1.015645939483619,1,-0.5769135743556629,1.4500525629907184,1.567111208533917,1.9535194333623644,-1.6447847777654582e-06,1.000000044917774,0.29945182640638335,1,-3.759866926047236,3.850971845027532,5.390508296926595,2.344852226134528,0.013901183221698558,1.000000000967436,0.0064484921158630545,0
4.32,-0.0037536188727747208,0.004731690637460662,-1.0770107201907297e-10,0.24115833840734324,-0.22742756701218153,0.3229147466153956,-0.7656495926538827,0.00011390268390970004,1.0000025889175759,17.259444053110787,1,0.7237047685265969,0.06273019746298406,0.7184189908708541,0.09252383672959755,-0.0015556893699285,1.0000003981775416,2.654516944581004,1,-0.4169533793948825,0.9103151454566178,1.0080749439533698,2.0063419785242305,-7.749406162147688e-05,1.0000001517267325,1.0115113867726242,1,-0.6704233168136867,1.4186151352034981,1.5759350799275589,2.0160833837424597,7.22679801745354e-05,1.0000000442085193,0.29472346182475323,1,-3.7990629083581537,3.8150563183548947,5.392489729495953,2.3547152810301406,0.013811477287998359,1.0000000009662864,0.006440828576155208,0
4.34,-0.0037536188701191692,0.004731690637287929,-1.0842174163680496e-10,0.315864716245142,0.0018330143724225034,0.3075167845464041,0.017705488933451898,0.0001212040342425169,1.0000028526273939,19.017509506211297,1,0.6950186966706605,0.20849602294125988,0.7186376844489967,0.29961476121460107,-0.0014889798638564402,1.000000398879052,2.659193679725619,1,-0.5272545780806226,0.8526641414796023,1.0100146272953008,2.1297973636290304,0.00012435574823276498,1.0000001510782066,1.0071878811496482,1,-0.7611968677253784,1.3814409848617462,1.5845010549619571,2.0779607207908075,0.0001483624352964685,1.000000043507738,0.2900515866845914,1,-3.8378754642050406,3.77875622828677,5.394451810474346,2.364571139573819,0.013728892889286748,1.0000000009651482,0.006433240871733546,0
4.36,-0.0037536188735062042,0.00473169063701725,-1.0915970167710287e-10,0.23486142193967618,0.22847269178181373,0.3242168184120137,0.7976580006713312,0.00012813025884856358,1.0000030812251852,20.541494782863435,1,0.6372223192897541,0.34527118380960914,0.7190760509951174,0.5065156116444769,-0.0014259141551261141,1.0000003994379494,2.6629196618983944,1,-0.6293584775658168,0.7819054600226963,1.0118104405756208,2.2527965834513206,0.0002999753318300833,1.0000001504116418,1.0027441160137915,1,-0.8489179177035341,1.3387702525723253,1.5927793608525578,2.1391837196321157,0.00022302345597793508,1.000000042818201,0.2854546737129066,1,-3.8763011036224033,3.7420756492789913,5.396394345731189,2.3744198843959827,0.013645475512976343,1.0000000009640215,0.0064257293563961156,0
4.38,-0.003753618880231075,0.004731690636673308,-1.0996861884646214e-10,0.050941518325584446,0.356093980914676,0.36213437251551506,1.453245147452927,0.00012994392437242839,1.0000031573116896,21.048738145435735,1,0.5528151236532731,0.46728607506732484,0.7197150734662062,0.7131054783029633,-0.0013747571514852324,1.000000399830394,2.665535959923672,1,-0.7217530814573369,0.6991864522019425,1.0134358363267668,2.375380205245186,0.0004341962817166541,1.000000149737374,0.9982489974039818,1,-0.9332908787920406,1.2908550062449378,1.6007421702070892,2.1997855901643235,0.00029184739229200576,1.0000000421424164,0.2809494434908943,1,-3.9143363792358015,3.7050186813923722,5.398317131249276,2.3842615959004108,0.013549916370879616,1.0000000009629062,0.00641829438096662,0
4.4,-0.0037536188861779516,0.004731690636303059,-1.1086289351813772e-10,-0.15063548654164352,0.36749716988792414,0.4036944047116716,1.9760092298366243,0.00013058455977445172,1.0000031025601475,20.683727863277742,1,0.4454305473287027,0.5694317126613496,0.7205272138126676,0.9192776689956862,-0.0013195353178155512,1.000000400040064,2.6669337595702167,1,-0.803084029953068,0.605818422102787,1.014867012617602,2.4975942609186697,0.0005267482700209066,1.0000001490656223,0.9937706523753399,1,-1.0140405038659879,1.237957659541463,1.6083635741964417,2.25980028631399,0.00035337161980544845,1.0000000414826407,0.27655093819576043,1,-3.951977886317284,3.6675894498767003,5.400219970141029,2.394096352065022,0.01343975525141138,1.0000000009618026,0.006410936292723866,0
4.42,-0.0037536188901427106,0.0047316906359390065,-1.1183108042031598e-10,-0.316451303094862,0.28999610886279015,0.43788476155569933,2.40712994170805,0.00013051379830835412,1.0000029781455533,19.85429723588257,1,0.3196632983482306,0.6474794244629489,0.7214777157355475,1.1249443156675316,-0.0012379396094055783,1.0000004000588214,2.6670588100263477,1,-0.8721699149165804,0.5032557022292325,1.0160831811018898,2.619489531196162,0.0005839592126868396,1.0000001484063543,0.9893755327823288,1,-1.0909114352192908,1.1803495489392397,1.6156195358600993,2.31926234676798,0.00040739205580876117,1.0000000408408896,0.27227259654084046,1,-3.989222262838633,3.6297921047580086,5.402102676566236,2.403924230506625,0.013316436627340642,1.0000000009607104,0.006403655433526011,0
4.44,-0.0037536188923127474,0.00473169063559809,-1.1285735974225775e-10,-0.42227393302970845,0.1568767898113639,0.4597096058237367,2.7853890535511194,0.00012883364285908795,1.000002827543687,18.85028479398456,1,0.18085570088809264,0.6982545243364324,0.7225262253646016,1.3300399473594953,-0.0011179596015277959,1.0000003998869418,2.6659129447150423,1,-0.9280150348703547,0.3930739030471504,1.017066789611344,2.7411208099592073,0.0006129850180201707,1.000000147769166,0.9851276111065512,1,-1.163667703770384,1.1183096623294069,1.6224878351797638,2.3782067558688396,0.0004537474999173964,1.0000000402189506,0.26812633721325846,1,-4.026066189521696,3.5916308204293523,5.403965071582407,2.4137453092411625,0.013180953794991797,1.00000000095963,0.006396452140406049,0
4.46,-0.0037536188930458268,0.0047316906352893925,-1.1392778907770573e-10,-0.45859326197529665,-0.002571070835687718,0.46720782155481905,3.139828265026976,0.0001260912415833693,1.000002676787126,17.845241053623194,1,0.03485584768051185,0.7197572315338618,0.7236286211368795,1.5345238939027672,-0.0009612086400801208,1.0000003995329256,2.6635528377227233,1,-0.9698197087368787,0.2769475841392275,1.017803707381449,2.8625461578619658,0.0006207376856042756,1.0000001471631763,0.9810876795460239,1,-1.2320921972112258,1.052123510315329,1.62894801502435,2.4366688251328386,0.0004923264347802929,1.0000000396183981,0.26412265477678987,1,-4.062506389885545,3.553109795244357,5.405806980857705,2.4235596666127686,0.01303365169110451,1.000000000958561,0.006389326746696812,0
4.48,-0.00375361889255915,0.004731690635018531,-1.1502997903159451e-10,-0.42293567225442735,-0.16214760317866062,0.4598687290569986,-2.789041003533866,0.00012317581185480303,1.000002543152457,16.95434326083838,1,-0.11223908332655552,0.7112278185927622,0.724738946893052,1.7383814792914338,-0.0007821215727702381,1.0000003990129207,2.6600861375520224,1,-0.9969882692793186,0.15662753768377052,1.0182833721310474,2.9838261510898345,0.0006130911623863604,1.0000001465969408,0.9773127756818248,1,-1.2959861129844892,0.9820821302645164,1.6349813282552703,2.494684095195217,0.0005232208035032404,1.0000000390406087,0.26027072443768506,1,-4.098539630291059,3.514233251113321,5.407628234332999,2.4333673811528325,0.012874729177207247,1.000000000957504,0.006382279581375959,0
4.5,-0.0037536188908914797,0.004731690634788999,-1.1615152025953868e-10,-0.31772496192873867,-0.29567117882509764,0.4381911579077125,-2.4111794221692366,0.00011971600197856647,1.0000024419879658,16.279913319274037,1,-0.2543415140481681,0.6731563989669092,0.7258113517905095,1.9416240423078361,-0.0006035890106147786,1.000000398349811,2.6556654067950896,1,-1.0091348477988873,0.03391782494119767,1.0184988979446867,3.1050231291317525,0.0005946772908305186,1.000000146078377,0.9738556831083142,1,-1.3551684097906482,0.9084812127442421,1.6405706860988207,2.552288256252472,0.0005468161155474337,1.0000000384867767,0.2565785110589154,1,-4.134162719983673,3.4750054331023277,5.40942866669314,2.4431685315208633,0.012704629545265422,1.0000000009564587,0.006375310966479449,0
4.5200000000000005,-0.003753618887922582,0.004731690634601581,-1.1727842568615143e-10,-0.15237403824452755,-0.3739003815220602,0.4041146527809605,-1.980815698939957,0.00011508821737713138,1.0000023927780146,15.951846977927852,1,-0.38562268738039324,0.6072405980937692,0.7268019526836547,2.1442878839104953,-0.0004490486946172073,1.0000003975720588,2.6504803923225935,1,-1.0060870428191677,-0.08934733202897763,1.018447146215399,-3.0569848639190536,0.00056928966919122,1.0000001456146945,0.970764467257703,1,-1.4094752692090728,0.8316203397980654,1.6457006085919927,2.609517084884498,0.0005638658016322364,1.000000037957932,0.25305287942127075,1,-4.169372511134489,3.4354306090361066,5.411208118264832,2.452963196537372,0.0125244420391357,1.0000000009554253,0.006368421214047197,0
4.54,-0.0037536188835180576,0.004731690634451358,-1.1839421153528318e-10,0.049102972396638654,-0.36357906824343117,0.3625886695883184,-1.459275202402099,0.00011066177833036861,1.000002425392013,16.16927363414887,1,-0.5007428464196607,0.5162964244261666,0.7276705505644806,2.3464322811349945,-0.00033295249929280845,1.0000003967123756,2.6447491714632103,1,-0.9878875363739557,-0.21132672881952544,1.0181287615130468,-2.935763602672344,0.0005405652464544571,1.0000001452123346,0.9680820677977949,1,-1.458759577174244,0.7518023245096783,1.6503571781482769,2.666406395478673,0.0005756327495789765,1.0000000374549554,0.24969970251556137,1,-4.204165898879359,3.39551306910512,5.412966436310767,2.462751455373982,0.012336607210916666,1.0000000009544037,0.006361610624390391,0
4.5600000000000005,-0.0037536188782845105,0.004731690634321254,-1.1948264122887964e-10,0.2336728070453908,-0.237199815131219,0.32454494147854407,-0.8052406930259624,0.00011080663828584873,1.00000257696995,17.17979321491638,1,-0.5950548779133351,0.40412894707932484,0.7283821494686135,2.548136726140759,-0.0002540309341480397,1.0000003958063028,2.638708686303968,1,-0.9547936872313334,-0.33019536988872417,1.0175481726833997,-2.814435276804178,0.0005123388717253966,1.0000001448769162,0.9658459456670216,1,-1.5028904334519089,0.6693326415432296,1.6545279969177573,2.722992005118638,0.000584044018909547,1.0000000369785949,0.2465239656349619,1,-4.238539821355144,3.3552571254768653,5.41470347605747,2.4725333881220553,0.012145831742246021,1.000000000953394,0.006354879486799076,0
4.58,-0.003753618875332813,0.004731690634177373,-1.205429246003975e-10,0.3162368155617608,-0.01121045844313659,0.3075262731549571,-0.026166996198908263,0.00011849820475712941,1.000002837594046,18.917287186730647,1,-0.6647759351871801,0.27536998553942593,0.7289082395935848,2.7494975495739533,-0.00020210847185423025,1.000000394890766,2.6326051078152335,1,-0.9072750947839868,-0.4441676196109429,1.0167135576388708,-2.692938015052279,0.0004849525379992933,1.0000001446131896,0.9640877678094792,1,-1.5417526957233125,0.5845189387456162,1.6582021454099194,2.7793097110094105,0.0005910063416117972,1.00000003652948,0.2435298674153052,1,-4.272491259732313,3.3146671119108877,5.416419097411395,2.4823090768266787,0.01195687326977119,1.0000000009523964,0.006348228083076577,0
4.6000000000000005,-0.0037536188783386503,0.004731690633993061,-1.21610680726969e-10,0.24312457999635803,0.2186505754563392,0.3225985998899449,0.7579923216534213,0.00012755135483782725,1.000003072406217,20.482701661372094,1,-0.7071233004742139,0.13529008981964336,0.7292278159409706,2.9506240691066155,-0.0001807771008028201,1.0000003940026578,2.6266843851799826,1,-0.8460090921798801,-0.5515202517425453,1.0156367638160022,-2.5712119449373447,0.0004493186243632228,1.0000001444249922,0.9628331189903464,1,-1.5752465633272634,0.4976706201997935,1.66137013664576,2.8353952747118756,0.0005963651071129169,1.0000000361081383,0.24072092210012647,1,-4.306017238243144,3.2737473833763886,5.418113153391768,2.4920786052504806,0.011766106050657282,1.0000000009514105,0.006341656693991191,0
4.62,-0.003753618884914627,0.00473169063378857,-1.227295318324828e-10,0.06243564333679767,0.3527566456506649,0.35984894381226185,1.421411049753483,0.00013139880331567198,1.0000031571207038,21.047464905870452,1,-0.7204121287292945,-0.010408165535260744,0.7293281226494593,-3.1315509228780742,-0.00019983697446824744,1.0000003931774866,2.6211832432643143,1,-0.7718740950007512,-0.6506153149504307,1.0143331831129663,-2.4491999580805563,0.000398614479218216,1.00000014431521,0.9621012372656302,1,-1.6032872044158084,0.4090984911268447,1.6640238780402907,2.891284405116073,0.0005991676677373183,1.0000000357150096,0.23810006376885426,1,-4.339114824205464,3.2325023156708723,5.419785488450632,2.501842055914931,0.0115659223188698,1.0000000009504368,0.006335165605409687,0
4.640000000000001,-0.003753618890830121,0.004731690633606859,-1.239052363315174e-10,-0.13989773323879753,0.36992980258476815,0.4015637188068458,1.9504200935857654,0.00013123643303311638,1.000003107822487,20.71881012727482,1,-0.7041137224143241,-0.15580893810606583,0.7292051182909982,-2.930534355362647,-0.00025916150186926977,1.0000003924481202,2.6163208009917036,1,-0.6859407054281949,-0.7399226994635213,1.0128215983286404,-2.326848483218836,0.00033737825482622083,1.0000001442857398,0.961904769905055,1,-1.6258044297580498,0.3191144550348869,1.6661566539830301,2.947012751445924,0.000600296873573724,1.0000000353504617,0.23566974412006872,1,-4.371781128043975,3.1909363050392945,5.421435954432271,2.5115995094123167,0.011356720716957572,1.0000000009494754,0.006328755107785395,0
4.66,-0.003753618894750228,0.004731690633475272,-1.251172412203294e-10,-0.30846810648148365,0.29637486871596935,0.43632069434661014,2.385418572238613,0.0001288466079114068,1.000002985870837,19.90579912806372,1,-0.6588736766811802,-0.2950076449244851,0.7288636389461602,-2.7293892518017606,-0.00036449482308681364,1.0000003918436404,2.6122909365363003,1,-0.5894604545652168,-0.818042246781692,1.011123991685416,-2.2041082451413185,0.00027329267405830024,1.0000001443374567,0.9622495481193059,1,-1.6427424163977526,0.22803125404322838,1.6677631071969825,3.002615910968338,0.0006012792625156117,1.0000000350148024,0.2334320153183004,1,-4.404013303311336,3.149053767795301,5.423064415859026,2.5213510464390705,0.011142820540064382,1.000000000948526,0.006322425491039443,0
4.680000000000001,-0.0037536188968349373,0.004731690633403382,-1.2634128552374557e-10,-0.4178785502314391,0.16548391568136228,0.4588838168109033,2.7657256073607224,0.00012496595276340506,1.0000028359034399,18.90601647915365,1,-0.5864897144871969,-0.42233518533419107,0.7283172512695726,-2.527998046833306,-0.0005337969326192172,1.0000003913883264,2.6092555095732815,1,-0.4838520598682747,-0.8837251921015605,1.0092653012880082,-2.0809350103316313,0.0002136739254977302,1.0000001444701827,0.9631343879618326,1,-1.654059483927811,0.13616224414184877,1.6688392157936764,3.0581294401194112,0.0006033040782378324,1.0000000347082898,0.23138859912601917,1,-4.435808546708905,3.106859139945952,5.424670745549063,2.5310967487738623,0.010927986821458052,1.0000000009475887,0.00631617704045557,0
4.7,-0.0037536188974510182,0.004731690633391031,-1.2755658725452368e-10,-0.4580803864478437,0.006780020081782646,0.46718095143772437,3.120824607234708,0.00012019414240042551,1.000002684666046,17.897767186124227,1,-0.4898494412400784,-0.5325757770543166,0.727587799428171,-2.3262523476033503,-0.0007903019017106276,1.0000003911007809,2.6073385392276585,1,-0.3706850830112622,-0.9358946700451833,1.0072731274541562,-1.9572903163863464,0.00016575732044353934,1.0000001446826636,0.9645509285953048,1,-1.6597279252447743,0.043821197653404476,1.669382275643519,3.1135888665517597,0.0006072142762200614,1.0000000344311424,0.22954094855166987,1,-4.467164098106537,3.064356876820044,5.426254821283877,2.540836699306939,0.010715016101524711,1.0000000009466636,0.006310010034319916,0
4.720000000000001,-0.003753618896831443,0.004731690633433295,-1.2874596744608113e-10,-0.42631296654108064,-0.15344285737036592,0.46064236497640304,-2.80862076646168,0.00011435885984104588,1.0000025497184346,16.998116445347108,1,-0.37282873870058547,-0.6211721048681725,0.7267046500643124,-2.1240571778549326,-0.0011509685420796386,1.0000003909932156,2.6066214371486636,1,-0.251660898615529,-0.9736649517173113,1.0051773902614647,-1.83314217168217,0.00013600999620222253,1.0000001449725513,0.9664835131958869,1,-1.659733892812588,-0.04867787472534441,1.6693908898269352,-3.1141556043555134,0.0006136284317884946,1.000000034183546,0.22789030622305595,1,-4.498077240561108,3.0215514526998586,5.427816524422543,2.550570981906019,0.01050611070722586,1.0000000009457508,0.0063039247421571255,0
4.74,-0.0037536188950311657,0.004731690633522367,-1.2989445456745852e-10,-0.3247201112133048,-0.28908566733160124,0.4397093796285093,-2.4327040632091883,0.0001061241439236276,1.0000024463603738,16.30906270579496,1,-0.24015222747290638,-0.6844111159469042,0.7257036431160363,-1.9213348838005857,-0.001610662791574001,1.0000003910709077,2.6071393849662905,1,-0.12859092802614264,-0.9963590193388653,1.0030099387973983,-1.708465707729764,0.00012705881668808412,1.0000001453363876,0.9689090883457968,1,-1.654077340909569,-0.14102088997654133,1.668864964262675,-3.058697845886881,0.0006230162646497254,1.000000033965664,0.2264377600764802,1,-4.52854530033395,2.978447360456339,5.429355739431021,2.560299681314575,0.010303177695561851,1.0000000009448502,0.006297921422950464,0
4.76,-0.003753618891943819,0.004731690633647479,-1.3098782085038674e-10,-0.16220233943889625,-0.37113460925562697,0.4062162104584646,-2.0060774960092593,9.529003766007454e-05,1.000002393687114,15.957907641307512,1,-0.09721826423482403,-0.7195834049299598,0.7246257598945046,-1.718028559033641,-0.002122272074646159,1.0000003913318312,2.608878873764316,1,-0.0033721559105978176,-1.003524029420713,1.0008041166071808,-1.583243763895047,0.00013195237342507777,1.0000001457695775,0.9717970200611077,1,-1.6427720240541783,-0.23289385464660822,1.6678057089876863,-3.0031876378210853,0.0006357719566941005,1.0000000337776442,0.2251842941759309,1,-4.558565646907296,2.9350491111877814,5.430872353941092,2.5700228831041754,0.01010814307282824,1.0000000009439622,0.006292000323444996,0
4.78,-0.003753618887432351,0.004731690633792507,-1.3201160824205527e-10,0.03833650437029727,-0.3664672895720126,0.3648837578366772,-1.4906189768121747,8.826623347773768e-05,1.0000024208907332,16.139265102558678,1,0.050107642775868155,-0.7251088857976762,0.7235155230847957,-1.514104821018734,-0.0025864275959676104,1.0000003917664502,2.611776333971467,1,0.12203996742219916,-0.9949441733640656,0.9985942959453505,-1.4574673856970948,0.00013010735149781617,1.0000001462663248,0.9751086687071059,1,-1.6258455516531867,-0.3239830302708924,1.6662156452980141,-2.94758942293599,0.0006523311772831902,1.0000000336196249,0.22413083291555996,1,-4.588135692999711,2.891361233862183,5.432366259362871,2.579740673742205,0.009923547179685162,1.0000000009430863,0.006286161676857556,0
4.8,-0.0037536188820290273,0.004731690633930152,-1.3295343471997345e-10,0.22581869483276426,-0.2466051719874211,0.32624050329018645,-0.8444129789371816,9.176960532316122e-05,1.0000025653801004,17.102527550143336,1,0.1957253374857898,-0.7006215496953323,0.7224191597544558,-1.3095557367819128,-0.0028781431426666126,1.0000003923577723,2.6157184823640023,1,0.24566102494612982,-0.9706504179737768,0.9964153972924241,-1.3311362314983317,9.787186582802599e-05,1.0000001468195667,0.978796949273235,1,-1.6033394986318334,-0.41397510998588394,1.6640986193964178,-2.891867600274192,0.0006732030539527016,1.0000000334917418,0.22327827893518792,1,-4.617252894580387,2.8473882749632984,5.433837351632537,2.5894531409994577,0.00975339129137178,1.000000000942223,0.006280405702185911,0
4.82,-0.0037536188786889933,0.004731690634017021,-1.338171886668127e-10,0.316053273692384,-0.024195849946790908,0.3076410511449394,-0.07002183085486129,0.00010213981751020358,1.0000028224608681,18.81639933499747,1,0.33355074181034133,-0.6470067634998213,0.7213826039504524,-1.1043996737145436,-0.0029383328529789584,1.0000003930819412,2.6205462747385315,1,0.3655091899325889,-0.9309265888414897,0.9943023871133126,-1.2042588947611605,3.107593371475863e-05,1.000000147421068,0.9828069569117549,1,-1.5753095713958503,-0.5025574140471011,1.6614598212618767,-2.835986511241131,0.0006981682847306661,1.0000000333941317,0.2226275452785752,1,-4.645914750882051,2.8031347981404147,5.43528552842674,2.599160374904873,0.00960140496545152,1.000000000941372,0.006274732604560594,0
4.84,-0.003753618881260288,0.004731690634015924,-1.3464464916276841e-10,0.25100073509937487,0.20856300880190215,0.3210508427887894,0.7179167820933531,0.00011353533662882375,1.0000030630592736,20.420388704933504,1,0.4577750079804528,-0.5663859657829846,0.7204494970953896,-0.8986809164382239,-0.00284275628261628,1.0000003939093014,2.626062009823803,1,0.4796383780321734,-0.8763112590690652,0.9922897110369882,-1.0768531101435426,-5.704909315180489e-05,1.0000001480617076,0.9870778876963259,1,-1.54182582805098,-0.5894181121461097,1.6583058003177635,-2.779910427211589,0.0007248962480195002,1.0000000333269372,0.2221795818913183,1,-4.674118804411785,2.75860538386166,5.436710677389435,2.6088624677604613,0.009463352336638819,1.0000000009405334,0.006269142578101081,0
4.86,-0.003753618887694183,0.004731690633937338,-1.35490234483282e-10,0.0738163991775372,0.34910548111179146,0.3575762760479485,1.3891435575681594,0.00012114013383626219,1.0000031564824114,21.043209624301692,1,0.563120395904053,-0.4620458012440885,0.7196593215409905,-0.6924681060768576,-0.0027100093690447346,1.0000003948056373,2.6320375824299655,1,0.5861724238393189,-0.8075949760630101,0.9904106442931513,-0.9489457688142161,-0.00014870941661923386,1.0000001487316974,0.9915444869357898,1,-1.5029729513215013,-0.6742464806396027,1.654644479226152,-2.7236035495756887,0.0007511324438112014,1.0000000332903094,0.22193539664785486,1,-4.701862640958943,2.7138046290698665,5.438112671099425,2.618559511175384,0.009330100670545162,1.0000000009397074,0.00626363581070693,0
4.88,-0.0037536188936612546,0.004731690633819042,-1.3637281191455908e-10,-0.129112629734942,0.37213706022488896,0.39941093244788856,1.924528631037438,0.00012528203551508694,1.0000031128340052,20.752220249024518,1,0.6450798832519568,-0.33831161084091194,0.7190456856674479,-0.4858516134627545,-0.0026027923391222893,1.0000003957334669,2.6382231120324136,1,0.6833395775293708,-0.7258124847882652,0.988696618805854,-0.8205727129268303,-0.00022519692487310927,1.0000001494206303,0.996137372908254,1,-1.4588505720533496,-0.7567332030978925,1.6504851888108287,-2.66703002025139,0.000776675675294671,1.0000000332844106,0.22189607046631749,1,-4.729143889600799,2.668737146840077,5.439491381931478,2.628251594644292,0.009199226147713792,1.000000000938894,0.006258212485550144,0
4.9,-0.003753618897687546,0.004731690633686465,-1.3728434404905454e-10,-0.30036845944990825,0.3026290002198107,0.43471884317041554,2.363524559752379,0.00012682951464656632,1.0000029934812895,19.956535477251418,1,0.7001271550988293,-0.2003686808493997,0.7186348028463947,-0.2789398518520866,-0.002538016079227859,1.0000003966535234,2.6443568223044913,1,0.7695064804509643,-0.6322297340428337,0.9871765941578451,-0.6917783091473767,-0.00027654797763161816,1.000000150117528,1.000783357539358,1,-1.4095736406277373,-0.8365707229371536,1.645838713786869,-2.610153930398311,0.0008016374259890996,1.0000000333094148,0.22206276564822836,1,-4.755960222707377,2.623407566039366,5.44084668945949,2.6379388072248577,0.009071853589069617,1.000000000938093,0.006252872779642244,0
4.92,-0.0037536188998974025,0.004731690633549166,-1.3821273509365128e-10,-0.4133416851873758,0.1740520223762252,0.4580143631272977,2.7459689415248687,0.0001262080024706171,1.0000028442306415,18.96153115668433,1,0.7258843484098356,-0.054038400625562456,0.7184442556545211,-0.07185459285079024,-0.00251599924027631,1.0000003975264744,2.6501764959278304,1,0.8432106880667478,-0.5283255978580368,0.9858764796826773,-0.5626148071145876,-0.0003023489659220346,1.0000001508109813,1.0054063791607721,1,-1.3552728429142356,-0.9134536572420149,1.6407173339115848,-2.5529393344375153,0.0008256601244745521,1.000000033365509,0.2224367273183476,1,-4.782309355945358,2.577820530989774,5.442178477094464,2.647621238497617,0.008948378422307376,1.0000000009373047,0.006247616864200834,0
4.94,-0.0037536189006590805,0.004731690633409054,-1.3914922426111476e-10,-0.45742126676797423,0.016166591886273212,0.4671095647801945,3.1017996904599427,0.0001245328492802354,1.0000026925669772,17.95044006114703,1,0.7212368577762854,0.09447998461681707,0.7184821426349005,0.13527450141889968,-0.0025320912455027763,1.000000398314761,2.6554317391465116,1,0.9031907685263596,-0.415768430640851,0.984818606151152,-0.4331414962506623,-0.00030727094279761293,1.0000001514893586,1.009928894070932,1,-1.2960950564818197,-0.9870792812382834,1.635134865591182,-2.495350275570301,0.0008480959671549283,1.0000000334528916,0.2230192778508896,1,-4.808189048279979,2.531980701134071,5.443486629040398,2.6572989785203895,0.008828098954856924,1.0000000009365289,0.006242444907258086,0
4.96,-0.003753618900212586,0.004731690633265425,-1.4008820796093668e-10,-0.42955260700873615,-0.14462954296339425,0.46137410245315313,-2.828152847689139,0.00012301763142268606,1.0000025563524892,17.042343475597242,1,0.6863875832442315,0.2388884653618891,0.7187466782764614,0.3423158216118409,-0.00257861350548817,1.000000398984409,2.659896059750706,1,0.9484130094604002,-0.29638778780675734,0.9840212581453228,-0.3034236736733864,-0.00029785292602118143,1.000000152141048,1.0142734905425148,1,-1.2322038417289036,-1.0571480932498576,1.629106707141336,-2.4373508234926216,0.0008682178374534911,1.0000000335717705,0.2238118037341757,1,-4.833597101974711,2.4858927507036657,5.444771029303071,2.666972117566472,0.008709688854220889,1.0000000009357657,0.0062373570767053675,0
4.98,-0.0037536188986186827,0.004731690633116932,-1.4102540316085488e-10,-0.3316047173693777,-0.28231033360226004,0.4411924746294369,-2.4541008366805968,0.00012200520037111119,1.0000024508550323,16.339027095155583,1,0.6228469444956981,0.3730748304599137,0.7192262782957143,0.5491418756797781,-0.002643677033145847,1.0000003995066793,2.663377862567808,1,0.9780938196641447,-0.17214186099506107,0.9834982820393863,-0.17353144160438236,-0.0002807937986127763,1.0000001527547138,1.01836459504657,1,-1.1637799613846898,-1.1233644703159578,1.622649887355604,-2.37890512516852,0.0008853677001726457,1.0000000337223602,0.22481573422084222,1,-4.8585313625889235,2.439561368388216,5.446031561837226,2.6766407458913797,0.00859161392340717,1.0000000009350152,0.006232353542348806,0
5.0,-0.003753618895773381,0.004731690632961336,-1.419559162059436e-10,-0.17198610267471653,-0.3680848399346952,0.4082970811769187,-2.0311063179065605,0.000121104200189791,1.0000023947993681,15.965322668259816,1,0.5333593606101076,0.4913868484560053,0.7199001248367224,0.7556351112396114,-0.0027099008277471737,1.000000399859441,2.6657296056592803,1,0.9917170204999273,-0.0450813814952755,0.9832587836827932,-0.043538362193091804,-0.0002618708841095716,1.000000153319554,1.022130197317124,1,-1.0910219204190805,-1.1854374248802535,1.6157831164494727,-2.3199774702913216,0.0008991107231845207,1.0000000339048767,0.2260325117253943,1,-4.882989718974178,2.3929912570068286,5.44726811140834,2.6863049535677352,0.008472552191713613,1.0000000009342773,0.006227434476483444,0
5.0200000000000005,-0.0037536188915259323,0.004731690632792975,-1.4287282511585286e-10,0.02746716689160496,-0.36898531706986687,0.36718808548507204,-1.5216081490578333,0.00012058414400780901,1.0000024167048758,16.111359385818993,1,0.42177118407102054,0.5888811437654602,0.7207391723383471,0.9616931582442225,-0.0027541122968659086,1.0000004000281797,2.666854530908375,1,0.9890453818187469,0.08268907784614944,0.9833069270762441,0.08647999347506814,-0.0002449233893838026,1.0000001538255545,1.0255035346211336,1,-1.0141465166833932,-1.243081473057674,1.6085268385354914,-2.2605323734093044,0.0009094272404708828,1.0000000341195332,0.22746355430471416,1,-4.90697010326972,2.3461871331809863,5.448480565187903,2.695964830449396,0.008352047419727681,1.0000000009335521,0.006222600053147107,0
5.04,-0.003753618886326703,0.004731690632596693,-1.437688136943227e-10,0.21760358580515823,-0.2556685788758039,0.32799639247894774,-0.8832219070945534,0.00012292538972134574,1.0000025541205608,17.027463953277664,1,0.2928487822763568,0.6615340380931508,0.7217075260583623,1.1672332107224035,-0.0027493473777344284,1.0000004000065894,2.6667105967583447,1,0.9701259607945568,0.20905133727755165,0.983641841363442,0.2164475582548047,-0.00023118531498439156,1.0000001542637258,1.0284246763579643,1,-0.9333893906177416,-1.296017625046178,1.6009032853682723,-2.20053467449421,0.0009167636530225696,1.0000000343665312,0.22911020824422038,1,-4.930470490897657,2.2991537270094513,5.449668814834171,2.705620466488323,0.008231390452144594,1.0000000009328396,0.0062178504463699024,0
5.0600000000000005,-0.003753618882959703,0.004731690632342039,-1.4464925307891563e-10,0.3153174721501721,-0.037132976642302126,0.30785303719466894,-0.11387354695837525,0.00013102040485315187,1.0000028072539613,18.715019955527463,1,0.1520581905801003,0.7064047607835147,0.7227641037532041,1.37219534273513,-0.0026772562527553044,1.0000003997967224,2.665311483172811,1,0.9352890364287726,0.33191423514904045,0.9842576402980261,0.3462892941534597,-0.00022217266313970073,1.0000001546263169,1.0308419498391945,1,-0.8490055603207567,-1.3439745082122532,1.5929365312737727,-2.1399496581206594,0.0009209608630083904,1.0000000346460531,0.23097368774722063,1,-4.953488900558135,2.2518957817454908,5.450832755786642,2.7152719527112783,0.008112321741324514,1.00000000093214,0.006213185827970537,0
5.08,-0.0037536188854057316,0.004731690632002779,-1.4555436543550737e-10,0.2584802752751871,0.19819767818761164,0.31956712213520533,0.6774413758786262,0.00014117894607770942,1.000003053234507,20.354890260349514,1,0.005319303520945656,0.7217450655843988,0.7238644827799242,1.5765446384567934,-0.0025526704779310276,1.0000003994087168,2.6627247783106234,1,0.8851406818487966,0.4492534767674055,0.9851435600915528,0.4759326816815999,-0.00022667128589846808,1.0000001549069948,1.032713136201235,1,-0.7612699260458804,-1.386689632877008,1.5846525418262936,-2.0787431902011924,0.0009192162887033186,1.0000000349582503,0.23305500175460378,1,-4.9760233942244465,2.2044180534766986,5.4519722771201495,2.7249193816493933,0.00799016292991895,1.0000000009314531,0.006208606366560378,0
5.1000000000000005,-0.003753618891958916,0.004731690631599,-1.4653744277032255e-10,0.08507440887173473,0.34511993335469165,0.35531205951264416,1.3564657321492803,0.00014818277121186497,1.000003155457401,21.03637621982151,1,-0.14125209298573663,0.7070529652750485,0.7249628393530952,1.780272116831072,-0.002407297749169677,1.0000003988601482,2.659067654656728,1,0.8205492639327987,0.5591495821995965,0.9862842131908953,0.6053091389227474,-0.00025328938655733727,1.0000001551009827,1.0340063891436295,1,-0.6704777255001056,-1.423910809838556,1.5760792044592973,-2.016881881902047,0.0009089145195912791,1.0000000353032303,0.2353548688739412,1,-4.9980720771373655,2.1567253108070368,5.45308725465608,2.7345628447120167,0.007855953088759662,1.000000000930779,0.006204112228274983,0
5.12,-0.0037536188981970166,0.004731690631179987,-1.476150941932819e-10,-0.11828463222594957,0.3740955912096797,0.39723449535863103,1.8983668289990603,0.00015372337723862657,1.0000031176618787,20.784406072272162,1,-0.2816018612707619,0.6630716114174969,0.7260138770329051,1.9833945197862541,-0.0022557761128602846,1.000000398175068,2.65450045357768,1,0.7426263830114412,0.6598229061202081,0.9876599279692796,0.734355324990625,-0.0002992297359430055,1.0000001552051636,1.0347009275430623,1,-0.5769449183253013,-1.4553977272978298,1.5672463583573746,-1.9543332908456243,0.0008907169789842419,1.000000035681043,0.23787361985541658,1,-5.019633097799186,2.108822334540382,5.454177565103431,2.7442024303670736,0.007707433655574208,1.0000000009301175,0.006199703574632516,0
5.140000000000001,-0.0037536189024925085,0.004731690630782648,-1.48773367757149e-10,-0.2921514829315456,0.3087358544246332,0.4330804242598536,2.3414806370134484,0.0001551651274137456,1.0000030010422603,20.00694194882894,1,-0.4099835291837987,0.5917370268083455,0.7269746557002497,2.185953058547027,-0.0021041483506528467,1.0000003973827802,2.649218534833754,1,0.6527029541716339,0.7496648562631621,0.9892471648389284,0.8630142776600859,-0.00035696508870604636,1.0000001552181303,1.0347873734116197,1,-0.48100847508295297,-1.4809236930713798,1.5581858299162517,-1.891066147323486,0.0008661379262121477,1.0000000360916628,0.24061108571056536,1,-5.040704647969157,2.0607139173662254,5.455243096061512,2.7538382257131397,0.007546496084873139,1.0000000009294692,0.006195380556913923,0
5.16,-0.0037536189049243275,0.0047316906304260805,-1.4999150771237424e-10,-0.4086573793905792,0.18256178118452968,0.457104300879457,2.7261465240553977,0.00015207949847523793,1.0000028525838194,19.01721901034803,1,-0.5211836285578795,0.4960803079902781,0.7278062679451249,2.3880112421116024,-0.001966133952146325,1.000000396516468,2.6434431212230876,1,0.5523012803861607,0.8272646242606412,0.9910190108945951,0.991236365325606,-0.00041945160248745375,1.0000001551401863,1.0342677461577048,1,-0.38302654300066,-1.50027754555223,1.5489314534089107,-1.8270506044606936,0.0008362494575338624,1.0000000365349706,0.24356647042459412,1,-5.061284962660382,2.012404863548871,5.456283744149707,2.76347031774135,0.007374984363087592,1.0000000009288337,0.006191143312364461,0
5.180000000000001,-0.003753618905858143,0.004731690630119336,-1.5125044944795663e-10,-0.4566057703101103,0.0255745448101637,0.46699705048429685,3.0827729735746248,0.00014886863968265743,1.0000027005400018,18.003593559834073,1,-0.6107192690756875,0.38009104264662985,0.7284752983466002,2.5896519486856096,-0.0018607401858258678,1.0000003956118289,2.637412191637587,1,0.44310405504940853,0.8914309485697199,0.9929457322864227,1.1189800411382445,-0.00048028705912905265,1.0000001549733009,1.0331551757577282,1,-0.2833784576240953,-1.5132657336015392,1.5395190722329883,-1.7622585195726659,0.0008018435825831267,1.0000000370107311,0.24673820828293289,1,-5.081372320136753,1.9638999886205095,5.457299412247797,2.7730987935702265,0.007194210666487763,1.0000000009282108,0.006186991964498138,0
5.2,-0.0037536189055404926,0.004731690629866506,-1.5253327659107974e-10,-0.4326414225272658,-0.13571572800950493,0.4620659751088911,-2.8476257389916193,0.0001472626525398126,1.0000025630969338,17.087306440066754,1,-0.6750028318485856,0.24854916855659123,0.7289550247878134,2.79097393077175,-0.0017942762755070877,1.0000003947056475,2.6313709833019425,1,0.32692126576994057,0.9412086446455298,0.9949953629391258,1.2462123908273572,-0.0005333914640984403,1.0000001547210255,1.0314733412780104,1,-0.1824645664866787,-1.5197145613921326,1.529986521310519,-1.6966637684006867,0.0007636632839587707,1.000000037518571,0.2501238061119884,1,-5.100965041908529,1.9152041190776976,5.4582900084484205,2.7827237404015306,0.00700530117197004,1.000000000927601,0.0061829266269177174,0
5.220000000000001,-0.003753618904040428,0.0047316906296685935,-1.5382390240042954e-10,-0.33836303825961445,-0.27534738013697746,0.44263960340382047,-2.4753633993452815,0.00014655766545184715,1.000002455508957,16.370053260661933,1,-0.711470332345643,0.1068325158626355,0.729226357521556,2.9920879028208125,-0.0017585745592362245,1.0000003938343742,2.6255624947851586,1,0.20565595550853433,0.9758898431623174,0.9971343123487862,1.3729094744639811,-0.0005730042878989719,1.0000001543883748,1.0292556683430647,1,-0.0807058281814383,-1.5194725891261884,1.5203735882742815,-1.6302425916389551,0.0007225255935730538,1.0000000380579506,0.2537196710603936,1,-5.120061492725505,1.866322092080356,5.459255445987995,2.7923452454732387,0.006809475959812021,1.0000000009270043,0.006178947409092659,0
5.24,-0.003753618901261712,0.004731690629523388,-1.5510563406567757e-10,-0.18170591652407914,-0.3647473733262993,0.41035265787465175,-2.055894523501102,0.00014533743848343448,1.0000023961513405,15.974335817040128,1,-0.7186712942206833,-0.0392930165292578,0.7292785038900728,-3.0900729790915715,-0.0017379428363457953,1.0000003930327934,2.620218622843286,1,0.08126973635036008,0.9950200610536035,0.9993279768337646,1.4990564708365164,-0.0005936795831797384,1.000000153981674,1.0265443315874967,1,0.02145685198304119,-1.5124131744413878,1.5107219498085565,-1.5629739725227765,0.0006794240942673118,1.0000000386281387,0.25752092499882917,1,-5.138660080567623,1.8172587551522477,5.460195643739313,2.8019633960545254,0.006608313387506156,1.0000000009264203,0.006175054422109287,0
5.260000000000001,-0.0037536188970490776,0.004731690629423135,-1.563601628815775e-10,0.01652007228880651,-0.37112014129410553,0.3694937926843409,-1.552221293712602,0.00014338816664891365,1.0000024128802214,16.085861689587265,1,-0.6963189158551627,-0.18389408215375827,0.7291093472446933,-2.8890162914690154,-0.0017165563261133173,1.0000003923328025,2.61555201582617,1,-0.04425114444496357,0.9983993838278694,1.0015413401231232,1.6246476397381282,-0.0005898836652688184,1.0000001535083913,1.0233891120364655,1,0.12356358996537245,-1.4984371321832053,1.5010750794020005,-1.4948400434495823,0.0006357069312549905,1.0000000392281811,0.2615212071739906,1,-5.156759256633511,1.7680189658821228,5.461110527325556,2.8115782795321187,0.006404208576117287,1.0000000009258492,0.006171247782487287,0
5.28,-0.0037536188917865333,0.004731690629348811,-1.5756935578363496e-10,0.20905328681922714,-0.26435736536133536,0.32980468267448526,-0.9216116024744809,0.00014373045399198632,1.0000025432668669,16.955105993142656,1,-0.6452999574459122,-0.32109505595626986,0.7287255338604588,-2.687806676327115,-0.0016837558841673627,1.0000003917623055,2.6117487033694857,1,-0.16892850575219917,0.9860791556583078,1.0037395506186106,1.7496861222932336,-0.0005553728307997263,1.0000001529769484,1.0198461598918713,1,0.22513683507343424,-1.4774754820350975,1.4914781234835428,-1.4258265185367789,0.0005933010110458334,1.0000000398568705,0.26571246908451734,1,-5.174357515328012,1.7186075916251082,5.462000030825034,2.821189983796471,0.0062010305618503195,1.0000000009252912,0.006167527612793987,0
5.3,-0.0037536188880979084,0.0047316906292641245,-1.587278344785531e-10,0.31403089557161834,-0.049969890340454175,0.3081609816885997,-0.1576316445911059,0.00015060478135194298,1.0000027920802588,18.613861938584506,1,-0.5676442432571214,-0.44530165694831414,0.7281422636185922,-2.4863290872205863,-0.0016420958167065742,1.0000003913442375,2.608961583712272,1,-0.29082315263223635,0.9583546543508608,1.0058884631808154,1.8741836011772564,-0.0004863882682446104,1.0000001523965312,1.015976711321311,1,0.32568306538957426,-1.4494922441349698,1.4819777446386444,-1.3559231464957695,0.0005539850330565935,1.0000000405127154,0.270084769317044,1,-5.191453394249991,1.6690295092045973,5.462864096324317,2.830798598307813,0.006002915275453721,1.0000000009247463,0.006163894039094003,0
5.32,-0.003753618890082162,0.004731690629133222,-1.5986598590062018e-10,0.26553462189109805,0.1875927653612678,0.3181539209929498,0.6366331990365667,0.00016049654493434997,1.0000030429993576,20.28665593084026,1,-0.46645410322349395,-0.5514168761380186,0.7273827783482791,-2.2844784476806526,-0.0016206295293203733,1.000000391095729,2.6073048599365127,1,-0.40806360050476104,0.9157542727531348,1.0079551372083664,1.9981598381870214,-0.00039274220601814565,1.000000151776895,1.0118458039341267,1,0.42469490310778457,-1.4144872327837525,1.4726219279412818,-1.2851241717780761,0.0005166990400378088,1.0000000411939105,0.27462607016657414,1,-5.208045474181252,1.6192896046153331,5.463702663904043,2.840404214931646,0.005808020357523737,1.0000000009242143,0.006160347187534742,0
5.34,-0.00375361889640209,0.004731690628963913,-1.6103195556518846e-10,0.09617720803614889,0.3408159961216453,0.353063929645062,1.3234090152608935,0.00016612569537624832,1.0000031540692862,21.027122121458046,1,-0.3457946168691782,-0.635042810724358,0.7264775457702659,-2.0821637731389804,-0.0016526443808843178,1.0000003910274318,2.6068495444407196,1,-0.518872316561842,0.8590257402584248,1.009908297936735,2.1216421111013344,-0.0002917608272895871,1.0000001511281784,1.0075210270164556,1,0.5216536813292826,-1.3724987886153517,1.463459733070737,-1.2134287945875495,0.00047896731094014766,1.0000000418983057,0.27932203821992685,1,-5.224132379076099,1.5693927727281036,5.464515661448464,2.85000692570509,0.005610036077686829,1.0000000009236951,0.006156887182595032,0
5.36,-0.0037536189025739342,0.0047316906287948645,-1.6224072931468603e-10,-0.10744081029413287,0.37581030172645963,0.3950400434009599,1.8719497304122261,0.00016827072449931556,1.0000031223125252,20.815410381286625,1,-0.21054630280998765,-0.6926616344133374,0.7254631619291955,-1.8793119372451312,-0.0017435502512713006,1.0000003911430266,2.607620178298299,1,-0.6215893066170818,0.7891199033280091,1.0117187580504847,2.2446645904987115,-0.00018948275402295064,1.0000001504607239,1.003071330313311,1,0.6160324858365066,-1.3236063792648305,1.4545409928904902,-1.140841633862645,0.0004411919931916006,1.0000000426233795,0.28415586359280803,1,-5.239712776051609,1.5193439169956828,5.465303015824034,2.8596068205875773,0.0054084148519277205,1.0000000009231893,0.006153514144042478,0
5.38,-0.0037536189068235848,0.004731690628653243,-1.6347748393701067e-10,-0.28383959662847896,0.3146945696291348,0.4314081135958578,2.319296184795142,0.0001687048904325237,1.0000030085524534,20.057009903310743,1,-0.0662230166229722,-0.7217885747758717,0.7243809939865786,-1.6758709117733763,-0.0018833791923091642,1.00000039143894,2.609592933290237,1,-0.7146929734665524,0.7071725483561925,1.0133597798722909,2.3672676719676953,-8.58367365749468e-05,1.0000001497849105,0.9985659062650519,1,0.7072996850282183,-1.2679329883237498,1.44591597939113,-1.067373175504891,0.0004050735196118128,1.0000000433662162,0.28910810837535134,1,-5.254785375379806,1.4691479491603403,5.466064663678493,2.869203988706847,0.005206141552067291,1.0000000009226964,0.006150228181022124,0
5.4,-0.0037536189091921584,0.004731690628548043,-1.6472186895738483e-10,-0.40384440875378685,0.19100731983912794,0.45615306496600416,2.7062685499695904,0.00016721414480191853,1.0000028609586566,19.073051258654864,1,0.08124068166920691,-0.7210895983354221,0.723275584541581,-1.471812318904529,-0.0020574735707923272,1.000000391904295,2.612695299875673,1,-0.7968182507265781,0.614484699915095,1.0148073849147183,2.4894972660677843,1.8815403228002378e-05,1.0000001491109987,0.9940731612380654,1,0.7949229480874993,-1.205647203986627,1.437635028615277,-0.9930401797422991,0.0003718364735172593,1.0000000441234889,0.29415659175075326,1,-5.269348930482218,1.4188097889640774,5.466800549875968,2.878798519691737,0.00500565552819509,1.0000000009222165,0.006147029387652323,0
5.42,-0.0037536189100520357,0.004731690628478188,-1.659572006727783e-10,-0.4556487135691835,0.034992683387989644,0.46684010688028,3.0637601840311275,0.00016481278605313775,1.000002708581465,18.057203313031334,1,0.2257265890155908,-0.6904567227148029,0.7221928654626455,-1.2671331404119472,-0.002247889771079933,1.0000003925211363,2.6168075743416623,1,-0.8667720725991025,0.5125017679606363,1.0160406191075353,2.611404061911367,0.00012310713493760987,1.0000001484489975,0.9896598210397789,1,0.8783737352988663,-1.1369649126079218,1.429748117789681,-0.9178660340590258,0.00034208123039372726,1.0000000448914481,0.2992763209900258,1,-5.283402237925553,1.3683343638620875,5.467510624011703,2.8883905039511726,0.00480836921597329,1.0000000009217498,0.006143917842266818,0
5.44,-0.0037536189096646615,0.004731690628438236,-1.6717101097504794e-10,-0.4355889057882065,-0.12671759042509445,0.4627130211045203,-2.8670151650356606,0.00016308847800871164,1.0000025699509456,17.13299985141154,1,0.36118619244189126,-0.6310346768138555,0.7211782466277717,-1.0618564305127112,-0.0024353517729499485,1.0000003932649486,2.6217663239876265,1,-0.9235462776635425,0.4027918536312361,1.0170417728458268,2.73304277875171,0.00022574584030549374,1.0000001478085494,0.985390165952906,1,0.9571322256288103,-1.0621504991239932,1.422304399833137,-0.8418810365030307,0.00031589788861487124,1.0000000456659217,0.30443947750092787,1,-5.296944137417354,1.317726608739205,5.468194838504205,2.8979800325847536,0.0046150177384265394,1.0000000009212962,0.006140893609570824,0
5.46,-0.003753618908113804,0.004731690628420804,-1.6835356914969568e-10,-0.3449975256236515,-0.26821621548858504,0.4440454542921026,-2.496457642286764,0.00016231364092694672,1.0000024603247701,16.40215868116465,1,0.48190006347432784,-0.5451941625763702,0.7202746580630428,-0.8560309062761983,-0.002602542934108779,1.0000003941054902,2.6273699346889665,1,-0.9663280664537615,0.2870234626789255,1.0177965580906059,2.854471415225982,0.00032675815066031107,1.0000001471988245,0.9813253336454798,1,1.030692625644914,-0.9815174570039992,1.4153517026113218,-0.7651225914974134,0.0002929623165483826,1.0000000464423204,0.3096154695137332,1,-5.309973511800732,1.2669914656287606,5.468853147777312,2.9075671972385413,0.004425953381430815,1.0000000009208556,0.006137956744317074,0
5.48,-0.003753618905315312,0.004731690628416837,-1.6949616970379777e-10,-0.1913559181707584,-0.36114130997548527,0.4123784985519072,-2.080398778564737,0.0001613669402914932,1.0000023977480306,15.984980417921417,1,0.5827313462316638,-0.43644929445924424,0.7195206365599682,-0.649729338997785,-0.0027371634864197833,1.0000003950079344,2.633386228440121,1,-0.9945081360057545,0.16694282050838408,1.0182942470293361,2.975750500076573,0.00042785687655346746,1.0000001466284298,0.9775227028031576,1,1.0985687810822526,-0.8954283157261939,1.4089360008465779,-0.687635300835702,0.0002727567410341496,1.000000047215661,0.31477107322825715,1,-5.322489287047918,1.2161338834332431,5.46948550814227,2.917152089966922,0.004241430623990594,1.0000000009204282,0.0061351072952275185,0
5.5,-0.003753618901112715,0.004731690628413698,-1.705897584650118e-10,0.0055091736204820755,-0.3728845822692729,0.37179810752271913,-1.582407384675891,0.00015917875469669945,1.000002409422442,16.062809827574117,1,0.6593602402667517,-0.30931983840744404,0.718948556414772,-0.44304573900594385,-0.002833007869248277,1.0000003959342973,2.639561982668384,1,-1.0076866038009764,0.04435093293976394,1.0185277750705244,3.096942345208385,0.000532366110803526,1.0000001461053298,0.9740353697086873,1,1.1602999890796792,-0.804293803830189,1.4031008687627788,-0.6094709342877257,0.0002549922671715956,1.0000000479806037,0.31987069148924174,1,-5.334490432252683,1.165158817646302,5.470091878472847,2.9267348031477742,0.004062067482399549,1.0000000009200138,0.006132345308345346,0
5.5200000000000005,-0.0037536188958285674,0.004731690628389932,-1.716260380341117e-10,0.20018360287661086,-0.2726689605713432,0.33166520688070167,-0.9595209226228856,0.00015726481257607522,1.0000025328298854,16.885526117097605,1,0.7084861832462156,-0.16914242837710103,0.7185831052110087,-0.23609141104244877,-0.002888322240010623,1.0000003968451003,2.6456340016844466,1,-1.0056768134229117,-0.07891950346239589,1.0184938101547045,-3.065075005761203,0.0006448805945328735,1.0000001456367795,0.970911700538357,1,1.2154568878458423,-0.7085711807858456,1.3978869224875614,-0.5306882661480802,0.00024001256471288377,1.0000000487315102,0.32487673457080807,1,-5.345975959621863,1.1140712300758104,5.470672221828702,2.9363154296488982,0.003889472652702655,1.0000000009196126,0.0061296708294253524,0
5.54,-0.003753618891924034,0.0047316906283089806,-1.7260877839889166e-10,0.31219069125116605,-0.06269004473273222,0.30857015577714264,-0.20123241307110976,0.00016015147161686983,1.0000027769510478,18.513000531932178,1,0.7279853982934645,-0.021838655361914303,0.7184400984598113,-0.028990048135178515,-0.0029075461557709088,1.000000397701179,2.651341193926981,1,-0.9885070864747567,-0.2010272664458148,1.0181927888323883,-2.9438672895024474,0.0007681112231774696,1.0000001452292657,0.9681949414509119,1,1.2636472836411792,-0.6087616928306149,1.3933312666561717,-0.4513527667791133,0.00022837851555248447,1.0000000494625132,0.3297500879267178,1,-5.3569449244663465,1.062876088567934,5.47122650583083,2.9458940636861337,0.0037252225552766548,1.0000000009192247,0.006127083905362592,0
5.5600000000000005,-0.003753618893583103,0.004731690628134861,-1.7357667527698878e-10,0.2721403333475812,0.17675035579574677,0.31682057148148296,0.5955135192550641,0.00016609891456218054,1.0000030323121696,20.215408011508345,1,0.7170136576685322,0.1263486417240467,0.7185257170372233,0.17812788884880065,-0.002917161134446732,1.0000003984655208,2.656436805467267,1,-0.9564204522565929,-0.32014579047057373,1.0176289134608936,-2.822556604710836,0.0008951263448842839,1.0000001448884555,0.9659228733646225,1,1.3045217621765197,-0.5054071368928745,1.389466967358029,-0.3715361397223543,0.00021883723609241948,1.0000000501675965,0.3344506439005153,1,-5.367396425191636,1.01157836673234,5.471754693945818,2.9554708017726354,0.0035653375789785613,1.0000000009188499,0.006124584585950718,0
5.58,-0.0037536188998395495,0.004731690627875844,-1.7458838812590277e-10,0.10710587703588495,0.33617794807765994,0.35083878791758544,1.2899567318811072,0.00016748901744547548,1.0000031522401742,21.014928041901097,1,0.6760474018922843,0.26913685568410556,0.7188362229342268,0.3851311899017584,-0.00295331581447759,1.0000003991050475,2.6607003160609963,1,-0.9098723510773011,-0.43448631320685654,1.0168101084013303,-2.7010809337638593,0.0010145463322817903,1.0000001446191498,0.9641275023877415,1,1.3377789225240693,-0.3990855491546913,1.3863225611009196,-0.2913156965812307,0.00020869985682373966,1.0000000508406865,0.3389379100591024,1,-5.377329603287205,0.9601830436684665,5.472256733556071,2.965045740739157,0.0034017083959616786,1.000000000918488,0.006122172927785441,0
5.6000000000000005,-0.0037536189061597937,0.004731690627575535,-1.7567019280212426e-10,-0.09659054727111542,0.3772612059649646,0.392830648004981,1.845251839525476,0.0001660894450473359,1.0000031267104785,20.84473007061009,1,0.606860407169896,0.4004872772754005,0.7193581389446789,0.5918939536098451,-0.0030229494724909518,1.0000003995922582,2.6639483874511747,1,-0.8495262716988338,-0.5423209253330739,1.0157479521065047,-2.5793802130342462,0.0011228667197723142,1.0000001444252409,0.9628347758918755,1,1.3631700708131584,-0.2904060684150446,1.3839215992792717,-0.21077358647878824,0.00019703557167898133,1.0000000514757528,0.34317168505023576,1,-5.386743643314252,0.9086951036918669,5.4727325650380845,2.9746189749691627,0.003231816777185109,1.0000000009181393,0.006119848996961466,0
5.62,-0.0037536189106076702,0.004731690627269252,-1.768158504810921e-10,-0.275437155684133,0.32048622504044605,0.4297027009762088,2.2969477125143762,0.0001645621669469447,1.00000301594939,20.106322814356773,1,0.512437614841144,0.5148751850752816,0.7200688957572048,0.7983013331265333,-0.0031162731449113903,1.0000003999065035,2.6660433563939554,1,-0.776247251304863,-0.6420054430924229,1.0144575787126398,-2.45739708959463,0.001219087673886628,1.0000001443096715,0.9620643137145799,1,1.3805032190521582,-0.1800030596212419,1.3822822609838308,-0.12999590501673386,0.000184027683715939,1.0000000520669188,0.34711279254036914,1,-5.395637772893265,0.857119536060052,5.473182134506284,2.9841905971390466,0.0030567349060391965,1.000000000917804,0.0061176128670875065,0
5.640000000000001,-0.0037536189131706795,0.004731690626975338,-1.7801093812972596e-10,-0.3989052803597324,0.19937131165361655,0.45516061765893345,2.686314491634427,0.00016279499172629463,1.0000028693046166,19.12869099069009,1,0.396831944935732,0.6075317860682425,0.7209379222882784,1.0042546357143514,-0.003219434172011109,1.0000004000349074,2.6668993831500973,1,-0.6910931399369208,-0.7320019915038319,1.0129575325662206,-2.3350776758136176,0.001300223831750959,1.000000144274397,0.9618291516846993,1,1.3896462502823335,-0.06852961587115851,1.3814170554546996,-0.049071692211380656,0.00016972999023720482,1.0000000526085777,0.35072385179573734,1,-5.404011262692797,0.8054613346984747,5.473605394274557,2.993760699519074,0.002877264150550962,1.0000000009174819,0.006115464615888124,0
5.66,-0.003753618914214831,0.004731690626702704,-1.7924252913078392e-10,-0.45455203532150845,0.04440453056663699,0.4666385010135992,3.0447424421329012,0.0001602303369279746,1.0000027166494916,18.11099015725764,1,0.264973435022181,0.674645858789559,0.7219280959666885,1.2096755121839584,-0.003316191715209621,1.0000003999728733,2.6664858213047204,1,-0.5953035131132651,-0.810901143787781,1.0112695771340339,-2.2123723060365976,0.0013621279853799346,1.0000001443203492,0.9621354994146827,1,1.3905291363708592,0.043349413616278976,1.3813326153736454,0.031908158023452114,0.0001539822809381731,1.0000000530955073,0.3539700491392996,1,-5.4118634264194085,0.7537254979272895,5.474002300386428,3.0033293742887794,0.002693588223908134,1.0000000009171728,0.006113404323010945,0
5.680000000000001,-0.0037536189140044596,0.004731690626456334,-1.8049978710039244e-10,-0.4383965917241757,-0.11765184482991953,0.46331494140512774,-2.8863395901310556,0.00015698667342285908,1.0000025768785732,17.17918403562184,1,0.12244254845359677,0.7135162283879334,0.7229974593490628,1.414509050499532,-0.0033898101862629235,1.0000003997241462,2.664827641670605,1,-0.4902861094691339,-0.8774434110953467,1.0094184593762732,-2.089236288425739,0.0014008884120400025,1.0000001444474018,0.9629825163703997,1,1.3831451269149089,0.15496469855576034,1.3820295859949165,0.11285204396512107,0.00013657416015693487,1.0000000535229816,0.35681987723490693,1,-5.4191936208083105,0.7019170281889721,5.474372811512443,3.012896713459052,0.002505698555550472,1.0000000009168768,0.006111432068999077,0
5.7,-0.0037536189126267084,0.004731690626239311,-1.8177243521141917e-10,-0.35150854997675673,-0.2609349679950694,0.4454096225983663,-2.5174026274869963,0.00015335042063225343,1.000002465270144,16.435127840442856,1,-0.024779213965744146,0.7226498827771689,0.7241011034637939,1.618725675626309,-0.0034264665849426754,1.0000003993004594,2.662003062809865,1,-0.3776006775392326,-0.9305398182267549,1.0074316275908621,-1.9656306420445178,0.00141375997284411,1.0000001446543414,0.9643621130600776,1,1.367550864895931,0.26564981930323633,1.3835026149378016,0.19366882322925183,0.00011737113191814753,1.0000000538868716,0.35924581153243623,1,-5.426001245614539,0.6500409317765807,5.474716888952568,3.022462808746665,0.0023137193306512825,1.0000000009165944,0.006109547934574714,0
5.720000000000001,-0.0037536189099995052,0.004731690626052733,-1.830490735117013e-10,-0.200933241936725,-0.3572869902057441,0.41437398996098573,-2.1046397033878055,0.00014961182343621636,1.000002399558335,15.997049113892905,1,-0.17056816442143494,0.7018041700301302,0.7251931175124015,1.8223218442779947,-0.003418466349893704,1.0000003987208093,2.6581387283381024,1,-0.2589401397349735,-0.9692912387602036,1.005338900915686,-1.8415228072459635,0.001399775125288449,1.0000001449388423,0.9662587850972068,1,1.3438654247676578,0.37474858286436835,1.385740443466097,0.27426896612979057,9.642045341513773e-05,1.0000000541837344,0.3612248958520216,1,-5.432285743604745,0.5981022185623471,5.4750344973243354,3.0320277514763796,0.002118181941104114,1.0000000009163248,0.006107751999254632,0
5.74,-0.003753618905957855,0.004731690625893471,-1.8431588980766245e-10,-0.005555642127454871,-0.3742997157785183,0.3741000165625642,-1.6121881691264208,0.00014715565280704282,1.0000024063002788,16.041995406300884,1,-0.30891440868360265,0.6519747201602297,0.7262285112629178,2.0253195966961157,-0.0033652171375281627,1.000000398010435,2.6534029006885733,1,-0.136109024434381,-0.9930061008526526,1.0031720901396084,-1.7168873150636481,0.0013607216309590167,1.0000001452974479,0.9686494900692981,1,1.3122683089918947,0.4816220746992936,1.3887260957371388,0.3545656613006013,7.408156710824242e-05,1.000000054410882,0.36273921328399666,1,-5.438046600550251,0.5461059017264297,5.475325605990288,3.0415916325508205,0.001920416978366541,1.0000000009160688,0.006106044338643358,0
5.760000000000001,-0.0037536189007615754,0.004731690625748651,-1.8555773324130387e-10,0.19101301320995429,-0.28061714781748875,0.3335768304789503,-0.9969647590357659,0.00014826852639087393,1.0000025227863933,16.818569502462783,1,-0.43416423868213605,0.5753332592098961,0.7271650286755259,2.227765082570196,-0.0032708530799135166,1.000000397199581,2.6479972062434323,1,-0.010999180593649155,-1.00121601681599,1.0009645708320047,-1.5917063997295002,0.0013030917318428961,1.0000001457255663,0.9715036129485645,1,1.2729964769871933,0.5856552711563465,1.392437158335626,0.43447584194862165,5.11144955359814e-05,1.0000000545664336,0.3637762243336513,1,-5.443283345221953,0.49405699748592,5.475590191480567,3.0511545426637694,0.0017230305001682746,1.0000000009158259,0.006104425020344453,0
5.78,-0.003753618896706393,0.004731690625588803,-1.8676892888161434e-10,0.3098099643424628,-0.07529370081410755,0.30908196375053587,-0.24467834918817116,0.00015516919365006173,1.000002761859778,18.412392066581504,1,-0.5412402142750969,0.4751212260355877,0.7279647855427243,2.4297262123442374,-0.003143878227874508,1.0000003963221207,2.6421474711852304,1,0.11443712802566051,-0.993688840191582,0.9987508101891566,-1.4659705340698994,0.0012353823358581145,1.0000001462174835,0.9747830596252235,1,1.2263405135997925,0.6862630590993988,1.3968461396758618,0.5139211039979801,2.8085512841766158e-05,1.0000000546493442,0.3643289609577441,1,-5.447995549387733,0.4419605248245454,5.475828239221778,3.060716573226059,0.0015288115523834302,1.0000000009155963,0.006102894099113356,0
5.800000000000001,-0.0037536188980318718,0.004731690625381141,-1.8797665247288764e-10,0.2782979421377513,0.16566503165328988,0.3155708424019698,0.5540589158100323,0.00016503786377214822,1.0000030211399515,20.140926556976098,1,-0.625832282179218,0.355506091054249,0.7285956784453456,2.631289594556565,-0.003009385252428658,1.0000003954141217,2.6360941449207194,1,0.23821655084493237,-0.9704386246331607,0.996565851416391,-1.3396788572973555,0.0011556126150919785,1.0000001467663877,0.9784424222750778,1,1.1726400706505922,0.7828955377400204,1.401920902498271,0.592828492816128,3.6766658633585315e-06,1.0000000546594106,0.36439607076127517,1,-5.452182827812509,0.3898215052238848,5.476039736602674,3.070277817692721,0.0013355642096017561,1.0000000009153798,0.006101451613388674,0
5.82,-0.003753618904150389,0.004731690625133246,-1.8922989585869188e-10,0.11786516320934906,0.3311924660072262,0.34863795662832947,1.2560669640637776,0.00017010555693880073,1.000003149918472,20.99945002816346,1,-0.6845551868662314,0.22140763924171497,0.7290325366945917,2.832556912727234,-0.00289966225550011,1.0000003945124094,2.6300827296446907,1,0.35835608139114755,-0.9317319525331138,0.9944447532657853,-1.212839470679108,0.0010547501431874113,1.0000001473644144,0.9824292670811016,1,1.1122787337497133,0.8750425106003736,1.4076251619105182,0.6711311520037628,-2.3978599830942833e-05,1.000000054597257,0.3639817126599437,1,-5.455844838259663,0.3376449623968611,5.476224659707963,3.0798383702120944,0.0011374948444710215,1.0000000009151768,0.006100097586607077,0
5.84,-0.003753618910504581,0.004731690624888115,-1.9054696736480262e-10,-0.0857238063975997,0.3784377786482975,0.3906049606902206,1.8182354001340877,0.00017070457051426353,1.00000313081319,20.872081481234083,1,-0.715069020978555,0.07830140158016238,0.7292580072836347,3.033640906714615,-0.002818189572906274,1.0000003936531794,2.6243545296776802,1,0.4729061410249686,-0.8780901188089263,0.9924219926882046,-1.0854695978424576,0.0009362051082348854,1.0000001480027159,0.9866846098042952,1,1.0456784762239364,0.9622371099401842,1.4139190141027547,0.7487688311730399,-5.43225223619825e-05,1.0000000544642986,0.3630953244982829,1,-5.458981281491954,0.2854359220231776,5.476382979470966,3.089398322751001,0.00093442312769963,1.000000000914987,0.006098832031729845,0
5.86,-0.003753618914997531,0.0047316906246798905,-1.919126346283228e-10,-0.2669344997227318,0.32610537168273,0.42796192557271245,2.2744067093523688,0.00017052825286839693,1.000003023202124,20.154674373581745,1,-0.7161609821201779,-0.06799389956899873,0.7292631507832614,-3.048524204794241,-0.00274727384381516,1.000000392870692,2.619137946965176,1,0.5799847318495268,-0.8102867083294082,0.9905308589765104,-0.957595583980863,0.0008104043216933351,1.0000001486715613,0.9911435791984377,1,0.9732938625562896,1.0440585307570496,1.4207594751455868,0.82568823488255,-8.583080833637351e-05,1.000000054262691,0.3617512729155772,1,-5.461591901271542,0.2331994114858022,5.476514675157686,3.0989577655620977,0.0007295689874940742,1.0000000009148102,0.006097654954637791,0
5.88,-0.0037536189175662654,0.004731690624523391,-1.9330318032015348e-10,-0.3938339673863357,0.20765160597974314,0.45412520778703963,2.6662629574987964,0.00017039683461142726,1.0000028775987246,19.183985044701636,1,-0.6877872685662149,-0.21153840189740974,0.7290477403943382,-2.8474459199228224,-0.0026676337218265304,1.0000003921960732,2.6146404871548112,1,0.6778119453630791,-0.7293401968247386,0.9888028459572328,-0.8292527003899578,0.0006861371253690238,1.0000001493604649,0.9957362696468751,1,0.895606158242634,1.1201338845739568,1.4281010339455185,0.9018432172281805,-0.00011732165955820227,1.0000000539952594,0.3599683962415966,1,-5.463676484359505,0.1809404596083111,5.476619735845384,3.10851678865226,0.0005256199060189723,1.000000000914647,0.006096566357605888,0
5.9,-0.0037536189185788365,0.004731690624421759,-1.9469729195292947e-10,-0.4533145643722252,0.053809153899166746,0.466391944189879,3.0257018387102566,0.0001696236986113397,1.0000027247256402,18.164831148482506,1,-0.6310746411327243,-0.3464964512364443,0.7286202695021384,-2.646189777842889,-0.002567375427171822,1.0000003916562374,2.611041583607121,1,0.7647439988113531,-0.6365013333079762,0.9872670492619905,-0.7004847446305846,0.0005695901678337535,1.0000001500583424,1.0003887872297081,1,0.8131174904303269,1.1901392110118874,1.4358962055948765,0.9771948386268549,-0.00014792983918105764,1.0000000536654208,0.3577694723624977,1,-5.4652348605142915,0.12866409639291274,5.476698157715862,3.1180754823217782,0.0003243741012719545,1.000000000914497,0.006095566243885681,0
5.92,-0.003753618918313138,0.004731690624372403,-1.960772587860076e-10,-0.44106851298282435,-0.10852000873844314,0.4638733868815275,-2.9056176829627787,0.00016771029957284803,1.0000025838627367,17.225745125161954,1,-0.5482816256389839,-0.46735915621042057,0.727997667992059,-2.4446425685616746,-0.002446075757058024,1.0000003912729476,2.6084863174196276,1,0.8393058833923456,-0.5332352245382296,0.985949586299382,-0.5713434331551664,0.0004649893403439688,1.000000150753697,1.0050244839215166,1,0.726345185602237,1.253799708320244,1.4440960684667212,1.0517112983778545,-0.00017692079925357406,1.0000000532770954,0.3551806354654807,1,-5.466266902488785,0.0763753527585218,5.476749942260991,3.1276339372328748,0.00012712917459398727,1.0000000009143604,0.0060946546219419325,0
5.94,-0.0037536189168713794,0.004731690624369526,-1.9742776417332446e-10,-0.35790516632953184,-0.25350769016397545,0.4467356439688394,-2.5382227886200885,0.00016484359194583067,1.0000024703258779,16.468832732579102,1,-0.4427197731582234,-0.5691579580904106,0.7272047265209288,-2.2427019331291693,-0.0023153514922680607,1.0000003910620154,2.6070801033511897,1,0.9002216582567318,-0.42119823293374453,0.9848730574935608,-0.44188758781557586,0.00037505855041337894,1.0000001514348287,1.009565361607828,1,0.6358163898220525,1.3108892618070338,1.4526507741216572,1.1253677582200978,-0.00020358202182281512,1.0000000528346145,0.3522307636504217,1,-5.466772526026156,0.024079260278190903,5.476775095481912,3.1371922443743774,-6.504421967628939e-05,1.000000000914237,0.0060938315078328765,0
5.96,-0.003753618914185552,0.0047316906244045265,-1.987343978313396e-10,-0.21045058118481205,-0.3531934283468344,0.4163437728904743,-2.1286534752815625,0.00016333166560508622,1.0000024015563962,16.010369522653843,1,-0.31863597782814507,-0.6476627410762642,0.7262732328658489,-2.0402803951484825,-0.002196218477994674,1.0000003910326574,2.6068843822755667,1,0.9464414207905927,-0.30221000867795167,0.9840560663093131,-0.3121821262334713,0.00030142134984772394,1.0000001520900665,1.0139336147496092,1,0.5420630547954851,1.3612293609362776,1.4615100222885904,1.1981460743622343,-0.00022712951144599047,1.000000052342629,0.34895085923350155,1,-5.466751689855293,-0.028219149084546764,5.476773627723582,-3.1364348121678285,-0.0002510773318672226,1.0000000009141266,0.006093096925069474,0
5.98,-0.0037536189100948626,0.004731690624464317,-1.9998245274393048e-10,-0.016686436667379647,-0.3753810756798928,0.37640333025637895,-1.6416162342064597,0.0001664643992302927,1.0000024034769808,16.023173418525555,1,-0.1810577016053998,-0.699557630199403,0.7252408344371947,-1.837309001884269,-0.0021063631794792518,1.0000003911870228,2.607913485684435,1,0.9771640331645928,-0.178221191414719,0.9835128142040128,-0.18229687570368866,0.00024522787619014826,1.0000001527080147,1.018053268703002,1,0.44561735057667345,1.4046875021612248,1.4706234951849027,1.2700344564090533,-0.000246553811440397,1.0000000518060161,0.3453734413782442,1,-5.466204395686797,-0.08051484324052104,5.476745554225169,-3.1268765265208063,-0.00042956899009578646,1.0000000009140297,0.006092450902121156,0
6.0,-0.003753618904811882,0.004731690624526418,-2.011577941978676e-10,0.18153592345036795,-0.2882189873032253,0.3355398918917223,-1.034003585980522,0.00017177148657589127,1.0000025130983332,16.753982435413107,1,-0.035604154727565715,-0.7225872843340038,0.724149641256626,-1.633740438452274,-0.0020421396459641703,1.0000003915200002,2.6101333352465024,1,0.9918547896448167,-0.05127752164739751,0.9832527844798948,-0.05230524002856264,0.00020794294270445976,1.0000001532778036,1.0218518609404352,1,0.347007544395512,1.4411751759819482,1.4799412467614126,1.3410270713887982,-0.00026044534085770864,1.000000051229795,0.34153196763666405,1,-5.465130688210445,-0.1328027902407309,5.476690896780979,-3.1173181139530275,-0.0005984031162604281,1.000000000913946,0.006091893468287873,0
6.0200000000000005,-0.0037536189004783688,0.004731690624552263,-2.022568318339399e-10,0.30688265052286723,-0.08779011786370523,0.3096940666863345,-0.28801308132752984,0.0001790813301020913,1.0000027467964374,18.311969796281627,1,0.11173195607786046,-0.7156663859551425,0.7230445882762275,-1.4295514374241525,-0.0019920332734082347,1.00000039201925,2.6134616662658785,1,0.9902573658874695,0.0765187192313297,0.9832805270629199,0.0777172418919504,0.00018996922399121464,1.00000015378934,1.0252621033873281,1,0.24675436570032513,1.4706455340543405,1.4894140429040053,1.4111236090396186,-0.0002676024697043199,1.0000000506190447,0.3374602976683437,1,-5.463530655094773,-0.18507795854264955,5.476609685375848,-3.1077594813434617,-0.000755884518704604,1.0000000009138759,0.006091424648868999,0
6.04,-0.003753618901370769,0.0047316906244990005,-2.0330975783662032e-10,0.2839926977371945,0.15432338927125638,0.314402825013416,0.5122315286820952,0.00018875244074026293,1.0000030094800811,20.063194087698665,1,0.2548255975265142,-0.6789453729065907,0.7219716228836022,-1.2247442941697142,-0.0019618335165368485,1.0000003926654413,2.6177696083230426,1,0.9723995930166538,0.20304888342501937,0.9835955580902167,0.20769440209674384,0.00018346648104803205,1.0000001542335408,1.0282234424280032,1,0.14536786067643256,1.4930908263288944,1.4989936532216188,1.4803288195872308,-0.0002695266970480591,1.0000000499788313,0.33319220890851153,1,-5.4614044269890965,-0.2373353172763279,5.476501952047755,-3.098200532915989,-0.0009056200515825932,1.0000000009138188,0.006091044461351457,0
6.0600000000000005,-0.0037536189072900302,0.00473169062436331,-2.0437273656184404e-10,0.12844515109164428,0.3258380514496131,0.3464590255332457,1.2217017993196775,0.0001939875462671652,1.0000031471018649,20.980672646632275,1,0.3876749007151971,-0.6138263916004052,0.7209757841986372,-1.01934735061272,-0.001967860754112641,1.0000003934328234,2.6228854889667232,1,0.9385928331693324,0.3262186024266591,0.9841923819162091,0.3375509766345621,0.00017465866171559023,1.000000154602545,1.030683470048224,1,0.043344725501931934,1.5085396901336863,1.5086331088494827,1.5486520385214233,-0.0002695423657883487,1.0000000493141454,0.3287609694129069,1,-5.4587521775271135,-0.2895698365095558,5.476367715931042,-3.088641171161439,-0.0010548880885427954,1.000000000913775,0.006090752915646477,0
6.08,-0.0037536189136820565,0.004731690624180974,-2.0547491621581218e-10,-0.074843608333551,0.3793192743566299,0.3883604296820158,1.790871792159091,0.0001947251407592891,1.000003134629998,20.897526867963897,1,0.5046603675069375,-0.5229251376222528,0.7200992453159227,-0.813414354391743,-0.0020014517013654297,1.000000394290125,2.6286008334392372,1,0.8894249782842684,0.4439977343483072,0.9850606142113387,0.4672141168280567,0.0001586469364049494,1.0000001548899036,1.0325991938715549,1,-0.058833903408042454,1.517054363765451,1.5182869245119117,1.6161067238674252,-0.0002681209057745273,1.0000000486298455,0.3241989693423187,1,-5.455574123330377,-0.34177648751229,5.476206985602466,-3.0790812999730393,-0.0012054788068909797,1.0000000009137446,0.006090550017096471,0
6.1000000000000005,-0.0037536189182860134,0.004731690623982427,-2.0661192852086674e-10,-0.25833183642678376,0.3315344714486125,0.4261839789484928,2.25165226280565,0.00019439953047784592,1.000003030327336,20.20217578687611,1,0.6007955332154812,-0.40997673383524635,0.7193794243354876,-0.6070226250634148,-0.002040584330966039,1.000000395201759,2.634678393774388,1,0.8257473427051,0.5544584844072724,0.9861852032964944,0.5966148162732398,0.00013599132665279904,1.000000155090723,1.0339379897108998,1,-0.16070423191936067,1.5187278868326453,1.527911265610696,1.6827100088259548,-0.0002641852021197756,1.0000000479306124,0.3195374156314513,1,-5.4518705240114835,-0.3939502430213861,5.4760197725009565,-3.069520824759054,-0.0013560970131995579,1.0000000009137275,0.0060904357670438355,0
6.12,-0.003753618920981991,0.004731690623780588,-2.077707285190987e-10,-0.388630157695476,0.21583302651508765,0.45304596140222775,2.6460965671243337,0.00019387907057271623,1.0000028858592844,19.239055443031067,1,0.6719558634356356,-0.2796869685577812,0.7188472621816007,-0.4002700164380264,-0.002069658090521692,1.0000003961292996,2.6408619977982726,1,0.7486559520471269,0.6558106639664347,0.9875467598559614,0.725689215259401,0.00010659931215947,1.0000001552017628,1.0346782559270686,1,-0.261821198897544,1.5136813387543684,1.5374640735099607,1.748482266147108,-0.00025716412723823524,1.0000000472209136,0.3148060913410674,1,-5.447641682178082,-0.4460860775058386,5.475806093416136,-3.0599596511295095,-0.001506304252056988,1.0000000009137235,0.006090410161724406,0
6.140000000000001,-0.0037536189221350244,0.00473169062357845,-2.0894090369547383e-10,-0.4519362026679113,0.06319250818504102,0.46610025108836983,3.0066215047441602,0.00019286002200019644,1.0000027328264587,18.218836605040664,1,0.7150726902105004,-0.13753383643360062,0.7185257615150757,-0.1932707708934983,-0.002082472874450173,1.0000003970331757,2.6468878380275394,1,0.6594679203520695,0.7464331997808293,0.9891219780188311,0.8543797538952567,6.958276372546878e-05,1.000000155221491,1.034809776472556,1,-0.3617595142867622,1.5020611570479945,1.546905161542271,1.813446694513494,-0.0002470634584203911,1.0000000465049754,0.31003317006225656,1,-5.442887943437835,-0.49817896743208867,5.475565967865557,-3.050397684411936,-0.0016566881689794504,1.000000000913733,0.006090473192121195,0
6.16,-0.003753618922030532,0.0047316906233753,-2.1011570771039406e-10,-0.4436046865944035,-0.09933608498494566,0.4643883702377551,-2.9248678205623633,0.0001916407938156615,1.0000025909162318,17.272768425595284,1,0.7282802033996076,0.010471979278584887,0.7184288788041617,0.013849547552864567,-0.0020798034382933104,1.0000003978744958,2.652496638397381,1,0.5596937550019702,0.824901191424194,0.9908841282676341,0.982636145948013,2.4115580559996008e-05,1.0000001551500894,1.0343337672073292,1,-0.4601143850187383,1.484036568140626,1.5561962836474554,1.8776289337306364,-0.00023419065235090269,1.0000000457867622,0.30524508078455415,1,-5.4376096964037925,-0.5502238915291678,5.475299416140149,-3.0408348296956573,-0.001808310775704907,1.0000000009137557,0.006090624845273376,0
6.180000000000001,-0.003753618920777974,0.004731690623169414,-2.112904389211384e-10,-0.3641865655764553,-0.24594924984723798,0.4480228947555896,-2.558939332216619,0.0001911139652828867,1.0000024754996213,16.50332435614588,1,0.711005938457034,0.15805572446352364,0.7185608433382459,0.22095977694331653,-0.0020656992502082147,1.0000003986168986,2.6574459906829104,1,0.45100652354535886,0.890008022706352,0.9928036053773224,1.1104161541507607,-3.0055162739079468e-05,1.0000001549894166,1.0332626154176812,1,-0.5565019690122001,1.459797154813807,1.565301177834514,1.9410567109805987,-0.00021897986289027614,1.000000045069963,0.3004664211785464,1,-5.431807372699531,-0.6022158310537196,5.475006458467864,-3.0312709920176477,-0.00196230990377175,1.000000000913792,0.006090865106666273,0
6.2,-0.0037536189183140227,0.004731690622958409,-2.1246049516053522e-10,-0.21990384983345498,-0.348876626280062,0.4182851866055212,-2.1524636829197457,0.00019176883962049708,1.000002403744811,16.024958954247545,1,0.6639986788361434,0.29896184423475053,0.7189159496522465,0.4279292122859504,-0.0020429755395452607,1.000000399228311,2.6615220741017835,1,0.3352088556457085,0.9407822476351215,0.9948485144615596,1.237686158152291,-9.22628258631402e-05,1.0000001547429254,1.0316193392916244,1,-0.6505595964046308,1.4295505768466215,1.5741855877699282,2.003759519056267,-0.00020185210235483877,1.000000044357987,0.2957199137979923,1,-5.425481446963672,-0.6541497700551812,5.474687114993642,-3.0217060765786403,-0.0021195686793100176,1.0000000009138412,0.006091193962978466,0
6.220000000000001,-0.0037536189144723145,0.004731690622737545,-2.136196963677811e-10,-0.027871303013700485,-0.3761432351260725,0.37870166468683664,-1.6707106788376433,0.00019339284806337785,1.0000024009566657,16.006371319473406,1,0.5892918718072075,0.42723616425342226,0.7194788377203586,0.6346336337868348,-0.002008201150551584,1.0000003996824969,2.664549978632622,1,0.21419874029113387,0.9764991782789656,0.9969852781611901,1.3644215156817983,-0.00016041100016468834,1.0000001544155452,1.0294368052200316,1,-0.7419457951558602,1.3935204551072264,1.5828172660087516,2.0657683268582234,-0.00018301350839538847,1.0000000436539598,0.29102639896843163,1,-5.418632436853578,-0.7060206956415498,5.474341406652907,-3.0121399889485514,-0.002280302230492229,1.0000000009139038,0.006091611404234995,0
6.24,-0.003753618909411109,0.004731690622494681,-2.1476053704491682e-10,0.17177393428865753,-0.29547705745268454,0.3375442808048017,-1.0706291896748126,0.0001966207743668916,1.0000025037959692,16.69196667571704,1,0.49010506167866685,0.537491341638292,0.7202252414297926,0.8409609529118657,-0.0019473880290889645,1.0000003999602924,2.6664019493839457,1,0.08993502015912473,0.9966872881045884,0.9991792484312885,1.4906067256067814,-0.0002303210844546801,1.0000001540135368,1.026756749020321,1,-0.8303401555385569,1.351944424064217,1.5911659618562126,2.1271153220572097,-0.00016214817094275833,1.0000000429607288,0.28640485853351794,1,-5.411260903048562,-0.757823598246161,5.47396935741329,-3.0025726351192907,-0.0024436517174645,1.0000000009139798,0.0060921174245463505,0
6.260000000000001,-0.0037536189051096827,0.0047316906222031226,-2.1588305860846535e-10,0.3034216343930442,-0.10015919452598543,0.31039812225554364,-0.33117462438604905,0.0002042019480931593,1.0000027318498588,18.212325938826417,1,0.37068995253549275,0.6251414205101259,0.7211231539599993,1.0468161561893767,-0.0018390039624860152,1.0000004000504568,2.6670030454500315,1,-0.03559660875809788,1.001129700667901,1.0013953065426395,1.616235407148018,-0.00029792427944179363,1.0000001535443224,1.0236286525195135,1,-0.9154430650540414,1.305072353362551,1.5992033946348454,2.18783368523555,-0.00013858185460490505,1.0000000422808697,0.2818724650633095,1,-5.403367449253134,-0.809553471895737,5.473570997235739,-2.9930039209120336,-0.0026088278997276463,1.0000000009140688,0.006092712021063941,0
6.28,-0.003753618905844639,0.004731690621830984,-2.1701766924307753e-10,0.2892096665559109,0.14274416702595122,0.3133156577809768,0.4701095975715175,0.00021560272727258229,1.0000029974306102,19.982864282029773,1,0.23613105854104025,0.6865939565301858,0.7221343353981459,1.2521252880677027,-0.001673555055429079,1.0000003999500906,2.6663339375477095,1,-0.16041640244880503,0.9898611542664062,1.0035984377645635,1.7413101096482053,-0.0003700182293635903,1.0000001530163038,1.0201085292359562,1,-0.9969753421717291,1.2531647356492284,1.6069032110436123,2.247957390955234,-0.00011350734593261892,1.0000000416166976,0.2774446516243388,1,-5.394952722201064,-0.861205314479578,5.473146358446266,-2.9834337505092927,-0.0027798829135790917,1.0000000009141714,0.006093395192032913,0
6.300000000000001,-0.0037536189117940676,0.004731690621384164,-2.1822050969618617e-10,0.13882307497913102,0.3201134264992441,0.3443054186030505,1.1869214922463114,0.00022464591520346923,1.0000031438608505,20.959065884424064,1,0.09211315938969522,0.7193915738841197,0.7232160773276235,1.4568383062523895,-0.0014506993047664455,1.0000003996646212,2.6644308074780687,1,-0.28258162092944994,0.9631609163471585,1.005754280753489,1.865841972880541,-0.00046365962654882774,1.0000001524386748,1.0162576685240692,1,-1.0746777941496048,1.1964912351411117,1.6142409385308862,2.307521028222864,-9.05760882527106e-05,1.0000000409702796,0.27313519732274744,1,-5.386017411660104,-0.9127741280193503,5.472695461308289,-2.973862026911636,-0.002963853348528191,1.000000000914287,0.006094166937063867,0
6.32,-0.0037536189184205608,0.00473169062090951,-2.1952055537927118e-10,-0.06396627283539856,0.37989252622991976,0.38610202703688173,1.7632084898351332,0.00022714953521093254,1.0000031382167192,20.921438341371655,1,-0.055331183774180864,0.7222985292707813,0.7243231203902991,1.6609307479741375,-0.001144300958074192,1.000000399207364,2.661382426829892,1,-0.400215403761015,0.9215421685242439,1.0078296465707415,1.9898502796816078,-0.0005851003469136201,1.00000015182123,1.012141370771305,1,-1.148310721218438,1.1353293894630032,1.6211939504385466,2.36655964911086,-7.14270399213069e-05,1.0000000403434484,0.26895632312949264,1,-5.376562250436198,-0.9642549189394557,5.472218314071959,-2.9642886551389735,-0.003161342234317211,1.000000000914416,0.006095027259657001,0
6.340000000000001,-0.0037536189232866735,0.004731690620449705,-2.2090976888478747e-10,-0.24963704772802972,0.3367567023407786,0.42437458989980253,2.228721802312411,0.00022185349757449218,1.0000030373708624,20.249132630515337,1,-0.20008091998638886,0.6953314362424791,0.7254096195804413,1.8644041913148799,-0.0007275981197893005,1.0000003985986952,2.657324633811916,1,-0.5115331752512622,0.8657383976356441,1.0097929836373294,2.1133619243046113,-0.0007306770117334137,1.0000001511741758,1.007827676463852,1,-1.2176533866214931,1.0699634559783942,1.6277414231339766,2.4251086505297645,-5.552071922963346e-05,1.000000039737819,0.2649187929942778,1,-5.366588014376931,-1.015642698339092,5.471714927376553,-2.954713542803084,-0.0033692699879140473,1.0000000009145584,0.006095976166698219,0
6.36,-0.0037536189262030654,0.004731690620028588,-2.2236812543229012e-10,-0.38329436979570386,0.22389987511316004,0.45192862782040955,2.6258427063698444,0.00021456484051124607,1.0000028941230608,19.29414728552489,1,-0.3361805449719457,0.6397363752780781,0.726431061605121,2.0672855491728055,-0.00021750760530844223,1.000000397864991,2.652433272641955,1,-0.6148664025044874,0.7966873152384912,1.0116147925793837,2.2364108031889613,-0.0008932263008482111,1.000000150507934,1.0033860636012848,1,-1.282503469309558,1.0006833929674364,1.6338642807516546,2.4832036748324837,-4.205603164411058e-05,1.0000000391548025,0.26103201696470535,1,-5.356095522375828,-1.0669324822666355,5.471185319138064,-2.945136598802618,-0.003585134576607325,1.000000000914714,0.006097013664641152,0
6.38,-0.003753618927525188,0.004731690619658037,-2.2387607284506117e-10,-0.4504119534196176,0.07254262251706832,0.46576824976595477,2.987519321403201,0.0002090541025391816,1.000002740981016,18.273200320436384,1,-0.45807855192208163,0.5579169741632662,0.7273460297838171,2.2696253479372226,0.0003268781710442176,1.000000397037326,2.646915505953016,1,-0.7086836298399453,0.7155127932125303,1.0132680034737673,2.3590371503775764,-0.0010593814333999547,1.00000014983293,0.9988860382503922,1,-1.3426765135581833,0.9277839654815365,1.6395451407587371,2.540880525427749,-3.032373031811467e-05,1.0000000385956231,0.2573041546190484,1,-5.345085636378426,-1.118119291996065,5.470629513259498,-2.935557732656769,-0.0038071814541921815,1.000000000914883,0.006098139755107069,0
6.4,-0.0037536189275432274,0.004731690619344049,-2.2541622670020633e-10,-0.44599645239925567,-0.09010738974278534,0.46486284947223555,-2.944079987299632,0.00020557819757888095,1.0000025980625578,17.320410598726376,1,-0.5608419999667312,0.4533196385931695,0.7281177493137114,2.471495187708064,0.0008240821098208452,1.0000003961499577,2.6409997183021323,1,-0.7916087942811348,0.6235052572977096,1.0147283236560831,2.4812868324030375,-0.0012080314767702,1.000000149159364,0.9943955971375237,1,-1.3980053874751253,0.8515639654914433,1.6447682635220455,2.5981750982639724,-1.956919826717735e-05,1.0000000380613328,0.2537422186227448,1,-5.333559261390287,-1.1691981543050365,5.470047538418817,-2.925976854374131,-0.00403387125211241,1.0000000009150654,0.006099354430918318,0
6.42,-0.003753618926373988,0.0047316906190893095,-2.2697225045623104e-10,-0.3703415747245484,-0.23826260791935314,0.44927176387612355,-2.5795472941791804,0.00020368492374044547,1.000002480812035,16.538740446209076,1,-0.6403409575720459,0.3302829496519805,0.7287153753596607,2.672984596075084,0.0012195072920371185,1.0000003952388776,2.6349258503257564,1,-0.8624368767634576,0.5221009254310264,1.0159745552327788,2.60321059534115,-0.001320988472096638,1.0000001484970555,0.9899802072326493,1,-1.4483397602172092,0.7723255360081333,1.6495195053693956,2.655123327741914,-8.940780776930047e-06,1.0000000375528273,0.25035218181226926,1,-5.321517345487018,-1.2201641017542744,5.469439427742026,-2.9163938744718476,-0.0042635616517015746,1.0000000009152608,0.006100657672888066,0
6.44,-0.0037536189239618513,0.004731690618893514,-2.2852737844442084e-10,-0.22927918327549487,-0.34433574868477523,0.42019585736449316,-2.1760663928971358,0.00020273742644606038,1.0000024061443291,16.04095574168037,1,-0.6933984462670908,0.19385851824906145,0.7291150521565389,2.874197462309709,0.001521534670255175,1.0000003943405895,2.6289372639892963,1,-0.920146968805662,0.4128601999263517,1.016988849340674,2.724863261690156,-0.0013961692521423808,1.0000001478554699,0.9857029691728314,1,-1.4935456055587155,0.6903735888477367,1.6537862745084686,2.7117611448578303,2.4398864139946008e-06,1.0000000370708644,0.24713909523671182,1,-5.308960879825957,-1.2710121729679318,5.468805219105603,-2.906808704025601,-0.004494283914995002,1.0000000009154695,0.0061020494476659165,0
6.46,-0.003753618920141342,0.004731690618751679,-2.3006320633289778e-10,-0.03909211545620413,-0.3765800031381348,0.3809901344120641,-1.6994625652644808,0.000201864904277007,1.0000023987634923,15.991750162602381,1,-0.7179030164502778,0.04961047634056895,0.7293007806163013,3.0752481060990102,0.0017756784604151421,1.0000003934909474,2.62327298256031,1,-0.963912868619792,0.2974454424752073,1.0177568673215973,2.8463029179299086,-0.0014437632841168156,1.000000147243761,0.9816249099978824,1,-1.5335047377658648,0.6060153053244841,1.6575574889679052,2.7681244460188106,1.5435503221949025e-05,1.0000000366160824,0.24410721641851044,1,-5.295890898659341,-1.3217374129146122,5.4681449561313284,-2.8972212547186134,-0.004723450642683553,1.0000000009156915,0.0061035297068420214,0
6.48,-0.00375361891502876,0.004731690618649424,-2.3156022650565322e-10,0.1617485349641859,-0.302371852900585,0.3395834348903029,-1.1068134831450909,0.00020167389913642808,1.0000024949195794,16.632790743638182,1,-0.7128822129673588,-0.09659957347508653,0.7292650426297187,-3.006928306742932,0.0020253864972256735,1.000000392723847,2.6181589800432663,1,-0.993111351037723,0.17759831891957373,1.0182678747885914,2.967590138274863,-0.0014726305409460388,1.0000001466706576,0.9778042210524414,1,-1.5681143851384673,0.5195597090279614,1.6608235363819508,2.82424907217754,3.102752715906948e-05,1.0000000361890198,0.24126013260538168,1,-5.282308479348416,-1.3723348731887552,5.467458690412723,-2.887631438777091,-0.0049475956317476906,1.000000000915927,0.0061050983873945554,0
6.5,-0.0037536189104554014,0.004731690618555804,-2.3300641689531776e-10,0.2994342807319009,-0.11236055627785543,0.31119011560385795,-0.3740985955769248,0.00020603642541082518,1.0000027170971746,18.113974710618326,1,-0.6785360135477123,-0.23883573454690224,0.7290091061798537,-2.805839030623613,0.0022986313261146845,1.0000003920699174,2.6137994493049876,1,-1.0073282396585912,0.05511687348248998,1.0185148103416921,3.0887872439905966,-0.0014850623421261255,1.0000001461442833,0.9742950590849666,1,-1.5972868064324335,0.4313173005924995,1.6635762354922914,2.8801707988778698,5.026021505093633e-05,1.0000000357901295,0.23860086422442328,1,-5.268214742378092,-1.4227996122921314,5.466746484800796,-2.8780391683209205,-0.005163692884867898,1.0000000009161754,0.006106755413393616,0
6.5200000000000005,-0.0037536189106867988,0.004731690618431117,-2.3442017489487543e-10,0.29392520498672997,0.13096451072325757,0.31231230811873717,0.42775767793191355,0.00021510149049800635,1.0000029850588406,19.900385818226123,1,-0.6162299044588766,-0.3713129737616841,0.7285429929667117,-2.604550123597289,0.00259662249633898,1.0000003915553797,2.6103691985463247,1,-1.0063623698639164,-0.06816755212071202,1.0184943343785875,-3.0732277313519076,-0.0014841488357356402,1.000000145672029,0.9711466971698882,1,-1.6209489546776,0.34159974548423405,1.6658087950890268,2.935925335732573,7.283624772626645e-05,1.0000000354197922,0.23613194749172353,1,-5.253610851371666,-1.4731266959152214,5.4660084111413845,-2.868444353683213,-0.005374118935872304,1.0000000009164371,0.006108500699126446,0
6.54,-0.003753618916287805,0.0047316906182694836,-2.358492259997569e-10,0.1489656564757883,0.3140340336265652,0.3421831142540399,1.1517601757422538,0.00021971756387015955,1.0000031402219998,20.934806879189352,1,-0.5284476900012974,-0.48861818196557905,0.7278851241464604,-2.402949680811782,0.0028978478814621726,1.0000003912011033,2.6080073557620174,1,-0.9902274995327784,-0.19041347953552223,1.0182068468371668,-2.9520205493311047,-0.0014762550047361508,1.000000145260482,0.9684030510403346,1,-1.6390421916754234,0.25071960653561337,1.6675157719516058,2.9915483259745472,9.671976238099811e-05,1.0000000350783256,0.23385550436479596,1,-5.238498013104674,-1.523311197218115,5.465244535530495,-2.8588469032076236,-0.005584745979150824,1.0000000009167123,0.006110334155507537,0
6.5600000000000005,-0.003753618922776012,0.0047316906181064464,-2.3731850490836537e-10,-0.05312057403129095,0.3801597636149171,0.3838347749089432,1.7352620620765733,0.00021724245851132917,1.0000031415811153,20.943867649197454,1,-0.418704577100396,-0.5859209188946132,0.7270616742085474,-2.2009374307595557,0.0031886351735618216,1.0000003910218378,2.6068122527231194,1,-0.9591521955180419,-0.3097924795627886,1.0176564837708175,-2.8307133584389046,-0.0014591420376880132,1.0000001449153813,0.9661023789764479,1,-1.6515220553296057,0.15899011316614972,1.6686930498693109,3.0470753460333304,0.00012126246602370929,1.000000034765996,0.231773307035167,1,-5.222877477516018,-1.5733481971111074,5.464454914504188,-2.849246726257042,-0.005794948300473008,1.0000000009170005,0.006112255699292696,0
6.58,-0.0037536189275483665,0.004731690617974396,-2.38817017376991e-10,-0.24087387211255676,0.3417672160430284,0.42253610296014904,2.2056259330302073,0.0002123939583839973,1.0000030443334198,20.295549679056748,1,-0.2914216908358249,-0.6591673154735702,0.7261056505246651,-1.9984287225067634,0.003458956601145914,1.0000003910256186,2.606837456862905,1,-0.9135776916952276,-0.4245123315493727,1.0168510888642663,-2.709244206202818,-0.0014249147465383338,1.0000001446415796,0.9642770344463671,1,-1.6583580812617655,0.06672495928761263,1.6693378325394814,3.102541918193759,0.00014731445520880628,1.000000034483026,0.22988683966566498,1,-5.206750537715497,-1.6232327845366066,5.463639608238877,-2.8396437341665304,-0.006000671569485293,1.0000000009173018,0.006114265258566882,0
6.6000000000000005,-0.0037536189303536693,0.004731690617886269,-2.4032284192190834e-10,-0.3778463677647972,0.2318413328790504,0.4507724073352767,2.60551326178279,0.0002080374076775105,1.0000029023891626,19.3492546316468,1,-0.1517640811285931,-0.7052502252660247,0.7250556985826324,-1.7953580807856535,0.0036931595509924124,1.000000391213358,2.608089053068447,1,-0.8541536803294438,-0.5328400962519096,1.0158021426152835,-2.5875530834668896,-0.0013675903795262816,1.000000144443009,0.9629532315896564,1,-1.6595336797039122,-0.02576187800805237,1.66944863146814,-3.1252017778632055,0.00017577721406869979,1.0000000342296036,0.2281973576871696,1,-5.190118529989345,-1.67296005675388,5.462798686097963,-2.8300378389752527,-0.006199149657009331,1.0000000009176164,0.006116362772589969,0
6.62,-0.0037536189315481713,0.0047316906178424545,-2.4181650800682297e-10,-0.448757347133249,0.0818424550757256,0.46539250877618904,2.968413307822911,0.00020434365883666535,1.0000027491898806,18.327926085174763,1,-0.005445547471041097,-0.7221484139489596,0.7239546530402162,-1.5916821922574196,0.0038756121497131486,1.000000391578654,2.610524359111706,1,-0.7817319662621871,-0.6331250218236003,1.0145246516453192,-2.4655826673044876,-0.0012846350092526534,1.0000001443226467,0.9621508155188905,1,-1.6550460682756245,-0.11815630677300985,1.66902525542065,-3.069749658970769,0.00020731400150546204,1.0000000340058917,0.2267059437452699,1,-5.172982833805439,-1.722525119626863,5.461932225100753,-2.820428952625673,-0.0063890244873655855,1.0000000009179444,0.006118548189006366,0
6.640000000000001,-0.003753618931436953,0.004731690617837506,-2.432829970464012e-10,-0.4482537227745202,-0.08085688228837862,0.46529189713558444,-2.9632271082612456,0.00020093548901199674,1.0000026053051563,17.368694589391442,1,0.14149475206029768,-0.7090275391362895,0.7228478713779226,-1.3873821620442182,0.003997895397994849,1.000000392107843,2.614052287744432,1,-0.6973578866597085,-0.7238211712299063,1.0130370008760734,-2.343279067986383,-0.0011766925186833036,1.00000014428248,0.9618830364892748,1,-1.6449062609447143,-0.21014428322592943,1.6680688064676659,-3.0142515650372963,0.00024244541066669126,1.0000000338120338,0.22541355923548648,1,-5.155344871818933,-1.771923087914735,5.461040307910363,-2.8108169867456443,-0.006569704754517197,1.0000000009182852,0.006120821460480055,0
6.66,-0.003753618930152848,0.004731690617863336,-2.4471056973320027e-10,-0.37637276482489496,-0.23047499164766258,0.45047727182784786,-2.600009495755919,0.00019808616988736127,1.0000024862693735,16.575122704522432,1,0.2829370001081877,-0.6662961036029685,0.721781400251906,-1.1824648752882394,0.004062266604325628,1.0000003927803345,2.6185355633783156,1,-0.6022593807728152,-0.8035096176823637,1.0113607665365838,-2.220592575854604,-0.0010471312796962787,1.0000001443234736,0.962156328271916,1,-1.6291391131450281,-0.3014119770662964,1.6665816825016455,-2.9586720143887715,0.0002816285866561,1.0000000336481636,0.2243210912868845,1,-5.137206109878521,-1.8211490855648564,5.460123021576309,-2.8012018526374716,-0.006740978030195526,1.0000000009186394,0.006123182541825734,0
6.680000000000001,-0.0037536189276546595,0.004731690617909966,-2.4608912173665343e-10,-0.2385706023571573,-0.3395990990567388,0.42207223510611347,-2.199415532247542,0.00019666421015733003,1.0000024087622155,16.058408317233706,1,0.4129377399588792,-0.5956106429188059,0.7208000411021905,-0.9769633147090174,0.004081370850618669,1.0000003935692436,2.623794957565218,1,-0.4978335871285838,-0.8709200040520357,1.0095204872235732,-2.0974784027565954,-0.000901250711139509,1.000000144445538,0.9629700905001688,1,-1.6077834226537038,-0.3916459466926584,1.664567585602962,-2.902975496272899,0.0003253091837869715,1.0000000335144092,0.2234293949493507,1,-5.118568057033233,-1.8701982460077422,5.459180456880308,-2.79158346134076,-0.006902726759717622,1.0000000009190069,0.006125631388152236,0
6.7,-0.0037536189237832086,0.004731690617964386,-2.4740869921345554e-10,-0.050334458112074085,-0.37671600570592534,0.3832678862663445,-1.7278207968759165,0.00019681104035918417,1.000002396901858,15.979339267568959,1,0.5259882587367104,-0.4998262516750381,0.7199453975346157,-0.7709357214511113,0.004075719562558013,1.0000003944423428,2.6296156188421507,1,-0.38563085270736497,-0.9249512045043837,1.007543390733089,-1.9738974108732679,-0.0007443917170995845,1.0000001446474978,0.9643164893543013,1,-1.5808920855356117,-0.4805333320801359,1.662031536170893,-2.847126458347674,0.00037399856033107056,1.0000000334108994,0.22273932897991203,1,-5.099432265539417,-1.9190657124539732,5.458212708365388,-2.781961723738088,-0.007054569818993735,1.0000000009193872,0.006128167953792735,0
6.720000000000001,-0.003753618918619222,0.0047316906180062965,-2.4865954629561815e-10,0.1514788481797494,-0.3089175188622648,0.3416602123653864,-1.142505224093419,0.0001969703780903089,1.0000024864669932,16.576440168328098,1,0.6172618301784167,-0.3828911747873842,0.7192539992698821,-0.5644635438413872,0.004070550951507317,1.000000395363316,2.635755440026293,1,-0.26733606174859376,-0.9646907636945907,1.0054590738349107,-1.849816819467024,-0.0005795224047064893,1.000000144927073,0.9661803244531854,1,-1.548532306210665,-0.567762073200984,1.6589798934141025,-2.7910892971069314,0.00042835997422524996,1.0000000333377677,0.22225178439485072,1,-5.079800330867747,-1.9677466381932063,5.4572198756543955,-2.772336550612834,-0.0071955346947262955,1.000000000919781,0.00613079219113664,0
6.74,-0.0037536189138506065,0.0047316906180011,-2.49839614708397e-10,0.2949297415229189,-0.12439543253577885,0.3120780150894313,-0.4167430967557774,0.0001993753454679013,1.0000027025240055,18.016820250813453,1,0.6828365204434402,-0.24968746923152607,0.7187556049071028,-0.3576481939760493,0.004088318878606,1.0000003962932802,2.641955201360029,1,-0.14474723197996767,-0.9894327266426797,1.0032991330214494,-1.7252108736915215,-0.0004087479962474334,1.0000001452808664,0.9685389461283557,1,-1.5107858602775623,-0.6530211619986764,1.655420382623885,-2.7348283511051856,0.0004888332568414945,1.000000033295156,0.22196770654141515,1,-5.05967389171038,-2.016236186895579,5.456202066333039,-2.762707852214654,-0.007325329519327304,1.0000000009201877,0.006133504048332204,0
6.760000000000001,-0.003753618913706194,0.004731690617906323,-2.5097667607359986e-10,0.29813046713155544,0.11897411214227632,0.31140387713696377,0.38516934454410306,0.0002070866488323932,1.0000029722938628,19.81528596649707,1,0.7198805073404636,-0.10582341035930641,0.718471792519513,-0.15060671872042183,0.004127010718542948,1.0000003971924876,2.6479499178380608,1,-0.019751388497211794,-0.9986934173157587,1.0010967483824857,-1.6000614515089762,-0.00024297293433965024,1.0000001457043537,0.9713621944478404,1,-1.4677494081560551,-0.7360009361688226,1.6513621244391343,-2.678307896119097,0.0005540557706539233,1.0000000332832166,0.22188811117738946,1,-5.039054629988914,-2.0645295329156115,5.455159394678527,-2.7530755366990625,-0.007449421573472335,1.0000000009206076,0.0061363034658073095,0
6.78,-0.0037536189191261235,0.004731690617713199,-2.5212982613168067e-10,0.1588687446312697,0.3075725878026781,0.34009848443832386,1.1161656294062139,0.0002122231889399947,1.0000031360692645,20.90712197710967,1,0.7267883056579377,0.042613014381511674,0.7184149277044352,0.05653341170754772,0.004163780632062479,1.000000398022194,2.6534812933820517,1,0.10570219077793021,-0.9922246754431059,0.9988862143666322,-1.474358587490289,-0.00010213918096626386,1.0000001461918893,0.9746124325783475,1,-1.4195348569692858,-0.8163934233168931,1.6468156573488377,-2.621492149101091,0.0006212906601134464,1.0000000333021142,0.22201409465997068,1,-5.017944270863587,-2.1126218615979795,5.45409196706253,-2.743439509569946,-0.007577117472741355,1.0000000009210406,0.006139190374660949,0
6.800000000000001,-0.0037536189257033883,0.0047316906174583555,-2.5333777090019716e-10,-0.04230006313995058,0.3800918962159837,0.38155892986177325,1.7069763486635714,0.00021194995938048482,1.0000031446160127,20.96410029877039,1,0.7032589309218328,0.1893269983417731,0.7185875455189561,0.2636401322405714,0.004186441734585004,1.0000003987465333,2.658310222945696,1,0.22963116393006774,-0.9700240273547698,0.9967024177283319,-1.3481009091971392,5.913178263355378e-06,1.0000001467367314,0.9782447127459982,1,-1.3662697673291126,-0.8938927444072651,1.6417929699142169,-2.5643452900794865,0.0006898064417987719,1.0000000333520258,0.2223468380791995,1,-4.996344582742431,-2.160508369584227,5.45299987462758,-2.733799676660799,-0.00771054166385645,1.0000000009214869,0.006142164699524045,0
6.82,-0.0037536189306595917,0.004731690617179617,-2.546016873890278e-10,-0.23203202391856853,0.34654114908603634,0.42066603941306036,2.182319819927759,0.00020956774354298968,1.0000030511305027,20.34086356483241,1,0.6503107096320283,0.3281013759391326,0.7189822099024875,0.47058288964032746,0.0041914507832190705,1.0000003993342244,2.6622281629591273,1,0.350051436876472,-0.932341256922325,0.9945802870884574,-1.2212959616371857,8.440588771683831e-05,1.000000147331087,0.9822070842010434,1,-1.3080978008552786,-0.9681955858219847,1.6363075536479494,-2.5068314899363484,0.0007600642207054787,1.0000000334331407,0.2228876042710504,1,-4.974257377288931,-2.20818426512071,5.451883205248212,-2.724155945724797,-0.007847690613260128,1.000000000921946,0.00614522636130447,0
6.840000000000001,-0.0037536189336656463,0.004731690616897385,-2.559094585546928e-10,-0.3722764088272084,0.2396362664859578,0.44957496591429624,2.5850733191129955,0.00020716251722870417,1.0000029105913224,19.403935697283462,1,0.5702317011000057,0.4530767870469979,0.7195818744721502,0.6772386542786776,0.004173787972214166,1.0000003997600795,2.665067197178242,1,0.4650101572333821,-0.8796808615313588,0.9925542175867524,-1.0939603794496218,0.00013748034670122038,1.000000147966183,0.9864410581771832,1,-1.2451792033364295,-1.0390017497376944,1.6303744554776518,-2.4489149417844396,0.0008321013258973851,1.0000000335456591,0.22363772696781936,1,-4.951684509428578,-2.2556447683688052,5.450742050398319,-2.7145082255100177,-0.00798764493042127,1.0000000009224184,0.00614837527715109,0
6.86,-0.0037536189350652113,0.0047316906166208145,-2.57249551955524e-10,-0.44696475409728775,0.09107306166868243,0.46497226122390645,2.949273437048033,0.0002047435656125628,1.0000027573986703,18.382651348938953,1,0.4664690914104995,0.5590120674579253,0.7203607094198831,0.8834974935010451,0.004128511415730916,1.0000004000061893,2.666707929034998,1,0.572619814952867,-0.8127999297506112,0.9906574714343798,-0.9661198882926737,0.00016850071365624576,1.0000001486323618,0.9908822489937823,1,-1.177691317267306,-1.1060147928472261,1.6240103266853856,-2.3905599052563855,0.0009054909094294757,1.0000000336897887,0.22459859189085604,1,-4.928627877355071,-2.3028851117174893,5.449576504475162,-2.704856425068295,-0.008130603825591207,1.0000000009229038,0.00615161135975661,0
6.88,-0.003753618935165684,0.004731690616354427,-2.586130181531088e-10,-0.4503713835230292,-0.07160274569942959,0.46567665867452945,-2.9823394484175254,0.0002020444142894955,1.0000026125962314,17.417301756063015,1,0.3434649286440701,0.6415111162054875,0.7212853362503016,1.0892673955271082,0.004054859887642803,1.000000400062703,2.6670846863348796,1,0.6710927445081536,-0.7327010653197379,0.9889215683181491,-0.8378091212436173,0.00018068006641211993,1.0000001493192052,0.9954612055579383,1,-1.1058291160878337,-1.1689427637291159,1.617233473251763,-2.331730766547009,0.0009795941555649315,1.0000000338657413,0.22577160927483925,1,-4.905089422536196,-2.3499005400980746,5.448386663265603,-2.695200453644749,-0.008277071827714836,1.0000000009234022,0.006154934517244566,0
6.9,-0.0037536189341033214,0.004731690616100984,-2.599921406637451e-10,-0.3822772945856107,-0.22260542353432547,0.451642035773081,-2.6203613050576435,0.00019959377953739974,1.0000024918258617,16.612165958496465,1,0.2064487313053374,0.6972053138979267,0.722316391609278,1.2944781009149218,0.003958458910335143,1.0000003999281706,2.6661878031422166,1,0.7587752081440678,-0.6406201073108491,0.9873756820226327,-0.7090712365152619,0.0001773988780458602,1.00000015001569,1.0001044380464776,1,-1.0298057508486222,-1.2274990493720257,1.610063908106884,-2.2723921150737207,0.0010537282630868814,1.0000000340737265,0.2271581769591031,1,-4.881071129719153,-2.3966863113008743,5.447172623197274,-2.6855402207868115,-0.008427376862638915,1.0000000009239138,0.006158344653871402,0
6.92,-0.0037536189318391096,0.004731690615861943,-2.6137862273872825e-10,-0.2477759897489119,-0.3346885587362921,0.4239172059726338,-2.2225560179797914,0.00019830506813405845,1.0000024115504507,16.076996551082633,1,0.06119953146660532,0.7238840774775138,0.7234103257319657,1.4990837856093875,0.003851419508588458,1.000000399609447,2.664062980073356,1,0.8341801502952454,-0.5380085564353384,0.9860460598209351,-0.57995732866195,0.00016228768862857016,1.0000001507103695,1.004735633762039,1,-0.9498530982167589,-1.2814033414167763,1.602523404116282,-2.2125088383180027,0.0011273058975699315,1.000000034313945,0.2287596332052223,1,-4.856575026934929,-2.443237696293645,5.445934481302155,-2.6758756365199647,-0.008581347996671094,1.0000000009244383,0.006161841671572275,0
6.94,-0.003753618928209327,0.00473169061563588,-2.6276203825628675e-10,-0.061592482183611914,-0.3765771638758963,0.3855360662281809,-1.7558415191306374,0.00019836857145353123,1.0000023953191375,15.968787797905522,1,-0.08620928687993176,0.7205698689296772,0.7245213343223447,1.7030645297070435,0.003751106515543597,1.0000003991211914,2.6608079433412297,1,0.8960176606006689,-0.4265108063746143,0.9849554815758441,-0.45052563367416676,0.0001394365798034178,1.000000151391581,1.0092770445040147,1,-0.866222296673717,-1.330382732479613,1.5946355464671544,-2.152046236921122,0.0012000216070237205,1.0000000345865798,0.23057719927822792,1,-4.831603185501278,-2.489549979541924,5.444672335937427,-2.6662066115532475,-0.00873795424781268,1.0000000009249759,0.006165425471986804,0
6.96,-0.0037536189232526625,0.004731690615413968,-2.6412974585277027e-10,0.1409810132096533,-0.3151388908748298,0.3437718998829482,-1.177761320926627,0.00019959709791697995,1.0000024783908734,16.522599370254493,1,-0.2296693339465019,0.6875374922022911,0.7256033246352094,1.9064265887657323,0.0036785196725045684,1.0000003984850192,2.6565667952707264,1,0.9432221763234042,-0.30793648698613524,0.9841227753747877,-0.3208405378313326,0.00011391328438359028,1.000000152047677,1.0136510157609304,1,-0.7791842553490422,-1.3741729524124664,1.586425783345228,-2.090970162233787,0.001272050059203345,1.0000000348917868,0.23261191198919562,1,-4.806157720023986,-2.5356184593315936,5.443386288852433,-2.656533057441255,-0.008894999275484641,1.0000000009255265,0.006169095957922348,0
6.98,-0.0037536189185102126,0.004731690615172529,-2.6547388592979004e-10,0.2899287564525513,-0.1362745098049299,0.3130564349877411,-0.45913722951953206,0.00020414288394144495,1.0000026881213173,17.920802329435773,1,-0.36328896651281845,0.6262804791177693,0.726611824564893,2.1092015514357287,0.003653627982892213,1.0000003977283838,2.6515225585122706,1,0.974975500921376,-0.18422844032960814,0.9835624064265587,-0.19097141060377829,9.104861009783834e-05,1.0000001526672664,1.017781612945832,1,-0.6890301172552458,-1.4125197536784606,1.5779214745877088,-2.02924717763239,0.0013436624239368546,1.0000000352296814,0.23486454331460782,1,-4.78024078839653,-2.5814384480943406,5.442076449199562,-2.646854886293739,-0.009050458103382352,1.00000000092609,0.006172853032758198,0
7.0,-0.0037536189181466865,0.004731690614877349,-2.668132342668883e-10,0.301833365714543,0.10676825712541399,0.3105869018553434,0.3423369606248256,0.00021309402445705345,1.0000029591514052,19.727669582250837,1,-0.48162749443799024,0.5394295870847381,0.7275057551280278,2.3114445103155603,0.003676529010218276,1.0000003968832691,2.645888461297906,1,0.9907248169673822,-0.0574270557239784,0.9832841588868189,-0.060991290209324395,6.956092520898888e-05,1.0000001532394653,1.02159627226003,1,-0.5960716560316649,-1.445180454031705,1.569151935583536,-1.96684474215777,0.0014130799613627741,1.0000000356003256,0.2373355042299094,1,-4.753854591798994,-2.627005272736702,5.440742934710593,-2.637172009253261,-0.009207941582610589,1.0000000009266665,0.0061766965969880915,0
7.0200000000000005,-0.0037536189234639574,0.004731690614523792,-2.6819791916835034e-10,0.16853738391539483,0.30071678212934233,0.338049639362066,1.080129338151285,0.00021883537695807924,1.0000031314140536,20.876087238113353,1,-0.5799039692382337,0.4306298600614979,0.7282490082873295,2.5132313928522776,0.0037175063589263745,1.0000003959847745,2.639898496133646,1,0.9901950248303486,0.07036812804411531,0.9832929263768643,0.06902454936425637,3.905534345066069e-05,1.0000001537541425,1.0250274541208855,1,-0.500641582483335,-1.4719256429096954,1.5601484624158413,-1.9037314185466698,0.001476438507446089,1.00000003600371,0.24002473395541576,1,-4.727001374697344,-2.6723142749725963,5.439385859095283,-2.6274843354330217,-0.009375267666370184,1.000000000927256,0.006180626544513766,0
7.04,-0.003753618930155636,0.004731690614152123,-2.696593282870696e-10,-0.03149468003524651,0.37967557284509296,0.37927341131474096,1.6783466756762635,0.0002190106057630678,1.0000031473373001,20.982242215536722,1,-0.654174730037702,0.30438341351439213,0.7288117950788182,2.7146556272473075,0.0037536127729430194,1.0000003950696572,2.63379771465989,1,0.9733949326925276,0.19703850536606718,0.9835885995909008,0.199000109881813,-4.961477462598143e-06,1.0000001542021646,1.028014267358141,1,-0.4030937339922107,-1.4925410554004355,1.5509443380065802,-1.8398771202827529,0.0015325689036655788,1.0000000364397363,0.24293157593704573,1,-4.699683424842693,-2.7173608116583985,5.43800532258221,-2.617791774525104,-0.009552420478120873,1.0000000009278585,0.0061846427625309505,0
7.0600000000000005,-0.0037536189352682632,0.0047316906138038925,-2.7118986787103005e-10,-0.22309838795222733,0.35106840526513694,0.41876420974815115,2.1588023818458573,0.00021828218042938417,1.0000030577813683,20.385202669735897,1,-0.7014756891610625,0.16586525165119909,0.7291717221723512,2.9158243188886654,0.0037787186019921848,1.0000003941748958,2.6278326386118622,1,0.9406170585995784,0.320487036382234,0.9841660561381024,0.3288601960681495,-6.030637551401333e-05,1.0000001545756063,1.030503879152414,1,-0.30380311660611015,-1.506829614521934,1.5415748397523021,-1.7752533947079592,0.0015825316855413436,1.0000000369081958,0.2460546395794532,1,-4.671903073269411,-2.762140255130473,5.43660142295946,-2.6080942387220127,-0.009734527716876764,1.000000000928474,0.006188745131613437,0
7.08,-0.003753618938392062,0.004731690613501085,-2.727671534821785e-10,-0.36657064443192827,0.24727824245577978,0.4483367690505784,2.564522718987949,0.00021937271565797604,1.000002918748775,19.458318712845813,1,-0.7199267903332379,0.02071920843709344,0.7293145699024982,3.1168540691687276,0.0037918355210381665,1.0000003933363137,2.6222420922187237,1,0.8924310540493889,0.4386782612375756,0.9850152725944952,0.45853191148898154,-0.00012512127026318475,1.0000001548679347,1.0324527344671581,1,-0.20316576659508573,-1.514613638735208,1.5320772355164707,-1.7098337307488578,0.0016272237043995004,1.000000037408747,0.24939164655595264,1,-4.643662694292369,-2.806647993546043,5.435174264114061,-2.5983916418895596,-0.009917940676875283,1.0000000009291021,0.006192933522843153,0
7.1000000000000005,-0.003753618939861666,0.0047316906132518575,-2.743692417359056e-10,-0.4450210004099634,0.10023098091991856,0.46450833343861153,2.9300989171596883,0.00022169089178238175,1.0000027656251749,18.437494713893457,1,-0.7087971413557884,-0.12515927649099068,0.7292347683554022,-2.96531874293204,0.003797592358587989,1.0000003925873007,2.6172486713575123,1,0.8296710023889954,0.5496765618573032,0.986121549706866,0.5879460854864462,-0.00019888334620550663,1.0000001550741555,1.0338275410360345,1,-0.10159839555428549,-1.5157372067932477,1.5224907535918322,-1.643593895798134,0.0016671198296980927,1.0000000379408893,0.2529392622220248,1,-4.614964705504452,-2.8508794312274053,5.433723956449677,-2.5886838986977803,-0.010100460101118137,1.0000000009297432,0.006197207794512451,0
7.12,-0.003753618939993952,0.004731690613057412,-2.7597743751731074e-10,-0.4523378105587521,-0.062346538810581484,0.46601824839624567,-3.0014191874245006,0.00022370731015012066,1.0000026199518175,17.46633899724599,1,-0.6685300600141645,-0.2658472061467597,0.7289355700584084,-2.7642012493958013,0.0038079619133175847,1.000000391957646,2.6130509730988374,1,0.7534170756931009,0.6516816302028771,0.9874658369677636,0.7170385879472048,-0.00028147235488541647,1.000000155190919,1.0346059642024377,1,0.00046221916525727427,-1.5100686661212666,1.5128565259292133,-1.5765123044311684,0.0017025459053227612,1.0000000385039371,0.2566929136035399,1,-4.5858115677743845,-2.8948299890086866,5.432250615699366,-2.578970924316056,-0.010280511443864953,1.0000000009303973,0.006201567790862074,0
7.140000000000001,-0.0037536189389377693,0.004731690612915282,-2.7757540103229283e-10,-0.38804556489232955,-0.2146549369238199,0.4527677320454786,-2.640607279565997,0.0002261225003875343,1.0000024974952348,16.64996177987341,1,-0.6007277812080356,-0.39561879196469796,0.7284289222440911,-2.562860448645415,0.003838744595472547,1.0000003914724909,2.6098166062441015,1,0.664972230122757,0.7430602453220402,0.9890251444262789,0.8457514941363153,-0.00037238491789575427,1.0000001552165758,1.0347770097649156,1,0.10256013850842886,-1.4975032639754093,1.5032175031053956,-1.5085704169615133,0.001733853259880989,1.0000000390969894,0.2606465960286921,1,-4.556205785244367,-2.938495104584166,5.430754362200802,-2.5692526343546516,-0.010456682343763396,1.0000000009310641,0.0062060133439774175,0
7.16,-0.0037536189366667856,0.004731690612820137,-2.791476693894679e-10,-0.2568876095162397,-0.3296062307197218,0.4257334807189299,-2.2454974034669557,0.00023225600792042343,1.0000024145179032,16.096779568597846,1,-0.5080959927062418,-0.5091648579835697,0.7277350486074307,-2.3611863854521675,0.003906401010291046,1.000000391151415,2.6076760996129673,1,0.5658347701974864,0.8223736439833351,0.9907730275966852,0.974034071321596,-0.00047011580870289264,1.000000155151188,1.0343410901876458,1,0.20422150062830668,-1.477965872658553,1.4936183375799756,-1.439753164258204,0.0017615258012899032,1.0000000397189006,0.2647926712714527,1,-4.526149905326284,-2.9818702328573656,5.429235320692679,-2.5595289448940504,-0.01062743554611216,1.0000000009317438,0.0062105442789958465,0
7.180000000000001,-0.003753618933024656,0.00473169061276266,-2.80678332572476e-10,-0.07285871664027896,-0.37616776604259533,0.3877984383174379,-1.7835441542427408,0.00024145336853839938,1.0000023940140592,15.96008727493718,1,-0.3943488389863286,-0.6018006146744033,0.7268817436540933,-2.1590816717206565,0.0040267762240574325,1.0000003910077468,2.606718312158237,1,0.4576677101552367,0.8883999761233564,0.9926801292614483,1.1018435686216743,-0.000571435074712701,1.000000154996492,1.0333097847417545,1,0.30495613425233853,-1.4514137711646755,1.4841052314577594,-1.3700493940183474,0.00178631159928247,1.0000000403682492,0.26912166085310385,1,-4.495646518695051,-3.0249508462906607,5.427693620689624,-2.549799772567605,-0.010790772780795528,1.0000000009324361,0.006215160421467586,0
7.2,-0.00375361892802309,0.004731690612725585,-2.8215099310766045e-10,0.13026512892871436,-0.321040092937779,0.3459223146561914,-1.2126131577110533,0.00025003010050183216,1.0000024706779724,16.47118003074771,1,-0.2640756939695574,-0.6696551959239249,0.725903374629907,-1.9564653802356335,0.004204437454764721,1.000000391048053,2.6069870210315895,1,0.3422659034227156,0.9401515508086531,0.9947147606697604,1.2291458011239136,-0.0006704920463661162,1.0000001547558222,1.0317053181949307,1,0.40425958358914255,-1.4178394359737436,1.474725745552366,-1.2994523322726117,0.001809443515061113,1.0000000410433059,0.27362203894596226,1,-4.46469825927785,-3.0677324352559436,5.426129398041043,-2.540065034647297,-0.010943922403228027,1.0000000009331413,0.006219861604290412,0
7.220000000000001,-0.003753618923072937,0.004731690612676638,-2.8355523788367587e-10,0.28443959797237944,-0.14799531960456538,0.31412894624509446,-0.5013163408679636,0.000258773676141344,1.0000026738759977,17.825833532098823,1,-0.12257199187082783,-0.7098359824803983,0.724839619170208,-1.7532764663198086,0.0044285385667204415,1.0000003912717328,2.6084782185625026,1,0.22152190176065698,0.9768867858940598,0.9968435036347694,1.3559155276422157,-0.0007598283864092011,1.0000001544339936,1.0295597945925887,1,0.501615577173879,-1.3772732835349009,1.4655285684582628,-1.2279600520584473,0.0018325774469399076,1.000000041742005,0.2782800327153171,1,-4.43330780423891,-3.110210508387706,5.424542798590618,-2.5303246487716438,-0.011084638643774899,1.0000000009338592,0.006224647670990292,0
7.24,-0.00375361892226581,0.004731690612571786,-2.849079201727722e-10,0.3050314252551796,0.09434608608726285,0.3098651132701731,0.2992084187796371,0.0002703149699059753,1.0000029456009818,19.63733342531804,1,0.024362239149042154,-0.7205604616132135,0.723733976004182,-1.5494765792999763,0.004666911238164982,1.000000391670854,2.6111390270782073,1,0.09739145048022506,0.9981169622657414,0.999031816376842,1.4821366256637998,-0.0008393867215436153,1.0000001540371593,1.026914231794698,1,0.5964989659664711,-1.329786296377314,1.4565632462474174,-1.1555759362794782,0.0018558270744067269,1.000000042461916,0.2830794401473472,1,-4.401477873960772,-3.1523805929401285,5.422933980231504,-2.5205785314332307,-0.011216979223368423,1.00000000093459,0.006229518473297737,0
7.260000000000001,-0.003753618927263451,0.0047316906123942935,-2.862605499864834e-10,0.17797263999448995,0.2934555669001269,0.33603668399160064,1.0435805220283636,0.0002796427172218887,1.000003126206004,20.841366907305808,1,0.17065079199900443,-0.7012484133628261,0.7226320720096179,-1.3450521104073725,0.004868512107384088,1.0000003922302718,2.614868478090014,1,-0.02814056535775419,1.003608042016955,1.0012446371353083,1.607802074372687,-0.0009202872351652256,1.0000001535726413,1.0238174454229887,1,0.6883791467265651,-1.2754924550112723,1.4478798641868615,-1.0823091159421128,0.001876180687973228,1.0000000432002196,0.2880014645655075,1,-4.369211232023985,-3.1942382351489624,5.42130310126843,-2.5108265964412033,-0.011350559597092582,1.0000000009353331,0.006234473865546456,0
7.28,-0.0037536189338966534,0.004731690612174176,-2.876506840880644e-10,-0.02069628119380799,0.3789015453417198,0.37697447637828513,1.6493116778181411,0.0002818052234866954,1.0000031497088955,20.9980528508608,1,0.3101893099491808,-0.6525677716996939,0.7215798078911857,-1.140015332709834,0.005007873680834052,1.000000392928027,2.619520179627551,1,-0.1530930257786768,0.9933779336349584,1.003446977887298,1.7329137805869133,-0.001004563084752425,1.0000001530487477,1.020324821251532,1,0.7767239740173245,-1.2145508899200006,1.4395286676599197,-1.0081748784316122,0.0018917607546341112,1.000000043953686,0.29302457354633754,1,-4.336510685186083,-3.2357790005972955,5.419650307763713,-2.501068757080827,-0.011487283410165207,1.0000000009360892,0.0062395137019082185,0
7.300000000000001,-0.003753618939043907,0.00473169061194612,-2.890779989515868e-10,-0.2140648289920975,0.3553451240365243,0.4168257635636019,2.1350288639106902,0.0002783162287629283,1.00000306426802,20.428447014123847,1,0.4371035154635265,-0.5764287416575048,0.7206214244460618,-0.934404492666198,0.00509117623419404,1.0000003937360498,2.624906999000767,1,-0.27551976456800614,0.967689674111963,1.005604479766772,1.8574822711126566,-0.001083668236733483,1.000000152474576,1.0164970117048033,1,0.8610041478721082,-1.1471676608974732,1.431559643332906,-0.933195040013634,0.001902999292133114,1.000000044718661,0.29812440698696185,1,-4.303379083358788,-3.2769984745844107,5.417975741818751,-2.4913049283860507,-0.011623716019165316,1.0000000009368577,0.006244637835380024,0
7.32,-0.0037536189422126935,0.00473169061172668,-2.9052753518915564e-10,-0.3607248746768421,0.25476651969200104,0.44705383545312605,2.5438286333461937,0.00027310447871767713,1.0000029268540325,19.51235376386902,1,0.5460063175404816,-0.47592276204486866,0.7197975732630157,-0.7282827290573973,0.00513382279873993,1.000000394621172,2.6308078124690715,1,-0.39353860791412876,0.9270410465834779,1.0076839243040712,1.9815262550494144,-0.0011507075884238135,1.0000001518598218,1.0123986487418188,1,0.9406980453946,-1.0735970661154044,1.42402207104716,-0.8573982528703069,0.0019106016457931991,1.0000000454910642,0.3032737620048068,1,-4.269819319583443,-3.3178922624983036,5.416279550322524,-2.481535026572333,-0.011757960451425385,1.000000000937639,0.006249846114811418,0
7.340000000000001,-0.003753618943728773,0.00473169061151974,-2.9198558111273587e-10,-0.4429264899023236,0.10931609024548718,0.46399830865038927,2.9108627388610286,0.00026865015380188756,1.0000027738655455,18.492430516841768,1,0.6322410627238017,-0.3552056757724551,0.7191434808958846,-0.5217357774253858,0.005151786779956322,1.0000003955464354,2.6369762354531305,1,-0.5053579591010854,0.8721511659909963,1.0096537025100212,2.1050720815990203,-0.0012026461970006414,1.0000001512145924,1.0080971200016575,1,1.0152969439967323,-0.9941423820382729,1.4169640365304252,-0.7808202257066281,0.0019151621482412032,1.0000000462664012,0.3084426739264651,1,-4.23583433000532,-3.3584559901921995,5.414561885412773,-2.471758968164805,-0.011889988879192015,1.0000000009384329,0.006255138381371235,0
7.36,-0.003753618943918305,0.004731690611323804,-2.9344253372684537e-10,-0.4541571498684893,-0.0530894011923053,0.46631531131945836,-3.020492660706944,0.0002651319268529901,1.0000026273666587,17.515771272503223,1,0.692097597712801,-0.21932785322438145,0.7186873095529488,-0.3148685017064574,0.005158711774965922,1.00000039647266,2.6431510669560536,1,-0.6093007446142646,0.8039445560879209,1.0114842381108615,2.2281531230282265,-0.0012385309351570404,1.0000001505492284,1.003661360658468,1,1.0843105630063934,-0.9091559390649487,1.410431907841237,-0.7035038425560209,0.001917294967990163,1.0000000470397872,0.3135985814501064,1,-4.201427093847017,-3.398685304364714,5.412822902741853,-2.4619766696873913,-0.012020625881713959,1.0000000009392394,0.006260514466036759,0
7.380000000000001,-0.00375361894294079,0.004731690611135603,-2.9489169960095207e-10,-0.39368348814818893,-0.20662673515929902,0.45385231223472816,-2.6607761817532762,0.00026250558025961294,1.0000025032680995,16.688447543660406,1,0.7229882951664909,-0.07401771233253858,0.718448814247562,-0.10780037882610406,0.005163641772753722,1.0000003973601985,2.6490679899185983,1,-0.703825635875802,0.7235332091844285,1.0131483637705911,2.3508091022141553,-0.0012588285110704009,1.0000001498741315,0.9991607134723729,1,1.1472728290874452,-0.8190384482839767,1.4044697871278442,-0.6254991623631364,0.0019175715268211335,1.0000000478059834,0.31870655617122595,1,-4.166600633380823,-3.438575872943266,5.4110627600505845,-2.452188047649615,-0.012150911176582424,1.0000000009400583,0.0062659741883964205,0
7.4,-0.003753618940778736,0.004731690610951091,-2.963274009851191e-10,-0.2659094098571397,-0.3243577976132357,0.42751557996245004,-2.268269306537927,0.00026149204219407635,1.0000024176534137,16.117682972059008,1,0.7235728954582448,0.07457131923454748,0.7184383821993148,0.09933985111362549,0.005169709861507777,1.0000003981707855,2.6544719026427765,1,-0.7875455412623048,0.632197069100987,1.0146216494252511,2.473085380121949,-0.0012651454939427186,1.0000001491996087,0.9946638956556245,1,1.2037477490663533,-0.7242375110647495,1.399118951729503,-0.5468632842584259,0.0019164498021768544,1.000000048559441,0.3237296059883124,1,-4.131358013899549,-3.4781233854703393,5.409281616283763,-2.442393018663821,-0.012281661144020803,1.0000000009408896,0.006271517356841957,0
7.42,-0.0037536189372780722,0.00473169061076441,-2.977431994531654e-10,-0.08412908460648556,-0.37549359326017767,0.390043524270315,-1.8109479211468615,0.0002628077800059443,1.000002392985035,15.953227114492224,1,0.6938238928673454,0.22013731299076744,0.7186565184802367,0.30642008065975035,0.005174843614352581,1.0000003988693706,2.6591291370730787,1,-0.8592434241504942,0.5313633188164736,1.015882683169279,2.5950322169196745,-0.0012596448200102258,1.0000001485357353,0.9902380728028898,1,1.2533352536277678,-0.6252452639222136,1.3944172987484045,-0.46766006796428167,0.0019143504083647645,1.0000000492943613,0.3286290751127171,1,-4.095702343685377,-3.5173235534922465,5.407479631344393,-2.4325914996536695,-0.0124129822292322,1.0000000009417336,0.006277143770198115,0
7.44,-0.0037536189324195177,0.004731690610564068,-2.9913125795810735e-10,0.11934771334173801,-0.32661574821230294,0.34809373821293804,-1.247039676757577,0.00026640390480587163,1.000002463365983,16.422433433385105,1,0.6350280055563573,0.3565146824698049,0.7190938131095224,0.5133109357891432,0.005174759288399592,1.0000003994258155,2.6628387705262515,1,-0.9178855432987596,0.42258479180230646,1.0169133064412241,2.71670401805075,-0.0012439818718385,1.00000014789223,0.9859480377995213,1,1.2956768599140875,-0.5225951365098794,1.3903988070328248,-0.38795970369902444,0.0019118728816512698,1.0000000500047723,0.33336514834121145,1,-4.059636773975993,-3.5561721109502327,5.40565696711036,-2.422783408118133,-0.012543781521265018,1.00000000094259,0.006282853220257756,0
7.46,-0.0037536189274813615,0.004731690610325691,-3.004878173541725e-10,0.2784749203511807,-0.15952341629891387,0.3152782469806543,-0.5431749412636138,0.0002730021815137853,1.0000026599150125,17.732760297894227,1,0.5497236061968277,0.4779514711807077,0.7197313914160758,0.7198917190078369,0.005164424809119515,1.0000003998163416,2.665442277633253,1,-0.9626322336924933,0.30751776389770075,1.0176988051580065,2.8381585746285816,-0.0012189043598674373,1.0000001472783482,0.9818554910211911,1,1.330460991985629,-0.41685773083196676,1.3870930317270593,-0.30783813189655795,0.001909847328399945,1.0000000506846174,0.3378974499469921,1,-4.023164498927412,-3.59466481457423,5.403813790897882,-2.41296866213561,-0.012672841951078763,1.0000000009434589,0.006288645493547676,0
7.48,-0.0037536189264562574,0.004731690610013631,-3.018333976853582e-10,0.30769912839097485,0.08175270729156538,0.3092335442520221,0.255946880147535,0.0002835741090621953,1.0000029318230448,19.545480512931938,1,0.4415783459635399,0.579363860961241,0.7205418175133323,0.9260558442868322,0.005127375188133701,1.0000004000246352,2.6668309016267675,1,-0.9928463513679784,0.1878993246829604,1.0182280549675358,2.9594563043260513,-0.001189284930077147,1.0000001467027868,0.9780184154358716,1,1.3574277963640409,-0.3086358635583934,1.3845246510895086,-0.22737631855323295,0.0019081384473532297,1.0000000513278577,0.34218571807449855,1,-3.986288755573563,-3.632797444280054,5.401950278770756,-2.403147179154026,-0.012804777373169363,1.0000000009443402,0.006294520370136683,0
7.5,-0.003753618931339944,0.004731690609618075,-3.0322241028821195e-10,0.18712507511713974,0.28580626951747345,0.33406696540091,1.006659503961632,0.00029184721840056014,1.000003120584902,20.8038928941294,1,0.31521506616876277,0.656554655421221,0.7214903971781305,1.1317154680010477,0.005034973922660099,1.000000400042546,2.6669503063052438,1,-1.008099497188534,0.06552447662905844,1.0184936191829659,3.080659487515715,-0.0011684021755619565,1.0000001461736052,0.9744905388706648,1,1.3763732958276076,-0.1985588486203071,1.382713083490122,-0.14665939121385912,0.0019045686246312715,1.000000051928581,0.34619054064244964,1,-3.9490128237837383,-3.670565803570707,5.40006660603084,-2.3933188742780236,-0.01295023651422478,1.0000000009452337,0.00630047762044428,0
7.5200000000000005,-0.003753618938115967,0.004731690609177643,-3.046961996946984e-10,-0.009948963566062357,0.37776076496321576,0.3746749561636356,1.6199715874995986,0.00028864247337224806,1.0000031518243382,21.012155801498164,1,0.1759970402375438,0.7063854953707684,0.7225367991241639,1.336805111065535,0.0048857895155035155,1.0000003998703193,2.6658021293819965,1,-1.0081761149112831,-0.05777693100426189,1.018491816208208,-3.08135381141992,-0.0011643067186919433,1.0000001456981553,0.971320871974566,1,1.3871527386492606,-0.08727613076195603,1.381672169306583,-0.06577565080280695,0.001897802961614132,1.0000000524811192,0.34987412857697814,1,-3.9113400262183733,-3.707965719940872,5.3981629329157155,-2.3834836620982953,-0.013111489977091013,1.0000000009461396,0.0063065170055356685,0
7.54,-0.0037536189434865847,0.004731690608738256,-3.062555408925305e-10,-0.204960344593239,0.35934926332074946,0.41486408885237197,2.1110665146073937,0.000278023350298952,1.00000307065202,20.4710070138319,1,0.029785374764050732,0.7268961567216295,0.7236368912670759,1.5412841142149418,0.004694935193201997,1.0000003995164004,2.663442670048142,1,-0.9930755312910245,-0.18016335686955695,1.018222759822632,-2.9601492745545768,-0.0011752879302145938,1.0000001452830203,0.9685533058450091,1,1.389683024533921,0.024549588925038814,1.3814099276994978,0.015184500068331615,0.0018882829238164624,1.0000000529801625,0.35320108354737273,1,-3.8732737282817684,-3.7449930452834947,5.396239410998146,-2.3736414594096527,-0.013283809096730976,1.0000000009470578,0.006312638280265283,0
7.5600000000000005,-0.003753618946860774,0.004731690608327663,-3.078829708541564e-10,-0.35475291167495193,0.2620751853233399,0.4457369964034809,2.523034715501516,0.0002687283814246346,1.0000029349479986,19.566313537655944,1,-0.117318054958853,0.7173679853586588,0.7247446787120136,1.7451378533057318,0.004477935187670739,1.000000398996914,2.6599794266689556,1,-0.9630119729643597,-0.2998047524923499,1.0176903551611935,-2.83884892261598,-0.0011967388413586027,1.000000144933963,0.9662262576376188,1,1.3839441188434527,0.1362495688459362,1.3819284179935558,0.09612968438299963,0.0018766582526356576,1.0000000534208713,0.35613914156061194,1,-3.834817338070975,-3.7816436562990097,5.394296193345619,-2.3637921850620542,-0.01346327247641361,1.0000000009479884,0.00631884119418552,0
7.58,-0.003753618948544749,0.004731690607959731,-3.095596786718835e-10,-0.4406824336344168,0.11830317571455706,0.4634488317660293,2.8915941941845364,0.00026230085175441226,1.0000027821491848,18.547654778774728,1,-0.2592293136719422,0.6783319679655289,0.7258142534964055,1.9483777819256896,0.00425478494003204,1.0000003983347465,2.655564976919827,1,-0.9184125589195477,-0.4149057250820895,1.016902253235207,-2.7173906372880787,-0.0012231780877048413,1.0000001446558777,0.9643723555907355,1,1.369979401993362,0.24715640069807188,1.3832237072387092,0.1769687098613127,0.0018633311208118247,1.0000000537989795,0.35865986380229986,1,-3.7959743063213325,-3.817913454908008,5.3923334366560045,-2.353935759171772,-0.013647469430879064,1.000000000948931,0.0063251254905990935,0
7.6000000000000005,-0.0037536189488665706,0.004731690607641469,-3.1126901663819373e-10,-0.45582062910467086,-0.04385417974972321,0.4665700644043555,-3.0395365336429045,0.0002573036065492523,1.0000026348661315,17.565767757585405,1,-0.3901313091417237,0.61152476731159,0.7268016819877974,2.1510403901981814,0.004043939276352598,1.0000003975583698,2.6503891323492548,1,-0.8599132315956995,-0.5237286191804094,1.0158697692936276,-2.59571422098429,-0.0012481478966290948,1.0000001444527473,0.9630181533594037,1,1.347894940626416,0.35661134988651116,1.3852859388868062,0.257611724679425,0.0018485667012058421,1.0000000541108864,0.36073924328818585,1,-3.756748126349145,-3.8537983686674315,5.390351300668138,-2.344072102806702,-0.013834506423532206,1.0000000009498857,0.006331490905526352,0
7.62,-0.003753618947991355,0.004731690607376399,-3.129956740836881e-10,-0.39917416179566956,-0.19854089932673072,0.4548947092637794,-2.6808437582942517,0.0002529302594791584,1.0000025091711107,16.727800951404134,1,-0.5047033493321053,0.5197980990536804,0.72766675027747,2.3531852053759206,0.0038581169022940598,1.0000003967005082,2.6446700543565855,1,-0.7883525569423264,-0.6246164391853287,1.0146077649718526,-2.4737621488804917,-0.0012644648711835956,1.0000001443276036,0.9621838619957739,1,1.3178577076758333,0.4639714728124917,1.3880994997074587,0.3379713338598343,0.0018326139337145435,1.0000000543537304,0.36235820220929715,1,-3.7171423339915086,-3.889294351190061,5.388349947675307,-2.3342011379519643,-0.014022423755829905,1.0000000009508527,0.006337937167202627,0
7.640000000000001,-0.0037536189459077707,0.004731690607165353,-3.1472417597391833e-10,-0.2748175294634862,-0.31895995066049637,0.4292613199025223,-2.2908428551426114,0.0002503449351982286,1.0000024209858336,16.139899104632164,1,-0.5983239119567809,0.40698810395808055,0.7283745072104979,2.55489199254757,0.00370245180107755,1.0000003957967105,2.6386447368107437,1,-0.7047632968829224,-0.7160155039999728,1.0131344932920225,-2.351480319023766,-0.001264592713167601,1.0000001442824884,0.9618830926647169,1,1.2800928170337351,0.5686163325196364,1.3916432793449085,0.41796364392656216,0.0018157966241223664,1.0000000545254442,0.363502960533784,1,-3.6771605075431606,-3.9243973825670744,5.386329542487662,-2.3243227875848778,-0.014208859137585916,1.0000000009518317,0.006344463996363648,0
7.66,-0.003753618942464378,0.004731690607005341,-3.1643751291152156e-10,-0.09537364353280008,-0.3745658632528632,0.3922701100657684,-1.8380201322955332,0.0002509132861280755,1.000002392259075,15.948387380375777,1,-0.6672411973720894,0.27775195094794186,0.7288965626029048,2.756257318883147,0.003575121281560626,1.0000003948838943,2.6325592956643336,1,-0.6103616389482692,-0.7964976828556194,1.0114714050175788,-2.228818799060094,-0.0012405813928328653,1.0000001443184194,0.9621226331756855,1,1.2348798728686614,0.6699541541019128,1.3958910132431537,0.4975092077886619,0.001798622604223573,1.0000000546247894,0.364165262902788,1,-3.6368062676900457,-3.9591034697933565,5.384290252909822,-2.31443697581956,-0.014390675654714127,1.0000000009528227,0.00635107110754239,0
7.680000000000001,-0.0037536189376164595,0.004731690606885781,-3.1811685360580433e-10,0.10826268902262416,-0.3318666263530918,0.35028709222566135,-1.2810070567152454,0.0002540598943902138,1.0000024564758572,16.37649926133417,1,-0.7087077776722425,0.13737896185600024,0.7292121116435483,2.9573906379571953,0.0034709927433867293,1.0000003939989153,2.62665943508138,1,-0.5065339590633232,-0.8647820099410654,1.009642913186132,-2.105732565584274,-0.0011844170935211794,1.0000001444353652,0.96290227157058,1,1.1825485616354623,0.7674272882531109,1.4008116964396582,0.5765338470978956,0.0017819189715334812,1.0000000546513688,0.36434245811890237,1,-3.59608327743907,-3.9934086471954418,5.38223225129474,-2.3045436281059657,-0.014563547596068089,1.000000000953826,0.006357758211114277,0
7.7,-0.0037536189325210537,0.004731690606781301,-3.197469077703685e-10,0.2720616490495681,-0.17084332846012532,0.3165085815689008,-0.584678873028504,0.0002599663575831938,1.0000026462553449,17.641695846659367,1,-0.7210770284987105,-0.008416718833136135,0.7293086669044844,-3.124775268485639,0.003385632921563905,1.0000003931772052,2.6211813685085077,1,-0.3948209995222744,-0.9197554193799524,1.0076761149379476,-1.9821822267684113,-0.001090062154932589,1.0000001446322164,0.9642146128632691,1,1.1234736350343086,0.860516883271532,1.4063700532284533,0.6549693347475697,0.0017666444667098,1.000000054605615,0.3640374329789747,1,-3.5549952420434408,-4.027308976862324,5.380155718509068,-2.294642671228017,-0.014723002297510028,1.0000000009548409,0.0063645250145413805,0
7.720000000000001,-0.003753618931063937,0.004731690606652199,-3.2133585852953117e-10,0.30984111449388296,0.06900469393320771,0.3087002029325291,0.21256075035097383,0.00026998950497487484,1.0000029178009158,19.45199965205872,1,-0.7038600256587174,-0.15371527917772837,0.7291824849370134,-2.9237475168957734,0.003309417245333188,1.000000392451509,2.616343393606672,1,-0.2768993687367227,-0.9604922809640958,1.0056004720049043,-1.858134714537294,-0.0009613497465490783,1.0000001449067604,0.9660449062881646,1,1.0580694438655014,0.9487467004030485,1.412527049183036,0.7327539248497192,0.0017523744336123942,1.0000000544887613,0.36325840871957865,1,-3.5135459089235335,-4.060800549080059,5.378060848762157,-2.2847340321273824,-0.014870672367367726,1.0000000009558678,0.006371371220163197,0
7.74,-0.003753618935565835,0.004731690606479939,-3.229277106137074e-10,0.19599324111944907,0.27776938703366233,0.3321462884061997,0.9693322707892287,0.000278064443875141,1.0000031144839214,20.763219690371034,1,-0.6577422677161626,-0.2926159428602079,0.7288386775480434,-2.7225895132019393,0.0032231445864881647,1.0000003918507396,2.6123382646719775,1,-0.154560309978657,-0.9862723534847343,1.0034474409623,-1.7335639319661018,-0.0008161418567042772,1.0000001452556648,0.9683709354399634,1,0.9867841859784634,1.0316860423582084,1.4192404402011678,0.8098327286081447,0.0017366740137059844,1.0000000543027918,0.3620186118172051,1,-3.471739067584544,-4.093879482771253,5.375947842603909,-2.2748176357776244,-0.015015869185986852,1.0000000009569066,0.006378296519718191,0
7.760000000000001,-0.003753618942200741,0.0047316906062933786,-3.2455788664259577e-10,0.0007511664690262772,0.3762479334869556,0.3723750595246738,1.590284036263126,0.00027760093655489264,1.0000031536123695,21.024076009758605,1,-0.5845600607420578,-0.419461139490898,0.7282910164146712,-2.521184266590815,0.0031263597696956583,1.0000003913989703,2.609326469317883,1,-0.029685745960964273,-0.9965967144082304,1.001250047663109,-1.6084513553204,-0.0006662507423954589,1.0000001456744725,0.9711629864819492,1,0.9100940271066511,1.108951797795316,1.4264653391778537,0.8861579512388547,0.0017187819530713494,1.000000054050376,0.36033583949138337,1,-3.429578549532072,-4.126541925938584,5.3738168913007796,-2.2648934063023396,-0.015160376880378289,1.0000000009579573,0.006385300592244071,0
7.78,-0.003753618947510428,0.004731690606129732,-3.262226730069151e-10,-0.19578022689115931,0.3630757054120643,0.4128755912181647,2.0868845688778532,0.0002712454008031849,1.000003076877045,20.512507179835303,1,-0.48723681493718823,-0.5290540441442001,0.7275614447558619,-2.319424106045945,0.0030398335678580263,1.0000003911145734,2.607430489660478,1,0.09577831309429016,-0.9912011766229714,0.9990424256142156,-1.4827865737365002,-0.0005126244923084121,1.0000001461576105,0.974383907193816,1,0.828497241621324,1.1802096332820067,1.4341547648958939,0.9616889907346563,0.001699915311251243,1.0000000537347928,0.35823195166772,1,-3.3870682281847295,-4.158784056110318,5.371668180447055,-2.2549612697557513,-0.015298465045974602,1.0000000009590195,0.006392383107590714,0
7.800000000000001,-0.0037536189508112867,0.004731690606007255,-3.2790067709675963e-10,-0.34865281250146357,0.26919823064635484,0.4443815477863827,2.502124271516527,0.0002636535712768259,1.0000029429887993,19.619918876549097,1,-0.369680004820306,-0.6168631632379334,0.7266792936971634,-2.117214835421281,0.0029811754521616887,1.0000003910095212,2.606730141953099,1,0.21985080993091383,-0.9700666705668625,0.9968593186703002,-1.3565677266767873,-0.00035535993904617776,1.0000001466984156,0.9779892749723943,1,0.7425085031592441,1.245174389194466,1.4422601729184659,1.0363923991781396,0.0016811760803162805,1.0000000533598452,0.3557323014379201,1,-3.344212018782159,-4.190602080787169,5.369501900345696,-2.2450211541596086,-0.015425591930660376,1.0000000009600936,0.006399543730567848,0
7.82,-0.0037536189523997357,0.004731690605929199,-3.2957082202189625e-10,-0.4382899636309907,0.1271834848662962,0.46285605215743614,2.8722873273345204,0.000256898607032734,1.0000027904440758,18.602954052136443,1,-0.23664027119234515,-0.6792072800641269,0.7256802174471044,-1.914479524575558,0.0029525183410059655,1.0000003910888684,2.607259122904205,1,0.3405468245195035,-0.9334260592693623,0.9947355413179598,-1.229801818621846,-0.00019539557833289664,1.0000001472891793,0.9819276984963011,1,0.6526534357681076,1.3036097553981743,1.4507319688175033,1.1102417290431736,0.0016631745945151232,1.000000052929769,0.3528651262215572,1,-3.3010138782879443,-4.221992237890947,5.367318248706596,-2.2350729885980867,-0.015539551721020325,1.0000000009611794,0.006406782124474046,0
7.840000000000001,-0.003753618952616851,0.004731690605891367,-3.3121639719108087e-10,-0.45733134465903374,-0.03465312717471432,0.46678051864123465,-3.0585508420983674,0.0002509740416583053,1.000002642423302,17.616148893225464,1,-0.09353519764645965,-0.7134136964220921,0.7246048735972975,-1.7111618051373705,0.0029379140544735986,1.0000003913504376,2.6090029180356753,1,0.4559104688426736,-0.8817668705272713,0.9927054048243005,-1.1025048932746295,-3.2968117187721746e-05,1.0000001479212162,0.9861412785778325,1,0.5594635140664905,1.3553273150543632,1.4595199911333645,1.1832172852457967,0.0016462426027629147,1.0000000524491393,0.34966092882126415,1,-3.2574778052870577,-4.252950796215245,5.365117429912887,-2.2251167027230077,-0.015639438516678802,1.0000000009622767,0.006414097954060409,0
7.86,-0.0037536189516439223,0.004731690605886135,-3.3282434794279503e-10,-0.4045212523557267,-0.19041305351521196,0.4558948247542781,-2.700809276830613,0.00024539382103938416,1.0000025151780816,16.767847424104524,1,0.05375827391018566,-0.71794248796522,0.7234973789171942,-1.5072285242508219,0.002907214857888579,1.000000391784738,2.6118982535578485,1,0.5640489253580506,-0.8158294798762363,0.9908021209415488,-0.9747020453697407,0.00013343694034106035,1.000000148584962,0.9905662498854249,1,0.46347137810970057,1.4001850523925892,1.4685739552809483,1.2553058004572322,0.001630590015321963,1.00000005192278,0.3461518674130709,1,-3.2136078398774526,-4.283474055878761,5.3628996540090155,-2.2151522265673678,-0.01572498107108385,1.0000000009633858,0.0064214908867655926,0
7.880000000000001,-0.0037536189494850507,0.004731690605903791,-3.3438370562050013e-10,-0.28361458319909355,-0.313431333936436,0.43097161041817417,-2.31322124151485,0.0002401839641627312,1.000002424486357,16.163235927881374,1,0.19913703980664035,-0.6924696270372405,0.722403580196465,-1.3026716033183217,0.0028251303278837266,1.0000003923751433,2.6158342883424988,1,0.6631669323070679,-0.736600363649291,0.9890571954928824,-0.8464272501099054,0.0003075234022790746,1.0000001492700974,0.9951338197472437,1,0.3652066070416223,1.4380854228878315,1.4778438539659793,1.326500051241077,0.0016164099555166956,1.0000000513556757,0.3423711706829104,1,-3.1694080635559088,-4.313558348782018,5.360665135940755,-2.205179490500322,-0.015796135216762798,1.0000000009645063,0.006428960591486935,0
7.9,-0.0037536189459993962,0.004731690605931916,-3.3588406968959594e-10,-0.10659129295179819,-0.3734055236348608,0.39447864093032153,-1.8647705702881694,0.00023554322767036016,1.0000023918029766,15.945346724405523,1,0.3365228679471918,-0.6379225128941596,0.7213691931906299,-1.0975089523691515,0.002662561528585854,1.0000003930983594,2.6206557291130603,1,0.7516009029779519,-0.6453001640882473,0.9874998256871029,-0.7177229950007177,0.0004953749593051911,1.0000001499657063,0.9997712118591944,1,0.26519197579454556,1.4689730825112945,1.487280311906679,1.3967984321647475,0.001604016840584846,1.0000000507528888,0.3383525918549912,1,-3.124882599098614,-4.3432000390680825,5.358414095146766,-2.1951984252839916,-0.015852625810909942,1.000000000965638,0.006436506735620551,0
7.920000000000001,-0.003753618941125231,0.004731690605952132,-3.3731497803279886e-10,0.09701846469342679,-0.3368117310052855,0.35250088508006944,-1.3145268814166258,0.00023144979006180547,1.0000024499748572,16.333159262351327,1,0.4601214253283131,-0.5564628417776172,0.7204378781009646,-0.8917843111113656,0.002406736410419385,1.000000393925198,2.626167986733983,1,0.8278517751259925,-0.5433664658811579,0.9861563166739762,-0.5886397051211729,0.0007055911450004501,1.0000001506604603,1.004402905732241,1,0.1639402016902445,1.4928323675523145,1.4968348939514404,1.4662045038630562,0.0015940729275518257,1.0000000501194868,0.3341299120591034,1,-3.0800356104370046,-4.372395523587399,5.356146756043407,-2.185208962234813,-0.01589337973287403,1.0000000009667815,0.0064441289819857014,0
7.94,-0.0037536189359081034,0.00473169060593342,-3.3867045886454283e-10,0.26521045204798155,-0.18196181184715168,0.31781739361626776,-0.6258221385543006,0.00023173779124375013,1.000002632887975,17.552580047406213,1,0.5646776283977486,-0.4514139255157295,0.7196493354845126,-0.6855659294147205,0.0020638364322620472,1.0000003948216425,2.6321442837307107,1,0.8906156323760538,-0.43243136972812984,0.9850495354259984,-0.4592349604756729,0.0009481072067733406,1.000000151342827,1.0089520162240253,1,0.06195117318983169,1.5096846088569877,1.5064603658306515,1.534726529037396,0.0015875758129959582,1.000000049460475,0.3297365001948649,1,-3.034871302528886,-4.401141232366536,5.35386335087731,-2.175211033293925,-0.01591724570952251,1.0000000009679362,0.006451826986265821,0
7.96,-0.0037536189341145316,0.0047316906058316646,-3.3996782559247984e-10,0.31145194099049167,0.05610010813570235,0.3082656518074814,0.16906721693967508,0.00024010083113183947,1.0000029035401243,19.35692770919665,1,0.6457143776573542,-0.3271324895669254,0.7190375206459768,-0.4789440676801553,0.001651671854631923,1.0000003957501613,2.638334408035564,1,0.9388111322630475,-0.3142941547584659,0.9841984272738061,-0.3295725118344133,0.0012264126114993796,1.0000001520012722,1.013341651646417,1,-0.04029035863786427,1.5195853550433311,1.5161109070752192,1.6023770058923035,0.0015841182128455032,1.0000000487807401,0.3252049334930404,1,-2.9893939212247647,-4.429433629081033,5.3515641244440015,-2.1652045700472473,-0.01592915251098874,1.0000000009691021,0.006459600393132114,0
7.98,-0.0037536189383682366,0.004731690605623503,-3.4126168037273974e-10,0.20456527056877394,0.2693278272316149,0.33027691675006493,0.9315970935652487,0.0002484311576065828,1.000003107885997,20.719233527171696,1,0.6997413322935782,-0.18882845457520928,0.7186290515928758,-0.2720273721121153,0.001192698072996147,1.0000003966712716,2.6444751439393066,1,0.9716028207488077,-0.19088953700247832,0.9836176250761913,-0.19972110732951964,0.0015281627258552058,1.0000001526244333,1.0174960599360197,1,-0.14231665420417014,1.5226215691026876,1.5257422861071674,1.669172204437692,0.0015800572780261732,1.000000048085002,0.320566679917661,1,-2.943607753130023,-4.457269211533213,5.349249328511938,-2.1551895014525715,-0.015942991579635427,1.0000000009702794,0.006467448829846456,0
8.0,-0.003753618945056024,0.0047316906053358225,-3.426015408869443e-10,0.011400401489586917,0.3743374737729416,0.3700764587667449,1.5602392427949867,0.00025097933637266835,1.000003155052895,21.033679513763172,1,0.7244211143559759,-0.04233989888652175,0.7184418600200617,-0.06493819784653926,0.0007133190548418962,1.0000003975451885,2.650301257657449,1,0.9884195103562347,-0.06425223970625239,0.9833171615977502,-0.06975316505915578,0.001834785270184619,1.0000001532012615,1.02134158077742,1,-0.24367845955921869,1.5189088525208616,1.5353120126389619,1.735131722957275,0.0015728294929408368,1.000000047377776,0.31585183981628245,1,-2.8975171254641476,-4.4846445121345715,5.346919204441377,-2.1451657544205833,-0.015965796900779806,1.0000000009714678,0.006475371902833512,0
8.02,-0.003753618950558558,0.004731690605008843,-3.439975596042366e-10,-0.18652033190233747,0.3664986528913576,0.41086168003557266,2.062472913804552,0.0002490039964700931,1.000003082928591,20.552850820830226,1,0.7186823080532145,0.10612606256696332,0.7184842058250662,0.14219295936590565,0.00023827059098626913,1.0000003983336863,2.6555579083388277,1,0.9889670424485301,0.06352121783435925,0.9833022892016936,0.06025662397993821,0.0021304144146538214,1.0000001537212688,1.0248082964950338,1,-0.3439461189428104,1.5085887411050376,1.5447794507604717,1.8002780783723493,0.0015627869747656012,1.0000000466633416,0.3110889438056552,1,-2.8511264059163453,-4.511556098390602,5.344573982936003,-2.135133256813165,-0.015995753506812947,1.0000000009726675,0.006483369200269482,0
8.040000000000001,-0.0037536189540848825,0.004731690604666614,-3.4544019467813714e-10,-0.3424153574243877,0.2761120284437142,0.4429888312495883,2.4810868217032853,0.0002454918691651609,1.00000295096564,19.67309781394939,1,0.6827717264026695,0.2502728620770623,0.7187542167536812,0.34923362981545253,-0.00022053646336080463,1.0000003990022366,2.6600149104109434,1,0.9732349232909634,0.19031247064946943,0.9835733848267244,0.19023270895796562,0.002402661771490125,1.0000001541749912,1.0278331112167458,1,-0.44271036574135836,1.4918261069931924,1.55410588899422,1.8646363205191885,0.001550574358497369,1.000000045945721,0.30630480737882965,1,-2.8044400024958813,-4.538000573387333,5.342213893708364,-2.1250919379754025,-0.016031441872966748,1.000000000973878,0.006491440294998444,0
8.06,-0.0037536189559088584,0.004731690604319905,-3.4691858934177144e-10,-0.4357366326167518,0.13593566075346275,0.46222113442422236,2.8529306818733,0.00024183217484902557,1.0000027987412325,18.658268430556543,1,0.6182423836445853,0.3839990654224141,0.7192400343366752,0.5560556530025357,-0.0006561301107985996,1.0000003995219178,2.663479451770469,1,0.94149655928765,0.31402189307135625,0.9841259074027661,0.32010012710408353,0.002644650733469348,1.000000154554381,1.0303623773178323,1,-0.5395828322890004,1.4688066923614942,1.5632545851390858,1.9282336711848165,0.0015363085602177694,1.0000000452286655,0.3015244369432981,1,-2.7574623633766913,-4.563974576280155,5.339839168442643,-2.1150417280501292,-0.01607336981569965,1.0000000009750998,0.006499584745698044,0
8.08,-0.0037536189563724147,0.004731690603973748,-3.484246988150197e-10,-0.45867466077162816,-0.025505992941819898,0.4669476358424046,-3.0775481507968543,0.0002379363493294596,1.0000026500299353,17.666859782302904,1,0.5278779745003714,0.5016720531544705,0.7199204845560062,0.7625410826955393,-0.0010648172814478546,1.000000399870718,2.6658047879842925,1,0.8943031028569934,0.4326086738907664,0.9849504427482755,0.4497859858110362,0.002853891994272178,1.0000001548529278,1.0323526888606636,1,-0.634196318252423,1.4397347930379258,1.5721907914629623,1.9910991942780636,0.0015198133524702542,1.0000000445156465,0.29677097668801006,1,-2.710197976736404,-4.589474782785334,5.337450039982916,-2.104982557626002,-0.01612279952080091,1.0000000009763323,0.006507802097528329,0
8.1,-0.003753618955660219,0.0047316906036312546,-3.499522945732414e-10,-0.4097083391825867,-0.1822623463944168,0.45685366348370826,-2.72068669192738,0.00023358655332407944,1.0000025212804786,16.808530071547004,1,0.4155589629447429,0.5983759030761926,0.7207661500999333,0.968587410535602,-0.0014490395595781642,1.0000004000343714,2.666895808971858,1,0.8324711673224094,0.5441292359501799,0.986032879021365,0.5792209139775903,0.003029757776777152,1.0000001550656705,1.033770974503924,1,-0.7262048552873336,1.4048311038911603,1.5808817617381927,2.053263498571966,0.0015008450012828653,1.0000000438098537,0.29206569183749276,1,-2.662651370589746,-4.614497905674083,5.3350467411622775,-2.0949143577156337,-0.01618091511953167,1.0000000009775758,0.006516091882807224,0
8.120000000000001,-0.00375361895377858,0.004731690603294643,-3.514950995195387e-10,-0.2922820146867297,-0.3077916158645674,0.43264796356297547,-2.335421300456901,0.00022966857465689164,1.0000024281439959,16.187620186526903,1,0.2860791020497442,0.6701208282569051,0.7217407710928109,1.1741119092590957,-0.0018150707242868813,1.00000040000685,2.6667123339369514,1,0.7570648750952598,0.646772937998475,0.9873547084548815,0.7083404077905372,0.003172209480368105,1.0000001551892417,1.034594781805044,1,-0.815283603027472,1.3643307321360079,1.5892967426338305,2.1147584723573685,0.0014792326671378233,1.0000000431141978,0.2874279846491749,1,-2.614827112616219,-4.639040695269033,5.3326295039985085,-2.084837059895489,-0.01624830677532352,1.0000000009788301,0.006524453621842433,0
8.14,-0.0037536189505844473,0.004731690602964267,-3.5304501423000234e-10,-0.11775967491228252,-0.3720333610406387,0.3966713764779264,-1.8912224746507158,0.0002282461971273857,1.000002391599099,15.943987540250419,1,0.14492391391532708,0.7140046805037107,0.7228029124618895,1.3790549260344604,-0.002167307047453779,1.0000003997904912,2.665269941760421,1,0.6693728945142884,0.7388941460224264,0.9888934297871977,0.8370860230394593,0.0032819094699230683,1.00000015522192,1.0348126364508154,1,-0.9011286086262308,1.3184813800561863,1.5974069523960268,2.1756170489188253,0.0014550307421796907,1.0000000424313156,0.2828754374630848,1,-2.5667298099819673,-4.663099939942856,5.330198559385993,-2.074750596556057,-0.01632444987671232,1.0000000009800951,0.006532886824334225,0
8.16,-0.0037536189459890477,0.004731690602635024,-3.5459129642950726e-10,0.08564429678607409,-0.34147043188444753,0.3547374491652769,-1.3476313537893378,0.00023108185791816067,1.0000024438357706,16.292232018070873,1,-0.0019758423396147194,0.7283206763927838,0.7239078163978294,1.5833820117303943,-0.0025026889869565884,1.0000003993957205,2.66263813735822,1,0.5708812792717018,0.8190399451585659,0.9906230276165723,0.9654063864535847,0.0033611739857473356,1.0000001551636561,1.0344242108469348,1,-0.9834564590166343,1.267541695030926,1.6051855495989817,2.235873001660084,0.001428776692500555,1.0000000417635815,0.2784238770610469,1,-2.518364109155604,-4.686672466618538,5.327754137774181,-2.064654901268345,-0.016407069231018843,1.0000000009813708,0.006541390992057105,0
8.18,-0.0037536189409210444,0.00473169060228926,-3.561246054994971e-10,0.25795484605327634,-0.1928880940247477,0.31920616922265105,-0.666637568820771,0.000238564214564944,1.000002619788063,17.465247300962364,1,-0.14850239415576202,0.7126091821317606,0.7250093446548102,1.787084851953957,-0.0028088243204581207,1.0000003988404018,2.6589360116938954,1,0.46324303040070053,0.8859729678478417,0.9925145082163457,1.093258009026675,0.003414035836219905,1.0000001550160535,1.0334401943734166,1,-1.0620038519338904,1.2117797819573732,1.6126075935478963,2.2955607678154424,0.0014017070306499596,1.0000000411131182,0.27408745502097503,1,-2.4697346957173423,-4.709755141270779,5.325296472350577,-2.0545499091189483,-0.016492648107599154,1.0000000009826568,0.006549965622696992,0
8.200000000000001,-0.0037536189390059106,0.004731690601894756,-3.5765506094936894e-10,0.3125550766506422,0.043036805355584414,0.3079312081780962,0.12543205381182454,0.00025012832691533304,1.0000028890170312,19.26010708777035,1,-0.2886083034171876,0.6676547028396373,0.726061914492671,1.9901810400589888,-0.0030771821542214936,1.0000003981488708,2.6543258048799423,1,0.3482453497302923,0.9386890271114635,0.9945364732174948,1.220605889748629,0.0034397589943508168,1.0000001547823036,1.0318818621453938,1,-1.1365271086860536,1.1514718710775158,1.6196499945476461,2.3547152982662074,0.0013746290679253887,1.0000000404818108,0.2698787392128635,1,-2.4208462941605684,-4.732344869428581,5.322825805137346,-2.044435556090797,-0.01658254526152911,1.0000000009839536,0.006558610212080398,0
8.22,-0.003753618943140501,0.004731690601436096,-3.592283562628418e-10,0.21286143814864672,0.26047304070785454,0.32845799745299503,0.8934071937539395,0.0002610967455423605,1.000003100751883,20.67167276703178,1,-0.4165618935242496,0.5954318833421103,0.7270223458183688,2.192712785727197,-0.003323204842867174,1.0000003973507345,2.6490048971761473,1,0.22777554884468107,0.9764294517028432,0.9966557212614013,1.3474239060684299,0.003426520966338116,1.0000001544670811,1.0297803774732284,1,-1.2068016487068804,1.0869011327499776,1.6262914559727442,2.41337192519857,0.0013456404010838863,1.0000000398713218,0.265808812681942,1,-2.37170366768582,-4.75443859668052,5.320342384778077,-2.0343117768115437,-0.016687535039614225,1.0000000009852608,0.006567324251580294,0
8.24,-0.0037536189499447863,0.004731690600946592,-3.608864145021595e-10,0.022024238034476683,0.372021900239015,0.367775445276986,1.5297983058464082,0.0002657308473407948,1.0000031561177367,21.040778459496345,1,-0.5271716738352304,0.4990062104866621,0.7278515602174674,2.3947447058338813,-0.0035602945027964177,1.000000396479515,2.643196766836581,1,0.10378652597501149,0.9986882099301406,0.9988378681041868,1.4736950123850177,0.0033692938799931046,1.0000001540764036,1.0271758616858204,1,-1.2726214430833076,1.0183566297360591,1.6325124282904806,2.471566245803668,0.0013128575050049987,1.0000000392831068,0.2618873783698932,1,-2.322311617988445,-4.776033309183458,5.3178464499813405,-2.024178504580222,-0.016812159919939874,1.0000000009865782,0.006576107225130622,0
8.26,-0.0037536189556420154,0.004731690600473454,-3.626304456369467e-10,-0.17715439543013894,0.369616739974301,0.40881800407439767,2.0378080462103325,0.00026528445074720325,1.0000030887957845,20.591965444099394,1,-0.6159827685974629,0.38239621825676623,0.7285160705109341,2.596360874293375,-0.00378361040620361,1.0000003955712125,2.6371414157712683,1,-0.02173736484722763,1.0052140710294093,1.0010479536742611,1.5994112643795384,0.003276119685444737,1.000000153617466,1.0241162782631787,1,-1.3337984615253389,0.9461323969200172,1.6382950718945786,2.529334034490472,0.0012769796582920302,1.0000000387184307,0.2581228713330769,1,-2.27267498504017,-4.797126034173289,5.315338227181863,-2.0140356744048487,-0.016950722203860694,1.000000000987906,0.006584958611109307,0
8.280000000000001,-0.0037536189593269697,0.004731690600045903,-3.6443949247289e-10,-0.33601725646822833,0.2828204329004742,0.4415555857863194,2.4599098340587764,0.00026543571248315744,1.000002958878584,19.725850773792885,1,-0.6794403162025046,0.2504044491547221,0.7289892120846875,2.797661276985713,-0.003990391398079761,1.0000003946628557,2.631085705063192,1,-0.14681334216164235,0.9960081772500143,1.0032510217880355,1.7245736664853069,0.0031557919150857,1.0000001530984626,1.0206562550553246,1,-1.3901621247629554,0.87052663776669,1.6436232076298,2.586711175958465,0.0012393450550542177,1.000000038178387,0.2545225798663353,1,-2.2227986468631973,-4.817713840476808,5.312817940877924,-2.0038832239049964,-0.0170971862530308,1.0000000009892438,0.006593877884259815,0
8.3,-0.003753618961250889,0.004731690599676999,-3.662902524695366e-10,-0.4330035270713342,0.14456710790906052,0.46154273614055163,2.8335170270935834,0.00026871526026621124,1.0000028070462343,18.713635109325462,1,-0.7150164642433238,0.10842439698113385,0.7292520974482744,2.998757815517958,-0.00418673875824194,1.0000003937910875,2.6252739167322976,1,-0.2694915452466199,0.9713174879040045,1.0054126715347327,1.8491918669445278,0.003015487917756784,1.000000152528402,1.0168558496854858,1,-1.4415587725390944,0.7918410263517099,1.6484822628201379,2.6437336091057126,0.001200868170156313,1.0000000376639153,0.25109276882321685,1,-2.1726875192963466,-4.83779383902563,5.31028581840674,-1.9937210926758477,-0.01724752626042225,1.0000000009905918,0.006602864514635865,0
8.32,-0.0037536189617614893,0.004731690599371252,-3.6816220037871883e-10,-0.4598367088587227,-0.016403038539158178,0.4670723160943188,-3.0965354170501884,0.00027378412571759,1.000002657693516,17.717950319601734,1,-0.7212988712322886,-0.03776964936041476,0.7292942822889356,-3.083415303948743,-0.004382120887418299,1.0000003929908001,2.61993866702552,1,-0.38788425858072545,0.9316246134065763,1.0074995743293331,1.973283731679911,0.002861996377654784,1.0000001519169122,1.0127792520439587,1,-1.4878511561779129,0.7103801040172633,1.6528592205359227,2.7004372828022953,0.0011620848476828834,1.000000037175819,0.2478387944416189,1,-2.1223465557535537,-4.857363183373052,5.307742090419817,-1.9835492218282738,-0.01739876596281164,1.0000000009919499,0.0066119179646910945,0
8.34,-0.0037536189610548488,0.004731690599128733,-3.7003720747275093e-10,-0.41472719090327836,-0.17407784040264543,0.4577742325757378,-2.7404877740625464,0.0002793338219810638,1.000002527484046,16.84988718775778,1,-0.6980395430906884,-0.18224333016256256,0.7291141360377557,-2.882364835226569,-0.004581186530517207,1.0000003922938654,2.6152924361643373,1,-0.5001926972524835,0.877634575438033,1.0094799500392566,2.0968748188733755,0.002701957679561676,1.0000001512740517,1.0084935157529333,1,-1.5289179634534134,0.6264507604425811,1.6567425729796819,2.7568581239576564,0.0011233523404120388,1.000000036714781,0.2447652070045595,1,-2.0717807469750866,-4.876419070214231,5.3051869905807845,-1.9733675538273387,-0.01754824763816066,1.0000000009933177,0.006621037685349184,0
8.360000000000001,-0.0037536189591496653,0.004731690598946418,-3.7189814595939286e-10,-0.3008172946649725,-0.30203032962916554,0.4342945693342694,-2.35746504166678,0.0002845601401682257,1.0000024319584055,16.213049583632298,1,-0.6461634465096348,-0.3191272939617483,0.7287189017255038,-2.6811549175875653,-0.0047800930328244715,1.0000003917280729,2.611520485589264,1,-0.604731157458437,0.810259018583377,1.0113239973413277,2.2199977748625552,0.002541843876838632,1.0000001506101273,1.004067352262053,1,-1.5646533819699553,0.5403617895406411,1.660122279403306,2.8130320164384783,0.0010849933304051538,1.0000000362813768,0.24187584486386868,1,-2.0209951207718295,-4.89495873990996,5.302620755374306,-1.963176032480274,-0.017693215922508443,1.0000000009946957,0.006630223111526466,0
8.38,-0.0037536189559129714,0.004731690598817545,-3.7372751855030417e-10,-0.12888001256338316,-0.37044144470491713,0.3988517238453336,-1.9174121836568587,0.0002890123039277409,1.0000023916374527,15.944243232343625,1,-0.5677367839778663,-0.44284057217972383,0.7281244284887188,-2.479670392879431,-0.004966260462521885,1.0000003913162008,2.6087746718525575,1,-0.6999484388194526,0.7305983673936018,1.0130042763433036,2.3426916710179952,0.002388059973348473,1.0000001499355249,0.9995700026655943,1,-1.5949667057989403,0.45242351088060667,1.6629897291079379,2.86899478904789,0.0010474033918603013,1.0000000358760885,0.23917392435682713,1,-1.9699947417631252,-4.912979477013823,5.300043624176359,-1.9529746030263806,-0.017830381844591105,1.0000000009960832,0.006639473658116325,0
8.4,-0.0037536189512443687,0.004731690598728569,-3.7550684697101877e-10,0.07414034431178475,-0.3458364303993201,0.3569967876759781,-1.3803667499653898,0.0002938584472812213,1.0000024380430956,16.25361418537378,1,-0.4658952495126076,-0.5483061196508803,0.7273545942282672,-2.2778064900662263,-0.005115962643202421,1.0000003910751474,2.607167648534499,1,-0.7844465280675225,0.6399223750383619,1.0144960434191583,2.4650012990275374,0.002247427166251032,1.0000001492605546,0.9950702014747478,1,-1.6197819889865843,0.36294744745628693,1.6653377100097886,2.924782211162298,0.0010111871581415582,1.000000035499319,0.23666212685301,1,-1.9187847111086196,-4.930478610802078,5.297455840021595,-1.9427632123513736,-0.017955302190534338,1.0000000009974803,0.006648788718341354,0
8.42,-0.003753618945975513,0.004731690598652551,-3.7722051610816765e-10,0.25029668485026807,-0.203608313015233,0.3206711542765463,-0.707156557857859,0.0003009630826050064,1.0000026069623926,17.3797428308518,1,-0.3447331229118627,-0.6311521101086587,0.7264404400916635,-2.075472925276995,-0.005196997782588312,1.000000391015243,2.6067682874886753,1,-0.85699659606761,0.5396494516473969,1.0157775388570898,2.5869764397699546,0.0021275083184997203,1.0000001485953105,0.9906352411820385,1,-1.6390377487905432,0.2722460508182087,1.6671603828668233,2.980429995535831,0.0009772183552096108,1.0000000351514022,0.23434268145877554,1,-1.8673701662340636,-4.947453515804785,5.29485765259488,-1.9325418092391677,-0.01806267097720019,1.0000000009988872,0.006658167666235456,0
8.440000000000001,-0.003753618943594819,0.0047316905985466525,-3.788731385914734e-10,0.3131382462602076,0.029834509205748656,0.3076941787290576,0.08164796782615584,0.000311838154433068,1.000002874268428,19.16178306647853,1,-0.20915484585652755,-0.6878921883532473,0.7254190306602945,-1.8725975972752356,-0.005189042006657566,1.000000391139781,2.6075985397888064,1,-0.9165524024311857,0.43132509774587763,1.016830225782055,2.708671117598758,0.002032291536705573,1.0000001479495455,0.9863301407810908,1,-1.6526867209433145,0.1806324649031957,1.6684532578878004,3.035973808365339,0.0009457742111882419,1.0000000348326161,0.23221744156808413,1,-1.8157562805500753,-4.963901612336696,5.292249324691186,-1.9223103438161406,-0.018152178478560422,1.0000000010003036,0.006667609861844179,0
8.46,-0.00375361894726271,0.004731690598381837,-3.805073920878921e-10,0.2208600157669459,0.25121171159825245,0.3266886404719914,0.8547507151900685,0.0003224832772935451,1.000003093108746,20.62071852139965,1,-0.06469186684205289,-0.7160775163949651,0.7243320587060535,-1.6691297295375,-0.005108049000354149,1.0000003914447606,2.609631737727688,1,-0.9622612254459455,0.3165997056038479,1.0176389786685724,2.8301428412877305,0.0019539173666742226,1.000000147332562,0.9822169173946589,1,-1.6606956687436545,0.08842032023663252,1.669213167129465,3.0914492813889547,0.0009150733276014184,1.0000000345431932,0.23028795421525514,1,-1.7639482631627939,-4.9798203670279335,5.289631132295386,-1.9120687651407136,-0.018234552185170925,1.0000000010017294,0.006677114654343312,0
8.48,-0.0037536189538694043,0.004731690598177789,-3.8216764128296e-10,0.032604880087839766,0.3692985278909385,0.36547092514241974,1.498949551809049,0.00032604905783440683,1.0000031568335066,21.045550257482233,1,0.08271093116095797,-0.7144132856803824,0.7232242251532627,-1.4650423209779027,-0.004979986107748775,1.0000003919188742,2.612792495269114,1,-0.9934724418341498,0.1972059326774853,1.018192236531496,2.951451831271328,0.0018826883025484823,1.0000001467531177,0.9783539545627838,1,-1.6630452473118804,-0.004076449525370738,1.6694382461996196,-3.1362932895728908,0.0008833942734346736,1.0000000342833282,0.22855552178111957,1,-1.7119513585765151,-4.9952072933552,5.287003348247629,-1.9018170204513163,-0.01831647852876495,1.0000000010031642,0.006686681384240712,0
8.5,-0.0037536189594994515,0.004731690597971214,-3.8385999327067433e-10,-0.1676965280298267,0.3724242091154485,0.4067433776345861,2.012884125002098,0.0003231797951361879,1.000003094509398,20.630056201297148,1,0.22693304235267245,-0.6828326054870738,0.722141455494707,-1.2603337628103028,-0.00482135985055616,1.0000003925437602,2.6169584008898252,1,-1.009743873763543,0.0749357997548354,1.0184821279742384,3.0726602552239974,0.0018170732738370717,1.0000001462193424,0.9747954538447626,1,-1.6597299239731174,-0.09654377650165985,1.6691279393161023,-3.0808477054515016,0.0008508009271093401,1.0000000340531885,0.22702125595288433,1,-1.659770846388201,-5.0100599521724405,5.284366236369071,-1.8915550579508402,-0.018394201541263127,1.0000000010046084,0.006696309389531153,0
8.52,-0.0037536189631351,0.004731690597782341,-3.855690003384815e-10,-0.32947076310233964,0.2893155666208164,0.4400807113460099,2.4385915114323504,0.0003181557047764632,1.0000029667579977,19.778380198933196,1,0.36193214222824455,-0.6225215112064463,0.7211290146086762,-1.0550284607982505,-0.0046519327724611455,1.0000003932945483,2.6219636545241545,1,-1.010846002098579,-0.04838237583040891,1.018504550842043,-3.0893538327799557,0.0017571181903680046,1.0000001457386682,0.9715909584448025,1,-1.6507579553785414,-0.18866762047913274,1.6682830059084945,-3.02536368748708,0.0008177152598829187,1.000000033852919,0.22568612602366006,1,-1.607412040972144,-5.0243759522401925,5.281720060493979,-1.8812828279609717,-0.018463560655698923,1.000000001006062,0.006705998010508643,0
8.540000000000001,-0.0037536189650084453,0.004731690597616011,-3.8727807419314253e-10,-0.4301010168565146,0.15306739850281012,0.4608193449685376,2.8140463880439053,0.0003136557270949361,1.0000028153848501,18.769225882059896,1,0.4820035865901968,-0.5358904069785975,0.7202295829149941,-0.8491763471395948,-0.004492349035448949,1.000000394140711,2.6276047394028264,1,-0.9967641176051502,-0.17090713314110617,1.0182592087948101,-2.9681560193140983,0.0017011924685303272,1.0000001453177654,0.9687849392826389,1,-1.636151421446781,-0.2801341311696807,1.666905524268175,-2.9698056305599776,0.0007842794555885918,1.000000033682651,0.2245510058773536,1,-1.554880291153941,-5.038152950755184,5.279065089361363,-1.8710002823086953,-0.01852297536270542,1.000000001007524,0.006715746588781043,0
8.56,-0.0037536189654765076,0.004731690597469758,-3.8897492171674486e-10,-0.46082447189768844,-0.007357624352116755,0.46715139051737353,-3.1155110468059104,0.0003101277068158283,1.0000026654333534,17.769549236761186,1,0.5820335699632682,-0.42648961571426347,0.7194813790919701,-0.6428512181016174,-0.0043554289022247495,1.000000395047217,2.6336481130250124,1,-0.9676984489091859,-0.29080704777706945,1.0177496120806035,-2.846868132748918,0.0016467376771220168,1.000000144962489,0.9664164291621834,1,-1.615946315605548,-0.3706298182678914,1.6649988996225034,-2.914137896439111,0.0007504489548135566,1.0000000335425083,0.22361672269612545,1,-1.502180979874306,-5.051388653882,5.276401596785471,-1.8607073737645996,-0.01857248889059327,1.0000000010089953,0.006725554462164918,0
8.58,-0.0037536189647483864,0.004731690597338408,-3.9065094301765635e-10,-0.4195787073767081,-0.16587582996845618,0.45865018748785097,-2.7602062547627986,0.00030730889219847824,1.0000025338042002,16.89202154967582,1,0.6577328105695814,-0.29886978205822445,0.7189164255341303,-0.4361478912208819,-0.004242404504026538,1.000000395975962,2.6398397466318837,1,-0.9240622704054904,-0.40628388755261013,1.016983043326082,-2.7254277735685255,0.0015915863869219431,1.0000001446778277,0.9645186883287631,1,-1.590192690345936,-0.45984173703767567,1.6625678776549135,-2.8583248030840984,0.000716114654581347,1.0000000334326158,0.22288410562347497,1,-1.4493195238436256,-5.064080817287683,5.2737298606636145,-1.8504040557924375,-0.01861288625853,1.0000000010104753,0.006735420957904181,0
8.6,-0.003753618962854478,0.0047316905972157024,-3.922994828292614e-10,-0.3092115848989974,-0.29616542997933964,0.4359010938232817,-2.3793345047568426,0.0003056889313027083,1.0000024359480097,16.239646945881287,1,0.7058374764723264,-0.15839144237252079,0.7185590542248673,-0.22917825458621754,-0.004144628632578051,1.0000003968874245,2.645916163564147,1,-0.8664779574127739,-0.5155956862948656,1.015970487291218,-2.603774382578242,0.0015353499614096022,1.00000014446786,0.963118903395009,1,-1.5589548568549831,-0.5474576975380528,1.65961856257077,-2.8023306172314815,0.0006811694062458145,1.0000000333531043,0.22235402808316657,1,-1.3963013731880176,-5.076227246679573,5.271050161915722,-1.8400902824849976,-0.01864511922905191,1.0000000010119638,0.006745345385855031,0
8.620000000000001,-0.0037536189596691903,0.00473169059709396,-3.9391399517252346e-10,-0.13992989343155782,-0.36864471735780846,0.4010058808001087,-1.943298983271178,0.0003062839894137524,1.0000023919491416,15.946321158696925,1,0.7242650734904014,-0.010991788250139104,0.7184247444225307,-0.022066368807436173,-0.00404814926546949,1.0000003977424672,2.65161644838228,1,-0.7957709214601599,-0.6170796598890894,1.0147265217325128,-2.481850004895488,0.0014804080606376651,1.0000001443357154,0.9622379398816013,1,-1.5223116373744612,-0.6331665059062197,1.6561584395226416,-2.7461195508352785,0.0006455792513488165,1.0000000333041155,0.22202743711738662,1,-1.3431320110875293,-5.087825798346018,5.268362783575493,-1.829766008639906,-0.01866970770795419,1.000000001013461,0.006755327032816573,0
8.64,-0.003753618955077596,0.004731690596961208,-3.954869045100229e-10,0.06254285643757923,-0.3499104131715609,0.35926398692928796,-1.4126526721700068,0.00030997189415648386,1.0000024326561812,16.21770142149349,1,0.7122152412510653,0.13707993575334712,0.7185193678836018,0.18505713387482678,-0.003938301606333983,1.0000003985041825,2.6566945500030505,1,-0.712961329733237,-0.7091748598508387,1.0132691662666198,-2.359600054345986,0.0014323043599960138,1.0000001442835404,0.9618901070537557,1,-1.4803566687669794,-0.7166582462793419,1.6521964021644715,-2.689655762210517,0.0006095101139489933,1.000000033285805,0.22190536728532603,1,-1.289816953406908,-5.098874379699321,5.2656680104506,-1.8194311900075373,-0.01868590872465079,1.0000000010149668,0.006765365159304789,0
8.66,-0.0037536189498137756,0.004731690596794719,-3.9701252441820545e-10,0.24226990925480896,-0.21409360078424258,0.3222022329295376,-0.7472397440840592,0.0003170310722197606,1.0000025945216948,17.296804846667907,1,0.6702087201086767,0.2795443018230681,0.7188388927237839,0.3920610414417389,-0.0038040024119622147,1.000000399139667,2.660931114046775,1,-0.619253494478102,-0.7904444198635772,1.0116196897407324,-2.2369740730808636,0.001399409289492824,1.0000001443124598,0.9620829023901772,1,-1.4331987553062113,-0.7976246119786279,1.6477427866612209,-2.632903362556324,0.0005732973135959266,1.0000000332983414,0.22198894261462448,1,-1.2363617483190181,-5.109370949819588,5.262966130877948,-1.8090857836760736,-0.01869157246330508,1.000000001016481,0.006775459000072275,0
8.68,-0.003753618947212867,0.004731690596557495,-3.985031150552376e-10,0.31319843590505203,0.01653773092202927,0.3075576209968179,0.03788165325685981,0.0003275093017757779,1.0000028594224393,19.06280980865711,1,0.6000618405396935,0.4103752215212954,0.719369567279171,0.5988195918356685,-0.0036488828570988767,1.0000003996216114,2.664144076327323,1,-0.5160228096478991,-0.8595971993226506,1.0098023764206818,-2.113926478654684,0.0013868730233222253,1.0000001444225408,0.9628167764271213,1,-1.3809622678231617,-0.875759294708699,1.642809411146072,-2.5758264271842166,0.0005363282428343366,1.0000000333419057,0.22227937192059163,1,-1.1827719759202078,-5.119313519998073,5.260257442558998,-1.7987297478436022,-0.018688397704775466,1.0000000010180032,0.006785607767175397,0
8.700000000000001,-0.0037536189506625515,0.004731690596225614,-4.000077023086357e-10,0.2285298556066883,0.24156162828927547,0.32498232114781356,0.81574104017014,0.0003372984568499996,1.0000030850105874,20.566730797526308,1,0.5047982875978472,0.5240693625597314,0.7200885777134507,0.8052181872954182,-0.003501205000527801,1.0000003999295937,2.666197290501086,1,-0.404800115686539,-0.9155085699086032,1.007844242551017,-1.9904172880051434,0.0013885368494066842,1.0000001446127649,0.9640849363843176,1,-1.323787585257886,-0.9507584408749044,1.6374096109803336,-2.5183890132315563,0.0004959105661713211,1.000000033416691,0.22277794012924115,1,-1.1290532478365702,-5.1287001542800255,5.257542254338516,-1.788363039621743,-0.018689177456231672,1.0000000010195338,0.0067958106502398145,0
8.72,-0.003753618957334023,0.004731690595825065,-4.0157842676191713e-10,0.043116500549138966,0.3661581714264464,0.3631777738371392,1.4677501158601909,0.00033660265019997516,1.000003157195081,21.047960753261503,1,0.3885040897446925,0.6158869537342241,0.7209651423658803,1.011158485090265,-0.003388393475398596,1.0000004000509664,2.667006442034727,1,-0.2872533941821019,-0.9572400294317663,1.005774696271444,-1.8664128203862473,0.0014010453323338504,1.0000001448810034,0.9658731926930405,1,-1.2618315735349308,-1.0223211845544409,1.6315582701854325,-2.4605551961253855,0.0004504973964922808,1.0000000335228993,0.2234859957444389,1,-1.0752112068215178,-5.137528970008279,5.25482087056579,-1.7779856138318308,-0.018703778902265128,1.0000000010210721,0.0068060668142574,0
8.74,-0.0037536189631721356,0.004731690595402643,-4.0322771857614903e-10,-0.1581581340808038,0.3749011131123449,0.4046501225581147,1.9877262006796383,0.0003281289585671718,1.0000031000404166,20.666929657614546,1,0.2561352900832937,0.6820519178722009,0.7219619594842225,1.2165625778683076,-0.003327023568179479,1.000000399981365,2.666542433282627,1,-0.16516673381258326,-0.9840572644228597,1.0036251592045704,-1.7418863707231902,0.0014314353979723703,1.0000001452240033,0.9681598591058567,1,-1.1952680954769435,-1.0901502670828138,1.625271871939266,-2.4022891235457373,0.0004010639776467235,1.00000003366074,0.22440493283371366,1,-1.021251526345778,-5.145798138366632,5.252093581961707,-1.7675974257188898,-0.01873026424710701,1.0000000010226184,0.006816375403203668,0
8.76,-0.0037536189670285686,0.0047316905949900245,-4.049427390628857e-10,-0.32277517429099917,0.2955757453658338,0.4385729202272633,2.4171395336049506,0.0003182843541902918,1.0000029745676262,19.830444388283993,1,0.11329020346351469,0.7199025655049903,0.7230369035961798,1.421376068499567,-0.0033236092285831727,1.0000003997248,2.6648319991409557,1,-0.04041656870725532,-0.9954462242716356,1.0014286513567863,-1.6168188181518932,0.0014854562771707907,1.0000001456373824,0.9709157192489435,1,-1.124288544204747,-1.1539527535998606,1.618568557807918,-2.3435550751410803,0.0003489213054760054,1.000000033830425,0.2255361653394243,1,-0.9671799101789574,-5.153505884920409,5.249360673375797,-1.757198432638973,-0.0187646972903224,1.0000000010241725,0.006826735547509849,0
8.780000000000001,-0.0037536189691018914,0.004731690594603215,-4.067065937501946e-10,-0.42702013263567934,0.16141639782870945,0.4600561683651748,2.7945176466088943,0.0003095131837128312,1.0000028237222245,18.82480837768055,1,-0.034040570502683005,0.7279877923481843,0.7241448964262441,1.6255699693729462,-0.0033782977789226995,1.0000003992932684,2.6619551235494447,1,0.08505472958167938,-0.9911267203995967,0.9992193282432433,-1.491199152566607,0.0015633058585594922,1.0000001461156363,0.9741040794398331,1,-1.0491023909920283,-1.2134408571183113,1.611468180468221,-2.284317534922931,0.0002950938603594355,1.000000034032164,0.22688109253723285,1,-0.9130020919612679,-5.1606504901538015,5.246622429437056,-1.7467885937834227,-0.01880486594766331,1.000000001025734,0.0068371463699026455,0
8.8,-0.003753618969747439,0.00473169059425022,-4.085043579446501e-10,-0.4616238890948432,0.0016122781939857445,0.46718749927198344,-3.1344799495580045,0.00030197227625897865,1.0000026732207223,17.821465030000912,1,-0.17973313793447285,0.7061073377540433,0.7252398561739946,1.829141403306924,-0.003485693909396596,1.0000003987060255,2.6580401697996745,1,0.20926772603222746,-0.9710630297327255,0.9970319745898784,-1.36502490583705,0.0016607603664554973,1.0000001466521642,0.9776809314358234,1,-0.9699377367479789,-1.2683328807213183,1.603992353306023,-2.2245412827107995,0.00024054644458216612,1.0000000342661581,0.2284410548226053,1,-0.8587238347648412,-5.167230290004484,5.243879135486841,-1.7363678697804978,-0.018849518918527455,1.0000000010273031,0.006847606989194812,0
8.82,-0.003753618969178303,0.004731690593935346,-4.103227774915341e-10,-0.42424585144117155,-0.15767246576582658,0.459482847198129,-2.7798491352782833,0.00029474150555219115,1.0000025402184343,16.934783109009544,1,-0.31778600635010545,0.6552978512542755,0.7262766246837559,2.032113162598832,-0.0036343373189122413,1.000000397988562,2.6532570809368217,1,0.33023696563334104,-0.9354709690460948,0.9949014623301261,-1.2383024667222169,0.001770917187975548,1.0000001472393116,0.9815952481584813,1,-0.8870418542516006,-1.3183542883690074,1.596164498951878,-2.1641915060456483,0.00018635882047161536,1.000000034532592,0.23021727882093934,1,-0.8043509306443777,-5.17324367639593,5.241131077210423,-1.725936222567683,-0.01889754193251822,1.0000000010288796,0.006858116522471028,0
8.84,-0.003753618967429575,0.004731690593660554,-4.121487500244325e-10,-0.31744560691954243,-0.2902118280573596,0.43746819765997874,-2.401039662735049,0.00028713129203656473,1.000002440092968,16.267279999891915,1,-0.4425618223831559,0.5777690239962934,0.7272127912574083,2.234532239569561,-0.003808035127041204,1.0000003971713682,2.647809121865933,1,0.4460037619335483,-0.8848209216020576,0.9928621802436913,-1.1110472570005834,0.0018859461415468826,1.0000001478684395,0.9857894337871519,1,-0.8006817059797467,-1.3632389144294015,1.5880098956874626,-2.103233933917376,0.00013381261979830087,1.0000000348316216,0.23221081067884042,1,-0.7498892001769342,-5.178689097767735,5.23837854020669,-1.715493615431091,-0.018947473452899974,1.0000000010304633,0.006868674085616499,0
8.860000000000001,-0.003753618964378532,0.0047316905934248225,-4.139678287662374e-10,-0.15088659218375622,-0.36665706436949175,0.40313356809268347,-1.9688971084825797,0.000279959459306717,1.000002392513267,15.950081994625467,1,-0.5490064988474271,0.47679576179867356,0.7280103480555118,2.4364674739549295,-0.003988440880408308,1.0000003962885546,2.6419236982841303,1,0.5546701726841682,-0.8198363449182916,0.9909474439470605,-0.9832837476175212,0.001998911151316497,1.0000001485300165,0.9901999466234414,1,-0.7111444198664513,-1.4027303213465678,1.5795557199967525,-2.041634994197751,8.448450464428517e-05,1.0000000351633656,0.2344224366563575,1,-0.6953444919908288,-5.1835650596043585,5.235621809729746,-1.7050400131596657,-0.01899703447006076,1.000000001032054,0.006879278792271276,0
8.88,-0.003753618959895531,0.004731690593221195,-4.1576339419868713e-10,0.05088117658142025,-0.3537023906848806,0.36153696166604843,-1.4445043048660242,0.00027580751598344085,1.0000024276542065,16.184354923788202,1,-0.6328391575490359,0.3565733411024369,0.7286371274444852,2.638006476409031,-0.004157547183113173,1.0000003953764114,2.635842742007005,1,0.6544334742783802,-0.7414873718835814,0.989188897053953,-0.8550452964301211,0.0021056697020585455,1.0000001492137405,0.9947581073152041,1,-0.6187377025942241,-1.436583313665662,1.5708310835575547,-1.9793619969277414,4.040657849874658e-05,1.0000000355278886,0.23685259145282986,1,-0.6407226822838656,-5.18787012496258,5.232861170928319,-1.6945753823486314,-0.019042412242335136,1.0000000010336516,0.006889929752096674,0
8.9,-0.003753618954623907,0.004731690593030273,-4.1751958747976436e-10,0.23390826923140445,-0.224339975658784,0.3237960392189593,-0.7868860576541271,0.0002779546540865128,1.0000025824639014,17.216419557107752,1,-0.6907082222050107,0.22204282820653073,0.7290679856580582,2.8392519872014303,-0.004300054237138032,1.000000394471961,2.6298130739198022,1,0.7436203298893491,-0.6509792378937302,0.9876159171905173,-0.7263737937684508,0.002206069366764039,1.000000149908688,0.9993910900922142,1,-0.5237901669682687,-1.4645656148864763,1.5618670634878593,-1.9163833452961834,4.044939903456853e-06,1.0000000359251882,0.23950125442357173,1,-0.5860296743311668,-5.191602914997293,5.230096910988797,-1.6840996918632531,-0.01907801489674443,1.000000001035256,0.006900626070200655,0
8.92,-0.0037536189517429455,0.004731690592815938,-4.1923696719042836e-10,0.3127544231906749,0.0031639414137275704,0.30752135174949496,-0.005846465524262282,0.00028724176211892974,1.0000028444990114,18.963320290661304,1,-0.7203105824697692,0.0786939420132712,0.7292857070429984,3.040317819683023,-0.004412315153676087,1.00000039361156,2.6240770666779696,1,0.8207197539148097,-0.549735422786975,0.9862550457956932,-0.5973191081760763,0.0023007099252007174,1.000000150603487,1.004023084211022,1,-0.4266515467349305,-1.486459711512397,1.5526967250112467,-1.8526687738715668,-2.3142266137314023e-05,1.0000000363551744,0.242367829991855,1,-0.531271397982355,-5.194762109484924,5.227329325686672,-1.6736129128278174,-0.019101306482212144,1.000000001036867,0.006911366848055682,0
8.940000000000001,-0.0037536189548459027,0.004731690592550505,-4.209529599896733e-10,0.23587562468389264,0.23153033078053115,0.32334187675633036,0.7763797776186399,0.00029759355393928216,1.0000030764503796,20.50966274476148,1,-0.7204719566478569,-0.0676477965691438,0.7292816087784436,-3.041860789941328,-0.004516700604994835,1.000000392829577,2.6188638472685306,1,0.8844139158446772,-0.43937558121535153,0.9851294603858628,-0.4679383271238897,0.0023830715263980164,1.000000151286526,1.0085766765914248,1,-0.32769276927693636,-1.502064865935363,1.543355127872772,-1.7881896113757252,-4.29233744298147e-05,1.0000000368176516,0.24545101060029265,1,-0.47645380914703256,-5.197346447344535,5.224558724059653,-1.6631150165586972,-0.019121291573145315,1.0000000010384849,0.0069221511807096075,0
8.96,-0.0037536189614120474,0.00473169059225364,-4.227119054095452e-10,0.0535664674554069,0.3625990676204329,0.3608975636526274,1.4361878389271263,0.0003018142638944535,1.0000031571809067,21.047866258845573,1,-0.6911874291448921,-0.21104317355588184,0.7290558424791338,-2.840790476234353,-0.004640128900600539,1.0000003921571814,2.6143812097812846,1,0.9336058139128438,-0.32168853707065725,0.9842584905826707,-0.3382947921866526,0.002446612085162933,1.0000001519461799,1.0129743695920936,1,-0.2273058537121032,-1.5111992958599136,1.533879302287635,-1.7229190766396647,-5.6843866124757253e-05,1.0000000373122937,0.2487486253708782,1,-0.42158288926851706,-5.199354727158885,5.22178541523426,-1.6526059727428963,-0.019146306615672046,1.0000000010401089,0.006932978148027043,0
8.98,-0.003753618967267992,0.004731690591966665,-4.2452022366162856e-10,-0.14852835026440048,0.3770443853061046,0.4025380285583323,1.962323874292439,0.00029921788829256896,1.000003105370916,20.702466320474738,1,-0.6336217143504019,-0.3456644868848349,0.728617398337902,-2.6395361645214215,-0.004788896244784921,1.000000391621252,2.6108083478664454,1,0.9674428917573195,-0.19860083431476303,0.9836571922592048,-0.2084569617055675,0.0024958799331495107,1.0000001525710465,1.0171401467418506,1,-0.12590359895240272,-1.5137025130333859,1.5243082102460153,-1.6568326169989451,-6.34893526789044e-05,1.0000000378386213,0.2522574761164854,1,-0.3666646447874966,-5.200785807696209,5.219009697199493,-1.6420857517036322,-0.019172998246719183,1.0000000010417391,0.006943846809042607,0
9.0,-0.0037536189711388345,0.004731690591715114,-4.2635901146420574e-10,-0.31591915398400555,0.30159829206028566,0.4370312204794027,2.3955488167352788,0.0002930731049350542,1.0000029822947516,19.88195855856707,1,-0.5500691282791402,-0.46601778979728037,0.7279837981176194,-2.4379843540101045,-0.004956907121190376,1.0000003912434245,2.6082894972127835,1,0.9853357606967805,-0.0721415437149208,0.9833360144352087,-0.07849713148163225,0.0025395472605923516,1.0000001531501927,1.0210011218466462,1,-0.023919023800483805,-1.509437808393191,1.514682697972612,-1.5899082746880016,-6.115010790815074e-05,1.000000038395974,0.2559731602206847,1,-0.31170510659599576,-5.201638608430688,5.216231863457445,-1.6315543262994552,-0.019195646895304237,1.0000000010433756,0.006954756200526308,0
9.02,-0.0037536189731972127,0.004731690591507214,-4.2820623609440833e-10,-0.42375041406316744,0.169611200836293,0.45925232386521037,2.774930119067225,0.00028619218025155045,1.0000028320485013,18.88031688875291,1,-0.4438736796205076,-0.5671559997348964,0.7271804751790577,-2.23603277197447,-0.005129148589502474,1.0000003910392892,2.6069285938597755,1,0.9869713354245716,0.0555957934769696,0.9833005688649515,0.051509965712286644,0.002585101398861986,1.000000153673403,1.0244891902841724,1,0.07819548049048357,-1.4982948641309612,1.5050454196869225,-1.5221270764330592,-4.901310378751573e-05,1.0000000389834822,0.25988988133096436,1,-0.2567103294809839,-5.2019121100609835,5.213452209531752,-1.6210116717192675,-0.019210679570065194,1.0000000010450179,0.0069657053346134125,0
9.040000000000001,-0.0037536189738070244,0.004731690591341981,-4.30043635250843e-10,-0.4622255299257855,0.010502792312749948,0.46718045634616145,3.129745036611205,0.0002795573374837367,1.0000026810462186,17.873635005125884,1,-0.319310271113311,-0.6448763968262107,0.7262398545644015,-2.0335944341666297,-0.005280852373523084,1.0000003910177608,2.606785072095177,1,0.9723198835708073,0.18249305659568565,0.9835515042348977,0.18148864052572225,0.002638226026389148,1.0000001541314156,1.0275426086211898,1,0.17996932547585162,-1.480192465416129,1.4954407267765866,-1.4534734487166576,-2.7013072393758757e-05,1.0000000396000375,0.26400025045097814,1,-0.20168639155773327,-5.2016053550272625,5.210671034611745,-1.6104577649648257,-0.019216152490384008,1.000000001046666,0.006976693195748769,0
9.06,-0.00375361897319607,0.004731690591214144,-4.3185665373618454e-10,-0.42871997996434563,-0.1494731774183196,0.4602731680385884,-2.7994142756847027,0.0002726218961113014,1.0000025467160227,16.978100365846334,1,-0.18142885817712653,-0.6958956384706763,0.7252001505155633,-1.8306012765100876,-0.005381427578007136,1.000000391180643,2.6078709535344506,1,0.9416357155997995,0.30644814607525256,0.9840844898261814,0.3113637588963611,0.0027029502123317992,1.0000001545161405,1.0301074409905377,1,0.28091526835513264,-1.4550812757830185,1.4859145218658423,-1.3839356554170752,4.365057464559874e-06,1.0000000402442621,0.26829508039399086,1,-0.14663939369349813,-5.200717448026407,5.20788864146876,-1.5998925845644527,-0.019210945939808623,1.0000000010483199,0.006987718739088439,0
9.08,-0.003753618971414178,0.00473169059111599,-4.3363301664711695e-10,-0.32551115767180117,-0.2841771245986534,0.4389984072959047,-2.42258155766578,0.0002644030694085554,1.0000024443790159,16.295853653842606,1,-0.03586462945308498,-0.7179950722934793,0.7241039084804848,-1.6270072040583559,-0.0054032045529760235,1.0000003915224116,2.610149410053827,1,0.8954514867873475,0.4254151299438186,0.9848903103060972,0.4410622372331575,0.0027818135259316886,1.0000001548208466,1.0321388141824757,1,0.3805313599841468,-1.4229466307055612,1.4765140755167196,-1.3135062513157296,4.4186543146650716e-05,1.0000000409144765,0.2727631765964674,1,-0.09157545892198986,-5.199247556524488,5.205105336040632,-1.5893161104551106,-0.01919426640714452,1.0000000010499792,0.006998780891752429,0
9.1,-0.0037536189683506616,0.004731690591037241,-4.3536116378639633e-10,-0.16174138864335713,-0.36448900214400937,0.4052389436573356,-1.994216627071766,0.0002550548155421724,1.0000023933073936,15.955376171834288,1,0.11138112536234271,-0.710129026647674,0.722996332183092,-1.422790397257851,-0.005330858761590211,1.00000039203025,2.613535000889604,1,0.8345663304809522,0.5374427966820491,0.985955068423477,0.5705144744255561,0.002876226041861259,1.0000001550403141,1.0336019310896984,1,0.47830333144067727,-1.3838112939352338,1.4672878028953722,-1.2421825433452662,9.118233097997403e-05,1.0000000416086692,0.27739112828116985,1,-0.036500731848742814,-5.197194911265079,5.202321426974705,-1.5787283239853525,-0.019165157392249593,1.0000000010516439,0.00700987855717047,0
9.120000000000001,-0.0037536189638705574,0.004731690590962649,-4.370292617378313e-10,0.03916722375414766,-0.3572252757070913,0.36382050661266946,-1.475947120202299,0.0002479627717680114,1.0000024230009341,16.153333108391823,1,0.25418287238109843,-0.672489099994955,0.7219234508783785,-1.2179547197067875,-0.005167491094103373,1.0000003926843637,2.6178957581995412,1,0.7600282739757683,0.6407105585286205,0.987260487781311,0.6996556779564534,0.0029872023967436527,1.000000155170945,1.0344728040349656,1,0.5737074457467525,-1.3377381110508997,1.4582849982956447,-1.1699670500768258,0.00014404898384820115,1.0000000423244664,0.28216310915973775,1,0.018578621952952706,-5.194558806772087,5.1995372254073615,-1.5681292080804898,-0.019121727175038506,1.0000000010533137,0.007021010621755265,0
9.14,-0.003753618958538203,0.004731690590866041,-4.386275787027216e-10,0.2252278240711663,-0.2343568057825339,0.3254562661610186,-0.8261327325976103,0.0002504027006021625,1.0000025707454026,17.13829623067116,1,0.38654673684234603,-0.606518446046025,0.7209301986568637,-1.012530090395324,-0.0049352326744916955,1.0000003934585737,2.6230571583652265,1,0.673111589312152,0.733560785484104,0.9887843035672085,0.8284270470045456,0.003115703292435889,1.000000155210827,1.0347386844419493,1,0.6662138316378875,-1.2848324845644716,1.4495555264351732,-1.096867948690438,0.00020194563037573924,1.0000000430591063,0.28706070822889834,1,0.07365641655618324,-5.191338601845854,5.196753046276018,-1.5575187476262227,-0.01906061847976566,1.0000000010549885,0.00703217596311846,0
9.16,-0.0037536189553761513,0.004731690590705708,-4.401629963290965e-10,0.31181546294517964,-0.010291387866322683,0.3075878908836499,-0.0495788389123252,0.00026160737372306786,1.0000028294561867,18.863034792129895,1,0.5028697534782075,-0.5148717886563007,0.7200584924300825,-0.8065717297374317,-0.0046619554457403315,1.0000003943212397,2.6288082646730255,1,0.5752898886127701,0.814526827152177,0.9905007263317407,0.9567767809238766,0.003258178449168427,1.0000001551597517,1.0343981820428794,1,0.7552903037331143,-1.2252445850984084,1.4411494715343693,-1.0228994957793445,0.00026405474592349165,1.0000000438094228,0.2920628185142042,1,0.12872644630563507,-5.1875337200515474,5.193969214084489,-1.546896929565846,-0.01898109755997121,1.000000001056668,0.007043373458660701,0
9.18,-0.003753618958157514,0.004731690590447657,-4.416801742054832e-10,0.24290233502928738,0.221104325310176,0.32176725969345554,0.7366092820328509,0.00027397633055973366,1.000003067370972,20.449133361127156,1,0.5981901221827299,-0.4013194082372711,0.7193453817375034,-0.6001582287536,-0.004387067559147085,1.0000003952365335,2.6349102239067648,1,0.46820587919395246,0.8823561826640991,0.9923809684299243,1.0846608896747116,0.003398954833309518,1.0000001550191864,1.0334610801772186,1,0.8404066590909145,-1.1591712048479805,1.4331167433952001,-0.9480824000678371,0.0003272233861116166,1.0000000445718382,0.2971455876464624,1,0.1837824864556894,-5.183143650199872,5.1911860688468785,-1.536263740987623,-0.01889421131669716,1.0000000010583523,0.007054601988632979,0
9.200000000000001,-0.0037536189646880996,0.004731690590106368,-4.4323458531919657e-10,0.06396723091356075,0.3586044141351974,0.3586268687867322,1.4042095188758983,0.0002807707176736425,1.0000031567442011,21.044954887976335,1,0.6684152198938051,-0.27059655024106194,0.7188213576349152,-0.3933884251986471,-0.004149318122692954,1.0000003961658996,2.6411059977720788,1,0.3536387448329834,0.9360284931417732,0.9943938236355667,1.2120438073738,0.0035235488615974857,1.0000001547922017,1.0319478488986156,1,0.9210394240684127,-1.0868571559702425,1.4255066272773893,-0.8724441265861607,0.0003876088693310564,1.0000000453423605,0.3022824031155078,1,0.2388182938224481,-5.178167946823082,5.188403954552063,-1.5256191667612253,-0.01881257638439816,1.0000000010600412,0.007065860428832311,0
9.22,-0.0037536189706876607,0.004731690589722701,-4.448451789221264e-10,-0.13879035101896164,0.3788414716511602,0.40040272718170644,1.9366394207070863,0.0002796767700977237,1.000003110474927,20.73649306002517,1,0.7105141868988519,-0.12820335607674946,0.7185089276844162,-0.18637721522806514,-0.003953163987794804,1.0000003970697364,2.647131576694983,1,0.233470119047283,0.9747682404643965,0.9965062674406882,1.338898813410314,0.0036292798220560222,1.0000001544833592,1.029888898392133,1,0.9966770051153753,-1.0085961175157265,1.4183672849975917,-0.7960191292039989,0.0004441153346009114,1.0000000461165879,0.30744391969835855,1,0.2938276074480256,-5.172606230648889,5.185623204924782,-1.5149631912901473,-0.018737303028738387,1.0000000010617343,0.007077147642861745,0
9.24,-0.0037536189747436497,0.004731690589324858,-4.465041175336082e-10,-0.3088857713173847,0.3073749796372906,0.43545212056666904,2.3737932345060497,0.0002745333630428263,1.000002989927058,19.932840599776977,1,0.7226631632851477,0.019835908925115366,0.7184215485081834,0.02074951011893744,-0.0037836343722747615,1.0000003979092225,2.6527281504505664,1,0.1096495671697908,0.99805222385034,0.9986840559350838,1.465208246127193,0.0037152917690003776,1.0000001540985777,1.0273236890186117,1,1.0668251740806063,-0.9247308374660934,1.4117452374380852,-0.7188489907230622,0.0004967599979907626,1.000000046889724,0.31259816075581515,1,0.3488041492755671,-5.166458189070782,5.182844147330869,-1.5042958006606493,-0.018666229810277254,1.0000000010634316,0.007088462479615434,0
9.26,-0.0037536189769925197,0.0047316905889254815,-4.4819929885531185e-10,-0.4202763971458471,0.17764622210599149,0.45840582251785694,2.7552636737583156,0.00026863152165879604,1.0000028403580807,18.93571408624987,1,0.7043337297628125,0.1672422611338461,0.7185629802043599,0.22786056400882934,-0.003622964865708439,1.0000003986481563,2.6576543744780143,1,-0.01583959479653055,1.0056120506110666,1.0008923206008546,1.5909635246401246,0.003779598397821551,1.0000001536449723,1.024299652409252,1,1.1310127959509981,-0.8356526039055123,1.4056848308827508,-0.6409824432570436,0.0005453516619021183,1.0000000476566069,0.3177107131028414,1,0.40374162483515663,-5.159723576613567,5.180067108784286,-1.493616982670332,-0.018598954688162767,1.0000000010651326,0.00709980377150614,0
9.280000000000001,-0.0037536189777978134,0.004731690588529671,-4.49921395279107e-10,-0.4626156284393362,0.019309566157670963,0.46712973742804087,3.110774885262061,0.00026304037761964565,1.0000026889065479,17.92603719916028,1,0.6563186171778431,0.30776552001297225,0.7189271024953242,0.4348254792033788,-0.0034571314523542678,1.0000003992546953,2.6616979693983156,1,-0.14101342666738959,0.9974320094737119,1.0030961497092112,1.7161650047037238,0.003820016569243778,1.0000001531306701,1.0208709719400086,1,1.1887976854146183,-0.7417999129584515,1.4002276892706276,-0.5624752565236883,0.0005895196164184831,1.0000000484117535,0.3227450232361274,1,0.4586337239407434,-5.152402215393944,5.177292417267585,-1.4829267263835422,-0.018536424014584354,1.0000000010668377,0.007111170332454947,0
9.3,-0.0037536189773925027,0.0047316905881399,-4.5166360321952093e-10,-0.4329887160282519,-0.14128224313023577,0.46102168695338613,-2.818921587235332,0.0002574311525239479,1.0000025532930383,17.02194713668958,1,0.5806929428597889,0.43546618633269696,0.7194982074344749,0.6415204858558954,-0.003279055863445795,1.0000003997028852,2.664685900915498,1,-0.26391884677607047,0.9737427839228725,1.0052611431558198,1.8408216886110536,0.003834941532943086,1.000000152564622,1.0170973176143105,1,1.2397724592805714,-0.6436562807756688,1.3954121650566662,-0.4833899847816569,0.0006289262268209398,1.0000000491494192,0.3276627953045495,1,0.513474121397916,-5.144493995576016,5.174520401089055,-1.4722250219011461,-0.018480010544995415,1.0000000010685461,0.0071225609565216405,0
9.32,-0.0037536189758308526,0.00473169058775774,-4.53419826858259e-10,-0.3333963145406285,-0.27806671354158374,0.44049263385103443,-2.4439842395418068,0.0002512271826522608,1.0000024487992232,16.325321701985548,1,0.4807136304694687,0.5449800697772472,0.7202517513476457,0.8478341026633214,-0.003089327815758623,1.0000003999738714,2.6664924750242274,1,-0.3826630172290723,0.9350115179410692,1.0073539311945392,1.9649508109179001,0.0038238657388139714,1.0000001519564097,1.0130425686223559,1,1.2835702361335566,-0.5417471720954887,1.3912728035637476,-0.4037955652342699,0.0006634055275859473,1.000000049863673,0.3324244868604162,1,0.5682564777224217,-5.135998875821277,5.171751387836629,-1.461511860325477,-0.018430887704000143,1.0000000010702583,0.007133974417296911,0
9.34,-0.0037536189730036757,0.004731690587383471,-4.5518282459217074e-10,-0.17248046133541378,-0.3621478913938871,0.4073222377540508,-2.019287533888736,0.0002451423673279058,1.000002394319569,15.962124008057977,1,0.36066375422477664,0.631751579117969,0.7211555175508908,1.0536720292684674,-0.0028941213901847603,1.0000004000567277,2.6670448522336776,1,-0.4954403084221012,0.8819287685540765,1.0093426512584127,2.088577322713256,0.0037878285316907314,1.000000151316058,1.0087735562778297,1,1.319870024292803,-0.43663604782399884,1.3878398359613577,-0.3237667656671627,0.0006930667194715158,1.000000050548484,0.33698989442007765,1,0.6229744398694234,-5.126916883732631,5.16898570331377,-1.4507872338733403,-0.018389445998849847,1.0000000010719736,0.007145409467674248,0
9.360000000000001,-0.0037536189687615565,0.0047316905870133825,-4.5694288457187593e-10,0.027421126467163884,-0.36048624304704185,0.3661126122782574,-1.5070142022986814,0.00024220370012006161,1.0000024186813836,16.124536104876412,1,0.22565185872794047,0.692224247986429,0.7221711160734239,1.258961092181153,-0.0027005180503950864,1.0000003999488558,2.666325705741588,1,-0.6005566388521604,0.815392872360825,1.0111973794279738,2.211733296449721,0.003730103877887895,1.0000001506538532,1.0043588584288252,1,1.3484016356743493,-0.32891956730004884,1.3851387159240807,-0.24338348542026694,0.0007184257534995955,1.0000000511978224,0.34131881613335746,1,0.6776216419734055,-5.117248116292135,5.1662236707201235,-1.4400511361756618,-0.018354444897700342,1.0000000010736918,0.007156864839861538,0
9.38,-0.003753618963585247,0.004731690586633566,-4.586897519795463e-10,0.21625554574666886,-0.24414074471310582,0.32717799482955734,-0.8649969593367889,0.00024604966851423494,1.0000025593694424,17.062456496702865,1,0.08137852471164159,0.7239804832451721,0.7232557291100316,1.463652078537747,-0.002511286415521376,1.0000003996559481,2.6643729878898252,1,-0.696451089639621,0.7364922230084997,1.0128905145032598,2.3344572719621417,0.003656956841999671,1.000000149980175,0.9998676695558093,1,1.3689499676364423,-0.21922201563745616,1.3831897145749943,-0.16272992100654024,0.0007405104026353573,1.0000000518057661,0.34537177355938375,1,0.7321917060983953,-5.106992740292012,5.163465611257204,-1.4293035628501083,-0.018322249715087578,1.0000000010754129,0.007168339246828398,0
9.4,-0.0037536189603282304,0.0047316905862142605,-4.604261963012113e-10,0.3103976145113298,-0.023810003417999343,0.3077535621111221,-0.09330101111673021,0.0002566743666802084,1.0000028143342858,18.762222119559933,1,-0.06611654973889892,0.7258262324045089,0.724364001805175,1.6677213779597546,-0.0023292262381967867,1.000000399191549,2.66127699353625,1,-0.781714777458812,0.6464859097285667,1.0143971118256614,2.456793561565709,0.003574697912242152,1.000000149305339,0.9953687637048945,1,1.3813585079432997,-0.10818906060882068,1.3820075893848436,-0.08189361517901136,0.0007602412025417147,1.0000000523666153,0.34911076817583364,1,0.786678242998089,-5.096150992757561,5.160711849356118,-1.4185445119687343,-0.018290192133557554,1.0000000010771368,0.0071798313873714294,0
9.42,-0.0037536189629080704,0.004731690585730405,-4.621900058857098e-10,0.24961077431991874,0.21029469685409552,0.32025827180308114,0.696442095000513,0.0002689988082683383,1.0000030578043124,20.385355630296385,1,-0.21071384145704444,0.6978198289446397,0.7254499812704112,1.8711714293580148,-0.0021757150782942495,1.0000003985762635,2.6571750896604684,1,-0.8551070334544643,0.5467831096535397,1.0156951639456901,2.5787915230136553,0.0034795887222990158,1.0000001486394587,0.9909295616580601,1,1.3855319395631311,0.0035190252237227017,1.3816013458306229,-0.0009644105763900126,0.0007767585709444439,1.0000000528750068,0.3525000447382655,1,0.8410748528865385,-5.084723181360357,5.1579627202827245,-1.4077739826272908,-0.018266160493479018,1.000000001078863,0.007191339951624288,0
9.440000000000001,-0.0037536189694667337,0.004731690585203235,-4.640306940778549e-10,0.07432127613781359,0.35417510903416016,0.3563660053439241,1.3718202497636505,0.0002781841035864092,1.000003155906964,21.03937330696089,1,-0.3464676581879178,0.641247338045121,0.726469023515982,2.074030047464503,-0.002072114554671288,1.000000397836689,2.6522445926273606,1,-0.9155689794349645,0.4389215642179916,1.0167658403356044,2.700504804856298,0.0033629104511698673,1.0000001479923204,0.986615306774049,1,1.3814377504810331,0.11523451529298656,1.3819740944667058,0.07996667312292356,0.000788802819559341,1.0000000533260265,0.3555068429322681,1,0.8953751262209328,-5.072709684822504,5.155218561676055,-1.3969919723760078,-0.018260823305921527,1.0000000010805916,0.00720286361916125,0
9.46,-0.0037536189756278396,0.004731690584681408,-4.659606025678165e-10,-0.12893689199578673,0.38029102198485415,0.39824430203357886,1.9106797232385022,0.00028499107941259316,1.0000031153764493,20.769169876374768,1,-0.4678438866966277,0.5585490733110535,0.7273795869134467,2.2763487690379898,-0.0020097988401449477,1.0000003970041484,2.6466943222882113,1,-0.9622346177022107,0.32454540743882154,1.0175936958661287,2.8219905898747992,0.0032255295671031036,1.0000001473732762,0.9824883450473554,1,1.369106788252293,0.22628957298266644,1.3831229897514599,0.16080859840574768,0.0007971362784376007,1.0000000537153149,0.35810209867662884,1,0.9495726444958835,-5.0601109533140765,5.152479698079219,-1.3861984785625514,-0.018273172616856428,1.0000000010823222,0.007214401055961077,0
9.48,-0.003753618979832416,0.004731690584200132,-4.679623979986225e-10,-0.30166524910934656,0.31290516656333506,0.4338359277420117,2.3518823517782925,0.0002915300785897021,1.0000029974904077,19.98326293132428,1,-0.5699336076137493,0.4532035145722151,0.7281448389007847,2.478200356648699,-0.0019674443938289205,1.0000003961133008,2.6407553393961374,1,-0.9944395591745632,0.2053825551420978,1.0181668310037424,2.9433088464983057,0.0030723173970942396,1.0000001467911501,0.9786075041491731,1,1.348632739143885,0.3360235991421863,1.3850392689334041,0.2414714597586486,0.0008032418747922754,1.000000054039159,0.36026105879433695,1,1.003660981047716,-5.046927508842461,5.149746443230188,-1.375393500809505,-0.01829761253899269,1.0000000010840546,0.007225950917233391,0
9.5,-0.003753618982176858,0.004731690583776528,-4.700126199699839e-10,-0.4165874942725092,0.18552232395491663,0.4575177901335554,2.735528568196234,0.00029693077732647233,1.0000028486768224,18.991172363394035,1,-0.6486364124404627,0.329575682588372,0.7287340404717637,2.679675607296492,-0.0019231820376761784,1.0000003952006782,2.634671187732655,1,-1.011727508194909,0.08322181194548313,1.0184770048924316,3.0645215774584535,0.002906126599248627,1.000000146254159,0.9750275642000626,1,1.3201705514397062,0.4437903927481717,1.3877083997501973,0.32186759921367336,0.0008083402618532885,1.0000000542945693,0.3619637951758711,1,1.057633701869097,-5.033159945631674,5.147019106925289,-1.3645770413910467,-0.018329696259276093,1.0000000010857888,0.0072375118509084855,0
9.52,-0.0037536189830257773,0.004731690583417459,-4.720899313831461e-10,-0.46278413070466684,0.028035427590325287,0.46703778661164635,3.09180297968222,0.0003007611775896346,1.000002696825502,17.978830227780566,1,-0.7008091089886204,0.1927372655362009,0.7291236847904966,2.880879616044605,-0.0018601805821714585,1.0000003943032143,2.628688094833453,1,-1.0138546047737864,-0.04011019063718069,1.0185197110668265,-3.097493239294937,0.002727035098046816,1.0000001457698442,0.971798798013937,1,1.283933860973555,0.5489649440915585,1.3911103238503768,0.40191265907049484,0.000813392173422183,1.0000000544793395,0.3631955959838348,1,1.1114843664346887,-5.018808930491581,5.1442979976526715,-1.3537491049090011,-0.018366160157010775,1.0000000010875245,0.007249082499193703,0
9.540000000000001,-0.00375361898262192,0.004731690583124601,-4.741755087536714e-10,-0.4370438793703489,-0.13309475759940806,0.46173227206558787,-2.8383687729314375,0.00030462012644212155,1.0000025599685738,17.066450706314242,1,-0.7243770033385166,0.04826562708240611,0.729298352974901,3.0819276242121325,-0.0017732512849309766,1.0000003934569113,2.6230460748473288,1,-1.0007916990202328,-0.16277214443773302,1.0182942189946074,-2.9763011700659545,0.0025322507474916443,1.0000001453450054,0.9689665389231895,1,1.2401915123264158,0.6509496982240908,1.3952197843428524,0.48152654137010464,0.000819223343531644,1.0000000545920826,0.3639472178262658,1,1.1652065285380675,-5.003875203177293,5.141583423058988,-1.3429096980877744,-0.018404207280764293,1.0000000010892613,0.007260661498783862,0
9.56,-0.0037536189810309407,0.004731690582896356,-4.762517385667464e-10,-0.3410958581671382,-0.27187435344009614,0.4419556572493857,-2.4652553379176587,0.000308003733402889,1.0000024533650107,16.355760285388744,1,-0.7184060789813709,-0.09797154247311077,0.7292512528742973,-3.000244709482078,-0.001659355353698791,1.000000392695559,2.617970393385762,1,-0.9727246006880397,-0.2829312441468766,1.0178035841277588,-2.8550239121755703,0.0023153903095327333,1.0000001449856295,0.966570700349817,1,1.1892632983854632,0.7491801519850798,1.4000067262538574,0.5606342495956688,0.0008266105279132497,1.0000000546322487,0.3642149917698968,1,1.2187937371400097,-4.9883595767388424,5.138875689861904,-1.3320588297220994,-0.018441044175733542,1.0000000010909993,0.007272247480076714,0
9.58,-0.0037536189781542367,0.004731690582727709,-4.783008130185284e-10,-0.18310128490580777,-0.35962784978114254,0.4093878745499627,-2.0441313224790374,0.0003093719073409778,1.0000023955505633,15.970330635529553,1,-0.6831351874487166,-0.24003953686961887,0.7289844332248349,-2.7991446375665037,-0.0015036332537810434,1.0000003920494422,2.613662947602067,1,-0.9300523135407719,-0.3987863468915107,1.0170546327876653,-2.733598806187408,0.0020670370964085867,1.000000144696788,0.9646450918153965,1,1.1315150626437052,0.8431296789076467,1.4054367566494705,0.6391665948931803,0.0008363706221596032,1.0000000546001175,0.36400078353279514,1,1.272239537228268,-4.972262937861355,5.136175103621256,-1.3211965107382313,-0.01847345775003473,1.000000001092738,0.007283839065193465,0
9.6,-0.0037536189738399113,0.004731690582607918,-4.803037603057225e-10,0.015645861068340802,-0.363480380104285,0.36841538261928186,-1.5377406918534267,0.0003097228639312593,1.0000024146860043,16.097900242684677,1,-0.6199678870071947,-0.37216176852879695,0.7285086601584697,-2.597838730001985,-0.0012806733622952992,1.0000003915441722,2.6102944812653828,1,-0.8733832333847585,-0.508591055653944,1.0160579314859026,-2.611964892877591,0.0017813674774034309,1.0000001444825157,0.9632166091445323,1,1.0673533219259432,0.9323135103481072,1.4114716494546142,0.7170607558683606,0.000849496343077362,1.0000000544967722,0.3633118151346717,1,1.3255374706889151,-4.955586247195921,5.133481968561042,-1.310322754410543,-0.018497111589388753,1.0000000010944774,0.007295434864545506,0
9.620000000000001,-0.0037536189685022266,0.004731690582514788,-4.822423597602987e-10,0.20699701470519488,-0.2536817916177982,0.32895970415253045,-0.9035122801333553,0.00031315935743824,1.0000025483331032,16.988880901473276,1,-0.5314239892740098,-0.4889406632248556,0.7278429715321105,-2.3962160487540336,-0.0009827635647081765,1.0000003911998163,2.6079987757523884,1,-0.8035292497184653,-0.6106766422073375,1.0148277320087218,-2.4900636961555187,0.001466806383868324,1.0000001443457889,0.9623050962866441,1,0.9972195720179128,1.0162918359283881,1.4180698787946042,0.7942606873306685,0.0008672069232458644,1.0000000543240541,0.3621603614364693,1,1.3786810771890277,-4.9383305396816155,5.130796588439841,-1.29943757685321,-0.01850574875454842,1.0000000010962171,0.0073070334728048735,0
9.64,-0.003753618964836139,0.004731690582408909,-4.841121418672212e-10,0.3084960657294962,-0.037372991351586574,0.3080156177535423,-0.13702612221798297,0.00032251794072395476,1.0000027991586737,18.661051372017447,1,-0.4210513589163827,-0.5855680884102534,0.7270139845469744,-2.194177580870913,-0.0006466154024834107,1.0000003910303732,2.6068691550922494,1,-0.721497640999497,-0.7034746960936908,1.013381850922383,-2.3678400395280317,0.0011430238780851304,1.0000001442886557,0.9619242080317327,1,0.9215844354653056,1.0946720196544515,1.4251871650047203,0.8707173778495725,0.0008900300661818693,1.0000000540845009,0.36056333989921946,1,1.4316638950700236,-4.920496924858378,5.12811927176658,-1.2885409975489117,-0.018493909300732598,1.000000001097957,0.007318633467199464,0
9.66,-0.003753618966889364,0.004731690582252443,-4.85945140897559e-10,0.25598162679459086,0.1991110090615187,0.31881257892748255,0.6558678819663739,0.00033436487987952647,1.0000030477756052,20.31849758228023,1,-0.29329915735201517,-0.6580187317695638,0.7260549968193701,-1.991640073865998,-0.0003410226820026521,1.000000391043343,2.606955620616402,1,-0.628480630718456,-0.7855393702784035,1.0117414554036341,-2.245242849560686,0.0008206442797975673,1.0000001443123114,0.962081913528672,1,0.8409418006656368,1.1671099581094304,1.432777025265251,0.9463889605125285,0.0009159004529849476,1.000000053781272,0.3585418142327939,1,1.4844794622514728,-4.902086587169308,5.125450341064681,-1.2776330381447765,-0.018466594952749004,1.000000001099697,0.007330233407538121,0
9.68,-0.003753618973166647,0.0047316905820520725,-4.877902344199714e-10,0.08460953392252203,0.34930884100037196,0.35411210105103036,1.3390146380001007,0.00034150800234925076,1.0000031546974144,21.0313096431816,1,-0.15335462261174093,-0.7032194535478394,0.7250048279391763,-1.7885395376150175,-0.00010920845199137035,1.0000003912392676,2.6082617841535645,1,-0.5258424892242789,-0.8555690539998921,1.0099307797320995,-2.1222259213528893,0.0005024181809808125,1.000000144417009,0.9627798973039593,1,0.7558030858749971,1.2333106326764618,1.4407913251822735,1.0212406969836685,0.0009425264855425025,1.0000000534180649,0.356120432298391,1,1.5371213171466391,-4.883100786252758,5.122790127876783,-1.266713719483309,-0.018433980356261436,1.000000001101437,0.007341831829397651,0
9.700000000000001,-0.0037536189792233767,0.004731690581844411,-4.896627565226241e-10,-0.1189837236019883,0.3813855144608505,0.3960605181061191,1.884449452483964,0.00034142251254175185,1.0000031201117692,20.800738674845427,1,-0.006946755726554992,-0.7191873707192732,0.7239063770429927,-1.5848342339049244,6.479073098292205e-05,1.0000003916114313,2.6107428747088295,1,-0.41510407864467375,-0.9124272265596962,1.007976820192348,-1.998748659237338,0.00019695771096192994,1.0000001446019329,0.9640127226698901,1,0.6666917425071283,1.2930279274948409,1.4491808015767602,1.0952448566906041,0.0009703027121511837,1.000000052999024,0.3533268273265862,1,1.589582999589411,-4.863540857226901,5.120138956492712,-1.2557830621559396,-0.018396075665119464,1.0000000011031762,0.0073534272346480155,0
9.72,-0.003753618983357648,0.004731690581654234,-4.915491945770012e-10,-0.2942703267531407,0.31817808623124577,0.4321814171626637,2.3298255615840016,0.00033639496584290333,1.0000030050209188,20.03346633920719,1,0.13987804275671115,-0.7051294283861351,0.7228049388631704,-1.3805069069002727,0.00022107167892823797,1.0000003921458722,2.614305814534202,1,-0.29792474321340606,-0.9551621721494086,1.0059090112443232,-1.8747767842379253,-8.615877501921438e-05,1.0000001448651288,0.9657673618524889,1,0.5741380899010281,1.346063798466438,1.457895540286997,1.1683804924153398,0.0010002074033249053,1.0000000525286514,0.3501910092759904,1,1.641858051769852,-4.843408210966206,5.117497143909844,-1.244841088931981,-0.018348304736848144,1.0000000011049148,0.007365018090729643,0
9.74,-0.0037536189856298284,0.004731690581488634,-4.934311848003858e-10,-0.4126923642205772,0.19322563786396718,0.45658661059654976,2.7157348972872133,0.0003296613636533614,1.0000028570345778,19.046890733348615,1,0.28100137818768206,-0.6614966666855502,0.7217463437717824,-1.175566064675036,0.0003917178416366695,1.0000003928217265,2.6188115105856205,1,-0.176081476815244,-0.9830251760420202,1.003758856355387,-1.75028300093107,-0.0003391904983501896,1.00000014520348,0.9680230365391247,1,0.47867455121263003,1.392266887922123,1.4668854196473422,1.2406331291480979,0.0010326146996201284,1.0000000520117132,0.3467447548320097,1,1.6939400191770024,-4.822704334366669,5.114865006576122,-1.2338878252331507,-0.01828762212295793,1.0000000011066525,0.007376602836083518,0
9.76,-0.0037536189864109835,0.004731690581345214,-4.952942717420528e-10,-0.4627334609573548,0.036663140433992304,0.46690039164649777,3.072841160383315,0.000323386240005692,1.0000027048267617,18.032171958563175,1,0.41049021695994437,-0.5899874992713814,0.7207750083181629,-0.970046181071599,0.0005890296896092984,1.000000393611896,2.624079305974425,1,-0.05144535823513973,-0.9954867670186573,1.0015595070848373,-1.6252476137200633,-0.0005551196815257137,1.0000001456127066,0.9707512148272714,1,0.3808313389650439,1.4315306831518495,1.4761005165674161,1.311994390890053,0.0010674340957510873,1.0000000514531526,0.34302101733049456,1,1.745822451548944,-4.801430790597779,5.112242863364229,-1.2229232987168774,-0.01821280601636836,1.0000000011083892,0.007388179888016814,0
9.780000000000001,-0.003753618985957816,0.004731690581217711,-4.971283011981353e-10,-0.44087859140644514,-0.12493123338332629,0.46239640055116804,-2.8577366352320137,0.00031806552224034355,1.000002566765187,17.111761460579267,1,0.5228551427298356,-0.4934962024577991,0.7199319912943879,-0.7640067280046022,0.0008060166832311005,1.0000003944840303,2.6298935355178825,1,0.07404467455960106,-0.9922505213367016,0.9993452932165955,-1.4996590710194162,-0.0007274107566591987,1.0000001460873802,0.9739157055731004,1,0.2811326184363989,1.4637913155431832,1.485491468713264,1.3824615833248302,0.0011043355696344365,1.0000000508580063,0.33905337480942505,1,1.7974989038304219,-4.779589219339946,5.109631036042816,-1.2119475389076735,-0.018123744594397476,1.0000000011101242,0.007399747651539196,0
9.8,-0.0037536189843493904,0.0047316905810983485,-4.989258329396451e-10,-0.3485896616638185,-0.2656220109287901,0.44337413717894514,-2.486359217254207,0.0003128468432929891,1.0000024581051508,16.38736121962419,1,0.6132969507400575,-0.37600547592319866,0.7192531524018995,-0.5575300062523217,0.0010252701826218328,1.0000003954018089,2.636012059251663,1,0.19841054010195242,-0.9732639075418624,0.997151208034784,-1.3735144129044377,-0.0008507592599229183,1.0000001466209523,0.9774728529966599,1,0.18009315902346865,1.4890250925952175,1.4950097907068516,1.452037247641956,0.0011428939003283345,1.0000000502313289,0.33487552593471853,1,1.8489629371387089,-4.757181337006484,5.1070298488965955,-1.200960576975124,-0.018020908985901585,1.0000000011118577,0.0074113045270213715,0
9.82,-0.0037536189814976837,0.00473169058097806,-5.006803565493767e-10,-0.19356655769897113,-0.35694666877832043,0.4114187074963409,-2.068683457103742,0.0003068162657741115,1.0000023970446952,15.980291514843097,1,0.6779282743046503,-0.24242524164260582,0.7187675098634929,-0.35071781588040274,0.0012311323757642433,1.0000003963264759,2.642176506047571,1,0.3196659318622468,-0.9387256364183778,0.995012354851444,-1.2468195979675372,-0.000921994936496931,1.0000001472058027,0.9813718549329757,1,0.07821546863273499,1.5072458480014714,1.5046081447899302,1.5207286994918456,0.001182729089039114,1.000000049578126,0.33052084081997085,1,1.9002081197386407,-4.7342089369500915,5.104439627971062,-1.1899624456330826,-0.017904853795359502,1.0000000011135894,0.007422848914557917,0
9.84,-0.0037536189772474785,0.004731690580844482,-5.023848542035081e-10,0.003896150750170374,-0.36620928402514463,0.3707109021346964,-1.5680164676614936,0.0003012459793263289,1.000002411088236,16.0739151200767,1,0.7139572421600309,-0.09838351898517919,0.718495887562021,-0.1436870879743556,0.0014195868439287487,1.0000003972185687,2.6481237910279316,1,0.4358490236127369,-0.8890889928029805,0.9929633633321686,-1.1195896861848156,-0.0009404550846748937,1.0000001478333087,0.9855552289033802,1,-0.024012606038964844,1.5185021860705956,1.5142405675537287,1.5885475654298558,0.0012237280245564718,1.0000000489032956,0.3260219711917266,1,1.9512280280275156,-4.710673889654527,5.101860700106285,-1.1789531792067574,-0.01777542762300555,1.000000001115319,0.007434379214232965,0
9.860000000000001,-0.0037536189719479,0.004731690580676559,-5.040329820182876e-10,0.19750995423309156,-0.26294834059744526,0.33078925037386514,-0.9415054675837585,0.0003008443186992932,1.000002537757781,16.918378754212497,1,0.719821673672808,0.050021146520447236,0.7184499301963987,0.06343531985970872,0.001601955188113424,1.0000003980397472,2.6535983140017625,1,0.545056411465807,-0.8250606713534757,0.9910377871876204,-0.9918488570127729,-0.0009077006671524253,1.00000014849394,0.9899594374368392,1,-0.12611983981761063,1.5228746868049006,1.5238626544752014,1.6555093273454184,0.0012662941178397166,1.0000000482115783,0.32141052172597107,1,2.002016247529932,-4.686578142912616,5.099293392599798,-1.1679328140157486,-0.017630749391223933,1.0000000011170462,0.0074458938236452755,0
9.88,-0.0037536189681296227,0.004731690580438392,-5.056307213202604e-10,0.3061337082019788,-0.050921255421555345,0.30837771530929164,-0.1805437543101201,0.00030804412362784634,1.0000027840737629,18.56048530031295,1,0.6952650141754051,0.19649307341968314,0.7186315468775694,0.2705183892558705,0.001796860001424757,1.00000039875462,2.6583641330871037,1,0.645477610090858,-0.7475947205633049,0.9892674992578537,-0.8636302461663855,-0.0008286265790301076,1.0000001491773787,0.9945156942742396,1,-0.22765318311872632,1.5204731276444803,1.533431702774352,1.7216328823549356,0.0013106549732675946,1.0000000475075173,0.3167167821854397,1,2.0525663739016355,-4.661923721990968,5.096738036798798,-1.1569013889721533,-0.017469085188486347,1.0000000011187709,0.0074573911370633735,0
9.9,-0.0037536189699338496,0.004731690580095808,-5.0721905668627e-10,0.26199827382280466,0.18759104690891112,0.3174491083942261,0.6150322219481572,0.0003171759280633327,1.0000030373370625,20.248907297278738,1,0.6413488853804349,0.3348238038359484,0.7190328238740662,0.47743294494282684,0.0020089182281384675,1.0000003993324424,2.662216282607416,1,0.7354292996627368,-0.6578813167020913,0.987682099368484,-0.7349755847221061,-0.0007191036166296926,1.0000001498726767,0.9991510156937897,1,-0.3281789472284752,1.511433767719715,1.5429068163602186,1.7869401197281356,0.001354195617348757,1.0000000467954278,0.3119695181884265,1,2.1028720139413495,-4.636712729780024,5.0941949771592485,-1.1458589447232663,-0.017298021169995296,1.0000000011204926,0.007468869548796388,0
9.92,-0.0037536189762275435,0.004731690579659768,-5.088573711703459e-10,0.09481651754923927,0.344010314352473,0.35188635629730264,1.3058498757844577,0.00032088024574858934,1.0000031530715794,21.020470743035474,1,0.5604013979493362,0.4591716141819763,0.7196364223603857,0.6840575594738596,0.002227628736141379,1.000000399748553,2.6649903533899817,1,0.8133884274679337,-0.5573302422263195,0.9863083383317067,-0.60593462402143,-0.0006025270976034573,1.0000001505684373,1.0037894195212866,1,-0.42728366056470196,1.495916730868713,1.552248991335656,1.8514555196385618,0.0013928403828376249,1.0000000460793723,0.30719581617666686,1,2.1529267866115642,-4.610947346928284,5.091664568518911,-1.1348055205506447,-0.01713138268187313,1.0000000011222112,0.007480327451814638,0
9.940000000000001,-0.003753618982506585,0.004731690579175444,-5.105714948050455e-10,-0.1089300127025775,0.3821160940545443,0.39386737057435156,1.8579565274384526,0.00032004357390917675,1.0000031245992773,20.830655396153507,1,0.45590473463819825,0.5643207795147007,0.7204164151589343,0.8902840019674377,0.002450959821172931,1.0000003999855538,2.6665703592479733,1,0.8780232094834103,-0.44754913240136995,0.9851695702868475,-0.47656436279626674,-0.0004917580460773199,1.0000001512530134,1.0083532596037987,1,-0.5245746363369584,1.4741035150312678,1.561421183252696,1.91520579124207,0.0014256196063788752,1.0000000453631464,0.3024209762859001,1,2.2027243240695378,-4.584629831963028,5.089147158503628,-1.1237411542734927,-0.016973459255643593,1.0000000011239265,0.007491763229998388,0
9.96,-0.003753618986909752,0.004731690578678992,-5.123550915128727e-10,-0.2866874903840677,0.3231830975567595,0.43049812050603675,2.307610469553771,0.0003165266830615719,1.0000030124318338,20.082872439761452,1,0.3323294563975866,0.6459069715266726,0.7213394967296889,1.096021935076267,0.0026803080512670797,1.000000400034063,2.666893753039852,1,0.9282210585945877,-0.3303167573871607,0.9842852680431566,-0.3469280924343908,-0.0003916422118106208,1.0000001519147343,1.0127647324626263,1,-0.6196802912148622,1.4461946478890153,1.5703883372057583,1.9782195464689738,0.001453174792576727,1.0000000446502675,0.2976684491585365,1,2.2522582727066935,-4.557762521398457,5.086643083963022,-1.112665884756746,-0.01682280568938652,1.0000000011256385,0.007503175255571163,0
9.98,-0.0037536189894451675,0.004731690578189613,-5.141938489577891e-10,-0.40857073655777176,0.2007471868219272,0.4556169965785996,2.6958647108999,0.00031156895723622623,1.0000028653533686,19.102349337174765,1,0.19492611823650818,0.7005980097436812,0.7223665215040553,1.3012026405294619,0.0029070258301430014,1.0000003998930054,2.665953368797064,1,0.9631125031321878,-0.20755181927691022,0.9836706162841735,-0.21709426243687432,-0.0003048935589374257,1.0000001525421478,1.0169474888344467,1,-0.7122502527744592,1.412407501571805,1.5791173927624527,2.0405269994705137,0.0014759116029299084,1.0000000439439722,0.29295981445219726,1,2.301522294195136,-4.530347829829206,5.084152676480392,-1.1015797527552982,-0.01667846980013042,1.0000000011273464,0.007514561890228512,0
10.0,-0.003753618990477229,0.004731690577717135,-5.160748191637698e-10,-0.4624408895360209,0.0451856639563662,0.4667201622564471,3.0538713511590054,0.0003063028456667344,1.0000027128444793,18.08562340942617,1,0.049486751688780896,0.7262226740636927,0.7234542737829819,1.5057816186764206,0.003115169756119763,1.0000003995695024,2.6637966831513213,1,0.9820902508310969,-0.08127795226334723,0.98333618815769,-0.0871351917326477,-0.0002325113133241484,1.0000001531242684,1.020828292573146,1,-0.8019552913220696,1.3729742733680932,1.5875772756345736,2.102159695174373,0.0014939431558281299,1.000000043247219,0.28831479271053634,1,2.3505100665414287,-4.50238825000822,5.0816762650646385,-1.090482800721711,-0.016540505042765483,1.0000000011290504,0.0075259214855880815,0
10.020000000000001,-0.003753618990264891,0.004731690577267371,-5.179869614832522e-10,-0.4444703296731028,-0.11679742162611807,0.4630169883625807,-2.877044032796532,0.0003011335130267987,1.0000025736261,17.15750088007627,1,-0.09791046878574738,0.7218439999353008,0.72455736443636,1.7097400010714097,0.00328775319778039,1.0000003990783675,2.6605224501203484,1,0.9848226969100813,0.04641419979461205,0.9832877164109202,0.042874336603307986,-0.0001734009623857487,1.0000001536508252,1.024338671092814,1,-0.8884871090924218,1.3281401349890802,1.5957388779233883,2.163150268928801,0.0015073650776268547,1.0000000425626923,0.2837512811422245,1,2.3992152851476867,-4.473886352908999,5.079214176372298,-1.0793750725993958,-0.016409293962828232,1.00000000113075,0.007537252382920646,0
10.040000000000001,-0.0037536189888902277,0.004731690576844099,-5.199196880315005e-10,-0.35585688695434853,-0.25931540409152226,0.4447526923613567,-2.507320199862809,0.0002956253703910242,1.0000024629659299,16.419766412921376,1,-0.24116041449281195,0.6877769637094789,0.725630158797881,1.9130847935275443,0.0034119188546296547,1.000000398441262,2.6562750805472017,1,0.9712613648842162,0.17340680521369015,0.9835259687268408,0.17285855586621912,-0.00012448458388254543,1.0000001541124988,1.027416496169161,1,-0.9715580166330593,1.2781615493142955,1.6035750286448671,2.223532235986893,0.0015164442712788688,1.0000000418928114,0.27928540906243476,1,2.447631663879745,-4.444844787772167,5.07676673411625,-1.0682566137587985,-0.016285041713805456,1.000000001132445,0.007548552912817786,0
10.06,-0.003753618986267095,0.004731690576448889,-5.218611905458137e-10,-0.20385702156706698,-0.3541121467599089,0.41342112484964566,-2.092981538840909,0.00028937853439399186,1.0000023987432098,15.991614946533657,1,-0.3743823315146546,0.625553401427108,0.7266286495662814,2.1158480308526153,0.0034825990467580235,1.0000003976855893,2.6512372630391567,1,0.941641993690876,0.29759544318718084,0.9840467325598936,0.30274222653378535,-8.104031513679141e-05,1.0000001545011394,1.030007432797019,1,-1.050900522930871,1.223304750507423,1.6110604569515816,2.283339808807752,0.0015217421265391645,1.0000000412397414,0.27493160985001697,1,2.4957529361421265,-4.415266282136072,5.07433425820476,-1.0571274710556127,-0.016167339320707342,1.0000000011341352,0.007559821394900411,0
10.08,-0.0037536189822313937,0.00473169057607884,-5.237972434263272e-10,-0.0078069019133915445,-0.36868463877394886,0.37300566253555867,-1.5979008196688966,0.00028386560965418456,1.0000024078154934,16.052096836487646,1,-0.49215341476966096,0.5378392023475049,0.7275122016216687,2.318084969359061,0.003504866687537508,1.0000003968432039,2.6456213585812955,1,0.8964792297124465,0.4169293157169473,0.9848409101420038,0.43245213057059917,-3.689683127658619e-05,1.000000154809954,1.032066197675797,1,-1.126266862581263,1.1638443811027661,1.6181717503513657,2.342607740060343,0.0015242249079411845,1.0000000406054064,0.2707027085262106,1,2.543572855959596,-4.385153641851334,5.071917063745784,-1.0459876930479173,-0.01605448950514471,1.0000000011358205,0.007571056137192291,0
10.1,-0.0037536189770677906,0.004731690575720994,-5.257124405938507e-10,0.1878230748410237,-0.27195156157630385,0.3326701359400156,-0.9790540200710669,0.00028337966159988734,1.0000025275612339,16.850401773065645,1,-0.5897167993430792,0.4283102325306781,0.728245110777467,2.5198714685163006,0.0034946976635656913,1.0000003959490122,2.6396600821563294,1,0.8365551301323244,0.529449930014076,0.9858947195168992,0.5619185028697362,1.529432286000936e-05,1.000000155033661,1.0335575774632488,1,-1.1974284800474742,1.1000622778065114,1.624887309159467,2.4013711895262637,0.0015253861519664471,1.000000039991504,0.2666100269562506,1,2.5910851990650032,-4.35450975107938,5.069515460567725,-1.0348373305280572,-0.015942543735546186,1.0000000011375003,0.007582255435046201,0
10.120000000000001,-0.0037536189731416317,0.004731690575345624,-5.276014096097792e-10,0.303341008468648,-0.06445650158384271,0.3088395471696544,-0.22392840033202638,0.0002908394149158759,1.0000027690128328,18.46007909909028,1,-0.6631581750748974,0.30149414735672947,0.7287979322066769,2.7213007210684106,0.003472616116790574,1.0000003950395389,2.6335969250717493,1,0.7629019172570669,0.633327189522717,0.9871899933982691,0.6910763551740084,8.060199853481454e-05,1.0000001551686,1.0344571695988554,1,-1.2641754882601128,1.0322463961719044,1.6311872954314575,2.459665613536938,0.0015268251599924584,1.0000000393995256,0.26266350384959114,1,2.6382837639926286,-4.323337572274915,5.067129756397117,-1.0236764373844118,-0.01582669310259941,1.0000000011391748,0.007593417572074854,0
10.14,-0.003753618974660881,0.004731690574920531,-5.294921810033992e-10,0.2676862061296727,0.1757340068988017,0.3161644588197819,0.5738624859034189,0.0003015616222414345,1.0000030264278406,20.176179151178783,1,-0.7095470261622487,0.16258540027049725,0.7291485442746399,2.9224794808758343,0.0034426170953170687,1.0000003941515037,2.627676690994607,1,0.6767796260739846,0.726891965629519,0.9887045692668466,0.8198666526938657,0.00015345831732971297,1.0000001552127973,1.034751819452756,1,-1.3263161167994595,0.9606898634366943,1.637053572302497,2.5175266722836245,0.001528043571855276,1.0000000388307726,0.2588718171021662,1,2.6851623731755287,-4.291640146150917,5.0647602667892295,-1.0125050702778062,-0.015709970593774755,1.0000000011408432,0.007604540826705011,0
10.16,-0.0037536189808652105,0.004731690574454703,-5.31433486626598e-10,0.10497057931990772,0.3382795335560991,0.3496818945116385,1.2722670609372626,0.00030746348124142486,1.0000031509858482,21.00656586847424,1,-0.7270399420826138,0.017240543309670613,0.7292829310397376,3.1235239163736495,0.0033929780471218607,1.0000003933204649,2.622136432088244,1,0.5796494472717643,0.80866439803428,0.990412764882076,0.9482373242106904,0.00022451744529166848,1.0000001551659827,1.0344397215464765,1,-1.3836761631499355,0.8856901489283394,1.6424696454238088,2.574990147071501,0.0015265642999661526,1.0000000382863745,0.25524249739316096,1,2.7317148740472526,-4.259420591623962,5.0624073163327425,-1.001323285654277,-0.01560241310014935,1.0000000011425056,0.007615623476480578,0
10.18,-0.003753618987217007,0.004731690573991447,-5.334425401404275e-10,-0.09874742666879917,0.3824893537468258,0.3916573139191441,1.8311665042664813,0.00030681383137244297,1.0000031288221487,20.858807871842636,1,-0.7149445143801332,-0.12863945921112502,0.7291956828715931,-2.958630081978488,0.0033230061208273853,1.000000392579547,2.6171969812406113,1,0.4731436775188245,0.8773773733513033,0.9922859095532396,1.0761440931498103,0.0002938081852391679,1.0000001550295579,1.033530222288892,1,-1.4360984584063206,0.8075483418942573,1.64742062326753,2.6320918763300387,0.001521905431007834,1.0000000377673048,0.25178203295498996,1,2.7779351401500083,-4.226682105741257,5.060071222198948,-0.9901311390251367,-0.015505707050529878,1.0000000011441617,0.007626663793466385,0
10.200000000000001,-0.0037536189916979696,0.004731690573564442,-5.355036995433049e-10,-0.2788926999215528,0.32793238700166777,0.42878032431279695,2.285220398226552,0.0003027158354281448,1.0000030197225283,20.131477069351646,1,-0.6737430739480382,-0.269133547750537,0.728890198008309,-2.757490168971886,0.00323472744651099,1.0000003919582823,2.613055214988571,1,0.3590332398908597,0.9319948416760723,0.9942929044332188,1.2035510986674838,0.0003641975158850201,1.0000001548065345,1.032043399762672,1,-1.483442356600134,0.7265685267474724,1.6518931761729054,2.6888677155224494,0.0015151963976857638,1.0000000372743956,0.248495970886142,1,2.823817072248406,-4.193427963591419,5.0577522887266,-0.9789286874185051,-0.015415492336350617,1.000000001145811,0.007637660042516803,0
10.22,-0.003753618994268351,0.004731690573188203,-5.37593405555703e-10,-0.40420383204609617,0.2081022983550533,0.4546057736075802,2.675910131191442,0.00029732007248308063,1.0000028736384767,19.15758339260027,1,-0.6050760366068321,-0.39852539019850597,0.7283785752097582,-2.5561239028558864,0.0031219148250605216,1.0000003914815736,2.6098771579422464,1,0.23919373767513916,0.9717248440169607,0.9964008100739298,1.3304313061188069,0.00043649862699214506,1.0000001545014252,1.030009338513217,1,-1.5255832549581965,0.643057245625033,1.6558754882391067,2.745353507671034,0.001507574885196646,1.0000000368083526,0.24538901782779768,1,2.8693545994470138,-4.159661518197473,5.055450813023729,-0.9677159904982079,-0.01532774841774107,1.0000000011474537,0.007648610483866731,0
10.24,-0.0037536189952948927,0.004731690572865804,-5.396906732277329e-10,-0.4618924436961748,0.05361969601931139,0.466496045538683,3.0348883140998133,0.00029156247155289367,1.000002720884287,18.139222127635485,1,-0.5116850467808165,-0.5115226127313625,0.7276812031129942,-2.3544219510297237,0.00297280966569343,1.0000003911688036,2.6077920236999503,1,0.11557096256955594,0.9960273156401507,0.9985754492915425,1.456766720846461,0.0005096523402608018,1.0000001541201025,1.027467187293569,1,-1.5624121510004927,0.5573230382155817,1.659357212888423,2.801585060920039,0.0014999100963759477,1.000000036369771,0.24246513953654739,1,2.9145416803117357,-4.1253862003908965,5.053167088765919,-0.9564931104687825,-0.01523968356646683,1.000000001149089,0.007659513374811975,0
10.26,-0.003753618995049734,0.004731690572594753,-5.417781574930391e-10,-0.4478092029411357,-0.10867658959133801,0.46359430853596645,-2.8962972499597397,0.0002852719200397462,1.0000025805549893,17.20369347582802,1,-0.39731658874647385,-0.6034641585105276,0.7268260510430687,-2.152287635825699,0.0027770494793871807,1.000000391033094,2.6068872927904763,1,-0.009853307785228718,1.0046168924164849,1.0007820064436985,1.582548417419446,0.0005817908105125671,1.0000001536696355,1.0244640733846266,1,-1.5938352412547785,0.4696760490708845,1.6623294343590678,2.857598134219175,0.0014928852003626876,1.0000000359591488,0.23972765809977284,1,2.9593723039953916,-4.090605518666711,5.050901407434206,-0.9452601118430918,-0.015149233559163894,1.000000001150717,0.007670366969428711,0
10.280000000000001,-0.0037536189936294324,0.004731690572369497,-5.43840901132131e-10,-0.3628907321152762,-0.25293909090459266,0.4460920856853481,-2.5281479520283137,0.00027716009263028315,1.000002467947911,16.452979620404044,1,-0.2665874125679899,-0.670509155453556,0.7258476685459251,-1.949640850470627,0.0025327214168253693,1.0000003910807436,2.6072049566059086,1,-0.13509450038870285,0.9974610785800975,1.0029856090486653,1.707776401119847,0.0006510704787546256,1.0000001531581106,1.021053907776654,1,-1.6197735654812733,0.3804276929367122,1.6647846343127908,2.913428430643116,0.0014870732905051568,1.0000000355769016,0.23717934438721947,1,3.003840491367663,-4.055323059019974,5.048654058546024,-0.9340170613024215,-0.015054658138343955,1.0000000011523376,0.007681169516685972,0
10.3,-0.003753618990961282,0.004731690572181744,-5.458648550532574e-10,-0.21396698986964569,-0.351111363672614,0.4153955405499585,-2.1170400404870096,0.00026619543302798,1.0000024006425816,16.004277424488276,1,-0.12481410933586994,-0.7098002942335468,0.7247859084922756,-1.7464215094666338,0.002250924152474872,1.000000391310863,2.608739086852856,1,-0.2581968307559737,0.9747742282971593,1.005151881471498,1.832459322386327,0.0007163858977608193,1.0000001525944433,1.0172961264149178,1,-1.64016269963986,0.28989036906610505,1.6667166634024735,2.9691115972099347,0.0014830110104897478,1.0000000352233755,0.23482250348511066,1,3.0479402961493633,-4.019542484763992,5.0464253294576435,-0.9227640276464436,-0.014954193708797959,1.00000000115395,0.0076919192571558055,0
10.32,-0.003753618986884405,0.004731690572018736,-5.478356457713773e-10,-0.019454955094272464,-0.370895461223333,0.37529890342382966,-1.6274117846645995,0.00025621594686659697,1.0000024048608398,16.032399145533105,1,0.022189469931162473,-0.719594459655403,0.7236844008092944,-1.5425923738801504,0.0019546237078081927,1.0000003917152303,2.611434868411737,1,-0.3772628190404595,0.9370078504270466,1.007247462873627,1.95661406696173,0.0007782912897285929,1.0000001519881863,1.0132544119908944,1,-1.6549525001674794,0.19837721594329183,1.6681207182468185,3.0246832300481925,0.0014813091576403434,1.000000034898858,0.23265905321909247,1,3.09166580605087,-3.983267536330748,5.044215504837597,-0.9115010818706509,-0.014845476320125315,1.0000000011555543,0.007702614418437567,0
10.34,-0.003753618981634054,0.004731690571858284,-5.497395594300514e-10,0.17794948406245178,-0.280675512271929,0.33460038096097394,-1.016168770913286,0.00025577402262084287,1.0000025177445067,16.784956925099948,1,0.16834153075807937,-0.6993534192077336,0.722588822471726,-1.3381410872456814,0.0016797592492467737,1.000000392278392,2.615189280677633,1,-0.49048040785666086,0.8848377690654539,1.0092404835112772,2.08026524516477,0.000840173793414703,1.0000001513493397,1.0089954350046741,1,-1.6641069014675665,0.10620189817551888,1.668993324411669,3.080178884201099,0.0014827789196963728,1.0000000346035895,0.23069059652765733,1,3.1350111439142654,-3.9465020310541967,5.0420248662729845,-0.9002282975388779,-0.014724612659817733,1.0000000011571502,0.00771325320989828,0
10.360000000000001,-0.0037536189774210124,0.00473169057166219,-5.515738621050814e-10,0.3001227625008357,-0.07795186898833638,0.309401011456203,-0.2671725314169558,0.0002646706155665862,1.0000027539997245,18.35999171090112,1,0.3075409634436961,-0.6497879418552641,0.7215450175369208,-1.1330812731823752,0.0014756023145115627,1.0000003929781178,2.6198541188002875,1,-0.5961474711289083,0.8191486666647206,1.0111009937581814,2.2034446026112207,0.0009067724302292929,1.0000001506881713,1.0045876460333536,1,-1.66760376798105,0.013678417536670047,1.6693323244864209,3.135634088398186,0.0014880773633701209,1.000000034337773,0.22891848779827165,1,3.1779704688578425,-3.9092498629370356,5.03985369489227,-0.8889457515798933,-0.01458707513878235,1.000000001158737,0.007723833820022254,0
10.38,-0.0037536189785005282,0.0047316905713889355,-5.533700234150452e-10,0.2730345040006157,0.16355817924177374,0.3149620445717172,0.5323519552384531,0.00027669798904235107,1.0000030150522101,20.100341614488748,1,0.4339257872087729,-0.5728499738494512,0.7205970287115951,-0.9274525324017637,0.0013596783972492817,1.000000393786144,2.6252409594813377,1,-0.6926936073381966,0.7410165075423314,1.0128013406181369,2.3261903678378153,0.000974215205784422,1.0000001500150462,1.0001001445365432,1,-1.6654348017817333,-0.07887905965776398,1.6691368645328932,-3.092100943613819,0.0014961737430507216,1.000000034101584,0.22734389319791598,1,3.2205379774201663,-3.8715150024000335,5.03770228139765,-0.8776535242120426,-0.014435573053109416,1.0000000011603152,0.007734354423085904,0
10.4,-0.003753618984495042,0.004731690571037655,-5.551842375585425e-10,0.11506413867717469,0.33212115296649786,0.3475014827090158,1.2382379842029845,0.0002862565716604873,1.0000031484215872,20.989470795099926,1,0.5421300192528606,-0.4716695644923261,0.7197851440428429,-0.721319220824812,0.001309167105301681,1.0000003946691745,2.631127830393382,1,-0.7786991956556766,0.6516892936497408,1.0143164998949505,2.4485465469523584,0.0010301878958940253,1.0000001493402706,0.9956016412744886,1,-1.6576055062319295,-0.17115636651644994,1.6684073787441835,-3.0366200716355642,0.0015048773312049263,1.0000000338951769,0.22596784534254066,1,3.2627079047017085,-3.833301496010488,5.035570930476708,-0.8663516959425467,-0.014280881549240081,1.0000000011618841,0.007744813191079388,0
10.42,-0.0037536189908591476,0.004731690570645677,-5.570444825894749e-10,-0.0884361351890557,0.3825075077553437,0.38943111678055886,1.80404876792036,0.00029221365677424793,1.0000031327634746,20.885083378934947,1,0.6275261767637385,-0.35043603467895745,0.7191440610795998,-0.5147680183112574,0.0013024807593488609,1.0000003955902166,2.6372681100092548,1,-0.8529117584893535,0.5525665478592583,1.0156243745997269,2.570562194854887,0.001071980390633083,1.0000001486739525,0.9911595200727964,1,-1.6441352058594725,-0.262839498493898,1.6671455947369884,-2.9810730648284536,0.0015136482910583257,1.0000000337186938,0.22479129216214727,1,3.304474525505606,-3.7946134661885553,5.033459945438373,-0.8550403460062495,-0.014127220135674483,1.0000000011634433,0.007755208298725655,0
10.440000000000001,-0.003753618995414148,0.004731690570244245,-5.589455695162449e-10,-0.27088330312088865,0.33242958981783666,0.4270276323096312,2.2626289207721695,0.0002952003167950967,1.000003026882297,20.17920886051453,1,0.6864400725398389,-0.21422628213216593,0.7187012788412879,-0.30790435111095316,0.0013218789956991718,1.0000003965101734,2.643401156419206,1,-0.9142597189713451,0.4451778582804439,1.0167060428369623,2.6922906815783927,0.0011042612253629798,1.0000001480258744,0.9868389998656367,1,-1.6250571223435157,-0.35361478289151993,1.6653545523812814,-2.9254243577195775,0.0015228377007198372,1.000000033572271,0.22381513938146447,1,3.345832155477996,-3.7554551108927394,5.031369620033725,-0.8437195544412068,-0.013972987808275718,1.0000000011649928,0.007765537928777591,0
10.46,-0.0037536189980663477,0.0047316905698472495,-5.608738942036728e-10,-0.3995893083876025,0.21529541051209072,0.45355239147936305,2.655848885705677,0.0002959216625303476,1.0000028818833866,19.212549457961174,1,0.7163251076635205,-0.06878682704079529,0.718475811605771,-0.10084779382278046,0.0013496388328751146,1.0000003973896139,2.649264092939983,1,-0.9618636678967533,0.3311607546620338,1.0175459543709386,2.8137889464898542,0.0011313493523205896,1.0000001474053835,0.9827023933014448,1,-1.6004185061900114,-0.4431690625983064,1.6630386181349637,-2.869638340334329,0.0015324989676642501,1.000000033456043,0.22304028679267915,1,3.386775152246743,-3.7158307032833555,5.029300242677897,-0.8323894032982628,-0.013816900878837983,1.0000000011665322,0.0077758002797103125,0
10.48,-0.0037536189991801755,0.004731690569458846,-5.628183071502979e-10,-0.46108737863060845,0.06196908775486304,0.4662282116746584,3.015872075244362,0.0002953058911356025,1.0000027289413222,18.19293569619937,1,0.715885025302767,0.07972021509591896,0.718477295807083,0.1062733199494321,0.0013755165321865895,1.0000003981906176,2.654604117180399,1,-0.9950452638425885,0.2122381290636252,1.0181320875756084,2.9351167447650024,0.0011561464005500615,1.0000001468212922,0.9788084517685953,1,-1.570280823270401,-0.5311899018504399,1.6602035005740636,-2.8136793463159546,0.0015423415451440426,1.0000000333701489,0.2224676585383429,1,3.427297916559214,-3.6757445913628826,5.027252099940124,-0.8210499765410519,-0.013658984194595193,1.0000000011680612,0.007785993569165202,0
10.5,-0.0037536189990354137,0.004731690569079537,-5.647709990647121e-10,-0.45089645428553166,-0.1005667280858355,0.464129911578389,-2.915516910928086,0.0002945451810777458,1.0000025875459315,17.250299757016958,1,0.6851370144931929,0.22499405176799234,0.7187055439021232,0.3133277782942957,0.0014010594235403307,1.0000003988785888,2.659190592783564,1,-1.0133338845079074,0.0901953610199837,1.0184560697921512,3.0563358922550847,0.0011804284354662085,1.000000146281796,0.9752118100250398,1,-1.5347199949710855,-0.6173658219908773,1.656856271718942,-2.75751164617741,0.0015519007440001854,1.000000033314734,0.2220982272174558,1,3.467394893420269,-3.635201197594029,5.025225477381846,-0.8097013597271409,-0.013500022828701724,1.0000000011695795,0.007796116032045849,0
10.520000000000001,-0.003753618997736046,0.004731690568708706,-5.667258498424921e-10,-0.3696942936030652,-0.24649416120070528,0.44739547447640365,-2.5488681032510008,0.00029395330598359904,1.0000024730406127,16.4869309657764,1,0.6254108896812993,0.3608798556142065,0.7191505719326658,0.5201875245515923,0.0014372381898389358,1.000000399423922,2.662826146507446,1,-1.0164711292713013,-0.03314273656378012,1.0185132599140485,-3.1056757965421053,0.001204763973688187,1.0000001457944052,0.9719625384656324,1,-1.4938266902302664,-0.7013865754485251,1.6530053942177312,-2.7010994457315003,0.0015606637853800994,1.0000000332899548,0.22193303180823554,1,3.507060573230889,-3.594205018496823,5.023220659160709,-0.798343639777451,-0.013341053068750932,1.000000001171087,0.007806165915589467,0
10.540000000000001,-0.0037536189952144137,0.0047316905683448705,-5.686765125641202e-10,-0.22390022732893214,-0.3479499717297372,0.41734605592470325,-2.1408955147857744,0.0002925864009587822,1.000002402722963,16.018146633627627,1,0.5392844058080454,0.4816452811348027,0.7197930968049185,0.7267334939015159,0.0014985003002581019,1.0000003998034066,2.665356044046817,1,-1.0044132481212518,-0.15593506843684124,1.0183027933044189,-2.984484032716524,0.0012288476299844543,1.0000001453658853,0.9691057396581992,1,-1.447706667137858,-0.7829434664326722,1.6486607538273603,-2.644406890642239,0.0015681723247522063,1.0000000332959784,0.2219731896915795,1,3.5462894929270923,-3.552760624225772,5.021237927049107,-0.786976904855719,-0.013182912170476624,1.0000000011725834,0.007816141473781022,0
10.56,-0.003753618991304339,0.004731690567983782,-5.706147837222786e-10,-0.031048643046038056,-0.37285236131580884,0.3775934157264184,-1.6566013674167694,0.00029024436681710305,1.000002402191385,16.014602779741253,1,0.4304590928532157,0.5822337308287961,0.7206054693154385,0.9328609226939816,0.0015973683465269942,1.0000004000012874,2.666675250142027,1,-0.9773315417261023,-0.2763474429273016,1.0178275916784736,-2.8632106475456895,0.0012522705018460749,1.0000001450021994,0.9666811669022458,1,-1.3964811610586867,-0.8617297272330604,1.6438336969512968,-2.5873980783254233,0.0015741397415541545,1.0000000333329853,0.22221990157533458,1,3.5850762371184435,-3.510872658127605,5.019277558988808,-0.7756012443971836,-0.013025595709451365,1.0000000011740682,0.00782604096229519,0
10.58,-0.0037536189861858953,0.004731690567613304,-5.725310277954199e-10,0.16789686485028288,-0.289129572056234,0.33657816392262424,-1.052906399989139,0.00029015815145473975,1.000002508274916,16.721826320801004,1,0.3035848040446416,0.6584812640710168,0.7215529820633435,1.1384838491262812,0.0017418075077576124,1.000000400009916,2.6667327741293603,1,-0.9356107412666332,-0.3925757391605295,1.0170943393973213,-2.7417931160463453,0.0012751555882135057,1.0000001447084574,0.9647228866358346,1,-1.3402873155563764,-0.93744095950032,1.6385370737419376,-2.530037078312051,0.0015785317998047745,1.000000033401167,0.22267444649420667,1,3.6234154392255338,-3.4685458362798607,5.017339827514727,-0.764216749458395,-0.012867267382396167,1.0000000011755414,0.007835862633853245,0
10.6,-0.0037536189819076075,0.0047316905672062145,-5.744234935801951e-10,0.2964865732028624,-0.09140457059830515,0.31005625415593724,-0.3103056846290823,0.0002970669747091422,1.0000027390403503,18.260262549247045,1,0.16404406107738512,0.7072870538314505,0.7225954699189078,1.3435385941009501,0.001930049747218058,1.00000039982997,2.6655331339688875,1,-0.8798453400960898,-0.5028689990551812,1.0161134256457045,-2.6201706170427768,0.001296083123048191,1.000000144488871,0.9632589779868546,1,-1.2792786516525392,-1.0097756502365702,1.6327852874309488,-2.4722879611887647,0.0015809778369817507,1.0000000335007249,0.2233381660204548,1,3.661301782615665,-3.425784947010731,5.015425000646268,-0.7528235136116834,-0.012704689082806144,1.0000000011770027,0.007845604734650029,0
10.620000000000001,-0.0037536189827371324,0.004731690566730494,-5.763213122879363e-10,0.27803777902337024,0.15106629194485263,0.31383610507658577,0.49049433161721057,0.0003086027956779227,1.0000030032418836,20.021606105363443,1,0.01770900587364903,0.7267308774893756,0.723689109569689,1.547986090317945,0.0021327866653159844,1.000000399470251,2.6631350074361135,1,-0.8108338157151893,-0.6055523719519699,1.0148988467606892,-2.498284784208558,0.0013045040455071564,1.0000001443467128,0.9623112551775443,1,-1.2136255698985563,-1.0784357724254492,1.626594344675316,-2.4141148353376103,0.0015789777298485413,1.000000033631866,0.22421243966086113,1,3.698730001734835,-3.3825948504000727,5.01353335068148,-0.7414216333423539,-0.012540124001719128,1.000000001178452,0.007855265507051514,0
10.64,-0.0037536189886726223,0.004731690566192503,-5.782783609603603e-10,0.12509034357678472,0.3255285580191823,0.345340128146921,1.2037691750976092,0.00031885874976797675,1.0000031454212408,20.969468485944265,1,-0.1293157167369642,0.7161348188635875,0.7247883286841603,1.751813018759685,0.002302110828536872,1.0000003989471014,2.6596473416231206,1,-0.7295706517417799,-0.6990498117756352,1.0134680600095607,-2.376080462997644,0.00128516822160092,1.0000001442842756,0.9618950079072165,1,-1.1435158783386175,-1.143127480341086,1.6199818965551898,-2.3554818994202504,0.0015693216591213355,1.0000000337947983,0.225298655696737,1,3.735694883233839,-3.338980477759248,5.011665160863374,-0.7300112054437478,-0.012383386252729531,1.0000000011798886,0.00786484319755572,0
10.66,-0.003753618995175404,0.004731690565638172,-5.803203603424456e-10,-0.07799864154520168,0.38216015267763026,0.3871857209526344,1.776622926532619,0.0003268845815613125,1.0000031364775588,20.909843938871933,1,-0.27095138831143556,0.6760697488570702,0.7258477295607244,1.9550318069692918,0.0024158989630133484,1.0000003982834988,2.655223326228856,1,-0.6372360481270123,-0.781906387525213,1.0118418016351114,-2.2535064803903664,0.0012333468909856368,1.0000001443028383,0.9620187595656375,1,-1.0691553376783647,-1.2035619096027605,1.61296728599867,-2.2963535212907042,0.0015517775722736853,1.0000000339897275,0.22659818260969408,1,3.7721912670899567,-3.2949468310883865,5.009820711455648,-0.7185923249742648,-0.012238362081318501,1.0000000011813126,0.007874336056056074,0
10.68,-0.0037536189998953274,0.0047316905651079684,-5.824367620144155e-10,-0.2626573540442989,0.33666393791261134,0.42523968584149363,2.2398608151240538,0.0003298831143862203,1.000003033968397,20.226449527671033,1,-0.40139359326147844,0.6083099432819256,0.7268239327122523,2.1576795773845174,0.0024785090311453812,1.0000003975078922,2.650052613816976,1,-0.5351831970713891,-0.852810019227863,1.0100438739657835,-2.1305164042037052,0.0011496886601028013,1.0000001444026307,0.9626840417003127,1,-0.9907682129176781,-1.2594560921610387,1.6055716113314535,-2.2366943318943187,0.0015275846119092431,1.0000000342168514,0.22811234177040252,1,3.8082140477256363,-3.2504989825135038,5.008000268996919,-0.7071650871616846,-0.012102547954916153,1.0000000011827235,0.007883742332310907,0
10.700000000000001,-0.0037536190026746553,0.00473169056462326,-5.846058650192665e-10,-0.39472085711244653,0.22231748564192919,0.4524586708707028,2.63570339758445,0.0003263613535839978,1.0000028901413833,19.267602769886157,1,-0.5153410709914421,0.51574123239118,0.7276772843348893,2.3598161568543867,0.0025014320184907173,1.00000039665284,2.6443522665398964,1,-0.42492300468630534,-0.9106123950911152,1.0081008833551948,-2.0070692817988607,0.0010339961097978478,1.0000001445828028,0.9638851889284373,1,-0.9085978185783747,-1.3105339966569038,1.597817784638263,-2.176469331821819,0.0014978236951763378,1.0000000344763562,0.22984237436863292,1,3.84375817512205,-3.2056420737039293,5.006204089183969,-0.6957295889880646,-0.011972976292064272,1.000000001184121,0.0078930602782502,0
10.72,-0.0037536190038713673,0.004731690564193357,-5.868069060180336e-10,-0.46001536228090806,0.0702281849792923,0.46591920364855505,2.99683866489822,0.00032154705994531075,1.0000027370618652,18.247072649025192,1,-0.608197641721063,0.4022293266412064,0.7283733691467517,2.5615212901775735,0.0024900850734977673,1.0000003957536405,2.6383576028285107,1,-0.30810615661957935,-0.9543487640075992,1.0060419261964855,-1.8831303576185456,0.0008858043622800143,1.000000144841399,0.9656091652111407,1,-0.8229070425704897,-1.3565277047137847,1.5897305806902955,-2.11564401899965,0.0014633440801061978,1.0000000347684086,0.231789391270769,1,3.8788186559260907,-3.1603813152686877,5.004432420589653,-0.6842859294017973,-0.01184746212150659,1.0000000011855052,0.00790228815175307,0
10.74,-0.003753619003772313,0.004731690563821585,-5.890216660774106e-10,-0.45371824831342467,-0.09246931447572318,0.4646251978831841,-2.9346939556968024,0.00031855713894735993,1.0000025946382216,17.297581690795514,1,-0.6762418063161639,0.2724555279527162,0.7288842714192203,2.7628912382851087,0.0024531252898528644,1.000000394846935,2.632312899199431,1,-0.1865024620521297,-0.9832562345652369,1.0038982255735966,-1.7586717574146027,0.000705952234522184,1.0000001451753397,0.9678354358439372,1,-0.7339788316484527,-1.3971787333256744,1.5813366803145765,-2.054184540381107,0.0014248628173209512,1.0000000350931448,0.23395429861005962,1,3.9133905545507353,-3.1147219861313062,5.0026855060542035,-0.6728342091948557,-0.011724244293139905,1.0000000011868757,0.007911424219313151,0
10.76,-0.0037536190024909074,0.004731690563507858,-5.912333509057455e-10,-0.37625021420742744,-0.23997795866070606,0.44866137148160506,-2.5694759099068083,0.0003166154390898263,1.0000024782787214,16.521851689447185,1,-0.7167603537657516,0.1317271113950704,0.7291895713078251,2.964034925298366,0.0024054229379775072,1.0000003939692752,2.6264618348725706,1,-0.06197746651504966,-0.9967901517888715,1.0017027187365874,-1.6336731215866682,0.0004976389346962681,1.00000014558041,0.9705359034993979,1,-0.6421166190211306,-1.432239512364452,1.572664708586287,-1.9920578688689634,0.0013830070210731481,1.000000035450655,0.23633770035102955,1,3.9474689942686894,-3.068669432883101,5.000963582907006,-0.6613745309138923,-0.011601634386011373,1.0000000011882322,0.007920466757626471,0
10.780000000000001,-0.0037536189999690618,0.004731690563248988,-5.934251328179596e-10,-0.2336344324673082,-0.3446210221628784,0.4192671340805618,-2.164541054468993,0.0003135339990897901,1.0000024050193865,16.03345612478792,1,-0.7281436633253116,-0.014230595452506099,0.7292770651878232,-3.118115550616033,0.002362595787656181,1.00000039315577,2.621038466881467,1,0.0635335994454645,-0.9946380712047571,0.9994895959241127,-1.5081221676742496,0.0002670519747700324,1.000000146051264,0.9736749299623377,1,-0.547644671802886,-1.461475024439554,1.5637452662965363,-1.9292320073244176,0.0013383955184734612,1.0000000358409675,0.23893978333339144,1,3.9810491582991503,-3.022229069115096,4.999266882663367,-0.6499069988430757,-0.011477730216326254,1.0000000011895742,0.007929414054340852,0
10.8,-0.003753618996042825,0.004731690563037029,-5.955789680878176e-10,-0.04255810940095304,-0.3745409494117087,0.3798797278613229,-1.6854479682866876,0.00030856148123274956,1.0000023998522711,15.999008688870749,1,-0.7099413823208959,-0.1594937962905762,0.7291431952956593,-2.9170680827595294,0.002336788616511825,1.0000003924388399,2.616258931728641,1,0.1880543723086888,-0.9767308124587608,0.9972937929609438,-1.382015159957573,2.3718244700836927e-05,1.000000146581444,0.9772094641663988,1,-0.4509083327804936,-1.4846646120383036,1.5546109524363132,-1.8656762217949168,0.0012918348648937091,1.0000000362640284,0.24176018935114443,1,4.014126290887537,-2.9754063747287267,4.997595630277091,-0.638431719091617,-0.011349965004136233,1.0000000011909018,0.007938264407819187,0
10.82,-0.003753618990850043,0.004731690562854529,-5.976762262188684e-10,0.15770040538425645,-0.2972815846698108,0.33859280022103233,-1.0892088326425786,0.00030581254868416606,1.000002499228167,16.661514661860213,1,-0.6628778474601693,-0.2981651755946252,0.7287931820043871,-2.7158868947441683,0.0023346034456123745,1.000000391847088,2.6123139206289903,1,0.30959813087993077,-0.9432500582241021,0.9951504431351029,-1.2553572629933774,-0.00021912460944719704,1.0000001471634181,0.9810892916487722,1,-0.35227412766323946,-1.5016039539291945,1.5452963753696296,-1.8013613059075841,0.0012445810039546643,1.0000000367196815,0.24479787733639316,1,4.0466956983781595,-2.928206895225647,4.995950043090291,-0.6269487999520259,-0.011214316874474722,1.0000000011922145,0.007947016125215131,0
10.84,-0.0037536189862910907,0.00473169056266745,-5.997066341786872e-10,0.29245028636616816,-0.10475798252832677,0.31080051641423,-0.3532208626369327,0.00031090247725872023,1.0000027242565372,18.161703795744575,1,-0.5888271032151913,-0.42459810567492196,0.7282408573253591,-2.5144558032670004,0.002352352152203636,1.0000003914043012,2.609362008133928,1,0.42620038919723763,-0.8946319741565361,0.9930942977000708,-1.1281627565994792,-0.0004453599572925201,1.0000001477886429,0.9852574563585501,1,-0.2521297056295325,-1.5121072091245098,1.5358381511482844,-1.7362598769327209,0.001197876331808683,1.0000000372076463,0.24805097526727954,1,4.078752750279854,-2.8806362409774344,4.994330331655673,-0.6154583528286386,-0.011065596475914345,1.0000000011935122,0.00795566751877715,0
10.860000000000001,-0.003753618986633506,0.00473169056243396,-6.016913395474888e-10,0.282678598595034,0.1383090287750483,0.31279241542564895,0.4483894433267473,0.00032130502988760544,1.000002991096413,19.94063630020244,1,-0.4907477963674086,-0.5336139849698411,0.7275081982767062,-2.31266790393684,0.0023611913597258913,1.0000003911285884,2.607523922375738,1,0.5359527666526648,-0.8315663652457135,0.9911591247328313,-1.0004550856140129,-0.000646511472852413,1.0000001484476597,0.989650902188933,1,-0.15088357791277868,-1.5160093225101587,1.5262748851230108,-1.6703466998435827,0.001150487326426128,1.0000000377274925,0.25151661639219297,1,4.110292880323586,-2.8327000864762124,4.992736708505295,-0.6039604929771473,-0.010903525667073642,1.0000000011947947,0.007964216905567895,0
10.88,-0.0037536189922607217,0.004731690562147383,-6.036802576922518e-10,0.13502239032623806,0.3185260546444141,0.3432077561843862,1.1689152664308016,0.0003293023911766439,1.0000031420261664,20.946834656870255,1,-0.37257873884749254,-0.6207063606296699,0.7266245579840865,-2.110429731482739,0.0023160221236413927,1.00000039103168,2.6068778665496817,1,0.6370374651003001,-0.754990963417662,0.9893770907584872,-0.8722667136602464,-0.0008263901824155826,1.000000149130212,0.9942012498343243,1,-0.048964616873661576,-1.5131684810791046,1.5166471206796257,-1.6035990384177203,0.0010990669901393766,1.0000000382786138,0.25519075939952585,1,4.1413115875092235,-2.7844041695652577,4.9911693980846925,-0.5924553372555953,-0.010735605229823636,1.0000000011960615,0.007972662614408607,0
10.9,-0.0037536189986761247,0.004731690561841934,-6.056996440864659e-10,-0.06745440905283326,0.38145590553470404,0.38492982165357836,1.7489151965026803,0.0003327646383901428,1.0000031399762783,20.933168736025433,1,-0.23909666699201132,-0.6822251325834481,0.7256256127799514,-1.9076650889221236,0.002194716538565391,1.0000003911184046,2.607456030706916,1,0.7277615602248272,-0.6660805604795346,0.9877781343473859,-0.7436387801251523,-0.0009831009562711877,1.0000001498253888,0.998835762693253,1,0.053178723834564796,-1.5034687029831708,1.5069972527685545,-1.5359970458093029,0.0010430178642396267,1.0000000388601995,0.2590679960402905,1,4.171804437141834,-2.7357542906475443,4.9896286261306635,-0.5809430014827753,-0.010564998668243722,1.0000000011973125,0.007981002986304593,0
10.92,-0.0037536190033659704,0.0047316905615480635,-6.077406095733595e-10,-0.25422599590080197,0.3406368587361433,0.42342183415055723,2.2169291655798253,0.00033261605104690167,1.0000030409793015,20.273188891326303,1,-0.0957387878824055,-0.7155337699527216,0.7245520506516373,-1.7043183849673367,0.001996406556019636,1.000000391386368,2.6092424531620773,1,0.8065902149482268,-0.5662308492657879,0.9863893659913061,-0.6146205605441146,-0.001109918552428692,1.0000001505218048,1.0034785351704296,1,0.155079508591894,-1.4868225339732029,1.4973694259698742,-1.4675241883585852,0.0009835686967437133,1.0000000394712019,0.26314134597178224,1,4.201767061859803,-2.6867563118741535,4.988114607694,-0.5694236018186877,-0.010389214594210484,1.0000000011985475,0.007989236368847588,0
10.940000000000001,-0.0037536190061130984,0.004731690561277241,-6.097841454867636e-10,-0.38960284777264553,0.2291651018454964,0.45132577613512226,2.6154835628318795,0.00033005518476229563,1.0000028984052876,19.32269546425287,1,0.051605858038792,-0.7191322643921237,0.7234480170713491,-1.5003573143455613,0.001731188673653073,1.000000391825864,2.6121724264221706,1,0.8721778601054564,-0.4570370183506194,0.9852345146208753,-0.48526871269794014,-0.0012041679913418037,1.0000001512078036,1.0080518612194007,1,0.2562537789098879,-1.4631738174800881,1.4878094051892399,-1.3981676864863497,0.0009215421890815302,1.000000040110306,0.2674020401970328,1,4.231195162653538,-2.6374161563142193,4.986627549141385,-0.557897256399566,-0.010205680388102583,1.0000000011997663,0.007997361115967496,0
10.96,-0.0037536190072759096,0.004731690561029081,-6.118140243559222e-10,-0.4586744862533736,0.07838875045418003,0.46556639592560645,2.9778021954503497,0.00032666514561056627,1.0000027452387965,18.301585524375135,1,0.19683039909241298,-0.6927386958548312,0.7223593577614067,-1.2957747253550627,0.001420581666115433,1.0000003924200498,2.616133665860734,1,0.9233963682640598,-0.34026735168996824,0.9843334295651482,-0.3556463155399715,-0.0012681975344546357,1.0000001518716868,1.0124777495555297,1,0.35620241038909584,-1.4325004951173717,1.4783644050705207,-1.3279189710097166,0.0008573045159561885,1.0000000407758958,0.27183930456620803,1,4.260084509872678,-2.5877398071056312,4.98516765237584,-0.5463640855752724,-0.010013072666275337,1.0000000012009684,0.00800537559024174,0
10.98,-0.0037536190071546195,0.0047316905607980245,-6.138185545782882e-10,-0.4562656008253573,-0.08439715515202316,0.46507512761045955,-2.9538052930506082,0.0003239137036989279,1.000002601828163,17.345514633935878,1,0.3338616508564289,-0.6373229911003785,0.7213317194983124,-1.0905895159516032,0.001095530256265462,1.0000003931454156,2.6209694370144803,1,0.9593592784349478,-0.2178322994872341,0.9837016544803936,-0.22582172375522028,-0.0013075264815517016,1.0000001525019564,1.0166795465571372,1,0.454413401568151,-1.3948173836271913,1.4690828759482553,-1.256774151081823,0.0007912771305042623,1.0000000414660246,0.2764401634725866,1,4.2884309442215125,-2.5377333065860275,4.983735116879365,-0.5348242116879299,-0.009810995203324133,1.0000000012021537,0.008013278164473954,0
11.0,-0.003753619005876648,0.0047316905605764206,-6.157892789432351e-10,-0.38254099303239497,-0.23340621930152428,0.44988409042581123,-2.589937198400946,0.0003223531007104573,1.0000024836629646,16.557746645098092,1,0.45691923724881833,-0.5550878717063851,0.7204085852683464,-0.8848464202060141,0.00078920364162027,1.0000003939725655,2.626483769078061,1,0.9794412164042012,-0.09174969625617102,0.9833500896306927,-0.09586726700654949,-0.001328811364161554,1.0000001530875668,1.0205836161395088,1,0.5503646230475212,-1.350178863135137,1.460014243672858,-1.1847344840352134,0.0007242407084064395,1.000000042178391,0.28118927354195156,1,4.316230377742249,-2.487402755404383,4.982330140398435,-0.5232777588265463,-0.009599616700302939,1.000000001203322,0.008021067222857753,0
11.020000000000001,-0.003753619003395917,0.0047316905603553,-6.17719245980114e-10,-0.24314247056583022,-0.3411397250199047,0.4211541306319585,-2.1879320078298545,0.00032120950823114216,1.000002407535764,16.050231974710364,1,0.5607705821700386,-0.4493941921240357,0.7196293352141889,-0.6786145935810496,0.0005280371725097871,1.0000003948673148,2.632448766347518,1,0.9832917961840691,0.035893009220018805,0.9832847548275887,0.0341421699051354,-0.0013380562695134688,1.000000153618177,1.0241210173770328,1,0.6435270475570839,-1.2986814017388912,1.451208600763613,-1.1118068338562197,0.0006573046367360921,1.0000000429103162,0.28606877501778566,1,4.343478794785441,-2.4367543116135857,4.980952918905176,-0.5117248526241526,-0.009379356117422261,1.0000000012044732,0.008028741163221555,0
11.040000000000001,-0.0037536189995517697,0.004731690560123087,-6.196014248546766e-10,-0.053946841005341986,-0.37597038354471934,0.3821554031773099,-1.7138995899529241,0.0003190794504004858,1.0000023978472596,15.985641945295104,1,0.6409687967724264,-0.32463081434067653,0.7190274361910044,-0.471984974293945,0.00032605791824266397,1.000000395792081,2.638613873745169,1,0.9708434761839068,0.16297849492244376,0.9835066608799107,0.16413064345464645,-0.0013391399125504578,1.000000154084392,1.027229116722841,1,0.7333684703453978,-1.2404658334466017,1.442716349047882,-1.0380041032129543,0.0005917900034315438,1.0000000436587229,0.2910581529650487,1,4.3701722529662845,-2.3857941897440402,4.97960364589603,-0.5001656201337654,-0.009150414853560086,1.000000001205607,0.008036298401517565,0
11.06,-0.0037536189944420663,0.004731690559861262,-6.214287483034819e-10,0.147401595882835,-0.3051263765150687,0.3406446769588906,-1.1250185847246403,0.00031645839133849274,1.0000024906072802,16.60404208145945,1,0.6940601375784322,-0.18603266414779393,0.7186288664740877,-0.26506648512586645,0.00018659210703261456,1.000000396707516,2.6447167724295277,1,0.9423130678850207,0.2874001573998958,0.984011792691758,0.2940226776460744,-0.0013328607671649366,1.0000001544779853,1.029853072756242,1,0.8193577140505829,-1.1757192993580983,1.4345877962513354,-0.9633456235331884,0.0005292948745351666,1.000000044420119,0.2961341257093017,1,4.396306884105728,-2.334528659857889,4.978282511014246,-0.48860018994629717,-0.008911987643875748,1.0000000012067227,0.008043737377874512,0
11.08,-0.003753618989819461,0.004731690559537335,-6.232018711846421e-10,0.2880433966915483,-0.1179890403612573,0.3116387763880586,-0.3958584714390819,0.00031766722975597856,1.0000027096512312,18.064335088430237,1,0.7177484929177596,-0.03945433321092354,0.7184508756295606,-0.05798123664606694,0.0001082115461652056,1.000000397574309,2.650495393339537,1,0.8981968399861424,0.40710238932478043,0.9847912027975144,0.42374477077963424,-0.0013185176201787672,1.0000001547920951,1.031947137377564,1,0.9009692942884717,-1.1046767562173854,1.426872711463202,-0.8878574870768383,0.0004715474725280238,1.000000045190588,0.3012705868721988,1,4.421878895156042,-2.282964046583354,4.97698969973266,-0.4770286929134402,-0.008662306210577392,1.0000000012078205,0.008051056561434962,0
11.1,-0.0037536189899221003,0.004731690559111921,-6.24951408331742e-10,0.2869639312111676,0.1253035501809266,0.3118403109709984,0.40606054680346965,0.00032346523167467125,1.0000029785735285,19.857150403680293,1,0.7110063657174596,0.10888990440130186,0.7185011659983722,0.14914101931191123,7.91834385503311e-05,1.0000003983550394,2.6557002630250857,1,0.8392594098926255,0.5201193954010185,0.9858312141027878,0.5532268339749937,-0.0013013270902075226,1.0000001550213826,1.0334757208335756,1,0.9776885021437738,-1.0276219537619313,1.4196198475644444,-0.8115728009789881,0.0004185456554420248,1.0000000459657936,0.30643862468027666,1,4.44688456911085,-2.231106728129376,4.9757254005050155,-0.46545126301509326,-0.008403769187077595,1.0000000012089003,0.00805825445455267,0
11.120000000000001,-0.0037536189955051534,0.004731690558580802,-6.267379094003489e-10,0.14486790477875378,0.3111136102720007,0.3411114776571633,1.1336559699834985,0.0003259010875862228,1.0000031381490107,20.920986951781302,1,0.6741249674086585,0.25270596387747907,0.7187775589850574,0.356168869166788,7.85925875133893e-05,1.0000003990159618,2.6601064127059972,1,0.7665168501461168,0.6246114779977964,0.987113731590175,0.6824035274413959,-0.0012912894770074122,1.0000001551621476,1.0344141541941803,1,1.0490168383869602,-0.944887783822861,1.4128764292137466,-0.7345318377029588,0.00036765330233968124,1.000000046740994,0.31160662599774896,1,4.471320265898278,-2.1789631352802865,4.974489816015638,-0.4538680354425395,-0.00814599724862943,1.0000000012099615,0.00806532960082042,0
11.14,-0.003753619002130091,0.004731690557984504,-6.285996371861724e-10,-0.05678627970790533,0.3803909899463542,0.3826660379925398,1.7208947254947635,0.0003253882675127528,1.000003143172639,20.95447780711563,1,0.6087000064746751,0.385904267632244,0.7192681362618422,0.5629752810144384,0.0001107044961712465,1.0000003995286868,2.6635245780063586,1,0.6812146430442609,0.7188978545350885,0.9886166396787639,0.811215468074215,-0.0012873637951211596,1.0000001552123976,1.0347491543038312,1,1.114477712564236,-0.8568559120306566,1.4066875994332138,-0.6567820725452029,0.00031756271364453617,1.0000000475110693,0.31674046255333976,1,4.495182423257571,-2.126539750368571,4.9732831548527034,-0.44227914341283064,-0.0078948801634571,1.0000000012110042,0.008072280584970198,0
11.16,-0.003753619007106858,0.004731690557363741,-6.305371576427465e-10,-0.2455672152113651,0.34434758769687457,0.4215740706117072,2.1938073461189695,0.00032454305287691124,1.0000030478437745,20.318952043145835,1,0.5175541437687098,0.5028726904090537,0.7199518316467128,0.7694433566129484,0.0001822393533073932,1.0000003998714906,2.6658099366441164,1,0.5848012748932359,0.8014852425021146,0.9903142605298971,0.9396102643612135,-0.0012757750708099398,1.0000001551718614,1.0344789124623714,1,1.1736222975051411,-0.7639556163592832,1.4010958536117917,-0.5783781035240826,0.0002687529196572684,1.0000000482705662,0.32180377467694565,1,4.518467557603444,-2.073843106227464,4.972105617191002,-0.4306847189266499,-0.007650606377845234,1.000000001212028,0.00807910602032637,0
11.18,-0.003753619010141573,0.004731690556741685,-6.325377509101837e-10,-0.3842124041494645,0.2358413927920735,0.45015326273690864,2.59516794331414,0.00032296726549086493,1.0000029066189735,19.377453370523607,1,0.40460136404129793,0.598723306770252,0.7207994460671066,0.9754714614704064,0.00025753265548482206,1.0000004000302123,2.6668680816666654,1,0.4788983763825101,0.8710916567293272,0.9921778831877197,1.0675433585757697,-0.001232860965796226,1.0000001550419044,1.0336125330284693,1,1.22603540917272,-0.6666617748678818,1.3961404830353978,-0.4993814289875213,0.00022161069719311342,1.0000000490137535,0.3267583566891957,1,4.541172264878517,-2.020879785126984,4.970957394122565,-0.4190848944438669,-0.007412748544049262,1.0000000012130328,0.008085804539005032,0
11.200000000000001,-0.003753619011579083,0.004731690556130325,-6.345889059459348e-10,-0.45704285492932606,0.08645732611702805,0.4651700359606844,2.958743280580401,0.0003203398629547226,1.0000027534264369,18.35616979310739,1,0.27466213992594296,0.6695003705892513,0.7217749852531402,1.1809774946016223,0.0002557400350966987,1.000000399998704,2.6666580260923576,1,0.36526837956725283,0.9266650761948916,0.994176364144733,1.194978664544463,-0.0011300769531996616,1.00000015482536,1.0321689050603873,1,1.271341265196024,-0.5654919693679484,1.391857031104038,-0.4198600708031799,0.0001760265733980998,1.000000049734696,0.3315646401003684,1,4.563293221391629,-1.9676564176943485,4.969838670685895,-0.40747980326337996,-0.007181523831893433,1.0000000012140182,0.008092374787075906,0
11.22,-0.0037536190117205635,0.004731690555536814,-6.36680210506016e-10,-0.4585183375384161,-0.0763411939940183,0.4654807449871143,-2.972871541703896,0.00031711705166311135,1.0000026090762455,17.393835183349452,1,0.13324092429245782,0.7123401402873556,0.7228372314930483,1.3859021823637916,0.00011661949540618816,1.0000003997789477,2.665192984728713,1,0.24578066829952033,0.9673968372334396,0.9962767761597346,1.321888972603041,-0.0009541880878195909,1.0000001545263966,1.0301758140727835,1,1.3092089637889128,-0.4610027011413608,1.3882767747439813,-0.33988804328517525,0.00013156681562747415,1.0000000504273403,0.3361822685375958,1,4.5848271846404645,-1.9141796818187187,4.968749627096318,-0.39586957938577505,-0.006957440725145311,1.0000000012149843,0.008098815422028038,0
11.24,-0.0037536190106958545,0.004731690554966227,-6.388020318878057e-10,-0.3885481438769983,-0.22676873498447778,0.45106500422457046,-2.610276373711134,0.00031380860904131787,1.000002489156717,16.59437166030961,1,-0.013720999091182906,0.7255768285298767,0.7239415278018548,1.5902113296911424,-0.00012950599891182327,1.0000003993810151,2.662540100687177,1,0.12237714427952293,0.9927297845202485,0.9984450477945693,1.4482561103479836,-0.0007241965595305388,1.000000154150552,1.0276701838315898,1,1.3393575197317362,-0.35378474777035424,1.3854262478648331,-0.2595446721394537,8.766068984014307e-05,1.000000051085613,0.34057075317995666,1,4.60577099411779,-1.8604563015404467,4.96769043864194,-0.38425435734571295,-0.006740920476155916,1.000000001215931,0.008105125111987523,0
11.26,-0.003753619008460634,0.004731690554421891,-6.409438108295057e-10,-0.2524061726534642,-0.33749641179504114,0.42300799739489015,-2.2110982951309244,0.00031035900332719867,1.0000024102356013,16.068230889180366,1,-0.1601039632449307,0.7087926151889615,0.725041750213927,1.7938968961721065,-0.0003951534285168319,1.000000398822668,2.6588177860589446,1,-0.002961975820567121,1.0023613846814003,1.0006465393662634,1.574070910574203,-0.0004764016874220565,1.0000001537047638,1.0246982620804548,1,1.3615602969442426,-0.24445772499514093,1.3833268227652054,-0.178913773302149,4.3767338376978946e-05,1.0000000517035288,0.34469019169643106,1,4.626121572100309,-1.8064930459249202,4.966661274900524,-0.3726342721045183,-0.006531999772265359,1.0000000012168575,0.008111302536542145,0
11.280000000000001,-0.0037536190048497124,0.004731690553903721,-6.430926043424212e-10,-0.06519322920175755,-0.3771320335472084,0.38442008804844174,-1.741991229373795,0.00030651129264183864,1.0000023961385844,15.974250776591385,1,-0.29986709351657803,0.6628129259290009,0.7260923303449687,1.996976807361994,-0.0006136602130066414,1.0000003981283658,2.6541891061594884,1,-0.12825142036109516,0.996242174218947,1.00284656888667,1.6993330543705225,-0.00023862042329835995,1.0000001531971638,1.0213142631222132,1,1.375648688572954,-0.13366395218497526,1.3819943635485927,-0.09808270819877446,-4.347205650602913e-07,1.0000000522753043,0.3485020284372107,1,4.645875924419387,-1.7522967279210062,4.965662298377359,-0.36100945903397635,-0.006329938397269624,1.0000000012177641,0.008117346388682351,0
11.3,-0.0037536189999184304,0.004731690553403597,-6.452331815544332e-10,0.13702989096691903,-0.3126508967083123,0.34273170261430985,-1.1603669908550167,0.0003039059198198339,1.0000024823807134,16.54919830328614,1,-0.42729321700270745,0.589650831515688,0.7270501595690382,2.19949361647498,-0.0007609795064500047,1.0000003973279,2.6488526658030067,1,-0.2515325671442276,0.9745700102366995,1.005010925813652,1.8240508053354643,-2.1747290870904714e-05,1.0000001526367657,1.0175782752401283,1,1.3815149154639443,-0.022061752133266787,1.381438963191454,-0.017141338570328107,-4.4833295772084676e-05,1.0000000527954744,0.35196982941331606,1,4.665031141213118,-1.6978742032040401,4.9646936624584015,-0.3493800541353941,-0.006132582445637552,1.0000000012186503,0.008123255376732495,0
11.32,-0.0037536189952727932,0.004731690552897913,-6.47355449627518e-10,0.28329482815064616,-0.13106994741727868,0.31256952478995687,-0.4382297304858196,0.0003073232120324493,1.0000026952191479,17.96812120036892,1,-0.5372124956230939,0.49240631563295567,0.7278762867980151,2.4015122393210495,-0.0008377064358585233,1.0000003964549302,2.643032868052438,1,-0.3709031100649206,0.9377806274749567,1.007106373333825,1.9482406278379027,0.0001748570803848512,1.0000001520331991,1.0135544974756783,1,1.3791138416921747,0.08968165691031482,1.381664773721646,0.06381908961661191,-8.901115525153914e-05,1.0000000532590063,0.3550600424090361,1,4.683584397659781,-1.6432323690035444,4.963755509987384,-0.3377461948865857,-0.005936451226879525,1.0000000012195163,0.008129028224417877,0
11.34,-0.003753618995098751,0.004731690552352696,-6.494766387026008e-10,0.29090720383221624,0.1120799314263824,0.31098145076599176,0.36349410606714694,0.0003164326591176683,1.0000029656640297,19.77108707936332,1,-0.625197851926163,0.3751272561452674,0.7285373761742896,2.6031169605453033,-0.0008630999287782851,1.0000003955455237,2.636970157822452,1,-0.484544347410382,0.886535022056298,1.0091011181298832,2.0719266945973756,0.0003490783678266703,1.0000001513965076,1.0093098873644326,1,1.3684637401506075,0.20089749890379807,1.3826699405182836,0.14470709983845095,-0.0001336158256318228,1.0000000536614064,0.3577427093249175,1,4.701532954692774,-1.5883781629167102,4.962847978901789,-0.3261080215349694,-0.005741300980006413,1.0000000012203616,0.008134663670504947,0
11.360000000000001,-0.0037536190005164737,0.00473169055176436,-6.516446969702383e-10,0.1546381250908183,0.3033122928433765,0.33905230275324627,1.09795978662967,0.0003231016007186887,1.0000031337590856,20.8917207844134,1,-0.6877272037007927,0.2426393936752122,0.7290069072008951,2.8044078644771213,-0.0008717332673512132,1.0000003946367106,2.6309114036852668,1,-0.5907458759124772,0.8217041824000315,1.010965240574105,2.195140297850881,0.0004888399769989912,1.000000150736976,1.004913010602415,1,1.3496459799652727,0.31092281755127726,1.3844466485271172,0.22543214917175394,-0.00018059151975683506,1.0000000539988154,0.3599921033137017,1,4.718874159694899,-1.5333185617086518,4.9619712148965585,-0.3144656759215961,-0.005553256939200088,1.0000000012211863,0.008140160476493437,0
11.38,-0.0037536190071759358,0.004731690551173142,-6.538876180968434e-10,-0.04597936135464463,0.37898680830591147,0.3803933818710906,1.692531483884278,0.000326794721870927,1.0000031460403116,20.973595624931786,1,-0.7223091742256048,0.10035251923497217,0.7292661121047667,3.0054968406647613,-0.0008783638489949316,1.000000393765088,2.625100587524418,1,-0.687927578904913,0.7443516642960559,1.012671090663041,2.317919199426093,0.0005903506095969545,1.0000001500649718,1.0004329828637482,1,1.3228036471956954,0.41910770168362604,1.3869812603393523,0.30590577312138867,-0.0002301180060379718,1.0000000542680911,0.3617872743563186,1,4.735605447169398,-1.4780605800976112,4.961125366798255,-0.3028192982045511,-0.005375047267597948,1.0000000012219896,0.008145517435267887,0
11.4,-0.003753619012216239,0.004731690550619151,-6.561950052341031e-10,-0.23666698159757135,0.34782178167150773,0.4196947216108638,2.1704731386001996,0.00033006496608210627,1.0000030545444796,20.363623411652526,1,-0.7275702224983288,-0.045950196819204064,0.7293046296955201,-3.07668199537852,-0.0008757626717104945,1.0000003929654986,2.6197699902127303,1,-0.7746588820590588,0.6557144642040733,1.0141936316205262,2.4403069492124883,0.000660461840658828,1.0000001493907964,0.9959384799573792,1,1.2881391500049126,0.5248221750251442,1.390254536130827,0.38604266217037964,-0.00028075856579336017,1.00000005446687,0.3631124657815465,1,4.751724339390195,-1.422611269524313,4.96031057179362,-0.29116902718894105,-0.0052039659449631135,1.000000001222772,0.00815073336886785,0
11.42,-0.0037536190152694443,0.004731690550122609,-6.585425566408426e-10,-0.3785396743114822,0.2423751506342445,0.44893985669447906,2.57474034737186,0.00033235479493259337,1.0000029147706506,19.431797884482823,1,-0.7033020495977917,-0.19033320229942954,0.7291208579631493,-2.875635520065729,-0.0008544465240426458,1.0000003922698066,2.6151320438902115,1,-0.8496753156761769,0.557182589468945,1.0155107268801666,2.562352171147826,0.0007074714261714143,1.0000001487245473,0.9914968190666592,1,1.2459108968178032,0.6274625834200174,1.3942419477743526,0.46576164048326596,-0.0003310262354328616,1.0000000545936083,0.36395738850386594,1,4.767228447032735,-1.3669777169079536,4.959526953475108,-0.27951500217624486,-0.0050367728436402385,1.000000001223533,0.008155807126995806,0
11.440000000000001,-0.0037536190166753544,0.004731690549689909,-6.609068964845422e-10,-0.45511615635478997,0.09446386572034869,0.4647299428520802,2.9396487826149538,0.000332826701298824,1.000002761615661,18.41076462140622,1,-0.6504687583137719,-0.3269336736865298,0.7287220071973605,-2.6744279675311518,-0.0008102948115277362,1.0000003917057967,2.61137197733987,1,-0.9118924679942686,0.4502776630183385,1.0166033829671133,2.68410782548431,0.0007388038930033352,1.0000001480759937,0.9871731285368583,1,1.1964291658342636,0.7264573367755812,1.398914074556321,0.544986530615157,-0.00037964268783033123,1.0000000546476029,0.36431735227681755,1,4.7821154697835295,-1.3111670433897187,4.958774625180678,-0.2678573636247524,-0.004871024984337407,1.0000000012242727,0.008160737589746716,0
11.46,-0.0037536190167474026,0.004731690549320475,-6.632682198609574e-10,-0.4604781441737276,-0.06827213398247839,0.46584341194313794,-2.991906053995153,0.00033183648753939895,1.000002616373715,17.442484981351658,1,-0.5711736937629066,-0.4501846717202122,0.7281238547984455,-2.4729441941864754,-0.000746664983544257,1.000000391296202,2.6086413474735406,1,-0.9604174398329214,0.3366308375785712,1.0174559506819867,2.8056304595331634,0.0007608799349949367,1.0000001474544713,0.9830296461407861,1,1.1400513073414442,0.8212718936490679,1.4042370611584234,0.623646885586738,-0.0004254312672301586,1.0000000546289876,0.36419325011684694,1,4.796383196927275,-1.2551864030635702,4.958053692102096,-0.25619625317577455,-0.004704822118391861,1.0000000012249906,0.008165523670834458,0
11.48,-0.003753619015630401,0.004731690549009988,-6.656093588623679e-10,-0.3942793397643077,-0.22003875233041328,0.45220718490962497,-2.6305109591618585,0.00032957455214934264,1.0000024947490411,16.631653822085735,1,-0.4685863164225006,-0.5550302044706084,0.7273502028548429,-2.2710793428683442,-0.0006753979630409753,1.000000391057881,2.6070525403058986,1,-0.9945579214087353,0.21796023433079978,1.0180562836364686,2.9269794551242914,0.0007795643762721787,1.0000001468687916,0.979125114118729,1,1.0771764353726687,0.9114129103015067,1.410173122285087,0.7016785749249688,-0.00046724994228131096,1.0000000545387102,0.36359140115618616,1,4.810029507911326,-1.199042981694351,4.957364252123199,-0.24453181356984477,-0.004536517540131921,1.0000000012256867,0.008170164320050001,0
11.5,-0.003753619013294793,0.004731690548751232,-6.679143258435383e-10,-0.26143835740797156,-0.33366921252000675,0.42483324835842917,-2.23406682733418,0.00032697248239058833,1.0000024131020637,16.08734063827311,1,-0.3468300030422149,-0.6371257957711157,0.726432044456173,-2.068742947901436,-0.0006172874222192049,1.0000003910011457,2.6066743040718454,1,-1.0138290097673,0.09604806942996191,1.0183958570503633,3.048216277703386,0.0008007988983773865,1.0000001463271577,0.9755142219352102,1,1.0082397716127078,0.9964315109866834,1.4166810789089388,0.7790242188920287,-0.0005039452339091772,1.0000000543784897,0.3625232645250432,1,4.823052372887535,-1.1427439954235212,4.956706395970205,-0.23286418857138486,-0.004364500445727254,1.0000000012263608,0.008174658524973328,0
11.520000000000001,-0.003753619009584315,0.004731690548532955,-6.701669911287483e-10,-0.07631223277579284,-0.37801111949500504,0.3866786140807592,-1.7697651873425249,0.0003275291714893968,1.000002394698355,15.964649247541868,1,-0.21083246730265484,-0.6930177791538766,0.7254064539245041,-1.8658626605379462,-0.0005966637350869041,1.000000391129258,2.6075283873354533,1,-1.0179578686269257,-0.027282410872833063,1.0184698501851774,-3.1137815795088275,0.000830929051422893,1.000000145837092,0.9722471174371079,1,0.933706802581652,1.075925670085288,1.4237169110684789,0.85563347186785,-0.0005342643931916111,1.0000000541507563,0.3610050420047338,1,4.83544985323133,-1.0862966894628445,4.956080206752916,-0.22119352293452577,-0.004186890893143342,1.000000001227013,0.00817900531195029,0
11.540000000000001,-0.0037536190045275144,0.004731690548335874,-6.723510997085069e-10,0.126573745710855,-0.3198453952744903,0.3448566930676971,-1.1953110393414266,0.0003310625523813647,1.0000024745108482,16.496732535041662,1,-0.06614163534462969,-0.7202941763031468,0.7243152210179464,-1.6623874629189173,-0.0006220000369237361,1.0000003914381745,2.609587830322331,1,-1.0068863064440687,-0.15019009985067525,1.0182771940193927,-2.992580113791472,0.0008769471343442443,1.0000001454053729,0.9693689898294923,1,0.8540674020745864,1.1495417275182258,1.4312343124244775,0.9314631614898512,-0.0005567315807901515,1.0000000538585787,0.3590571908183931,1,4.847220102038177,-1.0297083367763025,4.955485758669147,-0.20951996253982147,-0.004001026605678863,1.0000000012276427,0.008183203745751095,0
11.56,-0.003753618999599811,0.004731690548125665,-6.744570364442676e-10,0.2781943492401331,-0.14398701004952089,0.3135925655930749,-0.4803872041775297,0.0003368747611133277,1.0000026809367002,17.872904881419363,1,0.08128867614456776,-0.7176998529234537,0.7232032434340966,-1.4582902118609469,-0.000686968686519641,1.0000003919165632,2.6127770874861844,1,-0.9807713174017989,-0.2708392403103904,1.0178205849647615,-2.87130140083724,0.0009451918764902274,1.0000001450379803,0.9669197064904832,1,0.769830055987443,1.2169750852311632,1.439185232277602,1.0064772939133764,-0.0005699970333044177,1.0000000535055804,0.3567038700599318,1,4.858361364598059,-0.9729862367505563,4.954923115715426,-0.19784365511384283,-0.0038036010958207825,1.00000000122825,0.008187252926132581,0
11.58,-0.003753618998924637,0.004731690547856974,-6.765033759960695e-10,0.29448917319645496,0.0986493571875541,0.3102148594355142,0.32064192401087294,0.0003466699745888947,1.0000029523532277,19.68234839805061,1,0.22533707676148407,-0.6852089041133741,0.7221167292450703,-1.2535693182004524,-0.000794195883245933,1.0000003925460073,2.6169733816295215,1,-0.9399835955190594,-0.3874226203016821,1.0171064613716314,-2.7498831073459042,0.0010345343079613456,1.0000001447400477,0.9649334886958351,1,0.6815163076279426,1.277970153529435,1.4475203950154656,1.0806469364310376,-0.0005748080844115837,1.0000000530958517,0.35397234465268057,1,4.868871978849113,-0.9161377138549943,4.954392336549311,-0.1861647516197458,-0.003594744915399435,1.0000000012288348,0.008191151981063788,0
11.600000000000001,-0.0037536190039849553,0.004731690547513271,-6.785429080592709e-10,0.1643162705965083,0.2951230698179407,0.3370278615501849,1.0617756327712575,0.00035417730597826357,1.0000031288388826,20.858919431954124,1,0.3599686319267659,-0.6240480596403571,0.7211012810250862,-1.048249409958519,-0.0009575759676463157,1.000000393301517,2.622010112907453,1,-0.8851039965832634,-0.49818469701243273,1.0161449354473966,-2.628264543825588,0.001135169136884095,1.000000144515817,0.9634386175752723,1,0.5896555200779908,1.3323196313603525,1.4561897992696022,1.1539499951565966,-0.0005741954365704204,1.0000000526338553,0.3508923681021326,1,4.878750375809963,-0.8591701162933645,4.953893488565682,-0.17448340557509623,-0.003380868308885444,1.000000001229397,0.008194900065325974,0
11.620000000000001,-0.003753619010552182,0.004731690547124467,-6.80613149715327e-10,-0.035043280173881614,0.37724338112285194,0.3781084891003665,1.6637848135672801,0.0003570493526739707,1.000003148575726,20.990498386215553,1,0.479494277838739,-0.536666461980822,0.720199924698859,-0.8423808778864471,-0.0011650948065930142,1.0000003941523823,2.627682549085325,1,-0.8169178888717086,-0.6014445761872386,1.014949691919661,-2.5063874257287755,0.001243285995972938,1.000000144368599,0.9624571640313664,1,0.49478002987207176,1.379863214364063,1.4651431871690157,1.2263709190560483,-0.0005690598574366426,1.0000000521243346,0.3474955635694671,1,4.887995079987838,-0.8020908146468289,4.953426647558797,-0.16279976954461392,-0.0031656024521938184,1.0000000012299366,0.008198496363708278,0
11.64,-0.003753619015597746,0.0047316905467242555,-6.827140899053757e-10,-0.22753227323826797,0.3510620441847289,0.41778081883612705,2.1468968237539117,0.0003577235602022466,1.0000030610894566,20.40725659054409,1,0.5788235607413587,-0.42664954039624864,0.7194511825894079,-0.6360382292237853,-0.0013815406605683486,1.0000003950633398,2.6337555989706174,1,-0.7364073047504254,-0.6956187474564303,1.0135378618276383,-2.384196632250575,0.0013603137372346027,1.0000001443007345,0.9620047340219098,1,0.3974207443234567,1.4204858283903057,1.474330456496814,1.2979003426307465,-0.0005585075099210215,1.0000000515722245,0.3438148294232648,1,4.896604709763908,-0.7449072005072628,4.952991883265455,-0.15111399469600414,-0.0029478024227868912,1.000000001230453,0.008201940084143643,0
11.66,-0.003753619018674368,0.0047316905463284376,-6.848317376509025e-10,-0.37259173362744835,0.2487703951675648,0.4476834191314633,2.5541772835099565,0.0003571402098484855,1.000002922872958,19.48581326746703,1,0.6536975450711433,-0.2985777933970359,0.7188872940436268,-0.4293172164396639,-0.0015777734130085575,1.0000003959960215,2.639973477389343,1,-0.6447407839947855,-0.7792434379252021,1.0119298527952387,-2.2616409547741543,0.0014853482608152028,1.0000001443135582,0.9620902258276379,1,0.2981032137097086,1.4541154855899192,1.4837020226125108,1.3685346725784815,-0.0005420746441624996,1.0000000509825673,0.339883782022126,1,4.904577977758177,-0.6876266851033714,4.952589255923529,-0.1394262324403724,-0.002726212588663114,1.0000000012309467,0.008205230450519033,0
11.68,-0.0037536190201133803,0.004731690545940628,-6.869534650323639e-10,-0.45290210709957074,0.10241198550988995,0.4642445270170413,2.920498021476885,0.00035559150290997044,1.0000027698194152,18.465456315250414,1,0.7008885949490197,-0.1578348778228719,0.718532680980207,-0.2223308122165771,-0.0017424678841150153,1.000000396910637,2.646070913923426,1,-0.5432607883937767,-0.8509963984798934,1.0101491314337439,-2.1386738411649473,0.0016143983902300659,1.000000144407365,0.9627156031667025,1,0.19734419127014624,1.4807208569890262,1.4932091396284548,1.4382756404436876,-0.0005199411580273484,1.0000000503604358,0.3357362392016579,1,4.9119136911718035,-0.6302566979219837,4.952218819363994,-0.1277366350735125,-0.0025006397880821137,1.0000000012314172,0.008208366703869114,0
11.700000000000001,-0.003753619020236536,0.0047316905455594424,-6.890706127438487e-10,-0.46215276924764465,-0.06018825649342277,0.4661615687110885,-3.0109284671780063,0.0003537046702171776,1.0000026237317206,17.491538350647435,1,0.7183547634093638,-0.01037313012414846,0.7184027580457387,-0.015204203844450087,-0.001881464797789812,1.0000003977678047,2.6517853650544208,1,-0.4334685688005405,-0.9097178816093494,1.0082219606744334,-2.0152541304863374,0.0017415749138084604,1.000000144581378,0.9638756907293381,1,0.09564867875215229,1.5003086485663257,1.5028041783554817,1.5071298392644288,-0.0004926489378390178,1.0000000497108636,0.33140575781375514,1,4.9186107521038815,-0.5728046853248587,4.9518806233121815,-0.11604535570251466,-0.0022715778160701285,1.0000000012318644,0.0082113481098535,0
11.72,-0.0037536190191978834,0.004731690545181956,-6.91177177124247e-10,-0.39974089209635966,-0.21321741755009152,0.45330842733941523,-2.650660361537869,0.00035213748533602173,1.0000025004481519,16.669647893533394,1,0.7053387840410561,0.13755193421912013,0.7185031719849121,0.19193093255200366,-0.0020096194182702425,1.0000003985304284,2.6568695235968436,1,-0.317006383063284,-0.9544305088135159,1.006177091241404,-1.8913467669014903,0.001860096762714506,1.0000001448337246,0.9655580016248996,1,-0.006492557690740794,1.5129208587866378,1.512440860212646,1.5751082564398828,-0.0004609011266312106,1.0000000490387848,0.32692523195508666,1,4.9246681578406655,-0.5152781091605572,4.9515747143100395,-0.1043525480080035,-0.0020398138575608953,1.0000000012322883,0.008214173969750467,0
11.74,-0.0037536190169751684,0.004731690544804571,-6.932678891136308e-10,-0.2702412203318564,-0.329662149995439,0.4266259450987241,-2.2568562686843725,0.0003511180118906831,1.0000024161403813,16.107596089454745,1,0.6624050163621633,0.2796639489837855,0.71882952581814,0.3989425458737797,-0.0021388881984874416,1.000000399165498,2.6611033202668413,1,-0.19563699841414284,-0.9843576633581828,1.004045405744091,-1.766923479362873,0.0019631341675318665,1.0000001451614158,0.967742609057913,1,-0.10860502641340108,1.5186319857409964,1.5220744490843996,1.642225812942984,-0.00042540805975177184,1.000000048348983,0.32232655303540475,1,4.930085001116145,-0.45768444537051184,4.95130113575722,-0.0926583659952462,-0.0018061138959284961,1.0000000012326886,0.008216843631764075,0
11.76,-0.0037536190134126943,0.004731690544421864,-6.953364246149382e-10,-0.08729754364191993,-0.3786119589011247,0.38892378465556376,-1.7972339865915157,0.00035090590854168236,1.0000023935336597,15.95688461199454,1,0.5914118224623156,0.4099491718453546,0.7193676066845065,0.6057043398778004,-0.0022682236193257276,1.0000003996456908,2.6643046045619245,1,-0.07122046654259782,-0.9989399847009517,1.0018595150331624,-1.6419634112074837,0.0020447769234651714,1.0000001455603356,0.9704020737391758,1,-0.2102321362883183,1.5175462417911123,1.5316619042309003,1.7085009173443695,-0.00038668982763196677,1.0000000476460496,0.3176403310715235,1,4.934860470344106,-0.40003118258832426,4.951059927153942,-0.08096296377615837,-0.0015708423143960197,1.0000000012330656,0.008219356499091154,0
11.780000000000001,-0.0037536190085054174,0.00473169054402255,-6.973748559960941e-10,0.11605109012684957,-0.32670496861878684,0.3470087816399833,-1.2298380339162749,0.0003527209362061432,1.0000024670265657,16.44683731865875,1,0.4954212774964448,0.5229253253468437,0.7200940973189766,0.8121015475301763,-0.0023797800585961706,1.0000003999506675,2.666337783496559,1,0.054311765202732044,-0.997849489594145,0.9996533085827778,-1.516453681797888,0.002101987483582132,1.0000001460252412,0.9735014457936992,1,-0.3109364467701524,1.5097948234022192,1.5411619975109272,1.7739550414916543,-0.00034477640162770563,1.0000000469343513,0.3128956749944363,1,4.938993849822906,-0.34232582073171797,4.9508511222503,-0.06926649550155964,-0.0013334292731491915,1.000000001233419,0.008221712032250576,0
11.8,-0.003753619003593258,0.004731690543582168,-6.993794339775657e-10,0.27275768301974446,-0.1567121279503822,0.3146980079867487,-0.5222630309006366,0.00035843935926717536,1.0000026668905122,17.77926362824287,1,0.37855231263443134,0.6138813280924822,0.7209777160126367,1.0180360176879402,-0.0024455396096518174,1.0000004000679812,2.667119875304453,1,0.17898524757324583,-0.9810008060330725,0.9974614622031518,-1.3903898610822885,0.0021360606151295952,1.0000001465497852,0.9769984058719775,1,-0.41030058156684346,1.495533274115603,1.5505353969599522,1.8386123228596465,-0.0002992032629837902,1.0000000462180043,0.30812002835037144,1,4.9424845199150464,-0.28457586958726516,4.95067474653819,-0.05756911586248799,-0.0010925008840058951,1.0000000012337487,0.008223909744391836,0
11.82,-0.003753619002708603,0.004731690543065276,-7.013712142263286e-10,0.2976972731910679,0.08504610715696177,0.30953919972817556,0.2776005955234363,0.00036874781804753715,1.0000029387518217,19.591672358327262,1,0.2457868731807245,0.6790759446341396,0.7219807047964351,1.223430348545996,-0.0024518546176774563,1.000000399993551,2.66662367282296,1,0.30081315830663025,-0.9485589866492431,0.9953189071597808,-1.2637763304236456,0.002144045501329277,1.0000001471265565,0.9808435469609804,1,-0.507927846332315,1.4749389696472577,1.5597447174432968,1.9024991943175589,-0.00025093043951707807,1.0000000455008584,0.3033390557386399,1,4.945331957204131,-0.22678884738906313,4.950530819741642,-0.045870981493062686,-0.000849616475570223,1.0000000012340544,0.008225949190081752,0
11.84,-0.003753619007672535,0.00473169054246334,-7.03404487596964e-10,0.1738764291271415,0.2865585759356188,0.33504310883798355,1.0251765758768223,0.0003781339227753829,1.0000031234630766,20.823080725298386,1,0.10274109823606498,0.7158867169464694,0.7230605766198773,1.42823089309418,-0.002413389974095845,1.0000003997316949,2.66487796498996,1,0.4178287715524115,-0.9009433797387878,0.9932602628394542,-1.1366264972582236,0.0021120607356081467,1.0000001477471372,0.9849807512730733,1,-0.6034425903141363,1.4482087460876125,1.5687545497460562,1.9656440380112743,-0.00020390773697560904,1.000000044786486,0.29857657415469785,1,4.947535734630342,-0.16897227939411627,4.950419369132966,-0.034172250833675366,-0.0006117340012180313,1.0000000012343366,0.008227829957215129,0
11.860000000000001,-0.0037536190143936925,0.004731690541815548,-7.055189330022965e-10,-0.023997018395935564,0.37515706188835535,0.37581796909538545,1.6347061522553856,0.0003827545131610768,1.00000315082961,21.005524281467824,1,-0.04458526947311892,0.7229042473723649,0.7241720212686515,1.6324095737180526,-0.0023364778181018484,1.0000003992947408,2.6619649395412694,1,0.5281192377341561,-0.8388270762724666,0.9913192338307675,-1.008962854863455,0.0020348199123415263,1.0000001484021868,0.9893477486421972,1,-0.6964903504318952,1.4155566853019605,1.5775314854683726,2.0280768735182564,-0.00016051345366740436,1.0000000440781782,0.2938545215713689,1,4.949095521601458,-0.11113369645607606,4.950340432037589,-0.02247308066528536,-0.00038245470276035393,1.0000000012345949,0.00822955166836487,0
11.88,-0.003753619019667565,0.0047316905411669006,-7.077139037428353e-10,-0.21817124472641422,0.35405872103746355,0.4158390158915435,2.1231161869487,0.00038031351531811204,1.0000030675170661,20.450107321007863,1,-0.19006801791477218,0.6999705309709837,0.7252688627414975,1.8359645050049362,-0.0022151148070618455,1.0000003987022397,2.658014931561253,1,0.6298600120935679,-0.7631315236188176,0.9895279981853877,-0.8808168786059606,0.001920318413367274,1.0000001490815569,0.9938768825713901,1,-0.7867378140069701,1.377212065935793,1.5860441213004846,2.089829088633478,-0.00012019596043619021,1.0000000433789433,0.28919295569983594,1,4.9500110840787395,-0.05328063359584569,4.95029404103354,-0.010773625045669581,-0.00016024421446388936,1.0000000012348291,0.008231113975777589,0
11.9,-0.0037536190229532276,0.004731690540543893,-7.099713040184535e-10,-0.3663671271094812,0.25501741366148434,0.44639004153054546,2.5335059528789525,0.00037456300925010406,1.0000029309556195,19.53969767714769,1,-0.3277138831784283,0.648163201902922,0.7263059832399482,2.0389194595118343,-0.0020633228828975912,1.0000003979799204,2.653199469113529,1,0.721349149819567,-0.6750160094988452,0.9879166052435431,-0.7522287251934868,0.0017790974702901687,1.000000149774435,0.9984960702778543,1,-0.8738726333398057,1.33341748357397,1.5942630376349705,2.1509331986757707,-8.193572969845114e-05,1.000000042691512,0.2846100811805885,1,4.9502822846407195,0.0045793714300483065,4.950280217871247,0.0009259631288538615,5.684914701764235e-05,1.0000000012350396,0.008232516552555592,0
11.92,-0.00375361902456502,0.004731690539959137,-7.122720894537672e-10,-0.45039183673051625,0.1102951466452237,0.4637188711312177,2.9013092076279388,0.0003697230095988327,1.000002778060807,18.520398927456647,1,-0.4519016562350406,0.569730018804267,0.72724112270305,2.24132230722784,-0.0019058317992776946,1.0000003971584868,2.64772324499865,1,0.8010405862768469,-0.5758618687814296,0.9865123875005958,-0.6232467215619072,0.00162070354092903,1.000000150469517,1.0031299516794552,1,-0.9576031219105794,1.2844271392967426,1.6021607672123377,2.211422630245543,-4.50789329340282e-05,1.0000000420183461,0.2801223074003993,1,4.949909082524448,0.062438779561004874,4.950298975202091,0.01262553125926092,0.0002700519451078529,1.000000001235226,0.00823375908930075,0
11.940000000000001,-0.003753619024828266,0.004731690539418378,-7.145996064035574e-10,-0.4635281318099275,-0.05209144622731067,0.46643882196561365,-3.0299282007481962,0.0003665864092406989,1.0000026311684296,17.541116411071386,1,-0.5576004130351452,0.46797961920985565,0.7280364993575937,2.443242608860719,-0.0017614192330420975,1.0000003962722124,2.641814748617334,1,0.8675754544648439,-0.4672514453361441,0.9853394019410533,-0.4939266452032003,0.0014533705039367008,1.0000001511552068,1.0077012164207984,1,-1.0376578588178424,1.230505292294761,1.6097117576789561,2.27133153164824,-9.33850860684905e-06,1.00000004136165,0.2757443347577808,1,4.948891533642564,0.12029005186301903,4.9503503183303605,0.02432492691846204,0.0004802294484937335,1.0000000012353882,0.008234841294312812,0
11.96,-0.003753619023904151,0.004731690538923842,-7.169387559481915e-10,-0.4049151509226756,-0.20630179696145265,0.45437040765598213,-2.670719944694818,0.0003651942350790019,1.0000025062690168,16.70845365884405,1,-0.6405583635365184,0.347135512199336,0.7286602150667304,2.644768511697689,-0.001640338582818522,1.0000003953574803,2.6357165360721915,1,0.9198104685501259,-0.3509420434431761,0.9844179199487023,-0.36433080236545756,0.001283666018686421,1.0000001518198371,1.012132084820915,1,-1.1137852253680534,1.171924869664464,1.6168923276311065,2.3306946094997767,2.5312371138790105e-05,1.0000000407233889,0.27148925890520165,1,4.9472297905753075,0.178125650958133,4.950434245843899,0.036023997923214424,0.0006882120529839087,1.0000000012355266,0.00823576289516729,0
11.98,-0.0037536190217780695,0.004731690538475031,-7.192745101239871e-10,-0.27879404573349,-0.3254680030582034,0.4283855883911745,-2.2794656093368664,0.00036524410883884427,1.0000024193641135,16.129087637007014,1,-0.697457712679739,0.21216058829529869,0.7290874076373359,2.8460030981257605,-0.0015433450256910263,1.0000003944513436,2.6296756234960976,1,0.9568424296460752,-0.22883531661921258,0.9837639837556984,-0.2345269185475242,0.001116109268219259,1.0000001524519102,1.016345905485765,1,-1.185752895288844,1.108966225064837,1.6236806173650293,2.3895469900361577,5.8828918515262025e-05,1.0000000401053017,0.2673686781383899,1,4.944924102537021,0.2359380424521513,4.950550749525206,0.04772259243054704,0.000895016453315212,1.0000000012356407,0.008236523641436492,0
12.0,-0.0037536190182980607,0.004731690538067595,-7.215905594402938e-10,-0.09812430578444911,-0.37892260084159707,0.39115290947816767,-1.8243968172836855,0.0003657137757681169,1.000002392658163,15.951047967333519,1,-0.7260325008397462,0.06855931749028424,0.7293011262595773,3.047060333552193,-0.0014615003750615102,1.0000003935901334,2.62393422191806,1,0.97802799187213,-0.10294275172506899,0.9833890457059473,-0.1045868653769556,0.0009532719705285009,1.0000001530403475,1.0202688208182713,1,-1.2533472974060713,1.0419160373452478,1.6300565369154352,2.447924103344923,9.134762663865841e-05,1.0000000395089195,0.26339279649771025,1,4.941974815316647,0.29371969636002276,4.950699813626738,0.059420559020364715,0.0011021135443048638,1.0000000012357306,0.008237123308856703,0
12.020000000000001,-0.003753619013433569,0.0047316905376895025,-7.238690825136368e-10,0.10549188912784382,-0.33320752961836914,0.34918311723204476,-1.2639379597483122,0.00036577392284272515,1.0000024599489252,16.39965304883741,1,-0.7251475845636767,-0.07783553105311974,0.7292929171998108,-3.0351245619844054,-0.0013772032994946591,1.000000392808154,2.618721026165161,1,0.9829979624163844,0.024651902909177008,0.98329970411684,0.025414742525710642,0.0007966601941509991,1.000000153574741,1.0238314427509403,1,-1.316373066639605,0.9710663397734414,1.6360017138816303,2.5058615885432394,0.00012347842264809615,1.000000038935579,0.259570526076817,1,4.938382371191574,0.3514630885284267,4.950881413147094,0.07111774667033555,0.0013118113701682246,1.0000000012357964,0.008237561704906684,0
12.040000000000001,-0.0037536190084020756,0.00473169053731391,-7.26096370149646e-10,0.2670092041200052,-0.16920298095577763,0.3158811204146988,-0.5638174646430627,0.00036785855666203546,1.0000026531327917,17.68754549223425,1,-0.6948377585117314,-0.22108519810875135,0.7290631135122358,-2.8340583578069696,-0.0012689444119777641,1.0000003921364824,2.6142432155156388,1,0.9716655930741939,0.15183226038527364,0.9834975463321558,0.15540203812258782,0.0006471538620287687,1.0000001540455958,1.02697047552408,1,-1.3746524964220521,0.8967136697979534,1.6414994416297324,2.563395218345201,0.00015641770555106647,1.000000038386439,0.25590959285691167,1,4.934147308814433,0.40916070205543137,4.9510955111317125,0.08281400422616779,0.0015269490206892987,1.0000000012358379,0.008237838674326895,0
12.06,-0.0037536190071383113,0.004731690536900236,-7.28283129928977e-10,0.30052879780964215,0.07131910147788043,0.3089548687965236,0.23442448025978355,0.0003749988332132816,1.0000029249225502,19.499477214437263,1,-0.6363065925934128,-0.35537010937963776,0.7286208245063478,-2.632806170646962,-0.0011280527590763186,1.0000003916018914,2.610679275505911,1,0.9442285420256041,0.2764898562292589,0.9839791087282329,0.28529943072231284,0.0005005566480538095,1.0000001544445565,1.0296302132489892,1,-1.4280250034755817,0.8191583287756402,1.6465346239622918,2.6205608404996337,0.0001906433876985653,1.000000037862497,0.25241664581706025,1,4.929270263073308,0.46680502870725915,4.951342059914741,0.09450917883992696,0.001747171267767974,1.0000000012358552,0.008237954101510597,0
12.08,-0.003753619011795048,0.004731690536430643,-7.304756436234475e-10,0.1833015865205157,0.2776504226219704,0.33310181628045954,0.9881949852199696,0.0003796610444405615,1.0000031176615243,20.78440370986441,1,-0.5518849905297534,-0.4752118529741879,0.7279836191992682,-2.4312546953321235,-0.0009690803999156988,1.0000003912259097,2.6081727318128003,1,0.9011644296767278,0.396564484379004,0.9847359637435709,0.4150331287955151,0.0003450598030289559,1.0000001547645985,1.031763827241952,1,-1.4763466141186226,0.738703740988926,1.651093716124988,2.6773943274804095,0.00022414159490059062,1.000000037364605,0.24909736676612093,1,4.923751964926306,0.5243885703310874,4.951621014338423,0.10620311542099543,0.001966664402320072,1.0000000012358483,0.008237907913612223,0
12.100000000000001,-0.0037536190184542942,0.00473169053593462,-7.327102125986168e-10,-0.012854962173155366,0.37274692468882487,0.3735254096208597,1.6053133706139788,0.00037808491017703475,1.0000031528150546,21.018760578296774,1,-0.44494991329594835,-0.5756857792320392,0.7271769131284582,-2.229301824058314,-0.0008019553457932128,1.0000003910240336,2.60682689071908,1,0.8432201615175695,0.5100831550670143,0.9857549200134677,0.5445326159952066,0.00017605224345582646,1.0000001550001936,1.0333344608103774,1,-1.519489479761429,0.6556559014485799,1.6551646823287554,2.733931532823125,0.0002553371842367353,1.0000000368934867,0.24595657797284096,1,4.917593241208188,0.5819038402624208,4.951932338322658,0.11789565978904067,0.002182970332274965,1.000000001235817,0.008237700092468134,0
12.120000000000001,-0.0037536190237484404,0.004731690535449048,-7.349842329803374e-10,-0.20859371493377687,0.356825246847475,0.41387129519000415,2.0991445832274516,0.0003749745822826771,1.0000030738345798,20.492224079419522,1,-0.3198042990401561,-0.6526177433060772,0.7262330768324975,-2.026860679805341,-0.0006287237587182973,1.0000003910051032,2.606700687734141,1,0.7713954244258107,0.6151965959009176,0.9870183118614094,0.6737320196062603,-1.3505990142236668e-07,1.0000001551474331,1.0343160581335475,1,-1.557341427981437,0.5703229023284291,1.6587369663257585,2.7902082674388264,0.00028475136934750714,1.0000000364497517,0.24299834507082096,1,4.910795014407331,0.6393433647289556,4.952275991843047,0.12958666028279905,0.002398528263035307,1.0000000012357617,0.008237330680435563,0
12.14,-0.0037536190270468645,0.004731690534992038,-7.372781910810686e-10,-0.35987209339579934,0.26112581656021794,0.44505957798554996,2.512740290043578,0.0003721545385247348,1.0000029390238032,19.59348556829424,1,-0.18152007477723703,-0.7027581222606845,0.7251902682875518,-1.8238632279172842,-0.00045941478963741747,1.0000003911708673,2.607805781156045,1,0.6869209767584762,0.7102123479576486,0.9885043853995714,0.8025713274228724,-0.00017461338828808197,1.000000155204098,1.034693823214711,1,-1.589805554422398,0.4830145283015118,1.6618014543331538,2.8462602894879105,0.00031329723440248915,1.0000000360339112,0.24022607430590215,1,4.903358302416736,0.6966996842521117,4.952651923736959,0.1412759663708749,0.002615679171375271,1.000000001235682,0.008236799775874768,0
12.16,-0.003753619028654079,0.0047316905345672336,-7.395731358057767e-10,-0.44758805520918155,0.11811927049319704,0.46315082630932936,2.882100147980807,0.0003692888561760287,1.000002786345026,18.57562705406908,1,-0.035747376113189844,-0.7239259066870612,0.7240910080601523,-1.6202633299600862,-0.000311949390947031,1.0000003915157611,2.610105074449293,1,0.5912325187814872,0.793623676604573,0.9901877706834294,0.9309974308334682,-0.00033858911301838597,1.0000001551696815,1.0344643811084762,1,-1.6167998597000854,0.39404191143538114,1.6643504373338218,2.902123298547448,0.0003415917009481346,1.0000000356463905,0.2376426039987786,1,4.895284218261104,0.7539653550444523,4.953060073245751,0.152963427653332,0.002835565000503296,1.0000000012355783,0.008236107529112606,0
12.18,-0.0037536190289067994,0.004731690534171373,-7.418544372556068e-10,-0.4646024916457107,-0.04397917361874642,0.46667157849330815,-3.0488813510455315,0.0003663513679333208,1.0000026386902585,17.591261937610227,1,0.11150531023874423,-0.7151155774859104,0.7229805352635088,-1.4160390848018227,-0.00020540773898528877,1.000000392026931,2.6135128727391286,1,0.48594104314118325,0.864133717786003,0.9920400160720299,1.058964974293507,-0.0004836542071085015,1.0000001550453697,1.0336356343836195,1,-1.6382569345845162,0.3037172366803447,1.6663775794705231,2.9578329344994394,0.0003700042946774028,1.0000000352875436,0.23525029059218858,1,4.886573969799719,0.8111329504018969,4.9535003723493025,0.1646488936467866,0.0030585802700616254,1.0000000012354502,0.008235254139587525,0
12.200000000000001,-0.0037536190279801214,0.0047316905337982,-7.441109592647849e-10,-0.40979457093126115,-0.1992915654296793,0.4553889068372721,-2.690658425656302,0.00036395480849304686,1.0000025122196459,16.74812452011529,1,0.25411345028142585,-0.6765598331637268,0.7219049936442856,-1.211194295491509,-0.00015331524828909602,1.0000003926845311,2.617896874692829,1,0.372800626719405,0.920674494609993,0.99403016534414,1.1864369985101175,-0.0006022570257325571,1.0000001548339732,1.032226325505522,1,-1.6541236959439471,0.21235348930340378,1.6678778924928028,3.0134247815293147,0.0003987585000050637,1.0000000349576634,0.2330510896640663,1,4.877228859405283,0.8681950620903313,4.953972747134772,0.17633221383882178,0.0032847466523060506,1.000000001235298,0.008234239852292947,0
12.22,-0.003753619025872337,0.004731690533439716,-7.463334265921454e-10,-0.2870822530465326,-0.32108626254954864,0.4301082791960741,-2.3018559941516243,0.0003625998750841971,1.0000024227822342,16.15187510906213,1,0.38609249990880573,-0.6097422165859422,0.7209095110788201,-1.00575891397603,-0.00015855114605654053,1.0000003934623247,2.623082164251258,1,0.2536746326604593,0.9624206500674336,0.9961253602256165,1.3133853748359454,-0.0006881902403904254,1.0000001545398254,1.030265339212914,1,-1.6643611753671181,0.12026423586394408,1.6688477156505725,3.0689343764476416,0.00042801068660630804,1.0000000346569946,0.23104663067979744,1,4.8672502836192635,0.925144301726216,4.954477118447771,0.18801323781536447,0.0035139700270676033,1.0000000012351218,0.008233064953181627,0
12.24,-0.0037536190224392437,0.004731690533085491,-7.485128355891671e-10,-0.10877036612437976,-0.3789384621479109,0.393363412246428,-1.8512082633495472,0.00036181628511190115,1.0000023920801286,15.947194405449236,1,0.5018569543709767,-0.5173554306151413,0.7200362504743874,-0.799788347593652,-0.00021087966073071274,1.0000003943285931,2.628857287419773,1,0.13050125036019633,0.9887979368011263,0.9982914520631011,1.4397910372374076,-0.0007366287081346388,1.0000001541686427,1.0277907884698647,1,-1.668944361995532,0.0277634306201712,1.6692847011289642,3.124397220322752,0.00045795260949084275,1.0000000343857427,0.22923828431315896,1,4.8566397327845205,0.9819733021506437,4.955013401889828,0.19969181541821202,0.0037463432823603205,1.0000000012349215,0.00823172976382643,0
12.26,-0.0037536190176293933,0.0047316905327193,-7.506398211343246e-10,0.09492391649763415,-0.33933802757288917,0.35137964594186943,-1.2975599047982787,0.00036046265916274905,1.0000024532844556,16.355223251250205,1,0.5964700617684521,-0.4032036585474633,0.7193225223018695,-0.5933615631054681,-0.00028781891427885284,1.0000003952473566,2.6349823769002394,1,0.005259220744746423,0.9994866734027141,1.0004936077256665,1.5656440253225794,-0.0007434292325105143,1.0000001537273644,1.0248489328222,1,-1.6678621006693344,-0.0648347604460582,1.669187805595089,-3.1033365146173435,0.0004889557143105417,1.0000000341440836,0.2276272230027476,1,4.845398790655774,1.038674718796213,4.955581506742892,0.21136779685737903,0.003982548985355181,1.0000000012346972,0.00823023463570693,0
12.280000000000001,-0.003753619012544014,0.004731690532312309,-7.527094017523162e-10,0.260970224095364,-0.18142791110714204,0.31714649366758435,-0.6049963459624069,0.0003603655054648071,1.0000026396695607,17.59779061946303,1,0.6658709368561221,-0.27205041403394264,0.7187990570034032,-0.38657799432916934,-0.00036157740321973486,1.000000396179867,2.64119911338121,1,-0.12006551511805809,0.9944205117033282,1.0026968958006286,1.690943356926901,-0.000705088152166764,1.0000001532239715,1.0214929800970547,1,-1.6611170460289753,-0.1572161256375856,1.6685572881616346,-3.0478607398048614,0.0005215190658517127,1.0000000339321713,0.22621447554638086,1,4.833529133988552,1.0952412310460822,4.956181333474306,0.22304103240954823,0.0042235415082245865,1.000000001234449,0.008228579943947545,0
12.3,-0.0037536190110038347,0.004731690531823137,-7.54740130635978e-10,0.3029824072828685,0.05749995395779448,0.3084719385975312,0.1911371252890277,0.0003662139910448781,1.0000029108337591,19.405551940957384,1,0.707065903676231,-0.12941708708476532,0.7184885425812982,-0.17955334172790832,-0.0004226515405442223,1.000000397086299,2.647241993160948,1,-0.24351163289961816,0.9737809575577159,1.0048668401189662,1.8156967490264346,-0.0006258082947420409,1.0000001526672977,1.0177818219270705,1,-1.648725672832644,-0.24906657117681907,1.667394711092542,-2.992325273924075,0.0005551532963727231,1.0000000337501465,0.22500097587347473,1,4.821032532107632,1.1516655435845708,4.956812773856965,0.23471137101791553,0.0044668408373217785,1.000000001234177,0.008226766078982579,0
12.32,-0.003753619015470287,0.004731690531232569,-7.567870258413933e-10,0.1925857617749851,0.2684114441255641,0.3312124286667688,0.9508010643524205,0.000371650278856187,1.0000031113435623,20.7422839627238,1,0.7182721784569839,0.018658945275689003,0.7184045284659293,0.027585553360009955,-0.0004935141495016107,1.0000003979275875,2.6528505829279756,1,-0.3631722299610499,0.937988148670453,1.0069699374948144,1.9399202033668752,-0.0005249437252262341,1.000000152066837,1.013778749607972,1,-1.6307183424021725,-0.34007229004270123,1.6657029354049344,-2.9366945970186964,0.0005875659629971718,1.000000033598141,0.22398760619413713,1,4.80791084645634,1.2079403877375536,4.95747572337273,0.24637865936215475,0.00470442615333157,1.0000000012338812,0.0082247934398281,0
12.34,-0.0037536190222199027,0.004731690530571422,-7.588978976486027e-10,-0.0016141193158214877,0.37001947369250915,0.37123359286929897,1.5755605399335897,0.000373113878866197,1.0000031544349044,21.02955957619862,1,0.6990044863004087,0.16589448897450146,0.7185507416279923,0.23470650060794873,-0.0005965313891394649,1.000000398667338,2.657782254131423,1,-0.4772222723378843,0.8876884199630722,1.0089741455354033,2.0636374903900445,-0.00041865422696789307,1.0000001514325523,1.00955018618611,1,-1.6071394247288269,-0.4299199436319977,1.6634861252035895,-2.880933151792309,0.0006174760175574678,1.0000000334762853,0.22317523471776948,1,4.794166030124834,1.2640585227992396,4.958170091143678,0.2580427447915299,0.004932094536679055,1.0000000012335615,0.008222662441862233,0
12.360000000000001,-0.003753619027719632,0.00473169052988243,-7.610806936932113e-10,-0.1987924193827711,0.35937089563878044,0.41187699043382725,2.074941955105304,0.00037380023041167745,1.0000030799618465,20.533072523922204,1,0.6500987675120274,0.3060443971743054,0.718920871484181,0.44167809575597056,-0.0007430752621641253,1.0000003992735647,2.6618237637445907,1,-0.5839434593121942,0.823739184607689,1.010849322224902,2.1868795664203855,-0.0003112378561896117,1.0000001507746932,1.0051644585478774,1,-1.5780474754218372,-0.5182968640085327,1.6607497748031832,-2.825005337727043,0.0006453102780194036,1.000000033384712,0.2225647473336192,1,4.779800127352515,1.3200127373450123,4.958895788785804,0.2697034776466058,0.005151074243965438,1.0000000012332182,0.008220373530032231,0
12.38,-0.0037536190312344245,0.004731690529191703,-7.633238618010713e-10,-0.35310007507696706,0.2671085280938265,0.4436906686364449,2.491848230574983,0.0003738567954584935,1.0000029470137184,19.646751670049245,1,0.5736713506973555,0.4331833064058551,0.7194988692183754,0.6483758136288423,-0.000938341859433576,1.0000003997202347,2.6648015639581826,1,-0.6817463871835316,0.7471916326595525,1.0125676079782209,2.309683927734567,-0.00020481262092636427,1.0000001501036189,1.0006906297433056,1,-1.5435154663541952,-0.604891284682383,1.6575007373482409,-2.7688755006789685,0.0006715742442147712,1.000000033323561,0.22215707290750436,1,4.764815273004904,1.375795850532439,4.95965272154828,0.28136071032703586,0.005362647847269129,1.0000000012328512,0.008217927185493268,0
12.4,-0.003753619033047273,0.004731690528511991,-7.656143588032072e-10,-0.44448711555459053,0.125899635231468,0.4625399009564253,2.8628433917300455,0.00037263687212637305,1.0000027946196477,18.630791198012613,1,0.473016378828845,0.5419696189392794,0.7202597341774196,0.8546876976336101,-0.001176568507078423,1.000000399988507,2.6665900460045666,1,-0.7691899801944938,0.6592717048797287,1.0141037609735677,2.4320939135510296,-0.00010313412546766277,1.0000001494296409,0.9961974427984792,1,-1.5036310683924279,-0.6893926080706753,1.6537472504837558,-2.7125079277082227,0.0006964835892275057,1.0000000332929804,0.22195320244269723,1,4.749213692026365,1.4314007133903555,4.9604407885773965,0.29301429636616955,0.005567112180806533,1.0000000012324606,0.008215323931954276,0
12.42,-0.0037536190334960112,0.004731690527850033,-7.679415688424673e-10,-0.4653759064671602,-0.03583530794861138,0.4668608258947366,-3.067814827179896,0.0003706422540676398,1.0000026462516256,17.64167105110885,1,0.3524483709052722,0.6278776737321662,0.7211707275604473,1.0605193170609781,-0.0014376469324799566,1.0000004000675657,2.667117104883569,1,-0.8449982231770832,0.5613597421146427,1.015435446228136,2.5541579779090546,-1.0896605978110964e-05,1.0000001487628847,0.9917524018353318,1,-1.458496984020893,-0.7714917180773937,1.6494989658693426,-2.6558668497505713,0.000720140934241405,1.0000000332931303,0.22195420202594848,1,4.732997698868409,1.486820210096001,4.9612598846173475,0.30466409026409186,0.00576439562290377,1.0000000012320467,0.008212564341053562,0
12.440000000000001,-0.0037536190327597287,0.004731690527210225,-7.702963425535586e-10,-0.41438302511111497,-0.19217141618458033,0.45636637072515124,-2.7105063096560156,0.0003685990651830384,1.0000025182572938,16.78837550653499,1,0.2171000982949201,0.6873867556687306,0.7221929301736901,1.2657977318392684,-0.0016914380162809967,1.000000399955013,2.6663667541673046,1,-0.9080742795156472,0.4549691496805896,1.0165434780876206,2.675928945781906,6.805302163583721e-05,1.000000148113164,0.9874209295318527,1,-1.408231327032717,-0.8508813465624209,1.644766984028424,-2.5989164520383716,0.0007426879329474616,1.000000033324183,0.22216121925764676,1,4.716169696894277,1.5420472592408696,4.962109900810979,0.31630994761230685,0.005954525257584025,1.0000000012316095,0.008209649033302052,0
12.46,-0.0037536190308400438,0.004731690526595543,-7.726692304640265e-10,-0.2951126639225256,-0.31650456733395865,0.4317973317496716,-2.324065962015991,0.0003672204862175757,1.0000024263506573,16.175664595207483,1,0.0726881394461607,0.7181190466261446,0.7232830436915969,1.470474298248591,-0.0019066961593720815,1.0000003996568156,2.6643787706159388,1,-0.9575121060138847,0.341724355937424,1.0174120196533374,2.7974632619613033,0.00013168480931017082,1.0000001474898654,0.9832656068835165,1,-1.3529680457017799,-0.9272565027978038,1.6395638939512955,-2.5416208930961948,0.0007644172624513956,1.0000000333863226,0.22257548332552202,1,4.698732177761545,1.5970748150854963,4.962990724705361,0.3279517252881187,0.006137921867707831,1.000000001231149,0.008206578674664667,0
12.48,-0.003753619027592126,0.004731690526006476,-7.75048843030049e-10,-0.1192423450894596,-0.37865210606725963,0.3955581226332583,-1.877718867697281,0.0003669274021589582,1.0000023917499403,15.944993148950658,1,-0.0747405712938519,0.7189223535274274,0.7243953289161951,1.6745262462740083,-0.0020592002783810445,1.000000399186837,2.6612455796726904,1,-0.992605685883356,0.22333828438249617,1.0180287416544547,2.9188202372700562,0.00018025831375381547,1.0000001469018522,0.9793455193906914,1,-1.2928573848855562,-1.0003149753270646,1.6339038167988988,-2.483944333725264,0.0007858916556506696,1.000000033479745,0.22319829927469545,1,4.680687720784363,1.6518958688026488,4.963902239549437,0.33958928166556995,0.006315703486899937,1.0000000012306651,0.00820335397105452,0
12.5,-0.0037536190229387244,0.004731690525437356,-7.774211747448023e-10,0.08434693207004271,-0.34509190754443636,0.3535985651405172,-1.3307635968747271,0.00036788294354920354,1.0000024469801847,16.3131947789068,1,-0.2190680934533088,0.6898970116951446,0.7254835788384311,1.8779570464664133,-0.0021351556775042997,1.0000003985660162,2.6571067750440074,1,-1.0128559974653633,0.1015895049154273,1.0183849427381693,3.0400612954735133,0.00021687262974368058,1.000000146357379,0.975715697806802,1,-1.228066381361078,-1.06975791604367,1.6278024534319087,-2.4258509775025523,0.0008080719589743463,1.0000000336046553,0.22403103532469562,1,4.662038992276385,1.7065034497079798,4.964844322484036,0.3512224767827311,0.006490048750765191,1.0000000012301584,0.008199975663123518,0
12.520000000000001,-0.003753619017864948,0.004731690524869199,-7.797739942898979e-10,0.25464688388679035,-0.1933740364162716,0.3184909385591869,-0.6458466766810665,0.00037163649173308394,1.000002626469785,17.509792114684295,1,-0.3543587655335696,0.6323694067800314,0.726503035062004,2.0807956530628244,-0.0021308506320382435,1.000000397821267,2.6521417804974043,1,-1.0179758209748297,-0.021700814294215345,1.0184756331220928,-3.121936083496587,0.00024724675926031284,1.00000014586402,0.9724266367520923,1,-1.158779385524008,-1.1352905167414926,1.6212771362709948,-2.3673051237822094,0.0008321281912761601,1.0000000337612651,0.22507510083014612,1,4.642788744874753,1.7608906264772801,4.965816841023036,0.36285117213527907,0.006663778954148616,1.0000000012296288,0.008196444522254234,0
12.540000000000001,-0.00375361901606114,0.004731690524268258,-7.821154685266202e-10,0.3050544198615627,0.043609582304895714,0.3080871572941824,0.14771279952306857,0.000380148651204022,1.0000028964829477,19.309879866112464,1,-0.47509622893902304,0.5488168747143614,0.7274121693229152,2.283094754647609,-0.002060684143705695,1.0000003969841813,2.6465612087077095,1,-1.0078924608869035,-0.14469206672433244,1.0182995803915142,-3.00073787854931,0.00027464159917802485,1.000000145428606,0.9695238776977342,1,-1.0851986012547015,-1.19662278861887,1.6143468840595363,-2.3082712323501964,0.0008578573410587805,1.0000000339497872,0.2263319145671535,1,4.622939816845543,1.8150505083499906,4.966819650955419,0.3744752293047563,0.006836420981511924,1.0000000012290764,0.00819276134553819,0
12.56,-0.0037536190202751138,0.004731690523618486,-7.844894020416632e-10,0.2017194681054376,0.258855542767987,0.3293722757178271,0.9129703198930055,0.0003869721292442168,1.000003104505421,20.69669635432499,1,-0.5763960521053997,0.44275026254582317,0.7281742710853358,2.484928181106704,-0.0019682666316705928,1.0000003960896187,2.6405974584366767,1,-0.9827484304539363,-0.26554741399993304,1.0178593117244648,-2.879466114274779,0.0002946418251687332,1.0000001450571714,0.967047645671604,1,-1.0075446340385499,-1.2534704552510412,1.6070324484776333,-2.248714001483362,0.0008827573128998993,1.0000000341704296,0.22780286403138958,1,4.602495131372225,1.8689762463186224,4.967852606417269,0.38609450848112054,0.007001808352890784,1.000000001228501,0.008188926948941959,0
12.58,-0.003753619027004145,0.004731690522952096,-7.869345578816189e-10,0.009719819802971076,0.366986260730846,0.3689399627211764,1.5454297812226585,0.00038695604676378207,1.000003155693229,21.03794840703848,1,-0.6541878723560027,0.3185612255038242,0.7287588089950817,2.6863876343083266,-0.0018931329031533703,1.0000003951742533,2.6344950227083856,1,-0.9429001099978777,-0.3824569840683303,1.01716108254517,-2.758058388544957,0.0003071239976281532,1.0000001447549038,0.9650325300016618,1,-0.9260570353884805,-1.3055559694584868,1.5993563519693124,-2.1885984729346744,0.0009060501043465049,1.0000000344233884,0.22948925570402973,1,4.581457695827286,1.9226610343016546,4.9689155719056135,0.397708870765699,0.007158026877956857,1.0000000012279033,0.00818494216966436,0
12.600000000000001,-0.0037536190325578554,0.004731690522313534,-7.894493099600691e-10,-0.1887710634589849,0.3617096900511402,0.4098542406801277,2.050498222371662,0.00038526777107666254,1.0000030859110098,20.572733613106564,1,-0.7053628107089716,0.18134154692758075,0.7291425321946777,2.8875789213361633,-0.0018487682599574826,1.0000003942751334,2.6285008891725306,1,-0.8889143550956256,-0.49366100406046154,1.0162148236573554,-2.6364539345514326,0.0003207676408163224,1.0000001445261038,0.9635071961747379,1,-0.8409948293658099,-1.3526096642476706,1.591342939388214,-2.1278901632678915,0.0009293762474168702,1.0000000347088382,0.2313922549671141,1,4.55983060102348,1.9760981102986583,4.970008413111641,0.40931818080602617,0.00730921845182893,1.0000000012272832,0.008180807874336452,0
12.620000000000001,-0.00375361903609479,0.004731690521728766,-7.920110576490474e-10,-0.34605531222194674,0.2729819457466013,0.44228210160390263,2.47082400423095,0.0003856556610295856,1.000002954940523,19.69959703379185,1,-0.7278834079999497,0.03668159139065946,0.7293102810455768,3.088617824154714,-0.0018378866852246036,1.0000003934283006,2.622855337242838,1,-0.8215629972958179,-0.5974727963337502,1.0150340492254297,-2.514594366175381,0.00034513226268382885,1.0000001443741424,0.962494119721243,1,-0.7526370046099848,-1.3943710475221491,1.583018433162813,-2.0665552102300344,0.0009542946271371675,1.000000035026922,0.23351281379712494,1,4.537617020444979,2.0292807575298215,4.971130986540356,0.4209223060675591,0.00745943432485802,1.0000000012266408,0.008176524958600285,0
12.64,-0.003753619037880594,0.004731690521207646,-7.945955959182127e-10,-0.44109484077094674,0.133653639358659,0.4618851802564927,2.843535353924884,0.0003875835323348273,1.0000028029003025,18.685995563531655,1,-0.7208544432287798,-0.1095453622458053,0.7292555026194226,-2.9935595839362925,-0.001859994288579107,1.0000003926675027,2.617783351827659,1,-0.7418151507997508,-0.6923015396356431,1.013635719909485,-2.392424424881974,0.00038817087986359726,1.0000001443014255,0.9620093403699078,1,-0.6612829526776987,-1.4305902493584488,1.5744109767472094,-2.0045605406842184,0.000981748392801169,1.0000000353777379,0.23585158517700974,1,4.5148202094611225,2.0822023055599566,4.972283138576541,0.43252111569891544,0.007611361724347033,1.0000000012259762,0.008172094344844899,0
12.66,-0.0037536190382623435,0.004731690520751571,-7.971819901246568e-10,-0.4658559759999778,-0.027642873586311102,0.4670057983362575,-3.0867307906228048,0.0003892206067114251,1.0000026538679623,17.692446628818338,1,-0.6845537678446333,-0.2514065348317894,0.7289804693879751,-2.792460213847839,-0.0019134619550579912,1.0000003920230183,2.6134867890555418,1,-0.6508272165121487,-0.7766746596715614,1.0120400649113102,-2.269892728038447,0.00045666522640991185,1.00000014430936,0.9620622373717456,1,-0.5672528305972303,-1.4610296292308296,1.565550667881338,-1.941874066229411,0.001012280949228137,1.0000000357613235,0.23840882315450457,1,4.491443504523193,2.1348561314055674,4.973464706975301,0.4441144801107579,0.007766952473623509,1.0000000012252896,0.008167516982923671,0
12.680000000000001,-0.0037536190374331396,0.004731690520357561,-7.997521356099824e-10,-0.41868959758874724,-0.1849260565888829,0.4573024098950368,-2.7302649088097812,0.0003902411514021481,1.0000025243968758,16.829306053098815,1,-0.6204228200263966,-0.38313468660706357,0.7284962000074964,-2.591150328353304,-0.0019988833219946552,1.000000391520601,2.610137340689019,1,-0.5499304630020153,-0.8492596659349553,1.0102703620043085,-2.1469525122337387,0.0005565405057862389,1.0000001443983237,0.9626553293354099,1,-0.47088782247171085,-1.4854655486333472,1.5564695823321582,-1.8784649079496025,0.0010461557693209008,1.00000003617764,0.24118426675589738,1,4.467490322343685,2.1872356606242938,4.974675521865319,0.45570227088962617,0.007927871998210169,1.000000001224581,0.008162793852265827,0
12.700000000000001,-0.0037536190354090383,0.004731690520019591,-8.0228933913018e-10,-0.3028950985911328,-0.31171031876500815,0.433453235472673,-2.346097623781635,0.0003937903734418807,1.0000024300822026,16.20054156415508,1,-0.5310169047331759,-0.4993487138843638,0.7278220870566239,-2.389518758105992,-0.002119584609692142,1.0000003911805477,2.6078703188341628,1,-0.4406160648583511,-0.9088851964327634,1.0083526729551242,-2.0235623634337743,0.000692604006591956,1.0000001445676396,0.9637841021451767,1,-0.37255027182426986,-1.503690311999162,1.5472017861318157,-1.8143036511913782,0.0010833770821070533,1.0000000366265507,0.24417700511670576,1,4.442964159058076,2.2393343683865297,4.975915406155104,0.46728436081641356,0.008095755864380202,1.000000001223851,0.008157925964132262,0
12.72,-0.00375361903205662,0.0047316905197279865,-8.047769399673055e-10,-0.12954920602488249,-0.3780539621501698,0.39773871528516797,-1.90393510153449,0.0004021030400037702,1.0000023916743737,15.944489371961236,1,-0.4199157841421291,-0.5952635673329266,0.7269852361413641,-2.1874664808894333,-0.00227195331716643,1.0000003910169593,2.6067797278758604,1,-0.3245174952666489,-0.9545609717495831,1.0063155326278244,-1.8996869232095894,0.000867638280776387,1.0000001448155535,0.9654368603967212,1,-0.2726236533053658,-1.5155142755531772,1.5377833337688642,-1.749362631340659,0.0011237286283103621,1.0000000371077982,0.24738532068547656,1,4.4178685893693395,2.2911457805290167,4.977184175392337,0.4788606239345337,0.008272480632534723,1.0000000012230992,0.008152914363765192,0
12.74,-0.0037536190272870447,0.004731690519466328,-8.071977296644772e-10,0.07375528947340196,-0.35046027084098913,0.3558423281926855,-1.3635625283606299,0.0004120668619325152,1.0000024410339883,16.27355346950511,1,-0.2915957523785572,-0.6668829208835787,0.7260195065968139,-1.9849106083595909,-0.0024378430664723496,1.0000003910372166,2.606914776985004,1,-0.2033902037461413,-0.9854962980333805,1.0041895921013742,-1.7752975575181362,0.0010807876635376523,1.0000001451392129,0.9675945894041278,1,-0.1715123496009344,-1.5207681195858413,1.5282522499921722,-1.6836162515158044,0.0011669668085713327,1.0000000376209763,0.25080650957272643,1,4.3922072656754505,2.3426634745902,4.9784816366553075,0.49043093562771506,0.00846050955151319,1.000000001222326,0.00814776013255833,0
12.76,-0.00375361902198661,0.004731690519204847,-8.095379709464889e-10,0.24803377281137343,-0.20502623011243168,0.319917684129744,-0.6863834761244993,0.00042114092643938525,1.0000026135311544,17.423534576023144,1,-0.1512653053292423,-0.7111676375971563,0.7249642623450219,-1.781787930345508,-0.0025740062937101554,1.0000003912415356,2.6082769045729064,1,-0.07908856249705176,-1.0011166991593645,1.0020072192132212,-1.6503729710509767,0.0013224229629151345,1.0000001455346377,0.9702307556361942,1,-0.06964119707773195,-1.5193052742464421,1.5186484935540818,-1.6170413326842812,0.0012129882396061803,1.000000038165503,0.25443668597391966,1,4.365983917180119,2.3938810808272435,4.979807585621263,0.5019951724268548,0.008662460433565793,1.0000000012215318,0.008142464390050218,0
12.780000000000001,-0.0037536190197144867,0.004731690518898423,-8.11805220268802e-10,0.3067273335803506,0.02966289972629184,0.3078059174646333,0.10412333164621415,0.00043177864309479715,1.0000028818544138,19.212356305781462,1,-0.004667832536706522,-0.7261727725154942,0.7238628599061693,-1.57805785793969,-0.0026078937736567363,1.0000003916226705,2.6108178033727345,1,0.04645986228657775,-1.0010782110858694,0.9998020687534395,-1.5248997455021283,0.001562620109495525,1.00000014599665,0.9733108384640342,1,0.03254523816490753,-1.511004482169838,1.5090139011946275,-1.5496174938558234,0.0012605744954588072,1.0000000387405876,0.25827058484724985,1,4.339202348987181,2.4447922832150604,4.981161803947382,0.5135532106951197,0.00887699008471831,1.0000000012207164,0.008137028293437881,0
12.8,-0.003753619023491657,0.004731690518517433,-8.1404525828499e-10,0.21068482632704877,0.24898307914585693,0.32758500259972045,0.8746418187012107,0.00044132313525717994,1.0000030970940454,20.64728718298217,1,0.1421435772762401,-0.7111458237263596,0.7227608886633632,-1.3737045673765687,-0.0024850358180967085,1.0000003921658995,2.6144393301751077,1,0.1712825564741646,-0.9852788374901806,0.9976086338511817,-1.398872790007886,0.0017528343838229912,1.0000001465187993,0.9767918322298269,1,0.13458369335839684,-1.4957724733900997,1.499392100467669,-1.4813275559747365,0.001305760157578727,1.000000039345207,0.26230138059596975,1,4.311866441180437,2.495390820428119,4.982544068126825,0.5251049247317588,0.009095921594519055,1.00000000121988,0.008131453031946762,0
12.82,-0.003753619030069705,0.0047316905180814165,-8.163041297602758e-10,0.021139220259030693,0.36364430989631125,0.36664350386657935,1.5148559374208703,0.0004435141259060993,1.0000031565380227,21.043580366369277,1,0.2830521622644357,-0.6665794331660115,0.721704233200734,-1.1687381234058136,-0.0022205060714274617,1.0000003928494874,2.6189965826944155,1,0.293392543322474,-0.9538666321057667,0.9954617578133604,-1.2722957220674356,0.0018689419629539605,1.000000147093446,0.9806228113030595,1,0.23599359119984567,-1.4735467188865816,1.4898283721474308,-1.4121579736911343,0.001346102457731179,1.00000003997808,0.2665205333792579,1,4.283980147890763,2.545670486803766,4.983954164386768,0.5366501884336783,0.009314958311944706,1.000000001219023,0.00812573982552158,0
12.84,-0.0037536190356140245,0.004731690517626009,-8.185896331440456e-10,-0.17853338539313557,0.3638428294429512,0.4077993269340315,2.02576128668669,0.00044113468195102433,1.0000030916472573,20.610975262686804,1,0.4121351715351269,-0.5942129099661706,0.7207371252515826,-0.9631944678183755,-0.001900700066984767,1.0000003936456598,2.6243043996174085,1,0.4108207178769292,-0.9072438577281919,0.9933960781351142,-1.1451811671873129,0.0019302652245464192,1.0000001477120368,0.9847467492825999,1,0.33627881086156425,-1.4442982198289804,1.480369474771647,-1.3420992981550173,0.0013828693846963348,1.0000000406376461,0.27091764064700763,1,4.2555474963483535,2.5956251332850275,4.985391883296383,0.5481888782635573,0.009536253470480548,1.0000000012181456,0.00811988993105236,0
12.860000000000001,-0.0037536190391731037,0.004731690517170479,-8.20888810051934e-10,-0.3387432318933657,0.2787504403842567,0.4408299415787368,2.449628394034232,0.0004381922121612659,1.0000029627827747,19.751878712161314,1,0.5239220435646312,-0.4969788629511942,0.7199003009334562,-0.7571342992390442,-0.0016216304846173443,1.0000003945217506,2.630145003896983,1,0.5216495332808831,-0.8460667236930507,0.991445403556486,-1.0175508861971625,0.0019672221783268145,1.0000001483652978,0.9891018220372961,1,0.4349298850009362,-1.4080342814900852,1.4710634387714299,-1.271146648070981,0.001417957624842249,1.0000000413220387,0.27548025770320217,1,4.226572585919272,2.6452486683448684,4.986857009416174,0.5597208729615043,0.009761572078814241,1.0000000012172479,0.008113904640504094,0
12.88,-0.003753619040993303,0.004731690516719417,-8.2318788591218e-10,-0.43742011227775557,0.14138636993360273,0.4611840361468863,2.8241446195554545,0.000435619722790546,1.0000028111723578,18.74114259899454,1,0.6136404371701366,-0.37889389420810304,0.7192292664668127,-0.5506408827582453,-0.0014313241996986648,1.0000003954413792,2.6362758614623814,1,0.6240474028425924,-0.7712403097023297,0.989642067032135,-0.8894356756797476,0.0019982254662332475,1.000000149043263,0.9936215910552861,1,0.5314266532689427,-1.3648012121044497,1.4619593157838808,-1.199300175198385,0.0014524742672500511,1.0000000420290531,0.2801936875975268,1,4.197059587129482,2.6945350588935164,4.988349320091726,0.5712460524640385,0.009990839033548415,1.00000000121633,0.008107785273375667,0
12.9,-0.003753619041429116,0.004731690516270736,-8.254773123730907e-10,-0.46605478791344385,-0.01939776852860043,0.46710546707519934,-3.1056585523728586,0.0004333129092658326,1.0000026615256399,17.743497812976734,1,0.6774368067765566,-0.24489563697149272,0.7187527052852031,-0.343816773230109,-0.0013297376544469566,1.0000003963658426,2.642438950515953,1,0.7163030356598525,-0.6839083901195779,0.9880162997003318,-0.7608750520587354,0.0020292730828754867,1.0000001497353073,0.9982352182058531,1,0.625241393431158,-1.314686876400511,1.4531068808809136,-1.126565518383318,0.0014867435473838106,1.000000042756116,0.2850407734608782,1,4.167012740678146,2.7434783311681312,4.989868587439161,0.5827642974881272,0.010222961576114041,1.000000001215392,0.008101533170061381,0
12.92,-0.0037536190406841884,0.0047316905158201255,-8.277510239740327e-10,-0.4227282393210911,-0.1775534221039019,0.45819648933255414,-2.749966254112157,0.0004316409511516676,1.000002530621385,16.8708027807774,1,0.712558569118946,-0.10063211501060321,0.7184911259779746,-0.13677949878962864,-0.00129404464910342,1.0000003972557714,2.6483718090352917,1,0.796858819725562,-0.5854379986735144,0.9865956401890702,-0.6319167346052902,0.0020604118080817494,1.000000150430269,1.0028682969969371,1,0.7158424400512811,-1.2578230228447573,1.4445562897456101,-1.0529542351009364,0.0015205621098685783,1.0000000435002587,0.2900017248699747,1,4.136436356440727,2.7920725716041535,4.991414580080402,0.5942754895101249,0.010456463350641692,1.0000000012144346,0.008095149685947161,0
12.940000000000001,-0.003753619038783517,0.00473169051536261,-8.300045798229072e-10,-0.3104425413342075,-0.3067041956808626,0.4350734480550561,-2.367987464300036,0.0004315095266280446,1.0000024339557343,16.226365109958614,1,0.7174864476649635,0.04778696914401473,0.7184558573989595,0.0703436222027566,-0.0013006034347499277,1.0000003980729446,2.6538196307719994,1,0.8643423054252881,-0.4773987457263348,0.9854043840052296,-0.5026159308113369,0.0020904231636664434,1.0000001511166459,1.0074441423371798,1,0.8026982872547012,-1.1943872948502545,1.4363576915271554,-0.9784841958109926,0.0015534577001119567,1.0000000442580994,0.2950539957156177,1,4.1053348124625675,2.8403119276879503,4.992987064264459,0.605779510901005,0.010689896548598438,1.0000000012134576,0.008088636185782372,0
12.96,-0.003753619035598033,0.004731690514892036,-8.322333039725849e-10,-0.1396976025375821,-0.3771466463871504,0.3998975112264429,-1.9298919064291782,0.0004336012139696525,1.000002391835045,15.94556051277561,1,0.69200830564318,0.19406428960715633,0.7186484695508379,0.2774212589286741,-0.0013367739983570796,1.0000003987821189,2.6585474598198906,1,0.9175948197563212,-0.36153710450868415,0.9844630828678518,-0.37303442776898876,0.0021190038301854386,1.0000001517828219,1.0118853161435364,1,0.8852821558085445,-1.1246048302515899,1.4285607985852284,-0.9031799245024411,0.0015849471863453254,1.0000000450258335,0.30017222298242185,1,4.073712553943595,2.8881906087900475,4.994585804365074,0.61727624515303,0.010922262189023946,1.0000000012124612,0.00808199403942694,0
12.98,-0.0037536190310205235,0.00473169051439807,-8.34431114048878e-10,0.06315522684805845,-0.35544016260485894,0.35809619551580585,-1.3959673813165643,0.00043759529292867176,1.0000024354527424,16.236345163188485,1,0.6372294770188084,0.331999383213998,0.7190606654378856,0.4843241093316859,-0.0014020944578857265,1.0000003993527409,2.66235160543408,1,0.9556962656642843,-0.23974609826838286,0.9837881077943893,-0.24323950176658135,0.002147643944301899,1.000000152417315,1.016115271095933,1,0.9630769857439779,-1.0487493507709063,1.4212144161416758,-0.8270728678341637,0.0016148433877616027,1.000000045799235,0.3053282340681656,1,4.041574092214538,2.935702886977849,4.996210562314545,0.6287655771673892,0.011153514617136564,1.0000000012114458,0.008075224620914031,0
13.0,-0.003753619025834566,0.004731690513859554,-8.365936428854359e-10,0.2411433618385135,-0.21635759212981034,0.321408399932503,-0.7265468462434951,0.00044313760661716814,1.0000026009367098,17.33957161333641,1,0.5555188878318221,0.4557677270663659,0.7196746555911102,0.6909308467006384,-0.0015020227429968515,1.0000003997604248,2.665069498076646,1,0.9779852384044937,-0.11403103157726283,0.98339129033479,-0.11330266914285306,0.002179391686260433,1.0000001530090317,1.020060047598487,1,1.0355807946733644,-0.9671436446957555,1.4143659378419124,-0.7502015753759336,0.0016434965862329985,1.0000000465736694,0.3104911298234991,1,4.0089240037041,2.9828430978064984,4.99786109491674,0.6402473933666428,0.01138430300795891,1.0000000012104115,0.008068329312155984,0
13.020000000000001,-0.003753619023449114,0.004731690513241325,-8.387347669690237e-10,0.3079860981191666,0.015707905366366955,0.3076178324805489,0.06050698979869946,0.00045191401053403993,1.000002867113764,19.114085307779376,1,0.450394630309643,0.5601790464013354,0.7204639944099698,0.8971336169957751,-0.0016475191490268237,1.0000003999881015,2.666587343755098,1,0.9840737224784007,0.013527898767144206,0.9832796574129327,0.016701688625565828,0.002213891908772533,1.0000001535475185,1.0236499597097024,1,1.102312319658926,-0.8801593523766124,1.4080608185891534,-0.6726117734149132,0.001670941263313652,1.000000047344118,0.31562745242941814,1,3.9757669288960393,3.0296056410872567,4.999537150196133,0.6517215807557217,0.011611812917804942,1.0000000012093586,0.008061309509247709,0
13.040000000000001,-0.0037536190271224915,0.0047316905125225775,-8.40904716518931e-10,0.21943752807014155,0.23882398980717587,0.325852763682457,0.8359569092345858,0.0004604613230554836,1.0000030892630416,20.59508049176459,1,0.3263565940491494,0.6409013039005582,0.7213948311465036,1.1028427727143282,-0.0018574136481545782,1.000000400026768,2.666845118861653,1,0.9738558137921542,0.14081511892351156,0.9834552775449686,0.14669779099841124,0.0022396609492227825,1.0000001540232042,1.0268211986877331,1,1.1628168378296178,-0.7882159755980229,1.4023420362658687,-0.5943563103813891,0.0016948778519423227,1.0000000481052178,0.32070145271084455,1,3.942107571275992,3.0759849816342344,5.001238473791506,0.6631880249635077,0.011826192354693298,1.000000001208287,0.008054166625344585,0
13.06,-0.003753619033870452,0.0047316905117325125,-8.431548584320048e-10,0.032599787501171436,0.35999751630697385,0.36435385374373835,1.4839498826835265,0.0004592897141722817,1.0000031570832548,21.04721524657688,1,0.1886768369708221,0.6946396998842443,0.7224275004314316,1.307990616362259,-0.0021219517523314536,1.0000003998757827,2.665838551921724,1,0.9475101279986147,0.2657202117314678,0.9839152155036185,0.27660998041957535,0.0022447055047042125,1.000000154427631,1.0295173767494386,1,1.21667204048568,-0.6917790487186942,1.3972495373822214,-0.5154949573974362,0.0017128499014153911,1.0000000488513179,0.32567545187199914,1,3.9079506962694013,3.1219756499898628,5.002964824798051,0.6746466114121218,0.012021910923388288,1.0000000012071975,0.008046902093564604,0
13.08,-0.0037536190397110198,0.00473169051091959,-8.454962446315106e-10,-0.16810998384832443,0.3657601711147443,0.4057246949594447,2.0008112429522433,0.00044932822884601194,1.000003097252634,20.64834444070376,1,0.04316031976907031,0.719263546138557,0.723518347711005,1.5125339922045868,-0.0024014642401161074,1.0000003995427051,2.6636180340862414,1,0.9054957962308712,0.38617830963786975,0.984651581213575,0.4063642421145695,0.00222477781896031,1.0000001547536561,1.0316908773123858,1,1.263493818492885,-0.5913574332846235,1.3928196790931517,-0.4360940703683139,0.0017248707242295644,1.0000000495765442,0.330510294131069,1,3.873301130169606,3.1675722431274878,5.0047159730483886,0.6860972286467304,0.012201553825737682,1.0000000012060897,0.008039517376160304,0
13.100000000000001,-0.003753619043565067,0.004731690510116553,-8.479151838124144e-10,-0.33117864651884155,0.2844001721059938,0.4393460089818161,2.4283157588735396,0.00043994826362941095,1.0000029705988158,19.80398565247719,1,-0.10411066132307817,0.7138775781495612,0.7246216728293196,1.7164556258313952,-0.0026622616766298376,1.0000003990428061,2.6602853749512407,1,0.8485422047764241,0.50020919381645,0.9856516914743298,0.5358896663552893,0.002176270536235199,1.0000001549956137,1.0333039277299643,1,1.3029418031799616,-0.48749972592070984,1.389084704346568,-0.3562261076159809,0.0017318420478894406,1.0000000502748845,0.33516589615248404,1,3.8381637590547406,3.2127694251326,5.006491687633297,0.6975397686302313,0.012368222988464912,1.0000000012049641,0.008032013966157044,0
13.120000000000001,-0.003753619045646882,0.004731690509340485,-8.50394078072414e-10,-0.4334640085613204,0.1490863333539078,0.4604452455992042,2.804706772944553,0.00043343185751737993,1.000002819478408,18.796516268628324,1,-0.24703543412737447,0.6788377483770055,0.725691685406827,1.9197642655068778,-0.0028785458132030792,1.0000003983982082,2.6559880542382133,1,0.777632871048123,0.6059540119888978,0.986898344591584,0.6651198182139063,0.0020942659662926415,1.0000001551494384,1.0343294271057735,1,1.3347245003333092,-0.3807898008265429,1.386072261002251,-0.27596899386145257,0.0017345516319263107,1.0000000509402822,0.33960188096989924,1,3.802543527696438,3.257561927865262,5.008291733695644,0.7089741258053862,0.012523623381618882,1.000000001203821,0.008024393380771924,0
13.14,-0.0037536190463095913,0.004731690508600403,-8.529172073473701e-10,-0.4659626273382005,-0.011106522781964799,0.4671642929074779,-3.1245735511252897,0.000428342777534775,1.0000026692589756,17.79505338559146,1,-0.37974566485984457,0.6157144648178757,0.7266843976477702,2.122493729509782,-0.0030382638142545317,1.0000003976367229,2.65091148530575,1,0.6939840585876751,0.7017086523647411,0.9883701913107883,0.7939939777075394,0.0019745069922649516,1.000000155212746,1.0347514772797157,1,1.3586038561667642,-0.2718415427152862,1.3838049724425723,-0.19540533972607227,0.0017336552897487191,1.0000000515667418,0.34377827902151836,1,3.7664454384629678,3.3019445516032957,5.010115873084301,0.7204001966688933,0.012668876750602789,1.0000000012026606,0.008016657155864746,0
13.16,-0.0037536190457610995,0.004731690507901484,-8.554704102221866e-10,-0.42648083035177703,-0.17005452103149196,0.4590488225659813,-2.7695890696894816,0.0004237429001734876,1.0000025369633496,16.913082544259336,1,-0.49683803060492543,0.5272083810803027,0.7275593761181697,2.3247009848172286,-0.003144587293637726,1.0000003967905333,2.6452702225830276,1,0.5990189056685926,0.7859529791006954,0.9900421878481772,0.9224582156783103,0.0018153982639203083,1.0000001551848638,1.0345655963832476,1,1.3743991035715057,-0.16129286084601405,1.3823000739411209,-0.11462153344827779,0.0017297714102270725,1.0000000521484413,0.34765627564259316,1,3.7298745502173607,3.3459121656649984,5.011963865064149,0.731817879718758,0.012805135465673313,1.0000000012014831,0.008008806843618363,0
13.180000000000001,-0.003753619044031587,0.004731690507246345,-8.580395972727917e-10,-0.3177298948051041,-0.30148159902947547,0.4366553675438281,-2.3897110953565237,0.00041996458190087166,1.0000024380057062,16.253364921599356,1,-0.593581129431709,0.4170252149986663,0.7282812905523893,2.526463418726628,-0.0032113279618710346,1.0000003958947776,2.6392985175176147,1,0.49433796274332087,0.8573753329653875,0.9918861162039835,1.0504662801780824,0.0016193195414336743,1.0000001550668172,1.0337786180700668,1,1.38198975489133,-0.0497991075525285,1.3815691282526954,-0.033706726105883995,0.0017235315531490877,1.000000052679847,0.35119897993268456,1,3.6928359772103385,3.389459709010686,5.013835466521882,0.7432270755389113,0.012933917498972054,1.0000000012002888,0.00800084401242289,0
13.200000000000001,-0.0037536190409953865,0.004731690506634388,-8.606092978015456e-10,-0.14965616284111646,-0.3759186222804628,0.4020312134431822,-1.9555584002229387,0.000418074950886276,1.0000023922677144,15.948444977231912,1,-0.666090926651844,0.2897167413744233,0.7288212185800306,2.7278754707299715,-0.0032557880425751543,1.000000394986098,2.633240654329876,1,0.38168709976006154,0.914891914181083,0.9938711549713797,1.1779802782316129,0.001393298211392059,1.0000001548612685,1.032408294261043,1,1.3813176334368513,0.0619739469157808,1.3816178308081757,0.04724826323932777,0.0017156259007899924,1.000000053155828,0.3543721866184985,1,3.6553348879679413,3.4325821908228447,5.015730431661283,0.7546276869529063,0.013057426730418972,1.0000000011990777,0.00799277024780928,0
13.22,-0.0037536190365305205,0.004731690506058762,-8.631619008957203e-10,0.05258301776289585,-0.36000860051465455,0.360358055105867,-1.4279395700541413,0.0004190437765108208,1.0000024302717327,16.201805098555933,1,-0.7114708057057612,0.15049522765774734,0.7291576797867944,2.9290447828780923,-0.0032911927718160907,1.0000003941012163,2.627341442132957,1,0.26292375600778073,0.9576608769577036,0.995964482610401,1.304971147747916,0.001149279207809096,1.0000001545724193,1.0304826321116556,1,1.37238786868469,0.17335740951930342,1.3824459113086898,0.12815209161975524,0.0017068848490885255,1.0000000535717652,0.35714510101675884,1,3.6173765041738393,3.475274691064901,5.017648510805274,0.7660196192335118,0.013178972531333143,1.0000000011978503,0.007984587153688168,0
13.24,-0.003753619031328331,0.004731690505499816,-8.656808291040985e-10,0.23400786373482396,-0.22732604126391032,0.3229642054566907,-0.7662878103306356,0.0004236969833310073,1.0000025887255113,17.25816362214784,1,-0.7279137067199086,0.00502835922435193,0.729277383198458,3.1300880122888186,-0.0033215607538619875,1.0000003932755719,2.6218371466411323,1,0.13998246767211128,0.9850911630416188,0.9981318944781792,1.4314189233433954,0.0009033342898805131,1.0000001542058754,1.0280390063869826,1,1.355268817695477,0.2836866421576837,1.3840471347076364,0.20891405120132306,0.001698252244887607,1.0000000539236495,0.3594909976224817,1,3.578966099546454,3.5175323610187563,5.019589447160234,0.7774027801906882,0.013302685342217116,1.0000000011966066,0.00797629635357402,0
13.26,-0.003753619028647736,0.004731690504921184,-8.681666744010663e-10,0.30883860775493155,0.0017968645660797209,0.3075296872081086,0.016903478554280493,0.0004329603796673634,1.000002852283408,19.015216266676326,1,-0.7147648756148621,-0.14077866936818476,0.7291756782152398,-2.952058872691692,-0.003347655272060477,1.000000392542059,2.616947060503684,1,0.01484053016854488,0.9968462735497247,1.0003384149699943,1.5573128053130745,0.0006686912885561638,1.0000001537684888,1.0251230960269393,1,1.3300909153677585,0.3923085304237068,1.38640940307467,0.28944520677874047,0.0016898440940004923,1.0000000542081677,0.3613877843671656,1,3.540108998710994,3.5593504238014164,5.021552971818809,0.7887770792897527,0.013429160676584985,1.000000001195347,0.0079678994905863,0
13.280000000000001,-0.003753619031967451,0.004731690504296113,-8.706570677093073e-10,0.2279693329667764,0.22841535890210365,0.32418358301368144,0.7969088504457837,0.00044243324383952935,1.0000030809753933,20.539829502125777,1,-0.6725444650070448,-0.28100757089888584,0.7288566997895362,-2.7509038598599673,-0.003380845979437016,1.0000003919298777,2.612865851513758,1,-0.1105154558661718,0.9928433169121242,1.0025488938799083,1.6826510431079698,0.0004444901315059839,1.000000153268179,1.0217876969910684,1,1.297044496250007,0.4985884573640451,1.3895149627854186,0.36965948003770394,0.0016795973026457283,1.000000054422767,0.3628184465723716,1,3.500810576067295,3.600724174861978,5.023538807364966,0.8001424253842028,0.013550776622762493,1.0000000011940717,0.007959398222302945,0
13.3,-0.003753619038598932,0.004731690503645421,-8.731950475182604e-10,0.044095843013664794,0.35607260671677854,0.3620745253916744,1.4526815339661134,0.00044433730294906156,1.000003157268695,21.048451513516607,1,-0.6029297306040022,-0.4099517723240347,0.7283332108737111,-2.5495152412130193,-0.0034240205839058445,1.000000391463519,2.6097567924844327,1,-0.23412153302382477,0.973247772337224,1.0047285865867723,1.8074406628405544,0.00022876956640316567,1.000000152713743,1.0180914575676376,1,1.2563766678378214,0.6019168106850136,1.3933407053831797,0.4494746609445177,0.0016656460340040474,1.000000054565704,0.3637713602795913,1,3.461076254655905,3.641648982459713,5.0255466840758976,0.8114987270144102,0.013663273960494418,1.0000000011927812,0.007950794214000008,0
13.32,-0.003753619044435311,0.004731690503010137,-8.75785425950848e-10,-0.15750514202863516,0.3674871003194083,0.4036293626940564,1.9756210773713048,0.000439415817420927,1.0000031026732157,20.684481651989646,1,-0.5086969909108939,-0.5223354981682474,0.727626157143262,-2.3477847836069836,-0.003458070125074587,1.0000003911618927,2.6077459510890018,1,-0.35406634296684014,0.938464472853763,1.0068436969200136,1.931697077280866,3.097707020727734e-05,1.0000001521146598,1.0140975690330738,1,1.2083873464024695,0.7017148746095163,1.3978585306073381,0.5288133133901499,0.0016480134140725948,1.0000000546360703,0.36424046840447805,1,3.4209115050229935,3.6821202881207484,5.027576340571892,0.8228458956199555,0.013771119375644849,1.0000000011914754,0.007942089141900983,0
13.34,-0.003753619048275603,0.004731690502414994,-8.784085707078115e-10,-0.3233686633719651,0.28995576547695273,0.43782698631352535,2.4068698933140027,0.00043198448925729847,1.0000029783462312,19.855635088528164,1,-0.3936240120471301,-0.6135208133167668,0.7267639298955562,-2.1456172038409482,-0.0034619126416318533,1.000000391037614,2.606917426805429,1,-0.46851873496536034,0.8891253416471524,1.0088618662838094,2.055443586203034,-0.00013897545434250882,1.0000001514808932,1.0098724582789511,1,1.1534245920785882,0.7974399875544511,1.4030357722750662,0.6076035424198826,0.0016269074315630131,1.000000054633795,0.3642253008136823,1,3.3803218440816454,3.7221336070723257,5.029627512516965,0.8341838461327781,0.013879195348822827,1.0000000011901549,0.007933284696795868,0
13.360000000000001,-0.0037536190503110823,0.004731690501867631,-8.810422369963378e-10,-0.42923768913961025,0.15677563392584704,0.4596652275443116,2.785216026802133,0.0004250395877464222,1.0000028277855075,18.8518969303908,1,-0.2623541805989421,-0.679695957433346,0.7257813419329281,-1.9429339939335992,-0.0034231925551958613,1.0000003910964643,2.607309762371238,1,-0.5757527942948338,0.8260744126654812,1.0107526155421496,2.178710782343168,-0.000276904880251521,1.00000015082271,1.005484571071285,1,1.0918793975058414,0.8885898794341623,1.4088356846502599,0.6857796169270409,0.0016020759942461094,1.0000000545596277,0.36373085130813715,1,3.3393128339702165,3.7616845286569194,5.031699928523095,0.8455124959732084,0.013990270826745628,1.0000000011888195,0.007924382581173192,0
13.38,-0.0037536190509047593,0.004731690501366688,-8.836681013660308e-10,-0.4655940914151824,-0.002750683552927356,0.4671798824028722,3.139711014463602,0.00041916983363442137,1.0000026770409993,17.84693354276922,1,-0.12022484383021836,-0.7180379229506872,0.7247183391944269,-1.7396767710678767,-0.003339571765527728,1.0000003913370534,2.6089136896806036,1,-0.6741701669196533,0.7503506394885422,1.0124877382330173,2.3015358920174163,-0.0003829344809546634,1.0000001501505098,1.0010032351449092,1,1.0241800919618482,0.9747061370397031,1.4152179683000576,0.7632824444210278,0.001573016680753131,1.0000000544150989,0.36276732524986205,1,3.297890080909675,3.8007687167267425,5.033793310691775,0.8568317644226021,0.014105813863221212,1.0000000011874697,0.007915384506240727,0
13.4,-0.0037536190502798997,0.004731690500906639,-8.86271629869928e-10,-0.42996429072663056,-0.1624147290052063,0.45985891271863805,-2.7891289566573394,0.000413794924633536,1.000002543397929,16.955979740232856,1,0.02693641418314677,-0.7268419837801107,0.7236184781008331,-1.535809999733797,-0.003217773641462763,1.0000003917507094,2.6116713955938518,1,-0.7623196471736214,0.6631689555441653,1.0140416445230231,2.4239620725783504,-0.00045942839531270906,1.0000001494746606,0.9964975741872281,1,0.9507865229546246,1.0553767804427672,1.4221393174237278,0.8400598957861966,0.0015392118296544215,1.0000000542024658,0.3613497716219769,1,3.2560592340605576,3.8393819100179947,5.035907375696977,0.8681415723914196,0.014226678864414736,1.0000000011861059,0.007906292191102643,0
13.42,-0.0037536190484818033,0.0047316905004796345,-8.888406039832264e-10,-0.3247752445020411,-0.2960314927338892,0.438200284419673,-2.411266384879967,0.0004086746062861646,1.0000024422055085,16.28136360403468,1,0.17304204364014067,-0.7056109672480017,0.7225272094898753,-1.331322927688831,-0.003071057214710904,1.0000003923216259,2.615477505719196,1,-0.8389140621998371,0.5658999933582755,1.0153916574175688,2.546037680665432,-0.0005099807018275786,1.0000001488053532,0.9920355246852987,1,0.8721841699416791,1.1302379650680134,1.429553974206363,0.9160669841214512,0.0015003037415928097,1.000000053924643,0.3594976193483567,1,3.2138259843795107,3.8775199225044594,5.038041835587042,0.8794418423613105,0.014353497678801633,1.000000001184728,0.007897107363144144,0
13.440000000000001,-0.0037536190453969203,0.0047316905000753424,-8.913635571837497e-10,-0.1594424272922842,-0.3743621523561425,0.4041419779539948,-1.9809399965882324,0.0004040376116711508,1.0000023929402033,15.952928236537383,1,0.3119938228845137,-0.6550976744555241,0.721490024491435,-1.1262305832929973,-0.0029148361499622515,1.0000003930272954,2.620181968997047,1,-0.9028445350846341,0.46004880728800324,1.016518262437689,2.6678155224340983,-0.0005385427237036279,1.0000001481524698,0.9876829691080018,1,0.7888783312807092,1.1989748515855376,1.4374142771973097,0.9912659072574577,0.0014562670744220525,1.000000053585121,0.35723414068162174,1,3.1711960634754934,3.9151786437304827,5.040196398237466,0.8907324984308634,0.014487062423362467,1.0000000011833368,0.00788783175880165,0
13.46,-0.0037536190408970346,0.0047316904996784715,-8.938287571029491e-10,0.04202476626778627,-0.36415908572652006,0.36262929353254664,-1.4594938132244084,0.0004002674169965313,1.0000024254520719,16.169674026944804,1,0.43794157464664607,-0.5772951576331568,0.720550532728206,-0.9205737036610706,-0.0027608578061706184,1.0000003938392457,2.6255949711402793,1,-0.953192238115574,0.34723288117640944,1.0174053129019622,2.789352094955858,-0.000548293827512784,1.000000147525471,0.9835029765643921,1,0.7013885073520971,1.2613217081005046,1.4456711919393759,1.0656259675816904,0.0014076226534705224,1.0000000531878799,0.35458586541067777,1,3.1281752424658213,3.952354039123462,5.042370767084575,0.9020134664651387,0.014628852465880311,1.000000001181932,0.007878467124457531,0
13.48,-0.003753619035591885,0.004731690499262737,-8.96226750798923e-10,0.22661645200032313,-0.23791828753913855,0.3245847675772352,-0.8056181927466497,0.0003999528611410488,1.000002576866848,17.179105866910398,1,0.5455398319087228,-0.475371645092908,0.7197485575318299,-0.7144175037488891,-0.002614051707642048,1.00000039472408,2.6314938678581536,1,-0.9892377593987968,0.2291596425683734,1.0180401933858183,2.9107068259950473,-0.0005407051216959457,1.0000001469332958,0.9795551423378799,1,0.6102430817125047,1.3170613257306212,1.4542748130451855,1.1391233852312839,0.001355495372944773,1.0000000527372954,0.35158196921287094,1,3.084769330832211,3.989042150286016,5.044564638913893,0.913284674226273,0.01478097031560402,1.0000000011805144,0.007869015217517438,0
13.5,-0.0037536190325875816,0.00473169049878659,-8.985652968224178e-10,0.3092619659097334,-0.012050109617489022,0.307542025600179,-0.02668880275878279,0.00040743686400021865,1.0000028373496088,18.915657606816616,1,0.630189634554395,-0.3535497410395928,0.7191183492761405,-0.507849258525691,-0.002479548271242342,1.0000003956447836,2.6376318909487466,1,-1.0104682029025078,0.10760365137108019,1.0184139416648557,3.0319413177801304,-0.0005183560631412431,1.000000146384277,0.9758950169491591,1,0.515974379734565,1.3660238395162954,1.46317482851426,1.211741020293056,0.0013003745663302184,1.0000000522380488,0.34825365794046875,1,3.040984175276836,4.025239095268195,5.046777699144834,0.9245460506938232,0.01494192333174555,1.0000000011790837,0.007859477806903246,0
13.520000000000001,-0.003753619035557078,0.004731690498217574,-9.008899685275518e-10,0.23624733494135794,0.21776458355509565,0.32257885437322276,0.7574811766149275,0.0004166380363600645,1.0000030722002313,20.481328423355286,1,0.6882521252599302,-0.21693295011852992,0.7186870165044542,-0.3009747564517011,-0.0023670950514269404,1.0000003965623234,2.6437488226843304,1,-1.0165821266178003,-0.01561641434809476,1.0185213251853928,-3.1300667144517025,-0.00049198792939462,1.0000001458860666,0.9725736149426768,1,0.4191141618545775,1.4080850520870536,1.4723209467405685,1.283468018484038,0.0012400157429996294,1.000000051695035,0.34463356655865446,1,2.996825658578688,4.060941068821056,5.049009623863814,0.9357975237713564,0.015100940987535411,1.0000000011776407,0.007849856668815526,0
13.540000000000001,-0.0037536190421251624,0.004731690497572263,-9.032553897544982e-10,0.055600211053285636,0.3518669182388593,0.35980558216928243,1.4210281757468997,0.00041925299306506123,1.0000031570619767,21.04707339237066,1,0.7172211981243855,-0.0712862578047091,0.7184732396330111,-0.09391373788139155,-0.002282005344054853,1.0000003974374254,2.649582836823417,1,-1.0074923987149236,-0.1386608876046507,1.0183608808795483,-3.008882977094743,-0.0004725156270223986,1.0000001454455734,0.9696369926737932,1,0.32018958747863746,1.4431643583838638,1.4816632934153646,1.3542994064589615,0.0011726228561511356,1.000000051113278,0.3407551863277099,1,2.9522996984523093,4.0961443426335356,5.05126009668001,0.9470390199385381,0.015249552653695807,1.0000000011761851,0.007840153577658644,0
13.56,-0.0037536190480687024,0.00473169049689229,-9.056789190137193e-10,-0.14673970967062505,0.36901953739709753,0.40151276662050994,1.9501722813844697,0.00041583070595694845,1.0000031078872809,20.71924208709899,1,0.7158442774209447,0.07721892961342572,0.7184863585884689,0.11320546443333099,-0.0022126666784290567,1.0000003982323717,2.6548824779177456,1,-0.9833270203989396,-0.25969229233195307,1.0179349336534054,-2.8876292018199194,-0.00046094165335150785,1.0000001450689064,0.9671258795900334,1,0.2197196668013176,1.4712223666317628,1.49115275787168,1.4242356618313536,0.0010995619570383023,1.0000000504978501,0.3366523341335897,1,2.9074122464107224,4.130845265551441,5.05352881359991,0.9582704674454467,0.015389086612592194,1.0000000011747177,0.007830370304185423,0
13.58,-0.0037536190520520794,0.004731690496206085,-9.08151638959187e-10,-0.31533070117131734,0.29541379549590646,0.4362722693800573,2.385276122342762,0.0004112157103938367,1.0000029860109683,19.90673333644606,1,0.6841832419980385,0.22228221722016428,0.7187259105399999,0.32025177220582535,-0.002148940559280252,1.0000003989128021,2.6594186803955178,1,-0.9444279294631813,-0.3768985204248061,1.0172495782560131,-2.7662426645423674,-0.00045468367154282265,1.0000001447613267,0.9650753489324831,1,0.1182122014290589,1.492258303983697,1.500741279493856,1.493282258149438,0.0010228074816245976,1.000000049853802,0.33235867991418727,1,2.8621692866310724,4.165040263776737,5.055815473016237,0.969491797473461,0.015522085598603916,1.0000000011732384,0.007820508616697324,0
13.600000000000001,-0.0037536190542321393,0.004731690495526665,-9.106605070724472e-10,-0.4247566531107871,0.16445100687393463,0.4588433588863591,2.7656600385591004,0.0004074168246160603,1.000002836083913,18.90721963497335,1,0.6236113641463413,0.3577588242596594,0.7191816415633688,0.5270973777712328,-0.002095916734384547,1.0000003994493762,2.6629958410121968,1,-0.891347762530011,-0.4885159511209783,1.0163146178539781,-2.6446622409926825,-0.00045153006890589055,1.0000001445272024,0.9635145198435878,1,0.016161200758631807,1.5063072869100766,1.510382090845377,1.5614491957873287,0.0009437939540378684,1.0000000491860996,0.3279073316138252,1,2.8165768348229157,4.198725841048827,5.058119771143989,0.9807029434063543,0.015649202014672563,1.0000000011717476,0.007810570276280088,0
13.620000000000001,-0.0037536190549716285,0.004731690494859548,-9.131950803181743e-10,-0.4649631702961468,0.005665729058151063,0.4671515943842518,3.1208137851358444,0.00040381341235329224,1.000002684864379,17.899089407092752,1,0.5367464736349102,0.47793551554704045,0.7198339871942072,0.7336235836005255,-0.002073416085252161,1.0000003998191758,2.6654611724793233,1,-0.8248445195066397,-0.5928524439586739,1.0151434650374516,-2.5228291596910823,-0.00044958812691267065,1.0000001443699669,0.962466283653208,1,-0.08595524928981851,1.5134375273681997,1.520029921884555,1.6287505359957974,0.0008635779640516133,1.0000000484995715,0.3233304771760067,1,2.7706409371012417,4.231898578808767,5.06044140245947,0.991903840322803,0.015770093679575443,1.0000000011702457,0.007800557031992891,0
13.64,-0.0037536190544987203,0.004731690494207486,-9.15747163862668e-10,-0.4331908508583592,-0.15463965196912627,0.46062628549364365,-2.808595621807152,0.00039959635984906596,1.0000025499188108,16.999452285326818,1,0.42732487151318305,0.5777827860812531,0.7206549929454107,0.939726130122305,-0.0021077032178498365,1.0000004000067628,2.6667117526275947,1,-0.745874043862566,-0.6883101106347002,1.0137530056816617,-2.400687756728445,-0.0004469311003308987,1.0000001442920814,0.9619470469703996,1,-0.18767669608844553,1.5137475352670915,1.5296411651752613,1.6952039482045498,0.0007830444071399809,1.0000000477988633,0.3186590883903816,1,2.7243676688652534,4.264555136344995,5.062780060894242,1.003094424891451,0.01588428161341031,1.0000000011687327,0.007790470621064217,0
13.66,-0.0037536190528629724,0.004731690493572076,-9.183090642073122e-10,-0.33158824620794236,-0.290361691128874,0.4397082474935698,-2.4326632043468766,0.00039553758532727634,1.0000024465479977,16.310313531771655,1,0.30002430631489,0.6531702796189349,0.7216096201653951,1.1453197238421047,-0.0022191028589355504,1.0000004000048297,2.6666988642110043,1,-0.655580209713635,-0.7734077339994514,1.0121634236413137,-2.2781862292700046,-0.00044145029009688,1.000000144294997,0.9619664839975042,1,-0.2885616449634605,1.5073633672061213,1.5391740043981965,1.7608302772647224,0.0007030444962556585,1.0000000470884027,0.31392268504033677,1,2.677763133682491,4.296692250918953,5.065135440694113,1.014274635460517,0.015991656763442188,1.000000001167209,0.007780312774371689,0
13.680000000000001,-0.0037536190499522773,0.0047316904929532565,-9.208717859435223e-10,-0.16906181878820778,-0.3724873399046861,0.4062306945901197,-2.0060493411233846,0.000394138896390377,1.0000023938412916,15.95893549191126,1,0.16024718246831476,0.7010354625220854,0.7226573604413833,1.3503415457707029,-0.0024105757908101217,1.0000003998144165,2.665429442629883,1,-0.5552826942760798,-0.8468026552816509,1.0103979843912207,-2.1552773839088304,-0.0004302432399936091,1.0000001443791195,0.962527300438273,1,-0.38818853813174775,1.4944359616348197,1.548588509843652,1.8256531357979204,0.0006245560823534014,1.0000000463723733,0.30914915458796144,1,2.6308334621772134,4.328306737869499,5.067507236810083,1.02544441225926,0.01609293369377445,1.000000001165675,0.00777008522521728,0
13.700000000000001,-0.0037536190456235437,0.004731690492346513,-9.234238321914612e-10,0.03148198932559028,-0.3679018118960144,0.36491146658079143,-1.4906483292132489,0.000397068261211986,1.0000024209750336,16.139827103937424,1,0.013876857681429338,0.7194991725867085,0.7237540657467105,1.5547536016539503,-0.002662261169197799,1.000000399444702,2.662964679177654,1,-0.44646221426677507,-0.9073118945324739,1.0084827750764054,-2.0319193746044215,-0.0004083688658314864,1.0000001445437814,0.9636250456894034,1,-0.4861564285586892,1.4751385915069126,1.5578467049182936,1.889698525502801,0.0005489482913601992,1.0000000456546934,0.30436462168781514,1,2.58358481092188,4.359395490696145,5.069895144488222,1.0366036977110609,0.01619024181660237,1.0000000011641306,0.007759789718340564,0
13.72,-0.0037536190404011656,0.004731690491736531,-9.259533868821723e-10,0.21897660771328992,-0.24813680195015436,0.32627182522197046,-0.8445573677572296,0.00040407537583684477,1.0000025653410733,17.102267369932385,1,-0.1329796420389826,0.7079253570630876,0.7248538927505918,1.758543861895501,-0.002934748108312418,1.0000003989124053,2.6594160352226663,1,-0.3307431188539123,-0.9539322081182805,1.006446397794441,-1.9080764204281013,-0.00036917079841460157,1.0000001447872202,0.9652479726182506,1,-0.5820853890695368,1.449664457345905,1.5669126070061763,1.952994490052672,0.0004782437298497161,1.0000000449390043,0.2995933621931768,1,2.536023361330977,4.389955481121952,5.072298856835067,1.0477524367767062,0.016287212610928824,1.0000000011625763,0.007749428016449731,0
13.74,-0.0037536190372262105,0.004731690491091862,-9.284624223962479e-10,0.309255427473724,-0.025826769093489868,0.3076576436002024,-0.07029011102305208,0.00041493583134658734,1.000002822294412,18.815289627328188,1,-0.27424976981231286,0.6669256929756189,0.7259112586524901,1.9617262188556772,-0.0031871307181389704,1.0000003982408627,2.6549390849720456,1,-0.20987326522274255,-0.9858587265416817,1.004319617254482,-1.783719486391346,-0.00030996934316928216,1.0000001451065592,0.96737689821276,1,-0.6756166954631715,1.4182244364112682,1.5757522434122928,2.015570799882428,0.0004142156683500401,1.0000000442286638,0.29485775963126143,1,2.48815531855704,4.419983759137546,5.074718059129704,1.0588905766097774,0.01638487737287015,1.0000000011610124,0.00773900190268354,0
13.76,-0.0037536190399324676,0.004731690490386627,-9.309884321795359e-10,0.24426417557567282,0.20686975631760052,0.32104048387377426,0.7176318631488442,0.0004265063160333891,1.0000030628931857,20.419281453015806,1,-0.40414317308166176,0.5983125480515992,0.7268827165333204,2.1643393493852905,-0.0034085058658258702,1.0000003974588558,2.649725705229201,1,-0.08570115734409886,-1.0025017554327114,1.002134961263707,-1.6588269068026804,-0.00024191971266549918,1.0000001454977918,0.9699851155908896,1,-0.7664128198975351,1.3810449971614167,1.5843336450655803,2.0774586634557473,0.0003555247472884329,1.000000043526746,0.29017830608091505,1,2.439986910389377,4.449477453028408,5.07715242775626,1.070018064402277,0.01647476548039549,1.000000001159439,0.007728513176224448,0
13.780000000000001,-0.003753619046472186,0.0047316904896415254,-9.335793240902723e-10,0.06711228232111893,0.3473748194593523,0.3575452667314154,1.388944206912207,0.0004320718024001147,1.0000031564179965,21.042780191319743,1,-0.5173795974191674,0.5050057385492532,0.7277286841025512,2.366444622949589,-0.003607330402924897,1.0000003965992734,2.6439951556030508,1,0.039849599332316514,-1.0035012677623156,0.9999262639762121,-1.5333849414269245,-0.00017783426168759526,1.0000001459557852,0.9730384050580836,1,-0.8541572681557704,1.3383662825021443,1.5926268362153386,2.138690464010019,0.0002993881202460712,1.0000000428360467,0.28557364422440873,1,2.3915243861576228,4.478433769388253,5.079601645320085,1.0811348464292327,0.016549717464929045,1.0000000011578567,0.007717963640493131,0
13.8,-0.0037536190525186202,0.004731690488903091,-9.362455359596122e-10,-0.13581055502004805,0.3703563157631289,0.399371094387214,1.9244325146986279,0.00043218435026492016,1.0000031128669118,20.75243962656191,1,-0.6093896837448913,0.3908997591241429,0.7284149667835057,2.5681232394130844,-0.003782371582025878,1.0000003956976835,2.63798455740123,1,0.16480838256196284,-0.9887385752282856,0.9977281660687618,-1.4073882581214372,-0.00011755535924827277,1.000000146474298,0.9764951567135794,1,-0.9385542920679244,1.2904403610838808,1.600603820555144,2.1992995359513556,0.00024562082486756634,1.000000042159095,0.28106063359516265,1,2.3427740156430863,4.506849993118404,5.0820654079525,1.0922408710082538,0.01661348084920988,1.0000000011562653,0.007707355096733684,0
13.82,-0.0037536190565953427,0.004731690488203634,-9.389689477334873e-10,-0.30706288936868426,0.300777881307917,0.4346783241884635,2.363514722023526,0.00043258670570636026,1.0000029935790822,19.957187428203543,1,-0.6764833494748345,0.26069869965492526,0.7289140207211718,2.7694727567908073,-0.003934626931740454,1.000000394790884,2.631939226528823,1,0.2871879217876964,-0.9583446465100985,0.9955755872938696,-1.2808403036683902,-5.7683130519065475e-05,1.0000001470460171,0.9803066185538182,1,-1.0193285057415356,1.2375296433979694,1.6082385439809996,2.259319975552937,0.000195151319052341,1.0000000414981636,0.2766544239154672,1,2.293742087997478,4.5347234874103455,5.084543415546673,1.1033360900599185,0.016671905746962028,1.0000000011546655,0.007696689345024412,0
13.84,-0.0037536190588236948,0.004731690487557463,-9.4172615972693e-10,-0.4200224290210054,0.17211923668990317,0.4579778592962264,2.7460263156945577,0.00043606281882835237,1.000002844367807,18.96244559515958,1,-0.7159821498690248,0.11972609666861785,0.7292059346421647,2.9706031540953406,-0.004073062270187649,1.0000003939154825,2.626103216048607,1,0.4050165698308315,-0.9127045453139196,0.9935031654449582,-1.1537535331028952,2.757883442360988e-06,1.000000147662618,0.9844172904366483,1,-1.096224430730544,1.1799054575105203,1.6155068448191974,2.318786474070597,0.0001486037990105459,1.00000004085528,0.2723685343923048,1,2.2444349106677577,4.562051693711857,5.087035365486849,1.114420458496987,0.016728878875396248,1.0000000011530574,0.007685968181968607,0
13.860000000000001,-0.003753619059570331,0.004731690486968817,-9.444963734728251e-10,-0.4640756602927342,0.014151396358629336,0.4670801286716689,3.101909160136834,0.0004415904849293675,1.0000026927269818,17.95150675936795,1,-0.726313354223266,-0.026283305045808832,0.7292791216358752,-3.1115527296094405,-0.00420737717698165,1.000000393106537,2.6207102467379313,1,0.5163719643333198,-0.8524574970897165,0.9915446677415214,-1.026149482249544,6.301700040292404e-05,1.0000001483148473,0.9887654856855049,1,-1.1690059916268736,1.1178467771558847,1.6223864025335828,2.377734173599431,0.00010627002596042231,1.0000000402322418,0.2682149446213033,1,2.1948588083280467,4.588832131678368,5.089540951819632,1.125493933605849,0.016786974027591547,1.0000000011514412,0.007675193396467146,0
13.88,-0.0037536190590753754,0.004731690486436875,-9.472616831554537e-10,-0.43617127404592426,-0.14671978322620066,0.4613542363600817,-2.828004221285697,0.00044791422706530676,1.0000025565233996,17.043482877875363,1,-0.7070644402413329,-0.1714032862208667,0.7291307173380556,-2.9105024106724966,-0.004339624735824317,1.0000003923962717,2.6159751444404944,1,0.6194154327267839,-0.7784921643304931,0.9897323884954082,-0.8980586655519321,0.0001218757639502488,1.000000148992636,0.9932840765240193,1,-1.2374559806561116,1.0516390931589397,1.6288566858010205,2.436198545698393,6.82852615899578e-05,1.0000000396306294,0.26420419598006545,1,2.145020121819576,4.615062399109461,5.092059865693685,1.1365564747853878,0.01684824264108599,1.0000000011498171,0.0076643667673855515,0
13.9,-0.0037536190574014886,0.004731690485957693,-9.50005767628992e-10,-0.33818499334585334,-0.28446344144325164,0.44118437011799566,-2.4539273745251515,0.0004546456268055335,1.0000024510251264,16.340161057040582,1,-0.6589973684026995,-0.3097411154918235,0.7287666790500826,-2.7093101402484603,-0.004461325090122036,1.000000391812968,2.612086453294031,1,0.7124263715205617,-0.6919368185801613,0.9880965474529831,-0.7695202829136883,0.00017852627973432528,1.000000149685239,0.9979014314678536,1,-1.3013755073690858,0.9815734182208865,1.6348989001531657,2.494215290816883,3.473767039388437e-05,1.0000000390518249,0.2603454996931256,1,2.0949252070988176,4.6407401718700205,5.094591795755213,1.147608043473226,0.01691465341114072,1.0000000011481855,0.007653490063263263,0
13.92,-0.0037536190544483466,0.0047316904855240465,-9.527124558011968e-10,-0.17853436316119917,-0.37028857825292977,0.40830226417886833,-2.0309286370082362,0.0004606509624910139,1.000002394952752,15.966345226539081,1,-0.5840224598722802,-0.43566164787676087,0.7282015682098538,-2.5078601963421643,-0.004558399684110909,1.0000003913800488,2.6092003259424446,1,0.7938357283943055,-0.594144241716661,0.9866647040100308,-0.6405817250396623,0.00023331713918550674,1.000000150381406,1.0025425433746191,1,-1.3605834471284544,0.9079454145969078,1.6404959360648177,2.5518202563032824,5.7548484365244755e-06,1.0000000384970273,0.2566468488206191,1,2.0445804341936977,4.665863203795806,5.097136428309958,1.1586486031810246,0.01698848459909016,1.0000000011465469,0.007642565043185982,0
13.940000000000001,-0.0037536190500704536,0.00473169048512313,-9.553647655966002e-10,0.020935872366320538,-0.371235160366904,0.36720617001285705,-1.521460763904189,0.00046568191505998104,1.0000024168131325,16.11208109758907,1,-0.48513213492725354,-0.5440044338056377,0.727458023337199,-2.3060465646566133,-0.004613939297820029,1.0000003911152149,2.6074347656398924,1,0.86225764505653,-0.4866713653287875,0.9854612033797353,-0.5112978743539751,0.0002886442458751004,1.0000001510695748,1.0071303361240025,1,-1.4149158999588725,0.8310546339522829,1.645632318579708,2.6090493711042746,-1.8346794997323235e-05,1.0000000379672698,0.25311513130180097,1,1.9939921861678245,4.690429326583394,5.099693446955451,1.1696781196503583,0.01707290141858139,1.000000001144901,0.007631593458311454,0
13.96,-0.003753619044723577,0.004731690484730777,-9.579469596038281e-10,0.21107527750906305,-0.2579764244799878,0.3280217373360365,-0.8831566576257679,0.00047128507193170733,1.0000025541350603,17.02756061625681,1,-0.3662952996652426,-0.6302874619736288,0.726565948423895,-2.103777056100748,-0.004608072003139965,1.0000003910297226,2.6068648176948974,1,0.916518290236486,-0.3712538569994476,0.9845066713247079,-0.38173020765920324,0.00034970644169745723,1.0000001517380932,1.0115871251001365,1,-1.4642256694708562,0.7512038587147143,1.6502941592350762,2.6659385959098367,-3.685934166760475e-05,1.0000000374634361,0.2497562415321397,1,1.9431668580926806,4.714436449664524,5.1022625304852465,1.1806965610980409,0.017172193107256407,1.0000000011432486,0.007620577054098837,0
13.98,-0.003753619041192221,0.0047316904843060035,-9.604579492838994e-10,0.30879917606978535,-0.03951822068367104,0.30787148692193733,-0.1139195451848872,0.0004804157086758829,1.000002807147562,18.71431062743993,1,-0.2323139158381825,-0.6908907844016821,0.7255614293352904,-1.9009770529844003,-0.004528053248665606,1.0000003911278816,2.6075192113374657,1,0.9556809336840437,-0.2497760746061425,0.9838175760152285,-0.25194571647828706,0.00042161263618647153,1.0000001523754518,1.0158361824327125,1,-1.5083817699227993,0.6686985344456025,1.6544691083405556,2.722523887922587,-4.914932446679182e-05,1.0000000369862783,0.246575188787186,1,1.8921108560276205,4.737882560064777,5.1048433472587735,1.19170389793619,0.017287958512010888,1.0000000011415897,0.007609517573339876,0
14.0,-0.0037536190434547872,0.004731690483810969,-9.629337136690674e-10,0.25198853476231314,0.19573801927834866,0.3195654179931765,0.6773512635267636,0.0004914367728079377,1.0000030530912671,20.353935327845292,1,-0.08864437810284763,-0.7232129047281388,0.7244853915644129,-1.6975927381034481,-0.004390244664766906,1.0000003914067657,2.609378437599396,1,0.979066387977457,-0.12423702116938067,0.9834058789681432,-0.12201566633604423,0.0005009219364508371,1.0000001529705282,1.0198033593580145,1,-1.5472689680311524,0.5838462830445618,1.6581463023400846,2.778841175327676,-5.6650264041574895e-05,1.0000000365364303,0.24357620159522175,1,1.8408305960071865,4.760765722247023,5.10743555226042,1.20270010061989,0.017411182683894598,1.0000000011399246,0.007598416757350393,0
14.020000000000001,-0.0037536190498162862,0.004731690483253519,-9.654257115965237e-10,0.07860347507801066,0.34259348020907415,0.35529139817560507,1.3564233900122213,0.0004968525332853929,1.0000031553752868,21.035828793090385,1,0.05881220556952777,-0.7257926148658173,0.7233820215065452,-1.4935936595622201,-0.004222055756559761,1.0000003918561577,2.6123743848510186,1,0.9862680709733904,0.0032868736721073403,0.9832787793784333,0.007985781481534497,0.0005817469301108742,1.0000001535128424,1.0234187868863591,1,-1.580787364873602,0.49695648692382266,1.6613163172474157,2.8349263327584935,-6.204308704147113e-05,1.0000000361144241,0.240762827439717,1,1.789332503036036,4.783084077941655,5.1100388010560795,1.2136851379771567,0.017531888364006383,1.0000000011382535,0.00758727634116293,0
14.040000000000001,-0.0037536190558697226,0.004731690482670585,-9.67951210503748e-10,-0.12474112823853943,0.3714916216617616,0.39720317133445515,1.8984020734620481,0.000494737049448632,1.0000031176555284,20.78436373705995,1,0.20394491763405231,-0.6983891407679736,0.7222970049993196,-1.2889744881611287,-0.004032363973214558,1.0000003924587604,2.616391735450021,1,0.9771611203387538,0.13068116235652733,0.9834385447063583,0.13798303822573707,0.000667126908396856,1.000000153992797,1.0266184841786785,1,-1.6088520222147424,0.40833993464206014,1.663971144149915,2.890815167073618,-6.61395567019479e-05,1.000000035720704,0.23813802662175862,1,1.7376230100934154,4.804835845964577,5.112652760587172,1.2246589796771123,0.01765103582622424,1.0000000011365768,0.007576098050996438,0
14.06,-0.0037536190599968596,0.004731690482087107,-9.704993605627599e-10,-0.29858504246787654,0.3060414787385892,0.43304499553848325,2.34158867649354,0.0004891649523024242,1.0000030010927754,20.007278716397433,1,0.3406851616544189,-0.6420142011744386,0.7212756510500427,-1.0837558002948218,-0.0038272542418712023,1.0000003931906938,2.6212712924102566,1,0.9519052124134877,0.25583387752007025,0.9838824526333161,0.267900589408887,0.0007625856028887566,1.0000001544018984,1.0293458269712794,1,-1.631392636771739,0.31830851889696593,1.6661041658745237,2.9465434194666527,-6.877746089346397e-05,1.0000000353556389,0.23570425954497645,1,1.6857085571472845,4.826019322020595,5.11527710156768,1.2356215980693066,0.017772106304309244,1.0000000011348946,0.0075648836091112065,0
14.08,-0.0037536190622828973,0.004731690481511061,-9.730548077360734e-10,-0.41505157248314295,0.17977339823066388,0.4570687350766475,2.7263170482877963,0.00048359728544476933,1.0000028526732443,19.01781517644829,1,0.46326599988918804,-0.5589110455240729,0.7203609655327907,-0.8779837554826457,-0.0036185157440290702,1.000000394022301,2.626815339938669,1,0.9109409743455162,0.37667596047664254,0.9846028527949735,0.397664493406322,0.0008706236198118197,1.0000001547329551,1.0315528711896902,1,-1.6483532651748762,0.22717497815794488,1.6677101284525995,3.002146772267404,-7.000329641532226e-05,1.000000035019535,0.23346356756491143,1,1.633595590176317,4.846632878492019,5.117911492152748,1.246572967712727,0.017896242655476468,1.0000000011332073,0.0075536347355116265,0
14.100000000000001,-0.0037536190630986592,0.00473169048094166,-9.756060161125735e-10,-0.46294408023793043,0.022698983089413004,0.46696402699671646,3.0829977625601077,0.00047886541930290043,1.0000027006564975,18.004370197170793,1,0.5664768827974856,-0.45247778487539625,0.7195917606644987,-0.6717285989363454,-0.0034185980425879693,1.0000003949192557,2.6327950379869316,1,0.8549801272923325,0.4912204661018097,0.9855873376399055,0.5272038342486093,0.00099003279898799,1.0000001549802422,1.0332014515032848,1,-1.6596921017085458,0.13525267354462503,1.6687851170182995,3.057660857326004,-7.015313606341893e-05,1.0000000347126472,0.23141764760186392,1,1.5812905601999239,4.866674964214778,5.120555597273946,1.2575130647053407,0.0180228149590485,1.000000001131515,0.007542353144842586,0
14.120000000000001,-0.003753619062695014,0.004731690480374855,-9.781454032159465e-10,-0.43891207344133815,-0.13866299720100256,0.4620378256071219,-2.847352698274537,0.00047464816297861936,1.0000025632329281,17.08821306865282,1,0.6459007545790102,-0.32713530813211883,0.7190008987138526,-0.46508197906598525,-0.0032346009933797693,1.0000003958439545,2.638959697258111,1,0.7849897383409116,0.5975994544541047,0.9868190137610482,0.6564520826710049,0.0011161395192979728,1.0000001551396258,1.034264008728389,1,-1.6653813103436663,0.042855392851201754,1.6693265384299203,3.113121267003336,-6.971645946067476e-05,1.0000000344351883,0.22956792118318656,1,1.5287999223174003,4.886144104243215,5.123209079687632,1.2684418663624801,0.018150363700745246,1.0000000011298182,0.0075310405425640615,0
14.14,-0.003753619061144467,0.0047316904798055445,-9.806676477819298e-10,-0.34456275323765756,-0.27834462152236716,0.4426188409187976,-2.4750477265019644,0.0004710279106593239,1.000002455658808,16.371052267771436,1,0.6981202231540903,-0.18814358739787157,0.7186137685772856,-0.25815314724450017,-0.003064547434444658,1.0000003967571405,2.645047602549062,1,0.7021711715170195,0.6940975993504911,0.9882768640836362,0.7853483262241212,0.0012412820926753813,1.0000001552086424,1.0347241191512568,1,-1.6654069120579331,-0.04970282618679291,1.6693331099331419,-3.11462173969542,-6.922980412814428e-05,1.0000000341873398,0.22791559828617186,1,1.4761301347568405,4.905038899603686,5.12587160117816,1.2793593511183787,0.018277204079303732,1.000000001128117,0.007519698621820242,0
14.16,-0.0037536190583533358,0.0047316904792276725,-9.83167836206278e-10,-0.18784406880746005,-0.36777039833699876,0.41034219776848196,-2.055545205230924,0.0004690854482993304,1.0000023963078781,15.975379402153818,1,0.720880321810794,-0.041373885591116495,0.7184470863390626,-0.051064193866841724,-0.0028964927410236488,1.0000003976196812,2.650797874368976,1,0.6079345009872176,0.7791817090945065,0.9899361883709347,0.9138383375205157,0.0013558182535534891,1.0000001551865314,1.034576713628056,1,-1.6597687280895437,-0.14210786119046304,1.6688048535110438,-3.0591619936272227,-6.917260465541036e-05,1.0000000339692603,0.22646173473962408,1,1.4232876579341247,4.923358027037083,5.128542823624201,1.2902654985747553,0.018401980555220045,1.0000000011264114,0.007508329060868118,0
14.180000000000001,-0.00375361905416809,0.004731690478632063,-9.856399680804873e-10,0.010417533941063825,-0.37415063122203013,0.36949648914364497,-1.551858882436093,0.00047049414520407995,1.000002413026713,16.08683830190039,1,0.7131974470874202,0.10695214616554329,0.7185080949333686,0.15605544281377243,-0.0027104389983766707,1.0000003983944064,2.6559627091407614,1,0.5038692728794282,0.8515255506891823,0.9917691072106524,1.041875458480725,0.0014499248260995215,1.0000001550742228,1.0338279897295297,1,-1.6484803795336926,-0.23404566668201995,1.6677430962174122,-3.0036492432413575,-6.982124671702571e-05,1.0000000337810924,0.22520728237931933,1,1.3702789535222233,4.941100238730484,5.131222409632967,1.3011602897127592,0.018524435865935444,1.000000001124702,0.0074969335209585115,0
14.200000000000001,-0.0037536190489728303,0.004731690478000775,-9.880782416218925e-10,0.20294742983704817,-0.26739907372624283,0.32982076757486556,-0.921281468348647,0.000476388589392588,1.0000025433610327,16.95573376579615,1,0.6754072305301898,0.2505427137264874,0.7187942138322027,0.3630748921282931,-0.002483303413624895,1.000000399047887,2.660319246019139,1,0.3917125714119018,0.910029580631276,0.9937451129187582,1.169421287292931,0.0015156034750155804,1.0000001548742796,1.0324950350264486,1,-1.6315693433547607,-0.3252024394455802,1.666150477160631,-2.9480479104478854,-7.115140486190775e-05,1.00000003362297,0.2241531327833489,1,1.3171104835310845,4.958264362037997,5.133910021572734,1.312043707276217,0.01864599243195402,1.000000001122989,0.007485513645039133,0
14.22,-0.0037536190453852382,0.004731690477301049,-9.904891490331025e-10,0.30789630493705644,-0.05305954200912954,0.30818250278107,-0.15739364540678746,0.00048661365132567693,1.0000027920616008,18.613737552465246,1,0.6091480975518416,0.38332001198318055,0.719293160320046,0.5698678464044382,-0.0022018316402109086,1.0000003995520446,2.663680297721783,1,0.27331536051137006,0.9538353972945726,0.9958316496321817,1.2964461616267344,0.0015444295875570214,1.0000001545908033,1.0306051929241213,1,-1.6090770644789767,-0.41526479530000143,1.6640309602085739,-2.892322381627703,-7.344882037971584e-05,1.0000000334950232,0.22330015525330432,1,1.2637887093983011,4.974849299190689,5.136605316728314,1.322915735819352,0.01876650743278436,1.0000000011212729,0.00747407105798695,0
14.24,-0.003753619047489768,0.004731690476502865,-9.929139741307602e-10,0.2593845238192005,0.18441634742798987,0.3181662924647887,0.6367834209662795,0.0004982966357950574,1.0000030428844628,20.285889965981063,1,0.5172816418161067,0.49969244536817375,0.7199835366006941,0.7763182864867065,-0.0018817474971655557,1.0000003998854865,2.66590324345495,1,0.15060803846830126,0.9823349280824832,0.9979947096173699,1.4229294358024678,0.001518660442178103,1.0000001542293062,1.0281952125828502,1,-1.5810591232470943,-0.5039199650013063,1.6613898446833708,-2.8364369916667926,-7.877991120523865e-05,1.0000000333973844,0.22264922916374413,1,1.2103200910903367,4.990854026995439,5.139307943012471,1.3337763599233248,0.018875650826656314,1.0000000011195531,0.007462607367115535,0
14.260000000000002,-0.003753619053944066,0.0047316904756219205,-9.954103409592907e-10,0.09003512299525487,0.3375391030582204,0.3530604738260492,1.3235436036151835,0.0005018349807508426,1.0000031539480843,21.026314109822888,1,0.40375518633421054,0.5948001957226486,0.720835851128232,0.9823256311084666,-0.0015510467917107965,1.000000400034453,2.666896353289243,1,0.02556606841263158,0.9951745380845833,1.0001994421972717,1.548859567456135,0.0014211611100863463,1.0000001537965582,1.0253102241967205,1,-1.5475854570841265,-0.590856017155131,1.658233773317491,-2.7803560185127063,-8.934922012536495e-05,1.0000000333301906,0.22220127090752487,1,1.1567110862142866,5.006277596523907,5.14201755119762,1.3446255622086054,0.018960983482826994,1.0000000011178307,0.007451124158778263,0
14.280000000000001,-0.0037536190602674054,0.004731690474706492,-9.980009232218867e-10,-0.11355709037172895,0.3724272033437746,0.39502343915620514,1.8721172960887416,0.0004942888868890024,1.000003122231847,20.8148725279895,1,0.2734155279107294,0.6647216861308857,0.7218139040201017,1.1878090363959293,-0.0012300566640176926,1.0000003999933615,2.666622410149248,1,-0.09982355813218892,0.9922543887326484,1.0024107529856188,1.6742340446469213,0.0012524700648548273,1.00000015330041,1.0220025704252098,1,-1.508740634761757,-0.6757621162586358,1.6545707604704976,-2.7240436881975834,-0.00010509920120003942,1.0000000332935883,0.22195725512079795,1,1.1029681491418122,5.021119132792547,5.144733808439502,1.355463325501042,0.019022045139567147,1.0000000011161057,0.007439622997164116,0
14.3,-0.0037536190646831925,0.004731690473794675,-1.0006765043327204e-09,-0.28991061312103145,0.31120328441992323,0.43138279299686494,2.3195116770390465,0.0004826965688838367,1.0000030085178433,20.056779169390637,1,0.13178547169447552,0.7066316678758912,0.7228764341674415,1.3927106248853767,-0.0009280510206805344,1.0000003997649831,2.6650998870182137,1,-0.22359439156647287,0.9737234793797684,1.0045938692030925,1.7990591570595102,0.001020679802375511,1.0000001527496098,1.018330570120643,1,-1.4646241811625687,-0.7583288243014975,1.6504102334761597,-2.667464177123837,-0.00012522527844978867,1.0000000332877343,0.2219182293596781,1,1.0490977301460966,5.035377834430718,5.147456392643703,1.3662896351675493,0.019062756125908183,1.000000001114378,0.007428105433894807,0
14.32,-0.0037536190672261332,0.004731690472907263,-1.0034199998676385e-09,-0.4098493965748627,0.187413627280679,0.4561223935136816,2.706534544438645,0.00047233530010282974,1.0000028609646054,19.07309091701686,1,-0.015183804241809318,0.7189053296772782,0.7239789527337749,1.596997561082742,-0.0006407803085378537,1.0000003993601305,2.662400869699757,1,-0.3438306293917925,0.9399708688685593,1.006714870736039,1.9233496235881824,0.0007336260211271179,1.0000001521536201,1.0143573051815054,1,-1.4153509498822539,-0.8382484546648546,1.6457630697647176,-2.6105816176081182,-0.0001491595371354126,1.0000000333127983,0.22208532212627122,1,0.9951062745497292,5.049052973334473,5.150184985393319,1.3771044790761515,0.01908569142497586,1.000000001112648,0.0074165730195637465,0
14.34,-0.003753619068261206,0.00473169047205537,-1.0062155579235177e-09,-0.4615692877779284,0.03131102302767551,0.46680653822909784,3.064077376347921,0.00046412424481874633,1.0000027086225305,18.057477083502903,1,-0.16137126280955974,0.7011664777915648,0.725075680286524,1.80066293485329,-0.0003568139409088467,1.0000003987969783,2.6586465219706112,1,-0.458694893267099,0.8916136074761757,1.0087411830721986,2.047128110206125,0.00040072354442801403,1.0000001515224288,1.0101493634107157,1,-1.36105154023641,-0.915215487391665,1.640641634298669,-2.553360113527733,-0.00017647744794983545,1.0000000333689616,0.2224597442322809,1,0.9410002218817822,5.06214389430707,5.152919270279024,1.387907847120369,0.0190923531879921,1.0000000011109162,0.007405027310834931,0
14.360000000000001,-0.003753619068042668,0.004731690471245628,-1.0090490830047538e-09,-0.4414123731164753,-0.13046474729703667,0.4626788072663015,-2.866644851974922,0.00045679681113383017,1.0000025700241066,17.133487592122176,1,-0.30074291497959227,0.6542810967383649,0.7261214812350929,2.0037254804871263,-7.258861274526766e-05,1.000000398100071,2.6540004722602712,1,-0.5664534391372011,0.8294819144222594,1.0106420297090495,2.170424665282985,3.6568955054126475e-05,1.0000001508663487,1.005775495994667,1,-1.3018727543414788,-0.9889270552776408,1.6350598211217877,-2.495763766757951,-0.00020672442548429565,1.0000000334564174,0.2230427830583938,1,0.886786005043631,5.074650014687925,5.155658933132694,1.3986997310223543,0.01908405547306844,1.0000000011091825,0.007393469873689368,0
14.38,-0.003753619066647719,0.004731690470482109,-1.0119068152847355e-09,-0.3507205187267126,-0.27199937505619987,0.4440133258308655,-2.4960306891699178,0.00044939653111883947,1.0000024604295203,16.402857016950758,1,-0.4275961806018813,0.5803002176509211,0.7270736950869338,2.206228230375049,0.00018856171041045072,1.0000003972990559,2.6486603718904274,1,-0.6654986721414708,0.7546021127879673,1.0123888472894724,2.2932760919088473,-0.00033512893379146155,1.0000001501957916,1.001305114317969,1,-1.2379780889139478,-1.059083510598988,1.6290330988650363,-2.4377567150506434,-0.00023930868849806345,1.0000000335753685,0.22383578918571898,1,0.8324700494834063,5.0865708239714955,5.1584036624407545,1.4094801243337707,0.019062450830028492,1.0000000011074475,0.007381902282960539,0
14.4,-0.0037536190639868043,0.004731690469766121,-1.0147738309373988e-09,-0.19698980343592098,-0.364926340186956,0.4123523178277835,-2.079911750927361,0.0004424789248090643,1.0000023978852075,15.985894931328954,1,-0.5367827341438043,0.48235785284543076,0.727893773608056,2.408236268146354,0.0003811326045807138,1.0000003964272348,2.642848232374196,1,-0.7543689291314082,0.6681777952577821,1.0139556720174117,2.41572526654931,-0.000682854422925363,1.0000001495210256,0.9968066745719075,1,-1.169548255216142,-1.1253890825855286,1.622578559354848,-2.3793031828227273,-0.0002733979078383594,1.0000000337260233,0.22484015549878172,1,0.7780587723792383,5.097905883417588,5.161153149599853,1.4202490225561577,0.019029966407177665,1.000000001105711,0.007370326118178866,0
14.42,-0.00375361905989961,0.0047316904690939115,-1.0176329102301596e-09,-6.940651144823635e-05,-0.3766404273667502,0.3717833401529853,-1.581863831347763,0.0004382170154947376,1.0000024095884992,16.063916875019412,1,-0.6239029582673502,0.36453082667204456,0.7285486749592537,2.609833803442771,0.00048279702220422845,1.0000003955201389,2.6368009261732976,1,-0.8317655523416276,0.5715696400770655,1.0153194941053436,2.5378203972522284,-0.000980618945634827,1.0000001488520203,0.9923466391813208,1,-1.0967817190799356,-1.187552635950943,1.6157149685621783,-2.3203675466927565,-0.00030778229603256683,1.0000000339085933,0.22605728909364234,1,0.7235585818319425,5.108654825654658,5.163907088790079,1.4310064233959778,0.018990451245387976,1.0000000011039736,0.007358742956972544,0
14.440000000000001,-0.003753619054706548,0.004731690468451008,-1.0204660059673354e-09,0.19460057699110955,-0.27638873562338195,0.3316677945977219,-0.9589512448883669,0.00043950303566124766,1.0000025329962132,16.886634968451528,1,-0.6854670801218049,0.2316677821977762,0.7290120412557888,2.8111207577810284,0.0005260775476401136,1.0000003946143006,2.6307620031196475,1,-0.8965673168320983,0.466274218930691,1.0164605453626463,2.6596142244322043,-0.0012214956099135216,1.000000148198467,0.9879896181993356,1,-1.0198952512081076,-1.245288541012891,1.6084628196969029,-2.260914417467232,-0.00034083305725330054,1.0000000341232862,0.22748857404906972,1,0.6689758760680534,5.118817354276926,5.166665175429124,1.4417523271944601,0.01894977452132808,1.0000000011022352,0.007347154368209929,0
14.46,-0.003753619050864407,0.004731690467805733,-1.0232659814965461e-09,0.3065448266383752,-0.06642099655512172,0.3085899897654581,-0.20071503613049213,0.00044766058319468114,1.0000027770361732,18.513568036213414,1,-0.7190196881171612,0.08919463017954196,0.7292651880415814,3.0122089186898613,0.0005615200412774264,1.0000003937460535,2.624973689872942,1,-0.9478423207823442,0.35390205965218036,1.0173624896691447,2.7811632105958046,-0.0014145448483371087,1.000000147569811,0.9837985777106685,1,-0.9391244761755417,-1.2983176660826719,1.6008443885994161,-2.200908738901407,-0.00037141349573355627,1.0000000343702984,0.22913532237026557,1,0.6143170426540061,5.128393243435419,5.169427100674483,1.4524867371410168,0.018912922915777793,1.0000000011004964,0.007335561907148948,0
14.48,-0.003753619052544405,0.004731690467124676,-1.026059901973464e-09,0.26643378896044606,0.17292923194074541,0.31684450074365206,0.5959164685750321,0.0004585500335378729,1.0000030322584734,20.215050036545712,1,-0.7232255765257787,-0.05709661871992488,0.7292978399506375,-3.06996761730666,0.0006016818872061183,1.000000392950176,2.6196678396735136,1,-0.9848574848158711,0.23615518404667782,1.0180125385560161,2.902526762237123,-0.0015786779687885222,1.0000001469751214,0.979833979633524,1,-0.8547244065551435,-1.3463685025605248,1.5928837851824242,-2.1403159020796463,-0.00040100459234529315,1.000000034649807,0.23099871318816356,1,0.5595884577216411,5.13738233742247,5.172192544665393,1.4632096577132763,0.018874659799154158,1.000000001098757,0.0073239671126089706,0
14.5,-0.0037536190587753545,0.004731690466416273,-1.0288945433492569e-09,0.10138828978971207,0.3322261468865915,0.35085249798463264,1.2902816197736044,0.00046406128434043617,1.0000031521092043,21.014054909384,1,-0.6979157928372447,-0.20126911864277267,0.7291085333240346,-2.8689157436649437,0.0006271126919168322,1.000000392258529,2.615056859487189,1,-1.0070857947980871,0.1148043077571595,1.0184015387214669,3.0237664707573333,-0.0017335475057980933,1.0000001464229031,0.9761525245455359,1,-0.7669699461417475,-1.3891784325554328,1.5846069886373455,-2.0791018837452078,-0.0004315486674512644,1.0000000349619582,0.233079720973028,1,0.5047964852046242,5.145784550250316,5.1749611853996615,1.4739210922315706,0.018825422764518117,1.0000000010970178,0.007312371501384061,0
14.520000000000001,-0.003753619065033647,0.00473169046572184,-1.0317845692414673e-09,-0.10227558497867315,0.3731751338126006,0.3928298351658552,1.8455603714609679,0.00046156129831011514,1.000003126575852,20.84383256129288,1,-0.6440934042803059,-0.3374663501196603,0.7287046815764691,-2.6676998068206026,0.0006290399937838518,1.0000003916988645,2.6113257623366843,1,-1.0142113887173658,-0.008334163123031112,1.0185240562055182,-3.1382399469673508,-0.0018860067954815038,1.0000001459209644,0.9728062662725703,1,-0.6761563434773784,-1.426495147943962,1.576041881815304,-2.017233419973394,-0.0004619297242538737,1.0000000353068548,0.23537903203529853,1,0.4499474760866181,5.153599865225478,5.177732713506981,1.4846210443478765,0.0187670694378112,1.0000000010952785,0.007300776561858147,0
14.540000000000001,-0.0037536190693914684,0.004731690465072138,-1.034712892623857e-09,-0.2810581277688085,0.3162743711672118,0.4296887458151858,2.297275526025238,0.00045472784606558856,1.0000030158429853,20.10561344940234,1,-0.5638989461891235,-0.460135112911964,0.7281023147835206,-2.4662049307470912,0.0006114837406889384,1.0000003912938253,2.608625502193917,1,-1.0061325617026244,-0.13142125073655092,1.0183784345673046,-3.0170581616690804,-0.0020353794290043094,1.0000001454763396,0.9698421014894516,1,-0.5825995739921731,-1.4580782285607956,1.5672182945633863,-1.9546782038174613,-0.0004901645746645365,1.000000035684542,0.2378969468711485,1,0.3950477676626818,5.160828334517545,5.180506828325483,1.4953095204800295,0.018706364018957033,1.0000000010935397,0.007289183756074846,0
14.56,-0.003753619071841442,0.004731690464478846,-1.0376554511470903e-09,-0.40443695219562875,0.19504869410114978,0.45513607799446776,2.686678741973575,0.00044760659544758737,1.0000028692358058,19.12823225287579,1,-0.4605359281917032,-0.5642402073808879,0.727325503958942,-2.2643267095333175,0.0005840335972315191,1.0000003910601207,2.6070674708396857,1,-0.9829627368307264,-0.25261857781519853,1.0179668110649573,-2.8958098194679605,-0.0021802282989508747,1.0000001450952394,0.9673014333958144,1,-0.48663662612949304,-1.4837008854991323,1.558168035862225,-1.8914051044746942,-0.0005149704650052245,1.0000000360949899,0.24063326592679973,1,0.3401036828129823,5.167470078719954,5.183283230073299,1.5059865298989792,0.018648363111707898,1.0000000010918013,0.007277594524984843,0
14.58,-0.003753619072754432,0.004731690463942452,-1.040591258993917e-09,-0.45997437995434176,0.03999293914176277,0.46660586666695053,3.0451534020672653,0.00044142805609206833,1.0000027166207377,18.11079846499789,1,-0.33815731676732674,-0.6454643911871712,0.7264054891831163,-2.0619753190358923,0.0005603809008226387,1.0000003910078716,2.60671914393321,1,-0.9450294170895001,-0.3701115424543496,1.0172950955061038,-2.7744320642826006,-0.002319307783965247,1.0000001447830087,0.9652198949735161,1,-0.3886256637801956,-1.5031518730727462,1.5489249094501394,-1.8273844158671186,-0.0005356917534039755,1.0000000365380735,0.24358715701386408,1,0.28512152928746853,5.173525286403273,5.186061617259285,1.5166520841468454,0.018596307077812586,1.0000000010900636,0.007266010290386925,0
14.600000000000001,-0.003753619072400286,0.004731690463458089,-1.0435033444972097e-09,-0.4436963313637,-0.12212334960609028,0.46327675596627116,-2.8858726728339272,0.0004354046576664708,1.0000025768917722,17.179272028618,1,-0.20171471642054542,-0.7003868151868762,0.7253795294008339,-1.8590792259731326,0.0005561798186125641,1.0000003911401463,2.6076009753425535,1,-0.8928710985336707,-0.48213244218577417,1.0163729134137451,-2.652863599363641,-0.002451176079346781,1.0000001445440876,0.9636270881991722,1,-0.28894603435798283,-1.5162375697332833,1.5395247144541935,-1.7625881373071148,-0.0005520270939278053,1.0000000370135507,0.24675700452996407,1,0.2301075990014779,5.178994213662292,5.188841686471925,1.5273061966634949,0.01855245318378729,1.000000001088327,0.007254432455096423,0
14.620000000000001,-0.003753619070872449,0.004731690463018,-1.0463774300153994e-09,-0.35668258068854364,-0.2654298537143439,0.4453690526519801,-2.5168689510253337,0.00042885230297823594,1.0000024653292405,16.435521817672033,1,-0.05677312638821059,-0.7266327864256592,0.7242894962436593,-1.6555883498866748,0.0005856757815704826,1.000000391452706,2.6096847064071,1,-0.8272320903344464,-0.586983480515727,1.0152135126691455,-2.531045443616211,-0.0025736977236496573,1.000000144381973,0.9625463247337586,1,-0.18799808905429552,-1.5227842238717912,1.5300052292065733,-1.6969902867614424,-0.0005637448230020548,1.000000037521037,0.2501402465190838,1,0.17506816734264147,5.183877183657371,5.191623132667535,1.5379488826041527,0.018518599846945358,1.0000000010865915,0.007242862403435955,0
14.64,-0.0037536190680958073,0.0047316904626119,-1.0492004123147103e-09,-0.2059949805749825,-0.361762507298846,0.4143356553305495,-2.1040265651789154,0.0004219262577849991,1.0000023996703344,15.997795776987296,1,0.0907043136008612,-0.7229875591673897,0.723180245321954,-1.451476521891389,0.0006586495862605272,1.0000003919339937,2.6128932918528767,1,-0.7490551570412609,-0.6830595631108881,1.0138336321795214,-2.408921689852982,-0.002683288017323674,1.0000001442991822,0.9619943853493902,1,-0.08620277908885599,-1.5226403547692868,1.5204061740881358,-1.630567246835301,-0.0005703631066333377,1.0000000380599816,0.25373321010463634,1,0.1200094924892268,5.188174586149952,5.194405649531511,1.5485801587791814,0.01849652669855156,1.0000000010848573,0.007231301502419213,0
14.66,-0.003753619063913152,0.004731690462225191,-1.0519591378543858e-09,-0.010545503961714879,-0.37871408597943884,0.37407109335861755,-1.6114859054616495,0.00041565145712604346,1.0000024064721256,16.043141051770338,1,0.23459530331324446,-0.6894671189763508,0.7220978126260157,-1.2467430812890075,0.000778618118581788,1.000000392565396,2.617102639219974,1,-0.6594718738799247,-0.7688707534726162,1.012253329298992,-2.2864402635345096,-0.002774539715312202,1.0000001442972224,0.9619813198938374,1,0.01599901095705497,-1.5156792925071716,1.510769148349926,-1.5632981424543957,-0.0005708967235278656,1.000000038629642,0.25753094624655276,1,0.06493781473988815,5.191886877032243,5.197188929709018,1.5592000437356184,0.018488673631996813,1.0000000010831247,0.007219751103389716,0
14.680000000000001,-0.00375361905859288,0.004731690461833953,-1.0546414210693689e-09,0.18601846471111919,-0.2849539296261169,0.33356729976932137,-0.9961893225236408,0.0004153590774299717,1.0000025230030243,16.820013708899936,1,0.3688727338217078,-0.6273397916521098,0.7210875007499556,-1.0414134621636093,0.0009407820639375044,1.0000003933217871,2.622145247620142,1,-0.5597905719544286,-0.8430642124667708,1.0104957637513527,-2.1635536761118663,-0.0028406282275370985,1.0000001443765603,0.9625102394951404,1,0.11814743353228283,-1.501801834118248,1.5011375371587588,-1.4951652476011157,-0.0005637612631850612,1.0000000392290576,0.2615270502895768,1,0.00985935585477109,5.195014577851072,5.199972663975308,1.5698085580516263,0.018498929340361597,1.0000000010813939,0.007208212544096502,0
14.700000000000001,-0.0037536190544365934,0.00473169046139852,-1.0572467649613837e-09,0.30472380421304507,-0.07960655729837973,0.3090982708777507,-0.24391555605483023,0.00042468930868687165,1.0000027620310354,18.413533783931726,1,0.4878640165190503,-0.539094121156748,0.720191940098646,-0.8355386587675127,0.0011365078457912956,1.000000394172379,2.6278158593488055,1,-0.45148175124933404,-0.9044453918696448,1.0085869395298894,-2.0402197638521717,-0.002876770562688429,1.000000144536589,0.9635770960881405,1,0.21976499299271335,-1.4809389859137032,1.4915563881753582,-1.4261544164148228,-0.0005475381168763447,1.0000000398570192,0.26571346205425633,1,-0.04521968159209221,5.197558275325772,5.202756536638418,1.580405724571128,0.018530349225550424,1.0000000010796652,0.007196687151731548,0
14.72,-0.0037536190556776167,0.004731690460877245,-1.0598094511357625e-09,0.27310835132590583,0.16126291288174682,0.3156026625198811,0.5546954546189768,0.00043720297013337097,1.0000030211494952,20.14099018264238,1,0.5865032736564536,-0.42835085112389,0.7194492072292231,-0.6291935118071024,0.0013489693667896666,1.000000395081941,2.6338796056490263,1,-0.33616085376132787,-0.9519981901300484,1.0065554013726599,-1.9164023991107446,-0.002889956344436012,1.0000001447755993,0.9651704996530035,1,0.3203582440649468,-1.4530547528998916,1.4820722554453745,-1.3562555288839149,-0.0005237034536545342,1.0000000405120377,0.27008025187949836,1,-0.10029311484945659,5.199518620859736,5.20554021814262,1.5909915670359314,0.018575658942821306,1.0000000010779386,0.007185176246628212,0
14.74,-0.0037536190617232473,0.004731690460270504,-1.0623872189960415e-09,0.1126428459884315,0.3266325184359441,0.3486657052783335,1.2565757836076337,0.00044623666175825136,1.000003149793249,20.998615206241748,1,0.6605632340511591,-0.2997199438892754,0.7188910825725428,-0.4224737825262161,0.0015463687297754566,1.000000396012243,2.6400816192680403,1,-0.21556832000782883,-0.9849037153128275,1.0044318736593525,-1.792072167404614,-0.002892451531467722,1.000000145090763,0.9672715897153186,1,0.41941990978995436,-1.4181489263057447,1.472732994367013,-1.2854629431636233,-0.0004958168274936273,1.0000000411923107,0.2746154047675175,1,-0.15535478161556596,5.200896330046274,5.208323371798743,1.6015661072828749,0.018620978794395702,1.0000000010762142,0.00717368114197036,0
14.760000000000002,-0.0037536190680265958,0.004731690459616013,-1.065008377494625e-09,-0.09090972815493872,0.3737154314954398,0.39061822726023954,1.8186836825574164,0.00044825229621872626,1.0000031306436055,20.870950917367136,1,0.7068535868146999,-0.15860718104888294,0.7185415598310418,-0.21549211304903762,0.001718875205734534,1.0000003969236995,2.6461579966620024,1,-0.09154690348702256,-1.0025572393856554,1.002248850723275,-1.6672070099475984,-0.0028844234264433157,1.0000001454781202,0.9698539715050756,1,0.5164314495458846,-1.3762598094688758,1.4635875048398796,-1.2137759607070522,-0.0004647900740291852,1.000000041895693,0.27930461966384673,1,-0.21039854065499186,5.201692182171187,5.211105670653206,1.6121293660271026,0.018662968926266524,1.0000000010744925,0.007162203138889814,0
14.780000000000001,-0.0037536190724992225,0.004731690458944792,-1.0676685585978007e-09,-0.27203905258409555,0.3212384941194037,0.42795897219419904,2.274846363819036,0.0004447078731656872,1.0000030230417967,20.153605525364167,1,0.7233736079515575,-0.010978586045433978,0.718415706805168,-0.008373070870713366,0.0018765380940052763,1.000000397777187,2.6518479125350582,1,0.03398371031889519,-1.0045828741582563,1.000040153163196,-1.5417927992071572,-0.0028614356357843573,1.0000001459325842,0.972883731441531,1,0.6108661004352743,-1.327466811521809,1.4546854432225274,-1.141199290738353,-0.00042998341491422347,1.0000000426196698,0.28413113232039977,1,-0.26541827240412125,5.201907019712389,5.213886796965792,1.6226813653784036,0.018704025186367716,1.0000000010727736,0.007150743526475877,0
14.8,-0.0037536190750802143,0.004731690458270848,-1.0703553442875657e-09,-0.39882639085050614,0.2026645155897899,0.45410742285126093,2.666723654795715,0.0004391189625296971,1.0000028774701664,19.183127989778118,1,0.7094091760692268,0.13690571034050925,0.7185189479735907,0.19875248736317333,0.002034720398292261,1.0000003985358952,2.656905967869088,1,0.15905484167545147,-0.9908454583040169,0.9978404397696167,-1.4158238175519327,-0.0028220092547237632,1.0000001464479573,0.9763195519317837,1,0.702192405200606,-1.2718928288099267,1.4460768948584042,-1.0677434889276758,-0.00039112860762452294,1.000000043361335,0.28907556663047,1,-0.3204078795653431,5.2015417478345904,5.216666435250805,1.6332221291929436,0.018745152644996942,1.0000000010710577,0.007139303585202337,0
14.82,-0.003753619076136594,0.004731690457598845,-1.0730586341364812e-09,-0.4581726624344639,0.04873131014249198,0.4663614246120606,3.02620244348846,0.0004336150592001174,1.0000027246385674,18.164250662990533,1,0.6655676683312362,0.2787739359816693,0.7188468096770909,0.4057534191011809,0.0022090149848665746,1.0000003991670978,2.6611139852063608,1,0.28167906220098243,-0.9614591228644587,0.9956846751861947,-1.28930312428433,-0.0027675156409802887,1.000000147016967,0.9801129505298908,1,0.7898782265486137,-1.2097063258236669,1.4378119974279544,-0.9934253580031074,-0.00034847233356027235,1.0000000441173733,0.2941158225336772,1,-0.3753612876913215,5.2005973338793705,5.219444270026963,1.6437516825762537,0.018785651201569293,1.0000000010693448,0.007127884586802029,0
14.84,-0.0037536190759436634,0.004731690456929993,-1.0757713400644242e-09,-0.44577816676528265,-0.11365274852754438,0.4638324907228468,-2.9050611236362687,0.0004284006579292292,1.0000025838236823,17.22548476264305,1,0.5937483496953029,0.4086258094141683,0.7193851436304552,0.6125043109816444,0.0024108822050278424,1.0000003996437234,2.6642914893587615,1,0.3998823751130573,-0.9167920057660753,0.9936075629930263,-1.1622427906235415,-0.002700935151512234,1.0000001476313245,0.9842086672809764,1,0.8733952315972284,-1.1411230211918804,1.4299405180600155,-0.9182682966420123,-0.0003025830221391282,1.0000000448840514,0.2992270097449313,1,-0.43027244575980944,5.199074806852366,5.22221998620806,1.6542700515525537,0.018824073940235244,1.0000000010676353,0.007116487790639254,0
14.860000000000001,-0.0037536190746000416,0.004731690456264433,-1.0784877765152023e-09,-0.3624631956038057,-0.2586517719057359,0.4466873729578679,-2.5375923039198396,0.00042300361117455224,1.0000024703432115,16.46894829064877,1,0.49705027249268446,0.5210006118863534,0.7201108129755249,0.8188911534183573,0.002642487081296362,1.0000003999456284,2.666304189562423,1,0.5117378240468315,-0.8574666199130515,0.9916429543330915,-1.0346639798383002,-0.0026259503227687255,1.0000001482818075,0.988545220344358,1,0.9522238114329044,-1.06640708100541,1.42251138949431,-0.8423025791001104,-0.00025425142463185733,1.0000000456572153,0.3043814356975762,1,-0.48513532673865284,5.196975256908786,5.224993270115252,1.664777262948783,0.01885891377985926,1.0000000010659293,0.007105114438921548,0
14.88,-0.003753619072033499,0.004731690455601333,-1.0812017158315368e-09,-0.2148716110768556,-0.3582976024519345,0.41629275890192635,-2.127926241408574,0.00041760637885597876,1.000002401644036,16.010953787590406,1,0.3796238691825395,0.6112158006754633,0.7209927939845946,1.0248163578208527,0.0028934179558082803,1.0000004000604912,2.667069940565503,1,0.6153998910205921,-0.784355448564242,0.9898232432934295,-0.9065968520650909,-0.0025461463531809814,1.0000001489583712,0.9930556449591901,1,1.0258583799612357,-0.9858717224021333,1.415572211561491,-0.7655655472629973,-0.00020444048520730209,1.0000000464322982,0.30954865520265973,1,-0.5399439281404798,5.194299834837905,5.22776381056169,1.6752733444305083,0.018889176799226193,1.000000001064227,0.007093765752092241,0
14.9,-0.0037536190680790534,0.00473169045493689,-1.083904857361595e-09,-0.021015808512062237,-0.3803923703301704,0.3763577121874641,-1.6407662085050452,0.00041376537377604334,1.0000024036553339,16.024362440591634,1,0.24647587400671264,0.6755642782972667,0.7219936216102905,1.230202862615645,0.0031424294960110946,1.0000003999842817,2.6665618775167115,1,0.7091389200094786,-0.6985714480168287,0.9881787620895871,-0.778080277607669,-0.0024640251492802404,1.0000001496502882,0.997668424199419,1,1.0938129740690536,-0.8998791357862422,1.409168725997498,-0.6881016977246314,-0.0001541637066460882,1.0000000472043387,0.3146955914441423,1,-0.5946922725665218,5.191049751546706,5.230531299791915,1.685758324704434,0.018915168673407375,1.0000000010625285,0.00708244292532238,0
14.92,-0.0037536190629460764,0.004731690454259027,-1.0865874242038664e-09,0.1772066365516673,-0.293108603769212,0.33551332671369716,-1.0330240836430982,0.0004144718552200578,1.0000025133742656,16.755821984174666,1,0.10323960676940393,0.7114617650817624,0.7230710905827386,1.43499715507212,0.003365240410657864,1.0000003997212987,2.664808657821739,1,0.7913746987059578,-0.6014532803114151,0.986737191083222,-0.6491613485462648,-0.0023799330623821007,1.0000001503463158,1.0023086098171219,1,1.155627054557035,-0.8088396448409895,1.4033442745186357,-0.6099626488993306,-0.00010420123367291277,1.000000047968012,0.3197867463071472,1,-0.6493744082389119,5.187226277542438,5.233295433441894,1.6962322339735376,0.018939478181626813,1.000000001060834,0.0070711471273782476,0
14.940000000000001,-0.003753619058772266,0.00473169045354029,-1.0892479652621634e-09,0.3024356030354989,-0.09261251297118983,0.3097007735589633,-0.2869833348544277,0.00042251403316466315,1.0000027470869843,18.3139067764696,1,-0.04407616393082637,0.7175394218180845,0.7241801157203869,1.6391711209401392,0.0035406219283381918,1.0000003992837951,2.6618919680414237,1,0.8607082588955759,-0.4945452737818692,0.9855230021942886,-0.5198946861917115,-0.002293504730426016,1.0000001510348908,1.0068991093236388,1,1.2108713856857418,-0.7132100397781075,1.3981392529006809,-0.5312069766456234,-5.512224583519741e-05,1.0000000487176794,0.324784528906346,1,-0.7039844095208033,5.182830742413203,5.236055906739032,1.7066951044742726,0.018965310866197696,1.000000001059144,0.007059879503574125,0
14.96,-0.0037536190598178813,0.0047316904527491335,-1.0919164799769177e-09,0.27939312539983313,0.14942066072857932,0.31443853862445825,0.5131478300810888,0.0004346138631172149,1.0000030096106003,20.0640642160083,1,-0.1893465554289659,0.6936804849590544,0.7252746569123927,1.8427227083324849,0.003640283427326254,1.0000003986912456,2.6579416373676854,1,0.915950924756376,-0.37957230969439315,0.9845569588657722,-0.3903415482422355,-0.0022111959637639727,1.0000001517043449,1.0113621369788361,1,1.2591538521639778,-0.6134910408030843,1.3935905774340331,-0.4518999071779001,-8.783712406870704e-06,1.00000004944746,0.3296497325678988,1,-0.7585163774241381,5.177864534304893,5.238812406312975,1.7171469696186843,0.018987066669117977,1.0000000010574583,0.0070486411833925525,0
14.98,-0.0037536190658642036,0.004731690451893324,-1.0946465730382604e-09,0.12378231047006862,0.32074949486106463,0.3465004144252915,1.2224465884782512,0.0004449102860680261,1.0000031470411042,20.98026757450017,1,-0.3265858602531755,0.6410028400525244,0.7263096300040714,2.045675461111436,0.0036382342668191694,1.0000003979693226,2.653128817693963,1,0.9561496538251739,-0.25841004415228447,0.983855682123319,-0.26056874138432046,-0.00214499270694924,1.0000001523431514,1.0156208463485135,1,1.3001250581242867,-0.5102238746087584,1.389731168777803,-0.37211285310564357,3.181267397715269e-05,1.0000000501513235,0.3343421563557989,1,-0.8129644401061604,5.172329099393185,5.241564613798685,1.7275878612284523,0.01899166453883603,1.000000001055777,0.007037433287813802,0
15.0,-0.0037536190723569804,0.004731690451018921,-1.0974625609325162e-09,-0.07946940169360986,0.37403499448487615,0.38838995003878046,1.7915054333301927,0.0004522283077250649,1.0000031344732077,20.896481598964534,1,-0.45018821489225225,0.5617919301103697,0.7272427282212416,2.248077047122893,0.0035463993700974032,1.0000003971486613,2.6476577417968095,1,0.9806077911343749,-0.13305108412565708,0.9834312826097469,-0.13064736863616136,-0.002097722428163282,1.0000001529401699,1.0196009700932565,1,1.3334835467386266,-0.40398597732488334,1.3865894492327047,-0.2919227981583976,6.594281375073254e-05,1.000000050823195,0.33882129966696944,1,-0.8673227533561645,5.166225941351827,5.244312223007463,1.7380178098175059,0.018976311230438633,1.0000000010541006,0.007026256931384824,0
15.020000000000001,-0.0037536190770385233,0.004731690450165416,-1.1003532668363292e-09,-0.2628575314596971,0.32608315290652673,0.4261954521763951,2.252240780190478,0.0004578909164713855,1.000003030150309,20.20099560665337,1,-0.5551451016773403,0.4593900785537835,0.7280360742370133,2.4499969161739465,0.0033993582561890386,1.000000396263486,2.641756573105232,1,0.9889004848137811,-0.005567935538693551,0.9832910885658602,-0.0006514600245156451,-0.002064647529097825,1.0000001534848937,1.0232324615945696,1,1.3589804805016015,-0.2953858731260187,1.3841888867974215,-0.21141154725092354,9.472180382882431e-05,1.0000000514570613,0.34304707447250216,1,-0.9215855010723064,5.15955662081833,5.247054941621232,1.7484368472750669,0.018945445613927435,1.000000001052429,0.007015113225129224,0
15.040000000000001,-0.0037536190797874958,0.004731690449353216,-1.1032971064528496e-09,-0.39301794984986393,0.21025119718047086,0.4530388879057172,2.6466830984244,0.00046226746317027875,1.000002885700782,19.237998761030166,1,-0.6372332232721982,0.3380492360270381,0.7286576555625806,2.6515232252958802,0.0032310018706284394,1.0000003953501588,2.635667725662499,1,0.980884183255056,0.12192629806155311,0.9834374875807469,0.12934348463837209,-0.002039885860578933,1.0000001539676906,1.0264511079035346,1,1.3764236294925734,-0.18505731351345453,1.3825476144391937,-0.13066484399458322,0.00011941848599558593,1.000000052047078,0.34698052005478086,1,-0.9757468957285663,5.152322754856121,5.249792483884976,1.7588450076132214,0.01890299361972089,1.0000000010507626,0.007004003280853258,0
15.06,-0.00375361908096621,0.004731690448590881,-1.1062737679048973e-09,-0.45616225497503177,0.0575198052673591,0.46607615692169463,3.007234329607175,0.0004649029412676303,1.0000027327056644,18.21803130991251,1,-0.6931681956538795,0.20275447214272227,0.7290825153574196,2.852759187255029,0.003066790311267625,1.0000003944456932,2.6296379545408604,1,0.9566998499103566,0.24731837189724226,0.9838678792906898,0.2592620018469855,-0.002017501556711174,1.0000001543800285,1.0292000272903266,1,1.3856805306800246,-0.07365279582885577,1.3816781305031045,-0.04977137199877598,0.0001410946079869426,1.0000000525876784,0.35058452262477674,1,-1.0298011788332722,5.144526016413499,5.252524567131526,1.769242326642755,0.018851510393217207,1.0000000010491013,0.006992928210708431,0
15.08,-0.0037536190808581246,0.0047316904478811326,-1.109265643749191e-09,-0.4476556353807032,-0.10505545179547865,0.4643494495357619,-2.924205913572873,0.00046711568056315595,1.000002590844935,17.272293114734875,1,-0.7207210758405592,0.05902541139387095,0.7292936658244972,3.0538189805162825,0.002915597199621136,1.0000003935863724,2.623909148801722,1,0.9167697725464246,0.36853535556767597,0.9845747382662753,0.3890301694559698,-0.0019913435666983614,1.0000001547146733,1.031430991974238,1,1.386680705235525,0.03816339122854342,1.3815870885886454,0.031178330665765423,0.0001606810764899049,1.0000000530736808,0.35382453886360815,1,-1.0837426213798853,5.136168133781676,5.255250911111898,1.7796288416969055,0.01879292975441417,1.0000000010474455,0.006981889121919272,0
15.100000000000001,-0.003753619079572139,0.004731690447223377,-1.112256664374811e-09,-0.36806122086343396,-0.2516644086646579,0.4479720304259111,-2.558204101801578,0.0004690275532129436,1.0000024754902908,16.50326215174034,1,-0.7187959291845899,-0.08729755009943684,0.7292826875393786,-3.02836193998059,0.002772401814522944,1.0000003928064998,2.6187099979837707,1,0.8617880924322713,0.4835839323666746,0.9855457853422124,0.5185770624349103,-0.0019551525392613035,1.0000001549658533,1.033105525008619,1,1.3794168520822876,0.14972242458535323,1.3822751849049812,0.11209301157405213,0.00017908252744119736,1.0000000535003957,0.3566693038411559,1,-1.1375655242896703,5.127250890053513,5.257971238106359,1.790004591523606,0.018729106908058013,1.0000000010457952,0.006970887110048544,0
15.120000000000001,-0.00375361907704613,0.004731690446614027,-1.115230868591055e-09,-0.22362005598796708,-0.3545290654386734,0.4182270843584233,-2.151624376818629,0.00046977180803114965,1.000002403816669,16.025438008124112,1,-0.6874674907125428,-0.23027580296968303,0.7290500139048458,-2.8272901405148887,0.002629086315292035,1.0000003921371694,2.614247796475369,1,0.792705418567358,0.590587448531748,0.9867642612729408,0.6478361150904726,-0.0019028207703318187,1.0000001551293838,1.034195729001287,1,1.3639449727951511,0.2603583209161198,1.3837371470874789,0.19288186479812366,0.000197276309430206,1.0000000538637237,0.35909149144583336,1,-1.1912642188455607,5.117776122583679,5.260685273216093,1.8003696162969491,0.018662249005978772,1.0000000010441505,0.006959923253106252,0
15.14,-0.0037536190731170893,0.004731690446044785,-1.1181711719737697e-09,-0.03148025320721325,-0.38167167099765786,0.37864514891971873,-1.6697294636792277,0.00047015525339957946,1.000002401138931,16.007586420202077,1,-0.6279785383963208,-0.3640976963897678,0.7286049120585096,-2.6260306178616375,0.0024818068666531833,1.000000391605149,2.610700992614485,1,0.7107081061008477,0.687819736096994,0.9882092923624071,0.7767463511640201,-0.0018284891093774463,1.000000155202747,1.0346848175169268,1,1.3403834229215374,0.36941523667867304,1.385961824255524,0.2734556779677386,0.0002164334176466164,1.000000054160244,0.36106829400975265,1,-1.2448330671167147,5.107745722450308,5.2633927446598925,1.8107239577645138,0.018595565641048833,1.0000000010425119,0.006948998607247443,0
15.16,-0.0037536190679496925,0.004731690445497821,-1.1210600945818494e-09,0.1681680216108339,-0.30084368978488724,0.33750516302280176,-1.0694820284276174,0.0004731151736623709,1.0000025041112168,16.694068325656364,1,-0.5426970131345572,-0.4833002666941391,0.7279651595091847,-2.424470078021982,0.0023357765132227407,1.000000391231925,2.608212834496059,1,0.6171929527210825,0.7737348958854886,0.9898563340259039,0.905253450525666,-0.0017265803354544027,1.0000001551851248,1.0345673358329603,1,1.3089109250278517,0.47625450657448914,1.388932373974531,0.35372793160820176,0.00023801880450629058,1.000000054387284,0.3625818928387626,1,-1.2982664623734594,5.097161633917966,5.266093383394746,1.8210676596352817,0.018534228985437842,1.0000000010408792,0.006938114204138851,0
15.180000000000001,-0.00375361906353149,0.004731690444938795,-1.1238890920348132e-09,0.2996759165281787,-0.10541784334346341,0.31039570865792737,-0.3299281579728811,0.0004815594791390032,1.0000027322282397,18.214848477903676,1,-0.43503335465219134,-0.5829813498682539,0.7271564191773092,-2.2225065793958674,0.002202437129443805,1.000000391032913,2.6068860861115315,1,0.5137381923071614,0.846992421717,0.9916776752755196,1.033310628517501,-0.001594658459392314,1.0000001550773856,1.0338490745390605,1,1.2697636166079072,0.580261246073652,1.392626538663946,0.433615818210119,0.0002633361460200155,1.00000005454297,0.3636197987548219,1,-1.351558829492378,5.086025853901532,5.268786919346357,1.831400768142513,0.01848417563181422,1.0000000010392527,0.006927271050322823,0
15.200000000000001,-0.0037536190641367165,0.004731690444326623,-1.1266817244795502e-09,0.28526626970235247,0.1374196077122767,0.3133512823244091,0.471265349337752,0.0004938576029885712,1.000002997665137,19.984427794700444,1,-0.309319112490254,-0.6589956006731852,0.7262113201198985,-2.0200535705698677,0.002080704258395249,1.0000003910168314,2.606778875677103,1,0.40207173669159835,0.9064772576509982,0.9936429891453104,1.1608793101007657,-0.0014429917406696229,1.0000001548820288,1.0325466948938542,1,1.2232312390806832,0.680850365179892,1.3970170064539746,0.5130411522773383,0.00029187282456596037,1.0000000546262573,0.3641750482263715,1,-1.404704625351404,5.074340431430382,5.271473072230758,1.84172333143364,0.018442985309945727,1.0000000010376326,0.006916470129041506,0
15.22,-0.0037536190699332837,0.004731690443656814,-1.1294892235044762e-09,0.13478208507759828,0.314582014928594,0.34435486568399437,1.1878828256942084,0.0005033087849872107,1.000003143869706,20.959124919459843,1,-0.17064876014522104,-0.7081275487915661,0.725168252402436,-1.817043499625272,0.001960284877022472,1.0000003911852733,2.607901822428006,1,0.28403763411218363,0.9513145918648223,0.9957199222533536,1.2879295987028518,-0.001290474945942546,1.0000001546030877,1.0306870885527377,1,1.1696526007255945,0.777471868769731,1.402071851422685,0.5919311575842525,0.0003220208500427077,1.0000000546369372,0.3642462483960249,1,-1.457698339215486,5.0621074671121296,5.274151551732158,1.8520353966842067,0.01839889468028677,1.000000001036019,0.006905712401477026,0
15.24,-0.003753619076393409,0.0047316904429649635,-1.1323377929750578e-09,-0.0679764835648301,0.3741340231118091,0.38614279616060593,1.7640229762195636,0.00050468044250852,1.000003138089195,20.92058818105676,1,-0.02468787083403756,-0.7282344912733513,0.7240699075596204,-1.613430862476175,0.0018532766175366135,1.0000003915324946,2.6102166314506365,1,0.1615616819157969,0.9808793902190105,0.9978747012688057,1.4144405600400571,-0.0011455882593892936,1.000000154245998,1.0283064900253942,1,1.109410464631074,0.8696153509062294,1.4077550210114302,0.6702191232791294,0.00035423544290609824,1.0000000545756227,0.363837484621537,1,-1.5105344931137834,5.049329112597223,5.276822074275327,1.8623370096038574,0.018348598165576335,1.000000001034412,0.006894998803274685,0
15.260000000000002,-0.003753619081095178,0.0047316904422821,-1.1352190090740955e-09,-0.2535338507880369,0.33080663218464457,0.42439647145476317,2.2294629963782673,0.0004992211087750091,1.000003037196209,20.24796827328825,1,0.12254757621423279,-0.7183519390491656,0.7229616124664613,-1.4091945165936866,0.001781047754779301,1.0000003920454525,2.6136363507334637,1,0.036617059751294825,0.9948008457033053,1.000072726372642,1.5404003179875259,-0.0010121749804385485,1.0000001538174408,1.0254494420120066,1,1.0429260217982181,0.9568136253675793,1.4140268475898117,0.7478449048564321,0.0003899743774790945,1.0000000544437142,0.36295809488625463,1,-1.563207642207624,5.036007570045817,5.279484367257893,1.8726282169168122,0.01829616239924942,1.0000000010328116,0.006884330243049448,0
15.280000000000001,-0.003753619083859205,0.004731690441620564,-1.138114828075354e-09,-0.3870301240548434,0.21780507415608427,0.45192865249041103,2.626564047969062,0.0004915245776556407,1.0000028939519388,19.293006472785343,1,0.2649340634737736,-0.678754706430693,0.7218894978748952,-1.2043390896337656,0.0017554072442050573,1.000000392704122,2.6180274807447175,1,-0.08880925595255228,0.99296205916527,1.0022791472591839,1.6658059679619297,-0.0008959761778907792,1.0000001533251759,1.022167676698004,1,0.9706531119233334,1.0386454697923362,1.4208445883987157,0.8247552669399377,0.00043021299003284663,1.0000000542433476,0.36162231722418575,1,-1.615712375147785,5.022145091595425,5.28213816222113,1.8829090672498383,0.01824499447829646,1.0000000010312182,0.006873707607242687,0
15.3,-0.0037536190850477043,0.004731690440981322,-1.1410099635955628e-09,-0.45395823499615096,0.06635224840188933,0.4657464713708846,2.988258343318404,0.0004844870697936972,1.0000027408411472,18.272267862239524,1,0.39649679534500126,-0.6109677399169533,0.7208985650375839,-0.9988953474978148,0.0017766296802295659,1.0000003934821144,2.623214096697571,1,-0.21274865972357365,0.975495376592164,1.004459418044052,1.790663338776154,-0.0008027200135001661,1.0000001527778548,1.0185188686452336,1,0.8930723483625053,1.1147374923873632,1.4281629800515225,0.9009040798028868,0.0004753838371735732,1.000000053977326,0.3598488397119753,1,-1.6680433144214502,5.007743978827559,5.284783190970406,1.8931796107785606,0.01819658445022971,1.000000001029632,0.006863131766079703,0
15.32,-0.0037536190849563004,0.004731690440360506,-1.143893439171928e-09,-0.44933784506729135,-0.09634045087192666,0.46482073912118216,-2.943291799707854,0.0004786740097134501,1.0000025979728893,17.319812809461876,1,0.5116685681941555,-0.5177225515642313,0.7200307348511653,-0.7929194147869664,0.0018362580448216812,1.0000003943476086,2.6289840566132057,1,-0.33328116027077637,0.9427738776938229,1.0065798226407674,1.9149866267682862,-0.0007362820073780345,1.0000001521848272,1.0145653518155509,1,0.8106852906913551,1.184765158356851,1.4359347889355158,0.9762523793587053,0.0005255609529011711,1.0000000536490414,0.35766027547653545,1,-1.720195116689797,4.992806582233391,5.287419184775883,1.9034398988253902,0.018151203210367426,1.0000000010280525,0.00685260357772996,0
15.34,-0.0037536190837064044,0.004731690439752394,-1.1467571892076478e-09,-0.3734764498377897,-0.2444785401490078,0.44921218912911637,-2.578676540423959,0.00047341518210332995,1.0000024807918941,16.5386061748994,1,0.6055388607727701,-0.40285767688921686,0.7193229739846602,-0.5864907916628641,0.0019209243256337366,1.0000003952645853,2.6350972350559183,1,-0.4485633252675216,0.8953995425036784,1.0086079628211504,2.0387979226473885,-0.0006977019326082149,1.0000001515559531,1.0103728579320213,1,0.7240087909230872,1.2484530366323607,1.4441113445285545,1.0507683027838532,0.0005805789574070188,1.0000000532623876,0.35508258479820426,1,-1.7721624731166532,4.977335300678969,5.2900458746582855,1.9136899836102104,0.018108492081747644,1.0000000010264807,0.006842123891386204,0
15.360000000000001,-0.0037536190812462954,0.004731690439150069,-1.1495942878192444e-09,-0.23222713282043106,-0.35046550165415224,0.42012428691655135,-2.175071288258326,0.0004682881965199601,1.0000024062209238,16.041466373102967,1,0.6740798741809969,-0.2711648072873642,0.7188055977320588,-0.3797091844716969,0.002016969092431945,1.0000003961943333,2.641295555654641,1,-0.5568536781977179,0.8341886265838835,1.0105132044633114,2.162126651827242,-0.0006848316174243659,1.0000001509014191,1.0060092979728166,1,0.6335696189299191,1.3055743451091115,1.452643045838462,1.1244269153905273,0.0006401389264717018,1.0000000528216701,0.3521444675510243,1,-1.8239401096883936,4.9613325808701445,5.292662992080984,1.923929918125262,0.01806796077054979,1.0000000010249162,0.006831693550048946,0
15.38,-0.0037536190774141156,0.004731690438544024,-1.152397342482625e-09,-0.041910935407938006,-0.3825492900814963,0.38091738513633416,-1.6982908346151213,0.0004642801626410204,1.0000023989773903,15.993176148738137,1,0.7143363843074876,-0.1281858955068133,0.7185008477027887,-0.17269025342145125,0.0021155840549935043,1.0000003970971618,2.647314412589289,1,-0.6565354073384508,0.7601547541590735,1.0122670797638422,2.285008947720599,-0.0006923301146294705,1.0000001502315659,1.0015436094133316,1,0.5398994504543587,1.3559498844389095,1.461479833160864,1.197209946409979,0.0007039762151738951,1.0000000523315122,0.3488767479821207,1,-1.8755227875253397,4.944800916817346,5.295270269875273,1.9341597561556325,0.01802971618919192,1.0000000010233592,0.00682131339292062,0
15.4,-0.003753619072330672,0.00473169043791763,-1.1551585946470433e-09,0.15893723664984302,-0.3081297765682229,0.33952960053741355,-1.105425117243355,0.0004639485852235666,1.0000024953079887,16.63538013911341,1,0.7245675988034246,0.02002978388765385,0.7184218317960267,0.03443953062281974,0.0022174322649847478,1.000000397934235,2.652894899288138,1,-0.7461363386671471,0.6744901978953767,1.0138436443626306,2.4074869756731694,-0.000711688862614086,1.0000001495567274,0.99704468729291,1,0.44353027879079704,1.3994464568166893,1.4705716188160205,1.2691054520625933,0.0007720741205215223,1.0000000517967658,0.34531177142566927,1,-1.9269053031850156,4.92774284930032,5.29786744283642,1.9443795525657293,0.017995591917149664,1.0000000010218097,0.006810984257019791,0
15.42,-0.0037536190678324494,0.00473169043724009,-1.1578780521187548e-09,0.29645483312559534,-0.11796169315591155,0.3111816056988216,-0.3725617674653564,0.0004695883006859836,1.0000027175889272,18.117253062429107,1,0.7043317479876255,0.16719637594793463,0.718571894422576,0.24154864756918845,0.0023317266326312886,1.0000003986694201,2.6577961343948173,1,-0.8243461964082713,0.578545760475285,1.0152197878752618,2.529608223322691,-0.0007329643378823951,1.000000148887086,0.9925804106638838,1,0.3449902899603332,1.4359748677176072,1.4798686712287632,1.3401074231428944,0.0008442485872944932,1.0000000512224245,0.3414828295792258,1,-1.9780824889576034,4.910160965333059,5.300454245391233,1.9545893638815262,0.017968598308233105,1.000000001020268,0.006800706978154576,0
15.440000000000001,-0.003753619068177075,0.004731690436474331,-1.1605859554647546e-09,0.2906939124935081,0.12531158679865095,0.31235516474404346,0.42920202085944137,0.0004787278052526171,1.000002985390143,19.90259450190667,1,0.654507702129391,0.3070753566987331,0.7189444613033987,0.4485065777191107,0.0024616605742498352,1.000000399271032,2.6618068794916523,1,-0.8900312266059864,0.4738096123796958,1.0163754937731957,2.651424767395546,-0.0007536348898482214,1.00000014823254,0.9882167706662921,1,0.24480022187063058,1.4654876059880515,1.4893219508153008,1.4102153501503312,0.0009178484458928628,1.0000000506135442,0.33742362756909294,1,-2.029049213153788,4.8920578976289795,5.3030304031117605,1.9647892479899662,0.017944572974556247,1.0000000010187344,0.006790482392078153,0
15.46,-0.0037536190739065303,0.004731690435619492,-1.1633410701775149e-09,0.14559935737855215,0.3081479618042355,0.3422484380459037,1.1529547228507027,0.0004831173617424006,1.0000031402586511,20.935051221500004,1,0.5772521363766518,0.4337568188534502,0.7195233784173745,0.6551897937101545,0.0025986158969611454,1.0000003997133229,2.664755485632677,1,-0.942246291316134,0.36188537741787025,1.0172940527290937,2.7729925164869704,-0.00078204426467306,1.0000001476025897,0.9840171016692946,1,0.14347021111694364,1.48797629202452,1.498883409882044,1.479433761332293,0.0009880678797394903,1.0000000499751702,0.333167801335509,1,-2.079800380385673,4.873436324066221,5.305595630830562,1.9749792613627384,0.01790933457032873,1.0000000010172088,0.006780311333959737,0
15.48,-0.0037536190805352483,0.004731690434718197,-1.1661781158800455e-09,-0.05646089601434177,0.37401227277272364,0.3838924811678487,1.7362535801513481,0.0004822950492312231,1.0000031414260488,20.942833873541385,1,0.47589516608482146,0.541922563243075,0.720283711297574,0.8614873360311455,0.0027426049465716263,1.0000003999776985,2.6665179899209552,1,-0.980244555655074,0.24446969687533998,1.017962246531221,2.894370443977179,-0.0008217551854020611,1.0000001470062356,0.9800414087353874,1,0.04149711713469123,1.5034689759869149,1.5085062563352198,1.5477717610077981,0.001052823659149349,1.0000000493122734,0.32874848942725854,1,-2.1303309318422063,4.854298967154461,5.308149649446832,1.9851594579781005,0.017856091629496966,1.0000000010156913,0.006770194631463725,0
15.5,-0.0037536190854650982,0.00473169043381173,-1.1690943395661901e-09,-0.24408598251636068,0.3354037281949931,0.42257178039642096,2.206507415828762,0.00047910133100110343,1.000003044104223,20.294021700825716,1,0.3547814112517706,0.6270770269758419,0.721192924938855,1.0673056516123816,0.0029025137176310286,1.0000004000535576,2.6670237170242226,1,-1.0034848894249195,0.12332944823312635,1.01837049268507,3.015619831981131,-0.000870593367313584,1.0000001464518915,0.9763457806361613,1,-0.06063769744269404,1.5120273585056303,1.5181451603056566,1.6152425750288597,0.001112045467299947,1.000000048629695,0.3241979659582365,1,-2.1806358455592445,4.834648593505852,5.3106921935785705,1.9953298917023903,0.017786495189700196,1.000000001014182,0.006760133096193517,0
15.520000000000001,-0.0037536190884430772,0.004731690432923411,-1.1720741382656441e-09,-0.38087422557213224,0.22532034800138692,0.45078152459473786,2.606354214785963,0.0004749133937998448,1.0000029021543462,19.347689188565887,1,0.2190667255895607,0.6857348142054368,0.7222123952982098,1.2725724733739807,0.003075216928074006,1.000000399938638,2.6662575867672076,1,-1.0116370915645871,0.00027874762720614355,1.0185129397765733,3.1368035168496564,-0.0009276216160589858,1.0000001459473065,0.9729818802599319,1,-0.1624701597233703,1.513743995725438,1.5277564147383067,1.6818631004823268,0.0011655259151896482,1.0000000479321007,0.3195473376570117,1,-2.230710136682702,4.814488013310194,5.3132230062532075,2.0054906175416964,0.01770267005121211,1.0000000010126813,0.00675012751991431,0
15.540000000000001,-0.0037536190898195443,0.004731690432065114,-1.1751021848291354e-09,-0.451569325997706,0.07522290891788498,0.465374673430664,2.9692621616654455,0.0004707690422332999,1.0000027489868157,18.326572318607553,1,0.07448297442613698,0.7155570275252425,0.7232991638983123,1.4772395787407344,0.0032418591017271004,1.0000003996389564,2.6642597093024474,1,-1.004585022174005,-0.12284417164282066,1.0183875229643728,-3.0252001760421314,-0.000994037082518682,1.0000001454994993,0.9699965000973867,1,-0.26355488830999685,1.5087395406157664,1.5372980637574731,1.7476534713987317,0.0012128400544063817,1.0000000472239443,0.3148262954827467,1,-2.2805488577242508,4.793820079813188,5.315741835209991,2.0156416915475375,0.017605636015570296,1.000000001011189,0.00674017867282044,0
15.56,-0.0037536190898924573,0.004731690431243508,-1.1781652242345841e-09,-0.45083341600569965,-0.08751372622519689,0.46524857073165093,-2.9623307890860078,0.0004668872634500813,1.0000026051585151,17.367716981342767,1,-0.07291583626316649,0.715432317076818,0.7244078271127663,1.6812843598942684,0.0033748407775661365,1.00000039916835,2.6611223328519196,1,-0.9824276965556367,-0.2442001376391368,1.0179959840713555,-2.9039569621035954,-0.0010718779896791931,1.0000001451146991,0.967431165196117,1,-0.3634662424483248,1.4971600630276494,1.546730001056238,1.8126366491546433,0.0012536394097170168,1.0000000465094379,0.3100629188615896,1,-2.3301470988098365,4.772647688797776,5.318248432181194,2.025783170590167,0.01749594198876626,1.0000000010097052,0.006730287301462976,0
15.58,-0.0037536190887873717,0.004731690430462739,-1.1812508046368797e-09,-0.3787187895376416,-0.23710118376826939,0.450411519407855,-2.5990249427519925,0.0004630285662645025,1.0000024862029342,16.57467977496752,1,-0.2170129952960617,0.685502112441504,0.7254924642634797,1.8847102204058135,0.003448505805621556,1.0000003985476713,2.656984474830293,1,-0.9454783611477332,-0.361972221241803,1.017343856487218,-2.7825891995549608,-0.001162665366619382,1.0000001447982914,0.9653217801141485,1,-0.46179905825363116,1.4791744812981837,1.5560140402779405,1.876838040889606,0.0012877194711291148,1.0000000457925307,0.30528353778922573,1,-2.3794999879207697,4.750973778068896,5.320742553238426,2.035915112270274,0.01737423617085666,1.0000000010082302,0.006720454127668728,0
15.600000000000001,-0.0037536190864563214,0.004731690429724705,-1.1843456926979856e-09,-0.24070429243975808,-0.34611649733813377,0.4219899511775178,-2.198292266065622,0.00045884689218592654,1.0000024088085182,16.058717002830104,1,-0.35188214941363366,0.627132532568343,0.7265085206648584,2.0875458760291,0.0034497307829150017,1.0000003978037095,2.652024729924343,1,-0.894261534190797,-0.47438886644562067,1.0164404132572795,-2.6610354218829237,-0.0012665325148252984,1.0000001445547755,0.963698339960395,1,-0.5581691116564771,1.4549721291491329,1.5651139599486523,1.9402851476745175,0.0013149647167555048,1.0000000450768984,0.3005126555804797,1,-2.4286026911267253,4.728801326941352,5.323223959444878,2.0460375749509425,0.017241705369535516,1.000000001006764,0.006710679850277026,0
15.620000000000001,-0.0037536190827347172,0.004731690429027387,-1.1874344710630091e-09,-0.05231866884164366,-0.38303921532548685,0.3831809838166015,-1.7264940952526961,0.00045479439149865994,1.0000023971104202,15.980729681424686,1,-0.47202382410629423,0.5428377762926563,0.7274145753642947,2.289843679983771,0.003384110967420855,1.0000003969679176,2.6464527848137522,1,-0.8295079582392593,-0.5797469041439873,1.0152985758740052,-2.539236408176346,-0.001381792694153824,1.0000001443877253,0.9625846720033455,1,-0.6522133470059659,1.424760473824659,1.5739955254376359,2.0030072439093223,0.0013354504825732185,1.0000000443659385,0.29577292284961637,1,-2.477450412810143,4.706133355729882,5.325692417641537,2.056150617922147,0.01710069064842227,1.000000001005307,0.006700965149869716,0
15.64,-0.00375361907770113,0.004731690428360169,-1.190499843671533e-09,0.14950925035938084,-0.31498319901830474,0.3415917369895488,-1.140917979140412,0.00045369929541539213,1.000002486889876,16.579259386910454,1,-0.5725772900889774,0.43616131548155307,0.7281739367967354,2.491677115885488,0.0032752529898945324,1.0000003960750223,2.6405001492255793,1,-0.7521473823469098,-0.6764343605993056,1.0139347840798096,-2.4171359461884125,-0.001504261179740885,1.0000001442997484,0.9619981595547926,1,-0.74358990897983,1.3887629955223786,1.5826264909068675,2.06503508939755,0.0013498473791487642,1.0000000436627712,0.2910851410524926,1,-2.52603839588213,4.68297292524031,5.328147700942741,2.0662543018154005,0.01695571394248098,1.0000000010038588,0.006691310694962515,0
15.66,-0.0037536190730456,0.0047316904276964635,-1.1935304697688331e-09,0.2927708524756999,-0.13025426123061679,0.3120605210931322,-0.414954621127888,0.0004593524969936996,1.0000027030989456,18.020653184496755,1,-0.6495017223478232,0.31152200332251767,0.7287560205435709,2.6931376099053255,0.003155147934933361,1.0000003951615837,2.6344105577640895,1,-0.663299068315635,-0.7629529349467958,1.0123688277905503,-2.2946815926742357,-0.0016287495931317387,1.0000001442924458,0.9619494763590127,1,-0.8319780129443005,1.3472172338402661,1.5909765836316223,2.1264006745633766,0.0013595206474573162,1.0000000429702423,0.28646828195116736,1,-2.5743619219904845,4.659323136261125,5.330589586566249,2.0763486893688605,0.01681322352550839,1.0000000010024197,0.006681717147766385,0
15.680000000000001,-0.003753619072989389,0.004731690426999792,-1.1965434580651912e-09,0.29566926847809694,0.11308681563524048,0.3114493383125946,0.38688240542772195,0.0004700323022157639,1.0000029727157758,19.818098718698824,1,-0.6997224417499613,0.17403241811336043,0.7291374705952579,2.8943308094374416,0.0030398437858260526,1.0000003942645637,2.6284304238730143,1,-0.5642598997319843,-0.8379399736066571,1.0106236370904687,-2.1718254238154096,-0.0017575003712071158,1.0000001443663769,0.9624423500056939,1,-0.9170776853597046,1.3003730029325828,1.5990174709038345,2.1871369949515156,0.0013645294255576735,1.0000000422909288,0.2819395254011375,1,-2.6224163117206167,4.635187129055236,5.33301784686917,2.0864338455509657,0.01667389063386002,1.00000000100099,0.006672185168857249,0
15.700000000000001,-0.003753619078447915,0.004731690426265233,-1.199586181256651e-09,0.15623045130813054,0.3014344387683496,0.3401757452230842,1.1175907930083464,0.0004780617915973462,1.0000031361451376,20.907627798278085,1,-0.7212395287641618,0.029296580517232506,0.729302998049139,3.095372457397221,0.0029175312426323787,1.000000393419947,2.6227996476351154,1,-0.456489970113811,-0.9001897153326657,1.0087250182464251,-2.0485247727637423,-0.0018989834765554266,1.0000001445210274,0.9634733526107416,1,-0.9986094022880952,1.2484907731298986,1.6067227203959302,2.247277847006962,0.0013624275680957183,1.000000041627148,0.27751431985325886,1,-2.6701969247903,4.6105680828518185,5.335432243994837,2.0965098350652225,0.01652795681945092,1.0000000009995693,0.006662715419340432,0
15.72,-0.0037536190850114733,0.004731690425530772,-1.2026850288240909e-09,-0.04492399065604105,0.3736615991576445,0.3816313281241632,1.708149579038428,0.00048028325206717597,1.0000031444490185,20.962987003791348,1,-0.7131972166623411,-0.11680618986075932,0.7292459325880206,-2.986801313183389,0.0027775065075570714,1.000000392661449,2.617742992184522,1,-0.3415955396400893,-0.9486735201714643,1.006701340786795,-1.9247429603111457,-0.002049879069974977,1.0000001447547833,0.9650317253639007,1,-1.0763136510126772,1.1918402136586874,1.6140677711906675,2.306857652272803,0.0013525978264611828,1.0000000409809695,0.2732064627055361,1,-2.7176991602399347,4.585469215339435,5.337832544381314,2.1065767207449704,0.016371427581613095,1.0000000009981584,0.006653308556187299,0
15.74,-0.0037536190899132025,0.004731690424833035,-1.205828893333094e-09,-0.23451848219003923,0.3398714422296628,0.4207147919635621,2.18334763865552,0.00047769803388952517,1.0000030508608018,20.33906555906951,1,-0.6759132466159835,-0.25834489611182676,0.7289684721277694,-2.7856972811485488,0.002614770501195732,1.0000003920193261,2.6134621743863664,1,-0.2213092805626812,-0.9825587325280932,1.0045831902586273,-1.800449994665964,-0.0021987807263531495,1.0000001450649114,0.9670992463915816,1,-1.1499504369741327,1.1306988890570584,1.6210298972482116,2.365911316772509,0.0013368760364075032,1.000000040354229,0.2690281943081597,1,-2.764918456619073,4.5598937821631935,5.340218527991733,2.1166345656761636,0.01620884572791574,1.000000000996757,0.006643965224271831,0
15.760000000000002,-0.003753619092831182,0.004731690424188803,-1.2089939145296102e-09,-0.37455979674495016,0.23279654274165434,0.44959349065483084,2.5860389010115066,0.0004722698300641647,1.0000029103039938,19.402020172153282,1,-0.6108678954081865,-0.3895618414905802,0.7284816152731347,-2.5843815404534345,0.0024207868516139238,1.0000003915193183,2.610128789303737,1,-0.09746778157294594,-1.0012257672714302,1.0024029736662108,-1.6756232131788646,-0.002335432447099235,1.0000001454475478,0.9696501559050811,1,-1.2192987553868029,1.0653511005283665,1.627588155956361,2.4244741113837556,0.0013173474717856665,1.0000000397485451,0.26499030129573664,1,-2.8118502921676978,4.533845076426796,5.342589983249843,2.126683434656475,0.016045366230817665,1.000000000995365,0.00663468605294504,0
15.780000000000001,-0.0037536190941135877,0.004731690423601385,-1.2121577847371001e-09,-0.4490096600309562,0.08413177768962839,0.4649592067158296,2.950235181173643,0.0004659741442510985,1.0000027571407912,18.38093215531822,1,-0.5206528018951534,-0.5050928986794119,0.7278047819450122,-2.3827427599750286,0.0021861362231646053,1.000000391181726,2.6078781723266786,1,0.02801364814463222,-1.004282953024584,1.000194472351725,-1.550247855979023,-0.0024517383480363616,1.0000001458976984,0.9726511603491376,1,-1.2841560441243118,0.9960868624944392,1.6337233350832312,2.482581568493637,0.0012957350704221775,1.000000039165334,0.26110222688619295,1,-2.8584901849911764,4.507326428198209,5.34494670224712,2.1367233941911383,0.015884702973496607,1.000000000993983,0.0066254716561834825,0
15.8,-0.003753619094072371,0.004731690423067439,-1.2153022026228921e-09,-0.45216010282255364,-0.07857627893189814,0.46563294243001485,-2.981334102282379,0.00045944191140849647,1.0000026123986812,17.415984755161123,1,-0.40888017152120737,-0.600176847239521,0.7269651302967477,-2.1806817902666524,0.0019054013578687788,1.0000003910206452,2.606804301824569,1,0.15316874392838256,-0.9915786242975857,0.9979923482930927,-1.424317554116933,-0.002540972211113628,1.0000001464092554,0.9760615396776074,1,-1.3443376320345253,0.9232010039510762,1.639417901720572,2.540269396279261,0.0012734612765351555,1.0000000386058276,0.2573721847877631,1,-2.9048336932291283,4.480341204018295,5.347288478951467,2.146754512221483,0.01572955375799483,1.0000000009926104,0.006616322632838489,0
15.82,-0.0037536190928491716,0.004731690422580186,-1.2184118401703525e-09,-0.3838083179731592,-0.22953571106697976,0.4515704181669414,-2.619263709900006,0.00045157082704709497,1.000002491717766,16.611445320445807,1,-0.28005357379280205,-0.6708472257194819,0.7259965800278652,-1.978115647091032,0.0015793165161886965,1.0000003910433801,2.6069558679193063,1,0.27601037952832524,-0.963209930315622,0.9958316096285422,-1.297834709119311,-0.0025973254873934842,1.0000001469750317,0.9798333823045379,1,-1.3996761948271554,0.8469923840138113,1.6446559528769105,2.5975734097757615,0.0012517446770743971,1.0000000380710907,0.2538072720992142,1,-2.950876415218628,4.4528928064125,5.349615108708644,2.15677685793648,0.015582069070920735,1.000000000991248,0.006607239566196265,0
15.840000000000002,-0.003753619090411362,0.004731690422130232,-1.2214728672965691e-09,-0.24907169582093985,-0.3414891179742457,0.42382372491055037,-2.2213057094793776,0.000440855407172119,1.0000024115710353,16.07713378317763,1,-0.13940248387708173,-0.7140997523801527,0.7249385593250673,-1.7749810391133332,0.0012137880250158721,1.0000003912500497,2.60833366446296,1,0.39456262593477254,-0.9195278294949838,0.9937470418438459,-1.1708107402777082,-0.0026155972229780287,1.0000001475868203,0.9839119721427241,1,-1.4500212287726029,0.7677632111578113,1.6494231681234752,2.6545294768969314,0.001231668890836442,1.0000000375620368,0.2504135794134665,1,-2.9966139896519315,4.4249846734058265,5.351926388238279,2.1667905016745257,0.015444214363071522,1.0000000009898955,0.006598223023493965,0
15.860000000000001,-0.0037536190866029866,0.004731690421704423,-1.2244716005027634e-09,-0.06271963868527006,-0.38315200753749856,0.38543383554096566,-1.7543594995917244,0.00042918931455805887,1.0000023955284323,15.970183096400667,1,0.00731597292463041,-0.7280280725879673,0.7238345034163892,-1.5712372859771613,0.0008154878086885291,1.000000391633419,2.6108894599623285,1,0.5068942784859025,-0.8611377701543652,0.991772613044219,-1.0432661769782885,-0.0025906769023636687,1.000000148235477,0.9882363502864661,1,-1.4952385506417059,0.6858184557849012,1.6537067651073145,2.711173477598876,0.0012142767860579898,1.0000000370794446,0.24719629802676854,1,-3.0420420957286485,4.396620278041208,5.354222115963956,2.1767955149308023,0.015318307327530319,1.000000000988553,0.006589273555913185,0
15.88,-0.003753619081473418,0.004731690421281821,-1.2273945436402922e-09,0.13987566733615445,-0.321411834790316,0.34368740772223605,-1.1759715843568876,0.0004250244520440739,1.0000024788570756,16.525707384654417,1,0.15404293273590644,-0.7119205869488763,0.7227301491646982,-1.366868466589148,0.00038966325688081447,1.0000003921789695,2.614526463393008,1,0.6111532218252459,-0.7888956246084242,0.9899408642444447,-0.9152305757803804,-0.0025167776147753365,1.0000001489110344,0.9927400661636003,1,-1.5352098308000215,0.6014653459215697,1.657495458747211,2.7675412748555503,0.001200743286734458,1.0000000366239736,0.24415982350359727,1,-3.087156453302227,4.367803127901192,5.356502092386098,2.1867919705920618,0.015208001623731737,1.0000000009872207,0.006580391699161558,0
15.9,-0.003753619076578842,0.004731690420826705,-1.23023544563311e-09,0.28861355807490663,-0.1422904465002412,0.3130291661339241,-0.45708916472110195,0.0004317623227571951,1.000002688791897,17.92527285955599,1,0.2946642397039467,-0.6663115995192129,0.7216716828997407,-1.1618846540792247,-4.8487772355211795e-05,1.000000392865292,2.619101946597917,1,0.7056008772920529,-0.7038985479202383,0.9882822996856666,-0.7867422461500603,-0.002387965818417781,1.000000149602842,0.9973521160375047,1,-1.5698321651192404,0.5150129361451135,1.6607794237161086,2.8236686969714326,0.0011923374647321322,1.0000000361961783,0.2413078546119909,1,-3.1319528230206934,4.338536764632807,5.358766118390034,2.1967799435663125,0.0151183773085697,1.0000000009858987,0.006571577974854967,0
15.92,-0.0037536190760889265,0.004731690420293468,-1.2330171042171378e-09,0.3001637256567216,0.10074856016545113,0.31063568052266644,0.3443279254014478,0.00044364237086848155,1.0000029596767768,19.73117205975612,1,0.4232682176789787,-0.5929811673839185,0.7207037956174694,-0.956322095047825,-0.0004959858347524331,1.0000003936648172,2.624432115135437,1,0.7886458705255802,-0.6074705734209934,0.9868247966532157,-0.6578477726874787,-0.0022045390656094325,1.0000001502997398,1.0019981029495344,1,-1.5990176902938014,0.4267717401995269,1.6635502551504737,2.8795915296953596,0.0011890385476875818,1.000000035796523,0.23864348703823546,1,-3.1764270064612683,4.308824763475219,5.361013986692495,2.2067595110269496,0.015049171889883644,1.000000000984587,0.006562832893685938,0
15.940000000000001,-0.003753619081286683,0.004731690419667227,-1.235795779076787e-09,0.16664535643806033,0.29442769880244185,0.3381408742850917,1.0817873886884666,0.00045407131640072724,1.000003131533379,20.87688274180241,1,0.5344036179670247,-0.49489998128542056,0.7198677335904007,-0.7502422012382028,-0.0009774053382882925,1.0000003945447722,2.6302984816590866,1,0.8588759808413811,-0.5011429269621317,0.9855930456268469,-0.5286013188207558,-0.0019783866352119893,1.000000150990262,1.0066015844436327,1,-1.6226932462067492,0.3370534181309999,1.665800926684991,2.9353455095098138,0.001188589091277009,1.0000000354253953,0.2361693017516158,1,-3.2205748462586876,4.27867073278928,5.363245474192087,2.216730750035092,0.014988961515145428,1.0000000009832857,0.006554156960072508,0
15.96,-0.0037536190878661303,0.004731690418979361,-1.2386107989953432e-09,-0.0333858204418594,0.3730614088915498,0.3793626962752115,1.679695240953878,0.0004606492994733664,1.0000031471534128,20.981016299275606,1,0.6233250896338068,-0.37611831928598,0.7191994378516823,-0.5437293436929526,-0.0014969444577341026,1.0000003954684327,2.636456217082537,1,0.9150874057494643,-0.3866292409897357,0.9846080280536567,-0.39906371647276806,-0.0017200455361220844,1.0000001516628276,1.0110853553890453,1,-1.640800088199392,0.24617050910598218,1.6675257668777776,2.9909663167211646,0.001189531340783178,1.000000035083117,0.23388744756121266,1,-3.2643922262282246,4.248078313588484,5.365460354682468,2.226693735267142,0.014929953125051878,1.0000000009819947,0.006545550673222772,0
15.98,-0.0037536190928898223,0.004731690418264234,-1.2414641771194002e-09,-0.22484393657618937,0.3441894760928799,0.41882770031061217,2.159964896075654,0.00046316660908541057,1.0000030574614853,20.383070115959523,1,0.6862128178465355,-0.2416014426730794,0.7187278584084266,-0.33688750036051013,-0.002028148679175418,1.0000003963965929,2.642643952611122,1,0.9563103911775082,-0.265796066276823,0.9838865730851805,-0.26930137427999845,-0.0014384844066831117,1.0000001523059001,1.015372505159166,1,-1.6532936515164642,0.15443620140570877,1.6687204503609105,3.0464895821321836,0.0011918758719153526,1.0000000347699576,0.2317997170275655,1,-3.3078750714847014,4.217051179072784,5.367658410640449,2.236648540616343,0.014872468988090828,1.0000000009807142,0.006537014524552564,0
16.0,-0.0037536190959570137,0.0047316904175387755,-1.2443444000892478e-09,-0.3680955377759193,0.24021491981377113,0.4483657861539298,2.5655989646137987,0.0004622320685790845,1.000002918397495,19.455976847651975,1,0.7203533422829396,-0.09701749430753388,0.7184735210078806,-0.12983581523110294,-0.0025419578188769216,1.0000003972891958,2.6485946382003798,1,0.9818303465350415,-0.1406292944361498,0.9834410329828328,-0.1393850313677243,-0.0011502150824416514,1.0000001529081244,1.0193873335661876,1,-1.660143369684285,0.06216413141604341,1.6693819833668206,3.1019509017404383,0.0011956140197586038,1.0000000344861424,0.2299076157720901,1,-3.351019348556814,4.185593034166149,5.3698394300876044,2.2465952406889844,0.014817529284967207,1.0000000009794445,0.006528548997975378,0
16.02,-0.0037536190974054055,0.004731690416808361,-1.2472411844641207e-09,-0.44628616018723954,0.09306092967077893,0.4645008205709777,2.9311586721188894,0.00045952719930569895,1.0000027653003112,18.43532895541632,1,0.7242701621493276,0.051512401285605254,0.7184474454635079,0.07729681190066344,-0.0030272531699401324,1.0000003981072365,2.6540482430755197,1,0.9912036749291866,-0.013197307619583896,0.9832790717329071,-0.009388414379642808,-0.000875443591091646,1.0000001534585952,1.0230571377740532,1,-1.6613325480687708,-0.030331796324971228,1.6695086895472915,-3.125799456037759,0.001200366850788579,1.0000000342318638,0.2282124254796733,1,-3.3938210654958163,4.153707615056844,5.372003202373352,2.2565339108189053,0.014764645654266028,1.0000000009781853,0.006520154573097187,0
16.04,-0.003753619097552144,0.004731690416073859,-1.2501477969148467e-09,-0.4533240826972996,-0.069546385831144,0.4659748366007266,-3.000320458685606,0.0004565574170305732,1.0000026196902567,17.464595259378378,1,0.697795535830186,0.19768898576717822,0.7186505742654397,0.28437782341935985,-0.0034841971475415207,1.0000003988149364,2.6587662429304855,1,0.9842676997180686,0.11438817661479994,0.9834035214328206,0.12061315279196325,-0.0006280065911222956,1.0000001539473333,1.0263153927473323,1,-1.6568582934273282,-0.12273757577511105,1.669100202065477,-3.070355307242497,0.0012055333849758712,1.0000000340072892,0.2267152608651135,1,-3.436276271978887,4.1213986887395695,5.374149516951692,2.2664646267316466,0.014712288883586968,1.0000000009769368,0.006511831727843422,0
16.060000000000002,-0.0037536190965446583,0.0047316904153348865,-1.2530596430262997e-09,-0.388750811559426,-0.22180191715103917,0.4526908502472791,-2.6394137515537315,0.0004537403169129361,1.0000024973306816,16.648864757504157,1,0.6420786222203163,0.33531960596068955,0.7190738014266148,0.4912772920907092,-0.0039037940213517757,1.000000399381689,2.662544593265734,1,0.9611442960095727,0.24001250326535947,0.9838122840605373,0.25054419635387926,-0.0004119792117905977,1.0000001543656785,1.0291043595706684,1,-1.6467314998573064,-0.21473926034755617,1.6681574620772779,-3.0148663806499214,0.0012104410815335553,1.0000000338125683,0.22541712140476589,1,-3.4783810594080435,4.08867005255955,5.376278163684631,2.2763874642868394,0.014658492934725827,1.0000000009756993,0.00650358093904504,0
16.080000000000002,-0.0037536190943540364,0.004731690414590537,-1.255972309228276e-09,-0.25733421615572316,-0.3366058183547573,0.4256287698482889,-2.244139380715923,0.0004508865835585234,1.0000024144960078,16.096633599812932,1,0.5595294002375005,0.4585969255727069,0.7196985256832026,0.6978739133851273,-0.00426467196729534,1.0000003997834337,2.665222890882062,1,0.9222371117365509,0.3615985821769976,0.9844983252982169,0.38033059384353085,-0.0002249054015319971,1.000000154706411,1.0313759100460878,1,-1.6309768911369542,-0.30602312578215235,1.666682722979623,-2.9592970745225537,0.0012144628674753974,1.0000000336478407,0.2243189380216135,1,-3.520131561005321,4.0555255337590435,5.378388933799307,2.286302499335509,0.01460135976898887,1.0000000009744725,0.006495402681305374,0
16.1,-0.003753619090820909,0.004731690413838015,-1.2588797873060165e-09,-0.07311540003354301,-0.38291325487211536,0.38767911740242705,-1.781927539472614,0.0004485412216673857,1.0000023942069256,15.961373052149662,1,0.4537021954937341,0.5623562821798966,0.7204976145036672,0.904060399617997,-0.004542301254458038,1.0000004000035978,2.6666906518417437,1,0.8682225064217038,0.4771463241017702,0.9854498033608808,0.5099010630957468,-6.0854551346246826e-05,1.0000001549637882,1.033091759334784,1,-1.6096331191686837,-0.3962758426213741,1.6646795603187967,-2.903611750415372,0.0012171506009639335,1.000000033513242,0.223421613349641,1,-3.561523951904632,4.021968989026828,5.38048162128893,2.296209807711261,0.014539708171036635,1.0000000009732568,0.006487297424799799,0
16.12,-0.0037536190859556394,0.004731690413068458,-1.2617740285762735e-09,0.13004276065924208,-0.3274403253135389,0.34581693278875625,-1.210636544666157,0.00044908326211072757,1.0000024711771687,16.47450800579067,1,0.3291265875560467,0.642298248918488,0.7214367131992238,1.1097480607963335,-0.004716282374051515,1.0000004000337122,2.6668914144960736,1,0.8000345524737767,0.5847698969437541,0.986650327091792,0.6391885634424713,8.85785184734358e-05,1.0000001551336124,1.0342239199268017,1,-1.582752917999305,-0.48518466604887267,1.6621528878942147,-2.8477747217411755,0.0012183837764872328,1.0000000334089083,0.22272605500227297,1,-3.6025544492405923,3.9880043040510946,5.38255602453073,2.30610946547595,0.014474146711774246,1.000000000972052,0.006479265632355647,0
16.14,-0.0037536190811726052,0.004731690412259443,-1.2646511060587784e-09,0.2839928497532172,-0.15408289692379137,0.3140839064461383,-0.49900118218830075,0.00045568128600539655,1.0000026746586734,17.83105136988151,1,0.19109650245233373,0.6951658712275314,0.722475838710823,1.3148703806170212,-0.004777142430422784,1.0000003998736564,2.665824376351679,1,0.718844655053789,0.6827318127860712,0.9880793177628198,0.7681315580526613,0.00023242799127006416,1.000000155213308,1.0347552235475561,1,-1.5504033125010535,-0.5724376509283972,1.6591089805240118,-2.7917502442357858,0.0012181498604311343,1.0000000333349803,0.222233202688964,1,-3.6432193122345202,3.9536353930761794,5.384611946257921,2.31600154963666,0.014407528844684875,1.0000000009708583,0.006471307756174102,0
16.16,-0.00375361908055863,0.004731690411377951,-1.267532253202558e-09,0.30417544646583955,0.08828985268608894,0.30990981487406627,0.30152301150926647,0.0004673897419484122,1.000002946288825,19.641919047385496,1,0.04543016463885758,0.7188695897359464,0.7235711754776726,1.519385448569027,-0.004745216198453788,1.0000003995314983,2.6635433225769414,1,0.6260365294736925,0.7694730203083401,0.9897124537672944,0.8966751023124764,0.0003723112598871061,1.0000001552019713,1.0346796455529799,1,-1.512665880294087,-0.6577239000866897,1.6555554993938597,-2.7355025073732366,0.0012151215092176685,1.0000000332916075,0.22194404964631528,1,-3.6835148422774417,3.9188661984634305,5.386649186615008,2.325886138763918,0.014339195569873535,1.0000000009696757,0.00646342423545419,0
16.18,-0.003753619085741812,0.0047316904104189855,-1.270470952833419e-09,0.17683854452674444,0.2871134253395434,0.3361391637885917,1.045537392590501,0.0004782602960778444,1.0000031264451834,20.842961436394624,1,-0.10178576517555324,0.7125565674993624,0.7246769840139248,1.7232771930547437,-0.004676195189370836,1.0000003990229465,2.6601529759548423,1,0.5231774082121886,0.8436383703272914,0.9915221888506542,1.024771739820478,0.000501126173450412,1.0000001551003714,1.0340023130327973,1,-1.4696370649471235,-0.7407338541639693,1.6515015109041313,-2.678995632515205,0.0012065840805800649,1.0000000332789487,0.22185965848297706,1,-3.723437383009681,3.8837006902558904,5.388667534249846,2.3357633111234106,0.014258416806382856,1.0000000009685044,0.006455615495857981,0
16.2,-0.0037536190925365398,0.004731690409424367,-1.2735041732096775e-09,-0.021848210176767587,0.3721950422263956,0.37708246148487085,1.6508978319582717,0.00048576605688758714,1.0000031495752983,20.997162202315877,1,-0.2444549920296429,0.6766245879811215,0.7257475307255944,1.9265554629487598,-0.004616203912559394,1.0000003983704722,2.6558031482294298,1,0.4119864273866946,0.9040970329658521,0.9934783232345258,1.1523822087621185,0.0006198679352412636,1.0000001549108999,1.032739169644897,1,-1.4214285378478377,-0.821159631669339,1.6469575131950736,-2.6221936877066065,0.0011917770350324223,1.0000000332971757,0.221981171380515,1,-3.7629833203973315,3.8481428657464054,5.390666777051234,2.3456331421746563,0.01415749671563356,1.0000000009673444,0.006447881947178462,0
16.220000000000002,-0.003753619097826807,0.004731690408440074,-1.2766286530511983e-09,-0.21506114438930748,0.3483425542462231,0.41690840680613117,2.1363764959860085,0.0004895589835253471,1.0000030639508546,20.426332578369607,1,-0.376721765000316,0.6126835641709282,0.7267389412314552,2.1292550552868303,-0.004585073189544263,1.0000003976021696,2.6506811312059706,1,0.29430116471558254,0.9499576548251598,0.9955485927632929,1.2794759423446966,0.0007354153939051327,1.0000001546374853,1.0309164050276625,1,-1.3681676054284493,-0.8986954282621288,1.6419354842849214,-2.565060708060771,0.0011715930384275496,1.000000033346472,0.22230981371166578,1,-3.80214908280658,3.812196749050308,5.392646716043811,2.355495705932004,0.014037518212744975,1.0000000009661958,0.006440223978425557,0
16.240000000000002,-0.00375361910112105,0.004731690407493114,-1.2798243085969385e-09,-0.36147794007134637,0.2475630990921825,0.4470987358566023,2.5450538743988775,0.00048725358895507735,1.0000029264801096,19.50986094398818,1,-0.49320271960921125,0.5234698272988735,0.7276109165194903,2.331433802406122,-0.00458696188099314,1.000000396750406,2.6450027071575337,1,0.17204326921153199,0.9805782436097348,0.9976992669052811,1.4060313550848849,0.0008521984392997729,1.000000154285473,1.0285696569974094,1,-1.3099976576631078,-0.9730379846722582,1.6364489311532056,-2.507560717591877,0.0011468285614357676,1.0000000334270336,0.2228468903553329,1,-3.84093114107489,3.7758663906836385,5.394607163944443,2.3653510767977206,0.013901380186977648,1.0000000009650585,0.006432641957135069,0
16.26,-0.0037536191027413898,0.004731690406596534,-1.2830703097210794e-09,-0.44339354584224816,0.1020022362366337,0.4640016258981296,2.912048412375485,0.00048227127761196336,1.000002773506611,18.490037620765875,1,-0.5891927337284218,0.41271970733436175,0.7283282661899233,2.533169857188031,-0.004623177140877125,1.0000003958504204,2.6390028023033585,1,0.04718405462241099,0.9955709485872077,0.9998957505728499,1.5320359364195109,0.0009711555330965999,1.0000001538614702,1.0257429723946625,1,-1.2470786527588054,-1.0438871330176618,1.630512935026194,-2.4496577619477136,0.001118002920019146,1.0000000335390662,0.22359377459412125,1,-3.879326008577082,3.7391558671457465,5.396547940838612,2.3751993299260405,0.013751258944370823,1.0000000009639325,0.006425136234570123,0
16.28,-0.003753619103009584,0.004731690405756342,-1.2863482150120287e-09,-0.4543191206804671,-0.06042701427792024,0.46627678544806034,-3.0192809888544065,0.0004787103968629711,1.000002627068441,17.513783154456227,1,-0.6608391582569413,0.28500955147207524,0.7288622002175704,2.7345583424001934,-0.004689239906756953,1.0000003949389449,2.632926299731952,1,-0.07828917186894757,0.9948020475840186,1.002103174269426,1.657486170168109,0.0010904606940596807,1.0000001533731713,1.0224876450112559,1,-1.1795876317464589,-1.1109464316104047,1.6241441983254765,-2.3913159552010175,0.0010855652540384022,1.0000000336827835,0.2245518891908863,1,-3.9173302412857045,3.7020692805044426,5.398468872387542,2.3850405411181512,0.01358883623601677,1.0000000009628183,0.006417707153011982,0
16.3,-0.0037536191020815447,0.0047316904049747865,-1.2896411503808547e-09,-0.39353974179572904,-0.21389761408337168,0.45377401578312127,-2.6594736752031043,0.00047652032976485813,1.0000025030709765,16.687133390030667,1,-0.7052805578992163,0.14556944723798992,0.7291913584228892,2.935707533897319,-0.0047716730957040035,1.0000003940527773,2.6270185157428947,1,-0.2024053988199407,0.978387558496575,1.004286958543138,1.7823872991433836,0.0012064618576921103,1.0000001528291713,1.018860979202074,1,-1.107719255289918,-1.1739238986420966,1.6173610942504122,-2.33249954138899,0.0010500242223176028,1.0000000338584019,0.22572267887067982,1,-3.95494043782639,3.6646107579825364,5.400369789473504,2.394874786735078,0.013415722246531245,1.0000000009617154,0.006410355051492617,0
16.32,-0.0037536190999375952,0.004731690404251114,-1.2929323805165038e-09,-0.26548453063655114,-0.3314598836141552,0.42740320047835995,-2.266796579938275,0.00047400268051416597,1.000002417609261,16.117388620073132,1,-0.7207474945961762,7.769530346871285e-05,0.7293025707413864,3.1367346989437075,-0.004856658979152808,1.0000003932274055,2.621516037454453,1,-0.3232403033906507,0.9466849652547809,1.0064133435370817,1.9067529573627184,0.0013147727940952228,1.000000152238777,1.0149250172919164,1,-1.031686353446013,-1.2325328553361483,1.6101837180461223,-2.273172972201263,0.0010120386695462106,1.000000034066136,0.22710757345625718,1,-3.9921532395295163,3.6267844515456544,5.402250528421004,2.404702143686372,0.013233778683414871,1.000000000960624,0.006403080268196703,0
16.34,-0.0037536190964236067,0.0047316904035803985,-1.2962039774855327e-09,-0.08349535223944937,-0.3823109983506217,0.3899107232778451,-1.8091976966110428,0.00047045416291530915,1.00000239317489,15.95449281444193,1,-0.7066239134584901,-0.14555730718656554,0.729191330391203,-2.945423607788681,-0.00493660301488481,1.0000003924957444,2.616638295932425,1,-0.4389443661047293,0.9002815844616737,1.0084498775492254,2.0306046933888684,0.0014117326177722589,1.000000151611815,1.0107452717994307,1,-0.9517204772730351,-1.2864928891588392,1.6026339388272852,-2.2133010027743856,0.0009725405892120379,1.0000000343061912,0.22870794166331396,1,-4.028965330479304,3.5885945374919337,5.404110931609277,2.414522689510807,0.013045561999595338,1.0000000009595447,0.006395883139509344,0
16.36,-0.003753619091524449,0.004731690402949679,-1.2994367118782102e-09,0.12002602331518708,-0.3330446905324008,0.3479707542192492,-1.2448891305100858,0.0004680772205189977,1.0000024638995428,16.42599049992936,1,-0.663468404459859,-0.2854214670636086,0.7288619671762544,-2.7442748365830014,-0.005010353671439401,1.0000003918869864,2.6125799099277347,1,-0.5477684502634312,0.8399801040915911,1.0103658607927077,2.153971408015907,0.0014963684824026407,1.000000150958449,1.0063894976374663,1,-0.8680724390052448,-1.335530947473359,1.5947354510588954,-2.152848807710805,0.0009328696959698165,1.0000000345787552,0.23052503529720036,1,-4.065373437561172,3.550045216044541,5.405950848386455,2.424336502662156,0.012855173489749573,1.0000000009584766,0.00638876399682862,0
16.380000000000003,-0.0037536190865306313,0.004731690402330771,-1.3026160332677006e-09,0.2789152878839814,-0.16558475862387084,0.3152169483780646,-0.5406183897135813,0.0004715589549161457,1.0000026607972874,17.738642130353618,1,-0.5929951085039187,-0.4138195830123821,0.7283275153890721,-2.542886821569397,-0.005081538790883086,1.0000003914255808,2.609503871845252,1,-0.6480866993648751,0.7667818053453012,1.0121327415506969,2.276888728155479,0.001571421002364372,1.0000001502890041,1.001926531708661,1,-0.7810128250857407,-1.3793825717414223,1.5865138256300169,-2.091782118720054,0.0008944333847791092,1.0000000348839881,0.2325599202267796,1,-4.101374330507488,3.5111407109479447,5.407770134772561,2.434143663253345,0.012668729059661817,1.0000000009574206,0.0063817231628752035,0
16.400000000000002,-0.0037536190854431184,0.004731690401682161,-1.3057527780378775e-09,0.3076775737019236,0.07576206626162606,0.3092727611739691,0.258559198063422,0.000481388850766327,1.0000029326615076,19.551070265344812,1,-0.49801445258181815,-0.5254940265961455,0.7276092742403379,-2.3411509883190385,-0.0051670596897639785,1.0000003911303503,2.607535669014653,1,-0.7384166985998797,0.6818679391765065,1.0137244608260456,2.399398333744051,0.0016371543989020367,1.0000001496138073,0.9974252200700405,1,-0.690832463940588,-1.417793281859627,1.5779965587225173,-2.030067382793549,0.0008566876145029334,1.0000000352220086,0.2348133902394208,1,-4.136964821941218,3.471885269068538,5.4095686465218735,2.443944253899614,0.012489365606324423,1.0000000009563763,0.006374760949858944,0
16.42,-0.0037536190902347777,0.004731690400986421,-1.3088930512356045e-09,0.18676564673513216,0.27951955940531986,0.3341774305120615,1.00890052624193,0.0004899642451822027,1.0000031209437583,20.806285269737465,1,-0.38233438562731303,-0.6158312137312073,0.7267360584086717,-2.1389718822111097,-0.005297166258161779,1.000000391013768,2.6067584538076556,1,-0.8174369193465518,0.5865796762500334,1.0151177482296718,2.521547243951444,0.0016843439498477916,1.0000001489430412,0.9929534458592428,1,-0.5978428277982322,-1.450520119013894,1.5692131058998833,-1.967671942426227,0.0008165488548284986,1.0000000355928795,0.23728586381519906,1,-4.1721417674164885,3.4322831599991814,5.411346227767538,2.4537383582394927,0.012310241730444043,1.0000000009553438,0.006367877661306981,0
16.44,-0.003753619096880598,0.0047316904002729695,-1.3120714957223778e-09,-0.01035269091310849,0.37107223819537044,0.3747978000881402,1.621791301716634,0.0004939155733346129,1.0000031517481898,21.011648145180082,1,-0.250623484522017,-0.68104920507355,0.7257431531689563,-1.9362710604399396,-0.005478764382858117,1.000000391081411,2.6072094074122343,1,-0.8840015183410713,0.4823969889968821,1.0162923861877045,2.6433870790658474,0.0017093406220681563,1.0000001482866137,0.9885772609396477,1,-0.502376344922132,-1.4773333534562645,1.5601948992588355,-1.9045642525213013,0.0007731095130982801,1.0000000359965902,0.23997726714231993,1,-4.206902065455667,3.392338675666583,5.413102718003004,2.463526058088504,0.012125812585504384,1.000000000954323,0.0063610735939917664,0
16.46,-0.003753619102101032,0.00473169039957726,-1.3152842777593154e-09,-0.20520533566200316,0.3523309705665826,0.41496203947009486,2.112603479519982,0.0004950712085079474,1.0000030703474132,20.468976302185578,1,-0.10823831894002982,-0.7183593843241308,0.7246710063965082,-1.7329904991910965,-0.005693211716281273,1.000000391331619,2.608877461090309,1,-0.9371525968200255,0.370916762203055,1.0172314359518742,2.764973324504468,0.0017196056209843585,1.0000001476540419,0.9843601168820418,1,-0.40478659543794976,-1.4980183608198516,1.5509753688420862,-1.8407141338744484,0.0007279364653269896,1.0000000364330366,0.2428869101192924,1,-4.24124265758433,3.3520561299415457,5.414837966476239,2.473307434239752,0.01193839573745568,1.0000000009533145,0.006354349036330196,0
16.48,-0.003753619105319733,0.00473169039891586,-1.3185116366776217e-09,-0.35473657412814863,0.2548349445904011,0.44579414045989235,2.5244199917703076,0.0004945016527371154,1.0000029345614787,19.56373673910125,1,0.038981137290817196,-0.7260949118273125,0.7235636788911253,-1.529095343505027,-0.005917389672908334,1.0000003917553846,2.6117025639669724,1,-0.976130040781556,0.2538303681305976,1.017921413445443,2.8863645916633676,0.0017242491529594157,1.000000147054353,0.9803621905403312,1,-0.30544836044971585,-1.5123776671080837,1.5415899565524969,-1.7760930515539672,0.0006826649310547094,1.0000000369020041,0.24601336012217584,1,-4.275160528364402,3.311439858253104,5.4165518317657755,2.483082568288081,0.011751774864580624,1.0000000009523178,0.006347704267624866,0
16.5,-0.0037536191068517953,0.0047316903982912335,-1.321734827489096e-09,-0.4403558380022406,0.110943465192205,0.4634597820520233,2.8929229625859025,0.000492935267438679,1.0000027817657882,18.545098801510232,1,0.18494249725311762,-0.7037987347279873,0.7224670916953833,-1.3245758462061783,-0.006130510335257,1.000000392336506,2.615576707069496,1,-1.00037906399233,0.13290088682029486,1.018352424994235,3.007621870965507,0.0017303305470003456,1.0000001464959933,0.9766397921191677,1,-0.2047574905305449,-1.5202331587739841,1.5320761057125944,-1.7106744223609949,0.0006385435130467248,1.000000037403146,0.24935430556087781,1,-4.308652705424398,3.270494217206242,5.418244176969556,2.49285154303791,0.011568500289787327,1.000000000951333,0.00634113956039651,0
16.52,-0.0037536191070320054,0.004731690397699271,-1.3249396068129582e-09,-0.45516269370783924,-0.05123633079107241,0.46653407868480057,-3.0381895178406775,0.0004914834089649291,1.0000026345400277,17.5635937317279,1,0.3235507782714475,-0.6522645548866542,0.7214271324473303,-1.119448344105558,-0.006315787371448353,1.0000003930520338,2.6203468913528627,1,-1.009555563266674,0.009940105075347466,1.0185182687265455,3.1288077820012847,0.001742688739936243,1.0000001459867511,0.9732448440020084,1,-0.10313055683551631,-1.5214284503251123,1.5224732256454971,-1.6444339545553024,0.0005965038468128833,1.000000037935959,0.2529063943390501,1,-4.341716259486354,3.2292235842022414,5.419914867168786,2.5026144423233943,0.01139002404557466,1.0000000009503605,0.0063346551835710314,0
16.54,-0.0037536191060312954,0.004731690397133093,-1.328115291788362e-09,-0.39818437046686844,-0.2058455477015726,0.4548138262628679,-2.679406250586952,0.0004908615366503703,1.0000025089484872,16.72631679474316,1,0.44896737778172024,-0.5735254774679921,0.7204876960866247,-0.9137551377529787,-0.00646204703821223,1.0000003938730246,2.6258201648086583,1,-1.0035293726832335,-0.11321460944205969,1.0184165012065844,-3.033199485301358,0.001763921300088858,1.0000001455336915,0.9702244468245047,1,-0.0010042464248204079,-1.5158313965348174,1.5128226313800677,-1.5773500186300455,0.0005571906573436777,1.0000000384997567,0.2566650453644555,1,-4.374348304389881,3.1876323570611445,5.421563768524227,2.5123713507869287,0.011217109033863179,1.0000000009494,0.006328251404453725,0
16.560000000000002,-0.0037536191038435567,0.004731690396584314,-1.3312530734894967e-09,-0.27352223374894263,-0.3260754490552361,0.42914134140081184,-2.2892279032871077,0.0004902972636527849,1.000002420923961,16.139486621207716,1,0.5558666591117098,-0.47078717410808935,0.7196887477739026,-0.7075631843839071,-0.006564727175446333,1.0000003947656122,2.631770748432166,1,-0.9823854728361572,-0.2347234895094739,1.018048466977153,-2.9119656956936977,0.001794326275057699,1.000000145143103,0.9676205245515406,1,0.10116553772662279,-1.5033367290287967,1.5031674561111588,-1.509404047102063,0.0005210435900811378,1.0000000390936366,0.26062424416002533,1,-4.40654599711396,3.145724953646372,5.423190748160598,2.522122353706246,0.011050165270229898,1.0000000009484513,0.006321928488981586,0
16.580000000000002,-0.003753619100322291,0.004731690396042257,-1.3343443641677943e-09,-0.0938493643677685,-0.3813654783559784,0.39212508455995354,-1.8361101001821227,0.00048853535531556,1.0000023924466777,15.949638064817567,1,0.6396772549182035,-0.3483052644782665,0.7190645056246602,-0.5009615779501618,-0.006625096955554196,1.0000003956923684,2.6379491224128646,1,-0.9464231784093065,-0.35276755069456467,1.0174192906703408,-2.7906131667104512,0.0018326209049351107,1.000000144820447,0.9654694833839688,1,0.20290491223920765,-1.4838687884747326,1.4935525327058314,-1.4405809604438635,0.0004884786119188887,1.00000003971645,0.2647763324104243,1,-4.4383065377970645,3.1035058114918104,5.424795674654799,2.531867536892935,0.010889703585316062,1.0000000009475152,0.006315686700764392,0
16.6,-0.0037536190954294475,0.004731690395490508,-1.3373801844608624e-09,0.10984171600562384,-0.3382335741628716,0.3501487104846922,-1.2786622976337403,0.0004862721656451962,1.000002457037087,16.380240793959004,1,0.6967947125407317,-0.21121007530442498,0.7186418439994824,-0.294057870904635,-0.006647131861229233,1.000000396613915,2.644092767364327,1,-0.8961532926661546,-0.4655717212287941,1.0165378333554098,-2.669080296967074,0.0018772826934241181,1.0000001445703068,0.9638018820678542,1,0.3037236240528994,-1.457384314488997,1.4840242404848059,-1.3708696148889425,0.00046018764412531074,1.0000000403667695,0.26911179599517077,1,-4.469627169755786,3.0609793874317526,5.426378419133653,2.541606986773292,0.010737179438798308,1.000000000946591,0.006309526299605955,0
16.62,-0.003753619090334846,0.004731690394899985,-1.3403561416151788e-09,0.2733888838877616,-0.1767873568529372,0.31643324880715157,-0.5818713973483063,0.0004872307351374749,1.0000026472183183,17.64811566890576,1,0.7247527342503632,-0.06528565998449365,0.7184390128123134,-0.08697338223951978,-0.006634543958161155,1.0000003974907112,2.649938075335486,1,-0.832293181406652,-0.5714278546219009,1.0154166133571496,-2.547307632729462,0.001926544181202715,1.0000001443963447,0.9626421351788075,1,0.4031170735821136,-1.4238752456756805,1.4746303150055662,-1.3002632660465607,0.0004372437187493863,1.0000000410428587,0.27361905707699496,1,-4.5005051795020385,3.018150157234008,5.427938855794473,2.551340790935511,0.010595630527999467,1.0000000009456793,0.006303447540076694,0
16.64,-0.0037536190889327914,0.004731690394229636,-1.3432919655081976e-09,0.31065371247644946,0.06317217811795647,0.3087350167076733,0.21547292308961294,0.0004935851235142388,1.0000029187640171,19.45842032909028,1,0.7223421217994018,0.08328647084413082,0.7184647570375399,0.12016227816625968,-0.006599045685982457,1.0000003982849086,2.6552327245924956,1,-0.7557596870728277,-0.6687175376906648,1.014071688186582,-2.425238625928818,0.0019724047953157964,1.0000001443012607,0.9620082416448409,1,0.5005687828570986,-1.3833714717369583,1.4654196204065375,-1.2287600377741197,0.00041944024281640314,1.0000000417426418,0.27828427854120935,1,-4.530937896758596,2.9750226152363757,5.42947685644107,2.5610690389894337,0.010465593669724459,1.0000000009447796,0.006297450671225871,0
16.66,-0.0037536190935160796,0.0047316903934621415,-1.3462432002508962e-09,0.196405893654341,0.2716322436861682,0.33226487125725374,0.9718588119373489,0.0004984711536231296,1.0000031149379909,20.766246819909302,1,0.6896695531337667,0.22820551165730077,0.718717906476358,0.3272171726068171,-0.006571351488810783,1.0000003989621424,2.659747616135312,1,-0.6676597790283557,-0.7559345722308198,1.012522487028229,-2.302820390581621,0.0019982680864158667,1.000000144286754,0.9619115305362355,1,0.5955533344848114,-1.335943469328648,1.4564418756935487,-1.1563633795639818,0.00040342987267885357,1.0000000424636772,0.28309118099939956,1,-4.560922694472281,2.9316012739861517,5.430992278620912,2.5707918213908263,0.010338270054202285,1.0000000009438925,0.0062915359389392415,0
16.68,-0.003753619100238538,0.004731690392629855,-1.349256189414616e-09,0.0010903819463709526,0.3696708896141375,0.37251269243984475,1.5923386845977416,0.0004993818814605254,1.0000031535720457,21.023807185397583,1,0.6281522158128959,0.36333610971280783,0.7191874490281083,0.5340631296878795,-0.006565640853417037,1.00000039949323,2.6632881996757094,1,-0.5692788205114337,-0.8317069633784183,1.0107915961813054,-2.1800044683675432,0.001995863070688813,1.0000001443534883,0.9623564256605652,1,0.6875397973732597,-1.2817047440931666,1.4477473195236306,-1.0830825073508732,0.00038681678814380137,1.0000000432031322,0.2880208804919873,1,-4.5904569888244575,2.8878906638816413,5.432484970164173,2.580509226299032,0.01020526602651399,1.0000000009430177,0.00628570358818326,0
16.7,-0.0037536191056505245,0.004731690391775563,-1.3523372521632993e-09,-0.1952802902453334,0.35613374751184945,0.4129889838786444,2.0886115661969655,0.0004986233254815449,1.0000030765663523,20.510435895727426,1,0.5404486809436566,0.48298382804022444,0.7198530598650756,0.7405816106861294,-0.006567957044694422,1.00000039985557,2.6657038004503666,1,-0.4620663292989835,-0.8948181939576437,1.0089045129584517,-2.0567475879968864,0.001967201110573999,1.0000001445010591,0.9633402311725836,1,0.775995642043804,-1.2208139921837684,1.4393863308334551,-1.0089328243758404,0.00036991727851714353,1.0000000439577648,0.29305176438512515,1,-4.619538239240334,2.8438953328155296,5.433954785162442,2.590221339766405,0.01006577201146686,1.0000000009421552,0.006279953860765215,0
16.720000000000002,-0.0037536191090730706,0.004731690390925077,-1.3554737770572756e-09,-0.34787341709429886,0.2620121660570632,0.4444513183542418,2.503669142644576,0.0004964732298192215,1.000002942573939,19.617153141107316,1,0.43033074357707835,0.58214628706457,0.7206860836520605,0.9466690103372096,-0.006558686354509864,1.0000004000341496,2.66689433079569,1,-0.34761912079057417,-0.944227504345296,1.0068893547371218,-1.933012394868044,0.0019153002548191688,1.000000144727966,0.9648529435437622,1,0.8603911328744689,-1.153476887326229,1.4314090172985938,-0.9339362931735841,0.00035342028605969006,1.0000000447239124,0.2981594156210976,1,-4.648163948398133,2.799619845821244,5.435401586293247,2.5999282475384216,0.009920921055667956,1.000000000941305,0.006274286992124083,0
16.740000000000002,-0.003753619110799798,0.004731690390090844,-1.3586517752864347e-09,-0.43717538487317253,0.11986845842301994,0.4628750238838897,2.8737574362969736,0.0004930098590508258,1.0000027900228206,18.60014568472997,1,0.3025047006762196,0.6567270595164667,0.7216509026670016,1.1522411039610785,-0.006520767052008393,1.0000004000221607,2.6668144045907924,1,-0.22766175111652837,-0.9790888345079729,1.0047765137757227,-1.8087681472813761,0.0018425211280068945,1.00000014503159,0.9668771038178277,1,0.9402041663874928,-1.079947395538633,1.4238647616155375,-0.8581217368714199,0.0003376151334526098,1.0000000454974893,0.3033165954643462,1,-4.676331662237452,2.7550687847227477,5.43682524123122,2.6096300356049262,0.009771144650141837,1.0000000009404675,0.006268703210545293,0
16.76,-0.00375361911116589,0.004731690389279221,-1.3618595899426988e-09,-0.45585812394454295,-0.041989359010098336,0.46674705142525347,-3.057071063711708,0.0004889253331550293,1.0000026420579131,17.61371296818326,1,0.16239334246899023,0.7037024870665186,0.7227065947764156,1.357236436353156,-0.006442847600296869,1.0000003998211777,2.6654745179597295,1,-0.10402422584757257,-0.9987680230450221,1.0025982613976006,-1.6839913682543728,0.0017514742585421578,1.0000001454081806,0.9693877080113525,1,1.0149255040542307,-1.0005285193144278,1.4168017274661941,-0.7815250555757184,0.0003225392650231323,1.0000000462739944,0.3084932966975323,1,-4.704038969966302,2.7102467477872705,5.438225620845569,2.619326790108922,0.009616327217732593,1.0000000009396426,0.006263202737642057,0
16.78,-0.003753619110345692,0.004731690388493987,-1.3650869501620477e-09,-0.4026886283031261,-0.19766098370519694,0.45581064331347937,-2.699238874350815,0.00048455099280356455,1.000002514920797,16.76613219326518,1,0.01589156080106069,0.7212352050434642,0.7238087817359092,1.5616185331954846,-0.0063223724413457956,1.000000399440906,2.6629393724411363,1,0.021382991744894164,-1.0028578024147152,1.0003883042144335,-1.55866643402604,0.0016455378551807347,1.0000001458528538,0.9723521956755141,1,1.0840643259573706,-0.9155723772054398,1.4102663339636325,-0.704189340997645,0.0003081512234978439,1.0000000470485317,0.3136568784217154,1,-4.7312835040669246,2.665158349380494,5.439602599007021,2.6290185972011573,0.009456247699884736,1.00000000093883,0.006257785788160106,0
16.8,-0.0037536191083361124,0.00473169038773719,-1.3683232815038526e-09,-0.28145022270899933,-0.3204696029856727,0.4308427559598668,-2.3114639804485844,0.00047931359137353796,1.000002424400327,16.16266239407962,1,-0.13089111025348835,0.7087318479415119,0.7249115667436885,1.7653769042350458,-0.006167084361018715,1.0000003988985464,2.65932364312119,1,0.1465965502210996,-0.9911900857251954,0.9981812946996169,-1.4327860780060413,0.0015290175643865042,1.0000001463596053,0.9757305388755092,1,1.1471540090995813,-0.8254795341364736,1.4043027085083308,-0.6261648722821692,0.0002944430504263532,1.0000000478158437,0.318772291570982,1,-4.7580629403011505,2.6198082196241956,5.440956053147982,2.6387055429577893,0.009290922356908255,1.0000000009380299,0.006252452568199027,0
16.82,-0.0037536191049897956,0.004731690387008031,-1.3715561468681525e-09,-0.10417551660858994,-0.3800960690619458,0.39432010689917274,-1.862697207913955,0.0004728641736176577,1.0000023919846257,15.94655771947527,1,-0.27188836125630955,0.6668457582132796,0.7259694656567528,1.9685268853884228,-0.005992932585325573,1.0000003982178456,2.6547856379226573,1,0.26963012727781843,-0.9638450147266704,0.9960123000291763,-1.3063517876320936,0.0014072776655487573,1.0000001469213426,0.9794754543612288,1,1.2037580125110718,-0.7306975129003045,1.398952129245805,-0.547508978279567,0.000281555865094656,1.0000000485703602,0.323802401319387,1,-4.784374997715821,2.574201004056732,5.442285865341706,2.6483877133824687,0.00912101088656821,1.0000000009372425,0.006247203272140073,0
16.84,-0.003753619100241642,0.0047316903862991205,-1.3747707117671426e-09,0.09950161303807196,-0.3430238114109727,0.35234658663653223,-1.311981659373669,0.00046786611100525473,1.0000024505610445,16.337067177859797,1,-0.40132417301216483,0.5974282461332414,0.726939248254661,2.171108426705333,-0.0058175010024179765,1.0000003974279061,2.6495193745168746,1,0.388506342374904,-0.9211562373473448,0.9939162356467056,-1.1793740711023724,0.0012870383517856866,1.0000001475299378,0.9835327556692841,1,1.2534757321497576,-0.6317184381897676,1.3942524698429144,-0.46828575530813293,0.0002699583273001941,1.0000000493062613,0.3287084086081263,1,-4.810217438648513,2.528341363296947,5.443591923949108,2.6580651945884743,0.008948535742536092,1.0000000009364678,0.006242038079318228,0
16.86,-0.0037536190951424336,0.004731690385589291,-1.377954492263328e-09,0.26743015043019563,-0.1876926861055829,0.3177286484568815,-0.6227588715295387,0.00047005908232582876,1.000002633924963,17.559493300825707,1,-0.513939794561499,0.5034339063017312,0.7277816214048158,2.3731839718136465,-0.005652125382992349,1.0000003965618427,2.643745617821112,1,0.5012901800475899,-0.8637119123991904,0.991927274007822,-1.0518725722637836,0.0011765694489338093,1.0000001481763034,0.9878418604747792,1,1.295948173614077,-0.5290757908348248,1.3902376613666216,-0.38856563481124545,0.0002605091916578696,1.0000000500175552,0.33345036744222745,1,-4.83558806873332,2.4822339727120712,5.444874124944098,2.6677380734506815,0.008777455103281243,1.0000000009357057,0.006236957151786873,0
16.880000000000003,-0.003753619093464119,0.004731690384842833,-1.381116481596889e-09,0.31310496812453875,0.050526675234320875,0.30829720536249244,0.17227928665872724,0.0004794736819566634,1.0000029046141463,19.36408785683386,1,-0.6051934233043506,0.38878668221672646,0.7284627009304386,2.5748355900154,-0.0055060820682594535,1.0000003956553578,2.6377023852777466,1,0.6061233037039412,-0.7923510018554729,0.9900782421447136,-0.9238760133361984,0.0010807567399427917,1.0000001488505028,0.9923365227152849,1,1.3308632815927475,-0.4233402808182465,1.3869371907352854,-0.3084248006225483,0.00025337571433472176,1.0000000506981683,0.3379877881331083,1,-4.860484736905816,2.4358835220899593,5.446132367712122,2.6774064387475267,0.008610143848554587,1.0000000009349561,0.00623196063502053,0
16.900000000000002,-0.003753619097799652,0.0047316903840431005,-1.3843013445605235e-09,0.20575328206231297,0.26344660087705213,0.3304044904234795,0.9344048062574932,0.00048797152348508045,1.0000031084159988,20.72276687348488,1,-0.6714273469229821,0.2582138886585426,0.7289552364580139,2.7761615125670436,-0.005398037925824281,1.0000003947453033,2.6316353555897014,1,0.7012585139030078,-0.7081545089966934,0.9884000163249085,-0.7954219387935678,0.0009916029282012347,1.000000149541889,0.996945764348329,1,1.357960762688376,-0.31511488176334496,1.3843756549978874,-0.22794445512242437,0.0002465884582061421,1.000000051342048,0.34228032007963943,1,-4.8849053354055565,2.3892947153152746,5.447366542512092,2.6870703805915572,0.008440760444336018,1.0000000009342194,0.006227048663728662,0
16.92,-0.0037536191045111017,0.004731690383221486,-1.387547284101981e-09,0.012480951971725676,0.36798136617389887,0.370229052788818,1.5625218700595056,0.0004918815608000027,1.0000031550260349,21.03350044673479,1,-0.7099989952495318,0.1170554246844151,0.7292395788837812,2.97727221964887,-0.005331572848735358,1.0000003938682775,2.6257885169134236,1,0.7850934995600689,-0.6124314620100801,0.9869209173491114,-0.666556250023907,0.0009018070988419575,1.0000001502392655,1.0015949403053932,1,1.3770362438095058,-0.20502910412405925,1.3825723689387466,-0.1472099420088666,0.0002386215718475509,1.0000000519432743,0.34628849542014045,1,-4.908847799774582,2.342472270048013,5.4485765314814225,2.696729987364702,0.008263447172006761,1.0000000009334953,0.006222221370457993,0
16.94,-0.003753619109989433,0.004731690382420208,-1.390852460980696e-09,-0.18528217393649055,0.359743807168794,0.4109900015788859,2.064383093892353,0.0004935688232095365,1.000003082589994,20.550593507110005,1,-0.7193736735776652,-0.028944863401313282,0.7293043758444708,-3.1048990781868255,-0.005286905261468284,1.0000003930592936,2.6203952896672273,1,0.8562029489168275,-0.5066996139376516,0.9856661331405483,-0.5373325463422381,0.0008140480137329819,1.000000150931076,1.0062070110042827,1,1.3879446241638485,-0.09373261821691355,1.3815410356189375,-0.06630976016861106,0.00022987841128979355,1.0000000524961743,0.34997449490118115,1,-4.932310108852702,2.295420917402867,5.449762224384584,2.706385345485782,0.00807951591019484,1.0000000009327839,0.006217478890497147,0
16.96,-0.0037536191134539985,0.0047316903816628075,-1.3941952336539443e-09,-0.34088460599832565,0.2690910503608171,0.4430704047048545,2.4827861044552275,0.0004940792637417384,1.0000029505031813,19.670014756639937,1,-0.6991777056617905,-0.1738590896133784,0.72914697279522,-2.9038596141824313,-0.005244894717134312,1.0000003923505445,2.6156702968651757,1,0.9133680485370946,-0.39266102358213456,0.9846571985631866,-0.4078112655430301,0.0007323007196575335,1.0000001516056232,1.0107039911890163,1,1.3906025019372934,0.018111630434317922,1.3812895131376577,0.014665506486493096,0.00022112727737199982,1.0000000529954378,0.3533029191863452,1,-4.955290284771196,2.248145401629534,5.450923522288764,2.7160365412764738,0.007892247730674389,1.0000000009320853,0.006212821363429367,0
16.98,-0.003753619115183409,0.004731690380957132,-1.3975530069147701e-09,-0.4338505124757365,0.1287754706535745,0.4622474461460855,2.8545388387273904,0.0004932958144998303,1.0000027982658966,18.655099524622784,1,-0.6502113703464553,-0.31180025586689114,0.7287735165290185,-2.702673411980977,-0.005198220810374756,1.000000391770286,2.6118019068862193,1,0.9556024098422813,-0.2721728945479605,0.9839115405896937,-0.2780586276049081,0.0006583681631929366,1.000000152251303,1.0150085224287695,1,1.3849895865411455,0.12983464659553515,1.381819683699953,0.09562432350906222,0.0002129006865401574,1.0000000534362306,0.35624153670518854,1,-4.977786392945452,2.2006504797943296,5.4520603337719145,2.725683661742492,0.007704153429169856,1.0000000009313994,0.0062082489340872975,0
17.0,-0.0037536191155231155,0.00473169038030301,-1.4009068007199421e-09,-0.45640701327854016,-0.03268755939316583,0.4669165280622751,-3.0759376411004853,0.000491263540929688,1.000002649611767,17.66407199446587,1,-0.5744214842973533,-0.4371461176035481,0.7281987595872964,-2.501224557416446,-0.0051508862617378045,1.0000003913418463,2.608945641060755,1,0.9821735267849826,-0.14721426332396964,0.9834421005585435,-0.1481454077898022,0.0005924803371856298,1.000000152856853,1.0190455238099891,1,1.3711490437517138,0.24076876790840193,1.3831274229766242,0.17647537124215323,0.00020559770137394895,1.0000000538142961,0.35876197377469543,1,-4.999796542066634,2.152940921463046,5.453172572264393,2.735326794607209,0.007516993847946837,1.0000000009307264,0.006203761752701382,0
17.02,-0.003753619114661888,0.00473169037969623,-1.4042406946447594e-09,-0.4070578515283674,-0.18934674443693938,0.45676676885257345,-2.7189853835262636,0.00048786911491102393,1.0000025209770333,16.806507102416912,1,-0.47483390501906503,-0.544755862171488,0.7274455627539674,-2.299406893748169,-0.005113691395236276,1.0000003910827802,2.6072185345537484,1,0.9926189869184538,-0.019849326315082197,0.9832570483553051,-0.01814557242509727,0.000534191513833453,1.0000001534116043,1.0227438666293984,1,1.3491867608521912,0.35025501278826926,1.3852026705976481,0.257128704498394,0.00019963730565371356,1.0000000541260474,0.36084031636600783,1,-5.021318884092917,2.1050215083851023,5.454260154957632,2.744966028213627,0.00733212228296369,1.000000000930066,0.006199359973594542,0
17.04,-0.003753619112611077,0.004731690379129876,-1.4075403741847792e-09,-0.289277357631731,-0.3146484225936934,0.4325115924029164,-2.3335253954267414,0.0004833797888205137,1.0000024280232336,16.186815105255647,1,-0.3554467506652101,-0.6301732302538127,0.7265440982008743,-2.0971281776743895,-0.005099642195373569,1.0000003910041804,2.606694536219056,1,0.9867568273130399,0.10781163519478136,0.9833595999990341,0.11186518368313007,0.00048308198846218976,1.0000001539057262,1.0260380112790026,1,1.3192695594441763,0.4576502036808585,1.3880296000831984,0.33749687184088967,0.0001955852155766553,1.0000000543686394,0.3624575959200934,1,-5.042351614240874,2.0568970341792294,5.455323002511553,2.754601451443551,0.007150746146342555,1.0000000009294188,0.006195043752498207,0
17.060000000000002,-0.0037536191092340737,0.004731690378593715,-1.4107916948384591e-09,-0.1144843922747762,-0.37851422174578736,0.3965013047202214,-1.888993546465327,0.0004812633430753739,1.000002391763252,15.945081894015084,1,-0.2210858914617759,-0.6898093383669069,0.7255307660609467,-1.8943138693906438,-0.0051196636202543834,1.000000391110151,2.6074010058946704,1,0.9646896372798154,0.2336526481451082,0.9837479456719073,0.24181095390997184,0.000439457013482308,1.0000001543304557,1.0288695416704101,1,1.2816224223840966,0.5623336871731669,1.3915868826131816,0.4174959623680994,0.0001942812137221672,1.0000000545400205,0.363600136650891,1,-5.062892970977494,2.008572304021149,5.456361039338639,2.764233153681646,0.006974248937502982,1.0000000009287842,0.006190813243130555,0
17.080000000000002,-0.003753619104451775,0.004731690378071043,-1.4139800992400697e-09,0.08899801510205894,-0.3474319429976855,0.35456926914384,-1.3449006815925126,0.000484363203819074,1.0000024444311106,16.296200952099948,1,-0.07722536496865672,-0.7210980869817079,0.724446848207697,-1.6909104167231044,-0.005168101556519699,1.0000003913975009,2.6093166718802276,1,0.9268022481779911,0.3555926048345842,0.9844152904859215,0.3716171429871649,0.00040516317733903663,1.0000001546783046,1.031188534995291,1,1.23652483581994,0.6637134924792185,1.3958480353636116,0.4970465516295537,0.00019694881393562472,1.0000000546389627,0.36425975139295624,1,-5.082941236013007,1.9600521343336608,5.457374194591061,2.7738612249122876,0.006804793229201418,1.0000000009281624,0.006186668593798782,0
17.1,-0.0037536190992111572,0.004731690377532011,-1.4170948464155286e-09,0.26103568270360616,-0.19831480405776974,0.3191051346784845,-0.663341540391063,0.0004908358068306445,1.000002620877435,17.472509781941678,1,0.07022315964892493,-0.7226168310830396,0.7233369187172615,-1.4868878823113851,-0.005218718835938573,1.0000003918557403,2.6123716017677188,1,0.8737531002018035,0.4716248212934017,0.9853500053934132,0.5012119479579242,0.00038341510662654355,1.0000001549432314,1.0329547127441479,1,1.1843063753775398,0.7612317966756253,1.4007818417210776,0.5760745225351723,0.00020496636274804225,1.0000000546650685,0.36443378962236,1,-5.102494734294499,1.9113413524794758,5.458362403282369,2.783485756244304,0.006645827706124118,1.0000000009275536,0.0061826099445597615,0
17.12,-0.003753619097157411,0.004731690376932203,-1.4201472354861966e-09,0.3150220570967273,0.03781346469949174,0.30795935464877516,0.1289193455039687,0.0005010789071284337,1.0000028901811346,19.267867778291983,1,0.21514592776006186,-0.6941651759780451,0.7222470527743184,-1.282241721132273,-0.005254648399805822,1.0000003924672782,2.6164485215555957,1,0.8064596192228399,0.579854487420202,0.9865358832628521,0.6305277484728435,0.00037337442583281367,1.000000155120774,1.0341383305574243,1,1.1253416854781233,0.8543695966303115,1.4063528300247115,0.6545117411883815,0.000218319063921037,1.000000054618759,0.36412506098330516,1,-5.121551834000035,1.8624447964570905,5.459325602723013,2.79310684104679,0.006499070048113967,1.0000000009269576,0.00617863742570172,0
17.14,-0.0037536191011683625,0.0047316903762446415,-1.423186500506407e-09,0.2147995048998449,0.25494252636157244,0.3285939529601246,0.896474304765821,0.0005102402448146115,1.0000031013421162,20.675607656001585,1,0.35147964730299064,-0.6367955248610093,0.7212229140179852,-1.0769935423880277,-0.005287070427679432,1.0000003932078902,2.621385935083557,1,0.726078156731889,0.6785330103977466,0.9879524987133417,0.7595023676037523,0.0003657924095834983,1.0000001552081388,1.0347207629218436,1,1.0600450117293359,0.9426505219039379,1.4125218031431277,0.7322965781564439,0.00023437198749229031,1.0000000545012493,0.3633416625327842,1,-5.140110946532429,1.8133673145997193,5.460263719385022,2.802724574724683,0.006358381079118469,1.0000000009263748,0.006174751159360262,0
17.16,-0.003753619107844458,0.004731690375491972,-1.4262601334344427e-09,0.023818544981215845,0.3659838694575643,0.36794234139232623,1.532288193748679,0.0005133505687689374,1.0000031560904574,21.040596596244487,1,0.4734709563881415,-0.5527904679826598,0.7203077875938344,-0.8711907537234649,-0.005324000426660789,1.0000003940475368,2.626983578158165,1,0.6339792291701435,0.7660884113830035,0.9895756582024038,0.888080183742791,0.00035688109343704513,1.000000155204238,1.0346947564357385,1,0.9888644487758279,1.0256437580336535,1.4192463981705121,0.8093742846854449,0.00025114835677454033,1.000000054314508,0.36209671983218267,1,-5.158170526511472,1.7641137652764596,5.461176666258214,2.812339051586879,0.006216900718102431,1.0000000009258048,0.006170951263410643,0
17.18,-0.003753619113425439,0.004731690374711862,-1.4293769488339658e-09,-0.1752087362454997,0.3631464808857385,0.40896047013119624,2.039881332311731,0.0005135866646315513,1.000003088416372,20.589436027858863,1,0.5759309362300412,-0.4455843736805967,0.719540652749372,-0.6649050248192502,-0.005354630364470734,1.000000394951498,2.633009985714463,1,0.5317189253586838,0.8411511246671234,0.9913779053099477,1.016213059017251,0.0003523200937612077,1.0000001551096895,1.0340644334003168,1,0.9122760605998192,1.1029660831069092,1.4264816373260767,0.8856972233670434,0.00026839052306251596,1.0000000540612042,0.3604080281759452,1,-5.175729071765033,1.7146890165946427,5.462064357924807,2.821950363933462,0.00607412678424849,1.0000000009252479,0.006167237852323771,0
17.2,-0.0037536191170214396,0.0047316903739256675,-1.4325254678228955e-09,-0.33376900939498305,0.27606083310431956,0.44164801445688634,2.4617446007640713,0.0005130120917509572,1.0000029583566004,19.722370882550887,1,0.6544716007558454,-0.31962955243495683,0.7189544020639062,-0.458229540075293,-0.0053705217911743375,1.000000395881793,2.6392119530780027,1,0.4210074271683353,0.9025747609409595,0.9933290709548882,1.143861055350047,0.0003588288508859621,1.0000001549267699,1.032844969901558,1,0.8307780193026915,1.1742830514375213,1.4341804675553336,0.9612249508467718,0.00028580383516840687,1.0000000537446343,0.3582975612735542,1,-5.192785123320451,1.6650979461036903,5.462926715979422,2.8315586036750573,0.005931208576288992,1.0000000009247036,0.006163611035554059,0
17.220000000000002,-0.0037536191188903565,0.004731690373140658,-1.4356932756358354e-09,-0.4303823117303951,0.13765563114511473,0.46157521551983716,2.8352457129062403,0.0005115716357482572,1.000002806505333,18.710029100392184,1,0.705711019401451,-0.18021090564687986,0.7185743007782683,-0.25127510428356353,-0.005372803017189287,1.0000003967988331,2.645325554278047,1,0.30367561805428833,0.9494516126548025,0.9953968640575824,1.2709929411886554,0.0003810179573109988,1.0000001546593182,1.0310619584002427,1,0.7448848939050674,1.2393093829805744,1.4422942917083845,1.0359241725597046,0.0003028267393621807,1.0000000533686302,0.3557908674932305,1,-5.209337265396214,1.6153454405011651,5.4637636658365025,2.841163863105018,0.005788351494175504,1.0000000009241727,0.006160070917377777,0
17.240000000000002,-0.0037536191193823305,0.004731690372357859,-1.4388716784892452e-09,-0.45681253571232994,-0.02333941467147833,0.4670419025246604,-3.094810044122341,0.0005096217168489121,1.0000026572108782,17.71473273541326,1,0.7274346043808223,-0.03321670056128528,0.7184167787963591,-0.04416526812454706,-0.005368831050573138,1.00000039766323,2.651088198659477,1,0.18164072776239207,0.9811228784008594,0.9975474817415437,1.3975864944342735,0.0004215064865816393,1.000000154312608,1.0287505572329905,1,0.6551222007603182,1.297808634425904,1.450773479110997,1.1097685883524115,0.0003189557146979595,1.0000000529374622,0.35291641420390235,1,-5.225384125393103,1.5654363953409598,5.464575134134915,2.8507662348607203,0.005644921358742434,1.0000000009236547,0.006156617598655078,0
17.26,-0.0037536191186936796,0.004731690371576291,-1.4420548470617245e-09,-0.4112965057370853,-0.18091207267058107,0.45768199993544356,-2.738668890599326,0.0005079095231338948,1.0000025271229045,16.84747957797069,1,0.718702197929525,0.11512340742833348,0.718488634940982,0.16296927854800883,-0.005367290839410415,1.000000398437657,2.6562510471044223,1,0.0568718916925727,0.9971837624572819,0.9997462200177515,1.523628610938121,0.00048127222268177345,1.0000001538931935,1.0259544611552402,1,0.5620213042930408,1.3495922401454716,1.4595678452220244,1.1827386445424912,0.00033390436709877677,1.0000000524557393,0.34970492901660777,1,-5.24092437388427,1.5153757147431461,5.465361047812209,2.860365811705152,0.0054998766249546565,1.0000000009231498,0.006153251179285145,0
17.28,-0.003753619116841784,0.004731690370794347,-1.4452379152370826e-09,-0.2970075876884596,-0.30862274805983864,0.4341466072130408,-2.3554391882034307,0.0005066483476040548,1.0000024317933347,16.211949111876898,1,0.6798938186219287,0.25851921844736764,0.7187867074407935,0.3699967316753437,-0.005373513852411205,1.0000003990886515,2.660591010298425,1,-0.06864359704143749,0.9974837533898772,1.0019580708613494,1.6491152342320243,0.0005599003559126658,1.000000153408735,1.0227247376321111,1,0.4661147337100332,1.3945180184866737,1.4686270935885641,1.2548212091537494,0.0003476519793479637,1.000000051928315,0.3461887667932514,1,-5.255956724604373,1.4651683111050087,5.466121334171488,2.869962686314563,0.005352121201257759,1.000000000922658,0.006149971760097517,0
17.3,-0.0037536191136913998,0.004731690370009116,-1.4484151128913575e-09,-0.1247755565666022,-0.3766318248814605,0.39866422233802484,-1.9150274941479368,0.0005055550822019524,1.000002391780399,15.945196207723464,1,0.6126909658497453,0.39090415957729746,0.7192980331798402,0.5767902619188706,-0.005385417415327748,1.0000003995882303,2.6639215355292634,1,-0.19293268704445732,0.9821224965195992,1.0041482943345643,1.774051126707719,0.0006560400472333448,1.0000001528678113,1.0191185786988373,1,0.3679319593753956,1.432488241466016,1.4779012153835345,1.3260091879428624,0.0003605211422796888,1.0000000513601974,0.3424013165651899,1,-5.270479934438123,1.4148191048129435,5.466855921701253,2.8795569511125003,0.0052009006276135805,1.000000000922179,0.00614677944343345,0
17.32,-0.0037536191091411706,0.004731690369213111,-1.4515786940505482e-09,0.07834097139818505,-0.3514648792604038,0.3568073216389921,-1.3774335356855225,0.0005053518606095213,1.00000243865787,16.25771268114777,1,0.5199947849899466,0.5067069573364962,0.720000484354579,0.7832338069295042,-0.005390513305537476,1.0000003999152194,2.6661014630698685,1,-0.3140670966218533,0.9514417485754326,1.0062829566002693,1.898449505230696,0.000768413290095916,1.0000001522797266,1.0151980152579418,1,0.26799565262182773,1.4634473642984278,1.4873408434851894,1.3963010985692184,0.00037337003629247823,1.0000000507564684,0.338376455683758,1,-5.284492803408875,1.364333023955197,5.467564741802013,2.8891486982344166,0.005046427462737704,1.0000000009217132,0.006143674332283993,0
17.34,-0.0037536191040294727,0.004731690368387457,-1.4547223588495112e-09,0.2542194502428347,-0.20864091299511414,0.32055085651377335,-0.7035842299650203,0.0005091860701429267,1.0000026081388882,17.387586134972462,1,0.405786641066948,0.6010961022380136,0.7208638382247671,0.9892272348363885,-0.005366709093499668,1.0000004000562086,2.667041391072748,1,-0.43019158076749464,0.9060139408614611,1.008329426124193,2.022331565398733,0.0008966634032734056,1.0000001516543198,1.0110286356747213,1,0.16681843541793717,1.4873795061721888,1.4968975588761435,1.4657006188329125,0.0003876469480622228,1.0000000501222084,0.3341480559105405,1,-5.297994174667831,1.313715004035598,5.468247731108706,2.8987380199180475,0.004890394370389985,1.0000000009212606,0.006140656528208203,0
17.36,-0.0037536191018543827,0.004731690367499113,-1.4578583557370295e-09,0.3163956642081431,0.02506052105962464,0.30771571656448843,0.08547852565529217,0.0005190545729902133,1.000002875580252,19.170528560214954,1,0.27494024490748414,0.6701847481183622,0.7218512081788542,1.1946906033504219,-0.005297305467155631,1.0000004000060811,2.6667072080493783,1,-0.5395496732962797,0.8466278838172138,1.0102568202665105,2.1457259164047473,0.0010364956734128612,1.0000001510017762,1.0066783447560699,1,0.06490011180917242,1.50430576614472,1.5065241478561897,1.5342161209145813,0.00040390884709828466,1.0000000494624317,0.329749544550156,1,-5.310982934484275,1.2629699876886415,5.468904830048694,2.9083250096440407,0.004733368660931973,1.000000000920821,0.006137726128771355,0
17.380000000000003,-0.003753619105744876,0.004731690366530338,-1.461034851045137e-09,0.22351433954966488,0.24613191582533125,0.3268351139568105,0.8581461308632004,0.0005297368280055627,1.0000030938127626,20.625411964730763,1,0.13299705378425392,0.711186925769017,0.7229207503784879,1.3995673189754223,-0.005189841049791294,1.000000399768105,2.6651207001799286,1,-0.6405067520743984,0.7742721264093202,1.012036400160623,2.268667940295103,0.0011703077800410988,1.0000001503324534,1.0022161926358506,1,-0.037274638480501214,1.51428144885644,1.5161748183025052,1.6018601989772732,0.00041971362159087225,1.0000000487820284,0.3252135226724204,1,-5.32345801223671,1.2121029243963195,5.469535970986416,2.9179097623430583,0.004569257737097622,1.0000000009203946,0.006134883226640255,0
17.400000000000002,-0.0037536191125534706,0.004731690365512953,-1.4642990802098826e-09,0.03507437232442746,0.3636719992590952,0.3656575985427847,1.5016980548622731,0.000536862793839703,1.0000031568376733,21.045578036103688,1,-0.014081959841335883,0.7225196241006536,0.7240275505660837,1.603826110277522,-0.005047004847841207,1.0000003993536024,2.662357349109188,1,-0.7315703693295907,0.6901164446511321,1.0136419271229915,2.391199097039901,0.0012805259833458462,1.0000001496567184,0.9977112926082689,1,-0.13923813248148345,1.5173932646755866,1.5258053905865068,1.6686492078545083,0.0004333744487901615,1.0000000480857165,0.32057144332416954,1,-5.335418380403898,1.16111877020641,5.470141073380176,2.927492371465213,0.004391759476874419,1.0000000009199812,0.006132127910768263,0
17.42,-0.003753619118367923,0.004731690364495921,-1.4676575644904932e-09,-0.1650802573110777,0.36632678713696626,0.4069065352609097,2.0151535570928942,0.000538184228262067,1.0000030941035334,20.62735043633603,1,-0.16017490454885888,0.7038489468039772,0.7251255802755318,1.8074618095603125,-0.004849301492011995,1.000000398781221,2.6585414726146888,1,-0.8114078632909262,0.5954918811655252,1.0150499754876483,2.5133662104633636,0.0013623132035655062,1.0000001489848,0.9932318369821047,1,-0.2405411564754702,1.5137565582722246,1.5353734476773542,1.73460282950276,0.0004461872744460745,1.0000000473780037,0.31585335764205613,1,-5.346863054556143,1.1100224874513658,5.470720058736716,2.9370729276114913,0.004201143863245935,1.000000000919581,0.006129460264797353,0
17.44,-0.0037536191221754557,0.004731690363511498,-1.4710929046105048e-09,-0.32653827917296235,0.28290448909548893,0.44019045594363465,2.4405806319149095,0.0005350498875497476,1.0000029661808627,19.774532631445478,1,-0.2992555061887645,0.6560817980993502,0.726169633279655,2.0104949692452956,-0.004590801685885614,1.000000398075903,2.6538393522719868,1,-0.8788613212376576,0.49186969764769434,1.0162401873480997,2.635220738974488,0.0014157610523803318,1.0000001483266567,0.9888442157837873,1,-0.3407540763967537,1.5035126086327417,1.5448384366075145,1.7997436591066596,0.00045962187285585184,1.0000000466631604,0.3110877359358086,1,-5.3577910933484105,1.0588190444680081,5.4712728586037915,2.946651520086074,0.003999766997623294,1.000000000919194,0.006126880362177581,0
17.46,-0.003753619124205288,0.00473169036257595,-1.4745842477842733e-09,-0.4267753859389399,0.14649367399746585,0.4608639983490786,2.8159038625851247,0.0005317233890807525,1.0000028147782498,18.765181879724924,1,-0.4256367376182689,0.5813071110803832,0.7271171518727996,2.212970418730589,-0.004287756105689866,1.0000003972677114,2.6484514088452915,1,-0.9329599982759448,0.38083953950830507,1.0171954799152376,2.756818030802651,0.001442001101770964,1.0000001476918599,0.9846122355990162,1,-0.4394676267474104,1.4868260336999939,1.5541617383247408,1.8640968126149797,0.00047432563468066306,1.000000045945202,0.30630134688019134,1,-5.368201598515863,1.0075134153190834,5.471799412764638,2.9562282379217746,0.0037895098743115055,1.0000000009188204,0.006124388262229395,0
17.48,-0.003753619124808917,0.004731690361697149,-1.4781128393741988e-09,-0.45707426400895734,-0.013956510131157016,0.467127459289591,-3.1136712085489573,0.0005295394119533819,1.0000026648848648,17.76589264575033,1,-0.5341926918048436,0.48269243348508845,0.7279298732584276,2.414954945478816,-0.003959892824751158,1.0000003963904607,2.6426030713653335,1,-0.9729303121640706,0.26408705160073515,1.017902213510916,2.878216573902092,0.0014432551268151682,1.0000001470894924,0.9805964531665657,1,-0.5362934195611658,1.463882325579465,1.5633067128332312,1.9276895645835683,0.0004905171621092083,1.0000000452278752,0.3015191675065318,1,-5.378093714870941,0.9561105795173095,5.472299667092217,2.9658031700738237,0.00357183641569837,1.0000000009184598,0.0061219840088985265,0
17.5,-0.0037536191241898855,0.004731690360878724,-1.4816616986058559e-09,-0.4154008783098191,-0.17236441280433362,0.4585586475751892,-2.7582790609862555,0.0005288661015734199,1.000002533382775,16.889212046005046,1,-0.6205519136575679,0.3643427327611677,0.7285752616087863,2.616534261341423,-0.0036240105079974943,1.000000395480258,2.6365350541439816,1,-0.9982035342601251,0.14337112800701435,1.0183503201960318,2.99947724674039,0.0014225056473688193,1.0000001465280712,0.976853644770775,1,-0.6308642132570176,1.4348855356451902,1.5722387226130967,1.990551019189519,0.0005083646632587076,1.0000000445146482,0.29676432076990583,1,-5.387466630300981,0.9046155217520503,5.472773572789105,2.975376405394728,0.0033481367902256946,1.0000000009181123,0.006119667632234175,0
17.52,-0.0037536191223739848,0.004731690360121362,-1.4852141992389295e-09,-0.30463475243293103,-0.30239634583530606,0.4357478775278052,-2.3771990779835077,0.0005289604392234576,1.0000024357321178,16.23820766577012,1,-0.681257326310426,0.2311286678823035,0.7290276891778491,2.817809403533011,-0.0032893298786461234,1.0000003945740616,2.630493743879957,1,-1.0084212855852122,0.02050093017245821,1.018533393505459,3.1206625743641587,0.001382986437625137,1.0000001460154768,0.9734363487091678,1,-0.7228339785926976,1.400056121829552,1.5809251379062732,2.052711814065647,0.0005281497399370156,1.0000000438087073,0.2920580491041952,1,-5.396319575765272,0.8530332316184406,5.473221086452677,2.9849480325976647,0.0031199659560011152,1.000000000917778,0.006117439152236901,0
17.54,-0.0037536191192325723,0.0047316903594221355,-1.4887526720306146e-09,-0.1350398692748024,-0.37444908530688953,0.4008069193506657,-1.9407935050254934,0.0005282831671221957,1.000002392056587,15.947037461034144,1,-0.7138895066531336,0.08849151799246406,0.7292693412929049,3.0188927172702846,-0.0029526394448911005,1.0000003937082818,2.624721877624358,1,-1.0034389270435007,-0.10268722949466823,1.018448743684495,-3.0413493151345645,0.001327338939641937,1.0000001455588863,0.9703924123267489,1,-0.8118777963828939,1.3596289641498385,1.5893353270706798,2.1142038559465455,0.0005503593941408882,1.0000000431129588,0.2874197250609228,1,-5.4046518252907525,0.8013687033485289,5.47364217072356,2.994518140248463,0.0028893013936457405,1.0000000009174568,0.0061152985844468615,0
17.560000000000002,-0.003753619114651537,0.00473169035877147,-1.4922577237482318e-09,0.06754366467067023,-0.35511588023465274,0.359057182003814,-1.4095693758205348,0.000526617037386496,1.0000024332646118,16.221757626725076,1,-0.7171513048871838,-0.05776834989812777,0.729290828378687,-3.0632817579444604,-0.0025939666224664036,1.0000003929174404,2.6194496017901066,1,-0.983326904157517,-0.22435306839948269,1.0180974245368226,-2.920124191084818,0.0012565136828186357,1.0000001451646947,0.9677644687407365,1,-0.8976916189808346,1.3138515497319,1.597440634700264,2.17506008713096,0.0005758618801986442,1.000000042430034,0.28286689308943364,1,-5.412462695965684,0.7496269355437891,5.474036795713907,3.004086816853521,0.0026589850097548423,1.000000000917149,0.006113245946257795,0
17.580000000000002,-0.003753619109376234,0.004731690358146562,-1.4957116862331782e-09,0.24699214810139708,-0.21864811515826316,0.3220620287241618,-0.7434552262282833,0.0005275342037633974,1.0000025957528675,17.30501266500464,1,-0.6909126815196398,-0.20171296969422847,0.7290914858353136,-2.8622215350096254,-0.0021754674617493353,1.0000003922328886,2.614885924789457,1,-0.9483700755718961,-0.3426755246736476,1.0174842410696365,-2.798784288211841,0.0011695993172594048,1.000000144838405,0.965589204546014,1,-0.9799919245808377,1.2629823250057586,1.6052143491520432,2.235314281915225,0.0006060927855621402,1.0000000417623003,0.2784153350350836,1,-5.419751547931194,0.6978129309081943,5.4744049411803175,3.013654151320399,0.0024330216714912533,1.0000000009168544,0.006111281262451137,0
17.6,-0.0037536191067611773,0.00473169035750797,-1.499115260313738e-09,0.3172126141662435,0.012300874174249053,0.30756650198015406,0.04200587556865584,0.000535000274531452,1.0000028608708498,19.07246587881659,1,-0.636215234563762,-0.33749201916226224,0.7286793430183122,-2.6609920258133153,-0.0016626654505488684,1.0000003916816356,2.611210903365159,1,-0.8990650225351221,-0.45587590257588617,1.0166177453339762,-2.677267810239679,0.0010641316731332677,1.000000144584508,0.963896556289804,1,-1.0585152902913162,1.207289210029238,1.6126316580342233,2.295000870962682,0.0006420639082071752,1.000000041111873,0.2740791531907748,1,-5.426517784371178,0.645931695981186,5.474746595692138,3.023220234222586,0.0022140571697767887,1.0000000009165728,0.006109404568589949,0
17.62,-0.003753619110174595,0.004731690356827263,-1.502506682764769e-09,0.23186568509829847,0.2370316119732495,0.3251316086863151,0.819448900579093,0.0005431089459364481,1.0000030858555264,20.572363723506744,1,-0.5552363462252523,-0.45956574433419417,0.7280707756949388,-2.4594796843454967,-0.0010710665793221524,1.0000003912854494,2.608569663098538,1,-0.8361152945939789,-0.5622408967383713,1.0155102005435954,-2.555515002851755,0.0009384324967813303,1.0000001444064672,0.9627096189492842,1,-1.1330179068225574,1.1470482678289542,1.619669592658624,2.3541547860373964,0.0006818651144412629,1.00000004048063,0.2698708662554291,1,-5.432760851501194,0.5939882408702701,5.475061744849719,3.032785158506619,0.001998262934861671,1.0000000009163046,0.006107615912949966,0
17.64,-0.003753619116756284,0.00473169035612388,-1.505928234543652e-09,0.04621718276299423,0.3610471420706632,0.36337824087779785,1.470763620092955,0.000544727931343359,1.0000031572757262,21.048498388331726,1,-0.45121334306496336,-0.5629193924315393,0.727289916986268,-2.257581469158614,-0.0004625684174153513,1.0000003910602944,2.607068629518078,1,-0.760424495354649,-0.6601453995380194,1.0141774730442785,-2.433468968053891,0.0008032563023791674,1.0000001443068527,0.9620455215116003,1,-1.2032750546940483,1.0825425201346157,1.6263069806851393,2.4128113222548007,0.0007229070583831639,1.0000000398702271,0.26580151400366525,1,-5.438480238556424,0.5419875789829682,5.475350362809288,3.042349016906551,0.001781391071393179,1.0000000009160495,0.006105915358032509,0
17.66,-0.0037536191224646115,0.004731690355436037,-1.5093840182714077e-09,-0.1549234425377338,0.36927866004320775,0.4048300676592036,1.9902073770366446,0.0005421630598867097,1.0000030996542413,20.66435515612075,1,-0.32832864221938535,-0.6432626731225409,0.7263678766098124,-2.0552087793811378,9.730598685783069e-05,1.0000003910158404,2.606772268768602,1,-0.6730870882780157,-0.7480749858859439,1.0126388497610508,-2.311076478036572,0.0006770981105911279,1.0000001442874082,0.9619158916122952,1,-1.2690805591976344,1.0140608999124985,1.6325244074259693,2.4710060307167243,0.0007651490962676702,1.000000039282115,0.2618807665296193,1,-5.443675477779416,0.48993472675740396,5.475612424870627,3.051911900140398,0.001565155664513922,1.0000000009158074,0.00610430297798789,0
17.68,-0.003753619126169926,0.004731690354785331,-1.5128549423404011e-09,-0.31921553687354065,0.28961073178237084,0.4386974606715638,2.4193025226885756,0.0005386012044790276,1.0000029739771161,19.82650765458136,1,-0.19155765797075763,-0.6972073925360547,0.7253417074725542,-1.8522911050867958,0.000561885100388915,1.000000391154933,2.607699554453714,1,-0.57537681503352,-0.8246479320654363,1.010916803281452,-2.188288739060275,0.0005701511481144406,1.0000001443489581,0.9623262249366339,1,-1.3302462388644156,0.9418973305470358,1.6383041643793748,2.528774635587578,0.0008094192148909035,1.0000000387175554,0.25811703551108606,1,-5.448346144409814,0.43783470339166997,5.475847916264539,3.0614738982549805,0.0013527294017072055,1.000000000915579,0.006102778851327476,0
17.7,-0.003753619128081375,0.004731690354176742,-1.5163200696140591e-09,-0.4230492599245166,0.15527293725669866,0.46011123326208914,2.796525742935492,0.0005348458835892653,1.0000028230861517,18.820567891577987,1,-0.046482404264742865,-0.7224161008681022,0.7242530714047674,-1.6487792147948104,0.000911047495254201,1.0000003914732163,2.609821442284006,1,-0.46873262163250673,-0.8886365521738827,1.0090367239407505,-2.06506212157807,0.0004829921148685963,1.00000014449128,0.9632750381397567,1,-1.3866013598358338,0.8663499211914268,1.6436301924825834,2.58615296411461,0.000856222768566145,1.000000038177638,0.2545175864293763,1,-5.452491856677254,0.3856925305732174,5.476056830375291,3.071035101754476,0.0011462354726102736,1.0000000009153636,0.006101343053694441,0
17.720000000000002,-0.0037536191285615053,0.004731690353606734,-1.5197627498911986e-09,-0.4572068060511826,-0.0045610684448347686,0.4671686008101787,-3.1325016874749663,0.0005311536311490641,1.0000026726371225,17.817574364273998,1,0.10092471573687964,-0.7177144856582416,0.7231466379828525,-1.4446476635431753,0.0011477078667979838,1.000000391959049,2.6130603268613894,1,-0.3547419825365268,-0.9389875662352062,1.0070266214904413,-1.9413588741752241,0.0004116722136640207,1.0000001447130322,0.9647533853888979,1,-1.437992106438803,0.7877202676597558,1.6484880288233708,2.643176889706438,0.000905712581357054,1.0000000376632976,0.25108865113250295,1,-5.45611227579705,0.33351323220923035,5.4762391657862,3.0805956018552734,0.0009468595399148904,1.0000000009151615,0.006099995653218298,0
17.740000000000002,-0.0037536191278297,0.004731690353068013,-1.523170354655965e-09,-0.4193785976401391,-0.16373073764322596,0.4593907314577391,-2.7777870048210427,0.0005279263200337886,1.0000025397630896,16.931747478216703,1,0.2445405663005166,-0.6831605236044234,0.72206828475108,-1.239896432112544,0.0012900743873734504,1.0000003925937446,2.617291630252173,1,-0.23512153253661036,-0.9748411554305388,1.004916786657761,-1.817147815279805,0.0003514587517038265,1.000000145011725,0.9667446710013353,1,-1.484281076544518,0.7063128482436166,1.6528647571081596,2.699882288393664,0.0009578332511519294,1.0000000371753308,0.2478355384392074,1,-5.459207105967755,0.2813018341583403,5.476394924583114,3.090155490446015,0.0007552206841792252,1.0000000009149725,0.006098736708534186,0
17.76,-0.003753619125926881,0.00473169035255136,-1.5265327211121896e-09,-0.31215737448876973,-0.2959985304333855,0.43730902253403064,-2.3987649668965303,0.0005249934003299593,1.0000024398495932,16.265657502593815,1,0.3783459557541379,-0.6200642848633426,0.7210631751057008,-1.0345515434430634,0.0013642954100101796,1.0000003933521247,2.622347497958115,1,-0.11169496407969395,-0.995548302252183,1.0027394053618475,-1.6924049856793533,0.0002986449429776458,1.0000001453837148,0.9692246026705821,1,-1.5253468089286164,0.6224345041132855,1.6567489616238558,2.756305007382333,0.0010124427443372198,1.000000036714411,0.24476273976300675,1,-5.461776094369784,0.2290633639635833,5.476524111535182,3.099714859987924,0.0005716327583834651,1.0000000009147971,0.006097566268666128,0
17.78,-0.003753619122735948,0.0047316903520454,-1.529840519212287e-09,-0.14526537647420226,-0.3719931652359571,0.4029237982762776,-1.9662393952272696,0.0005214378696943222,1.0000023926052013,15.950694888900063,1,0.4966848827434382,-0.5309539102750184,0.7201737977533751,-0.8286645388396814,0.0013987257315863403,1.0000003942033904,2.628022602740055,1,0.01363178290984603,-1.0006859584909975,1.0005281236702408,-1.5671142414465735,0.00025131684475116585,1.000000145824208,0.9721612244622316,1,-1.5610833485641142,0.536393994399004,1.6601306851822868,2.812480844093973,0.0010694311490411937,1.0000000362811043,0.24187402922998785,1,-5.463819031164713,0.17680285058627815,5.476626733935317,3.1092738034044287,0.00039638530657135247,1.0000000009146348,0.006096484373662137,0
17.8,-0.0037536191181345383,0.004731690351534086,-1.5330842056867624e-09,0.05662731876945879,-0.3584025896914257,0.3613155345734027,-1.4412431338587428,0.0005175047167936859,1.0000024282684932,16.188450168567417,1,0.5945162103535697,-0.4194856976785085,0.7194380608845564,-0.6223107474914027,0.0014204440630629965,1.0000003951123007,2.634082004842556,1,0.13889792316167376,-0.9900695394404908,0.9983175656011705,-1.4412677654684383,0.00020996227608270095,1.000000146327278,0.9755150242843125,1,-1.591399854572394,0.44850161640709246,1.6630013917925655,2.8684455343146738,0.0011288880657609505,1.0000000358758838,0.23917255869161885,1,-5.465335749495046,0.12452532414049011,5.476702802341528,3.118832414018924,0.0002301877866069475,1.0000000009144858,0.006095491055058765,0
17.82,-0.003753619112781426,0.004731690350990556,-1.5362567116729764e-09,0.23937363101986972,-0.22833578126575746,0.32364028436348063,-0.7828760747160024,0.0005161409066276958,1.0000025837435256,17.224950383833473,1,0.6676445991008467,-0.2902993531535686,0.7188875408156201,-0.41558635241027553,0.0014529931921005307,1.0000003960406318,2.6402708786907185,1,0.2621175975006077,-0.963762215635363,0.9961428094263226,-1.314866475790406,0.00017870400999990614,1.000000146885897,0.9792391499685491,1,-1.6162202545830353,0.35906888174989965,1.6653539345040655,2.9242347488028395,0.0011912436679461,1.000000035499142,0.23666094734228307,1,-5.466326125484724,0.07223581562789959,5.476752332435511,3.1283907858004985,7.443817964040494e-05,1.0000000009143502,0.0060945863357106745,0
17.84,-0.0037536191098789633,0.004731690350373197,-1.5393688066832453e-09,0.3174698722716669,-0.00045744584325846816,0.3075212775348644,-0.001435522604184552,0.0005212966506053623,1.0000028460547123,18.973691629936656,1,0.7129174710255424,-0.1488230560987734,0.7185459886458224,-0.2086043383979394,0.0015046149503647854,1.000000396948846,2.6463256406433984,1,0.38131166842023806,-0.9220804682107229,0.9940388297174209,-1.187920307431394,0.000161273609271132,1.0000001474919955,0.9832798074518854,1,-1.6354829484732698,0.2684082395251157,1.6671825257997899,2.9798840983374544,0.0012565962415346335,1.0000000351512048,0.23434136549769038,1,-5.466790078240635,0.01993935667315183,5.476775344921341,3.137949014436998,-7.114359579404677e-05,1.0000000009142276,0.006093770229160857,0
17.86,-0.0037536191130031074,0.004731690349651229,-1.5424690273080333e-09,0.23983843632048735,0.22762919806513765,0.32349533723704277,0.7803835158747219,0.0005283669984589949,1.000003077398806,20.515985587233086,1,0.7283758927892566,-0.0010366951638206006,0.718428198456459,-0.0014894982710033434,0.0015529155803320613,1.0000003977978908,2.651985939401616,1,0.49454106505340834,-0.8655953999009078,0.9920399111073863,-1.0604483348751623,0.00014869116468537043,1.000000148136543,0.9875767911648642,1,-1.6491405637855092,0.1768328380345902,1.668482703908906,3.0354291425920876,0.0013230854932815672,1.000000034832342,0.23221561249744052,1,-5.466727569854985,-0.03235902073991836,5.476771854636211,-3.135678108953257,-0.0002131434320910431,1.0000000009141186,0.006093042740429286,0
17.880000000000003,-0.0037536191195951946,0.004731690348843623,-1.5456129404502802e-09,0.05724216921678121,0.3580835547488386,0.36111124619870266,1.4394496883497299,0.0005311430524739603,1.0000031573036519,21.04868456014805,1,0.7133495816360926,0.14679500228059036,0.718539290597327,0.2056272419878678,0.0015754998721576638,1.0000003985511032,2.657007354765057,1,0.5999410681245345,-0.7951293586539624,0.9901790349716655,-0.9324787148173219,0.00012963585567828508,1.0000001488096477,0.9920641545648421,1,-1.6571597645230156,0.08465631683134428,1.669251306335566,3.0909053938814246,0.0013885665054601442,1.0000000345427784,0.23028518882256402,1,-5.466138605407423,-0.08465428453098735,5.476741859522308,-3.1261198715083602,-0.0003583051723679523,1.0000000009140226,0.006092403870282004,0
17.900000000000002,-0.003753619125488336,0.0047316903479930434,-1.5488180343011925e-09,-0.1447337662959295,0.3719762693147056,0.4027332206453368,1.9650033867081023,0.0005314988594666078,1.000003104976378,20.699836067716713,1,0.6684896507201621,0.28840516881081923,0.7188744440357087,0.41261487021006876,0.001568726544601419,1.0000003991759654,2.6611731024999314,1,0.6957557956679286,-0.711747526847491,0.9884872583071486,-0.8040484523030788,0.0001048603000441407,1.0000001495006894,0.9966710999059725,1,-1.6595211145669504,-0.007807378883810124,1.6694864668731155,-3.1368369815770745,0.0014528157940057098,1.0000000342827042,0.22855136182613406,1,-5.4650232329657875,-0.13694140278574693,5.476685351293067,-3.11656148411182,-0.0005072816455026163,1.00000000091394,0.006091853619106925,0
17.92,-0.00375361912941958,0.004731690347128574,-1.5520760716415411e-09,-0.3117927739801852,0.29615700529461886,0.43716886794649684,2.397875934057943,0.0005314035442870871,1.0000029816690248,19.87778704570159,1,0.5957368628779902,0.4178076290719698,0.7194191278610941,0.6193483347470478,0.001535261807480524,1.0000003996456606,2.6643044035707906,1,0.7803720413474017,-0.6167442623919781,0.9869931149941241,-0.6752029688391638,7.854947243874143e-05,1.0000001501984852,1.0013230712162438,1,-1.656218996619906,-0.1002441692798719,1.6691876153340972,-3.081391915534412,0.0015162294802884852,1.0000000340522837,0.22701522474612312,1,-5.463381543586435,-0.18921534401907614,5.476602325965931,-3.1070028517979473,-0.000659205868396997,1.000000000913871,0.006091391987107673,0
17.94,-0.003753619131563114,0.004731690346264169,-1.5553747902802804e-09,-0.41919579852797473,0.16397353112345298,0.4593164816911887,2.777082030230631,0.0005307254897929179,1.0000028313659899,18.8757668138316,1,0.4982275506327164,0.529564160811541,0.720149811847846,0.825714236560461,0.0014796576127359116,1.0000003999403453,2.666268969265654,1,0.852351536555818,-0.5116241477979756,0.9857220474468739,-0.5459954557162713,5.27245110789089e-05,1.0000001508914786,1.00594302853611,1,-1.647261587202944,-0.19234000393271786,1.6683554735926418,-3.025909260985206,0.0015789948616305165,1.0000000338516624,0.22567774938333282,1,-5.461213671315233,-0.24147107743865748,5.476492783608321,-3.097443879888965,-0.0008140640451685114,1.000000000913815,0.006091018973561179,0
17.96,-0.003753619132279345,0.00473169034540645,-1.5587042807721843e-09,-0.4572034061789727,0.004828407339952493,0.467165915024855,3.1318567455957402,0.0005292276832776149,1.0000026804139102,17.86941961567623,1,0.38014351639566446,0.6190218571872257,0.7210351001776505,1.0316158487980513,0.0014103823078076563,1.000000400048037,2.666986912432181,1,0.9104606657781037,-0.39807789912072883,0.9846958806639354,-0.4164860198371607,2.7341231670349775e-05,1.0000001515679569,1.010452883507936,1,-1.6326708878569955,-0.2837810264237711,1.6669920563348106,-2.9703535462080883,0.001641126346242255,1.000000033680975,0.22453983261126967,1,-5.458519793189066,-0.2937035732086301,5.476356726179143,-3.0878844737948987,-0.0009724063246292912,1.0000000009137722,0.006090734577068334,0
17.98,-0.0037536191317905413,0.004731690344559315,-1.562056592256146e-09,-0.42322489688312137,-0.15502953981760054,0.4601805076749942,-2.7972215889071497,0.0005275315463831045,1.0000025462150788,16.974760739273652,1,0.2465156510101716,0.6825088122143969,0.7220372139915995,1.2369772023008507,0.0013404940871874665,1.0000003999650675,2.6664337836325274,1,0.9536966713216907,-0.2779534981038741,0.9839323571687433,-0.286740636834035,1.1180583781162533e-06,1.000000152216284,1.014775064388324,1,-1.6124828123572148,-0.37425374703176223,1.6651006786509728,-2.9146892665199493,0.0017025972876336688,1.0000000335403505,0.22360233702488333,1,-5.455300129237481,-0.34590780271320576,5.476194156559289,-3.0783245391295657,-0.0011348675350826285,1.0000000009137429,0.0060905387968089725,0
18.0,-0.0037536191301400243,0.004731690343725356,-1.565423998436434e-09,-0.319572486514972,-0.28944954961130215,0.4388339076214942,-2.4201726914298436,0.0005264416985524904,1.0000024440969986,16.29397353799219,1,0.10299336336659475,0.7174797074849127,0.7231137317015354,1.4417460587700925,0.001286016081290338,1.0000003996961013,2.6646406759979784,1,0.9813094439061621,-0.15322312465466814,0.9834447499073578,-0.15682993321981348,-2.7807480233613757e-05,1.0000001528251492,1.0188341657068334,1,-1.5867473293561285,-0.4634452310937937,1.6626859699080914,-2.858880871016795,0.0017634289045667891,1.000000033429919,0.22286612654800322,1,-5.451554942484031,-0.39807873882045025,5.476005078551135,-3.0687639818786083,-0.001301848889337518,1.0000000009137269,0.006090431634224789,0
18.02,-0.0037536191272103947,0.004731690342905339,-1.568797267114709e-09,-0.15544892507279992,-0.369288200570867,0.4050193512381041,-1.9914140353664789,0.0005260070826644854,1.0000023933715865,15.95580412365745,1,-0.04440694994910012,0.7226065830061833,0.7242194869249757,1.6458956835258178,0.0012631087603039146,1.000000399253735,2.66169156651171,1,0.9928181108584045,-0.025946667550973333,0.9832415672825928,-0.02682782799746922,-6.120917239815188e-05,1.0000001533838185,1.0225586276205627,1,-1.5555286594353395,-0.5510433107888919,1.6597538934014293,-2.802892752415793,0.0018237697574208745,1.0000000333498145,0.22233209686933572,1,-5.447284538947246,-0.450211356146628,5.47578949760053,-3.059202708557819,-0.0014732208590916749,1.000000000913724,0.0060904130942339395,0
18.04,-0.0037536191228619443,0.0047316903420952456,-1.5721645571769444e-09,0.04560064997151575,-0.36135302542245135,0.36358527154939824,-1.4725194163214899,0.0005260133471390121,1.0000024236058114,16.15736562340228,1,-0.1895612055599231,0.6978136777108966,0.7253085238002656,1.849425415001219,0.0012856618582020825,1.000000398657737,2.6577182466381957,1,0.9880217999297539,0.10176723683562514,0.9833263610739462,0.10318992787582013,-9.989376193099123e-05,1.000000153882382,1.025882383372592,1,-1.5189055251894064,-0.636736828380557,1.6563117718508042,-2.746689240985603,0.0018840067885690776,1.00000003330018,0.22200119912188565,1,-5.442489267641558,-0.5023006313215603,5.475547422450184,-3.0496406263102975,-0.0016479183484996566,1.0000000009137346,0.0060904831850402495,0
18.060000000000002,-0.003753619117663362,0.004731690341279845,-1.5755138539283453e-09,0.23138224196406834,-0.23772722271627217,0.32528468507887714,-0.8219124605209047,0.0005282024327648106,1.000002572054792,17.14702549452656,1,-0.32649252857253097,0.644258359997315,0.7263360164530441,2.0523600998101426,0.0013637750961471473,1.0000003979339982,2.6528933208847034,1,0.9670041651567253,0.22780155941265842,0.9836976439061863,0.23314726917156375,-0.000143174053760699,1.000000154311986,1.0287464110191606,1,-1.4769714525954496,-0.7202159191932714,1.6523683194224978,-2.6902346031682116,0.0019447486745528854,1.0000000332811685,0.2218744563965973,1,-5.437169520578826,-0.5543415432553183,5.475278868090177,-3.04007764270639,-0.0018237873448620553,1.0000000009137584,0.0060906419159360604,0
18.080000000000002,-0.003753619114652642,0.004731690340427695,-1.5788476735853138e-09,0.3171831886979147,-0.013226534732635268,0.3075768914873972,-0.04489256527997764,0.0005355989321467751,1.0000028311054272,18.874029729297163,1,-0.4496112521108359,0.5642626023093208,0.7272600702190911,2.2547485135672733,0.0014955601641321442,1.0000003971132718,2.6474218125857507,1,0.9301314984589066,0.3500714744128996,0.9843489200740396,0.3629693410571156,-0.00019223395910014966,1.0000001546650434,1.031100126225377,1,-1.4298351213347054,-0.8011723428363483,1.6479336793446768,-2.6334930441063698,0.002005839164036955,1.0000000332929462,0.221952973883027,1,-5.4313257327713895,-0.6063290734062519,5.474983857566312,-3.030513664670291,-0.0020000284611482464,1.0000000009137955,0.006090889293179037,0
18.1,-0.003753619117581626,0.004731690339514144,-1.5822043019286455e-09,0.24744258196227276,0.21791067455749683,0.3219223860418091,0.7409093392860232,0.0005435700871336929,1.0000030684226786,20.456144737378747,1,-0.5539315589948142,0.46120109924829455,0.728043337984502,2.4566609122365817,0.001649265419421006,1.0000003962297876,2.641531917591164,1,0.8780445008472327,0.46656403168670346,0.9852688355836499,0.4925839832663364,-0.00025662300245636604,1.0000001549354056,1.0329025411703994,1,-1.3776207609824236,-0.8792998715239833,1.6430194582545044,-2.576428715048902,0.002064957404528766,1.0000000333356915,0.22223794293970198,1,-5.424958382237375,-0.6582582060498265,5.474662413292499,-3.020948597189449,-0.0021817077931041745,1.0000000009138459,0.006091225315934252,0
18.12,-0.0037536191242098027,0.004731690338561577,-1.5856307829242855e-09,0.06816305193343923,0.35476700318377985,0.358851951308337,1.4077270889946762,0.0005450636129236775,1.0000031569147279,21.046091732435908,1,-0.6352583724851879,0.3393530292114199,0.7286544125503446,2.6581858753298206,0.0017847911263261795,1.0000003953198089,2.6354653923968745,1,0.811644033027878,0.5753757893934275,0.9864414426575194,0.6219231400082759,-0.00034498801084570423,1.000000155118497,1.0341231495667436,1,-1.3204685891167474,-0.9542947447099813,1.6376387558447838,-2.5190057371028653,0.0021203137251345717,1.0000000334095958,0.22273063910582894,1,-5.418067990007715,-0.710123928547456,5.474314544612749,-3.0113823451616377,-0.0023734776298656363,1.0000000009139096,0.006091649975608446,0
18.14,-0.0037536191302586044,0.004731690337616613,-1.5891361134987014e-09,-0.13449549919097903,0.3744104690438248,0.40061209299173695,1.9395265867652842,0.0005440163998147385,1.0000031100781603,20.73384794994898,1,-0.6903399834159751,0.2037247530851916,0.7290689637832052,2.8594266247432625,0.001888337354983288,1.000000394420196,2.629467973848061,1,0.7320713844447514,0.6747473962061122,0.9878465478408041,0.7509241483869139,-0.00045505162702929474,1.000000155211412,1.0347425839360493,1,-1.2585352863912125,-1.0258561996430806,1.6318062130340831,-2.4611882418077835,0.0021725125682444234,1.000000033514862,0.22343241335676556,1,-5.410655120133544,-0.7619212316153899,5.473940256450604,-3.0018148160162506,-0.0025734239338482184,1.0000000009139867,0.006092163256526964,0
18.16,-0.0037536191343278155,0.0047316903367109605,-1.592701683538443e-09,-0.3042553554286742,0.3025392020346052,0.4356023058606322,2.376294218182844,0.000544631416762339,1.0000029892718851,19.92847278150477,1,-0.7169834527028242,0.05985061915308784,0.7292705861654833,3.060496967997188,0.0019635966970285622,1.0000003935670223,2.6237801489442,1,0.6406837841426579,0.7630942715041518,0.989460137066294,0.8795308573615858,-0.0005807367114816789,1.0000001552129607,1.034752909188394,1,-1.1919945025290961,-1.0936870878560259,1.625538071351805,-2.402940415863302,0.002222454822555199,1.0000000336517012,0.22434467528896895,1,-5.402720379694354,-0.8136451095941293,5.473539561280103,-2.9922459190319324,-0.0027781108710822748,1.0000000009140768,0.006092765134717899,0
18.18,-0.0037536191365581235,0.004731690335858545,-1.5963041560254285e-09,-0.4152027661652229,0.17259505282604862,0.45847881780325783,2.757569266227097,0.000546783264683403,1.000002839634825,18.930892380774182,1,-0.714131001914004,-0.08642129823845167,0.7292513499561859,-3.0216683223157834,0.0020222851566545834,1.0000003927942767,2.6186285114271737,1,0.539026018861428,0.8390327223803038,0.9912548779986314,1.007694559308375,-0.0007164769538140968,1.0000001551236617,1.0341575813327526,1,-1.1210373859209704,-1.1574945879196281,1.6188522267693843,-2.3442265559745423,0.0022705254824688043,1.00000003382033,0.22546886753750833,1,-5.394264418807282,-0.8652905607179354,5.4731124801267,-2.982675564092643,-0.0029851218556518374,1.0000000009141805,0.006093455577590221,0
18.2,-0.003753619137314258,0.004731690335063435,-1.5999229480319344e-09,-0.457054696944376,0.014213951900562738,0.4671195305079264,3.1130301100948805,0.000548798670263373,1.0000026882316282,17.921537734596754,1,-0.6818964308488542,-0.22915207604807464,0.7290120585867079,-2.820576730890936,0.0020801120960384054,1.000000392132678,2.614217854630925,1,0.42879910397953763,0.901401044339613,0.9932006779491535,1.1353747223241064,-0.0008569398575740555,1.0000001549456934,1.0329711264850936,1,-1.0458731279399442,-1.2169910250104632,1.6117682812004324,-2.2850111407128417,0.00231677252697312,1.0000000340209645,0.22680643060376685,1,-5.385287930636836,-0.9168525873837845,5.472659040578715,-2.9731036612475803,-0.003192768629506349,1.0000000009142973,0.006094234546806704,0
18.220000000000002,-0.003753619136830464,0.004731690334324797,-1.6035404232749018e-09,-0.4269334180949563,-0.14625765426343743,0.46092880855824037,-2.81658795203843,0.0005500959726014005,1.0000025527534386,17.0183498051292,1,-0.6215611695696944,-0.3625372600297506,0.7285622135669458,-2.619294324866881,0.0021498930489339675,1.0000003916086102,2.6107240677741963,1,0.311826980700943,0.9492753679517116,0.9952652764408162,1.2625395156430579,-0.000996485684272321,1.0000001546828066,1.0312185481812306,1,-0.9667295113021329,-1.2718948079731052,1.6043075945001892,-2.225258920824352,0.002361077059837531,1.0000000342538136,0.2283587564265646,1,-5.375791651403621,-0.9683261964197241,5.4721792755670995,-2.9635301206395597,-0.0033996489549995438,1.0000000009144274,0.006095102003794392,0
18.240000000000002,-0.003753619135163204,0.004731690333638724,-1.6071405462957794e-09,-0.3268764330573942,-0.2827466128355125,0.44032389104365893,-2.4414308747886695,0.0005530264657372932,1.000002448486109,16.323234274324605,1,-0.5355300113405973,-0.4811285339644943,0.7279196912750184,-2.417708940953684,0.0022349811573751906,1.0000003912431739,2.6082878262844624,1,0.1900221909131817,0.9819802174759583,0.9974148553909042,1.3891661293916235,-0.0011289843073426702,1.0000001543401993,1.0289344984351227,1,-0.8838534498375632,-1.3219314945295495,1.5964933364456362,-2.164935029254437,0.0024032553700896898,1.0000000345190694,0.23012712851181996,1,-5.365776360391057,-1.0197063993532531,5.4716732229383735,-2.9539548525233266,-0.003604390209807516,1.0000000009145709,0.006096057915964175,0
18.26,-0.0037536191322067,0.004731690332998083,-1.6107074415558364e-09,-0.1655881551668245,-0.36633314136581885,0.4070952611038985,-2.016331841800598,0.0005598584377388153,1.0000023943619394,15.96240647626461,1,-0.42724702769352346,-0.5800455259286155,0.7271101376403933,-2.2157197506112967,0.0023332469562396905,1.0000003910514015,2.6070093435105646,1,0.0653514151913331,0.999093928269513,0.9996146514890747,1.5152408981283287,-0.0012476750365835408,1.0000001539243633,1.0261622591972628,1,-0.7975115049105624,-1.3668349949292242,1.5883505374774254,-2.1040051129174744,0.002443221171052077,1.0000000348168971,0.2321126479662927,1,-5.355242879949766,-1.0709882126807435,5.471140925615421,-2.944377767305781,-0.003805416280725025,1.0000000009147274,0.0060971022613381075,0
18.28,-0.0037536191278178823,0.00473169033239012,-1.6142244550591822e-09,0.03446785265535059,-0.36396713760805127,0.3658678270937658,-1.50341929644125,0.0005672742131693179,1.0000024192754249,16.12849638026674,1,-0.3010727709157337,-0.6551712308907645,0.7261660737847531,-2.01324125838512,0.0024428120648230037,1.0000003910417077,2.60694471756754,1,-0.06019834007059444,1.0004492193628924,1.0018295568982876,1.640759244028044,-0.001344704262379985,1.0000001534429122,1.0229525843339733,1,-0.7079903613222073,-1.4063489233566298,1.5799061367511105,-2.0424354887847724,0.0024813029756778006,1.0000000351474225,0.23431615019794338,1,-5.344192075500209,-1.1221666581389464,5.47058243257939,-2.9347987755674247,-0.0040006129679697865,1.0000000009148973,0.006098235029819287,0
18.3,-0.0037536191224932713,0.0047316903317905735,-1.6176763934470928e-09,0.22302425253830155,-0.24681676479808431,0.3269962896970578,-0.8605838414931327,0.0005737197255816274,1.0000025606881962,17.07124818830535,1,-0.1621247495168235,-0.7033241588321355,0.7251257130301657,-1.8102068877741975,0.002557676514648642,1.0000003912154776,2.608103184074967,1,-0.184652242166554,0.9861293310306257,1.004024695820846,1.7657254601462091,-0.0014106852785340806,1.0000001529043923,1.019362452441224,1,-0.6155972424985915,-1.4402281047882974,1.571189025818964,-1.9801933267277123,0.0025184681772031595,1.000000035510718,0.2367381197826791,1,-5.332624855534878,-1.1732367629792793,5.469997801219239,-2.9252177878578616,-0.004187272129320227,1.0000000009150805,0.0060994562205381915,0
18.32,-0.003753619119114588,0.004731690331158533,-1.6210634204340962e-09,0.31634803810521167,-0.025994845617098403,0.3077364226182651,-0.08838232819126758,0.0005830449675170258,1.0000028160295205,18.773523683785648,1,-0.016084419374532092,-0.7224000157621936,0.7240315295438907,-1.6065719918050658,0.0026655176260582617,1.0000003915668132,2.610445421094636,1,-0.30607828686646377,0.9564602131128109,1.0061659649280292,1.8901523554104789,-0.0014388315038017796,1.0000001523180913,1.0154537786652196,1,-0.5206602411983022,-1.468240243380676,1.562230086172563,-1.9172468592061536,0.0025551952846397425,1.00000003590679,0.2393786003613015,1,-5.320542171621526,-1.224193560244992,5.469387099315601,-2.915634713656542,-0.004364630559032145,1.000000000915277,0.006100765836011739,0
18.34,-0.0037536191215928705,0.004731690330457694,-1.6244230838929896e-09,0.2546657690186634,0.20787547102733012,0.32041643348309506,0.7009825923490239,0.0005936620649220079,1.0000030589008964,20.39266618974237,1,0.13102445122101086,-0.7114756563747926,0.7229286158954825,-1.402316136253938,0.0027367615251325346,1.000000392082561,2.6138837406410707,1,-0.42261571106558143,0.9119992898846347,1.0082205304088783,2.014060778184262,-0.0014363528671322027,1.000000151693844,1.0112921294700477,1,-0.4235285387534121,-1.490167757070327,1.553062212550403,-1.8535656148781021,0.002589060054818091,1.0000000363355628,0.24223708558436302,1,-5.307945018408775,-1.2750320890506066,5.4687503972344516,-2.9060494598047883,-0.004538399249886018,1.0000000009154866,0.0061021638758066285,0
18.36,-0.003753619128032902,0.004731690329698252,-1.6278066711401806e-09,0.07897489075209714,0.3510898261906189,0.35660060467026167,1.3755406068043756,0.0005991677125859326,1.0000031560731473,21.04048119597099,1,0.27307926873033367,-0.6708684433811251,0.7218628629986664,-1.19744450127101,0.0027475006168516873,1.0000003927426324,2.6182842161058573,1,-0.5325008925990028,0.8535213354700115,1.0101572894761095,2.1374790417081213,-0.0014163515136012281,1.0000001510418457,1.0069454751122437,1,-0.32457248327497246,-1.5058097807796167,1.5437203080086481,-1.7891206833975128,0.002617485414560459,1.0000000367968576,0.2453123830906636,1,-5.294834433633843,-1.3257473948624725,5.4680877531549825,-2.896461931847533,-0.004714132239543666,1.0000000009157097,0.006103650334063029,0
18.380000000000003,-0.00375361913406789,0.004731690328918146,-1.6312304152842766e-09,-0.12420920114856432,0.3765762014520564,0.39846427709825194,1.9137304842530196,0.0006006749073498879,1.0000031149359148,20.766232978639152,1,0.404115104566474,-0.6021451844029337,0.7208790327869157,-0.9919882684383337,0.002708359771076606,1.0000003935206208,2.623470804623338,1,-0.6340905798521418,0.7820019758374092,1.0119472908283031,2.260442291695373,-0.0013810232965864293,1.0000001503724747,1.0024830024533686,1,-0.22418349467921198,-1.514984336689379,1.5342412658358966,-1.7238850224986484,0.0026409935935864494,1.0000000372903683,0.2486024560437166,1,-5.281211498130847,-1.376334529780136,5.467399218056502,-2.8868720369296827,-0.004890728688302069,1.0000000009159458,0.006105225199740425,0
18.400000000000002,-0.003753619138159563,0.004731690328142767,-1.6346831494765818e-09,-0.29660526162913925,0.30875539692546805,0.4339947731433994,2.354521808437456,0.0006009076371041845,1.0000029967729644,19.97847997646672,1,0.5185833566927325,-0.508076608742315,0.7200188163227198,-0.786003863627702,0.002643263260115236,1.0000003943847304,2.6292315364986516,1,-0.7258823894185703,0.69859929528006,1.013564095270139,2.382991828251763,-0.0013286617143624837,1.0000001496961248,0.9979740021704937,1,-0.12277376154849177,-1.5175306648896576,1.5246639475420978,-1.6578337949291757,0.0026607693833241544,1.0000000378156375,0.2521042498449029,1,-5.26707733583949,-1.4267885528193152,5.466684847673349,-2.8772796835462064,-0.005065930941402064,1.0000000009161953,0.006106888454799293,0
18.42,-0.0037536191404145425,0.0047316903273808735,-1.638149547001505e-09,-0.41107594501427547,0.1811364950683562,0.4575960523593509,2.7379590891393675,0.0006001850276581502,1.0000028478854475,18.98589653009839,1,0.6116001712690452,-0.3925359173089073,0.7193189636268721,-0.5795709861336841,0.0025724264193019864,1.000000395299008,2.6353267198669603,1,-0.8065325853600102,0.6046339731930604,1.0149840845483593,2.5051743853185635,-0.0012598930940859517,1.0000001490230515,0.9934868469430297,1,-0.020775692175159267,-1.5133117018381235,1.5150291368004787,-1.590944730506206,0.002677345961600954,1.0000000383720262,0.2558135081167477,1,-5.252433113815077,-1.477104530196724,5.465944703947953,-2.8676847803574192,-0.005238983868812096,1.000000000916458,0.006108640071275702,0
18.44,-0.0037536191412021478,0.0047316903266328035,-1.64161796157615e-09,-0.456770471772804,0.023593593390382615,0.4670285586065233,3.0941778865152942,0.0005989889116177047,1.0000026960836845,17.973884778144583,1,0.6791713642226912,-0.26034317639405885,0.7188095834641106,-0.3727894460421445,0.0025085526646657277,1.0000003962248416,2.6414989444810892,1,-0.8748712074200679,0.5015683163023246,1.0161867251485457,2.627041383758208,-0.0011781434877024162,1.0000001483632404,0.9890881064436086,1,0.08135891982562933,-1.502216687343346,1.5053794620974041,-1.5231985174822464,0.0026907998426839285,1.000000038958687,0.25972457946374544,1,-5.237280042240024,-1.5272775356163342,5.465178852663651,-2.8580872357607374,-0.00541015859936102,1.000000000916734,0.006110480009391017,0
18.46,-0.0037536191407674412,0.004731690325895795,-1.6450804136893676e-09,-0.4305170566297613,-0.13741928475728094,0.4616354437932058,-2.8359137332964774,0.0005982974527116572,1.000002559368199,17.06244820732547,1,0.7183807515915465,-0.11706097144019098,0.7185127149645503,-0.16577491442844242,0.0024561141058076466,1.0000003971226719,2.647484479463436,1,-0.9299146507624803,0.3909844870762505,1.0171547854242535,2.748648172163893,-0.0010883035431313865,1.0000001477262925,0.9848417871303392,1,0.18316005583763306,-1.4841638731065,1.4957592873678296,-1.4545792217670432,0.0027010325673513416,1.0000000395745325,0.26383021637639126,1,-5.221619374436409,-1.577302650556668,5.464387361637877,-2.848486957893475,-0.005580146061478034,1.0000000009170233,0.006112408217150006,0
18.48,-0.0037536191391767345,0.004731690325166119,-1.6485308545772376e-09,-0.3340830710465305,-0.27589709548318925,0.44177763182623114,-2.462571478483957,0.0005988389769460637,1.0000024530018508,16.353339219240677,1,0.7275301609302653,0.031249593909244037,0.7184412616159206,0.041346222651821245,0.0024121188313564355,1.0000003979538221,2.6530254808842932,1,-0.9708758189628889,0.2745621687010958,1.0178745079744647,2.870053265030195,-0.000994944901779301,1.0000001471213202,0.9808086382175211,1,0.28414099853148805,-1.4591032971880156,1.4862145679162737,-1.3850747292343208,0.0027079422076036965,1.0000000402182054,0.26812136901787603,1,-5.205452406879073,-1.627174964558926,5.463570299789712,-2.838883854772039,-0.0057496697981359365,1.0000000009173258,0.006114424631367771,0
18.5,-0.003753619136330827,0.004731690324438979,-1.6519632723387134e-09,-0.1756935914196522,-0.36313860019352995,0.4091463555402018,-2.0410262746446137,0.000600625533455001,1.000002395560067,15.970393993479087,1,0.7062219630299605,0.17830023223664102,0.7185983579481249,0.24844263547420423,0.0023687512195498996,1.0000003986823431,2.6578822882380764,1,-0.997171972964921,0.15405585235583802,1.018335741184322,2.991317582511333,-0.0009010873906594224,1.0000001465568555,0.9770455408145438,1,0.38380026202254824,-1.4270195792382414,1.4767926680868038,-1.314677204770874,0.002711568567652719,1.0000000408880467,0.27258697827632106,1,-5.1887804792085985,-1.6768895755158741,5.462727736935436,-2.8292778344847616,-0.005919133717218475,1.0000000009176415,0.00611652917979948,0
18.52,-0.003753619132077683,0.0047316903237062296,-1.6553702479951693e-09,0.023228058264506614,-0.36625426073589173,0.3681519955525568,-1.5339627032608847,0.0006030364168183316,1.0000024152753015,16.101828890273023,1,0.6553785471935206,0.31785946401243714,0.7189772117530345,0.45538411710367227,0.0023178632065896697,1.000000399276753,2.661845020411358,1,-1.008430386043044,0.03127188361231892,1.0185320323692333,3.112503693554346,-0.0008072155870322635,1.000000146040773,0.9736049904013886,1,0.4816239596817326,-1.3879346812202564,1.4675421374664763,-1.2433835601574192,0.0027123041147603917,1.000000041582066,0.2772137737198955,1,-5.171604974243734,-1.72644158996164,5.461859744562135,-2.8196688053988317,-0.006088181784408328,1.0000000009179704,0.006118721783620816,0
18.54,-0.0037536191268387068,0.004731690322950542,-1.6587444245843436e-09,0.21430756518080812,-0.2555973321231965,0.3287590830444802,-0.8988592050726464,0.0006067759942557824,1.0000025496963147,16.99796897974104,1,0.5771973972010555,0.44403346435516616,0.7195614320747072,0.662047585649071,0.0022555259031606374,1.000000399711555,2.6647436994638656,1,-1.0044918931227107,-0.09195463398743102,1.0184606846645734,-3.049510243293298,-0.0007107556232398023,1.0000001455802228,0.9705346553606021,1,0.5770886368857697,-1.3419105680783814,1.4585124437544863,-1.1711959212300385,0.0027111493930748317,1.0000000422979125,0.28198608359466326,1,-5.153927317993052,-1.7758261233627417,5.460966398263003,-2.810056676196022,-0.006255569560929534,1.0000000009183125,0.006121002359270465,0
18.560000000000002,-0.0037536191233283607,0.004731690322139484,-1.6620911431029783e-09,0.3149537041632887,-0.03873216004588089,0.3079879884058089,-0.13179674721339796,0.0006148400485509349,1.0000028009639854,18.6730867838466,1,0.4750448201121936,0.5515282386430248,0.7203258195797093,0.8683226670340694,0.0021780310140459814,1.000000399968436,2.6664562395201354,1,-0.9854123938204166,-0.21378300709912149,1.0181227784609974,-2.9282899963533073,-0.000609144626967901,1.0000001451815737,0.9678769944737328,1,0.6696645866729694,-1.2890516927227178,1.449753663405444,-1.0981220821287465,0.0027091091003842186,1.0000000430328504,0.28688566944530747,1,-5.135748979666154,-1.8250383004106348,5.460047780770902,-2.8004413551090024,-0.006421701345965477,1.0000000009186678,0.0061233708189371095,0
18.580000000000002,-0.0037536191255794107,0.004731690321244292,-1.6654507330529644e-09,0.26146529018974346,0.1975431103311725,0.31897665181255214,0.6607303942162307,0.0006251377391174264,1.000003048978653,20.32651790169147,1,0.35329541629256417,0.635879236569678,0.721237569296486,1.0741165421008838,0.002067358022294331,1.0000004000370737,2.666913823861143,1,-0.9514623347801386,-0.33239013633382364,1.0175231522741364,-2.806957843781053,-0.000507403394654667,1.0000001448503626,0.9656689208634818,1,0.7588196542234088,-1.2295072201773023,1.4413161303548785,-1.024175927476414,0.00270466358145236,1.0000000437837395,0.291891597218282,1,-5.117071471684922,-1.8740732553156951,5.459103976429215,-2.790822748322926,-0.006593322356788999,1.0000000009190362,0.0061258270706441255,0
18.6,-0.003753619132044041,0.004731690320282387,-1.6688780804345604e-09,0.08962945450618996,0.34704512140411314,0.35436411483542424,1.3429944065918789,0.0006282605885859821,1.0000031548907127,21.03259829887391,1,0.2171276043495248,0.69363726439373,0.7222578143187586,1.279357826596532,0.0019142655229426155,1.000000399915503,2.6661033527233076,1,-0.9031241610470129,-0.44599366199932133,1.016670343775427,-2.6854520936569557,-0.00041167149748081995,1.0000001445912499,0.9639415033733976,1,0.8440235216446643,-1.1634728986315002,1.4332500291899894,-0.9493778038479026,0.002694980720154264,1.000000044547022,0.296980146469516,1,-5.097896349694488,-1.9229261321019138,5.458135056073856,-2.781200760909461,-0.006776536971552637,1.0000000009194177,0.006128371021569903,0
18.62,-0.003753619138272743,0.004731690319301841,-1.6723921609541892e-09,-0.11391225135220383,0.3784499301631496,0.396300208915898,1.887692657571146,0.000620641651141896,1.0000031196326766,20.797544724176777,1,0.07228762881679557,0.7225030256311393,0.7233434120591682,1.4839993334747603,0.0017409381197959002,1.000000399610013,2.6640667539802507,1,-0.8410876912052024,-0.5528750084137992,1.015576509146279,-2.563713147539038,-0.00031905629857039347,1.0000001444079787,0.9627196945891405,1,0.9247524465788991,-1.0911924809282907,1.4256049340208086,-0.8737548384570553,0.002679972523967675,1.0000000453187161,0.3021247740694497,1,-5.0782252125722325,-1.9715920849020434,5.457141079671727,-2.771575299979042,-0.006969597211209909,1.0000000009198124,0.00613100258406825,0
18.64,-0.003753619142572933,0.004731690318339337,-1.6759808796860953e-09,-0.2888653401434888,0.31477555662746354,0.4323568963968435,2.3326125409831917,0.0006108400356432293,1.000003004232689,20.028211474590346,1,-0.07516462973663345,0.7214063314718536,0.724448865369338,1.688019606699584,0.0015676839435467078,1.0000003991346946,2.6608979640189516,1,-0.7662433398053142,-0.6514022415155877,1.0142573125022567,-2.44168424690226,-0.00022501066681592096,1.0000001443033357,0.962022074645721,1,1.0004944076826179,-1.0129585981415559,1.4184293203757221,-0.7973411854730843,0.0026609723477021264,1.0000000460944225,0.3072961493149822,1,-5.0580597024341225,-2.020066278254403,5.456122109491952,-2.7619462749202057,-0.007168951660054311,1.0000000009202203,0.006133721678735419,0
18.66,-0.003753619145003948,0.004731690317414024,-1.6796249404336938e-09,-0.40682463373691075,0.18956747176407565,0.4566763034339303,2.7182872147903785,0.0006036016096066353,1.0000028561623153,19.041075649358085,1,-0.21911499682176727,0.6905295481800469,0.7255282702248943,1.8914232492948853,0.0014117913535459628,1.000000398510652,2.656737680432323,1,-0.6796730855175513,-0.7400526210915811,1.0127317707711017,-2.3193122165169853,-0.000128213466298945,1.0000001442791155,0.9618606077878071,1,1.0707545884491747,-0.9291129897728225,1.4117700515242098,-0.7201781699164274,0.002639136635850527,1.0000000468693402,0.3124622686022817,1,-5.037401504639495,-2.0683438874023827,5.455078213698153,-2.7523135962749965,-0.007372277339715116,1.0000000009206413,0.0061365282341561125,0
18.68,-0.003753619145930931,0.004731690316535199,-1.6833065505719724e-09,-0.4563486254915045,0.03293939810853411,0.46689689703862647,3.075325073342245,0.0005982663530996444,1.0000027040056532,18.026697901243324,1,-0.3536476250077454,0.6312778778982489,0.7265372158809955,2.094240150605815,0.0012870880653482416,1.0000003977648806,2.6517658701334526,1,-0.5826390670393209,-0.8174346851872432,1.0110220561246115,-2.196548208899341,-3.026054846450232e-05,1.0000001443360864,0.9622404130293966,1,1.1350611084169733,-0.8400460034500505,1.4056718387212215,-0.6423143137001722,0.002615329334093022,1.0000000476382986,0.3175886582109479,1,-5.016252347795142,-2.1164200985968553,5.454009465267451,-2.74267717522649,-0.0075779825294595695,1.0000000009210754,0.006139422185344469,0
18.7,-0.0037536191456037657,0.004731690315707414,-1.6870099128415972e-09,-0.4339640196035963,-0.12853911853269542,0.462299709363196,-2.855176548069298,0.0005936923495976228,1.0000025660928804,17.10727941672125,1,-0.47328079555945857,0.5462013343353063,0.7274345632856338,2.296523724776759,0.0011991999587599022,1.0000003969289675,2.646193116842267,1,-0.47656968411521766,-0.8823096518532677,1.0091532562844863,-2.0733484433744684,6.542556202748186e-05,1.0000001444739572,0.9631595525805076,1,1.1929708888477972,-0.7461952908316793,1.400176686521144,-0.5638052312394319,0.002590275622327219,1.000000048395801,0.32263867233660365,1,-4.994614003759028,-2.164290109401564,5.452915941069817,-2.7330369235113574,-0.007784608745265933,1.0000000009215226,0.006142403471527431,0
18.720000000000002,-0.0037536191440950793,0.004731690314932398,-1.690719846243749e-09,-0.34117170223593624,-0.2689220467420869,0.44319091031567337,-2.4835671656483984,0.0005897026245765565,1.0000024576808315,16.384532424811276,1,-0.5731778708576151,0.4388747561819684,0.7281840339122618,2.498348311196225,0.001145246232918116,1.0000003960376895,2.6402512639706415,1,-0.3630430907931397,-0.9336118645935663,1.0071530900423322,-1.9496749303231462,0.00015461559890065694,1.0000001446913511,0.964608844809235,1,1.2440755201127718,-0.6480436459832928,1.39532333698013,-0.48471338288449406,0.0025646650142738692,1.0000000491360834,0.3275738897953479,1,-4.972488287643895,-2.211949129001447,5.451797721664611,-2.723392753460117,-0.00799051626732948,1.000000000921983,0.006145472033517473,0
18.740000000000002,-0.003753619141311389,0.004731690314208836,-1.6944203267039992e-09,-0.18573579984260843,-0.3597202089788126,0.4111670052672492,-2.0654596611807277,0.0005869604323556467,1.0000023970071257,15.980041051942807,1,-0.6493274162890814,0.313742966157758,0.7287555618041789,2.6998059020002803,0.0011169997482211923,1.0000003951275644,2.6341837629240583,1,-0.2437679946461786,-0.9704679458298974,1.0050515756051341,-1.8254961687735256,0.0002333014286156206,1.000000144985781,0.9665717094165653,1,1.288006981940025,-0.5461159575952663,1.391146727141734,-0.40510767829950134,0.002539232173724541,1.0000000498531911,0.33235460818785384,1,-4.949877057820943,-2.259392378513928,5.450654891676915,-2.7137445780768905,-0.008193633090662655,1.0000000009224563,0.006148627810911851,0
18.76,-0.003753619137094823,0.004731690313530077,-1.6980934258552238e-09,0.011918471682070102,-0.36821960231061734,0.3704329955634027,-1.564098450001595,0.000586645448650488,1.0000024116507045,16.077664909790936,1,-0.6986883321672931,0.17593837321112943,0.7291263771215359,2.9010023573485744,0.0011068783594433936,1.0000003942354174,2.628236116144932,1,-0.12056172133905256,-0.9922142613906196,1.0028806509629722,-1.700787802891481,0.0002993413220247091,1.000000145353633,0.9690240559109745,1,1.3244430569977188,-0.4409752762652822,1.3876774747093146,-0.3250629274553878,0.0025148783198468434,1.0000000505410644,0.3369404290597434,1,-4.926782215923754,-2.3066150913031276,5.449487540967267,-2.704092311131263,-0.00839112463622247,1.0000000009229426,0.006151870739089647,0
18.78,-0.00375361913180151,0.004731690312878387,-1.7017209906836084e-09,0.20526959647357493,-0.2640549134934359,0.33057173896863973,-0.936670131657831,0.0005895080131859134,1.0000025391324339,16.92754310617267,1,-0.7192973115446826,0.031078127164409323,0.7292818016840864,3.1020532575918294,0.001114610918601935,1.0000003933970076,2.622646717454803,1,0.0046744298751958575,-0.9984122422864818,1.0006737468951181,-1.575533221184773,0.00035499573536385123,1.0000001457901642,0.9719342650193094,1,1.3531122744875568,-0.3332180313560897,1.3849414070975516,-0.24465914365925032,0.0024928084321374075,1.0000000511936382,0.3412909217944024,1,-4.903205706852603,-2.3536125132970613,5.448295767351905,-2.6944358671142647,-0.008579378225740059,1.0000000009234422,0.006155200745702913,0
18.8,-0.0037536191279853664,0.004731690312218776,-1.7052968594513662e-09,0.31301576584216173,-0.05140843160259721,0.3083374978933837,-0.1750643987557207,0.0005969959986824733,1.000002785957326,18.573042387225453,1,-0.7103370363523752,-0.1149524302166056,0.7292157457875553,-2.9801057793720216,0.001146078160812307,1.000000392645746,2.6176383062888386,1,0.12998242914146585,-0.9888610629492169,0.9984653138680842,-1.4497240772363051,0.00040394182169416415,1.0000001462895187,0.9752632958404371,1,1.373798224684742,-0.2234684668536222,1.3829591506507593,-0.1639807105673392,0.002474071953060657,1.000000051804952,0.3453663469117566,1,-4.879149518779678,-2.4003799033076896,5.447079680430399,-2.6847751604469248,-0.008756716107583534,1.0000000009239547,0.006158617746533859,0
18.82,-0.003753619129781945,0.004731690311515731,-1.7088500198214618e-09,0.2678338952615654,0.18692983865271695,0.3176137580717719,0.6201751189894034,0.0006067572582669907,1.0000030386391945,20.257588176975354,1,-0.6721642860564611,-0.2562236412265579,0.7289308987098014,-2.7789823540186886,0.0011978852663764065,1.000000392011528,2.613410186237277,1,0.2533771435679563,-0.9636071490468193,0.9962903064244358,-1.323360700627483,0.000439085040038276,1.000000146844754,0.9789648627080921,1,1.3863430983002492,-0.11237240018353968,1.3817458006537466,-0.08311542866509669,0.002457857948617545,1.0000000523692623,0.3491284149281197,1,-4.854615683155715,-2.44691253335335,5.445839397952201,-2.6751101036093363,-0.008928595980402968,1.0000000009244803,0.0061621216421224295,0
18.84,-0.0037536191360115338,0.004731690310776683,-1.7124280431157768e-09,0.10012138454857449,0.34263235576503814,0.3521499466163986,1.3100685961346448,0.0006103604418705499,1.0000031533050708,21.022027352966475,1,-0.6062976596883535,-0.38698659894172915,0.7284386143925691,-2.5776436282590067,0.001264503148308425,1.0000003915196976,2.6101313170787313,1,0.37287801278141175,-0.922949984942593,0.9941836220916405,-1.19645237520758,0.0004489239211271234,1.0000001474478857,0.982985741789652,1,1.3906503252937537,-0.0005904396747977232,1.3813106792611827,-0.0021534552612892948,0.002442355158911395,1.0000000528811597,0.35254106429613674,1,-4.829606274717686,-2.4932056889821466,5.444575030142366,-2.665440607364913,-0.009100544114968577,1.000000000925019,0.006165712319592768,0
18.86,-0.00375361914217257,0.004731690310040658,-1.7160457811693508e-09,-0.10360437107225799,0.38002657342241825,0.3941218085952269,1.8613851338136047,0.0006072665776580157,1.00000312410275,20.827345215003575,1,-0.5153650381762035,-0.5018933086403358,0.727758511691727,-2.375979508837959,0.0013562091628712128,1.0000003911901538,2.6079343587401103,1,0.48654230472881665,-0.867443712536135,0.9921795053992191,-1.0690174814979132,0.00043601248554452695,1.0000001480899645,0.9872662668318761,1,1.3866862163445683,0.11120917805564068,1.3816571705435545,0.07881382703160338,0.0024275397082454265,1.000000053335683,0.3555712200303765,1,-4.804123411495127,-2.5392546695951492,5.4432866787695,-2.6557665838121864,-0.009269928616857824,1.0000000009255705,0.00616938966040421,0
18.880000000000003,-0.003753619146425225,0.0047316903093355235,-1.7196875208569384e-09,-0.2810344936045663,0.3205932240844303,0.4306866815456041,2.310545824854381,0.0006020485355097037,1.0000030115955272,20.07729706145888,1,-0.4030113873432055,-0.5962056778818238,0.7269177921722821,-2.173892154962992,0.0014801362040189607,1.000000391036611,2.6069107409409966,1,0.5924993509800297,-0.7978940711706103,0.9903109447691568,-0.9410834747750237,0.0004098809991814064,1.0000001487611763,0.9917410122688521,1,1.3744805464852279,0.2223579503302736,1.3827826531212828,0.15969496803669692,0.0024141979339959065,1.0000000537284244,0.35818949535097033,1,-4.7781692548130925,-2.5850547887701865,5.441974449757324,-2.6460879469359058,-0.009432536381774775,1.0000000009261352,0.006173153547206859,0
18.900000000000002,-0.003753619148789452,0.004731690308670498,-1.7233315013735762e-09,-0.4024493724479871,0.19787897570232202,0.45571614226353707,2.698543779414311,0.0005971728600245693,1.0000028644210237,19.096133705207414,1,-0.27376816208370275,-0.6659867398913991,0.7259502750504159,-1.9712998615168416,0.0016274115867506173,1.0000003910660304,2.6071068696190554,1,0.6889850327698507,-0.7153503243976839,0.9886090674859191,-0.8126866671736938,0.000379037242399998,1.0000001494509743,0.9963396656079484,1,1.3541260588897517,0.3321944790552683,1.3846785448605232,0.24039960839211127,0.0024028006019202073,1.0000000540556229,0.3603708188828955,1,-4.75174600929197,-2.630601374587863,5.4406384574169095,-2.6364046114434196,-0.009586117345983651,1.0000000009267127,0.006177003866825165,0
18.92,-0.003753619149636762,0.004731690308044255,-1.7269594747293393e-09,-0.4557913822133491,0.042238680698094166,0.46672181889002695,3.056470687135868,0.000592906212339096,1.000002711961406,18.079736254859952,1,-0.1328865316824231,-0.7082671350773915,0.7248951667494934,-1.7681405038454086,0.0017767330998765497,1.000000391278243,2.6085216199198857,1,0.7743756776544782,-0.6210919519788721,0.987102541019701,-0.6838718054571756,0.0003501320012960039,1.0000001501482383,1.0009880926438441,1,1.325776906905459,0.4400716584993084,1.3873304502074661,0.3208396085030446,0.0023934586704419916,1.000000054314244,0.3620949594012335,1,-4.724855922845002,-2.675889769960708,5.439278823130154,-2.6267164920936854,-0.009729832846319767,1.0000000009273031,0.00618094051027156,0
18.94,-0.003753619149232345,0.004731690307450598,-1.7305574334658402e-09,-0.4372773902108358,-0.11963363911274212,0.4629209330669352,-2.8743728615664015,0.0005891428289448301,1.0000025728954476,17.152629864848887,1,0.013862028609750629,-0.72117960257445,0.7237955894328634,-1.5643743960898264,0.0019031941866373527,1.0000003916657947,2.611105297503873,1,0.8472204434504863,-0.5166100517191614,0.9858169986995204,-0.5546914416947878,0.0003283421263548378,1.0000001508414629,1.0056095889394785,1,1.28964609197237,0.545363498215745,1.3907184015067664,0.40093011349631735,0.002386064750972986,1.0000000545020389,0.3633469252680221,1,-4.697501286674325,-2.7209153329659457,5.437895673710887,-2.617023503495611,-0.009863551943888884,1.0000000009279066,0.006184963370586705,0
18.96,-0.0037536191476643696,0.004731690306880992,-1.734114227647937e-09,-0.3481454122601323,-0.2618413045910588,0.4445654861127031,-2.504415871844125,0.0005862150386305142,1.0000024624902786,16.416595404401647,1,0.16041254469375194,-0.7040542575960541,0.7226969027891181,-1.3599864022397103,0.001987117752644382,1.0000003922140408,2.614760271712976,1,0.9062712216824194,-0.4035835891599168,0.984774508221335,-0.425205099104029,0.00031752299238027316,1.0000001515189691,1.0101262980044141,1,1.2460019906767459,0.6474714172492968,1.3948171858416676,0.48059052402582747,0.0023803989432647833,1.0000000546175836,0.36411722392670515,1,-4.669684435266262,-2.765673437181907,5.436489140326855,-2.607325560083377,-0.009987462400025248,1.000000000928523,0.006189072339642829,0
18.98,-0.003753619144852746,0.0047316903063248025,-1.7376199550403482e-09,-0.19571673292737352,-0.35610085291084403,0.41316070006227107,-2.08963843942435,0.0005841883639918158,1.000002398664366,15.991089320485566,1,0.3006535437726374,-0.6574679490554939,0.7216448689246849,-1.1549871392044393,0.002020393809861579,1.0000003929015218,2.6193434791063965,1,0.9505090959120618,-0.28385084347229106,0.9839931003709389,-0.2954782440580404,0.0003203240280695625,1.000000152169139,1.014460763932997,1,1.1951640937712869,0.7458298714207489,1.3995967461946353,0.5597453487043514,0.002376231158633291,1.000000054660296,0.36440197413017467,1,-4.641407746386256,-2.810159472027832,5.435059357924128,-2.5976225761725145,-0.0101017475527085,1.000000000929152,0.006193267305312766,0
19.0,-0.0037536191406406165,0.00473169030576756,-1.7410646665702578e-09,0.000540952571108486,-0.36988819008566814,0.37271422039677987,-1.5938468982646725,0.0005819214297831795,1.0000024083526502,16.055677882489224,1,0.42868496562854663,-0.5832421770651157,0.7206837274775525,-0.949413128356818,0.0020094540223877465,1.0000003937006428,2.6246709511509954,1,0.979166446774418,-0.15937661166684328,0.9834863738592958,-0.16558108493617502,0.0003385649622792727,1.0000001527806606,1.018537574814103,1,1.137498102036053,0.8399112066079374,1.4050226431603288,0.6383249202558594,0.0023734661111134312,1.0000000546304306,0.3642028709721042,1,-4.612673641073374,-2.8543688431066565,5.433606465377866,-2.5879144660755222,-0.010206165893478523,1.0000000009297942,0.006197548149763102,0
19.02,-0.0037536191353272994,0.004731690305185755,-1.7444394730808943e-09,0.1959183448368471,-0.2722107128880928,0.3324354397693734,-0.9740441725877785,0.0005796352460719383,1.0000025289458554,16.859632583766587,1,0.5390757807376422,-0.4843860056251153,0.7198542643695233,-0.7433257896844095,0.0019736630726188303,1.0000003945786617,2.6305244111468116,1,0.9917439067725454,-0.032215935099802605,0.9832631898918361,-0.0355872281506962,0.00037374100359757273,1.0000001533427811,1.0222850440539628,1,1.0734105374565448,0.9292296652043635,1.4110565614474089,0.7162659638841697,0.0023722398617899336,1.0000000545290517,0.3635270109259728,1,-4.583484583634138,-2.8982969725506758,5.432130607210754,-2.5782011441607025,-0.010299910408015901,1.0000000009304493,0.006201914748372959,0
19.04,-0.003753619131307919,0.004731690304540621,-1.7477476137346681e-09,0.31053776092632507,-0.06403535077652278,0.3087849220844146,-0.21820358727688938,0.0005834455486478421,1.0000027709776418,18.473177826614382,1,0.6271086606500552,-0.3649831290086929,0.7191919744664156,-0.5368092316224665,0.0019329232806899836,1.0000003954989591,2.636659728173647,1,0.9880215304721932,0.09552471368010834,0.9833274682687175,0.09442776908093342,0.00042501380308171215,1.0000001538455545,1.02563686794832,1,1.0033430331870499,1.0133445079600027,1.4176568448292486,0.7935120115279151,0.0023722061663156904,1.0000000543579886,0.362386590370048,1,-4.553843081635488,-2.941939299370299,5.430631937038036,-2.568482524270605,-0.01038423011989209,1.0000000009311172,0.006206366967830346,0
19.060000000000002,-0.003753619132792229,0.004731690303793063,-1.7510274397981862e-09,0.2737649584972555,0.17601768173823043,0.3163277362585602,0.5792921813157296,0.0005914636621915875,1.000003027845334,20.18562910782256,1,0.6889983866238818,-0.23002560155838317,0.7187254279595596,-0.3299668759296621,0.0018946421503453278,1.0000003964225852,2.642817234836645,1,0.9680637518027994,0.22172771408625125,0.9836780988887189,0.22438790587318644,0.0004817501564377449,1.0000001542800758,1.0285336762571586,1,0.9277664626693111,1.0918622470380772,1.424779049561516,0.8700136607930351,0.002370659920365585,1.0000000541197742,0.36079849504342026,1,-4.52375168589753,-2.9852912798061886,5.4291106150625055,-2.5587585179014054,-0.010468054694403355,1.0000000009317978,0.006210904662899737,0
19.080000000000002,-0.0037536191389728048,0.004731690302947541,-1.7543388764265644e-09,0.11044862803897701,0.3378246976747773,0.3499564643986838,1.276735653076058,0.0005946641905206989,1.000003151280039,21.008527139853175,1,0.7220710777467494,-0.08520041178630737,0.718474915174872,-0.12291702881274696,0.001858368846932244,1.0000003973100466,2.6487336436323354,1,0.9322179363650536,0.3443049017396303,0.9843089739883875,0.3542182677525167,0.0005277380217068537,1.0000001546386907,1.0309244418445198,1,0.8471750583003349,1.1644380166048534,1.4323765114437976,0.9457286931783409,0.0023643249278574815,1.00000005381757,0.3587837990958573,1,-4.493212990486509,-3.02834838768418,5.427566791915854,-2.5490290339972246,-0.010560927483892422,1.0000000009324912,0.006215527675438155,0
19.1,-0.003753619145310447,0.004731690302044876,-1.7577108319191681e-09,-0.09328074849945256,0.38127932400804115,0.39192705473046935,1.834789055374002,0.0005930342716378521,1.0000031283252913,20.85549548838756,1,0.7248929586274006,0.0633613005657949,0.7184514539379209,0.08421240904117212,0.001834470413421149,1.0000003981231174,2.654154116016175,1,0.8811065817523221,0.4612373268405138,0.9852091183006906,0.48384652928080946,0.000555591573576259,1.0000001549151867,1.032767748165048,1,0.7620806545965557,1.230776132731521,1.4404008964714783,1.0206220714383623,0.0023526338086567716,1.0000000534550804,0.3563672028108609,1,-4.462229632706786,-3.071106114771714,5.426000603913429,-2.5392939820786435,-0.010663246462198933,1.0000000009331975,0.006220235838224172,0
19.12,-0.003753619149804931,0.004731690301118549,-1.7611397739453194e-09,-0.2731039538268239,0.3261845171671921,0.42898300914382625,2.288309152102214,0.0005902838845835276,1.0000030188512232,20.125668369294115,1,0.697340176024488,0.2093594829495388,0.7186562502756897,0.2912897781031091,0.0018360723050212606,1.0000003988266657,2.658844438137891,1,0.8156134665497925,0.5706130484243382,0.9863629172986158,0.6132043689113688,0.000562992815172873,1.000000155104935,1.0340327367569253,1,0.6730071706268173,1.2906299140216564,1.4488027142191076,1.0946658158335056,0.0023359900295308873,1.0000000530364657,0.35357643707467357,1,-4.430804293090177,-3.1135599711358664,5.424412184694071,-2.5295532734091726,-0.010773008268486215,1.0000000009339165,0.006225028978521061,0
19.14,-0.003753619152422255,0.004731690300185347,-1.7646141262615822e-09,-0.3979391172977562,0.20605008652173668,0.4547154355440807,2.6787182770149087,0.0005878452934524203,1.0000028726560433,19.151033835448935,1,0.6406049164194426,0.3466098494221284,0.7190806453940902,0.49818570886781754,0.0018626733846659736,1.000000399390359,2.6626023932001495,1,0.7368642756856332,0.6706619469663265,0.9877504521497474,0.7422287616867094,0.0005495140110768555,1.0000001552049858,1.0346997417331594,1,0.580485424541742,1.3438008495421907,1.45753180281741,1.1678387739816396,0.0023144758394347026,1.0000000525662467,0.35044164420969254,1,-4.3989396953828015,-3.155705485504002,5.422801670415239,-2.5198068201335926,-0.010889870893130716,1.0000000009346481,0.0062299069190120135,0
19.16,-0.0037536191535275714,0.00473169029925305,-1.7681241609723841e-09,-0.45508616996968393,0.05147292894054409,0.4665037405934064,3.0376037235222806,0.0005852803920336029,1.000002719946962,18.132973295113636,1,0.5571373905411396,0.46932213800662803,0.7197065406873533,0.7047790258138489,0.0018876184347248364,1.0000003997901035,2.6652673558663476,1,0.6462024140074207,0.7597866912574089,0.9893479260522172,0.8708631237820423,0.0005210569904655535,1.0000001552141022,1.0347605185584434,1,0.485048351135456,1.3901372094722966,1.4665377813481226,1.2401263096513668,0.002288025677486471,1.0000000520492138,0.3469947588520167,1,-4.366638606529997,-3.1975382056273314,5.4211691989477915,-2.5100545347437784,-0.011014489091753298,1.0000000009353924,0.006234869477955282,0
19.18,-0.0037536191533886184,0.00473169029832604,-1.771662572289806e-09,-0.44044331364138806,-0.11071974970263197,0.46349962283044926,-2.8935152570139375,0.0005821451257832313,1.0000025797718572,17.198472595694216,1,0.45052761083831105,0.5723566420610257,0.7205072565223064,0.9109621580677103,0.0018442638338534484,1.0000004000090927,2.6667272850060977,1,0.5451608627130847,0.8365891881565217,0.9911281711609228,0.9990582824959452,0.0004951228070411081,1.0000001551327045,1.0342178670683682,1,0.3872266711332782,1.4295321969972126,1.4757704611184852,1.3115199296764801,0.002256768010624392,1.0000000514903362,0.34326890833945645,1,-4.333903836659368,-3.2390536986472576,5.419514908519081,-2.500296330023528,-0.01114763251257021,1.0000000009361496,0.006239916469560154,0
19.2,-0.0037536191520960373,0.00473169029740751,-1.7752228229084288e-09,-0.35498868796991995,-0.254671161717019,0.4459016735550605,-2.52513223752187,0.0005791019273562085,1.0000024674249197,16.44949301261978,1,0.325334783482903,0.6514455973692534,0.7214487453480037,1.1166457857250547,0.0016375825048941153,1.0000004000384097,2.6669227313990604,1,0.4354310263117817,0.8998920544561304,0.9930612323764451,1.1267732435904787,0.0004968136734694491,1.0000001549627249,1.0330846693246032,1,0.2875450404078899,1.4619217392465942,1.4851802123535478,1.3820168657359282,0.00222127616476661,1.0000000508946765,0.3392978431445741,1,-4.300738239061866,-3.2802475514642913,5.417838937004369,-2.490532119184791,-0.011289692159085025,1.0000000009369192,0.006245047704864481,0
19.220000000000002,-0.003753619149570209,0.004731690296499398,-1.7787972882848946e-09,-0.20561774213079423,-0.3522970169287064,0.41512748057845916,-2.113579767640947,0.0005776212055887065,1.0000024005237766,16.003485391432243,1,0.18687514995544713,0.7033689459298249,0.7224910849237781,1.3217625673667965,0.001215147985273462,1.000000399877307,2.665848714303646,1,0.3188295547778932,0.9487548539554562,0.9951150087483779,1.253975720426845,0.0005383114476879967,1.0000001547075033,1.0313831915839713,1,0.186518689560201,1.4872820107289089,1.4947182859526182,1.4516196265721955,0.0021827093437643097,1.0000000502673112,0.33511540824572705,1,-4.267144710170598,-3.321115371109315,5.416141421866989,-2.480761816081754,-0.011440307182520839,1.0000000009377015,0.006250262993381893,0
19.240000000000002,-0.0037536191456439974,0.00473169029560021,-1.7823758116132515e-09,-0.0108797501419148,-0.3712755702106017,0.3749954082386115,-1.6232275709358093,0.000578751906134606,1.0000024053690943,16.03578751016777,1,0.040981004368212566,0.7260775727987662,0.7235902339222513,1.5262698399716192,0.000633552095860428,1.0000003995333222,2.6635554814982423,1,0.19726409284203203,0.9824850289825124,0.997255893353743,1.3806424117193556,0.0006039573459574917,1.0000001543718502,1.0291455044516165,1,0.08465054943774832,1.5056267752703199,1.5043370910558638,1.520335534403916,0.002142820015153669,1.0000000496132608,0.33075507240545476,1,-4.23312618953691,-3.3616527851170743,5.414422500934698,-2.4709853354772444,-0.01159792439364402,1.0000000009384964,0.006255562145523771,0
19.26,-0.0037536191405535095,0.004731690294699573,-1.7859465299870092e-09,0.18628565332527536,-0.2800722780793447,0.33434969311389734,-1.0109970304351639,0.0005829758486436709,1.0000025191271873,16.7941747953625,1,-0.10625570319171564,0.7187608235763621,0.7247000181407609,1.7301511184972311,1.8611059360813962e-05,1.00000039902199,2.660146598881765,1,0.07269882160495723,1.0006436496487974,0.9994493570158799,1.506759079468378,0.0006668424252917179,1.0000001539620818,1.0264137161438902,1,-0.01757115399450485,1.5170046226745617,1.5139904284694499,1.5881762573677038,0.0021038249955657555,1.0000000489374306,0.32624953639164117,1,-4.19868565980326,-3.4018554419020024,5.412682314851033,-2.461202593268477,-0.011759632846021056,1.0000000009393037,0.006260944974920403,0
19.28,-0.0037536191365270186,0.004731690293771143,-1.78950625064761e-09,0.30754547228951673,-0.0766065700278529,0.3093312736051669,-0.26121943664050823,0.0005915866146274869,1.0000027560288431,18.373519167688556,1,-0.24874224815907442,0.6818585428210122,0.7257741955929372,1.9334162828243264,-0.0005227444850443803,1.0000003983659265,2.655772843775474,1,-0.05287942814495695,1.003046290024568,1.0016604889989669,1.6323204907303783,0.0007100300765033059,1.0000001534858145,1.0232386009066905,1,-0.11967486195336374,1.5214961655750294,1.523633678018629,1.6551573476161074,0.0020675270451027856,1.0000000482445641,0.3216304278209749,1,-4.163826146672587,-3.4417190111370632,5.410921011828136,-2.451413506126464,-0.011923806977227815,1.0000000009401238,0.006266411298727896,0
19.3,-0.0037536191378142493,0.0047316902927851115,-1.7930837023505397e-09,0.27927088353631707,0.1648095096945064,0.31512112369407885,0.5380607400600562,0.0006027928173876066,1.000003016579738,20.110525133523428,1,-0.3806349501065332,0.6170207658513697,0.7267684228685163,2.1361005510130373,-0.0009525855282546857,1.0000003975935203,2.6506234687825088,1,-0.17749380392678407,0.9897594535724094,1.0038545300976207,1.7573302291865296,0.0007212358491209229,1.0000001529516536,1.0196775273622685,1,-0.22120723633789727,1.5192112518607195,1.5332239410150346,1.7212977899127235,0.0020326092738398895,1.0000000475392101,0.3169280678980557,1,-4.1285507188749255,-3.4812391841365256,5.409138748052487,-2.441617989725303,-0.012096455143230574,1.0000000009409562,0.006271960934569909,0
19.32,-0.0037536191439803764,0.004731690291751691,-1.796729749790199e-09,0.12062604775138641,0.332618086388304,0.34778393007946473,1.242961431214803,0.0006099003350165966,1.0000031487837004,20.99188488321542,1,-0.4965702735149785,0.527020340962236,0.7276420374871775,2.3382624477752305,-0.0012868793864199643,1.0000003967375017,2.644916678827796,1,-0.2992082463422846,0.9610930249328925,1.00599740827996,1.8818003671976384,0.0006903563684006129,1.0000001523689324,1.015792720282582,1,-0.3217343429789081,1.510286238805734,1.5427201550532448,1.786619567540542,0.0019954560280774124,1.0000000468256935,0.3121712895606717,1,-4.092862488132393,-3.5204116742428724,5.407335673352536,-2.4318159579941905,-0.012284755274668241,1.000000000941801,0.00627759369730279,0
19.34,-0.003753619150468139,0.004731690290717627,-1.800464716119471e-09,-0.08292257557576957,0.38220683976858294,0.3897139928294617,1.8078767877087663,0.0006126822365952143,1.0000031322780227,20.881847031709707,1,-0.5918696405872317,0.4156250831764236,0.7283596228880566,2.539980984842174,-0.001542736582962068,1.0000003958334862,2.6388899081343875,1,-0.41615608194564785,0.9175892619282296,1.0080562571746394,2.0057510262018576,0.0006236449711615641,1.0000001517475088,1.011649895611748,1,-0.420842505196766,1.494881366018986,1.5520831858301214,1.8511472651715677,0.0019551501161216176,1.0000000461080938,0.3073872925725629,1,-4.05676460912227,-3.559232217216746,5.405511924326737,-2.4220073260080497,-0.012485780458708061,1.0000000009426584,0.0062833093997594494,0
19.36,-0.003753619155112526,0.004731690289721662,-1.8042742079039942e-09,-0.26505590338552953,0.33155300221765,0.42724350253480603,2.2658846893701665,0.0006148553578120609,1.000003025988504,20.17325024111726,1,-0.6627124068819488,0.2874366678619678,0.7288923150320142,2.7413522243941078,-0.0017346740168760282,1.0000003949185126,2.6327900839847715,1,-0.5265661169249346,0.860008857644856,1.0099998842105502,2.1292098436581046,0.0005358519111581905,1.0000001510975818,1.0073170493454577,1,-0.5181388684790978,1.4731782556334294,1.5612758776153095,1.9149077084307635,0.0019125827264663351,1.0000000453902294,0.3026015295397223,1,-4.020260279436816,-3.597696571629753,5.403667635845072,-2.412192011502889,-0.012693420911960832,1.0000000009435284,0.006289107853328541,0
19.380000000000003,-0.0037536191578237408,0.00473169028878315,-1.8081342230760744e-09,-0.3932798544820467,0.21408802440655525,0.4536727618469437,2.658799402933629,0.0006186781549091762,1.0000028808630346,19.20574711095335,1,-0.706273210441752,0.14770354572583025,0.7292188285237463,2.9424853616242173,-0.0018824328703004282,1.0000003940296156,2.6268641040091785,1,-0.6287860669710695,0.7893145901209524,1.0117991880038395,2.252211354408837,0.0004393598569508973,1.0000001504295237,1.0028633285882178,1,-0.613251715980994,1.4453775599485617,1.5702630741503634,1.9779296298752644,0.0018685420801382384,1.000000044675644,0.2978376264874658,1,-3.9833527395399964,-3.635800519261345,5.401802948123802,-2.402369934061698,-0.012903384938978718,1.0000000009444103,0.0062949888650719295,0
19.400000000000002,-0.0037536191589650613,0.004731690287909552,-1.8120223698250837e-09,-0.4542240444209307,0.06065156918681245,0.4662430589423901,3.0187151840077044,0.0006244466891089518,1.0000027279615327,18.18640376554755,1,-0.7208212989662747,0.0021149033053070388,0.7293261923487515,-3.139686837452436,-0.0020052655492795285,1.0000003932024564,2.621349709166851,1,-0.7213032536022752,0.7066530398693165,1.0134275283603067,2.3747963107556767,0.00034214992807867883,1.000000149753726,0.998358011307415,1,-0.7058305727957183,1.411696769561575,1.5790116239576668,2.040243364859713,0.0018236106324077599,1.0000000439676011,0.2931173403917288,1,-3.9460452727221056,-3.673539865500411,5.399918007156045,-2.392541014399605,-0.013112741153200174,1.000000000945305,0.006300952233153201,0
19.42,-0.0037536191588148317,0.0047316902871022805,-1.8159191888904302e-09,-0.44345880874009086,-0.10178710492346965,0.46403848976962025,-2.9126151085933034,0.0006312921610846264,1.0000025867217501,17.244805214727755,1,-0.7057804541339866,-0.14341769741378874,0.729210188242754,-2.9386712681346103,-0.0021127790363116147,1.0000003924700236,2.6164668238189215,1,-0.8027625757653779,0.6133348043762229,1.0148610464902006,2.4970109647890295,0.00024931817914028697,1.0000001490804562,0.9938695458707296,1,-0.7955461346052924,1.3723681892936268,1.5874903723887197,2.1018805797090856,0.0017783795977852576,1.000000043269083,0.288460552864708,1,-3.908341205052949,-3.7109104397514843,5.398012963955166,-2.3827051741067007,-0.013319074348127269,1.0000000009462118,0.006306997742287769,0
19.44,-0.003753619157476569,0.004731690286359265,-1.8198070004041278e-09,-0.3617052271857075,-0.2474019812605718,0.4472044231494195,-2.5457358637894703,0.0006391729002861154,1.0000024724804515,16.483196557943078,1,-0.6617488229792822,-0.28298472031054395,0.7288754887945791,-2.737530890583323,-0.0021988644237534226,1.000000391861471,2.612409807391857,1,-0.8719818224213726,0.5108135814804926,1.016078937614289,2.6189063278468887,0.00016420098774161805,1.000000148419722,0.9894646513224908,1,-0.8820900533754954,1.3276370843349796,1.5956701417894683,2.1628740311242205,0.0017335330674784696,1.0000000425827948,0.2838852987049766,1,-3.8702439053338935,-3.747908095845004,5.3960879741263374,-2.3728623355928526,-0.013520048620248378,1.0000000009471308,0.006313125160430542,0
19.46,-0.0037536191548833858,0.004731690285675216,-1.8236684662387148e-09,-0.21544879113586113,-0.34830225041348545,0.4170733827068437,-2.1373183971626246,0.0006472293250343968,1.0000024025714638,16.01713663883903,1,-0.59047843603386,-0.4109030202034845,0.7283354810443251,-2.5361480601992836,-0.00224587452677838,1.000000391401177,2.6093411797759134,1,-0.9279644271505482,0.4006644300375203,1.0170636782729414,2.7405374161613234,8.895681090348837e-05,1.0000001477811526,0.9852075211425662,1,-0.9651746097465339,1.2777599949809286,1.6035237018150106,2.2232573550661354,0.001689882737422051,1.0000000419111736,0.279407823639774,1,-3.8317567850486944,-3.784528712450758,5.394143197853707,-2.3630124221205064,-0.01371309320469412,1.0000000009480623,0.006319334238088324,0
19.48,-0.003753619150872201,0.004731690285039922,-1.8274854394519091e-09,-0.022356256941001657,-0.37238070694982167,0.37728108489523593,-1.652294835983674,0.0006541951573794884,1.0000024026727254,16.017811716922825,1,-0.4948146029046631,-0.5219340955607915,0.7276117733706673,-2.334414261178527,-0.002233775759465523,1.0000003911078899,2.6073859320046537,1,-0.9699097845061531,0.2845614535783013,1.0178012101258986,2.8619624897846574,2.5386616379941415e-05,1.000000147173894,0.9811591301956646,1,-1.044532298755198,1.223003215337252,1.6110257321107322,2.2830648834429192,0.0016484699694189696,1.0000000412563996,0.2750426635690025,1,-3.79288329831241,-3.8207681934933335,5.392178800485574,-2.3531553579084017,-0.013894992699758005,1.0000000009490058,0.006325624711307383,0
19.5,-0.003753619145634311,0.004731690284433349,-1.8312398221073667e-09,0.17636224246100177,-0.2876402296000883,0.33631447674395276,-1.0475918854793234,0.0006602681092493728,1.000002509647622,16.730977694281034,1,-0.37859587973456454,-0.6114899304269564,0.7267334145156104,-2.1322342809761237,-0.0021456276891051954,1.0000003909939743,2.606626494707951,1,-0.9972212508720921,0.16425509597565902,1.0182810825134347,2.9832422903458298,-2.3970831092655117e-05,1.0000001466065194,0.9773766328808854,1,-1.119915352473349,1.1636414292055883,1.6181527792307158,2.342331487190223,0.0016107859349723333,1.0000000406204108,0.27080273871836796,1,-3.7536269418170756,-3.8566224685687245,5.390194954572377,-2.343291068247081,-0.014061673765406122,1.0000000009499614,0.006331996307747696,0
19.52,-0.0037536191412474045,0.0047316902838188,-1.8349233491150863e-09,0.3040270800257947,-0.08911569074129223,0.30997301826672957,-0.30415531855289807,0.0006684035022753948,1.00000274111353,18.27408374753066,1,-0.24651600420412234,-0.6758197537313158,0.7257358452940483,-1.9295300273496951,-0.0019770797528590196,1.0000003910648687,2.6070991252438573,1,-1.0095119420007708,0.04154918923630065,1.0184965550749039,3.1044392823358535,-5.670200507549828e-05,1.0000001460869508,0.9739128416200358,1,-1.1910952201713152,1.0999564947885592,1.6248832075049566,2.4010924444226642,0.0015785616864105953,1.0000000400049187,0.26669945772967546,1,-3.713991254772641,-3.8920874933621645,5.388191844431564,-2.333419479140033,-0.014210737709816464,1.0000000009509293,0.006338448752685685,0
19.540000000000003,-0.0037536191419896715,0.004731690283153902,-1.838560851306903e-09,0.2843284855998615,0.15330712532097543,0.3139905161972194,0.4964498932795982,0.0006793461926103637,1.0000030048593982,20.032389535335476,1,-0.10395022087390882,-0.7121706586320153,0.7246595965968602,-1.7262438548563894,-0.0017571828372688213,1.0000003913187636,2.6087917570509966,1,-1.006608418188198,-0.08172214571560375,1.0184446567333307,-3.0575684079236582,-7.704216343225056e-05,1.0000001456223908,0.9708157753359014,1,-1.257862023803254,1.0322363687573743,1.6311971406068912,2.459383328962703,0.0015516445116275266,1.0000000394114241,0.2627428280920131,1,-3.6739798188426764,-3.927159250068485,5.386169667834373,-2.3235405154761315,-0.01434841863236744,1.0000000009519094,0.006344981770821417,0
19.560000000000002,-0.0037536191478147666,0.0047316902824342515,-1.8422038521384576e-09,0.1306315083040149,0.3270041542170674,0.3456287402121314,1.2087207509251183,0.0006854311891254457,1.000003145837725,20.97224504691785,1,0.04325016750526295,-0.7189147843067176,0.7235487506619797,-1.5223412557809282,-0.001537932468450383,1.0000003917465057,2.6116433713443916,1,-0.9885523190027018,-0.20371767254110204,1.0181262008508103,-2.936346523480448,-9.385344225099772e-05,1.0000001452192646,0.9681282685134182,1,-1.3200240040251467,0.9607741595047108,1.6370764034226346,2.5172399105028265,0.0015274585506152925,1.0000000388412356,0.2589415700778051,1,-3.633596258075836,-3.9618337478163546,5.3841286223988485,-2.313654099669256,-0.014483961445756643,1.0000000009529013,0.006351595084621415,0
19.580000000000002,-0.003753619154181349,0.004731690281694511,-1.8458777388541403e-09,-0.07254776283455522,0.38279764680325007,0.3874794143811861,1.7806348616402834,0.0006836894704588127,1.0000031359939296,20.90661974532401,1,0.18898941617018813,-0.6956358626346926,0.7224492071012117,-1.317812777786381,-0.0013495678711765717,1.0000003923317629,2.615545085574929,1,-0.9555999755573962,-0.3226122307084713,1.0175457748189904,-2.815017286214062,-0.00010675527474057459,1.0000001448831688,0.9658876285765104,1,-1.377406969681958,0.8858672990299217,1.6425044816813295,2.5746980737004868,0.0015050237446868466,1.0000000382954846,0.25530323112644493,1,-3.59284423883366,-3.996107023096114,5.382068895158631,-2.3037601541462798,-0.014616562126671735,1.0000000009539054,0.006358288414249836,0
19.6,-0.0037536191587641678,0.004731690280963886,-1.8495741145249656e-09,-0.25690619284660204,0.3366859994794034,0.42546592159008223,2.2432668697297395,0.0006783947779287119,1.0000030330446683,20.220291335889257,1,0.3271774913210085,-0.6431685719726946,0.7214068189753304,-1.1126750032982573,-0.001202379876963221,1.0000003930514718,2.620343144706386,1,-0.9082199925869484,-0.4366198915087051,1.0167117000337524,-2.6935189222336757,-0.0001089669571218387,1.0000001446188236,0.9641253273351393,1,-1.4298537617113651,0.807816822847596,1.6474664805102237,2.6317937632346715,0.0014850080478473568,1.0000000377751448,0.2518342982703901,1,-3.5517274697140033,-4.029975140190874,5.3799906717811155,-2.2938586031874264,-0.014741913461408273,1.0000000009549213,0.006365061477083017,0
19.62,-0.0037536191614191104,0.004731690280253231,-1.8532758105926916e-09,-0.3884858415955726,0.22197827392494082,0.45258633275641597,2.6387848269438186,0.0006731490162883921,1.0000028890768276,19.260505731694,1,0.4519890465045267,-0.5635854817995424,0.720465459966018,-0.9069704409191262,-0.0010982154537419078,1.0000003938765913,2.6258439426913194,1,-0.8470887574300429,-0.5440170168985211,1.0156359469226073,-2.571791717457041,-9.353613340478854e-05,1.0000001444300322,0.9628667186933002,1,-1.4772237405691853,0.7269267474127211,1.651949073771515,2.6885629417738106,0.0014679826342713436,1.0000000372810463,0.24854030764083299,1,-3.510249701470414,-4.063434191611831,5.377894143770904,-2.283949372265111,-0.014858023117077613,1.000000000955949,0.006371913984004559,0
19.64,-0.003753619162510411,0.004731690279562557,-1.856968669979031e-09,-0.45321653242420046,0.06975756200376815,0.46593711385543674,2.999804024062721,0.0006688200273662017,1.0000027360338724,18.24021936263404,1,0.5581196438304374,-0.460128498669513,0.7196651028096196,-0.7007662407009893,-0.0010309037066279908,1.0000003947731664,2.63182110866989,1,-0.7730838009673562,-0.6431651378710432,1.0143340087775778,-2.449778768295749,-5.4423230935101205e-05,1.0000001443196411,0.9621307782396832,1,-1.519392304619528,0.6435035347442049,1.6559404557374586,2.745041556419096,0.0014540812107085763,1.0000000368138926,0.24542595083714824,1,-3.46841472692851,-4.096480298538196,5.375779508691742,-2.274032387277837,-0.014964813907773393,1.000000000956989,0.006378845634944452,0
19.66,-0.0037536191623286416,0.004731690278887476,-1.8606428394546404e-09,-0.4463302531642192,-0.09285557243246276,0.46453213143870214,-2.9316706976676703,0.0006649361257007771,1.0000025937678407,17.291779151700226,1,0.641026318296943,-0.33708460351068864,0.7190400077570843,-0.49415170416778753,-0.0009874947439944479,1.0000003957036816,2.6380245442067007,1,-0.6872749097189075,-0.732533536138884,1.0128247373288948,-2.3274267317159874,1.3247483343249958e-05,1.0000001442895035,0.9619298608394548,1,-1.556250445500229,0.5578556341710759,1.6594302982217972,2.801265514743508,0.0014431205143241041,1.0000000363742767,0.24249517806132675,1,-3.4262263808998794,-4.129109611261277,5.373646968695853,-2.264107574250688,-0.015063095849065802,1.0000000009580405,0.006385856115864844,0
19.68,-0.0037536191609895435,0.0047316902782220645,-1.8642912812463774e-09,-0.3682925773172357,-0.24005592572762335,0.44846390148726684,-2.5662162303606757,0.0006615698906137567,1.0000024776789893,16.51785347581032,1,0.6971391229517617,-0.1996091289311193,0.7186171235858015,-0.2872346363041478,-0.0009522460067601837,1.0000003966286675,2.6441911161379354,1,-0.590912871479428,-0.810721369553263,1.0111301389641456,-2.2046865700401748,0.00011256064603432838,1.0000001443404454,0.9622694731468175,1,-1.5877043453619013,0.47029309139777326,1.6624097125165345,2.857270669926325,0.0014347282731609894,1.0000000359626944,0.23975129622701755,1,-3.383688540093389,-4.161318309631974,5.371496729217718,-2.254174859285446,-0.015153955589697583,1.000000000959104,0.0063929450978280605,0
19.7,-0.003753619158436039,0.004731690277559453,-1.867907901270671e-09,-0.2251940520547876,-0.3441380080790044,0.4189837272726982,-2.1608237242359536,0.0006605223994314274,1.000002404839068,16.032254001714275,1,0.7240309449004678,-0.053503546357315176,0.718414798577158,-0.08013667635011221,-0.0009110877728855045,1.0000003975084784,2.650056522053193,1,-0.48541573183468123,-0.876479129628992,1.009275130117848,-2.0815142850770734,0.0002443148853549693,1.000000144472233,0.9631480581466759,1,-1.6136750200381667,0.381127215500866,1.6648712160482593,2.9130928137215917,0.001428464306608876,1.000000035579559,0.23719706012523578,1,-3.340805123023478,-4.193102603510971,5.36932899804937,-2.244234168641672,-0.01523828089966314,1.0000000009601788,0.006400112238221978,0
19.720000000000002,-0.0037536191545049172,0.004731690276890263,-1.8714859332386036e-09,-0.0338561652659579,-0.3732157037039342,0.3795533653149181,-1.6809805947319079,0.0006638191233475958,1.0000024003197308,16.002125086225853,1,0.7205347605360876,0.09504170827138678,0.7184418847507352,0.1270121674567463,-0.0008544324791608649,1.0000003983051522,2.655367680622056,1,-0.37235244848690013,-0.9287291607988668,1.007287250710094,-1.9578716349005514,0.00040778010041099023,1.0000001446835454,0.964556806320044,1,-1.634098011382486,0.2906702949373277,1.666808704235479,2.968767675977095,0.0014239736792100767,1.0000000352252136,0.23483475691414182,1,-3.297580089914742,-4.2244587332209695,5.3671439850030405,-2.2342854289323673,-0.01531617559127108,1.0000000009612657,0.006407357184081699,0
19.740000000000002,-0.003753619149340081,0.004731690276197927,-1.875018106056725e-09,0.1661901201422515,-0.2949008907969383,0.3383136392577876,-1.0836992750887493,0.0006704660755763815,1.0000025006121742,16.670741375243857,1,0.6868005314239364,0.23972591082399447,0.7186972954460432,0.33407947985647324,-0.0007776531492644566,1.0000003989842332,2.659894887495873,1,-0.2534238560755039,-0.9665849077240509,1.0051963335052556,-1.8337268245673415,0.0006021741330535682,1.0000001449719553,0.966479539334096,1,-1.648923131227546,0.1992353539886984,1.6682174281630133,3.02433092984336,0.0014211731806929918,1.0000000348999427,0.2326662846023472,1,-3.2540174426018327,-4.255382970000497,5.364941903031966,-2.2243285673998416,-0.015386497120071565,1.000000000962364,0.006414679576875805,0
19.76,-0.0037536191448638814,0.004731690275451587,-1.8785052185651963e-09,0.30000169678038197,-0.1015171736849212,0.3107054897633643,-0.3468191904849807,0.0006793971831206684,1.0000027263910123,18.175933628588364,1,0.6242878627261321,0.37442288428904946,0.7191700463399857,0.540936548064604,-0.0006839110182554427,1.000000399516442,2.6634429462676756,1,-0.130440897256998,-0.9893684955038224,1.0030341280200878,-1.7090551554976547,0.0008242525815176143,1.0000001453339207,0.9688926414440591,1,-1.6581142588099895,0.10713594133481973,1.6690939774145463,3.079818202817771,0.0014200590463410764,1.0000000346039837,0.23069322450447294,1,-3.210121224423697,-4.285871616459397,5.362722972268469,-2.2143635118469396,-0.015449033644071188,1.000000000963474,0.006422079056558209,0
19.78,-0.0037536191453482674,0.004731690274615017,-1.8819787377805097e-09,0.2889129981805341,0.14154700084641766,0.31294737350918184,0.4546296086244946,0.0006904905913731318,1.000002992799495,19.95199018074673,1,0.5356949245259404,0.49345609770727017,0.7198397795969934,0.7474642534477278,-0.0005963434150813935,1.0000003998790812,2.6658605406936084,1,-0.005300141383469171,-0.9966261939220236,1.0008338808247437,-1.5838396103472947,0.001058462029373493,1.000000145764777,0.971765016182127,1,-1.66164919301249,0.01468594270516515,1.669436261939565,3.1352650926747603,0.0014192708495798852,1.0000000343375361,0.22891690760238942,1,-3.165895520111741,-4.3159210070370975,5.360487422920284,-2.2043901891014244,-0.015511861460204512,1.0000000009645953,0.006429555261560201,0
19.8,-0.0037536191511214007,0.004731690273689438,-1.8854972774068335e-09,0.14043079906467995,0.32098446600075176,0.3435087538153014,1.1741090122725744,0.0006951436954967249,1.0000031424674949,20.94977684649114,1,0.42482845725213214,0.5918490002055933,0.7206777434131366,0.9535584147699927,-0.0005469340581610419,1.0000004000570695,2.667047130392219,1,0.12004330173495165,-0.9881412703928338,0.9986298645788958,-1.4580713544459172,0.001279788293185556,1.0000001462587458,0.9750581421635525,1,-1.6595195603221424,-0.07780059023157763,1.6692434913279746,-3.0924781278814764,0.0014161363806005063,1.0000000341007713,0.22733847510007327,1,-3.1213444556730505,-4.3455275084648965,5.358235483244808,-2.194408523390315,-0.015586893673628237,1.0000000009657282,0.00643710782562983,0
19.82,-0.003753619157670368,0.004731690272718321,-1.8890937095866756e-09,-0.062176815245968554,0.3830332692399854,0.38523955144491195,1.7531072847675673,0.0006886058488876056,1.0000031394514686,20.929670004406862,1,0.2964234451641679,0.6655377142388258,0.7216481618624879,1.159134300835778,-0.0005507602164072876,1.000000400043539,2.6669569271398115,1,0.2436052632602947,-0.9639437058249642,0.996456857914975,-1.3317501506374891,0.0014755862745168373,1.0000001468089637,0.9787262612257248,1,-1.6517307789968112,-0.17000960245325386,1.668516173344398,-3.037005276072416,0.0014096301580918435,1.00000003389384,0.22595893306114126,1,-3.076472198269434,-4.374687520231524,5.355967366615026,-2.184418438593919,-0.015675074139174662,1.0000000009668726,0.006444736378032674,0
19.84,-0.003753619162495194,0.004731690271742364,-1.892763896137184e-09,-0.24866031746399372,0.34155915447296975,0.4236623020623988,2.220472227647398,0.0006788886350821188,1.0000030399809277,20.266533065058653,1,0.15592382887947087,0.7115363129376089,0.7227098888632063,1.3641300653174302,-0.0006105826791522757,1.0000003998400677,2.665600450987927,1,0.36340406359026245,-0.9243162419061929,0.9943495996976133,-1.204884660331555,0.0016432299620151348,1.0000001474075306,0.9827167076355721,1,-1.638302079641781,-0.261627197296154,1.6672561277536084,-2.9814660871738505,0.0014000496222364813,1.0000000337168802,0.22477920052592684,1,-3.0312829560912125,-4.403397475050713,5.353683278965655,-2.174419860609196,-0.015772116729069613,1.000000000968028,0.006452440546204906,0
19.86,-0.0037536191653806676,0.004731690270784104,-1.8964915176472585e-09,-0.3835517075735646,0.22969684423485087,0.45146381856712575,2.6186773289965153,0.000670440992108093,1.0000028972555137,19.31503030518426,1,0.0092372197427735,0.7280485608803737,0.7238182516018854,1.568509001746634,-0.0007185625684416893,1.000000399456433,2.663042887569439,1,0.477493669024076,-0.8697962516076977,0.9923422186226393,-1.0774925919786529,0.0017814047745963945,1.0000001480455836,0.9869703936571902,1,-1.619266582103473,-0.35233980490820294,1.6654664957294332,-2.925824967390298,0.0013877045586149022,1.0000000335700228,0.22380015126555583,1,-2.985780978224923,-4.43165383933115,5.351383427128069,-2.164412717094204,-0.015875249246447207,1.0000000009691952,0.00646021995601025,0
19.880000000000003,-0.0037536191666795605,0.004731690269854632,-1.9002607066012644e-09,-0.45205146860860407,0.07876912581397509,0.4655901824034011,2.9808670336641545,0.0006636857847443493,1.0000027441264134,18.294169636795054,1,-0.13752301683897783,0.7145237072894217,0.7249270032510748,1.7722605915355556,-0.000861621177388222,1.0000003989099608,2.659399738206648,1,0.5839978648706906,-0.8011729811457162,0.9904676397915846,-0.9496006797320669,0.001889426125956427,1.000000148713395,0.9914224703976033,1,-1.5946714282039187,-0.44183436510468965,1.663151749773249,-2.8700462868649925,0.001372782668238858,1.0000000334533974,0.22302264949067843,1,-2.939970554515323,-4.45945311364977,5.349068020290044,-2.154396936836657,-0.01598309485328857,1.0000000009703733,0.006468074230111141,0
19.900000000000002,-0.0037536191666847855,0.0047316902689597444,-1.904057740469145e-09,-0.44904181555797906,-0.08394473038498879,0.46498312805129766,-2.950687711527138,0.0006577641176307195,1.0000026008797853,17.33919211570409,1,-0.2782956364063448,0.6716572631103516,0.7259902817423923,1.9754003756720457,-0.0010236881405035264,1.0000003982245713,2.654830475575055,1,0.6811447251711148,-0.7194798042802099,0.9887569824247014,-0.8212444779460454,0.001968169699095091,1.000000149400501,0.9960031773938538,1,-1.5645779694518798,-0.5297985324162443,1.660317709337706,-2.814094369821597,0.0013555082588109187,1.0000000333671368,0.22244757951389957,1,-2.89385601542206,-4.4867918332285575,5.346737269412381,-2.144372449526171,-0.016094659534420703,1.0000000009715626,0.0064760029859398235,0
19.92,-0.003753619165516399,0.004731690268102528,-1.9078698273999883e-09,-0.37473334491425014,-0.23265095884769996,0.4496826133617203,-2.586582276774972,0.0006522179109340893,1.0000024829947984,16.553292203237024,1,-0.4073181633819643,0.6013404188776829,0.726964485029115,2.177968751474062,-0.001188016110269931,1.0000003974295884,2.6495305889768956,1,0.7673005473746698,-0.6259812593362665,0.9872389648689675,-0.6924679581271852,0.0020204157861086146,1.000000150095857,1.0006388848024461,1,-1.5290620084475584,-0.6159209112834372,1.6569715623130055,-2.7579334889069056,0.001336263762095382,1.0000000333113805,0.2220758696985465,1,-2.847441731871174,-4.513666568414822,5.344391386717787,-2.1343391857590204,-0.01620877139966405,1.000000000972763,0.006484005833744358,0
19.94,-0.0037536191631215,0.0047316902672836555,-1.911683528491026e-09,-0.23483519941771056,-0.3398214619904065,0.4208613899881152,-2.1841120826815614,0.0006477757844733205,1.0000024072993066,16.048655591253386,1,-0.519353075917331,0.5065637053970337,0.7278099921798982,2.380028834968717,-0.001340035042547589,1.0000003965583821,2.6437225473761266,1,0.8410023356011982,-0.5221548028814637,0.9859393333507066,-0.5633229011292457,0.0020507928804037595,1.0000001507880225,1.0052533212220958,1,-1.4882140921607496,-0.6998913295631146,1.653121891736724,-2.7015278645784626,0.0013156810196772982,1.0000000332862766,0.22190851144936463,1,-2.8007321151014697,-4.540073925164846,5.342030585540161,-2.124297077151469,-0.016323699873467584,1.0000000009739745,0.006492082374985044,0
19.96,-0.003753619159334325,0.004731690266499652,-1.9154834732248993e-09,-0.045358299278472354,-0.37379714475495157,0.38181434025250505,-1.7093124580025278,0.0006457473296219448,1.00000239827583,15.988499079801333,1,-0.6098863895738801,0.3912816622640388,0.7284926756343827,2.5816635481907166,-0.0014693359149516511,1.0000003956469292,2.6376461942222442,1,0.9009878692142858,-0.4096674050841528,0.9848803313331034,-0.43386808572545676,0.0020657361655263603,1.0000001514653698,1.0097689685319644,1,-1.4421398546333857,-0.7814011588508691,1.6487787073787081,-2.644841670671307,0.0012947423124053251,1.0000000332919858,0.22194657267114948,1,-2.7537316165057026,-4.566010545530629,5.339655080691244,-2.1142460565450207,-0.01643667306426508,1.0000000009751968,0.006500232201613618,0
19.98,-0.0037536191542549427,0.004731690265738195,-1.919252758456058e-09,0.15579669368911092,-0.30186543313141323,0.34034659274236084,-1.1193514587113738,0.0006468645452429074,1.0000024919855435,16.61323050354222,1,-0.6752934842863904,0.2602457694467122,0.7289851647600093,2.7829720938931874,-0.0015696658782971004,1.0000003947323524,2.631549015596154,1,0.9462223932784651,-0.2903473203432936,0.9840802261831069,-0.3041682842379463,0.002073644307265979,1.0000001521163133,1.0141085931449036,1,-1.3909604060665701,-0.8601436905502545,1.6439534825349162,-2.587839047161048,0.0012748588596074263,1.0000000333286805,0.22219120382016996,1,-2.7064447274662573,-4.591473108149323,5.337265090136328,-2.1041860582949905,-0.016543441124206876,1.0000000009764303,0.006508454896619023,0
20.0,-0.003753619149656992,0.004731690264970821,-1.9229812239091038e-09,0.2954947948956864,-0.11380739656993806,0.31152645869376566,-0.38922590382879535,0.0006523223957405123,1.0000027118508297,18.078999078344705,1,-0.7129687090900864,0.11881289107362508,0.7292678328419547,2.984065973104873,-0.0016399623860058365,1.000000393851495,2.6256766337504693,1,0.9759210201130138,-0.1661515796403752,0.9835529098812164,-0.17429308631026305,0.002083418731580575,1.0000001527295546,1.018196867331382,1,-1.334812764576396,-0.9358145769601401,1.6386591965849273,-2.5304841201956987,0.001257376004416415,1.0000000333965455,0.22264363618458127,1,-2.6588759791846286,-4.6164583287352325,5.334860839669971,-2.094117018292146,-0.016640298772598452,1.0000000009776746,0.006516750034614312,0
20.02,-0.0037536191497880614,0.004731690264160069,-1.9266882074139846e-09,0.2930342736877593,0.1295349620593241,0.3119911090509271,0.4125903380920921,0.0006617419096978097,1.0000029803945616,19.86929062508487,1,-0.7214166130439187,-0.02726381854965292,0.7293294861017617,-3.0981206212055934,-0.0016951497408648126,1.0000003930395687,2.620263790701748,1,0.9895660390142166,-0.039129953273672885,0.9833075937101682,-0.044315579604320164,0.0020966461929973227,1.0000001532943255,1.0219620072170705,1,-1.2738503259419696,-1.0081123469595141,1.6329103787826238,-2.4727410282835796,0.001241764629834585,1.000000033495776,0.22330517283494333,1,-2.611029942504272,-4.6409629605752505,5.332442567853182,-2.0840388725283163,-0.016731951507714372,1.0000000009789296,0.006525117178895676,0
20.040000000000003,-0.0037536191553523184,0.004731690263301605,-1.9304225509775286e-09,0.15003069839008598,0.3145557294063649,0.34142303971341686,1.139108647549582,0.0006671565094495013,1.0000031386563888,20.924369473054607,1,-0.7003035903198626,-0.17205499425443654,0.7291677420879575,-2.8970940765195166,-0.0017624893368315896,1.0000003923289023,2.6155260143669667,1,0.9869184895107463,0.08861369022124735,0.9833486108923447,0.08568908403202616,0.002106396528249417,1.0000001538006367,1.0253374151032444,1,-1.2082433654949447,-1.0767390062289768,1.6267231428340752,-2.414573961082318,0.0012263192220539007,1.0000000336265757,0.22417717183178631,1,-2.562911227727721,-4.664983795029281,5.330010516699553,-2.073951555007937,-0.016828780462580156,1.0000000009801955,0.006533555874369679,0
20.060000000000002,-0.0037536191618986227,0.004731690262433193,-1.9342107420924903e-09,-0.0518001316977694,0.38290805907914804,0.3829922208308235,1.7252819414695086,0.0006649939296269321,1.0000031426405913,20.95093082233162,1,-0.6504693631049123,-0.30967990823241676,0.7287891049656947,-2.6959177938052474,-0.0018466684428710678,1.0000003917478146,2.6116520969243773,1,0.9680235517158762,0.21496157000051197,0.9836753141906063,0.21564519495655957,0.0021120676758930915,1.000000154239516,1.028263277014703,1,-1.1381795649718442,-1.141400732292852,1.6201152266366214,-2.3559472218165403,0.001211810659844103,1.000000033789153,0.22526102032637554,1,-2.514524484429513,-4.688517662035377,5.327564917145298,-2.06385499938601,-0.016930671559662294,1.000000000981472,0.006542065643497802,0
20.080000000000002,-0.003753619166760352,0.004731690261590204,-1.938042521604233e-09,-0.24030825839327663,0.3461673314587947,0.42183024414492115,2.19749751662823,0.0006587457226247149,1.0000030467954162,20.31196298801571,1,-0.5738981767818166,-0.4345300362245479,0.7282087356844239,-2.494475505482732,-0.0019285117350765543,1.0000003913196212,2.608797474642709,1,0.9332095451412683,0.3378225844380338,0.9842820769640158,0.3454780019431719,0.0021181790941127566,1.0000001546032156,1.0306879408099545,1,-1.0638645557276354,-1.2018086749551422,1.6131060509192698,-2.296825302706699,0.001200295704627592,1.0000000339837145,0.22655809736830249,1,-2.465874401264516,-4.711561430617642,5.325105994428357,-2.053749141490935,-0.017031612535036707,1.000000000982759,0.00655064598695081,0
20.1,-0.003753619169656523,0.004731690260788429,-1.9418957891356725e-09,-0.3784683730668611,0.23723869220255953,0.4503034254428126,2.5984799630917657,0.0006519112925331175,1.000002905401194,19.36933484177668,1,-0.4736499921959005,-0.5414852369135333,0.727449908909307,-2.292660978723005,-0.001980378320816653,1.0000003910617907,2.607078605310345,1,0.8830805751999062,0.4551721432537449,0.9851584156703358,0.47511519365977595,0.0021275764504251676,1.0000001548853903,1.032569105605935,1,-0.9855224681678578,-1.2576798727473186,1.6057167769043548,-2.2371729699219776,0.001193373916880743,1.000000034210459,0.2280697257821353,1,-2.416965705770724,-4.734112009396139,5.322633977085718,-2.0436339192228834,-0.017127393495655056,1.0000000009840566,0.006559296384467468,0
20.12,-0.003753619170937843,0.004731690260030767,-1.9457503368930373e-09,-0.4507206691499314,0.08768068872316255,0.46520137248949317,2.9619105392324228,0.000645615001305654,1.000002752241614,18.348270973011026,1,-0.3537524797694296,-0.626116181673876,0.726543170014439,-2.09038215166626,-0.001974881369735393,1.0000003909852686,2.6065684573434464,1,0.8185031086917752,0.5650901166983939,0.9862892232695595,0.6044883076744033,0.0021406836739174535,1.0000001550812403,1.0338747717941108,1,-0.9033964752794369,-1.3087382955902285,1.5979703575247834,-2.17695536760926,0.0011922379193797558,1.0000000344695679,0.22979711843975004,1,-2.367803164166509,-4.756166347098778,5.320149099155951,-2.0335092718123744,-0.01721586080406264,1.0000000009853645,0.006568016296349485,0
20.14,-0.0037536191709101876,0.0047316902593139455,-1.9495900102639574e-09,-0.45158565416506863,-0.07506098683288473,0.46539140945430907,-2.9696589251204486,0.0006393394165717274,1.0000026080581028,17.38704756548457,1,-0.21905538550529746,-0.6848662870677915,0.7255252129262283,-1.8875648788523944,-0.001893344084118748,1.0000003910939865,2.6072932442361343,1,0.7405869861538896,0.6657958773434922,0.9876551001069613,0.7335340242401218,0.00215643762090283,1.0000001551876094,1.0345839000099377,1,-0.8177493155209777,-1.3547160232111468,1.5898915852133129,-2.1161381448592116,0.001197970461658007,1.0000000347611986,0.2317413237989296,1,-2.318391581142163,-4.77772143307441,5.317651599747501,-2.0233751394311716,-0.017295891291565394,1.000000000986683,0.006576805167244495,0
20.16,-0.0037536191697082827,0.004731690258631667,-1.9534016253500153e-09,-0.3810193452706281,-0.22519457478264143,0.450861165396658,-2.606827674504539,0.0006323661486850948,1.0000024884254075,16.589496263387673,1,-0.0750499476099474,-0.7152060251449077,0.7244375045153401,-1.6841561444076527,-0.0017328287905879762,1.0000003913845847,2.6092305644076244,1,0.6506615698967527,0.7556795580890824,0.9892327701546119,0.8621953082467857,0.002173116661800797,1.0000001552030384,1.034686759370499,1,-0.7288637773782691,-1.395354568449356,1.581507135334457,-2.054687606579906,0.0012115988816141425,1.0000000350854747,0.2339031648795776,1,-2.268735799644978,-4.798774297806292,5.31514172235397,-2.0132314630513988,-0.017366786649858322,1.0000000009880115,0.006585662431795887,0
20.18,-0.0037536191672928954,0.004731690257975361,-1.9571734059808943e-09,-0.24436278415900967,-0.33536149999074133,0.4227077207012966,-2.2071801911931956,0.00062490514231915,1.0000024099453504,16.066295882989337,1,0.07234246575090673,-0.7157522947708524,0.7233246895968714,-1.4801265947616324,-0.00150730816795758,1.0000003918463696,2.612309129915118,1,0.5502478708141442,0.833328835436156,0.990995568400359,0.990422372201955,0.0021890978995461378,1.0000001551277686,1.0341849619018448,1,-0.637043125309752,-1.4304063543210064,1.572845603444332,-1.992570889256767,0.0012340095840368945,1.0000000354424736,0.23628315797311306,1,-2.2188407006569038,-4.819322013425563,5.312619714333789,-2.0030781844324084,-0.017427854391589594,1.0000000009893502,0.006594587520407768,0
20.2,-0.0037536191635046978,0.004731690257333011,-1.9608935811904482e-09,-0.0568502153998244,-0.3741349429465356,0.3840661551415895,-1.7372935103484302,0.0006184218416769617,1.0000023965266729,15.976838033480501,1,0.2170064889825755,-0.6863457318383979,0.722232820755818,-1.2754722396832539,-0.001241921047893334,1.000000392461541,2.6164102736874986,1,0.4410275883596294,0.8975507546065168,0.992913983197133,1.1181734427298105,0.002203807505252479,1.0000001549637036,1.0330911950585613,1,-0.542611444619759,-1.4596363525819425,1.563937535269538,-1.9297561632110478,0.0012659604950265794,1.000000035832211,0.2388814061612816,1,-2.1687112029639923,-4.839361694225001,5.3100858267168505,-1.992915246220761,-0.017477868617105086,1.000000000990699,0.006603579863579237,0
20.220000000000002,-0.0037536191584104962,0.0047316902566849565,-1.9645504832285776e-09,0.14519898071097026,-0.308540820257432,0.3424159203063016,-1.1545584689339288,0.000616761237792471,1.0000024837459291,16.55829974122739,1,0.352885595081256,-0.6280796112272398,0.7212074704444948,-1.0702151762686491,-0.0009650470302348463,1.0000003932057036,2.6213713569954002,1,0.3248100347811596,0.9473883269138319,0.9949562361464065,1.2454153225592162,0.0022188556371323435,1.000000154714326,1.0314286779757427,1,-0.44591388016079764,-1.4828238889821987,1.554815448398184,-1.8662128635499315,0.0013082572849361768,1.0000000362546213,0.24169747519506823,1,-2.1183522629172433,-4.858890497173583,5.307540315083693,-1.9827425921788884,-0.017514475412914735,1.000000000992058,0.006612638894489579,0
20.240000000000002,-0.003753619153644833,0.004731690255996922,-1.9681399253401732e-09,0.2905200082646049,-0.1259844050317433,0.3124393667428802,-0.4313871267981761,0.0006243441342185672,1.0000026974733216,17.983149025188656,1,0.4742415053804535,-0.5432754996890792,0.7202918025183582,-0.8644032159664448,-0.000699991985254196,1.0000003940486641,2.626991093589328,1,0.20349789984554928,0.9821318351270616,0.9970888811165978,1.372123747965766,0.002236864514644915,1.0000001543845811,1.0292303786715837,1,-0.34731674033962456,-1.4997646170591215,1.5455138447917043,-1.8019119511419672,0.0013614070376676475,1.0000000367095387,0.24473025776485094,1,-2.067768874184579,-4.877905622432298,5.304983443403068,-1.9725601672703594,-0.01753579968879857,1.0000000009934267,0.0066217640497241975,0
20.26,-0.0037536191534120584,0.004731690255225812,-1.971687245763687e-09,0.29669312965795647,0.11726866651637363,0.31112582594799176,0.3703006487253265,0.0006365647572159016,1.0000029676038396,19.784019144492746,1,0.5759082559453075,-0.435403110392977,0.7195246877970056,-0.6581083488286522,-0.00046022316135140896,1.0000003949555938,2.6330372919159304,1,0.07905275278996503,1.001324967013211,0.999277405914691,1.498283545359266,0.002252078775205356,1.0000001539807302,1.026538038112796,1,-0.24720743445283452,-1.5102726588375543,1.5360692110121248,-1.7368262011725784,0.0014233531732641355,1.0000000371966735,0.2479778235275533,1,-2.016966067493749,-4.896404313872295,5.30241548943059,-1.9623679163944332,-0.017548411048067432,1.0000000009948053,0.006630954765842323,0
20.28,-0.0037536191587857082,0.004731690254361019,-1.975249945378177e-09,0.15943471481265095,0.307704392629424,0.3393725173123974,1.1036687844788715,0.0006464262386305319,1.000003134344877,20.89562606104023,1,0.6535278408180349,-0.3089448162372583,0.7189389379905254,-0.4514240049108599,-0.00026607192292330185,1.000000395888461,2.6392564062224,1,-0.046538916328283636,1.0047660517681911,1.001486831878944,1.6238885993941667,0.002249042868001951,1.000000153510182,1.023401049122971,1,-0.14599420860613124,-1.5141829065970074,1.5265199909650533,-1.6709305185608174,0.0014893608307736345,1.0000000377155882,0.25143725452944793,1,-1.9659489103670889,-4.914383859597185,5.299836737129686,-1.9521657819928393,-0.01756634436088581,1.0000000009961936,0.006640210470736939,0
20.3,-0.003753619165401644,0.00473169025343755,-1.978866470860041e-09,-0.04140694417199627,0.3824086054061027,0.38073535045233053,1.6971134648212582,0.000649437740182724,1.000003145514382,20.9700894277519,1,0.7037541215024211,-0.16920884252201662,0.7185597649853769,-0.24446116983117272,-0.00011957346838752563,1.0000003968076387,2.645384258579493,1,-0.17129843244317902,0.9925047935960084,1.003682301861547,1.7489416686230432,0.0022235506500222096,1.0000001529813085,1.0198752275550425,1,-0.044105643021493356,-1.5113534742432282,1.5169065265037631,-1.6042022932651272,0.0015570379942674347,1.0000000382656704,0.2551044692156212,1,-1.914722506850069,-4.931841592469879,5.297247459946903,-1.9419537051090558,-0.017593754848918834,1.0000000009975918,0.006649530577382787,0
20.32,-0.0037536191704224007,0.0047316902524921906,-1.982537888196856e-09,-0.23183719219005386,0.35050131843626914,0.41996693853023254,2.1743084691102452,0.0006460408865806366,1.0000030534569373,20.356373128723952,1,0.724412579477985,-0.022098879325616914,0.7184035723950655,-0.03734354444708838,-3.0142738938963207e-06,1.0000003976737073,2.6511580485270416,1,-0.2932858963314134,0.9648349793630517,1.0058296284503518,1.873454068959429,0.002181826727228621,1.0000001524032514,1.0160215131907995,1,0.058010128506077036,-1.5016682802201624,1.5072709860021103,-1.5366217924067023,0.0016260518161478408,1.0000000388461054,0.25897403569240013,1,-1.863291997233799,-4.94877489064165,5.29464792275622,-1.931731628135114,-0.01762773940309326,1.0000000009989993,0.006658914483828324,0
20.34,-0.0037536191734902635,0.004731690251544235,-1.9862519962110525e-09,-0.37322427337215947,0.2445977773813956,0.44910304529319683,2.578166210868333,0.0006400286224121907,1.0000029134927522,19.423278561786866,1,0.7146056211446791,0.12614869223984568,0.7184771586127151,0.16979802598123053,9.981692709694515e-05,1.0000003984493138,2.6563287580480672,1,-0.4106289512660288,0.922283681924873,1.0078957989863742,1.9974452292204956,0.002128978275152149,1.0000001517857289,1.0119046960236888,1,0.15988651724660982,-1.4850397365278951,1.4976572703837039,-1.4681725735345452,0.0016957803838804116,1.0000000394558461,0.26303897475778915,1,-1.8116625577702585,-4.965181178082293,5.292038390332734,-1.9214994950757116,-0.017666695995030568,1.0000000010004164,0.006668361573918992,0
20.36,-0.0037536191749451314,0.004731690250601661,-1.9899975096590583e-09,-0.44921495980593135,0.09648769782194416,0.46476989382775713,2.942911638624451,0.0006342839785194489,1.0000027603636041,18.40241757466329,1,0.674756390729095,0.26924601906979395,0.7187773793313059,0.37683155313910005,0.0001963463352487864,1.0000003991009694,2.660673128996802,1,-0.5215490652572203,0.8655974915846824,1.009849438661042,2.1209421456477475,0.002067617511739197,1.0000001511388548,1.0075922026034958,1,0.26103993621074023,-1.461411510006894,1.4881108810847796,-1.3988419181122174,0.001765079253282518,1.0000000400935833,0.267290555927333,1,-1.7598394003798021,-4.981057925111678,5.289419129587256,-1.9112572509336967,-0.017710865971671617,1.0000000010018428,0.006677871216992384,0
20.380000000000003,-0.0037536191750971717,0.0047316902496679055,-1.9937661417668284e-09,-0.45395517952349523,-0.06620885668147604,0.4657576296627491,-2.98860731143939,0.0006290152398923774,1.0000026152886317,17.435251091420703,1,0.6065880975353696,0.40113787477412394,0.7192912925563367,0.5836299829475942,0.00028518419178309555,1.0000003996006661,2.664004440380255,1,-0.6243851560028347,0.79572629672923,1.011661228144904,2.2439787640603313,0.001999626087435791,1.0000001504729592,1.003152898315392,1,0.36097165298571565,-1.4307613126669887,1.4786787481158845,-1.3286212831510018,0.001832609613155516,1.0000000407577136,0.27171809147834003,1,-1.7078277723509279,-4.996402648932787,5.28679040882525,-1.9010048414004745,-0.01776117813373972,1.0000000010032786,0.006687442767525443,0
20.400000000000002,-0.0037536191740863032,0.004731690248744917,-1.997551235533024e-09,-0.38714623853477353,-0.2176926765064346,0.45200139514083754,-2.626979089690058,0.0006236126655595831,1.0000024939552634,16.62636197001565,1,0.5130402700293945,0.516272813272218,0.7199967783494267,0.7900769883260476,0.0003584580513972449,1.000000399927206,2.666181374136735,1,-0.7176144823620576,0.7138051005340645,1.0133042747481353,2.3665953082617492,0.001926648381189032,1.0000001497984188,0.9986559625600767,1,0.4591700731350028,-1.3931036678214523,1.469409017046395,-1.2575067635471069,0.0018970815058362708,1.0000000414463102,0.2763087347099087,1,-1.6556329560322591,-5.011212914166154,5.284152496652104,-1.8907422128215983,-0.017818484847672726,1.0000000010047234,0.006697075565037448,0
20.42,-0.003753619171876873,0.004731690247833712,-2.001345820838718e-09,-0.2537733805729006,-0.3307669873009035,0.4245249562429293,-2.2300622269301695,0.0006185643637701874,1.0000024127569473,16.08503986290764,1,0.3981275893529214,0.6098466985811809,0.720863592870208,0.9960721458176518,0.00040569678403859,1.000000400067161,2.667114406396556,1,-0.7998708046090593,0.6211343085522784,1.0147544363570715,2.488837569723937,0.0018501787120343582,1.000000149125505,0.9941698706486763,1,0.5551134825620966,-1.3484925885052101,1.460350792610794,-1.1854995552154355,0.0019574275903264365,1.0000000421570936,0.2810472898853326,1,-1.6032602685166095,-5.02548633338537,5.281505661100516,-1.8804693123173923,-0.01788302405685991,1.0000000010061774,0.00670676893419586,0
20.44,-0.003753619168306233,0.004731690246932896,-2.0051409612559246e-09,-0.0683258220068839,-0.37424158352116105,0.38630982245781764,-1.7649677828845496,0.0006160108508110201,1.0000023950448784,15.966959403456736,1,0.26675053885438976,0.6780063091747827,0.7218547884992154,1.201535222772867,0.0004188673301767849,1.000000400015406,2.6667693732567033,1,-0.8699598746736277,0.5191588625497238,1.0159905987724553,2.6107561718806944,0.0017718768630929549,1.0000001484642467,0.9897614817051738,1,0.6482732686464985,-1.297024094585044,1.4515538369479146,-1.1126064073081032,0.0020129940701289137,1.0000000428874063,0.28591604251762365,1,-1.5507150613170981,-5.039220567653478,5.278850169167408,-1.8701860880370424,-0.017953789252551075,1.0000000010076404,0.006716522185439082,0
20.46,-0.003753619163401203,0.004731690246034245,-2.0089254842980964e-09,0.13441088412371582,-0.31493814994728797,0.34451911595058193,-1.1893659586091816,0.0006183363156159399,1.0000024758672545,16.50577524382918,1,0.12446966618768637,0.7180039731647687,0.7229284117523392,1.4064093812919376,0.0003977540989686847,1.0000003997752152,2.6651681013187747,1,-0.9268723561538962,0.40944653337304776,1.0169949083117353,2.732405819964184,0.0016942628008305028,1.000000147824309,0.9854952303413481,1,0.7381176285694371,-1.23883848574458,1.443068221768378,-1.0388400501678887,0.002063807812379479,1.000000043634193,0.2908946193023616,1,-1.498002720035239,-5.052413327059646,5.276186287450758,-1.8598924895731526,-0.018027795016699256,1.0000000010091123,0.006726334617080716,0
20.48,-0.003753619158652689,0.004731690245115238,-2.0126926522992528e-09,0.28509302636417816,-0.13804582431798126,0.31343868285112503,-0.4733219819918855,0.000626364049564489,1.0000026832671758,17.888441386204676,1,-0.022743395973879976,0.7282978790642003,0.7240393790655925,1.6106631934485882,0.00035075905356362437,1.0000003993579343,2.662386228378056,1,-0.9697942939803065,0.2936656238186965,1.017752961231654,2.853844545398864,0.0016204069724427305,1.0000001472148872,0.9814324180852618,1,0.8241157589118051,-1.174122279934337,1.4349439366653338,-0.964219584145462,0.002110576752426576,1.0000000443939834,0.2959598885898837,1,-1.4451286640205478,-5.06506237125519,5.2735142858786315,-1.8495884683333905,-0.01810129261779653,1.000000001010593,0.006736205519329437,0
20.5,-0.003753619158193755,0.004731690244142826,-2.016461700740657e-09,0.29989014190030056,0.104755250347179,0.3103478129651457,0.32776482649001465,0.0006382885671756366,1.000002954461751,19.696405220736196,1,-0.16876485545932784,0.7085963667294973,0.7251414283591339,1.814291444280856,0.00027822479315692944,1.0000003987822808,2.6585485387308845,1,-0.9981152575416019,0.17356227520166817,1.0182539477458012,2.9751329500749284,0.0015478117198703702,1.0000001466446142,0.9776305979608829,1,0.9057425032141322,-1.103109721476916,1.427230459605749,-0.8887708104234102,0.0021529590378297574,1.0000000451628879,0.30108591868348705,1,-1.3920983460205871,-5.0771655099887,5.270834444384249,-1.8392739766795125,-0.0181777384093892,1.0000000010120822,0.006746134177068421,0
20.52,-0.0037536191634502908,0.004731690243113013,-2.0202833702839817e-09,0.1686385546558823,0.3004273391586457,0.33735534115623933,1.0677935339361366,0.0006480357888762685,1.000003129562701,20.863744887548354,1,-0.30757520976803493,0.6598477475766048,0.726189057876267,2.0173147711904487,0.000163198510094189,1.0000003980733412,2.653822274998377,1,-1.011434271365592,0.05093752148660713,1.0184907502238874,3.0963334438967958,0.001464988711384419,1.0000001461214811,0.9741430443164866,1,0.982483414684731,-1.0260837605283961,1.419976287613978,-0.8125264787559834,0.002188171805422864,1.0000000459366005,0.30624400300527965,1,-1.3389172518209491,-5.088720603641592,5.268147048557991,-1.828948965489387,-0.01826888230892371,1.00000000101358,0.006756119866945858,0
20.540000000000003,-0.0037536191701659036,0.004731690242067345,-2.024190306690321e-09,-0.030997162295378605,0.38152705257930963,0.37846788989041685,1.6686093310303336,0.0006527848128646291,1.0000031481055447,20.987363844649998,1,-0.43350240088884007,0.5841797730475052,0.7271393763945103,2.219778265556189,6.450063910230944e-06,1.0000003972613427,2.6484089515674816,1,-1.0095636269338062,-0.07237580547471745,1.018460013332017,-3.065675832707473,0.001365543174242873,1.0000001456527687,0.9710182959016508,1,1.0538401704373572,-0.9433764083545869,1.4132284178961787,-0.735526440884846,0.002214877135592616,1.000000046710413,0.3114027542883038,1,-1.2855908998763792,-5.099725563765476,5.265452372851995,-1.8186133846976937,-0.018376979898761355,1.0000000010150865,0.006766161853993817,0
20.560000000000002,-0.0037536191753285786,0.0047316902410496405,-2.028175551116451e-09,-0.22324331372790127,0.35455297303156896,0.4180720699875535,2.15091616223348,0.0006560750201441381,1.000003060000697,20.3999981951249,1,-0.5414428625480606,0.4847946524508941,0.7279537836820386,2.4217491886389566,-0.00017278879601521194,1.000000396380281,2.642535206566814,1,-0.9925306410033637,-0.19453624528823343,1.0181621861324925,-2.9444605385744933,0.001250818505497277,1.0000001452449878,0.9682997562633375,1,1.1193362508375009,-0.8553683803372263,1.4070318041019267,-0.6578177045873018,0.002234176642547694,1.000000047479243,0.31652828673558886,1,-1.2321248409336067,-5.110178353619712,5.262750680454845,-1.8082671862221662,-0.018495739903970323,1.000000001016601,0.006776259393445088,0
20.580000000000002,-0.0037536191784968607,0.004731690240084246,-2.0322164550126698e-09,-0.36781339079992803,0.25176681553246905,0.44786304527155224,2.557748455841794,0.0006602068540702279,1.0000029215650648,19.477093978928703,1,-0.6270537403874926,0.3658265371478197,0.7285994291938814,2.6233139441269517,-0.0003576224094026431,1.0000003954664705,2.6364431367988437,1,-0.960577392371137,-0.31371689581623086,1.0176015195040984,-2.823142726786153,0.0011234088189834212,1.0000001449038256,0.9660253405393868,1,1.178522775305265,-0.7624879506210127,1.4014288095874796,-0.5794543612425485,0.002247565625344137,1.000000048237674,0.32158449454922095,1,-1.1785246576447066,-5.120076988707969,5.260042232543091,-1.7979103246054298,-0.01861946181766662,1.0000000010181238,0.006786411732622283,0
20.6,-0.0037536191799992114,0.0047316902391814995,-2.0362902475312694e-09,-0.44752718103384304,0.10518416756348015,0.4642968784475539,2.9238820328836534,0.0006639194166741318,1.0000027685254338,18.45682977279417,1,-0.6869115027282393,0.2321687643407407,0.729050424919193,2.824574466263802,-0.000537484672035156,1.0000003945570555,2.63038036983808,1,-0.914158432863307,-0.42812856507607544,1.0167860224536247,-2.7016603724402954,0.0009861579597073692,1.0000001446340985,0.9642271605508305,1,1.2309843659642608,-0.6652089607267191,1.3964586585496246,-0.5004973695670152,0.0022563329202352706,1.0000000489800143,0.3265334278300213,1,-1.1247959641703358,-5.129419537314458,5.257327292118617,-1.7875427564827229,-0.018744245784084033,1.0000000010196548,0.006796618110146992,0
20.62,-0.0037536191801534257,0.004731690238344595,-2.0403769897606172e-09,-0.4561430630030276,-0.057392722757609,0.46608378799930705,-3.007523976921199,0.0006668962043599619,1.0000026226010097,17.48400027802207,1,-0.7186337759444124,0.08927807573964487,0.7292887893114924,3.0256441649596075,-0.0007129957956716736,1.0000003936885842,2.6245905607195725,1,-0.8539364325775447,-0.5360428280938834,1.0157273812502965,-2.5799534400847945,0.000843264754794184,1.0000001444397102,0.9629312389629827,1,1.2763448937643047,-0.5640479485615135,1.3921568953846046,-0.4210141902719528,0.0022616437214975802,1.0000000497003647,0.3313357652520076,1,-1.0709444057728952,-5.138204121040578,5.254606124477016,-1.7771644402255624,-0.018867040310644935,1.0000000010211938,0.006806877753428513,0
20.64,-0.0037536191791105655,0.00473169023757285,-2.04445872384329e-09,-0.39310740410852824,-0.21014813503567434,0.45310601332724126,-2.647032944849231,0.0006695055957353845,1.000002499608595,16.664050847509227,1,-0.7209624665349686,-0.0570373144560917,0.7293050874950132,-3.056541747779481,-0.0008988781508946875,1.0000003928957497,2.619304998636867,1,-0.7807756868977449,-0.635814908407527,1.0144408401579639,-2.457964645410637,0.0007012338358520671,1.0000001443236108,0.9621572425556815,1,1.3142729499353922,-0.45956039312276104,1.388554868340905,-0.34107826948541065,0.0022646364692804548,1.0000000503927067,0.3359513783193781,1,-1.0169756583997587,-5.146428915342458,5.251878997030351,-1.7667753358242875,-0.018985005083937172,1.0000000010227406,0.006817189875043819,0
20.66,-0.003753619176846668,0.004731690236862464,-2.048518014940992e-09,-0.26306136288820076,-0.3260400023407922,0.4263159649883239,-2.252762673688942,0.000671895986481691,1.0000024157507095,16.10499827708549,1,-0.693807114586574,-0.2008393307989798,0.7290987547395376,-2.8554895602155628,-0.001115721365576086,1.000000392210176,2.614734506083278,1,-0.6957333863523345,-0.7259062718620639,1.0129450418022867,-2.3356402162690917,0.0005697568987974054,1.000000144287759,0.9619182316894443,1,1.3444868804404884,-0.35233610273410515,1.3856792534746283,-0.2607683735447554,0.0022664811667128548,1.0000000510509965,0.3403399763579665,1,-0.9628954282567597,-5.154092150069666,5.249146179162282,-1.7563754049030544,-0.019095098263083334,1.000000001024295,0.006827553668169072,0
20.68,-0.0037536191732061882,0.00473169023620536,-2.052536691825313e-09,-0.07977911380539239,-0.37411896743411455,0.38854733679592285,-1.7923494874077786,0.0006751441726909091,1.0000023938378537,15.95891257166782,1,-0.6382480189568873,-0.33628515356602884,0.7286781158399902,-2.654263487569781,-0.0013811431902289453,1.000000391659276,2.611061838965282,1,-0.6000485323576585,-0.804906776832079,1.0112618246422842,-2.2129306501016273,0.00046261063080767694,1.0000001443330926,0.962220455069496,1,1.3667592236618853,-0.24299380920505823,1.3835516340067124,-0.18016778419458887,0.0022684524962987337,1.0000000516692724,0.34446181576643825,1,-0.9087094513723112,-5.161192110005381,5.2464079422883625,-1.745964610849663,-0.01919355592657245,1.0000000010258574,0.006837968301573968,0
20.7,-0.00375361916819045,0.0047316902355852486,-2.0564957800908723e-09,0.1234413576903868,-0.32105613679980827,0.34665621666690716,-1.2237923873081267,0.000680379511364508,1.000002468353336,16.45568245381617,1,-0.5564990952408259,-0.4578497927716952,0.7280601009946085,-2.452748986014345,-0.0017013214023882924,1.0000003912652768,2.6084351794154066,1,-0.4951283740703308,-0.8715561725241594,1.0094159737847623,-2.089791461341984,0.00039705024209485607,1.0000001444595044,0.9630632002754382,1,1.3809204025593294,-0.13217506476922858,1.382188148758611,-0.09936337016979757,0.002272046740289203,1.0000000522417678,0.34827845189340684,1,-0.8544234931527432,-5.16772713540778,5.243664560719292,-1.7355429191080052,-0.019275170197232086,1.000000001027427,0.006848432915757352,0
20.720000000000002,-0.0037536191631640835,0.004731690234970514,-2.060381852977966e-09,0.2792192133289056,-0.14997989338450135,0.3145235704796203,-0.5150367010376256,0.0006887778201866569,1.0000026692528539,17.795012572380585,1,-0.45183084624232167,-0.5605399783266751,0.7272696568953434,-2.2508424528631332,-0.002064714029303144,1.0000003910444089,2.6069627260616826,1,-0.38253224917767814,-0.9247646801662719,1.0074349248862284,-1.9661839061568198,0.0003894855154672585,1.0000001446658202,0.9644386387246086,1,1.3868615420392358,-0.020537570688662524,1.3815992219696458,-0.018444558344605632,0.00227885959818906,1.0000000527630262,0.35175350724401216,1,-0.8000433479293508,-5.173695622551667,5.240916315339281,-1.7251102975105819,-0.01933417266109488,1.000000001029004,0.006858946622405205,0
20.740000000000002,-0.0037536191621833515,0.004731690234316953,-2.0642081282121194e-09,0.3026132822886437,0.09200534182105868,0.30965777081698576,0.28497775275049486,0.0007007184099240096,1.0000029409891482,19.60658786833725,1,-0.3284543851957029,-0.6400929334911655,0.7263388571150621,-2.048455344892888,-0.002447140176210354,1.0000003910062538,2.606708358759961,1,-0.2639527375445277,-0.9636323304825446,1.005348424200169,-1.8420756667065323,0.0004422309678660162,1.0000001449497715,0.9663316471417456,1,1.3845363097134016,0.0912519063305262,1.3817893886249881,0.062497766897934307,0.0022892784455900476,1.0000000532280138,0.35485342466614767,1,-0.7455748384969053,-5.179096024268891,5.238163501097295,-1.7146667155347604,-0.019371983357676655,1.0000000010305883,0.0068695085063340145,0
20.76,-0.0037536191670267333,0.004731690233606293,-2.068022812891368e-09,0.17762571740024732,0.29272032376979285,0.3353712649708782,1.0314657993582976,0.0007107640200514088,1.0000031243141754,20.828754715860157,1,-0.19136827942776521,-0.6931531986864152,0.7253057127419473,-1.8455178876999356,-0.0028039284614928403,1.0000003911532551,2.6076883679719933,1,-0.14119407906564785,-0.9874666691685065,1.0031881409096666,-1.7174414777439573,0.0005337231799108997,1.0000001453079541,0.9687195311944833,1,1.3739617121421888,0.20252485312743462,1.3827572276400633,0.14337241106912527,0.0023017700979346945,1.0000000536322267,0.3575481775634511,1,-0.6910238156430785,-5.183926850487399,5.235406425497921,-1.7042121416288698,-0.0194003041390315,1.0000000010321797,0.006880117625324513,0
20.78,-0.003753619173584011,0.004731690232866786,-2.071861162668276e-09,-0.020582788030930284,0.38025203789539036,0.3761879833821449,1.6397575615003532,0.0007129564829692816,1.0000031504239324,21.00281976285752,1,-0.04617116494094878,-0.7174203082495398,0.7242126928946339,-1.6419822336186396,-0.0030324051279740226,1.0000003914803905,2.6098692696164556,1,-0.016147870848192455,-0.9957983886058631,1.0009872408458493,-1.5922636971460462,0.0006341693672572353,1.0000001457357504,0.9715715063247714,1,1.3552178160798471,0.31261837561031774,1.3844953886041447,0.2240890356977216,0.0023158284789687824,1.0000000539717877,0.35981191769475496,1,-0.6363961576696576,-5.188186668769282,5.23264539168116,-1.6937465429374934,-0.019423394523219804,1.000000001033778,0.006890773011625184,0
20.8,-0.0037536191786796923,0.004731690232131566,-2.075720532956904e-09,-0.2145356661025048,0.35830842615164105,0.41614366870316144,2.1273172536632554,0.0007084943183580771,1.0000030664432649,20.44294864666888,1,0.10115535408257816,-0.7117599851953782,0.7231049929584009,-1.4378248559015325,-0.0030190850658852347,1.000000391975091,2.6131672734140388,1,0.10923385078040514,-0.9883943985148039,0.9987799534693744,-1.4665328173456396,0.0007177821118831019,1.0000001462272556,0.9748482080294221,1,1.3284464045910431,0.4208824203014452,1.3869907041289786,0.30455929330874687,0.0023323603131428267,1.0000000542435277,0.3616235180428698,1,-0.5816977699062043,-5.191874104845212,5.2298806951281,-1.683269888060836,-0.0194367651997955,1.0000000010353831,0.00690147368232267,0
20.82,-0.0037536191817909947,0.0047316902314151355,-2.0795834229994647e-09,-0.3622424835425914,0.2587298075437549,0.4465816714903343,2.537227863983305,0.0007014140590225769,1.0000029296344668,19.53088999325847,1,0.2444871063861911,-0.6762718306021805,0.722028630755177,-1.2330479338358324,-0.00274979716994113,1.0000003926176315,2.617450876399283,1,0.23296792823792936,-0.9652678040477053,0.9966011142029091,-1.3402479080972303,0.0007779641759688543,1.0000001467753639,0.9785022635126549,1,1.2938486184734883,0.5266866682032544,1.3902244045458003,0.3846978968117568,0.002352090389455814,1.0000000544450487,0.3629669914804807,1,-0.5269345842143288,-5.194987843142261,5.227112632146759,-1.6727821478882663,-0.01943666578197325,1.000000001036995,0.006912218652454081,0
20.84,-0.00375361918323968,0.0047316902307186215,-2.083433814359381e-09,-0.44566059812243664,0.11375150858666366,0.46377961315141936,2.9048250562869367,0.000694562948956698,1.0000027767391573,18.511587929044058,1,0.3778125253494126,-0.6123074289204173,0.7210285183964255,-1.027679618802303,-0.002328409779535124,1.0000003933820163,2.622546775228251,1,0.3530714806020738,-0.9266842334292235,0.9944856289561415,-1.2134169680681606,0.000832594640773981,1.0000001473720284,0.98248002633257,1,1.251681668888119,0.6294269333111265,1.3941724267189028,0.46442360264454663,0.002375237533059037,1.0000000545747665,0.36383177698279934,1,-0.47211255848038336,-5.197526627305071,5.2243415039157695,-1.6622832950272743,-0.0194218004468811,1.0000000010386132,0.0069230069440751356,0
20.86,-0.0037536191833555358,0.004731690230037183,-2.0872602717394995e-09,-0.45814676685440253,-0.04863415550444563,0.46636456716225483,-3.0264017137767136,0.0006888133010215653,1.0000026300044293,17.533356409561534,1,0.4954919928155392,-0.5224344572875982,0.7201466121488354,-0.8217732283829816,-0.001884646705452608,1.0000003942370261,2.6282468403625825,1,0.4675949550108831,-0.8731639951594521,0.9924678572532075,-1.086057116318882,0.0009031517181995557,1.0000001480084324,0.986722719643965,1,1.2022547377213832,0.7285309225503859,1.3988057996660397,0.5436600829513729,0.002401669287964901,1.0000000546319323,0.3642128814384584,1,-0.4172376760953678,-5.199489260711864,5.221567616733498,-1.6517733033082693,-0.01939238505732329,1.0000000010402377,0.006933837589655818,0
20.880000000000003,-0.0037536191823032477,0.004731690229363762,-2.0910549047500893e-09,-0.39889132606549166,-0.20258498383591592,0.4541659727580696,-2.6669730311073447,0.0006837759260065121,1.0000025053966315,16.70263775691566,1,0.5925091032009726,-0.41034482758032825,0.7194201472775136,-0.615405391139631,-0.001500263643362929,1.0000003951473104,2.6343154033586957,1,0.5746562608192647,-0.805479629892279,0.990580969882572,-0.9581945759963403,0.0009983529483048744,1.000000148675,0.9911665048714127,1,1.145924205945026,0.823463243926808,1.4040910928726187,0.6223366661892471,0.002431041168122886,1.0000000546166312,0.36411087460824254,1,-0.36231594542169376,-5.200874606987072,5.218791281256739,-1.6412521475337822,-0.019349401692620546,1.0000000010418686,0.006944709630004913,0
20.900000000000002,-0.0037536191800707796,0.004731690228690226,-2.0948115698679604e-09,-0.27220235462253917,-0.32120421558743406,0.42806769470260186,-2.2752480369877994,0.0006791339835924279,1.000002418946647,16.12630452736473,1,0.6647006531252115,-0.2807080570423935,0.718879991367453,-0.408673095762742,-0.0012017170641993773,1.0000003960747141,2.640498094617812,1,0.6724752641192914,-0.7246485057260823,0.988856324823541,-0.8298644534697275,0.001115337705293154,1.0000001493614186,0.9957426278905293,1,1.0830883655649228,0.9137295832466328,1.409990913051959,0.7003889330847576,0.002462913798071581,1.0000000545297614,0.3635317429299077,1,-0.30735339924709504,-5.201681590512155,5.21601281155196,-1.630719803385568,-0.019294061686789148,1.0000000010435055,0.0069556221080213825,0
20.92,-0.0037536191765081867,0.004731690228006548,-2.098524159131754e-09,-0.09116962176966364,-0.3737830382798574,0.3907625698346894,-1.8193748851048963,0.0006757975671509817,1.0000023929446702,15.952958014615701,1,0.7089521672545492,-0.1389746881528927,0.7185492145253779,-0.20168966696728174,-0.0009791689332117506,1.0000003969798874,2.6465325831718087,1,0.7594078062039298,-0.6319202135921583,0.9873228710782086,-0.7011103226214171,0.0012469137261346152,1.0000001500567512,1.0003781792261597,1,1.0141817774779587,0.9988800045947364,1.4164644342008017,0.7777591619778719,0.0024969059532035215,1.000000054372992,0.36248661424528217,1,-0.25235609422649935,-5.201909196935798,5.2132325241655515,-1.6201762474761026,-0.01922714629551441,1.0000000010451482,0.00696657406040342,0
20.94,-0.003753619171590327,0.004731690227297142,-2.102185984315108e-09,0.11234361279091493,-0.3268885278410261,0.3488113122293985,-1.2577236035153536,0.0006756378445620351,1.0000024612811365,16.408534456483043,1,0.7233469326147121,0.008861731234706448,0.7184419841986883,0.005420181092611242,-0.000804107298156567,1.0000003978240783,2.652160523016699,1,0.8339783305605665,-0.5287586772869975,0.9860065832656867,-0.5719836136970265,0.0013872269982548153,1.0000001507496201,1.0049973052241452,1,0.9396694361017408,1.078511363603134,1.4234679453465608,0.8543966239883775,0.00253289126124395,1.0000000541487055,0.36099137065833675,1,-0.19733011031292588,-5.201556473683777,5.210450737754023,-1.6096214576089514,-0.019148064773240773,1.0000000010467969,0.006977564510088246,0
20.96,-0.00375361916655575,0.0047316902265338925,-2.105795009720024e-09,0.27293953028755813,-0.16174566537204274,0.31568643009562497,-0.5563529246884988,0.0006802077290668472,1.0000026555631616,17.70374795783116,1,0.7072588866462698,0.15653227348987103,0.7185628673208054,0.21252596005301433,-0.0006433208358075824,1.0000003985709707,2.6571398049278363,1,0.8949101568258551,-0.4168190862452122,0.9849299373202207,-0.4425428068008349,0.0015337635035621226,1.0000001514284227,1.0095226551800636,1,0.8600408929577977,1.1522688534751964,1.4309554003314073,0.9302577333603588,0.002570824918694384,1.0000000538599256,0.35906617040648503,1,-0.1422815501783525,-5.200622530467658,5.207667775279092,-1.5990554132009351,-0.019055167470057956,1.0000000010484509,0.006988592462469019,0
20.98,-0.0037536191653598523,0.004731690225677466,-2.1093738266503292e-09,0.30485977810088927,0.07906550907281505,0.30906439553569853,0.24212002486482795,0.0006891118155371175,1.0000029273036959,19.515351519579347,1,0.6613831345299724,0.29777551395485613,0.7189065925194156,0.4194973705873757,-0.0004785441881455729,1.0000003991884383,2.661256256093271,1,0.9411524377277155,-0.2979199704743268,0.9841114468496676,-0.3128524376046168,0.001681792485324772,1.0000001520815658,1.0138769419296383,1,0.7758044768339794,1.21984673031046,1.4388789573568501,1.0053060605991706,0.0026090490990848102,1.0000000535102351,0.35673490133574115,1,-0.08721653862455758,-5.19910653979071,5.204883970803694,-1.5884780948567585,-0.01895283141387735,1.0000000010501107,0.006999656905235252,0
21.0,-0.0037536191701063927,0.004731690224714057,-2.1129798943517186e-09,0.18637434574547054,0.28459764951522715,0.33343844985613713,0.9947912487505457,0.0006949475065287932,1.0000031186222997,20.79080887921933,1,0.5877020202673366,0.4266199842533512,0.7194582991371781,0.6262102703863451,-0.00031876051037577524,1.0000003996500757,2.664333837584973,1,0.9719028823939228,-0.174010952377489,0.9835652780074441,-0.18298192626791085,0.0018194715760991597,1.0000001526977178,1.0179846223041282,1,0.6874817293611974,1.280988285666766,1.447189507736099,1.0795122228270755,0.0026437493876033703,1.0000000531036881,0.3540245867647076,1,-0.03214122198287645,-5.19700773745059,5.202099669753686,-1.5778894817956437,-0.018856223572980866,1.0000000010517756,0.007010756805205488,0
21.02,-0.003753619176845946,0.004731690223679198,-2.116659174322688e-09,-0.010174425185972915,0.3785748508294894,0.37391322037669644,1.6106017999616005,0.0006935009708620281,1.0000031524333497,21.016215878433204,1,0.48938907374187,0.537650545642941,0.7201942570490809,0.8325522974967846,-0.00017937704834597188,1.0000003999364295,2.6662428634940345,1,0.9866254310263164,-0.047136910749445565,0.9833009381844647,-0.053004252512074496,0.001940592643538894,1.0000001532660667,1.021773615192206,1,0.5956021536814666,1.3354851500897114,1.4558371841567173,1.1528536809052268,0.0026732597788224955,1.0000000526447146,0.3509647632029175,1,0.02293823249696482,-5.194325423040555,5.199315211781185,-1.5672895510293565,-0.018774116714088733,1.0000000010534458,0.0070218911021084785,0
21.040000000000003,-0.003753619182230724,0.004731690222617288,-2.1204173885486233e-09,-0.20570949088566626,0.3617520157338211,0.4141946724867526,2.1035225254091965,0.0006882991176716221,1.0000030727276588,20.484844605868915,1,0.37065725814900546,0.6262444385736611,0.7210829804085002,1.0384278107027183,-6.577068996058224e-05,1.0000004000359124,2.66690608322994,1,0.9850622269817645,0.08060052848185383,0.9833230536510424,0.07700547060804691,0.002048061223147367,1.0000001537765635,1.0251769266831132,1,0.5006983517274709,1.3831760208154513,1.4647718188695042,1.2253144568313483,0.0026983056038530234,1.0000000521380288,0.34758685856588156,1,0.0780156372673897,-5.191058960448513,5.196530923790735,-1.556678280130976,-0.018705094924421045,1.0000000010551209,0.007033058708560281,0
21.060000000000002,-0.0037536191856381725,0.004731690221555479,-2.1242418206390834e-09,-0.3564959474060545,0.2654713829044163,0.4452667819605122,2.516600622169724,0.0006818836610379411,1.0000029376425004,19.58427688284949,1,0.23656133192419515,0.6887653601006734,0.7220866808340712,1.243761911870783,1.563882644670441e-05,1.0000003999452158,2.6663014395156934,1,0.9672394292158766,0.20708312003812634,0.9836312636096362,0.20697148308757038,0.0021459403793885373,1.0000001542201566,1.0281342141432468,1,0.4033016032285563,1.4239449109677247,1.4739433551134102,1.2968847757662532,0.002719589182098349,1.0000000515885388,0.34392359188783345,1,0.13308478511301972,-5.187207778351262,5.193747127061081,-1.5460556485700212,-0.01864701155808462,1.0000000010568009,0.007044258514059066,0
21.080000000000002,-0.0037536191873685284,0.0047316902205077355,-2.1281183421387184e-09,-0.44359350659418123,0.12217670450328667,0.4632223354274021,2.8857318800232745,0.0006755197917366337,1.0000027849535167,18.566350325345745,1,0.09276646321404025,0.7227072723854848,0.7231629875139961,1.448503374912482,5.50680098742925e-05,1.0000003996693052,2.664462035138356,1,0.9334666377043908,0.3302166076612736,0.984220229767079,0.3368188889403286,0.0022367562744503716,1.000000154589006,1.0305932112694274,1,0.30393791917113394,1.4577190177375574,1.4833022201161088,1.3675606549659063,0.0027372057153441124,1.000000051001262,0.3400084141540017,1,0.18813944979121597,-5.18277137070312,5.190964141514688,-1.5354216374568792,-0.018599214759638882,1.0000000010584855,0.007055489387975955,0
21.1,-0.00375361918775091,0.00473169021948192,-2.1320349184034137e-09,-0.4599418552067726,-0.039943701846399456,0.4666026168795845,-3.045250985623684,0.0006693388745441216,1.000002637455896,17.58303285268916,1,-0.054703680822239115,0.7267833397410194,0.7242668258037793,1.652626391691385,4.5126703336519737e-05,1.00000039922102,2.661473466162549,1,0.8843299530967473,0.4479706491067422,0.9850797559835787,0.46647514310190674,0.0023216860557874024,1.0000001548766662,1.0325109454210446,1,0.2031245838912726,1.4844663024244384,1.4927996539723611,1.437343459744257,0.0027507338306666743,1.000000050381252,0.3358750134822414,1,0.24317338668349825,-5.177749297219153,5.188182286211492,-1.5247762292435276,-0.018561696967468934,1.0000000010601746,0.007066750181449076,0
21.12,-0.0037536191869523613,0.0047316902184831745,-2.1359806371551437e-09,-0.4044728713845207,-0.19501200607711,0.45518397946024264,-2.6868121183046965,0.0006627587262390541,1.0000025112814601,16.741869947730535,1,-0.19972621376027755,0.7009589812019885,0.7253523543576487,1.856131131287795,-1.5286116613875697e-05,1.0000003986203156,2.657468770347636,1,0.8206789379546693,0.5584169296473593,0.9861950136926332,0.595871466196612,0.0024009817170919136,1.0000001550782296,1.033854700896519,1,0.10136718312196205,1.5041928686425587,1.5023879906478914,1.5062394417616647,0.0027595246770218016,1.0000000497335315,0.3315568764314616,1,0.29818033345793066,-5.172141183852899,5.185401878804068,-1.5141194076501991,-0.018534363791674387,1.0000000010618681,0.007078039728803879,0
21.14,-0.0037536191849631274,0.004731690217514681,-2.1399440934544156e-09,-0.2811713238293515,-0.31626799233114117,0.4297838750881413,-2.297537038599313,0.0006556112493281772,1.0000024223067037,16.148704905673952,1,-0.3363335533867834,0.646431137615391,0.7263748706164328,2.0590431771472697,-0.00011994198266047396,1.000000397893219,2.652621460844112,1,0.7436079740898776,0.6597644309736118,0.9875468653386181,0.7249441448817254,0.0024744198151446803,1.0000001551904285,1.0346026938075379,1,-0.000842897606322765,1.516940217799006,1.5120208926781151,1.574259273119695,0.0027630895760861027,1.0000000490630332,0.32708688779481393,1,0.35315401074254427,-5.165946723268526,5.182623234894591,-1.5034511577436902,-0.01851655235139263,1.0000000010635657,0.007089356848535759,0
21.16,-0.0037536191816317055,0.004731690216576479,-2.1439118735519513e-09,-0.1024712607103611,-0.37324327782381955,0.39296027596977956,-1.8460749277214001,0.0006495521653804725,1.0000023923198016,15.948792224506658,1,-0.458952759424541,0.5655582625725699,0.7272926064302951,2.2614119578342793,-0.00025589547338020766,1.0000003970705764,2.6471371764979157,1,0.6544327037190287,0.750390967878098,0.9891122742148613,0.8536356824726649,0.0025420001691692537,1.0000001552116902,1.0347444383290891,1,-0.1030305288146017,1.5227824517657529,1.5216535437672287,1.6414175870836427,0.0027614257211909595,1.0000000483745461,0.3224969740306378,1,0.4080881228098281,-5.15916567530731,5.179846667502795,-1.4927714661452094,-0.018506475502468037,1.0000000010652672,0.0071007003437416095,0
21.18,-0.003753619176904202,0.004731690215661621,-2.1478681559022883e-09,0.10114861147189935,-0.3324446763638658,0.3509888038931999,-1.2912069890321982,0.0006481674863612042,1.0000024545926611,16.363944621232626,1,-0.5626212863855308,0.4617471712712425,0.7280683506250606,2.4633083183553457,-0.0004046717214514426,1.0000003961866715,2.6412444764027763,1,0.5546623897192976,0.82887028863093,0.9908647859274606,0.9818957728006759,0.0026049675465595816,1.0000001551421445,1.0342807998379389,1,-0.20473847848759127,1.5218234817057397,1.5312428031578897,1.7077325336772269,0.0027552823518676023,1.000000047672671,0.3178178064675171,1,0.46297635827213446,-5.151797867448341,5.177072487074553,-1.482080321433773,-0.018500367864838867,1.0000000010669725,0.007112069002529289,0
21.2,-0.0037536191718966936,0.004731690214748948,-2.1517998285980333e-09,0.26628891508869146,-0.1733443869771847,0.3169299163910807,-0.5973248326511542,0.000654078887741636,1.0000026421402834,17.6142621036762,1,-0.6431728185663215,0.33930376481394253,0.7286708503976064,2.664821391895795,-0.0005455159791881487,1.0000003952777883,2.6351852553165913,1,0.4459691251675691,0.893994241499222,0.9927750640449655,1.109682078701757,0.002665502703441276,1.0000001549835864,1.0332237463525973,1,-0.30552867539741396,1.5141942910509887,1.5407473236498295,1.773225356474549,0.002746129798194499,1.0000000469617856,0.3130785703148997,1,0.5178123907876135,-5.143843195262892,5.1743010039036195,-1.4713777147586011,-0.018492580921600058,1.0000000010686814,0.007123461600381473,0
21.220000000000002,-0.00375361917044947,0.004731690213803012,-2.1557161247048873e-09,0.3066569969748042,0.06593982402490307,0.3085689241693964,0.19913154389225868,0.0006654539413145552,1.0000029133465769,19.422304060585756,1,-0.6973887281462819,0.2032549272644717,0.7290759547276882,2.866054928790206,-0.0006698587705381183,1.000000394380777,2.6292051788385264,1,0.3301548625792927,0.9447897236587727,0.9948114622679639,1.2369608026168353,0.002719431114610977,1.0000001547393982,1.031595824450183,1,-0.4049831337379095,1.5000502906792776,1.5501276334618426,1.8379199931189933,0.0027343399004688793,1.0000000462460192,0.30830679518699783,1,0.5725898797766957,-5.135301622860988,5.171532535791835,-1.4606636397818311,-0.018482174477865192,1.0000000010703936,0.0071348769053415,0
21.240000000000002,-0.003753619174975759,0.004731690212808901,-2.1596615901869898e-09,0.1949108845419441,0.276059491599595,0.33155432344998564,0.9577013194677223,0.0006758093133122082,1.0000031124198985,20.749459537564675,1,-0.7231122405773696,0.05914875805686128,0.7292674742604685,3.0671232188808903,-0.0007960068866807973,1.000000393531668,2.6235444523705707,1,0.20911722155036896,0.9805303350363295,0.9969406241824025,1.3637070466762151,0.002751534622919425,1.0000001544144337,1.029429394584636,1,-0.5027045795738423,1.4795687954308823,1.559346191631569,1.9018426976357634,0.002717162559488361,1.000000045529236,0.3035282395027459,1,0.6273024711504472,-5.126173183329564,5.168767411787526,-1.4499380902855314,-0.018479423106630376,1.000000001072109,0.007146313679517692,0
21.26,-0.003753619181718553,0.004731690211799321,-2.163672433927455e-09,0.0002571293746387055,0.3764996284917915,0.37163749750752484,1.5810891910701503,0.0006788919599329689,1.0000031540867131,21.027238301081933,1,-0.7193235558601812,-0.0871600460443381,0.7292377543351362,-3.0150385746490755,-0.000943167217674333,1.0000003927643724,2.6184291489745286,1,0.08481497659183938,1.0007428464071708,0.9991280992842072,1.4899049853644297,0.002754845482365675,1.0000001540148724,1.0267656527185147,1,-0.5983168192274162,1.4529466432307303,1.5683674349576,1.9650216946937469,0.002692905203241377,1.000000044815023,0.2987668202440567,1,0.6819437980516578,-5.116457979164299,5.166005957295583,-1.4392010587385187,-0.01849006623563244,1.0000000010738277,0.007157770673527425,0
21.28,-0.0037536191871696857,0.004731690210816077,-2.1677449618326405e-09,-0.1967387055535015,0.36489445767255035,0.4122186584228424,2.0795000316150865,0.000674202539372699,1.000003078828896,20.52551952060216,1,-0.6861749906980116,-0.2297332259116232,0.7289879548768982,-2.8139376887541316,-0.0011179570880050483,1.0000003921094864,2.6140632425729367,1,-0.04076596486122912,1.0052087486444323,1.001338943219732,1.6155478658027935,0.0027342499680051767,1.0000001535480474,1.0236534859816147,1,-0.6914648882238801,1.420397971282046,1.5771578018950312,2.0274868767080596,0.002662856200142657,1.0000000441066872,0.29404458053965615,1,0.7365074816072373,-5.106156182696323,5.163248485190527,-1.428452538793053,-0.018509384588965356,1.000000001075549,0.0071692466239448955,0
21.3,-0.0037536191906100192,0.004731690209881976,-2.1718566545897433e-09,-0.35055392765356974,0.2720063912624679,0.44391374237849185,2.4958487213200122,0.0006662192620924676,1.0000029455765456,19.63717051791792,1,-0.6249857646422842,-0.3627742517098067,0.7285280189957113,-2.612640142541238,-0.001325728404817537,1.0000003915932192,2.610621460540454,1,-0.16564540086860655,0.9939612691016464,1.0035382905439376,1.7406378338725517,0.0026945904003487352,1.0000001530222669,1.0201482827312347,1,-0.7818150169996997,1.3821521578323588,1.5856857260387995,2.0892695309655975,0.002628792138333614,1.0000000434072538,0.28938169123282753,1,0.7909871316913032,-5.095268036511777,5.160495302590492,-1.4176925268836627,-0.018531566395976962,1.0000000010772732,0.007180740254457532,0
21.32,-0.003753619192326835,0.004731690209004346,-2.1759844646626614e-09,-0.44131255904457933,0.1304762598243248,0.4626227820717849,2.866591106584151,0.0006582768429304626,1.0000027931605477,18.621063865871673,1,-0.5381964819808706,-0.4808497918929842,0.7278763311094418,-2.4110339904275206,-0.0015698257987283237,1.0000003912364588,2.6082430578418134,1,-0.28787992989245387,0.967278324842318,1.0056918986631906,1.8651856127919066,0.0026392827467224076,1.0000001524466273,1.0163106864745894,1,-0.8690544467417071,1.338451932810829,1.593921615684791,2.150402092589488,0.0025921091941645985,1.0000000427194724,0.2847964822908964,1,0.8453763476997319,-5.083793853863518,5.15774671635066,-1.4069210220508117,-0.018552621816307614,1.0000000010789996,0.007192250275231139,0
21.34,-0.003753619192660169,0.004731690208182628,-2.1801090906506393e-09,-0.4615208867742565,-0.03130495402405213,0.46679777388084914,-3.06408192022119,0.0006507715483185666,1.0000026449479384,17.632979803703968,1,-0.42928380868725047,-0.5791011445798925,0.7270590709389825,-2.209018940444644,-0.0018447591687039612,1.000000391053992,2.6070266138400515,1,-0.4055918756998878,0.9256719345394765,1.0077666568191466,1.989210064403196,0.0025716710868761935,1.000000151830819,1.0122052979090619,1,-0.9528911259298389,1.2895516566501395,1.6018378253336478,2.210917926428363,0.0025539923541812223,1.0000000420458242,0.2803054950400527,1,0.8996687193365255,-5.071734019075674,5.155003034614658,-1.3961380255518236,-0.0185697856028113,1.0000000010807284,0.007203775379998633,0
21.36,-0.0037536191917919544,0.004731690207412291,-2.1842143701350514e-09,-0.40984971779038826,-0.1874143799778612,0.45616133932372777,-2.7065630858832628,0.0006422886381632362,1.00000251725379,16.781685481665527,1,-0.3026364558601063,-0.6534391033108344,0.7261092705606402,-2.0065103670525173,-0.0021316819060730637,1.0000003910538964,2.6070259754792455,1,-0.5169957427987046,0.8698746246942184,1.0097310536708135,2.112737654577942,0.0024953865550990197,1.0000001511849366,1.0078994139987927,1,-1.0330533150791386,1.2357157637958482,1.6094086201589317,2.2708511374456477,0.002515606615415113,1.0000000413885324,0.2759235492304872,1,0.9538578274117786,-5.059088987941471,5.152264566979342,-1.3853435406481396,-0.01858087685075864,1.0000000010824592,0.0072153142421130705,0
21.380000000000003,-0.0037536191897273243,0.004731690206686127,-2.1882857878172124e-09,-0.28996972118858,-0.31121972060286784,0.4314663632512766,-2.31964874439159,0.0006312380984816263,1.0000024258177302,16.17211174969838,1,-0.16339447997610512,-0.7007153385488066,0.7250655890674043,-1.803442883542644,-0.002399315303621015,1.0000003912371258,2.6082475049113496,1,-0.6204220204314108,0.8008233521441144,1.0115555989726581,2.235801843219973,0.0024144900601860402,1.0000001505192995,1.0034618332948146,1,-1.1092891237891935,1.1772173650567017,1.6166101351068127,2.330236407381763,0.0024781654137643796,1.0000000407495737,0.2716638250299427,1,1.007937244650721,-5.045859288114555,5.149531624315538,-1.374537572526413,-0.018583877255332507,1.0000000010841918,0.007226865510741614,0
21.400000000000002,-0.0037536191863258295,0.004731690205993589,-2.1923090729944472e-09,-0.11368619463764999,-0.3724925170095638,0.39514155686769287,-1.8724769701248798,0.0006190142845648908,1.0000023919446464,15.94629118972085,1,-0.017255173836949477,-0.7188630608345352,0.7239708313864969,-1.5997733168347574,-0.0026120507771368834,1.0000003915973206,2.6106488043121754,1,-0.7143382532107626,0.7196414311849563,1.0132131977189478,2.358442418247996,0.0023337452931023665,1.0000001498442859,0.9989617423475365,1,-1.1813660009682325,1.1143370009764877,1.6234203303188972,2.3891088552816755,0.002442942756832249,1.0000000401306943,0.26753796161181587,1,1.0619005365131053,-5.032045519493527,5.146804518472567,-1.3637201283365294,-0.018576425791360103,1.0000000010859262,0.007238427808454738,0
21.42,-0.003753619181518804,0.0047316902053175566,-2.196269652254834e-09,0.08985843866839795,-0.3377192066271353,0.3531875543072155,-1.3242734299354106,0.0006137511077188698,1.0000024482684184,16.321783004077062,1,0.12974953726886945,-0.7069996829191024,0.7228702551899787,-1.395482919512435,-0.0027424768906298648,1.0000003921208545,2.6141390295643947,1,-0.7973673766647182,0.627618904415203,1.0146794770162226,2.480704790626533,0.0022592294101841438,1.0000001491701789,0.994467696921817,1,-1.2490701961567034,1.0473615369067408,1.6298189440412862,2.4475039198821666,0.0024113430600813416,1.0000000395334259,0.26355617282126176,1,1.1157412620220157,-5.017648354598891,5.144083562206521,-1.352891217422608,-0.01855496327698557,1.000000001087662,0.007249999731758672,0
21.44,-0.0037536191763159568,0.004731690204627617,-2.2001571771054773e-09,0.2592712512269806,-0.18476247011657715,0.3182511672136636,-0.6379667485007274,0.0006202140223948138,1.0000026289873785,17.526576069774443,1,0.2714973289724597,-0.6654846187846555,0.7218097287782843,-1.1905786694077867,-0.0027699779970809042,1.000000392787173,2.6185811535482846,1,-0.8683033757538083,0.5261917376789377,1.0159330664620714,2.6026392651879307,0.0021984767712932875,1.0000001485070302,0.9900467056238433,1,-1.312206207367095,0.9765831893820008,1.6357874428707941,2.5054572627121043,0.002384949440736826,1.0000000389591062,0.2597273751282395,1,1.169452974601126,-5.002668538940886,5.141369071050149,-1.3420508518239602,-0.01851449783655879,1.000000001089399,0.007261579856835868,0
21.46,-0.00375361917443814,0.004731690203879311,-2.203984229495748e-09,0.30799423878586,0.05264531354168553,0.30817092821326914,0.15601267387524356,0.0006323527523342182,1.0000028991391756,19.327588051050505,1,0.4020323836200254,-0.5959264139089266,0.7208338005741123,-0.9850935276064229,-0.0026929797600192345,1.0000003935694997,2.623796664368804,1,-0.9261243642568342,0.41692015674898514,1.0169558303270354,2.7243002981507294,0.0021552793131187614,1.000000147864537,0.9857634173320162,1,-1.3705962288582492,0.9022986728630117,1.6413089657552447,2.5630046902374244,0.0023643986406872417,1.0000000384088976,0.2560593167390095,1,1.2230292229199513,-4.98710689137541,5.138661370583925,-1.3311990463286538,-0.018454369730706664,1.0000000010911372,0.007273166751677831,0
21.48,-0.003753619178593907,0.0047316902030474,-2.2078010270681903e-09,0.20321859266281214,0.26710860382956525,0.3297203851457559,0.9201817263320269,0.000643766515933967,1.0000031057092074,20.704721597003832,1,0.5158240463968431,-0.5011352421195963,0.7199837609273705,-0.7790855223268144,-0.00255659213611201,1.0000003944357758,2.6295718382088773,1,-0.9700032042182608,0.30146638122738756,1.0177330506808857,2.8457457410606004,0.002121897769542107,1.000000147251936,0.9816794099516114,1,-1.4240796105279514,0.8248084559820654,1.6463682613859603,2.6201820874500923,0.002347428490810514,1.0000000378838045,0.2525586970493266,1,1.2764635517486849,-4.970964304445516,5.135960802225268,-1.320335816150384,-0.018385895765478846,1.000000001092876,0.007284758986932705,0
21.5,-0.003753619185248267,0.004731690202156269,-2.2116539979619154e-09,0.010702258472379197,0.37402125752696197,0.3693618332518161,1.5511985341505687,0.000649932320148482,1.0000031553817188,21.035871672022086,1,0.6080147444137005,-0.38501943604713046,0.7192957986864509,-0.572635629639555,-0.0024096333479664825,1.0000003953498937,2.6356659582302986,1,-0.999315789669231,0.18157195328083908,1.018253577853309,2.96703607216311,0.002090448161265187,1.0000001466779103,0.9778525729203942,1,-1.4725123388403587,0.7444161168409134,1.6509516393372172,2.6770253601309912,0.0023316062800043374,1.000000037384691,0.24923127286197777,1,1.329749502825226,-4.954241744709892,5.133267709891344,-1.30946117478242,-0.0183183045365183,1.0000000010946153,0.007296355135999622,0
21.52,-0.003753619190740036,0.004731690201243843,-2.2155507532761742e-09,-0.18762724702158676,0.3677298750938313,0.41021587405172866,2.055229932127924,0.0006508321930960025,1.000003084748442,20.564983161217373,1,0.6746438725868662,-0.2524279729586415,0.7187993485983224,-0.36584451752754177,-0.0022733424186873103,1.0000003962732207,2.6418214714627704,1,-1.0136471103852622,0.059034808342364624,1.0185099522982584,3.088233637639079,0.002060689614543794,1.00000014615051,0.9743365702134116,1,-1.5157665474282787,0.661427787342358,1.655046935523576,2.7335703989518225,0.0023166645460539607,1.0000000369122932,0.24608195454363688,1,1.382880615734374,-4.936940253061076,5.13058242804078,-1.2985751359926607,-0.018250668922260592,1.0000000010963552,0.00730795377236088,0
21.540000000000003,-0.003753619194246354,0.004731690200331539,-2.219479314745365e-09,-0.3444179751298594,0.2783292103951558,0.4425222922842989,2.474955051622172,0.0006488012108768367,1.000002953440858,19.689599268567136,1,0.7128345849717183,-0.10894449593870556,0.7185157262811592,-0.15882825037895976,-0.002152703097011964,1.0000003971663165,2.6477754433215126,1,-1.0127951919582958,-0.06431380607698048,1.018498480996296,-3.0737834052523105,0.002032738135736485,1.0000001456770804,0.9711803732791817,1,-1.5537300638504208,0.5761516768151181,1.6586434705439883,2.7898530600004947,0.0023029013148265012,1.0000000364672346,0.24311489742887432,1,1.4358504287982188,-4.919060945033008,5.1279052862282155,-1.2876777155904313,-0.018180597305890056,1.0000000010980952,0.007319553468663882,0
21.560000000000002,-0.00375361919603586,0.0047316901994270254,-2.223426924345684e-09,-0.4388185619866875,0.1386438867357562,0.46198059712153927,2.8473880181300393,0.000645930428024993,1.0000028013655322,18.67576376233002,1,0.7209318563765538,0.03935789090862323,0.718457125019043,0.048286863233565354,-0.00204313837477841,1.0000003979907564,2.653271709599038,1,-0.9967729804675707,-0.1866324875487777,1.0182192724299264,-2.9525806122423615,0.0020040905711268507,1.0000001452642024,0.968427853925304,1,-1.586305997574078,0.48889766535190304,1.6617320069128123,2.845909151176806,0.0022903648152332624,1.0000000360500387,0.24033359149232406,1,1.4886524799779484,-4.9006050110976185,5.125236614137146,-1.2767689313504915,-0.018107517738064887,1.0000000010998351,0.007331152793626188,0
21.580000000000002,-0.0037536191964537588,0.004731690198531948,-2.2273843360010037e-09,-0.46288441409609393,-0.02272593994105379,0.4669501292358152,-3.0829078430037677,0.000643144048292967,1.0000026524852965,17.6832288571201,1,0.6985827981721487,0.1861886183922308,0.7186260352913406,0.2553700078791458,-0.0019340984605177862,1.0000003987109547,2.658073030713776,1,-0.9658082067369712,-0.3060928543626634,1.0176762367618537,-2.8312798507619132,0.001970234070831189,1.0000001449176377,0.9661174220518879,1,-1.613412373157805,0.39997695749241635,1.6643047125715267,2.901774424418996,0.0022788906397119787,1.0000000356611425,0.23774094980522723,1,1.5412803077870763,-4.881573716951176,5.122576742675854,-1.2658488025992245,-0.01803210494656271,1.0000000011015746,0.007342750307155188,0
21.6,-0.0037536191956896348,0.004731690197645981,-2.2313448528113455e-09,-0.41502207716729655,-0.17980275991124484,0.45709916201554995,-2.7262399240150708,0.0006405625032768928,1.000002523315813,16.822098967143145,1,0.6467538276666033,0.32532370788976983,0.7190151270429933,0.46229185979377085,-0.0018142994921319711,1.0000003992958728,2.6619724852182887,1,-0.9203412294775897,-0.4209026880550218,1.0168770516806,-2.709818828788353,0.001925777968779777,1.0000001446422782,0.9642816920084292,1,-1.634981811740775,0.30970178714261204,1.6663551306421114,2.9574845741927103,0.0022682219786040077,1.0000000353009093,0.23533939485074004,1,1.593727452215585,-4.861968403790843,5.119926003428855,-1.2549173499712944,-0.01795550905847623,1.0000000011033139,0.0073543445556553165,0
21.62,-0.0037536191937548088,0.004731690196768049,-2.2353024370716512e-09,-0.2985968264042216,-0.3060734573008737,0.43311757941946066,-2.3416016640923205,0.0006381407846065597,1.0000024294760215,16.19650035746857,1,0.5676835294432098,0.45088609445795846,0.7196076044475622,0.6689304983895628,-0.001676601719028178,1.0000003997205036,2.6648033568178517,1,-0.8610208208820765,-0.5293289841257531,1.0158330927395847,-2.588137162881006,0.001865774519411275,1.0000001444421018,0.9629471826978764,1,-1.650961263333972,0.21838516489735815,1.6678781546562544,3.0130752414350503,0.0022581060977067925,1.000000034969641,0.2331309400235375,1,1.6459874556644762,-4.841790488581174,5.117284727636529,-1.2439745953300025,-0.017878790426433207,1.0000000011050523,0.007365934068353239,0
21.64,-0.0037536191905102813,0.004731690195895504,-2.2392498671280903e-09,-0.12481095099666041,-0.3715486212457906,0.39730950773278884,-1.8986096104846757,0.0006360524042749607,1.0000023918046508,15.945357886286002,1,0.46477442162181815,0.5576067606405046,0.7203780108499523,0.8751768897582506,-0.0015201800271068776,1.000000399967031,2.666446873554007,1,-0.7886978242425219,-0.6297208325426913,1.01455932517033,-2.466177143410775,0.0017868018362447924,1.000000144320135,0.9621340703277654,1,-1.6613117919657145,0.12634065931074168,1.6688700092701743,3.0685820218958004,0.0022484070502619396,1.0000000346675897,0.23111726431541538,1,1.6980538638903648,-4.821041464310252,5.114653245002641,-1.2330205618368664,-0.01780229746377999,1.0000000011067898,0.007377517354453269,0
21.66,-0.003753619185864264,0.004731690195020713,-2.243177780678063e-09,0.07848313365566857,-0.3427312290754179,0.3554091612978151,-1.3569630911570871,0.0006363068036942641,1.0000024422824734,16.2818767030029,1,0.34243083640682453,0.641052904477966,0.7212934318652557,1.0809396408715544,-0.0013490281902355456,1.0000004000256002,2.6668373349564547,1,-0.7044165852103444,-0.7205320196858731,1.013074154149069,-2.343884501697496,0.0016877805556375,1.0000001442784165,0.9618559475048701,1,-1.6660084152342578,0.03388220403431263,1.6693282369726639,3.124040477955815,0.0022392593448196034,1.000000034394967,0.2292997804280923,1,1.7499202269598537,-4.7997229002350865,5.112031882631599,-1.2220552742476474,-0.01772470222859503,1.000000001108526,0.007389092900722237,0
21.68,-0.003753619180714996,0.004731690194124067,-2.2470784304465252e-09,0.25190204209436323,-0.19601073738542774,0.31964858701517584,-0.6783134050630674,0.0006423918160860144,1.0000026160892235,17.440588370681184,1,0.20585329996033308,0.6978121378128963,0.7223150201502244,1.2861487889256518,-0.001169586614159407,1.000000399894658,2.665964386928609,1,-0.6094040411255163,-0.8003432022701572,1.0113992339386075,-2.221209174208412,0.0015702092466121408,1.0000001443179587,0.9621195621598478,1,-1.6650399993116216,-0.058676077026620345,1.6692516911228164,-3.1036991534472027,0.0022310826651868584,1.0000000341519546,0.22767969682125305,1,1.8015801002131395,-4.777836442116029,5.109420965663421,-1.2110787595590782,-0.017642415881042477,1.000000001110261,0.007400659170536572,0
21.7,-0.00375361917864223,0.004731690193171749,-2.250963427805064e-09,0.3088775130586085,0.039178132292047564,0.3078678489630366,0.11274434101782378,0.0006542264685130668,1.0000028846877917,19.231245491944033,1,0.060801858471704176,0.7256251784844804,0.7233997490386215,1.4907584693861107,-0.000999795393743592,1.0000003995808664,2.6638724427135565,1,-0.5050563452955621,-0.8678834513694699,1.0095592351507432,-2.0981060559909652,0.001432505662751485,1.0000001444387112,0.9629245780274497,1,-1.6584092100346421,-0.15102003425386373,1.6686405321686746,-3.0482307130924124,0.002223615964197693,1.000000033938711,0.22625807370261877,1,1.8530270452358895,-4.755383812438987,5.106820823541181,-1.200091047455371,-0.017554431003835618,1.0000000011119943,0.007412214607470398,0
21.720000000000002,-0.0037536191826180974,0.004731690192146502,-2.2548801593275103e-09,0.2112980499367224,0.2577325823475884,0.327933245755146,0.8822152084381908,0.0006667729746279379,1.0000030984958985,20.656632870414775,1,-0.08665835767786931,0.7234632036552502,0.7245023010217501,1.6947483900940823,-0.0008808536318438394,1.00000039909862,2.660657466064431,1,-0.39292290814514724,-0.9220509059824231,1.0075815598432167,-1.9745357333173579,0.0012645025822249412,1.0000001446395304,0.9642633725262086,1,-1.6461325203601056,-0.24283565417484138,1.6674962191456504,-2.9927039442355903,0.002214785016134978,1.000000033755381,0.2250358731305405,1,1.904254630839377,-4.732366810623289,5.104231797477783,-1.189092168453969,-0.017470722211998427,1.0000000011137258,0.007423757640401952,0
21.740000000000002,-0.0037536191893451703,0.004731690191080291,-2.258873190927324e-09,0.021166144950576806,0.37112275730923083,0.3670820194934511,1.520924663311784,0.00067636828933611,1.0000031563370106,21.04224028527858,1,-0.23041632809173268,0.6915495395042086,0.7255770020633653,1.8981241372943516,-0.0008413890883942163,1.0000003984692243,2.656461495759284,1,-0.27468775972188153,-0.961932213263596,1.0054959982458924,-1.8504651982375047,0.0010644578757309788,1.000000144918156,0.9661208773150941,1,-1.6282402740829753,-0.33380922623212655,1.6658215081787044,-2.9370832557274578,0.0022031796424758564,1.0000000336021004,0.22401400349700895,1,1.9552564340506575,-4.708787313215452,5.1016542295355025,-1.1780821514465478,-0.01740030393875259,1.000000001115455,0.007435286680444133,0
21.76,-0.0037536191950082046,0.004731690190020213,-2.26294639277258e-09,-0.1783660770686323,0.37024185661120096,0.40818333323609707,2.030720081344801,0.0006817373771076243,1.000003090517688,20.60344480039653,1,-0.36456728500760543,0.6313283401615114,0.7265797024499674,2.1009164044578146,-0.00087522593485774,1.0000003977198042,2.6514653618097777,1,-0.15214817966905944,-0.9868203695782124,1.0033343452059267,-1.725868532228384,0.0008449686892703815,1.0000001452711955,0.9684744736195328,1,-1.6047768053838263,-0.42362752212770866,1.6636204743038168,-2.8813330211029027,0.002189241397368118,1.0000000334790038,0.223193357892495,1,2.0060260411125777,-4.684647274071431,5.099088448658382,-1.167061025382943,-0.01734153849530267,1.0000000011171821,0.007446800116638325,0
21.78,-0.003753619198668002,0.004731690188995972,-2.267080870255178e-09,-0.3380765013745745,0.2844255580806045,0.4410918550291028,2.453932772118108,0.0006803884858235536,1.00000296127121,19.741801614368548,1,-0.4836477837203693,0.5453851590498343,0.7274695303576564,2.3031792491866367,-0.0009581254201588463,1.0000003968819924,2.645879948514944,1,-0.027190602694156456,-0.996230518130278,1.001129974374326,-1.6007275222382507,0.0006213827360646041,1.000000145694118,0.9712939572488575,1,-1.5758006134836564,-0.5119779955190031,1.6608985361629094,-2.825417564404122,0.0021736415509741145,1.000000033386227,0.22257484602799116,1,2.05655704849154,-4.659948724526363,5.096534773642225,-1.1560288214236778,-0.017290090550292327,1.0000000011189065,0.007458296318036402,0
21.8,-0.003753619200568067,0.0047316901880213,-2.2712549792303083e-09,-0.43609793281894355,0.1466686281132225,0.46129748835310697,2.828133900646491,0.0006747893103477675,1.0000028096024491,18.730676542157426,1,-0.5828457324434966,0.43732578261972327,0.7282104723178647,2.5049875117339138,-0.001067711162691567,1.0000003959905133,2.639936755643505,1,0.09823610992550107,-0.9899132104106376,0.998917359966418,-1.4750321914330085,0.0004075422399410801,1.0000001461812638,0.9745415956014496,1,-1.5413845912791908,-0.5985490099956434,1.6576624772704776,-2.769301149760341,0.0021567417176994604,1.000000033323913,0.22215942002852082,1,2.1068430638925126,-4.634693773549801,5.093993518759729,-1.1449855732160181,-0.017242756030482805,1.000000001120628,0.007469773637358417,0
21.82,-0.0037536192010568462,0.004731690187101566,-2.275449568350796e-09,-0.46401752180917427,-0.01421330979629451,0.4670625020475229,-3.1017240621479827,0.0006701893478870628,1.0000026600967784,17.733972069447134,1,-0.6581794459602844,0.31162043184260807,0.7287727190711863,2.706433552769197,-0.0011903171311340114,1.0000003950818093,2.633878728569206,1,0.22214984038620494,-0.9678646060749284,0.9967315519029535,-1.3487812282365628,0.00021529887138798285,1.0000001467258697,0.9781723021439478,1,-1.5016163063332424,-0.6830301035056263,1.6539204710400828,-2.7129479777735974,0.002138712364749469,1.000000033292214,0.22194809408482138,1,2.156877707281462,-4.608884607885897,5.091464995837748,-1.1339313166485285,-0.017197220681178287,1.0000000011223467,0.007481230414074467,0
21.84,-0.003753619200332698,0.0047316901862378535,-2.2796476191119797e-09,-0.41997428969934936,-0.17217934948965555,0.4579994892671762,-2.7458464710817125,0.0006673488071418213,1.0000025294902342,16.863261775563146,1,-0.7066416124678039,0.1734206171524169,0.7291337401884054,2.907623491864061,-0.00131303982739431,1.0000003941926263,2.627950842300696,1,0.3425665150252111,-0.930333075684569,0.9946076133583512,-1.2219822903249073,5.388651224120171e-05,1.0000001473201172,0.982133952617048,1,-1.456598332055834,-0.765112297701486,1.6496821114688491,-2.656322188460105,0.002119655719530125,1.0000000332912937,0.22194195764564364,1,2.2066546119150603,-4.582523492178305,5.088949514613804,-1.1228660896976066,-0.017151480034612976,1.0000000011240617,0.007492664977573056,0
21.86,-0.0037536191984167263,0.004731690185428271,-2.283832810368036e-09,-0.307035765543014,-0.3008276907286528,0.4347366161327536,-2.3634064776890606,0.0006642754528155593,1.0000024332999264,16.221993057154968,1,-0.72630552764663,0.02835575592587555,0.729279083643555,3.108673087424465,-0.0014253412445790364,1.000000393358622,2.6223908126441566,1,0.4575330944034449,-0.8778216891171673,0.9925800301365448,-1.0946521599033645,-7.075446045301261e-05,1.000000147955204,0.9863678646892997,1,-1.4064486262774476,-0.844488460999045,1.6449584490132667,-2.5993878713968,0.002099685907532232,1.0000000333213273,0.22214218210735065,1,2.2561674253774595,-4.555612769079335,5.086447382571309,-1.111789932395308,-0.017103446777417482,1.0000000011257735,0.007504075650725421,0
21.880000000000003,-0.0037536191951776194,0.004731690184667283,-2.2879881548393266e-09,-0.13582478871672268,-0.3704064096483142,0.39945850502684715,-1.924482762668018,0.0006594501367140959,1.0000023919199172,15.946126329162873,1,-0.7163920302585587,-0.11768370991518351,0.729202887878369,-2.973481935991718,-0.0015226924595277956,1.00000039261308,2.617420533672133,1,0.5651616766508876,-0.8110861243608569,0.9906821030155735,-0.9668167291069205,-0.0001560495178522245,1.0000001486214432,0.990809458602545,1,-1.351300953613184,-0.9208537344956295,1.639762031148144,-2.542109084342263,0.0020790125491504077,1.0000000333825032,0.22255002088339962,1,2.3054098106240546,-4.528154859342914,5.083958904547075,-1.1007028869063213,-0.01705051093384791,1.0000000011274812,0.007515460753334455,0
21.900000000000002,-0.0037536191905106512,0.004731690183942627,-2.2920953685404144e-09,0.06705077260736769,-0.3474666827050303,0.35764315090409504,-1.3892664194681847,0.0006546744018966138,1.000002436672906,16.244479586817885,1,-0.6772963319773904,-0.25877032851728454,0.7289080955099075,-2.772349158135085,-0.001606547944284176,1.0000003919857456,2.6132383044476146,1,0.6636640074353158,-0.731127620042462,0.988945336134481,-0.8385107984700056,-0.00020184124901404058,1.0000001493083908,0.995389109104089,1,-1.291305347107828,-0.9939060303579598,1.634106947577865,-2.484449881749536,0.0020580537075459487,1.00000003347502,0.22316680073461562,1,2.3543754470324005,-4.500152261901038,5.081484382301083,-1.0896049977919977,-0.01698874906499941,1.000000001129185,0.007526818604462444,0
21.92,-0.0037536191852184557,0.004731690183228717,-2.296138585690388e-09,0.24420860979155967,-0.20705321390576087,0.32111090703690226,-0.7183041587059847,0.0006558051840780593,1.0000026035354679,17.356896666793883,1,-0.6105744585782213,-0.3891646539900326,0.7284063649633785,-2.5709958315528363,-0.0016826790721688363,1.000000391501784,2.610011894287024,1,0.7513855746666425,-0.6391807211252386,0.9873988368858264,-0.7097776772119254,-0.00020924334521670883,1.0000001500050018,1.000033182009063,1,-1.2266286037775762,-1.063346612732045,1.6280088809069637,-2.4263743542356493,0.00203734650263951,1.0000000335990853,0.223993902093244,1,2.403058031460366,-4.471607553923803,5.079024115363266,-1.0784963126293066,-0.01691227634448913,1.0000000011308843,0.007538147523582262,0
21.94,-0.003753619182742228,0.0047316901824838095,-2.3001215116585927e-09,0.30930524301867446,0.02558869501390349,0.3076563271659465,0.06943128521624127,0.000665179145804399,1.0000028701238117,19.134152292249613,1,-0.5188894431997466,-0.5035351692419182,0.727717679446122,-2.3693120953515736,-0.0017676297320340084,1.0000003911808795,2.6078725301280308,1,0.8268383771426854,-0.5366957287861669,0.9860687473461983,-0.5806685807836832,-0.00018346764286863033,1.0000001506998109,1.0046652425084122,1,-1.1574548075779665,-1.1288807713359132,1.6214851618995265,-2.367846678550647,0.0020162509961688807,1.0000000337549098,0.22503273124978904,1,2.4514512793109886,-4.442523390862788,5.076578407308591,-1.0673768826152747,-0.016817320116629893,1.000000001132579,0.007549445833562836,0
21.96,-0.0037536191863057683,0.00473169018167906,-2.3040857000111714e-09,0.21912301437561707,0.24796235539281442,0.3261982358966824,0.8438876807200033,0.0006758059199931683,1.000003090876504,20.605836908212847,1,-0.4059178845348557,-0.5971668464028442,0.7268696505756034,-2.1672005283764624,-0.00189550590800946,1.0000003910364865,2.606909910644866,1,0.8887314020018916,-0.4253159545355797,0.9849777246281152,-0.45124182298915255,-0.00013964191673425337,1.0000001513811472,1.009207484930325,1,-1.0839858716275579,-1.1902185977453899,1.6145548187789591,-2.308831179531085,0.001991835073668995,1.0000000339427038,0.22628469118440295,1,2.499548925603743,-4.412902506476187,5.074147575450957,-1.0562467610012007,-0.01671103137661382,1.000000001134269,0.007560711865083633,0
21.98,-0.003753619192882799,0.004731690180834037,-2.3080750487930457e-09,0.03162322415793913,0.3678132547230339,0.36480635930008304,1.4903229362882044,0.00068179395877686,1.0000031570114218,21.046736360263104,1,-0.2762181452735468,-0.6661517394255855,0.7258965233831938,-1.9645800888489748,-0.0020833762365150485,1.0000003910752577,2.607168384827612,1,0.9359978407751505,-0.30685008372012673,0.9841444695587085,-0.3215618065598335,-9.214373771625389e-05,1.000000152037366,1.0135822770619385,1,-1.006442089258356,-1.2470758744064958,1.6072386171945043,-2.2492924169518873,0.0019625711255860795,1.000000034162673,0.22775115300087775,1,2.5473447260542357,-4.38274771283562,5.071731943448222,-1.0451060001502057,-0.01660185700018201,1.0000000011359538,0.0075719439513696465,0
22.0,-0.0037536191985231863,0.004731690179985797,-2.312095220141641e-09,-0.16897198035217664,0.3724280834443865,0.406128699852239,2.00600551742673,0.0006822852142092627,1.0000030961729538,20.64114657228473,1,-0.13506243387785385,-0.707554616896971,0.7248379124100929,-1.7613896042700663,-0.0023128221744585747,1.0000003912966684,2.6086444559752997,1,0.967818124326799,-0.18324017156308536,0.9835833199218588,-0.1916978493335713,-4.377519907837882e-05,1.000000152657087,1.017713749966172,1,-0.925062681248204,-1.2991750868924137,1.5995591131134332,-2.1891952979758686,0.0019295226332421353,1.0000000344150126,0.2294334181375217,1,2.594832458163543,-4.352061900318131,5.069331826221414,-1.0339546525175816,-0.016488694745506603,1.000000001137633,0.007583140416580156,0
22.02,-0.0037536192021749267,0.004731690179154768,-2.316129777552023e-09,-0.3315372092671277,0.290287115979778,0.4396271023605049,2.432805272810638,0.0006789242867332204,1.000002969089058,19.793920600776115,1,0.011763647154666783,-0.7195463673669086,0.7237372903607996,-1.557590633657657,-0.00254979990053296,1.0000003916928693,2.6112857955820448,1,0.9836379544644093,-0.056525999714544264,0.983303940593996,-0.061722875427999466,7.525145086174551e-06,1.0000001532294434,1.021529459742279,1,-0.8401063249251692,-1.3462465703373347,1.5915407113441646,-2.128505202579794,0.001893759454382235,1.000000034699899,0.23133265963759309,1,2.642005922315011,-4.320848037584518,5.066947531121846,-1.0227927728124488,-0.016367836306200458,1.000000001139307,0.0075942995694752696,0
22.040000000000003,-0.003753619204062134,0.0047316901783455234,-2.3201609591905203e-09,-0.43314983561529513,0.1545377460717995,0.460573801059555,2.8088490296194863,0.0006740275289025787,1.0000028178847553,18.7858919157738,1,0.15818879401010197,-0.7014979386145349,0.7226402608939694,-1.3531695401506785,-0.0027572303263753892,1.0000003922487972,2.6149919816734606,1,0.9831806633702351,0.07119330102264015,0.9833111172741023,0.06828800585607306,6.447109496809292e-05,1.0000001537443297,1.024962035867445,1,-0.751851649080607,-1.3880298004168286,1.583209714117539,-2.0671881277034627,0.001855653728721466,1.0000000350174763,0.23344984240393138,1,2.6888589428767933,-4.289109171542652,5.064579363691646,-1.0116204183412698,-0.01623709771533752,1.000000001140975,0.007605419700473302,0
22.060000000000002,-0.003753619204542845,0.004731690177554848,-2.324175389471772e-09,-0.46491051944104334,-0.0057838899211714225,0.46713100462027124,-3.120505461213538,0.0006693866479562519,1.0000026677942209,17.785288353630968,1,0.2981036525010236,-0.6540281077228574,0.7215926759526703,-1.1481386163452716,-0.002903840154122217,1.0000003929425747,2.619617164256205,1,0.9664534308875148,0.1977993151598315,0.9836046551082178,0.19825899072138561,0.00012999085233054237,1.0000001541926362,1.0279507446406204,1,-0.6605976760129934,-1.4242748378299912,1.5745943617019116,-2.0052108572073872,0.001815156338609121,1.0000000353678444,0.2357856289294712,1,2.7353853693092764,-4.256848427295072,5.062227630166867,-1.000437648664742,-0.016095742782210234,1.0000000011426369,0.007616499080699066,0
22.080000000000002,-0.003753619203829023,0.00473169017677641,-2.328163576856279e-09,-0.4246865489662964,-0.16456408183185017,0.45885555580128184,-2.7653464883124763,0.0006655806158346445,1.0000025357917528,16.90527189947457,1,0.42561905453920057,-0.5789995939391637,0.7206386757681126,-0.942536120974841,-0.002973090253764582,1.0000003937462196,2.624974797523173,1,0.9337471199037103,0.3211949586707131,0.9841793862448445,0.32811509297469393,0.00020706181880821475,1.0000001545664605,1.0304429072592989,1,-0.5666641888063921,-1.4547439335540975,1.565724866205086,-1.9425411597363134,0.001772057958147868,1.000000035751041,0.23834027390385013,1,2.7815790772762274,-4.224069008070144,5.0598926379782885,-0.9892445252846643,-0.015943906159773126,1.0000000011442924,0.007627535964573351,0
22.1,-0.0037536192019543254,0.0047316901760024906,-2.3321183057617434e-09,-0.3152551845564862,-0.2955026029633438,0.4363159877396612,-2.3850120037732263,0.000662022384948133,1.0000024373090923,16.248720830051187,1,0.5353235445319494,-0.4794600225465602,0.7198187433927173,-0.736425131042235,-0.0029673234862525907,1.0000003946266705,2.630844469875888,1,0.8856297370181829,0.43934448217320515,0.9850252870255505,0.45778363005998696,0.00029838895314660626,1.0000001548592918,1.032395116180412,1,-0.4703919986468688,-1.4792133001961987,1.556633436430921,-1.8791480158608016,0.0017261684702588468,1.000000036167026,0.24111350694321743,1,2.827433969758611,-4.190774195135404,5.057574695474026,-0.9780411114391313,-0.015782158632288004,1.0000000011459413,0.007638528596164679,0
22.12,-0.003753619198796054,0.004731690175223702,-2.3360328506652484e-09,-0.1466845881420064,-0.36908095924869294,0.4015827490906904,-1.9500298435285695,0.0006580073713705325,1.000002392314267,15.948755326496231,1,0.6225274668144497,-0.3595270135852923,0.7191678744488184,-0.5298911810883767,-0.0029033815075961726,1.000000395547107,2.6369807132407566,1,0.8229337720905197,0.5503117294158327,0.9861277008042418,0.5871956375426819,0.00040624547701906846,1.0000001550661548,1.0337742018087037,1,-0.3721430837830048,-1.4974750522517806,1.547354290838551,-1.8150018759215998,0.0016775013226936761,1.0000000366156603,0.24410440137872105,1,2.872943978170733,-4.156967347691414,5.0552741111881625,-0.9668274720042704,-0.015611020929407159,1.0000000011475834,0.007649475217078025,0
22.14,-0.003753619194237179,0.004731690174426279,-2.339899938738621e-09,0.05561292228985823,-0.3519275594804521,0.3598875494177577,-1.4211045378861535,0.000654637650513563,1.000002431464492,16.209756827441897,1,0.6834802685673087,-0.22422005077381388,0.7187139631767894,-0.3230387432265624,-0.0028008429225660826,1.0000003964685247,2.6431234979118368,1,0.7467378987871873,0.6522956113260477,0.9874676579547473,0.7162871706521488,0.0005327142504751031,1.0000001551837114,1.0345579139418493,1,-0.27230056867907165,-1.5093393147319119,1.5379236556987614,-1.750074949877808,0.0016265471046806794,1.0000000370966842,0.24731122837535094,1,2.9181030634793723,-4.122651902745193,5.052991192779572,-0.9556036735835683,-0.015430125437662064,1.0000000011492183,0.0076603740721829135,0
22.16,-0.0037536191889874044,0.0047316901735857675,-2.3437145440542706e-09,0.23623806034031242,-0.21787117327655509,0.3226420673317268,-0.7578540772115909,0.000655438783683331,1.0000025913487856,17.27565211729231,1,0.715548137392992,-0.07924548519574184,0.7184764973092445,-0.11598668885270721,-0.0026694610280554483,1.0000003973514915,2.649009943768021,1,0.658343713490018,0.7436618987918773,0.9890222804717689,0.8450004572489697,0.0006793973485394695,1.000000155210319,1.034735297633108,1,-0.17126850899214957,-1.514636495200544,1.5283797461683504,-1.684341529878708,0.0015744145580485944,1.0000000376096947,0.2507312983653557,1,2.9629052173269033,-4.087831374963338,5.0507262467235226,-0.9443697849899758,-0.015237338384701489,1.0000000011508456,0.0076712234107234835,0
22.18,-0.0037536191863365882,0.0047316901726634645,-2.347489779820633e-09,0.3092993347252764,0.01190316853086993,0.3075474977297974,0.026132370359272294,0.0006622245618441707,1.0000028554348561,19.036225920808974,1,0.7173407741738439,0.06925536738250467,0.7184656400694682,0.09113704550165283,-0.0025097645341912197,1.00000039815799,2.6543865989546194,1,0.5592483400420836,0.8229706189121209,0.9907652562300592,0.9732848720105011,0.0008418860887161448,1.0000001551460385,1.0343067599112088,1,-0.06947144520659908,-1.5132197088986241,1.5187627287185095,-1.6177783434424764,0.0015214695182356659,1.0000000381541183,0.2543607890135225,1,3.0073444631586352,-4.05250935650596,5.048479582975922,-0.9331258779341673,-0.015031884855300682,1.0000000011524652,0.007682021485666605,0
22.2,-0.0037536191897267358,0.0047316901716332824,-2.3512760059275772e-09,0.22670332710333185,0.23780509178069079,0.3245272619999181,0.8051936515537035,0.0006696119373385195,1.0000030827632551,20.551748581636453,1,0.6887789593892278,0.2149820299215649,0.7186817645308565,0.2982013049819663,-0.0023309757225340425,1.0000003988532054,2.6590213687640984,1,0.4511138255112991,0.8889985449243225,0.9926673733244068,1.1010977107937545,0.0010028282610645791,1.0000001549925999,1.0332838361258936,1,0.032646314340080064,-1.5049673406905086,1.5091146561114681,-1.5503649310441208,0.001465029273689246,1.0000000387291834,0.2581945564985015,1,3.051414857353357,-4.0166895168409695,5.046251524970218,-0.9218720258129479,-0.014822954234581251,1.000000001154077,0.00769276655554375,0
22.220000000000002,-0.0037536191964150202,0.004731690170519278,-2.3551280071108793e-09,0.04209237743195638,0.36408937447952505,0.3625411192056221,1.459355047653677,0.0006722229762270659,1.0000031572918444,21.048605843736144,1,0.6310983575483061,0.3517594916016746,0.7191154660566197,0.5050777395475509,-0.002134107521205073,1.0000003994072149,2.662714766414158,1,0.33573429549975964,0.9407564843258072,0.9946971036490808,1.2284047695169515,0.00114706045464372,1.0000001547533233,1.031688658825265,1,0.13462172121996113,-1.489785720318875,1.4994793580186627,-1.482084052280691,0.0014028631233724779,1.0000000393338904,0.26222593534819466,1,3.095110490357842,-3.9803756025380808,5.044042404628474,-0.9106083004824171,-0.014622164613496249,1.0000000011556807,0.007703456880198703,0
22.240000000000002,-0.0037536192023170916,0.004731690169367514,-2.3590613876418864e-09,-0.15941893686430825,0.3742868799368642,0.4040531786330584,1.981046471257017,0.0006702935976447005,1.0000031016130304,20.677413750300058,1,0.5467893014116336,0.47381581454961963,0.7197480186426112,0.7116466495620618,-0.0018935117041954273,1.0000003997964428,2.665309619265733,1,0.21500182993952704,0.977501276707814,0.9968212020517742,1.3551807304332777,0.0012696271446035834,1.000000154433002,1.029553183222921,1,0.23597436572582212,-1.4676118786790955,1.4899023000218576,-1.4129221279286805,0.001336108083684161,1.00000003996698,0.26644653339005864,1,3.138425487826885,-3.943571437045206,5.041852545459358,-0.899334772585791,-0.014431916828755572,1.0000000011572756,0.0077140907097653574,0
22.26,-0.0037536192062506595,0.004731690168209715,-2.3630663563076193e-09,-0.3247729010167949,0.295916494388799,0.43812703697565747,2.4115399809596667,0.0006660411998986268,1.0000029768124907,19.845410151755132,1,0.43947666169793675,0.5760375130549954,0.7205522715869818,0.9178023282154275,-0.0015830600845532959,1.000000400004711,2.6666980722743405,1,0.09087196498840508,0.998742596750879,0.9990053017886236,1.4814093423820096,0.0013655845750915336,1.0000001540377665,1.0269182807113344,1,0.3362082457322314,-1.4384163434629298,1.4804304196694789,-1.3428696996865481,0.0012667308255804445,1.0000000406269036,0.2708460247538041,1,3.1813540117667753,-3.9062809204489235,5.039682260500727,-0.8880515138102016,-0.014251078051015895,1.0000000011588621,0.007724666280156672,0
22.28,-0.003753619208405664,0.004731690167062437,-2.367128969834459e-09,-0.4299490985486201,0.16225748023635073,0.45980870545227653,2.789506656125479,0.0006609526823555538,1.0000028261467333,18.840971769982527,1,0.31374775918660647,0.6541894204414515,0.7214939391164081,1.1234576085955246,-0.0011881604162146107,1.0000004000239149,2.6668260994628747,1,-0.03467036614241803,1.0042448185163968,1.0012145036978675,1.607083413983318,0.0014279388572480875,1.000000153574922,1.0238326499879464,1,0.4348139612851901,-1.402205922713482,1.471111921406724,-1.2719218953961964,0.0011963193134459506,1.0000000413117918,0.27541194562337507,1,3.223890261679918,-3.868508029217233,5.037531856919916,-0.8767585975239737,-0.014079187898918986,1.0000000011604393,0.007735181813970688,0
22.3,-0.003753619209137417,0.004731690165934766,-2.3712372239359514e-09,-0.46554152983225694,0.0025711068261911,0.46715605813632527,-3.1392771331939624,0.0006557572053159323,1.0000026755226603,17.836811282421642,1,0.17493922747615473,0.7050887199848198,0.7225331922750727,1.3285474013351302,-0.0007056356712071247,1.0000003998542764,2.665695176071043,1,-0.15964375323867205,0.9940243231789482,1.0034139490747735,1.732204645652303,0.0014489857862077754,1.000000153052766,1.0203516100648438,1,0.5312713649879867,-1.3590264145389084,1.4619960241261165,-1.2000788952813841,0.0011261745258724107,1.000000042019425,0.28012950020942146,1,3.2660284757100038,-3.8302568159233,5.035401638041205,-0.8654560986127423,-0.01391648365748631,1.0000000011620074,0.007745635522363369,0
22.32,-0.0037536192086603535,0.004731690164832679,-2.375380631341323e-09,-0.4291406099869749,-0.1569469443266317,0.459669006205719,-2.7847676991939823,0.0006505268549465156,1.0000025421712875,16.947802130839392,1,0.028895547587232815,0.7267263721479352,0.7236264585367653,1.5330310883478242,-0.0001427637379544257,1.000000399504166,2.6633611061410716,1,-0.2821015201556984,0.9683427158956622,1.0055693634080367,1.8567833213099625,0.0014220017315347514,1.0000001524804034,1.0165358592870006,1,0.6250526901110102,-1.3089651709672008,1.4531326619674072,-1.1273463891465383,0.0010574638787199627,1.0000000427472078,0.2849813858687749,1,3.307762931787494,-3.791531408949679,5.033291903398168,-0.8541440933075825,-0.01376333254827634,1.000000001163566,0.007756025607166619,0
22.34,-0.0037536192070108023,0.004731690163760371,-2.3795485885533263e-09,-0.32323981290503984,-0.2900887893885488,0.43785777032703543,-2.4064522862089857,0.0006446613181105278,1.0000024414562576,16.276368597865947,1,-0.1182874284564202,0.7183328641033698,0.7247283310711686,1.7368937212499271,0.00048034420760491113,1.0000003989895354,2.6599302364714514,1,-0.4001607926064109,0.9276964676249034,1.007647562666832,1.980837883265605,0.0013439611547890048,1.0000001518675554,1.0124502061464522,1,0.7156261674126327,-1.252153434367385,1.4445721385451566,-1.0537360107749882,0.0009912840615336877,1.0000000434921472,0.28994764743998425,1,3.349087948775026,-3.752336012172688,5.031202948055129,-0.8428226591268558,-0.01361981251699408,1.0000000011651147,0.007766350263283551,0
22.36,-0.0037536192040665637,0.004731690162719579,-2.3837287577849198e-09,-0.15737531775402994,-0.3675653392598471,0.4036833919476285,-1.975293411049485,0.0006377247691783322,1.0000023929391215,15.952921024293705,1,-0.26052114591678444,0.6803886245934486,0.7257934887973143,1.9401460494778036,0.0011231269307370294,1.000000398333006,2.655553372681517,1,-0.5120291185453791,0.8728035159460967,1.0096169196426208,2.104394414991944,0.0012202250291807972,1.0000001512243577,1.0081622223413327,1,0.8024601277886884,-1.1887683567401335,1.4363647351665232,-0.9792657339476224,0.000928714332492702,1.0000000442508359,0.2950055718612405,1,3.389997887612403,-3.712674904626595,5.029135061578863,-0.8314918749309593,-0.013485289546425661,1.0000000011666532,0.0077766076810724715,0
22.380000000000003,-0.0037536191996939156,0.004731690161706572,-2.3879061228360143e-09,0.0441900581574485,-0.3561080422909806,0.362140954148824,-1.4525246135598213,0.0006315378326535727,1.0000024266094396,16.177389811799646,1,-0.3919737279031475,0.6145822776921023,0.7267785294919034,2.142823470728883,0.0017187305332738456,1.000000397562661,2.65041774064029,1,-0.6160284560035548,0.8045873506538973,1.0114477949239313,2.2274860537441525,0.0010701924550390479,1.0000001505611302,1.0037407054194132,1,0.8850275711475409,-1.11903460632224,1.4285602750274726,-0.9039602133033899,0.0008709499153530924,1.0000000450194453,0.30012963456678565,1,3.4304871524609535,-3.672552440147432,5.027088526740405,-0.8201518211594564,-0.013357703336369564,1.0000000011681816,0.0077867960480049545,0
22.400000000000002,-0.003753619194511733,0.0047316901607056,-2.3920657585795035e-09,0.22801789564804503,-0.2284496249616941,0.3242381361000391,-0.7969949346929238,0.0006313322746393626,1.0000025795034901,17.196683481523554,1,-0.5073004544375634,0.5237219856510886,0.72764362674221,2.34498406501976,0.0021936530779332083,1.0000003967106432,2.6447376218371224,1,-0.7106164426809276,0.7241590818716781,1.0131129414327011,2.3501523437566987,0.0009263768516501355,1.000000149888128,0.9992540228151082,1,0.9628111626640233,-1.043225463288009,1.4212076479085651,-0.8278510527771641,0.0008194531235935097,1.0000000457937264,0.30529150841785757,1,3.470550191847118,-3.631973046996541,5.025063618783668,-0.8088025804692758,-0.013232733548745738,1.0000000011696992,0.0077969135489943065,0
22.42,-0.0037536191916517133,0.004731690159684325,-2.3962081967081328e-09,0.308877639372569,-0.0018510161244805852,0.3075392385930324,-0.017159664030399275,0.000639600762930013,1.0000028406267762,18.937505389715195,1,-0.6018478041972427,0.4116064383846852,0.728353962893552,2.5467059296970946,0.0025162180109058324,1.0000003958117625,2.638745082845711,1,-0.7944049323880805,0.632797939541092,1.014587875314626,2.472438523685109,0.0008155156018914741,1.0000001492153836,0.9947690617006641,1,1.0353085962553346,-0.9616633078146416,1.414354304730782,-0.7509769836896374,0.0007751829219470956,1.0000000465690222,0.3104601474815612,1,3.5101814998045633,-3.590941227464366,5.023060609352716,-0.7974442387476215,-0.013106326410071588,1.0000000011712058,0.007806958367902432,0
22.44,-0.003753619194748776,0.004731690158618279,-2.400370133562313e-09,0.23404573259706518,0.22728159238287804,0.3229205552887993,0.7661176577083505,0.0006493082310294486,1.0000030741491295,20.494321076701777,1,-0.6718255318039537,0.28286269229120165,0.7288809632891613,2.748083987875147,0.0027098681109556455,1.0000003949022886,2.6326819240776125,1,-0.866175834874268,0.531930577564431,1.0158511736548106,2.594394745959289,0.0007337844570252043,1.0000001485527288,0.9903513629175495,1,1.1020382423533863,-0.8747194097502048,1.408045732223663,-0.6733839296559798,0.0007364018214893073,1.0000000473402944,0.31560196268695145,1,3.5493756170128203,-3.5494615574536046,5.021079777567297,-0.7860768845246591,-0.012983033636343335,1.0000000011727015,0.007816928695464038,0
22.46,-0.003753619201366647,0.0047316901575301185,-2.404595341853194e-09,0.05258271738341469,0.35996646186189407,0.3602859414368593,1.4280001467116834,0.0006548945139150899,1.0000031571661023,21.047767562180255,1,-0.7144429794867383,0.1427581817849733,0.7292033662473263,2.949226309016715,0.002826880929771358,1.0000003940187479,2.626791652273996,1,-0.9248943544591709,0.4231094797420245,1.0168846833706155,2.7160752699837323,0.0006602478532756866,1.0000001479098148,0.9860652689439525,1,1.1625449750820416,-0.7828129403367674,1.4023249022078275,-0.595124938480886,0.0007004085052753217,1.0000000481021631,0.3206810878579337,1,3.588127131931895,-3.5075386860392825,5.019121409079863,-0.774700605791739,-0.012870622668660554,1.0000000011741854,0.007826822735344505,0
22.48,-0.0037536192073051606,0.0047316901564647025,-2.408889261673597e-09,-0.1496959627028139,0.37583516394235683,0.4019557933552342,1.955826738303271,0.0006573314861424129,1.0000031068317379,20.712205132867954,1,-0.7280071989210999,-0.0030060297550270777,0.7293080666205174,-3.1329353184956372,0.002919790390210539,1.0000003931965442,2.621310294127945,1,-0.9697197678648665,0.30799072341020955,1.0176736752981457,2.837537693843728,0.0005849105551426105,1.0000001472959725,0.9819729870498332,1,1.2164060537593842,-0.6864091447091072,1.3972317042566114,-0.5162599834017277,0.0006667097036128324,1.0000000488489607,0.32565973710378254,1,3.626430681935393,-3.4651773350066533,5.017185779705355,-0.7633154897576336,-0.012768421620427378,1.0000000011756578,0.007836638700346822,0
22.5,-0.0037536192112534884,0.004731690155451088,-2.413231013024403e-09,-0.31777418212751785,0.3013330102780207,0.4365906821260907,2.390125724295662,0.0006581655430500113,1.0000029844394749,19.896256712576513,1,-0.7119815082781984,-0.14851410055780884,0.729190635234479,-2.931908577314911,0.0030156934979246497,1.0000003924685714,2.6164571432980686,1,-1.0000138760267951,0.18831131900736103,1.0182069655262618,2.9588422224603224,0.0005079670102170745,1.0000001467200172,0.978133285096049,1,1.2632369153108016,-0.5860166369499272,1.3928023979103228,-0.4368556245993478,0.0006356635159889577,1.0000000495747996,0.3304986638002124,1,3.664280954441753,-3.4223822983692767,5.015273151759761,-0.7519216251567663,-0.012672024970142538,1.0000000011771184,0.00784637481112297,0
22.52,-0.0037536192133738565,0.004731690154500579,-2.417595860049887e-09,-0.4264896740300007,0.16984812050672773,0.4590016398849593,2.7700989594291356,0.0006580718352633849,1.000002834387985,18.895913447415396,1,-0.6670038398792013,-0.2878600578241124,0.7288554954138425,-2.730757019230938,0.003116635648621183,1.0000003918639886,2.61242659056867,1,-1.0153472383703412,0.06586628494871054,1.0184770136851762,3.0800509369655704,0.0004330621311248287,1.000000146190111,0.9746005758914357,1,1.3026967213258434,-0.48218380714537445,1.3890690958330587,-0.3569845155572635,0.0006073815687833576,1.000000050273657,0.33515771406538647,1,3.7016726880414237,-3.379158441866502,5.013383778975524,-0.7405191031624674,-0.012577680446032191,1.0000000011785666,0.007856029299214659,0
22.540000000000003,-0.0037536192140292853,0.004731690153614725,-2.4219622952147135e-09,-0.46590847355650716,0.010871346536949345,0.46713796157956455,3.125139966800701,0.0006571487184661074,1.0000026832818851,17.888539448392148,1,-0.5948647248403794,-0.4153721395233914,0.7283157776774708,-2.5293633910065925,0.0032096730542933855,1.000000391407178,2.6093811871344528,1,-1.0155032779613873,-0.05751443536486394,1.0184799966583333,-3.081958250374097,0.00036448881234809233,1.0000001457136805,0.9714243737689312,1,1.3344934972684155,-0.3754943621491187,1.3860592846682782,-0.2767247570576159,0.0005817627522833243,1.0000000509394693,0.3395964626508797,1,3.738600673619461,-3.3355107024392265,5.011517909636275,-0.7291080173357625,-0.012482577813749665,1.000000001180002,0.007865600409667842,0
22.560000000000002,-0.0037536192134487575,0.004731690152790202,-2.4263121234380236e-09,-0.4333384900699288,-0.1493103498312243,0.46044150566260006,-2.8041172534073335,0.0006551327294816587,1.0000025486272546,16.990841910882324,1,-0.49844517034956703,-0.5258307295315615,0.7275928676292174,-2.3276193845876674,0.003274627881911163,1.0000003911168716,2.6074458100879356,1,-1.0004803237695388,-0.17998913955730061,1.01821585153486,-2.9607511104646185,0.00030618836580294484,1.000000145297363,0.9686489233961713,1,1.3583887025175265,-0.26656205631841334,1.3837953984284954,-0.19615910944981493,0.0005586846899726232,1.0000000515662373,0.34377491561200074,1,3.775059755473716,-3.2914440876838427,5.0096757876901625,-0.7176884634593587,-0.012384431403607989,1.000000001181425,0.007875086402170377,0
22.580000000000002,-0.0037536192116838134,0.004731690152020646,-2.4306291090091248e-09,-0.3309955048340186,-0.2845723228027849,0.439365378579108,-2.4277393013979967,0.0006515412322789859,1.0000024457357521,16.304898562093083,1,-0.3816151738085503,-0.6146735804749764,0.7267156560916045,-2.1254298592764136,0.003289487491836396,1.0000003910054345,2.6067028966239016,1,-0.970491625528242,-0.29972755701345344,1.0176882837143997,-2.839449687937515,0.00026118932841024805,1.0000001449469622,0.9663129188255128,1,1.374201079448685,-0.15602470324464585,1.3822944594534914,-0.11537407850599177,0.0005381375631901317,1.000000052148139,0.3476542589338179,1,3.8110448324286295,-3.2469636752845283,5.007857653000531,-0.7062605394326742,-0.012281166604208762,1.000000001182835,0.007884485550920523,0
22.6,-0.0037536192086254994,0.0047316901512965,-2.4348975097461534e-09,-0.16790538848355446,-0.3658511749587253,0.40576551192097393,-2.0002964438600728,0.000647904803847281,1.0000023937797649,15.958525312465829,1,-0.24909432442843735,-0.6781816686319511,0.7257195030885388,-1.9227167196154893,0.003234809748316096,1.0000003910783157,2.607188771207573,1,-0.9259633410847239,-0.41493401195345,1.0169047373169666,-2.7179918236046494,0.00023124810578824734,1.0000001446674134,0.964449259604359,1,1.3818096478687634,-0.044537592239971904,1.3815677995818403,-0.03445889596580793,0.0005203290089484076,1.0000000526796442,0.35119762776226676,1,3.8465508589446635,-3.202074612424072,5.006063741124214,-0.6948243452400558,-0.012170596627068188,1.0000000011842316,0.007893796143171575,0
22.62,-0.0037536192041371904,0.004731690150602552,-2.4391011636641646e-09,0.032774772427573935,-0.36000599163256486,0.36440891008392995,-1.4835672574375083,0.0006481949551906622,1.000002422077951,16.14717988804295,1,-0.10627697449781037,-0.7136386502487259,0.7246449366771557,-1.7194223129795327,0.003106736571582879,1.0000003913336883,2.608891255179391,1,-0.8675304622084266,-0.5238705007135497,1.015876328147716,-2.5963172151399965,0.00021729846755445226,1.000000144462742,0.9630847839040444,1,1.3811557372300995,0.06723353829014903,1.3816208712180547,0.04649557852661188,0.0005058051528201272,1.0000000531556301,0.3543708677609066,1,3.8815728462234813,-3.156782115173579,5.004294282633849,-0.6833799830593883,-0.012049825145438646,1.0000000011856145,0.00790301647589336,0
22.64,-0.0037536191987635487,0.00473169014991204,-2.4432259279963398e-09,0.21954451784420678,-0.2387874338946822,0.3259029818312351,-0.8357809334774775,0.0006526546796382273,1.000002567961271,17.119735353916923,1,0.040974129075041,-0.7194566479513141,0.7235361069183271,-1.515512204187024,0.0029327007998718804,1.0000003917623863,2.6117492415712715,1,-0.7960306127099276,-0.6248796056031262,1.0146177407981045,-2.4743681727796694,0.00021985073328124028,1.0000001443360242,0.9622399985778081,1,1.3722439818939416,0.17861979664182007,1.3824531546352439,0.12739800250691002,0.0004954878602400573,1.0000000535714888,0.35714325867119695,1,3.916105863309208,-3.1110914678617334,5.0025495025606865,-0.6719275577443402,-0.011914455626227602,1.0000000011869838,0.007912144849757328,0
22.66,-0.0037536191954831823,0.004731690149181864,-2.4472740852050923e-09,0.30803200875948794,-0.01567122386214348,0.3076335761160233,-0.06050307389979375,0.000662174939894802,1.0000028256647948,18.837758845700286,1,0.1865601071846898,-0.6952612019032208,0.7224390220234251,-1.3109771430455937,0.00274909630779613,1.00000039234808,2.6156538670957787,1,-0.71249562400227,-0.7164071371818826,1.0131470887497553,-2.352090374416853,0.00023482981410126647,1.0000001442893487,0.9619288285806481,1,1.3551422424010255,0.28895651533720196,1.384058166290591,0.20815770725672045,0.0004898960276578083,1.0000000539232254,0.3594881697546378,1,3.950145038185594,-3.0650080224249123,5.000829623766871,-0.6604671778101664,-0.01176054822288877,1.000000001188339,0.00792117956228116,0
22.68,-0.0037536191981051865,0.004731690148375309,-2.4512858297007223e-09,0.24114059978170002,0.21638467043935106,0.32137749682890654,0.7265891169511656,0.0006732569052956729,1.0000030649872063,20.433241588400858,1,0.3243964320002694,-0.6419288874741336,0.7213996408519969,-1.1058340375262916,0.0025711063460226394,1.000000393067682,2.6204512131848388,1,-0.618140773458827,-0.7970243562755833,1.0114857288160055,-2.2294336148040816,0.0002463541571258883,1.0000001443237818,0.9621583818604308,1,1.3299804560021462,0.397590518868888,1.3864235756371677,0.28868583262038977,0.0004876229726034676,1.0000000542075425,0.3613836170693668,1,3.983685558867065,-3.0185371977389552,4.999134878586299,-0.648998955171965,-0.011592297819776163,1.00000000118968,0.007930118907696687,0
22.700000000000003,-0.003753619204524602,0.004731690147503159,-2.4553133532410898e-09,0.0630934522789841,0.3554341862334768,0.3580367944250854,1.3961941031132246,0.0006805541079469305,1.0000031565984788,21.043983406216036,1,0.4486718700931542,-0.5615724441798398,0.720461894092056,-0.9001258113905017,0.0024070452255450835,1.0000003938921007,2.6259473385349605,1,-0.5143515626708813,-0.8654495767838939,1.00965802237345,-2.1063525558200933,0.00023932645668335177,1.000000144439334,0.9629287313232061,1,1.2969484596244194,0.5038870954395154,1.3895314235209795,0.36889641730188694,0.00048720988928658995,1.000000054421906,0.36281270678573546,1,4.016722674481131,-2.971684478930763,4.997465511649943,-0.6375230018590808,-0.011418269148057112,1.0000000011910062,0.007938961180958935,0
22.720000000000002,-0.003753619210443324,0.004731690146602628,-2.4593731426381105e-09,-0.13979947602454013,0.37706683856945705,0.399831527160794,1.9302996010389375,0.0006835922777378141,1.0000031118142845,20.745422110986933,1,0.554104273576417,-0.45747039662703265,0.7196657220634457,-0.6939200746329744,0.002278551114760707,1.000000394787327,2.631915513300168,1,-0.40266791802048263,-0.9205688926137561,1.0076910593797883,-1.9828074747718287,0.00021067853584109066,1.0000001446349325,0.9642327209313394,1,1.2562928646076807,0.607236501355824,1.3933584130015964,0.44870740896845157,0.0004892183565081434,1.0000000545645926,0.3637639510433994,1,4.049251696343238,-2.9244554166692853,4.995821764292256,-0.6260394289086676,-0.011240010551120358,1.0000000011923178,0.007947704675034856,0
22.740000000000002,-0.0037536192144168867,0.004731690145698,-2.4634552136908183e-09,-0.31053799412206223,0.3065342394197766,0.4350140071869194,2.368528733048086,0.0006832807006218922,1.0000029919681457,19.946447851666655,1,0.6361803005976607,-0.33394105034459015,0.7190452441561351,-0.4873065668219614,0.002198051901290799,1.0000003957158121,2.6381054137301723,1,-0.2847657177497089,-0.9614557102372484,1.0056143438954523,-1.8587649804946589,0.00016027876339270295,1.0000001449083948,0.9660558034152651,1,1.208313095163628,0.7070598504623409,1.3978762738348391,0.5280415549793939,0.000494622120763371,1.0000000546347145,0.36423143024135174,1,4.081267999023604,-2.876855626437959,4.99420386856701,-0.6145483483616075,-0.011055692306073353,1.0000000011936143,0.007956347682389038,0
22.76,-0.0037536192165751048,0.004731690144797511,-2.4675458881046053e-09,-0.4227705721946585,0.1773086648416075,0.4581502022040038,2.7505986642429856,0.0006808949000524232,1.0000028426118464,18.950739189952294,1,0.6913657110803181,-0.1961642205199782,0.718627161468262,-0.2803934203341142,0.0021589404853103946,1.0000003966380937,2.644253958200791,1,-0.1624355900410633,-0.9873887059193671,1.003459425827963,-1.7341986848698434,8.708118541468915e-05,1.0000001452564131,0.9683759247617715,1,1.1533567279937522,0.8028142695536695,1.403052201126126,0.6068271611121852,0.0005039409914220143,1.0000000546322212,0.36421480831482145,1,4.112767021402737,-2.8288907877875835,4.9926120513005765,-0.6030498742106452,-0.010864337742657968,1.0000000011948953,0.007964888504967748,0
22.78,-0.0037536192172847177,0.004731690143901526,-2.47163509407497e-09,-0.4660122439080358,0.019115470137812163,0.46707565232366743,3.106349550915385,0.0006779398500463436,1.0000026910755615,17.940497290482654,1,0.7172735715765287,-0.049957777757966775,0.7184294887606556,-0.0733024045354327,0.0021448953722072958,1.0000003975145924,2.6500972817380037,1,-0.03755898673181955,-0.9978677680031836,1.001259479996277,-1.6090898202573338,-9.560789597335735e-06,1.0000001456745458,0.971163476303108,1,1.0918142865263962,0.8939972337473218,1.4088493477304387,0.6849987092269119,0.0005173438614537127,1.0000000545578813,0.36371920813310693,1,4.143744267714372,-2.7805666435671723,4.991046537145787,-0.5915441222838652,-0.010666119227747298,1.000000001196161,0.00797332546505812,0
22.8,-0.0037536192167839004,0.004731690143007676,-2.475716191080446e-09,-0.4372819303016346,-0.1416573543115909,0.4611723905129817,-2.823422397264464,0.0006754190716733491,1.0000025551608238,17.03439903983747,1,0.7127796216624677,0.0984803576219288,0.7184606977411224,0.13383660113386922,0.002142665369452231,1.0000003983074768,2.6553831778677934,1,0.08791838219237903,-0.9926274353945173,0.9990488368003458,-1.4834277832902942,-0.00012856729715495475,1.000000146157225,0.9743813369430139,1,1.024113651469589,0.9801500308853442,1.4152273519253546,0.7624973257430788,0.0005348342309674599,1.0000000544132432,0.3627549551282061,1,4.174195308576574,-2.7318889991316286,4.98950754949316,-0.5800312099418552,-0.01046187612231319,1.0000000011974106,0.007981656911955045,0
22.82,-0.003753619215132273,0.004731690142112814,-2.479784168805954e-09,-0.3385228141332936,-0.2789589635498848,0.4408370573631659,-2.448903198911199,0.0006732055902005988,1.0000024501449964,16.33429352354923,1,0.6780771232742887,0.24285124044388395,0.7187193253989981,0.3408915916521426,0.0021503277778547316,1.0000003989824846,2.6598832310789113,1,0.21201556807301258,-0.9716473096394976,0.9968624679622239,-1.3572105820116813,-0.0002664575491317075,1.0000001466977788,0.977985029405474,1,0.9507142494207428,1.0608603382823811,1.4221428852163718,0.8392710995615084,0.0005564035754074569,1.0000000542005807,0.3613372042176188,1,4.204115782012471,-2.6828637215263944,4.987995310290164,-0.568511255823755,-0.010252707243277027,1.0000000011986443,0.007989881222778362,0
22.84,-0.003753619212225623,0.0047316901412128125,-2.4838337242018282e-09,-0.17827025632016144,-0.3639467040936663,0.40782418026587264,-2.025069597145394,0.0006702218126066045,1.000002394831723,15.965538366835089,1,0.6146674569698787,0.3770395737494525,0.7191940683922884,0.5477345266060187,0.00217849093829901,1.0000003995105764,2.6634038424369906,1,0.33274755478756723,-0.9351589060205275,0.9947354322070777,-1.2304451623842492,-0.00041709512518309916,1.0000001472884767,0.9819230147911164,1,0.8721011738094715,1.135763926784505,1.4295502062667476,0.9152752545268826,0.0005822054101563716,1.0000000539228202,0.3594854686665112,1,4.233501394461793,-2.633496738650139,4.986510039196864,-0.5569843796735795,-0.010039560553476249,1.0000000011998615,0.00799799679815243,0
22.86,-0.003753619207916001,0.004731690140300078,-2.487857856791481e-09,0.021382479450636774,-0.3636271403533343,0.36668129877892347,-1.5142502901008779,0.0006665011913231328,1.0000024178765037,16.11917023810347,1,0.5252871095012471,0.49538815805555564,0.7198643517615257,0.7542471690440077,0.0022461597719514175,1.000000399869313,2.665795420009714,1,0.44815815035501005,-0.8836484250056715,0.9927022882061208,-1.1031475902557746,-0.0005716576747177878,1.0000001479205964,0.9861371464262634,1,0.7887793789334683,1.2045455346088345,1.437401708027966,0.9904721865234806,0.0006127676380486552,1.0000000535834608,0.35722307189670127,1,4.262347921783929,-2.583794038396961,4.985051952081331,-0.5454507023141945,-0.009822588993088948,1.0000000012010624,0.008006002054675082,0
22.880000000000003,-0.0037536192026687816,0.004731690139357519,-2.491849573904581e-09,0.21084268623803976,-0.24887307318012775,0.3276226980861435,-0.8741825405910365,0.0006666183399068376,1.0000025567774415,17.045176491650697,1,0.41377599807963633,0.592947156132064,0.7207013298061116,0.9603263433909397,0.002373934596232929,1.0000004000438736,2.666959156512515,1,0.5563540333438556,-0.817854974597432,0.990796485684661,-0.9753430665203406,-0.0007190636823411053,1.0000001485845182,0.9905632914403887,1,0.7012680699047857,1.2669389755907805,1.445648446044751,1.0648313785728896,0.0006490196572269983,1.0000000531864823,0.3545765482675782,1,4.2906512102525225,-2.5337616677796198,4.98362125922407,-0.5339103460097331,-0.009600307011125717,1.0000000012022463,0.008013895415776906,0
22.900000000000002,-0.003753619199296148,0.004731690138352874,-2.495815111872024e-09,0.3067702042736219,-0.029524003259040497,0.30782149457306035,-0.10380252926209209,0.0006748987706042412,1.0000028106745633,18.73782396977538,1,0.28489579784966923,0.665685395007546,0.7216692513559559,1.1658883363706392,0.0025697956185184376,1.0000004000276543,2.666851028936885,1,0.6555392571137583,-0.738763860356582,0.9890497508794205,-0.8470657569006227,-0.0008492829695263265,1.0000001492698465,0.9951321463413481,1,0.6100953904187327,1.3227265624837632,1.4542406367775833,1.138329207780471,0.0006910642959327085,1.0000000527362543,0.35157502803239454,1,4.318407177541143,-2.483405732035419,4.982218166680368,-0.5223634354832675,-0.009371021820884139,1.0000000012034134,0.00802167530312116,0
22.92,-0.003753619201743403,0.0047316901372587965,-2.4997959292838434e-09,0.24796908221047992,0.2051372895118394,0.3198989396221729,0.6867102304627765,0.0006863175829256409,1.0000030553981394,20.36931447672409,1,0.14410968957417175,0.7106540551841297,0.722727107395668,1.3708722374976192,0.002807937755059671,1.0000003998224345,2.6654828966893707,1,0.7440493960042373,-0.6475946810600238,0.9874914817459861,-0.7183584170141966,-0.0009636389270133065,1.0000001499655702,0.9997703055021607,1,0.5157934874830726,1.371737935985182,1.4631281223010943,1.2109486577003372,0.0007358289554210643,1.0000000522374461,0.34824964113935136,1,4.3456118136977615,-2.432732393716028,4.980842886685252,-0.510810098126481,-0.00913967363136185,1.0000000012045631,0.008029340136091155,0
22.94,-0.0037536192082402494,0.004731690136094724,-2.5038460966034237e-09,0.07360398743450557,0.35049369731379443,0.3557999356360436,1.3640152831904693,0.0006959306400723492,1.0000031556770632,21.0378406352292,1,-0.002663492881668988,0.7260967340320132,0.7238304732841597,1.5752421156950611,0.0030514590033178745,1.000000399438119,2.6629207931160463,1,0.8203844285220939,-0.5457841253723184,0.986148157228051,-0.5892717959399515,-0.0010713232179807802,1.0000001506602456,1.00440147460886,1,0.4188940091013761,1.4138483957688266,1.4722608053725126,1.2826789622189052,0.0007797782826836226,1.000000051694942,0.34463294700053304,1,4.3722611821042365,-2.381747871759718,4.979495642912163,-0.49925046096673437,-0.008915234782761534,1.0000000012056953,0.008036888340223773,0
22.96,-0.0037536192143955644,0.004731690134908937,-2.5079828483084987e-09,-0.12973959398795037,0.37797138256540797,0.39768846797205054,1.9045231304158403,0.0007000783016413463,1.000003116627056,20.777507254676436,1,-0.14930738365431126,0.711503557103137,0.7249334401012134,1.7789880194795478,0.0032893831655595967,1.0000003988920867,2.6592805772840977,1,0.8832393975879942,-0.4349635574900964,0.9850427778650426,-0.4598638366031381,-0.0011742282329769939,1.0000001513421997,1.0089478343830012,1,0.3199240699507264,1.448976831926947,1.481589034441231,1.3535152096692855,0.0008223867418598453,1.0000000511137568,0.34075837844517354,1,4.398351420421017,-2.3304584405438873,4.978176655458392,-0.4876846489781116,-0.008699902641938994,1.0000000012068098,0.008044318349096214,0
22.98,-0.0037536192186161613,0.004731690133737305,-2.512193281525854e-09,-0.3030625619270836,0.3115065822648355,0.43340506484338787,2.3467908143383527,0.0006965776835392076,1.0000029994493578,19.996322599910872,1,-0.28976584559090873,0.667610347447322,0.7259905428511296,1.9821258208426427,0.0035159739398406306,1.0000003982081995,2.6547213295627623,1,0.9315318748912155,-0.31693168519180903,0.9841943748062554,-0.33019868686750237,-0.0012718210339625622,1.0000001519997612,1.0133315780924672,1,0.21940270223373612,1.477083352453805,1.4910639275301771,1.4234579100666607,0.0008640630360944396,1.0000000504989566,0.33665971034746506,1,4.423878741518612,-2.27887042891955,4.976886131980765,-0.4761127869447928,-0.00849194554059727,1.0000000012079064,0.008051628604574264,0
23.0,-0.0037536192209882665,0.004731690132598199,-2.5164579391633024e-09,-0.4187798149544025,0.18462746685459355,0.4572611619499413,2.7310346234259653,0.0006909000729188612,1.0000028508576113,19.00571095617203,1,-0.4182892249057788,0.5963465493009866,0.7269586027942033,2.184695982338562,0.003712701946889724,1.0000003974156537,2.649437691561085,1,0.9644253000233619,-0.19362281735066217,0.9836176019586923,-0.20034552668873748,-0.0013660612321080559,1.000000152621507,1.0174765509786894,1,0.11783779298754773,1.4981666957605755,1.5006376525466847,1.492512536450211,0.0009049406953729656,1.0000000498555857,0.33237057132676207,1,4.448839434393646,-2.226990219228414,4.9756242702556,-0.46453500072982784,-0.008289814967801953,1.0000000012089847,0.008058817563337713,0
23.02,-0.0037536192218759314,0.0047316901315002545,-2.5207591079594305e-09,-0.46583311085671786,0.027296303977962084,0.46697382821258526,3.087556218063943,0.0006864936586313665,1.000002698934939,17.9928931416756,1,-0.5296599140619181,0.5007375225663354,0.7277984038218108,2.38676141729377,0.0038664554477224225,1.0000003965476607,2.6436510713783354,1,0.9813473633500943,-0.06707142567583971,0.9833224185226133,-0.07037724182440923,-0.0014603167853250757,1.0000001531965141,1.0213099319272938,1,0.015723495846289563,1.5122615086169797,1.5102636687503839,1.5606890589335762,0.0009449873319243977,1.0000000491886023,0.3279240152772607,1,4.473229865067787,-2.1748242463012675,4.974391260980649,-0.45295141742704315,-0.00809255628908896,1.0000000012100447,0.008065883704911982,0
23.040000000000003,-0.003753619221523042,0.004731690130447404,-2.525081179739763e-09,-0.4409456783900375,-0.1339898286130357,0.4618639667269128,-2.8426700724607863,0.000683959918308639,1.0000025617982422,17.078648495625167,1,-0.6193901230495253,0.3847679960481912,0.7284761663349641,2.5884046111901085,0.003975708084271062,1.0000003956399952,2.637599968029452,1,0.9820027520874096,0.06062609169378616,0.9833138733551557,0.05963101469585688,-0.00155731061967906,1.000000153714609,1.0247638978229,1,-0.08646190549573271,1.5194355596629818,1.5198969279476582,1.6280014831733245,0.000984163391097424,1.0000000485028244,0.32335216224049224,1,4.497046477469388,-2.122378996436946,4.9731872887231185,-0.4413621652507517,-0.007899438508426478,1.000000001211086,0.008072825537921102,0
23.060000000000002,-0.0037536192199963516,0.004731690129440741,-2.529409298766133e-09,-0.34579234625546756,-0.27324538663842485,0.4422728267845591,-2.469933987181646,0.000682731022460151,1.000002454707736,16.36471178754321,1,-0.6838867219716757,0.2532139463830936,0.7289647829984636,2.789724147555467,0.004048220203404338,1.0000003947295475,2.6315303172993185,1,0.9663797750718521,0.18735140360204317,0.9835919995919356,0.18960332870414437,-0.001657612632766562,1.0000001541666055,1.027777206496739,1,-0.18825771302617725,1.5197869482983237,1.5294940365984204,1.6944674015981895,0.0010225068129322556,1.0000000478028859,0.31868590584051115,1,4.5202857942981245,-2.069661006361898,4.972012531886648,-0.42976737344228116,-0.007709661796247101,1.0000000012121084,0.008079641604030206,0
23.080000000000002,-0.003753619217197965,0.004731690128478291,-2.533727895678503e-09,-0.18843654846404972,-0.3618434094050121,0.40985766908656135,-2.0496029554706983,0.0006814643208019551,1.0000023961179318,15.97411309336414,1,-0.720579704838939,0.11145016232628988,0.7292447862687687,2.990830785189901,0.004098568469562562,1.0000003938529194,2.625686129145694,1,0.9347506111939149,0.3110048630570412,0.9841518228873836,0.31946455129668433,-0.0017587538821639155,1.0000001545445196,1.030296634522206,1,-0.2892221455626184,1.5134413587257924,1.5390133818324443,1.7601075642219497,0.0010602303965259964,1.0000000470932022,0.3139546818850049,1,4.542944417872773,-2.016676862170642,4.970867162124245,-0.4181671722324525,-0.007522081845281133,1.0000000012131116,0.008086330479800346,0
23.1,-0.003753619212973831,0.0047316901275526405,-2.5380196794037857e-09,0.010051119089470663,-0.3669553463100945,0.3689553561620661,-1.544560268731228,0.0006792969800082757,1.0000024140285495,16.09351721051034,1,-0.7280121380702619,-0.03475953584561197,0.7293050309771925,-3.091342084557288,0.0041454468551286846,1.0000003930450916,2.6203006106119564,1,0.8876651737447158,0.4295455823481863,0.9849834817402711,0.4491417975270072,-0.0018547770976945984,1.000000154841756,1.032278211565319,1,-0.38893332447898266,1.5005493992067724,1.5484152249542427,1.8249454744191598,0.001097915934904281,1.000000046377944,0.3091862932354437,1,4.56501903096236,-1.9634331982475648,4.969751343152968,-0.4065616929149633,-0.007334742487557689,1.0000000012140957,0.008092890776665623,0
23.12,-0.0037536192077214014,0.004731690126645171,-2.5422674590491745e-09,0.20195087116630714,-0.25867474834541176,0.329394412077729,-0.9121725259384768,0.0006787120756474649,1.000002545986627,16.973237728380127,1,-0.7058904013125955,-0.17948284209864931,0.7291430834614844,-2.8903016367005545,0.004208198384838829,1.0000003923381917,2.6155879454349384,1,0.825938830464333,0.5410298299809221,0.9860724536444856,0.5785658710059084,-0.0019365746585940833,1.000000155053255,1.0336882030130177,1,-0.4869899543500648,1.4812840574969417,1.5576617655240548,1.8890070137079427,0.001136759000773232,1.0000000456610179,0.3044067860827716,1,4.586506397600873,-1.9099366961706212,4.968665229093919,-0.39495106826069915,-0.007144227457128774,1.0000000012150603,0.00809932113858907,0
23.14,-0.003753619204093496,0.004731690125720105,-2.5464669285973213e-09,0.3051118151939145,-0.04336167320511858,0.30810325784819786,-0.1470134100603544,0.0006845944944556728,1.0000027957075346,18.638043777837957,1,-0.6550941738769553,-0.3168440281280287,0.7287653129012559,-2.6891119646183173,0.0042967506121350686,1.000000391760378,2.611735852673492,1,0.7506344493508782,0.643646702542278,0.9873998773152949,0.7076725705390395,-0.0019963626314148638,1.0000001551755953,1.0345038063147358,1,-0.5830117385909608,1.4558382952148832,1.5667171769150088,1.9523200973887866,0.0011778821103263573,1.000000044946056,0.2996403725555291,1,4.607403363886072,-1.85619408359793,4.967608965268151,-0.38333543364587336,-0.006946919995235905,1.000000001216005,0.008105620237032507,0
23.16,-0.003753619206154371,0.004731690124742688,-2.5506495327301537e-09,0.25452814932379514,0.1935773776532183,0.31848867861776,0.6465072007662495,0.0006935194516741994,1.0000030454041304,20.302687750208655,1,-0.577646083317567,-0.4412474442714518,0.7281866791359468,-2.4876573371632427,0.00439357663722488,1.0000003913348527,2.6088990184846015,1,0.6630394377300816,0.7357501655074413,0.9889429639912279,0.8364038412082891,-0.002036427837728286,1.000000155207055,1.0347135368605382,1,-0.6766395688102669,1.4244227966730385,1.5755476160119666,2.014914357333417,0.0012196197595093373,1.0000000442364092,0.29490939441623876,1,4.627706858761872,-1.8022121331389283,4.966582698414633,-0.3717149277616856,-0.006745172360384055,1.0000000012169301,0.008111786768924349,0
23.18,-0.003753619212490719,0.004731690123722217,-2.554863621009873e-09,0.08410925867867838,0.34516824102084276,0.3535786227552157,1.3314700310920577,0.0006970618643030653,1.0000031543997916,21.029325491356676,1,-0.4766413551331257,-0.5475933315006916,0.7274302157537553,-2.285831877016387,0.004468960953530739,1.0000003910790245,2.607193496051461,1,0.5646385952710818,0.8158867379517475,0.9906754902263928,0.9647087543325757,-0.00206078398160395,1.0000001551476154,1.034317273513895,1,-0.7675355244775738,1.3872638815320684,1.5841212255356962,2.0768208507589287,0.0012587516374284755,1.0000000435351484,0.29023432186843195,1,4.647413894781286,-1.7479976612100814,4.965586585543865,-0.3600896899717744,-0.006545517883263752,1.000000001217835,0.00811781946300467,0
23.200000000000003,-0.003753619218645681,0.004731690122698247,-2.559123840790989e-09,-0.11951786831620845,0.3785660508134846,0.3955279496166739,1.8784996639837277,0.0006956731119558629,1.0000031212639369,20.808419793399533,1,-0.35613833186981964,-0.6314795732190539,0.726526227445279,-2.0835437064709432,0.004507988828066328,1.0000003910038266,2.6066921774396965,1,0.4570837033250284,0.8828183000431455,0.9925683402517241,1.0925443032597437,-0.002064377355253833,1.0000001549989268,1.0333260156940003,1,-0.855382716904545,1.3446015855951978,1.5924081330193813,2.138071808965006,0.0012949058831560221,1.000000042845067,0.2856337807062351,1,4.666521568849502,-1.6935575268730063,4.964620781645486,-0.34845985804694984,-0.006348662669797347,1.0000000012187196,0.008123717079707287,0
23.220000000000002,-0.0037536192228822427,0.004731690121698474,-2.5634151782586573e-09,-0.2953473473882603,0.3162640772139016,0.4317630817009115,2.3249168388785257,0.0006926095760414367,1.0000030068777317,20.045845091691035,1,-0.22101149958863928,-0.6893826477069006,0.7255112108346733,-1.8807187187108414,0.004500030501950245,1.0000003911132191,2.6074214613680557,1,0.3421608158036068,0.9355397129255616,0.9945900740178789,1.2198759860506228,-0.0020410787844694113,1.0000001547642365,1.0317614145354412,1,-0.9398850085306562,1.2966879099843749,1.6003804256897105,2.1987004219727604,0.001329193003528003,1.0000000421686905,0.28112460290204966,1,4.685027062950279,-1.6388986306562696,4.9636854295234185,-0.33682556968174726,-0.006151871677754023,1.0000000012195838,0.008129478404050983,0
23.240000000000002,-0.0037536192252492443,0.004731690120732416,-2.567717148280191e-09,-0.4145153559099098,0.1918150514355324,0.45633188343132913,2.711417139560649,0.0006888481879541953,1.0000028591220764,19.060807390850456,1,-0.07676976659014331,-0.7188106823471946,0.724426506594433,-1.6773038345639966,0.004434070382502056,1.0000003914038933,2.6093592893160884,1,0.22175621064244314,0.9732911522968141,0.9967075196665217,1.3466781787199453,-0.0019882551087485206,1.0000001544482746,1.0296550013708496,1,-1.0207666352180667,1.2437852355306014,1.608012109703365,2.258740646354332,0.0013624305225483227,1.0000000415082848,0.2767218982757396,1,4.70292764485507,-1.5840279133630308,4.962780661818197,-0.3251869638893955,-0.005952935541851046,1.0000000012204275,0.008135102242839679,0
23.26,-0.0037536192261164473,0.004731690119799507,-2.572012831880688e-09,-0.4653666694597052,0.03542048806933736,0.4668285402785753,3.068777240766992,0.000684974560209673,1.000002706859587,18.04572412715343,1,0.07065577597921335,-0.7184213345313536,0.7233167146310542,-1.4732695955566886,0.004305088917081447,1.0000003918652134,2.612434756277243,1,0.09782191222693858,0.9955652448184382,0.9988863773568661,1.4729343135989081,-0.0019065759205797318,1.0000001540571064,1.0270472134344597,1,-1.0977717561130107,1.1861648964656328,1.6152790651698703,2.318227036844637,0.0013949939553450708,1.0000000408658716,0.27243914322842316,1,4.720220668813247,-1.528952354864522,4.961906604428371,-0.3135441812341753,-0.005750608242319568,1.0000000012212502,0.008140587424083799,0
23.28,-0.0037536192257415085,0.004731690118894727,-2.5762894072852566e-09,-0.4443213606035833,-0.1263044597804619,0.46251162278046193,-2.861835290282175,0.0006816987667449079,1.0000025685418943,17.12360617627291,1,0.215148553514261,-0.6880974312311552,0.7222279179974952,-1.268611929048126,0.004119685507275008,1.000000392479426,2.6165295070070833,1,-0.027658395625937623,1.0021092540754866,1.001091816137282,1.5986368758950802,-0.0017989998209332544,1.000000153597967,1.0239862832574602,1,-1.1706639528249811,1.12410590566868,1.6221589982314595,2.3771946025278385,0.001427005704114719,1.0000000402432419,0.2682882794903743,1,4.736903576223088,-1.4736789728792612,4.9610633782431846,-0.30189736369703013,-0.00554426115426067,1.000000001222052,0.00814593279547681,0
23.3,-0.00375361922420501,0.004731690118010955,-2.5805367029427956e-09,-0.35279004578979795,-0.2674298140715421,0.4436680615962649,-2.490798835017726,0.0006792104371865273,1.000002459428703,16.396184899503037,1,0.3506595605586424,-0.6289740835693446,0.7212057743364264,-1.0633529272304598,0.003897323389029669,1.0000003932221655,2.6214811030251375,1,-0.1527023615528541,0.9929226887810424,1.0032890505858432,1.7237872361598192,-0.001669866379211838,1.0000001530790785,1.0205270270145628,1,-1.2392256968709787,1.0578938226134995,1.6286313907979029,2.4356786858826225,0.001458474927704841,1.0000000396419728,0.2642798188993242,1,4.752973896283743,-1.4182148217384491,4.960251099809278,-0.2902466545014654,-0.005333601204506693,1.0000000012228327,0.008151137221602073,0
23.32,-0.0037536192214206888,0.004731690117139201,-2.5847455328419783e-09,-0.19838321443906703,-0.35953781346795766,0.41186191495511126,-2.073856252475513,0.000676646064121,1.000002397644447,15.984289860144795,1,0.47146660620140957,-0.5434125039997142,0.7202935494806743,-0.8575405072290571,0.003666606836927164,1.0000003940632718,2.6270884790352267,1,-0.27536028773872295,0.9682507943621431,1.0054438875346912,1.84839533989763,-0.0015239660768165486,1.000000152509461,1.0167295772459226,1,-1.303257801563576,0.9878197542859773,1.6346774492135991,2.493714862450097,0.0014894065809886276,1.000000039063443,0.26042295281896444,1,4.768429246628135,-1.3625669911383724,4.959469881338445,-0.2785921979568065,-0.0051184014993828665,1.0000000012235921,0.008156199580678,0
23.34,-0.0037536192172331504,0.004731690116266692,-2.588906393083401e-09,-0.0011911512917519669,-0.3699800097153672,0.3712281906878816,-1.5744492011348672,0.0006727063575310037,1.0000024105411964,16.07026819071774,1,0.5724278241298494,-0.4349180548686453,0.7195301828951451,-0.6512468657362359,0.0034579873648512473,1.0000003949679241,2.6331194947231475,1,-0.3937443380606984,0.9285744409120006,1.0075232355876276,1.9724792772755868,-0.0013652861147635535,1.00000015189874,1.0126581036300115,1,-1.3625788720904768,0.9141794787364106,1.6402800532442752,2.5513388591312505,0.0015199667691981622,1.0000000385088497,0.25672566407005987,1,4.783267333936431,-1.3067426048807576,4.958719829973184,-0.26693413936952315,-0.004898060357011912,1.00000000122433,0.008161118762120152,0
23.36,-0.0037536192119788656,0.004731690115371544,-2.5930106781375806e-09,0.19289853008542315,-0.2681662633811414,0.3312180003500647,-0.9496912788063875,0.0006686637545333499,1.000002535602305,16.904008914758396,1,0.6492163675959605,-0.3080030864785968,0.7189484859920386,-0.44456570951550056,0.003295766178546496,1.0000003958980648,2.6393204324720063,1,-0.5060553201429171,0.8745969392561629,1.0094955719061895,2.096064756318418,-0.0011955222008627519,1.0000001512569583,1.0083795593900862,1,-1.4170247654184103,0.8372726806830375,1.645423706413562,2.6085864897098774,0.0015507237562302615,1.0000000379792258,0.25319483895434947,1,4.797485954529194,-1.2507488196019276,4.95800104621317,-0.25527262524225025,-0.004671005411204991,1.000000001225046,0.008165893665897303,0
23.380000000000003,-0.0037536192081512234,0.004731690114416669,-2.5970622644609642e-09,0.30306784925999686,-0.05714469117757539,0.30848501235410863,-0.19007555215416805,0.000670582882802833,1.000002780774616,18.538490986096008,1,0.698522987345586,-0.1679986724450651,0.7185735810099266,-0.23760832850208852,0.0031862173885106393,1.0000003968140574,2.6454270496583145,1,-0.6106068457199879,0.8072283075246932,1.0113313607778853,2.2191845014724723,-0.0010158175602054881,1.000000150594397,1.0039624840227972,1,-1.4664480697788242,0.7574022885886499,1.6500944862707607,2.665493606674381,0.0015823357940327382,1.0000000374754565,0.24983637737182948,1,4.811082994939353,-1.1945928234915635,4.957313623854209,-0.24360780422021291,-0.004435751915703298,1.0000000012257406,0.008170523203612258,0
23.400000000000002,-0.003753619209903817,0.004731690113365969,-2.6011003110507774e-09,0.26080965504013737,0.1817300623600319,0.3171569507656353,0.6059923632138472,0.000677008695424799,1.0000030349574642,20.233043308823977,1,0.7182141269803334,-0.0208230764265687,0.7184216924540089,-0.030498673140201542,0.0030993181010230387,1.0000003976764789,2.651176525124057,1,-0.7058467748864479,0.7275674790413893,1.0130034194143827,2.341877591797863,-0.0008367775622235434,1.0000001499214073,0.9994758864008573,1,-1.5107176118354506,0.674873902789778,1.654279989563744,2.722096064845449,0.0016135780886141439,1.0000000369982949,0.24665529955117727,1,4.824056432461522,-1.1382818350021024,4.956657659072081,-0.23193982801639346,-0.004196325921276034,1.000000001226413,0.00817500630471339,0
23.42,-0.003753619216185689,0.004731690112227968,-2.605183450476306e-09,0.09460590963296273,0.33946679092506177,0.3513796850200627,1.2985312230450863,0.0006806834300836475,1.0000031526817772,21.017872062195256,1,0.7074353229763707,0.1272817556459313,0.718499366930184,0.17663230335006197,0.0029952312976303753,1.0000003984480288,2.656320192673439,1,-0.790375931837843,0.636882894771045,1.0144872409918273,2.4641887495149275,-0.0006753529739911819,1.000000149248258,0.9949882236840265,1,-1.5497179981920584,0.5899953045025524,1.6579692817044913,2.7784296877992887,0.0016416717791509754,1.0000000365483772,0.24365584806188062,1,4.836404335674879,-1.0818231015487767,4.956033261632492,-0.2202688490696457,-0.003960694815717319,1.0000000012270633,0.008179341934196824,0
23.44,-0.0037536192224878933,0.004731690111045913,-2.6093376894950615e-09,-0.10912969759363503,0.3788572225530342,0.3933522456100999,1.8521954821140396,0.0006834188966894714,1.0000031256446142,20.837624308350733,1,0.6666529661564287,0.27003168016008955,0.7188031477046706,0.38365272115914495,0.0028614851747855775,1.0000003990953454,2.660635636626262,1,-0.8629641416835696,0.5365918662176762,1.0157612833274678,2.586167609704876,-0.0005371242550782602,1.0000001485849965,0.9905664803408379,1,-1.5833491967277395,0.5030760358563166,1.6611528682417982,2.834530245004627,0.0016657337964259154,1.0000000361262376,0.24084158321292395,1,4.848124864937297,-1.025223898196928,4.955440544988207,-0.20859501762405822,-0.0037313552432834034,1.0000000012276915,0.008183529106478564,0
23.46,-0.0037536192269172087,0.0047316901098545016,-2.6135570403837058e-09,-0.287385067052281,0.3208151751052014,0.4300880363283004,2.302877735079352,0.0006864812761521293,1.0000030141872516,20.094575224787352,1,0.5976315783100895,0.4013842214429799,0.7193197538942567,0.5904358916534427,0.0027066996377690645,1.0000003995905942,2.6639372949865425,1,-0.9225636800140236,0.42823903290935345,1.0168072057118023,2.7078679860050414,-0.00042013048017653146,1.0000001479413265,0.9862753476652044,1,-1.611526162297189,0.41442704154731796,1.6638226690838018,2.8904334470883923,0.0016862473600075276,1.0000000357323207,0.2382154706848397,1,4.859216272854767,-0.9684915263353444,4.954879614062852,-0.1969184826652883,-0.003507403761929014,1.000000001228297,0.00818756688526171,0
23.48,-0.003753619229472243,0.004731690108671619,-2.6178277259683927e-09,-0.4099705743382705,0.19888182099187943,0.45536201116992386,2.691721989944394,0.000688700107335087,1.0000028673512904,19.115668816882756,1,0.5033481518395956,0.5158090052191667,0.7200267518505072,0.7968661041262437,0.002550151037725908,1.000000399912793,2.666085287909027,1,-0.9683202503292782,0.3134741767493152,1.017610055701225,2.82934712496689,-0.00032173017433044195,1.0000001473264992,0.9821764990056926,1,-1.6341785104127455,0.3243603631717809,1.665971987131628,2.9461749474159675,0.0017037405442501443,1.0000000353669944,0.2357799624029893,1,4.869676904728515,-0.911633312337759,4.954350565293522,-0.18523939329552846,-0.003288246826701393,1.0000000012288803,0.008191454380698718,0
23.5,-0.0037536192305178935,0.0047316901075060164,-2.622137639830824e-09,-0.46460840611241544,0.04349926146384889,0.46664025735254705,3.0499907095783487,0.0006893886806223425,1.00000271480382,18.09868568054508,1,0.3878493274184128,0.6085301469424083,0.7208936572658982,1.0028437584926937,0.002415532997705159,1.0000004000487566,2.6669917100548743,1,-0.9995816115137338,0.1940295977786137,1.0181584170719384,2.950664954400059,-0.0002391844970002826,1.000000146749217,0.9783279511427843,1,-1.651250241620904,0.23318887772150873,1.6675954812794547,3.0017903459109037,0.0017186383883960865,1.0000000350305611,0.23353707369274723,1,4.879505198979698,-0.8546566062137568,4.953853489186412,-0.17355789900052157,-0.0030739073948678527,1.0000000012294408,0.00819519074598735,0
23.52,-0.003753619230315513,0.004731690106362748,-2.626476826718231e-09,-0.44740714693629213,-0.11859043963317284,0.46311724909951135,-2.88094102021303,0.0006893926475764362,1.000002575350618,17.16899766794728,1,0.2560607408624831,0.675728394379566,0.7218833901942263,1.2082895786986272,0.002323865551987212,1.0000003999936067,2.6666240447736262,1,-1.0159039700796457,0.07169720538509522,1.0184445213861733,3.0718833312626264,-0.00016936723390879302,1.0000001462175536,0.9747835278020818,1,-1.6626995184035778,0.14122607205097462,1.668689146200987,3.0573151959901077,0.0017313716543405858,1.0000000347232691,0.23148846125862807,1,4.888699687551826,-0.7975687802499365,4.953388471382925,-0.16187414950381848,-0.002864599517555336,1.0000000012299783,0.008198775172585817,0
23.540000000000003,-0.0037536192289495734,0.004731690105245231,-2.630835890934588e-09,-0.3595167291354363,-0.2615034611400893,0.44502619008669514,-2.51152604966848,0.0006896106563728364,1.0000024642671161,16.4284409877301,1,0.11356038766337447,0.7146941007980542,0.7229539915231417,1.4131477252696514,0.002287487023848545,1.0000003997508442,2.6650056277877834,1,-1.0170562326846901,-0.05169456338474732,1.0184643220439864,-3.090120016422871,-0.00010894135370498595,1.0000001457388887,0.9715924281616997,1,-1.6684984956656395,0.04878584520433785,1.6692502975880337,3.112785014347066,0.0017424322403094834,1.0000000344453255,0.2296355037905534,1,4.897258996291103,-0.7403772276424594,4.952955592603071,-0.15018829457920685,-0.0026604009955644506,1.000000001230493,0.008202206885429079,0
23.560000000000002,-0.0037536192263360746,0.004731690104155098,-2.6352042525098346e-09,-0.20811238074342622,-0.35702521822371486,0.4138413732039151,-2.097868579941542,0.0006897470720992659,1.0000023993656293,15.995764409411388,1,-0.033670840959612036,0.7239257935740735,0.724060502144945,1.6173877154196235,0.00230777335998719,1.000000399331997,2.6622133136421793,1,-1.003022189001957,-0.1743039186729954,1.018217531326347,-2.968911009135616,-5.418705970927042e-05,1.0000001453198495,0.968798834298174,1,-1.6686332055140902,-0.04381766961155639,1.6692775618395237,-3.114950014227607,0.0017524104919383185,1.000000034196907,0.22797937988587147,1,4.905181845304285,-0.6830893611220371,4.9525549278953545,-0.13850048389840963,-0.002460973687557638,1.0000000012309849,0.008205485139537335,0
23.580000000000002,-0.0037536192223110096,0.004731690103089914,-2.6395688224132435e-09,-0.012343614844176929,-0.37270157705752405,0.37350378770620807,-1.6039716446707242,0.0006890737947147299,1.000002407358955,16.049053248465466,1,-0.1795081839929375,0.7031727463123335,0.7251569067769081,1.8210051433080225,0.002377480765568516,1.0000003987559027,2.6583726856761856,1,-0.9740006640910199,-0.2942989243978671,1.0177076231477722,-2.8476118054796604,-5.057404109795408e-07,1.0000001449662557,0.9664415414698884,1,-1.6631034970670375,-0.13627027157243685,1.6687708703325532,-3.0594837943928925,0.001762082004612107,1.0000000339781703,0.22652113497370996,1,4.912467049293435,-0.6257126115720898,4.9521865451405045,-0.1268108669589489,-0.002265169078087484,1.0000000012314534,0.008208609218443358,0
23.6,-0.0037536192171476667,0.004731690102037617,-2.643915094561848e-09,0.1836943059496279,-0.27734775412236756,0.3330947971722107,-0.9868023839556235,0.0006890508295816662,1.0000025255665241,16.837103708706188,1,-0.3179392279535668,0.6534231805372044,0.7261980516034354,2.024021263829256,0.0024865132063823215,1.000000398047692,2.6536512790740714,1,-0.9304036432216309,-0.4098806818370387,1.01694180275296,-2.726160320509254,5.778275343717139e-05,1.000000144683069,0.964553631614771,1,-1.6519230320219138,-0.22825785517798075,1.6677314593622412,-3.003966148077731,0.0017724960559607696,1.00000003378926,0.2252617331476786,1,4.919113517866978,-0.5682544266404581,4.951850502581586,-0.11511959329026318,-0.0020705580605266055,1.0000000012318988,0.008211578433602859,0
23.62,-0.0037536192131755637,0.004731690100969653,-2.6482381307942233e-09,0.3006471023342817,-0.07086432170607931,0.3089655726319479,-0.23304270638323554,0.0006943483638584237,1.0000027658382367,18.43891512546058,1,-0.4433065582747475,0.5768422635892542,0.7271414556876855,2.2264815550247796,0.0026232759358619396,1.0000003972375526,2.648250350480539,1,-0.8728523361222427,-0.519306430783942,1.0159309425198673,-2.6044962799764773,0.0001244338485776016,1.0000001444743516,0.9631621816856829,1,-1.6351193364302694,-0.3194665771592924,1.6661618757564642,-2.948361568338673,0.0017844857065342815,1.0000000336303143,0.22420209572414684,1,4.925120255827023,-0.5107222693449435,4.951546847177009,-0.10342681344887013,-0.0018745163043290397,1.000000001232321,0.00821439212243132,0
23.64,-0.00375361921460791,0.004731690099854806,-2.6525658705666734e-09,0.26681541952382276,0.16960241438558307,0.3159010706208067,0.5651144972851674,0.0007030401990161953,1.0000030240249318,20.160159759773173,1,-0.5505280881925617,0.4766658261151371,0.7279489495661866,2.4284534003576868,0.0027601527370967904,1.00000039635936,2.6423957326481005,1,-0.8021711149728907,-0.6209124915123232,1.0146894773336201,-2.482561965144121,0.00019327530285457326,1.0000001443432234,0.9622879936104053,1,-1.6127339086219428,-0.4095830347738947,1.6640659815933054,-2.8926345077048587,0.0017971514753923983,1.0000000335014696,0.2233431313767669,1,4.9304863634335785,-0.4531236166737272,4.951275621708495,-0.09173268039229884,-0.001679236412103502,1.0000000012327195,0.008217049645696207,0
23.66,-0.0037536192207627724,0.004731690098702749,-2.656947160385465e-09,0.10509903454829125,0.3333936364284826,0.34919848108025686,1.2651558663954063,0.0007071439484781331,1.000003150499897,21.00332619368063,1,-0.6352883896523625,0.35705672195625066,0.7285880990884965,2.630023042542886,0.0028612080975893416,1.0000003954492398,2.636328264623053,1,-0.7193792329121028,-0.7131369412975475,1.0132352518756766,-2.360302964392297,0.00025453773528514705,1.0000001442918258,0.9619453419446549,1,-1.584822382615105,-0.49829446297900504,1.661448956035439,-2.8367493678360147,0.0018089646894144796,1.0000000334028643,0.22268576204852508,1,4.935211036643858,-0.3954659581824352,4.951036877562919,-0.0800373478497483,-0.0014902295390449795,1.0000000012330947,0.008219550393876283,0
23.68,-0.0037536192271008942,0.004731690097558012,-2.6613993941602618e-09,-0.09856735225701685,0.3788533098994096,0.39115664796494093,1.8255841343128913,0.0007080550117217657,1.0000031297646514,20.865091223380237,1,-0.6941962712974876,0.2229311216652315,0.7290333874839634,2.831291983981976,0.0029181018455054332,1.0000003945441298,2.6302941990768702,1,-0.6256802100253587,-0.7945418788685472,1.011589334407619,-2.237668935942127,0.0003085832040887927,1.0000001443212851,0.9621417387286358,1,-1.5514547457789307,-0.5852889582375227,1.6583173168271692,-2.780670499264827,0.0018204334637302042,1.000000033334642,0.22223094580038255,1,4.939293567323486,-0.3377567945868324,4.95083066786329,-0.06834096719671326,-0.0013074848004666485,1.0000000012334462,0.008221893795869128,0
23.700000000000003,-0.0037536192315711934,0.004731690096455813,-2.66590649539546e-09,-0.2791692341200621,0.32517284922764494,0.4283765682410521,2.2806584806983836,0.0007092252830686539,1.000003021384348,20.14255586703696,1,-0.7249054553036011,0.0797619518290631,0.7292671190939146,3.0323729877486088,0.0029426260817282087,1.0000003936803858,2.6245359059725333,1,-0.5224487649687911,-0.8638350805924644,1.009775798594418,-2.1146143572836706,0.0003590080527208547,1.0000001444316815,0.9628777140989119,1,-1.5127156090953693,-0.6702557370736305,1.6546789570604772,-2.724362197534421,0.0018328568764542515,1.0000000332969543,0.22197969516299357,1,4.942733343431522,-0.28000363634964615,4.950657034162327,-0.05664368804806479,-0.0011277083312140536,1.000000001233774,0.008224079317148164,0
23.720000000000002,-0.003753619234122987,0.004731690095412032,-2.670443911086031e-09,-0.40514177640533167,0.20584356665938305,0.45434966854723186,2.671939382932836,0.0007109678103911442,1.0000028755556554,19.17036458246026,1,-0.7261964348652027,-0.06663363385248663,0.7292800293203494,-3.049799513374459,0.002950046395761019,1.0000003928924677,2.6192831172519653,1,-0.4112151752301265,-0.9198907953136084,1.0078214555966898,-1.9910992533384058,0.0004068750667167793,1.0000001446220173,0.9641466184410032,1,-1.4687045279534046,-0.7528854378408818,1.6505431783735782,-2.667788700651594,0.0018471647266590325,1.0000000332899635,0.22193308931971967,1,4.945529849181516,-0.22221400226345753,4.950516005176697,-0.04494565984215038,-0.0009480718952197352,1.000000001234078,0.008226106457983051,0
23.740000000000002,-0.003753619235122633,0.004731690094430856,-2.6749893055017047e-09,-0.4635575851907531,0.051549547294435796,0.4664080677530542,3.0311883252933516,0.0007124210671807399,1.0000027227786539,18.15185124031311,1,-0.6980184664827752,-0.21031625320338918,0.7290715997599687,-2.848732640344208,0.0029536957145205535,1.0000003922117313,2.6147448759070664,1,-0.2936469697346771,-0.9617693632633818,1.005755535288512,-1.8670899017940696,0.0004512413584492318,1.0000001448901932,0.9659344585968822,1,-1.4195363708702036,-0.8328704744945548,1.6459207247159604,-2.6109141952550976,0.0018639426611951368,1.000000033313842,0.22209227870225617,1,4.947682665177316,-0.16439541803106975,4.950407599427855,-0.033247032388685524,-0.0007665413483505441,1.0000000012343584,0.00822797475556372,0
23.76,-0.0037536192348442,0.004731690093510616,-2.679523708926275e-09,-0.4502048240454065,-0.11083126530866949,0.46368027859681793,-2.899995708012402,0.0007130511051919322,1.0000025822349685,17.214893338035942,1,-0.6414912475136034,-0.3454495668284784,0.7286500757836091,-2.6474914202247217,0.002961218039354726,1.0000003916653424,2.611102282538611,1,-0.1715278964346983,-0.9887352821604647,1.0036093193104105,-1.7425595026755123,0.0004904503023166447,1.0000001452329919,0.9682197834255414,1,-1.3653417328858983,-0.909905451433564,1.6408238212244575,-2.5537028323066164,0.001883637657667504,1.0000000333687722,0.22245848195295564,1,4.949191468522526,-0.10655541484352138,4.950331826901242,-0.02154795591684541,-0.0005815083352586922,1.0000000012346146,0.008229683786925042,0
23.78,-0.003753619233386474,0.00473169009264628,-2.6840303248454756e-09,-0.3659757395475326,-0.25545173044905695,0.44634663387272006,-2.5321248230658413,0.0007141567341227433,1.0000024692327627,16.461545298818812,1,-0.5588662734852604,-0.46652274672862803,0.7280321872771409,-2.445962019362083,0.002970350085199514,1.000000391275308,2.608502052703373,1,-0.04673416630545671,-1.000273285086585,1.0014157264670565,-1.6174887946390129,0.0005231078713976682,1.00000014564607,0.9709736370606465,1,-1.306267389480684,-0.9836876486038153,1.6352662181873678,-2.4961187530165256,0.0019067408908940416,1.0000000334549468,0.22303297882649478,1,4.950056032903553,-0.04870152795590998,4.950288689718583,-0.00984858101995525,-0.0003915350802595025,1.0000000012348471,0.008231233171376934,0
23.8,-0.0037536192306790667,0.004731690091829732,-2.6884930773634025e-09,-0.21762706655146974,-0.35429392746333754,0.41579533219909853,-2.121650439214181,0.0007184253326824904,1.0000024012894635,16.008589970434635,1,-0.4534483073778386,-0.5685639736935925,0.727242579695035,-2.244041363666775,0.0029710253615619704,1.00000039105765,2.6070509999503355,1,0.07879194573150533,-0.9961019452559406,0.9992088514298407,-1.4918665984257307,0.0005489537892560925,1.0000001461239645,0.9741596009095519,1,-1.2424767854969994,-1.0539175861500134,1.629263238701732,-2.4381261265503698,0.0019339434168582595,1.0000000335725656,0.22381710444290676,1,4.950276228646216,0.009158704738633436,4.950278182190022,0.0018509414101954664,-0.00019514605552721807,1.0000000012350554,0.008232622572363105,0
23.82,-0.0037536192265619616,0.004731690091048045,-2.6928954596273404e-09,-0.02340577235374886,-0.37511008552583064,0.37578105262399275,-1.6331388658533568,0.0007240911954829394,1.0000024044874214,16.02990968985808,1,-0.32947796481612557,-0.6473385085143317,0.7263129574102178,-2.041641201798172,0.0029533872875300033,1.0000003910218078,2.606812051998964,1,0.203070963948486,-0.9761842884205918,0.9970234595125071,-1.3656902660779626,0.0005698278359771262,1.000000146660116,0.9777339441397584,1,-1.174150551862716,-1.1202996783733132,1.6228318284410814,-2.379689201053823,0.001966228325203769,1.0000000337218364,0.2248122432121956,1,4.949852022746071,0.06701774413645302,4.950300290164576,0.013550460220857746,9.485322883172085e-06,1.00000000123524,0.008233851698794864,0
23.84,-0.003753619221261304,0.004731690090278492,-2.697221518940633e-09,0.17434333655744919,-0.2862040648917982,0.3350234654305958,-1.0235096600761442,0.0007291811277322317,1.0000025158914279,16.772603066003807,1,-0.19197724589817095,-0.6995245040756107,0.7252809362012121,-1.8386917788601354,0.0029027144457873916,1.000000391170227,2.6078015136420336,1,0.32411724457682,-0.940734880901276,0.9948944432430783,-1.2389660136946898,0.0005910416781471678,1.000000147246909,0.9816458985340312,1,-1.1014870415669769,-1.1825429876802842,1.6159906071523662,-2.3207723690365785,0.0020048215469525947,1.0000000339029715,0.2260198102761714,1,4.948783478872558,0.12486805135210943,4.9503549892881935,0.02524982383388538,0.0002248888491398908,1.0000000012354002,0.008234920305358948,0
23.86,-0.003753619216955206,0.004731690089481912,-2.701466099701722e-09,0.29784644964329743,-0.08449544005631128,0.3095464078467493,-0.2759046473063078,0.0007368673325211153,1.0000027509270317,18.33950709262828,1,-0.046561040073585996,-0.7228594037450548,0.7241886395740121,-1.6351449525580282,0.0027943220111085612,1.0000003914980753,2.60998716913754,1,0.4399717549371092,-0.8902228753488217,0.9928562498863376,-1.1117091162491393,0.0006213179495027681,1.0000001478757419,0.9858381157300357,1,-1.0247028754767842,-1.2403620897743293,1.6087599229235603,-2.2613402471032624,0.0020503521463858835,1.0000000341161819,0.22744121215622343,1,4.947070757347727,0.1827020891482682,4.950442243348229,0.03694887934030903,0.0004531470349111138,1.0000000012355363,0.008235828189740137,0
23.880000000000003,-0.003753619217900039,0.00473169008861498,-2.7056581416247307e-09,0.2725285502894825,0.15720969376413932,0.3147263145841301,0.5238613217297928,0.0007471784290508221,1.0000030126053874,20.08402946389205,1,0.10078079763279434,-0.7162496529238614,0.7230810847036816,-1.4309766024456971,0.0025840913326044402,1.000000391993223,2.6132881532399628,1,0.5487360418446333,-0.8253705403352553,0.9909422884804704,-0.9839439377122573,0.0006627465350479823,1.0000001485371262,0.9902473448330258,1,-0.9440334872079122,-1.2934780609831755,1.6011619048044174,-2.201357768911832,0.002100737772617459,1.0000000343616686,0.22907779090660474,1,4.944714115101181,0.24051232336616105,4.9505620104937655,0.04864747091352021,0.00069115578992377,1.0000000012356485,0.008236575185754123,0
23.900000000000002,-0.003753619223795626,0.004731690087674137,-2.7098520046821284e-09,0.11557773044599065,0.3269507254381984,0.34703880762401945,1.2313046874325777,0.0007534637957327245,1.0000031478242606,20.98548861763833,1,0.24392432119300494,-0.6798367606757938,0.7220043904369483,-1.2261881818108376,0.002223712980249086,1.0000003926365217,2.6175768122723126,1,0.6486067042498186,-0.7471468844150259,0.9891843188594835,-0.855703767362016,0.0007098801221376148,1.0000001492208117,0.9948052488483657,1,-0.8597336538949223,-1.341619597907698,1.5932205017729326,-2.1407902989374166,0.00215280595616292,1.0000000346396138,0.2309307586069693,1,4.941713905601592,0.29829122435458,4.950714258060001,0.06034544086685354,0.0009323458236849591,1.0000000012357362,0.008237161161671112,0
23.92,-0.0037536192301012693,0.004731690086693991,-2.7140746043825825e-09,-0.0878329293667955,0.37855538562261803,0.3889419258093459,1.7986234061447735,0.0007554978171193466,1.0000031335959072,20.890632928209218,1,0.37686677296056736,-0.6150136812046224,0.7210038661659968,-1.020807283026412,0.0017049763869701488,1.000000393402383,2.6226825522021993,1,0.7379095654868978,-0.6567561077612409,0.9876118325264741,-0.7270304635165071,0.0007680390193304516,1.0000001499159374,0.9994394193746122,1,-0.7720779968930209,-1.3845242789424321,1.5849615215802022,-2.079603779492399,0.0022061728799328676,1.0000000349501685,0.23300112394649622,1,4.938070578761937,0.35603126839693927,4.950898959998857,0.07204263307383493,0.0011754162431936548,1.0000000012358,0.008237586023525718,0
23.94,-0.0037536192346076845,0.00473169008570302,-2.71831989296506e-09,-0.2706990233365985,0.32934099721043275,0.42662759293209257,2.258222633226673,0.0007560713616231021,1.0000030284489603,20.189653282028594,1,0.4939857025327579,-0.5243871622375764,0.720122070349637,-0.8148870931623613,0.0010557514052248274,1.000000394259655,2.6283976998643164,1,0.8151326464388021,-0.5556207659074842,0.9862514597468204,-0.5979738995298405,0.0008490210365082727,1.0000001506112102,1.0040745721883075,1,-0.6813614336508237,-1.421939976506571,1.576412681709024,-2.0177649007430145,0.0022614606634542484,1.0000000352934413,0.2352896084397446,1,4.933784680819785,0.41372493913831065,4.951116083729035,0.08373889304040487,0.0014218835694136248,1.0000000012358397,0.008237849707375662,0
23.96,-0.003753619237211724,0.004731690084711986,-2.7225737267411697e-09,-0.4000288768188339,0.2127057646642445,0.45329327604408254,2.652038920229897,0.0007558167570590811,1.0000028837210746,19.224800711730868,1,0.5902896935685786,-0.41168416923677564,0.7193969154266285,-0.6085046576396561,0.00032646875926576545,1.00000039517278,2.634485200847757,1,0.8789569857662689,-0.44535971476559183,0.9851264234513883,-0.4685911911363625,0.0009592322536777342,1.0000001512950876,1.0086337546324529,1,-0.5878995592329123,-1.453626427703434,1.5676036523516002,-1.9552412901633103,0.002318635371460581,1.0000000356694825,0.23779654970887218,1,4.928856854196384,0.4713647290111168,4.951365587928297,0.09543406646734719,0.0016723262156627956,1.000000001235855,0.008237952167887693,0
23.98,-0.003753619238279422,0.0047316900837216045,-2.726825009606408e-09,-0.46221605444498803,0.059576585561324495,0.4661308947595605,3.012343382724624,0.0007548994906046368,1.0000027307725756,18.205144051125018,1,0.6616474816498155,-0.2816036477139245,0.7188598931227311,-0.40175794828506395,-0.00041740518688000624,1.0000003961031623,2.6406877488799605,1,0.9282843437835234,-0.32776111442072714,0.984256059231454,-0.3389457129898672,0.001093768887135237,1.0000001519559238,1.0130393294524311,1,-0.4920289330413588,-1.4793569693356121,1.5585660848606966,-1.8920017297916754,0.002377098554959283,1.0000000360782686,0.2405217906257443,1,4.923287837334659,0.5289431406568582,4.951647425314351,0.10712799873159883,0.0019262298577129944,1.000000001235846,0.008237893371385604,0
24.0,-0.0037536192380945394,0.004731690082728814,-2.731066694734545e-09,-0.4527179664625036,-0.10302319733442042,0.4642003895425812,-2.9190258960244275,0.000754117397000239,1.0000025891822624,17.26120862988459,1,0.7049822444905426,-0.1396184914637713,0.7185345007910429,-0.19476177407480752,-0.0011191284909938162,1.0000003970107365,2.6467382429114714,1,0.9622608654234052,-0.20475098987826604,0.9836554314861925,-0.20910594100179128,0.0012359061243994325,1.000000152582104,1.017213864089629,1,-0.3941072431909592,-1.4989204407132959,1.5493336273630962,-1.8280164044963763,0.002435979029751637,1.000000036519683,0.24346455362456546,1,4.917078464514915,0.5864526883422327,4.951961544775881,0.11882053494459782,0.002182506915345518,1.000000001235813,0.008237673293160129,0
24.02,-0.0037536192367651905,0.0047316900817294975,-2.7352941769226424e-09,-0.3721710132149915,-0.24927317943706287,0.4476288579305855,-2.552624964833275,0.000754565325445344,1.0000024743087221,16.495385027930627,1,0.7184190425415128,0.00826371404175957,0.7184349902019317,0.012357379844473848,-0.001761344616383562,1.0000003978558696,2.6523724638333257,1,0.9802958557527833,-0.07835805920538591,0.9833350503245373,-0.07914418045211978,0.0013654507533377152,1.0000001531623255,1.0210820069585198,1,-0.2945133178754788,-1.5121232544595065,1.5399419261226193,-1.7632571818787368,0.0024943151018058346,1.000000036993495,0.24662329976356778,1,4.910229665646996,0.6438858993682295,4.952307892428345,0.1305115201700253,0.0024398745321975394,1.000000001235756,0.008237291919726407,0
24.040000000000003,-0.003753619234227671,0.004731690080718919,-2.739503361572776e-09,-0.2269283852149457,-0.3513450438238933,0.41772085511800006,-2.145235266765845,0.0007567866319910854,1.0000024033955675,16.02263066371475,1,0.7013758165371278,0.1557692302782099,0.7185656162387627,0.21946732714438755,-0.0023623372861597703,1.0000003986015662,2.6573437750665936,1,0.9820749474805336,0.0493242931701549,0.9833006494892161,0.050864782240329975,0.0014693177768155792,1.000000153686087,1.024573749750303,1,-0.19364695006445315,-1.518791631440094,1.5304286095786406,-1.6976979241779422,0.002551204225559064,1.0000000374993359,0.24999557236741615,1,4.902742466037079,0.7012353154709691,4.952686411879759,0.14220079968312377,0.0026971769078123144,1.0000000012356745,0.0082367492572056,0
24.060000000000002,-0.003753619230318141,0.004731690079690015,-2.7436889871602227e-09,-0.034370337801546066,-0.37720654074723864,0.37805217556266524,-1.661979432393437,0.0007601999270808372,1.0000024019120264,16.01274038978415,1,0.6545918076900581,0.29664148565931603,0.7189204852936681,0.4264364789358439,-0.002941899018542773,1.0000003992154654,2.6614364359211606,1,0.9675671514917329,0.17617789658844676,0.9835530098997984,0.1808451201682319,0.0015430684471186109,1.0000001541440784,1.0276270269764793,1,-0.09192849917976398,-1.5187739909432483,1.5208332516772032,-1.6313148322089701,0.002606018097862919,1.0000000380366738,0.2535778254677465,1,4.894617986126864,0.7584934942137986,4.953097043606147,0.15388821922932516,0.002953796946441535,1.000000001235569,0.00823604534512914,0
24.080000000000002,-0.003753619225209926,0.004731690078628445,-2.7478449142817607e-09,0.16486410931536621,-0.2947243707539464,0.33699075508317483,-1.0598085453715207,0.0007641113719543167,1.0000025065983436,16.710649171298797,1,0.5800914326711375,0.42492338178796846,0.7194839392098638,0.633139980505349,-0.00350012059889528,1.0000003996713094,2.664475395479641,1,0.9370255428143884,0.30010041211005395,0.9840878807965296,0.31072149214863265,0.0015870248971668972,1.0000001545283146,1.030188601585535,1,0.010201768720295238,-1.511943481172873,1.5111973114768233,-1.5640868207608873,0.0026586979050840995,1.0000000386047858,0.2573652393130059,1,4.885857441203312,0.8156530103712395,4.953539722927053,0.1655736251268637,0.0032100612489401412,1.000000001235439,0.008235180272128393,0
24.1,-0.003753619220921796,0.004731690077505515,-2.7519731669260056e-09,0.2946762578034116,-0.09800246609374187,0.31021487285404775,-0.3185873273952778,0.0007705328137840799,1.0000027361406314,18.24093108980202,1,0.48108608902266825,0.5352229253214974,0.7202313768560293,0.8394653636254139,-0.0040207161399842175,1.000000399950024,2.6663334930725204,1,0.8909815706539751,0.4190455076292637,0.984896041943456,0.44042058169307974,0.0016022360632112417,1.0000001548321955,1.0322144736656713,1,0.11228464211519427,-1.4982006278044953,1.5015640472437555,-1.495995923131612,0.0027093641521790954,1.000000039202729,0.261351527789091,1,4.876462141078608,0.872706457306336,4.95401437718489,0.17725686366246804,0.0034661121596612273,1.0000000012352852,0.008234154187362045,0
24.12,-0.003753619221717486,0.004731690076288173,-2.756106734871401e-09,0.27792907539808026,0.1445879649579197,0.31362883297488137,0.48234153721131573,0.000779983807374677,1.0000030008282714,20.005515357485045,1,0.3618205153402814,0.6229480104538847,0.7211304587777098,1.0453174587617717,-0.004494041215906586,1.0000004000404903,2.6669366021654115,1,0.8302332060267572,0.5310614362130378,0.985963506665909,0.569872567573979,0.001583500053981235,1.000000155050605,1.0336705369275736,1,0.2138432670127585,-1.4774760701803458,1.4919784017235902,-1.42702771715853,0.002755810823364838,1.0000000398293105,0.2655287371268374,1,4.866433489742412,0.9296464483429303,4.954520929461951,0.18893777951115212,0.0037172950845421027,1.0000000012351071,0.008232967302050302,0
24.14,-0.0037536192276668625,0.0047316900749821275,-2.760303917295065e-09,0.12601144609856907,0.32015211956486556,0.3449042839563267,1.1970735683826201,0.0007839953627301426,1.0000031447607123,20.96506496284255,1,0.22737368245177406,0.6844988053051924,0.7221426430897403,1.2506223461532577,-0.004915496100353033,1.000000399939942,2.6662662800805346,1,0.7558273709097385,0.6343269590126045,0.9872718505130414,0.6990124806553105,0.0015231423420047202,1.0000001551800144,1.0345332669948397,1,0.3143848311171653,-1.4497333461748931,1.4824868423895456,-1.3571717655994417,0.0027937776599090604,1.0000000404830554,0.26988703627773675,1,4.855772984989333,0.9864656181321884,4.955059313126693,0.2006162162729966,0.003956159213974938,1.000000001234905,0.008231619887806586,0
24.16,-0.003753619234237877,0.004731690073633871,-2.764595300082384e-09,-0.07694946602766609,0.3779619788639906,0.3867157306143648,1.7713894996615436,0.0007780278906400994,1.0000031372213678,20.91480266602332,1,0.08342644308702676,0.7174096029753997,0.7232249654574867,1.4553301973180843,-0.005258377065527855,1.0000003996539106,2.664359404579562,1,0.669037300127993,0.7271836924994535,0.9887986298533156,0.8277814160071871,0.0014251209614037515,1.00000015521856,1.0347902366716777,1,0.413402665327598,-1.4149716768965306,1.4731371513149658,-1.2864220782618883,0.002821841740827873,1.0000000411621766,0.27441450988085847,1,4.844482218020886,1.0431566240118773,4.955629472022817,0.21229202004095074,0.004181516249466499,1.000000001234679,0.00823011227912643,0
24.18,-0.0037536192390478663,0.0047316900722856004,-2.7689748040033574e-09,-0.26198509498632766,0.33331236581812124,0.42485018346631315,2.235626848745909,0.0007691773608768925,1.0000030354448164,20.23629232397732,1,-0.06399079679189536,0.7204357104118204,0.7243319580707159,1.6594168982255504,-0.005506193307952679,1.0000003991957824,2.6613052156660078,1,0.5713356441860434,0.8081641365736646,0.9905178616359309,0.9561275548734415,0.0013010841702615686,1.0000001551660758,1.0344403421831498,1,0.5103787938023925,-1.3732286917143064,1.4639781853560172,-1.214777586164988,0.002840692568790569,1.0000000418645443,0.27909696190150673,1,4.8325628730223915,1.0997121473598013,4.956231346361607,0.22396504011134372,0.00439567027113821,1.0000000012344288,0.008228444866225869,0
24.200000000000003,-0.0037536192419260553,0.004731690070961116,-2.7734246448897493e-09,-0.39463052241812996,0.21946194438995514,0.45220101085151515,2.632060096018813,0.0007626617046607797,1.000002891896006,19.279300253512904,1,-0.20875726284343113,0.6935845073424486,0.7254175971197317,1.8628844532886697,-0.0056629052876545636,1.0000003985860548,2.6572403654439034,1,0.4643642313445887,0.8760148478085414,0.9924005646482845,1.0840069796491465,0.0011629602068982908,1.0000001550240694,1.033493633060968,1,0.6047869564756512,-1.324583023913417,1.4550595990650095,-1.142242604079844,0.002850987245363413,1.0000000425876603,0.2839177358954783,1,4.820016726719108,1.156124894941121,4.956864867885315,0.23563512764236086,0.004600381772986208,1.0000000012341548,0.008226618081774537,0
24.220000000000002,-0.0037536192432281327,0.004731690069672739,-2.777927476374162e-09,-0.4605725251706176,0.06757822740959954,0.4658141805467974,2.9934826812437447,0.0007579021151662658,1.0000027388238075,18.258818931566076,1,-0.3449158154594472,0.6380929068186715,0.7264371984890877,2.0657602854258617,-0.005743033374699853,1.0000003978512415,2.6523416097198447,1,0.34990145949483575,0.9297144333607437,0.994415346606934,1.2113842803946644,0.0010213226890279786,1.0000001547956519,1.0319708488644777,1,0.6960961176358288,-1.269156697717525,1.4464315182055545,-1.0688272709348428,0.0028531199639101447,1.0000000433286342,0.28885756102818755,1,4.8068456479128425,1.212387600247006,4.95752996109619,0.2473021349919401,0.004796743426315091,1.000000001233857,0.008224632391921014,0
24.240000000000002,-0.003753619243240759,0.004731690068427311,-2.782467945936992e-09,-0.45492749436548896,-0.09516280758462912,0.46467926340412263,-2.938011598135493,0.0007539556601163013,1.000002596226031,17.308167088336575,1,-0.4669114401207716,0.5563558134674429,0.7273491960901444,2.26809554969315,-0.005768806057997707,1.0000003970225797,2.6468171978507935,1,0.22982828308200506,0.9684862497952428,0.996529014176879,1.338232952904996,0.0008852317658831457,1.0000001544854296,1.0299027015326698,1,0.7837744609905123,-1.2071172189368398,1.4381441648247442,-0.9945479565969008,0.0028474425459976077,1.0000000440841652,0.2938944349119425,1,4.7930515969980565,1.2684930248230342,4.9582265444283635,0.258965915632253,0.0049857036157566785,1.0000000012335353,0.008222488291409018,0
24.26,-0.003753619242077214,0.004731690067228682,-2.7870315029345644e-09,-0.37807705999427416,-0.2429587036351748,0.4488709014333943,-2.573006804775868,0.0007508395123237391,1.0000024795288984,16.53018620344012,1,-0.5698059347009926,0.4518117433777479,0.7281167366496282,2.469962606448901,-0.005764421582700673,1.0000003961346347,2.640897564660678,1,0.10609371115300142,0.9918058830544333,0.9987071884815168,1.4645355953335342,0.0007620664515633283,1.0000001540993655,1.0273289404727697,1,0.8672938556008537,-1.1386792750379304,1.4302474370498723,-0.9194276188532219,0.002834415760651039,1.0000000448505333,0.2990035550333399,1,4.778636625456897,1.324433959586604,4.958954530550944,0.2706263242269882,0.0051683803523277,1.00000000123319,0.008220186301004085,0
24.28,-0.003753619239679082,0.004731690066077929,-2.7916028865707793e-09,-0.23598484927214355,-0.34816324711309854,0.41961353066316837,-2.1685978833935295,0.0007489027277128682,1.0000024057208052,16.038132248642984,1,-0.649462558588491,0.32879261717533836,0.7287090445622493,2.6714518173140327,-0.005749757346601439,1.0000003952238559,2.634825705112198,1,-0.019319354212898,0.9994036487096848,1.0009149118470795,1.5902839174449588,0.0006575669555641668,1.0000001536446124,1.0242972524597755,1,0.9461347583899391,-1.0641059469078327,1.4227904471851525,-0.8434960926984575,0.0028147107814574667,1.0000000456235967,0.3041573108013271,1,4.763602875332843,1.3802032261327841,4.9597138260431075,0.2822832167422819,0.00534628490710063,1.0000000012328212,0.00821772696656295,0
24.3,-0.003753619235881001,0.00473169006497159,-2.7961649074707134e-09,-0.045199854047063864,-0.3789663015273088,0.3803119109691295,-1.690457595862839,0.0007481590580966547,1.0000023996735072,15.997816929013425,1,-0.7026962574171627,0.1923449926324903,0.7291025264076264,2.872667821749833,-0.005735354186228874,1.0000003943271425,2.6288476165785974,1,-0.14442722370014835,0.9912624798704437,1.0031172337032666,1.7154785817409595,0.0005764392904746144,1.0000001531293319,1.020862049610492,1,1.0197914981143268,-0.9837093348922155,1.415821023119508,-0.766790293687388,0.002789340182444141,1.0000000463988021,0.3093253478864488,1,4.747952578682768,1.4357936780280633,4.960504330368515,0.2939364505586673,0.005521614186855212,1.0000000012324288,0.00821511085951388,0
24.32,-0.0037536192308118685,0.004731690063896844,-2.800699025126696e-09,0.15529620824160126,-0.3028667656094336,0.33899274991032574,-1.0956448521824476,0.0007489338406112701,1.0000024977381865,16.651581457300765,1,-0.7273865920756865,0.04802985690188597,0.7292815960867858,3.073725438951468,-0.0057195409610929756,1.0000003934804669,2.623203112418644,1,-0.26727688478397343,0.967611661111034,1.0052797655123178,1.8401288990731188,0.0005235806474003693,1.0000001525625037,1.0170831959248294,1,1.0877778635612887,-0.8978505066581343,1.4093851802126387,-0.6893543178510083,0.0027598551371185672,1.0000000471712072,0.3144747149533915,1,4.731688057007191,1.491198202091594,4.9613259335762585,0.30558588446437707,0.005697507416551871,1.000000001232013,0.008212338578418575,0
24.34,-0.0037536192263421773,0.004731690062824295,-2.8051941470663005e-09,0.29115928170710165,-0.11132252006319536,0.3109726940207079,-0.3610175278784424,0.0007538368325600799,1.0000027215434146,18.143616311520404,1,-0.722551639178692,-0.09829224808376122,0.7292392093198949,-3.0084399818939227,-0.005692028406809092,1.0000003927175836,2.6181172233356325,1,-0.3859753723138919,0.9289169210424013,1.0073691954217106,1.964252402472625,0.000503313574180491,1.0000001519537323,1.0130247182915892,1,1.1496328964411215,-0.8069386847966361,1.4035265746655412,-0.6112394225013542,0.0027281727628404966,1.000000047935515,0.3195700997226588,1,4.7148117206586555,1.5464097196638364,4.962178512800714,0.31723137800542156,0.0058767231319991325,1.0000000012315737,0.008209410750085761,0
24.36,-0.003753619226728985,0.004731690061716314,-2.8096696501507534e-09,0.2830105171701057,0.13179473509306303,0.3126172090338946,0.44059966492856667,0.0007627461758013389,1.0000029887147792,19.924758741433397,1,-0.688381927098679,-0.24068436240145863,0.7289770983047619,-2.807335803962992,-0.005651318507030533,1.0000003920688503,2.613792335628701,1,-0.4987167241515466,0.875867416806374,1.0093537545820093,2.087874318378179,0.0005100798123338084,1.0000001513130559,1.0087535422779192,1,1.2049267681098668,-0.7114296082773812,1.3982859548688067,-0.5325038721022886,0.002694803200543079,1.0000000486861245,0.3245741633045618,1,4.6973260682292235,1.6014211878628073,4.963061934128946,0.32887278965408984,0.006056759013905084,1.0000000012311112,0.008206328026932365,0
24.380000000000003,-0.0037536192324201263,0.004731690060569731,-2.81417334704534e-09,0.13638770870632688,0.3130361471714723,0.3428030059437994,1.1624614523820702,0.0007671254403680324,1.0000031412761428,20.941834498697187,1,-0.6262340196938833,-0.3733583583572258,0.7285057007908567,-2.6060284508980147,-0.005606417426289757,1.0000003915601765,2.6104011764017163,1,-0.6038063193126367,0.8093601357424085,1.0112036400135618,2.2110269509366502,0.00052685139412576,1.0000001506507672,1.0043382848046993,1,1.2532666002546362,-0.6118230232316465,1.3937006186218,-0.4532126305835126,0.002658224768167074,1.000000049417197,0.32944798003304365,1,4.679233685918748,1.6562256008269909,4.963976067186637,0.3405099765257123,0.00623186656966967,1.0000000012306258,0.00820309108495777,0
24.400000000000002,-0.003753619238928278,0.004731690059422197,-2.8187292211694776e-09,-0.06592555659501376,0.3771034458254589,0.3844816624310285,1.743866008254136,0.0007659694507265904,1.0000031405947172,20.937291661535387,1,-0.5385837891817242,-0.49089621776901426,0.727843796733782,-2.4044066206401875,-0.005551168112344404,1.0000003912121098,2.6080807320255754,1,-0.6996824989518369,0.7304822089350986,1.0128914017448767,2.3337490141723345,0.0005452263531820602,1.0000001499772428,0.9998481234212386,1,1.2943020762686805,-0.5086592853132278,1.3898038726635655,-0.37343690028800025,0.002618353443787951,1.0000000501227349,0.3341515651231299,1,4.660537246882342,1.7108159909424387,4.964920789346884,0.3521427976702753,0.006402755059274323,1.0000000012301171,0.008199700632194775,0
24.42,-0.0037536192437077447,0.004731690058307512,-2.8233253462992686e-09,-0.2530354895368975,0.3371145523328389,0.4230439902341785,2.2128574564897914,0.0007640597714265537,1.0000030423300117,20.28219362582029,1,-0.4289398775844096,-0.5884610993400639,0.7270178585920787,-2.2023708436120337,-0.005473338956213087,1.000000391039077,2.606927178911495,1,-0.7849354543482706,0.6404915845595711,1.0143922759186585,2.4560849362989248,0.0005659274356764501,1.0000001493027875,0.9953517536778347,1,1.3277306822310597,-0.4025150881063398,1.3866245249292728,-0.2932535206700718,0.00257668122524614,1.0000000507966729,0.3386444865032631,1,4.641239510554471,1.7651854300549221,4.965895972791775,0.3637711152159777,0.00657348312813649,1.0000000012295858,0.008196157414018274,0
24.44,-0.003753619246527902,0.0047316900572398875,-2.827938975222613e-09,-0.388956854960023,0.22613658012011392,0.4510704817315749,2.6119974575504794,0.0007623020612476526,1.0000029000462245,19.333635044689625,1,-0.3017184753659093,-0.6619916380159729,0.7260611113531156,-1.9998374244648367,-0.005370554603180673,1.0000003910487911,2.6069919401370107,1,-0.8583234294452536,0.5407964516846305,1.0156844626360502,2.578084133812689,0.0005904519512512582,1.0000001486374903,0.9909164385900442,1,1.3533024148422144,-0.29399836580670136,1.3841864375037893,-0.21274422293158848,0.0025345989462082514,1.000000051432983,0.3428865529514344,1,4.621343321952326,1.8193270306688591,4.966901478737568,0.37539479305817364,0.006746914205119214,1.0000000012290313,0.00819246221034112,0
24.46,-0.0037536192477452233,0.004731690056220931,-2.8325496804863792e-09,-0.4586395788094169,0.07557471750905173,0.4654554256762064,2.974608923759991,0.0007600199818516174,1.000002746904598,18.312690867943616,1,-0.16208146446274319,-0.7083725283622193,0.7250123191772706,-1.7967419517612697,-0.0052515199916761375,1.0000003912418534,2.608279021880506,1,-0.9187863283923093,0.4329337433085131,1.01674936054891,2.699800264838409,0.0006195002168667854,1.0000001479910992,0.9866071647708032,1,1.3708238013088754,-0.18374245303077236,1.3825081453954071,-0.13199474852059928,0.0024930131802840786,1.0000000520257832,0.34683855519977624,1,4.600851610960372,1.8732339471318853,4.96793715867994,0.3870136960034999,0.0069246097954985455,1.0000000012284544,0.008188615834116985,0
24.48,-0.0037536192476608585,0.004731690055246283,-2.8371413007561436e-09,-0.4568477120394099,-0.08723438868476337,0.46511577800387727,-2.956944749695517,0.0007576242074626709,1.0000026033421225,17.355607697004594,1,-0.015741255328631562,-0.725574138632933,0.7239143267088753,-1.593042227475717,-0.0051323325419326115,1.0000003916115718,2.61074381166924,1,-0.9654568418409507,0.31854698471326226,1.0175717596920069,2.821290473178362,0.000653134453938012,1.0000001473729152,0.9824859382561604,1,1.3801610924323642,-0.07239961823512989,1.3816025507778738,-0.05109385355253244,0.002452422338238058,1.0000000525694552,0.35046303473263524,1,4.579767391595867,1.9268993768039233,4.969002856232188,0.39862768953484623,0.007107440144328753,1.000000001227855,0.008184619132089153,0
24.5,-0.0037536192464037417,0.0047316900543087044,-2.8417007852735154e-09,-0.38370908723781594,-0.23649674696495748,0.45007381474201735,-2.5932616119149468,0.0007557170325833197,1.000002484868864,16.565785973567074,1,0.13126269746403382,-0.7127538702712359,0.7228123920005275,-1.3887204572084182,-0.005031474502637282,1.0000003921440308,2.614293538240246,1,-0.9976692141466064,0.19936369370018697,1.0181399917917797,2.9426146308070575,0.0006914870497695153,1.000000146791701,0.9786111772298174,1,1.3812425144680374,0.03936588305336629,1.381476704418014,0.029867774311910456,0.002413000508130109,1.0000000530587578,0.35372505249796715,1,4.558093761255121,1.9803165612104767,4.970098408279066,0.4102366398019638,0.007295949213421814,1.000000001227233,0.008180472985833792,0
24.52,-0.003753619243929783,0.004731690053398825,-2.8462166031147096e-09,-0.24481176182939393,-0.34474071144504764,0.4214765333944892,-2.191735262202018,0.0007542675821005289,1.0000024082357246,16.054898378167323,1,0.27280876321783926,-0.6703124194150624,0.7217523615469642,-1.1837845438578896,-0.004964005426096417,1.000000392818438,2.6187895871773614,1,-1.0149657691031588,0.0771724888851895,1.0184460412002956,3.0638345831527753,0.0007355659990083609,1.0000001462555979,0.9750371563814669,1,1.3740594967636293,0.15088506538685972,1.382131682914264,0.11079865637125157,0.0023746780032689995,1.000000053488939,0.3565929277224859,1,4.535833899940772,2.0334787871800466,4.971223645567698,0.4218404136941651,0.007490621656500844,1.0000000012265888,0.008176178312265314,0
24.540000000000003,-0.0037536192400799183,0.0047316900525038764,-2.8506773174646893e-09,-0.05590802322616978,-0.38038480762731647,0.38256452074760944,-1.7185831004072045,0.0007523892469095694,1.0000023977318404,15.984872483375037,1,0.4029503625237268,-0.5998991904385027,0.7207787530498946,-0.9782683439985558,-0.004935617874973237,1.0000003936077737,2.6240518249811773,1,-1.0171012933448877,-0.046199979347786364,1.0184856196640761,-3.0981719097985962,0.0007877442741286567,1.000000145772053,0.9718135240355736,1,1.3586668289949004,0.26149159544672784,1.3835625663811415,0.19160768758332375,0.0023372693756833845,1.0000000538558376,0.35903891690068557,1,4.512991069470594,2.086379387965601,4.972378392645739,0.433438878964507,0.007692227747414773,1.0000000012259225,0.008171736063448034,0
24.560000000000002,-0.0037536192349476166,0.004731690051603442,-2.85507175193378e-09,0.14562995992777375,-0.31062631748198016,0.3410328301622923,-1.1310418910436413,0.0007497999085109529,1.000002489260982,16.59506676101354,1,0.5161745619657124,-0.5043629710781213,0.7199328258411087,-0.7722307811170984,-0.0049385942894425465,1.0000003944797489,2.629864992750588,1,-1.0040453493971806,-0.16891219325359874,1.018258206440389,-2.9769706941495047,0.00085210919892146,1.000000145347758,0.9689848914411124,1,1.3351817416839362,0.3705291070716486,1.3857585169761255,0.27220529061698534,0.0023006368715395363,1.0000000541559708,0.361039805001343,1,4.48956861266836,2.1390117443500296,4.973562466504414,0.4450319043145041,0.007902140876195066,1.0000000012252341,0.008167147225658608,0
24.580000000000002,-0.003753619230262086,0.004731690050662499,-2.8593967662388087e-09,0.2872834573462459,-0.12444374990509055,0.3118217942687225,-0.4032194147876316,0.000751729232646468,1.0000027070927697,18.04727867878344,1,0.6076495081747573,-0.38764661476398515,0.7192507328877162,-0.5657537639023464,-0.004957754463488169,1.000000395398051,2.6359870070416647,1,-0.9759825584246623,-0.28913096607091593,1.0177670544053488,-2.8556838115968266,0.0009328678962175891,1.0000001449885958,0.9665904753536709,1,1.3037819439864626,0.47735826067497317,1.3887029550699772,0.3525045238056047,0.0022644446743561686,1.0000000543866077,0.3625773846829951,1,4.465569952537405,2.1913692857357283,4.9747756734999005,0.45661935895224987,0.008121045577412602,1.000000001224524,0.008162412816788216,0
24.6,-0.003753619230252119,0.004731690049638295,-2.863679551736581e-09,0.2877494480038522,0.11883718512617869,0.31169266694902703,0.39860269824410255,0.0007598013626187596,1.0000029762162561,19.841435255028813,1,0.6734473954812757,-0.2546277671364558,0.7187618619730244,-0.358938935888525,-0.0049862296098044856,1.0000003963238462,2.6421589748474146,1,-0.9333108577482188,-0.4050546207542253,1.0170191581999264,-2.734249013121166,0.0010271696972301797,1.0000001446995912,0.9646637791690474,1,1.264702690861239,0.5813633713638641,1.3923738311757579,0.43242210937220554,0.0022267176471646825,1.0000000545458205,0.3636388030392036,1,4.440998591418246,2.243445491218857,4.976017810115582,0.4682011108614466,0.008343847976191893,1.0000000012237922,0.008157533878924268,0
24.62,-0.0037536192357368325,0.004731690048522355,-2.867978235107649e-09,0.1466854682618176,0.30559871473320593,0.3407335811840065,1.1274277392224192,0.0007642971220447937,1.0000031373174125,20.91544296367328,1,0.7107299065341768,-0.1109113359005589,0.7184874472503391,-0.15190336374487123,-0.005027635447130847,1.0000003972175515,2.6481170100178706,1,-0.8766377026370193,-0.5149360908981648,1.0160251776842366,-2.6126058138253976,0.0011257660461094236,1.00000014448487,0.9632323042060412,1,1.2182329854232627,0.6819584514065599,1.3967439917471334,0.5118793610880216,0.0021841958154355705,1.0000000546325143,0.3642167615502327,1,4.415858110133032,2.2952338906480896,4.977288677372856,0.47977702602733907,0.008561638698693991,1.0000000012230388,0.008152511468140135,0
24.64,-0.003753619242294991,0.004731690047350947,-2.87232992035244e-09,-0.054775440176224696,0.37597396837583436,0.3822368688159963,1.7160221799625268,0.00076276117754315,1.0000031436804626,20.957863298406284,1,0.7178845393291563,0.037416950777715806,0.7184395203117276,0.05522566855708153,-0.005082307310123425,1.0000003980406518,2.6536043445338335,1,-0.8067741485058199,-0.6171058687171567,1.0147993300718021,-2.4906962550522143,0.0012274867291842313,1.0000001443476172,0.962317284605629,1,1.1647110488646089,0.7785925402726982,1.4017816100818274,0.5908029967486348,0.0021356979469652434,1.0000000546464363,0.364309574486991,1,4.390152167117256,2.3467280656648946,4.978588089040743,0.49134697159427265,0.008772558113708402,1.000000001222264,0.008147346654659134,0
24.66,-0.0037536192472098365,0.004731690046160761,-2.8767346599463395e-09,-0.24386101642662072,0.3407436928345644,0.42120667408803036,2.189893455908978,0.0007597594289334035,1.0000030490840768,20.327220726167184,1,0.6946028959682645,0.18406334548303768,0.7186202970489821,0.26231646591306984,-0.005151110696065301,1.0000003987575203,2.658383468501091,1,-0.7247267215842697,-0.7099946962838539,1.0133592559844127,-2.368465661421981,0.0013364508527666814,1.00000014429004,0.9619334372787168,1,1.1045192084075497,0.870754228425426,1.4074506584564266,0.669125804585955,0.002081649408204773,1.000000054588162,0.3639210804590687,1,4.363884497535754,2.397921650723881,4.979915860419421,0.5029108177104008,0.008978733602137577,1.0000000012214683,0.00814204052684678,0
24.68,-0.0037536192501774366,0.004731690044971025,-2.8811798211993145e-09,-0.38301715898736854,0.23272743522053757,0.4499002792679299,2.591834678303593,0.0007572901386391137,1.000002908159023,19.387720366453625,1,0.641895643435652,0.322810426542946,0.7190220481169481,0.4692390003347851,-0.005246964851910162,1.0000003993371518,2.662247678541989,1,-0.6316869660681571,-0.7921558566142676,1.011725840643487,-2.245863387396874,0.0014548841861713306,1.000000144313333,0.9620887244280515,1,1.038078365107741,0.9579753165972726,1.4137114264702741,0.7467871520327999,0.0020226088106710463,1.0000000544590608,0.3630604047473828,1,4.337058912383721,2.4488083340943794,4.9812718014284485,0.5144684366114728,0.009181190593646327,1.0000000012206511,0.008136594190540523,0
24.700000000000003,-0.0037536192515439607,0.004731690043789874,-2.8856536565639856e-09,-0.4564253715589096,0.08356439771873551,0.4650536673234256,2.9557074016859013,0.0007547863474072682,1.0000027550058277,18.366699065564344,1,0.5620431307033701,0.44779714921519814,0.7196274587312085,0.6758709138382106,-0.005388521717494354,1.000000399754663,2.6650310856224784,1,-0.5290185460703394,-0.8622868719621867,1.0099229875931401,-2.1228435588085937,0.001582524504653541,1.0000001444176443,0.9627841329828546,1,0.9658422053394452,1.0398335863082182,1.4205210723445916,0.8237333424303152,0.001959150479746093,1.0000000542612397,0.3617415974875585,1,4.3096792975739495,2.4993818588421446,4.982655717159803,0.5260197018764424,0.009379820607941843,1.0000000012198134,0.008131008772420574,0
24.720000000000002,-0.00375361925161425,0.00473169004262094,-2.8901472001220674e-09,-0.4584852879400968,-0.0792400998405577,0.4655088324679211,-2.975839366361941,0.0007515921659059821,1.0000026105232296,17.403481744274274,1,0.4584850383022378,0.553779146701644,0.7204104567500602,0.8821030876678967,-0.0055871352993018646,1.0000003999924634,2.66661642287569,1,-0.4182417843095925,-0.9192503600421584,1.0079773475390015,-1.9993658028287673,0.0017174993582375442,1.0000001446020461,0.9640134778565549,1,0.8882913134341577,1.1159546895151602,1.427834186774043,0.8999178234911124,0.0018919084692630176,1.0000000539974765,0.3599831759069177,1,4.281749613009052,2.5496360237896547,4.984067409459733,0.5375644882984368,0.009574180083679619,1.000000001218955,0.008125285428852769,0
24.740000000000002,-0.0037536192505218044,0.004731690041466225,-2.894652836871181e-09,-0.38907126437755823,-0.2298908913640697,0.451236024797677,-2.6134025455578147,0.0007479101337545146,1.000002490322324,16.6021423740199,1,0.33565642913024235,0.636355559065316,0.7213374577987122,1.0878444574366457,-0.0058372909710040196,1.0000004000410267,2.666940178279522,1,-0.30101553912325,-0.9620937376405176,1.0059180013933289,-1.8753959547811005,0.0018569469991366707,1.0000001448645102,0.9657632389591896,1,0.8059273302105145,1.1860131933177145,1.4356033530967087,0.9753012545537394,0.0018214667439784174,1.0000000536711413,0.3578076092133745,1,4.253273891637119,2.5995646844550975,4.985506677814039,0.5491026720042896,0.009763974488479595,1.0000000012180759,0.008119425355384386,0
24.76,-0.003753619248225641,0.004731690040326531,-2.8991624665200555e-09,-0.25340887452295663,-0.34108278334041203,0.42330777267586445,-2.2146591739047046,0.0007448026325329451,1.000002410934338,16.072889133333344,1,0.1987807196873532,0.6921514924975228,0.7223689475743384,1.2930258235106278,-0.006115241002814582,1.00000039989922,2.665994800327076,1,-0.17911635918300503,-0.9900673988061495,1.0037760961934519,-1.7509067280582131,0.0019974787075355527,1.0000001452018912,0.9680124445206196,1,0.7192672837825688,1.2497328389819748,1.4437796893687553,1.0498514454492485,0.001748370553652005,1.0000000532861157,0.35524077182023805,1,4.224256238490647,2.6491617539712426,4.9869733195486825,0.5606341306588345,0.009949392167430429,1.0000000012171766,0.008113429792679186,0
24.78,-0.003753619244562882,0.004731690039199865,-2.9036659170839085e-09,-0.06648716038336913,-0.38146756475486654,0.38480753931688827,-1.746365083582027,0.0007441901564615724,1.000002396081008,15.973866934792765,1,0.053632107862529435,0.718948718149352,0.7234613014500905,1.4976024955662743,-0.00638535752117006,1.0000003995741953,2.6638279686454966,1,-0.05441491276094068,-1.002640936138854,1.0015844338693674,-1.6258783309379365,0.0021358246698333465,1.0000001456099161,0.970732612069114,1,0.6288381978812947,1.3068860936086404,1.4523133608223768,1.1235431845591213,0.001673439123466109,1.000000052846704,0.3523113593847047,1,4.194700829709829,2.698421203985416,4.988467129279147,0.5721587437160943,0.010131484417802017,1.000000001216257,0.00810730002729393,0
24.8,-0.0037536192395852914,0.004731690038076855,-2.9081508659545285e-09,0.1358820842142269,-0.3180017847010975,0.34310861188184566,-1.1660003007255357,0.0007478791621582837,1.0000024811661152,16.541100982621735,1,-0.09371921896629029,0.7157609420785973,0.7245687330150544,1.7015557069892246,-0.006609384041703826,1.0000003990808728,2.660539152424378,1,0.07115023352110181,-0.999516923893984,0.9993770150466409,-1.5002990122980209,0.002270591302400339,1.0000001460831898,0.9738877685254068,1,0.53517206167434,1.3572930861852621,1.4611540553730502,1.1963579754122935,0.0015981661404008273,1.00000005235754,0.34905026687231333,1,4.1646119115518925,2.7473370655414016,4.989987896976674,0.5836763926473882,0.010312500223010031,1.0000000012153176,0.008101037388302465,0
24.82,-0.0037536192348769353,0.004731690036933311,-2.9126100390027e-09,0.2830630696904683,-0.13734936451660165,0.3127621150757719,-0.4451763730907855,0.0007557715711769761,1.0000026928062906,17.952035484652033,1,-0.23716611880932986,0.6828534800195553,0.7256452657827307,1.9048928235194114,-0.0067570359025732295,1.0000003984410797,2.656273864427515,1,0.19560131351498364,-0.980641744974348,0.997188541506157,-1.374165516869535,0.0024029931270450836,1.0000001466152169,0.9774346163137082,1,0.4388012237993416,1.4008200260617818,1.4702514166635536,1.2682836996294418,0.0015244301449845604,1.000000051823494,0.3454899602353614,1,4.133993799388204,2.7959034299433974,4.991535403859047,0.595186960706536,0.010494564600225211,1.0000000012143586,0.00809464324158384,0
24.84,-0.0037536192346104245,0.004731690035735012,-2.9170631769478983e-09,0.2921433844742253,0.10573219868940115,0.3108592375859703,0.3563562640542286,0.0007666594641435163,1.0000029633336953,19.755551516711694,1,-0.3708160378449011,0.6217101198149584,0.726646633489417,2.1076464358930345,-0.00682719741212614,1.0000003976824199,2.651216132542714,1,0.3169522522257407,-0.9462129278660009,0.9950538817557135,-1.2474834224398479,0.0025270870126574254,1.0000001471984494,0.9813228338439904,1,0.34025425182145064,1.4373772024362652,1.4795554316721196,1.3393142199423504,0.0014522257445129683,1.000000051249582,0.3416638790896877,1,4.102850876690536,2.8441144496023023,4.993109420579547,0.6066903313020128,0.010674144989029116,1.0000000012133798,0.00808811898100925,0
24.86,-0.003753619239963161,0.004731690034478217,-2.921560812284979e-09,0.1569019078438648,0.2978447185170416,0.3386995333227922,1.091950469103281,0.0007739179229981332,1.0000031328530008,20.885680219105662,1,-0.48922514366417796,0.5349521597678311,0.7275320383416832,2.3098724675027116,-0.00685431995785606,1.0000003968369622,2.6455797474978895,1,0.43324133617770594,-0.8966824754918545,0.9930075014181615,-1.1202673278528505,0.002625458936029253,1.0000001478243457,0.9854954750596359,1,0.2400522781257601,1.4669166604893804,1.4890167822131535,1.4094489391816243,0.0013793063803475643,1.0000000506408835,0.33760588932025165,1,4.071187594009042,2.891964338864501,4.994709719372585,0.6181863866634856,0.010843425176346516,1.000000001212382,0.008081466016759856,0
24.880000000000003,-0.003753619246603488,0.004731690033203652,-2.9261337636775353e-09,-0.04349461155414089,0.3745770907840957,0.3799820983701831,1.6878311023432997,0.0007752049448101581,1.0000031464460384,20.97630046996881,1,-0.587607196794309,0.4262160282612977,0.7282657183826282,2.511647472405554,-0.0068667061902491795,1.0000003959398218,2.639598811423034,1,0.5425651155867064,-0.8327557121581396,0.9910828612146598,-0.9925408860979089,0.0026899256472642037,1.000000148483458,0.9898895568396189,1,0.1387058359518654,1.4894296443861197,1.498587160059894,1.478692344220675,0.001305861962197805,1.0000000500024686,0.3333497904554146,1,4.039008467943105,2.9394473748207974,4.996336084547325,0.629675010526459,0.011002337622322082,1.000000001211365,0.008074685772943497,0
24.900000000000002,-0.0037536192516422874,0.004731690031952658,-2.930774040555556e-09,-0.23445443585484596,0.34420719959611495,0.4193372326682985,2.1667136394009407,0.0007762553505359441,1.0000030556834094,20.37121627721262,1,-0.6620113376147863,0.29999659497610986,0.728818270222738,2.71306530127493,-0.006876461667782996,1.0000003950277077,2.633518051651705,1,0.6431128601182607,-0.7553852523330565,0.9893118111848377,-0.8643366715986771,0.002723886051807819,1.0000001491655521,0.994436851427294,1,0.03671217536065868,1.504943889452104,1.5082195228825968,1.5470535456160106,0.0012341376681573204,1.0000000493393326,0.3289288847788113,1,4.006318080102313,2.9865578980932392,4.997988302466499,0.6411560903666458,0.011155668666952423,1.000000001210329,0.008067779692324112,0
24.92,-0.0037536192546983958,0.0047316900307469946,-2.935459182586836e-09,-0.37680539129252594,0.23924549153861205,0.44868918519663425,2.5715568909043918,0.0007804224521978799,1.0000029162188788,19.4414527401577,1,-0.7094647543056893,0.16146343386536108,0.7291676952676769,2.9142332757653326,-0.00689196222361634,1.000000394137493,2.627583287814711,1,0.7332007721081736,-0.6657598128639435,0.9877239970369355,-0.7356958493639767,0.0027326189343160573,1.0000001498597548,0.9990648698490558,1,-0.06544696229691682,1.513520835907218,1.5178682993819788,1.6145458114524462,0.0011660140404658919,1.0000000486563418,0.3243756129245872,1,3.9731210760568927,3.033290313601675,4.99966615288289,0.6526295166537758,0.011307039758742218,1.0000000012092745,0.008060749234314624,0
24.94,-0.0037536192561100122,0.004731690029594712,-2.9401672338100204e-09,-0.4539270538977898,0.09156052120029749,0.46460886332736434,2.936767043230355,0.0007869331851672973,1.000002763117546,18.42077718853455,1,-0.7280776335164221,0.016257089844411148,0.7293001605345444,3.115268012649158,-0.006917526132974067,1.0000003933048465,2.62203230949622,1,0.8113050657663464,-0.5652877435788497,0.9863462836576139,-0.6066676361984947,0.0027212119064652096,1.000000150554729,1.0036980304743,1,-0.1673071414413061,1.515252826676993,1.5274895577026804,1.6811861091126632,0.0011027194884968043,1.0000000479581872,0.31972124826759535,1,3.9394221642799114,3.07963909131097,5.001369408207313,0.6640951819372912,0.011458638505686116,1.0000000012082015,0.008053595871081178,0
24.96,-0.003753619256191652,0.004731690028496983,-2.944879422782376e-09,-0.4598418049313464,-0.07116556630980629,0.4658606505716955,-2.9947069287410852,0.0007942451873156546,1.0000026177619168,17.451739658919767,1,-0.7171088562269927,-0.12972796638881376,0.7292104682431774,-2.9668942768332864,-0.0069494392039627624,1.0000003925629373,2.61708624820357,1,0.8760929599203597,-0.4555753340287975,0.9852022116744437,-0.4773085574517655,0.0026951225851860193,1.0000001512388743,1.0082589998360072,1,-0.2684226362827732,1.510260341849645,1.5370411389299536,1.7469946662694509,0.0010450865401397866,1.0000000472493473,0.3149956489971934,1,3.905226115082083,3.1255987669579315,5.003097834602121,0.6755529805058905,0.011612012097487178,1.0000000012071102,0.008046321086189391,0
24.98,-0.003753619255089393,0.004731690027451298,-2.9495792514162844e-09,-0.3941706658528486,-0.22312695872119584,0.45236252896299567,-2.6334475877095636,0.0008026728630636667,1.000002495879745,16.63919184827996,1,-0.6769916354730662,-0.2705673649231499,0.7289022334676648,-2.7657610619158377,-0.006973309601872082,1.0000003919412492,2.612941661912247,1,0.92645061499163,-0.33840015809064034,0.984311505385596,-0.3476815074304421,0.002660405923058961,1.0000001519005515,1.012670179708861,1,-0.36836748052862556,1.4986893120079106,1.5464827573543671,1.8119945566447708,0.0009937210508270888,1.0000000465340602,0.31022706825300056,1,3.8705377595389727,3.171163942757354,5.004851192747373,0.6870028083172678,0.01176852298804402,1.000000001206001,0.008038926374728835,0
25.0,-0.003753619252774859,0.004731690026452234,-2.9542510295715863e-09,-0.26178909871526823,-0.33717766827132345,0.4251143999185437,-2.2374022733786423,0.0008121160661419547,1.000002413798347,16.09198252780601,1,-0.609318794606604,-0.40053172950923943,0.728387760265552,-2.564399858644596,-0.006967355294316772,1.000000391464607,2.609764045783374,1,0.9615070791467228,-0.21567993127417215,0.9836896486930199,-0.21785462954791818,0.0026235010205093914,1.0000001525283198,1.0168553018868716,1,-0.4667362031796243,1.4807085431745792,1.5557760708718456,1.8762113141031649,0.0009491229880633073,1.0000000458163028,0.30544201791997216,1,3.8353619884106704,3.2163292880870964,5.0066292381447735,0.6984445630321142,0.011929641703165508,1.000000001204874,0.008031413243720354,0
