t,energy,barycenter_x,barycenter_y,mercury_x,mercury_y,mercury_r,mercury_angle,mercury_peri_angle,mercury_Keff,mercury_deltaC,mercury_state,venus_x,venus_y,venus_r,venus_angle,venus_peri_angle,venus_Keff,venus_deltaC,venus_state,earth_x,earth_y,earth_r,earth_angle,earth_peri_angle,earth_Keff,earth_deltaC,earth_state,mars_x,mars_y,mars_r,mars_angle,mars_peri_angle,mars_Keff,mars_deltaC,mars_state,jupiter_x,jupiter_y,jupiter_r,jupiter_angle,jupiter_peri_angle,jupiter_Keff,jupiter_deltaC,jupiter_state
0.0,-0.0037536188042332852,0.004731690644025039,0.0,0.30749903826,0.0,0.30749903826,0.0,0.0,1.0000002000009678,0.0,0,0.718433595696,0.0,0.718433595696,0.0,0.0,1.0,0.0,0,0.98329,0.0,0.98329,0.0,0.0,1.0000000907192488,0.0,0,1.3813658577210002,0.0,1.3813658577210002,0.0,0.0,1.0,0.0,0,4.9502843052,0.0,4.9502843052,0.0,0.0,0.999999852521419,0.0,0
0.02,-0.0037536188048110705,0.004731690644020365,-1.6985043471522132e-15,0.2296266016966105,0.2278896981878102,0.32355443066270395,0.7817256259736958,-5.1403515802175325e-06,1.000000694885987,3.6871578218391643,1,0.7031924149354243,0.14770495847249845,0.7185487819097194,0.20711571813365204,-0.0006756377847395473,1.0000000457373974,0.3049159826711523,1,0.9751357887865874,0.12742802249123977,0.9834333989003152,0.12999747629429065,0.00014586551337799028,0.9999998178413476,0.11894203400199939,0,1.3772310786620083,0.11168927632066811,1.3817566384154165,0.08096035337013256,-3.37801566763905e-06,1.0000000064344314,0.04289620968599414,0,4.949962103481567,0.0578597290868349,4.950300522818058,0.01169971644551502,0.00027158081819634704,1.000000191654657,0.0009321738468518316,0
0.04,-0.0037536188065666236,0.004731690644000607,-1.5857581632354456e-14,0.046947771677254425,0.3580422715072694,0.36121806262879436,1.4404611334040585,-9.175651549248893e-06,1.0000009192121337,6.12071058464898,1,0.6581295802966645,0.2891441807445484,0.7188892278066584,0.41409933089464496,-0.0013758595193835406,1.0000000862583371,0.5750555810241047,1,0.9508154472000041,0.2527428391625978,0.98386113128149,0.259919389581121,0.00026134658971949505,1.0000001245198822,0.2243271580558245,1,1.364858475038704,0.22271027688902897,1.382925991645306,0.16182927256081478,-1.0795278988083123e-05,1.0000000121301953,0.08086796826809495,0,4.948995546683758,0.11571191925618889,4.9503491829229205,0.023399272224481817,0.0005363955898816846,0.9999999518435192,0.0017589192039865038,0
0.060000000000000005,-0.003753618808369566,0.004731690643970636,-5.0601043537559787e-14,-0.15498070782820464,0.3716762798842503,0.4028501662890203,1.9656996880153352,-9.541358850232679e-06,1.0000009784692272,7.4580879195293805,1,0.5851949457722669,0.4183348127426562,0.7194398959310984,0.6208250524086817,-0.002083213948599919,1.000000122111033,0.8140735530284585,1,0.9107526302125318,0.37387168669335963,0.9845658228205185,0.3896916471826327,0.0003336679243392711,1.000000165131767,0.31758600193446007,1,1.3443427046256724,0.33240208666848303,1.384864989033772,0.24251648584712396,-2.3937657048555847e-05,1.000000017160043,0.114400285696053,0,4.947384779867316,0.17354903300998686,4.950430296488057,0.03509850935308261,0.0007936609674825993,0.9999998583883382,0.0024921394100259338,0
0.08,-0.0037536188096659326,0.004731690643936654,-1.0610799348539923e-13,-0.3219462122782421,0.29567326414412703,0.4372737495398723,2.3983401295711366,-7.3891533554909e-06,1.0000010198419902,8.132192142520864,1,0.4875329121968765,0.5298440002808821,0.7201766664187059,0.8271792215220256,-0.0027594674138401907,1.0000001537859742,1.0252398285223725,1,0.8556428375727917,0.48882155190138493,0.9855352963268393,0.519243087382634,0.0003616663113001871,0.9999998624496188,0.399992846726942,1,1.3158397434268254,0.4401183239374061,1.387558896438199,0.32293400612235285,-4.34298536965325e-05,1.0000000215888347,0.14392556501813242,0,4.945130044747529,0.23136353569188392,4.950543867556994,0.04679727159611779,0.0010441498017358213,1.0000001941282795,0.003142391814119736,0
0.1,-0.003753618810465425,0.004731690643902304,-1.8106599119355193e-13,-0.42925542269426076,0.163361320590268,0.4593980174975692,2.777386909957485,-5.282436248584228e-06,1.000001125277046,8.457576926080495,1,0.3693318591128621,0.6190259128700252,0.7210675819343367,1.0330652854174835,-0.003366043869987379,1.0000001817239836,1.2114932241101015,1,0.7864379898260242,0.5957162396468283,0.9867528167603683,0.6485068797556395,0.0003499962005393657,1.0000001327737933,0.47268446660302854,1,1.2795642797648241,0.5452339432673199,1.3909874120652896,0.4029971902005277,-6.959099604124866e-05,1.0000000254745682,0.1698304545813459,1,4.942231679620801,0.28914789691158693,4.950689893297503,0.05849540334473531,0.0012879257651187096,0.999999944453308,0.0037190399849344213,0
0.12000000000000001,-0.0037536188107969194,0.004731690643871036,-2.7468598142593725e-13,-0.4671837647437268,0.004119358382558627,0.4672182655833671,3.132058356583665,-4.500698746897126e-06,1.0000012910110863,8.628824786840847,1,0.23562740660119078,0.6822169519241924,0.7220743903840056,1.2384077933238022,-0.0038724864452255605,1.0000002063230813,1.3754872087642118,1,0.7043256782146836,0.6928302084292918,0.9881974597358656,0.7774217960253721,0.000306470633110547,1.0000002218750332,0.5366769873986177,1,1.2357862049417692,0.6471515045575876,1.3951249960244592,0.48262570702522284,-0.00010243018114060011,1.0000000288692708,0.19246180547541286,1,4.93869011926623,0.3468945919699842,4.950868365959285,0.0701927494113447,0.0015246177137183217,0.9999998643671385,0.004230388704974178,0
0.14,-0.0037536188105548804,0.004731690643847059,-3.855510203633339e-13,-0.4331405834519495,-0.15581980944647156,0.4602005109982977,-2.7970753975917337,-4.795041375742042e-06,1.0000014554864967,8.778827522785265,1,0.09207164814053583,0.7168807900242623,0.7231543102678665,1.443155269651555,-0.004261102931634076,1.0000002279442404,1.519628268585237,1,0.6107038354587174,0.7786183544751415,0.9898445724243933,0.905933305158952,0.0002404704054785811,0.9999998987010132,0.5928809267393378,1,1.1848263244685384,0.7453067699611144,1.3999412772757995,0.5617443869831354,-0.00014159747474376086,1.0000000318197773,0.21213184908085386,1,4.934505894822725,0.4045961032841121,4.951079273680008,0.08188915516555247,0.0017538639448986047,1.0000001961947476,0.004683803696666301,0
0.16,-0.003753618809568286,0.004731690643834582,-5.10289510299855e-13,-0.32943226643390733,-0.29031200930615136,0.43882030395904925,-2.4200313504249276,-5.231414831417337e-06,1.0000015536741775,9.02481341189674,1,-0.055318403698557846,0.7216985907859904,0.7242619337166694,1.6472818928618027,-0.004529088212716532,1.0000002469160985,1.6461073231109196,1,0.5071517041429631,0.8517411258838715,0.991666300791008,1.033994469768446,0.00016230098424994466,1.000000127664116,0.6421143713338053,1,1.1270514347709009,0.8391735225986815,1.4054015229984338,0.6402839326677273,-0.000186370557674775,1.0000000343684012,0.22912267518993326,1,4.92967963364312,0.4622449218107141,4.951322600364951,0.09358446672362894,0.0019756089868467612,0.9999999370629886,0.005085817808338998,0
0.18000000000000002,-0.0037536188076889654,0.00473169064383614,-6.431077458762813e-13,-0.1652564728774664,-0.37020971168871913,0.4049738758903831,-1.9912107537399915,-5.217787302877592e-06,1.0000015712385468,9.508969963737167,1,-0.20041998810691575,0.6966033521638376,0.7253511747239849,1.8507879829106773,-0.004687091714028646,1.0000002635387366,1.7569249109881293,1,0.39539805497818503,0.911084560800958,0.9936321625358224,1.1615666336698591,8.24675693388571e-05,1.0000002645368768,0.6851143759632453,1,1.0628689234959672,0.9282675358734787,1.4114671540736745,0.7181814797436733,-0.00023562486824864679,1.0000000365535113,0.24369007520025615,1,4.9242120591255825,0.5198335484670558,4.951598324886257,0.10527853112656019,0.002190370840945138,0.9999998704828819,0.005442225193054012,0
0.2,-0.00375361880487338,0.004731690643850171,-7.762156802731957e-13,0.035834542626268374,-0.36230579305847976,0.3635168551313987,-1.4721569932642369,-4.907312824434847e-06,1.000001571593479,10.440468627755306,1,-0.3372592459429573,0.6427604339678819,0.7263771746027141,2.0536993695227546,-0.004753915841809123,1.000000278086655,1.8539110333416011,1,0.27728762622579645,0.955775055622192,0.995709647685154,1.2886198992087847,1.1559469252482614e-05,0.9999999301562862,0.7225467535297032,1,0.992721056401762,1.0121496574405653,1.418096289921533,0.795381003921849,-0.00028775009534967843,1.0000000384100218,0.25606681269070364,1,4.918103990521727,0.5773544955478273,4.951906419385063,0.11697119645431399,0.0023996096090140545,1.000000197881417,0.005758164839161627,0
0.22,-0.003753618801534157,0.004731690643867492,-9.020052500058329e-13,0.22160816027505495,-0.23867668593084748,0.325217836057047,-0.8212821341757762,-3.717326767524791e-06,1.0000016746904552,12.078336276413301,1,-0.4602509054606232,0.5624987436731248,0.7272980884290197,2.256065764065481,-0.004749326634471941,1.0000002908110872,1.938740581557629,1,0.15474672377350107,0.9851888678515511,0.9978648295087953,1.4151334004244949,-3.952661731798328e-05,1.0000001133025884,0.7550144472484288,1,0.9170791105829801,1.0904280053898816,1.42524430589955,0.8718335761415379,-0.00034069884035636345,1.000000039969808,0.26646538540353326,1,4.9113563427213665,0.6348002881374339,4.95224684627053,0.12866231162099703,0.0026058602312002267,0.9999999297114367,0.006038194656469809,0
0.24000000000000002,-0.003753618799569425,0.004731690643868234,-1.0216523807504707e-12,0.30730410563474814,-0.01419966730756455,0.30755164884362707,-0.044020806097671845,8.498664743792372e-07,1.0000019571400884,14.38019547411955,1,-0.5644145873040931,0.4591986809724249,0.728076689471591,2.4579582862573774,-0.004694887303875,1.000000301941785,2.012945232149808,1,0.02974884793063739,0.9989565324280133,1.0000629688168168,1.541095382542455,-6.47645737060722e-05,1.0000002956397187,0.7830646719924882,1,0.8364375034967382,1.1627593042564621,1.4328643880062641,0.9474974716284444,-0.00039317765794758886,1.0000000412620516,0.2750803433373405,1,4.903970126014052,0.6921634655173806,4.952619556244971,0.14035172520421035,0.002810335563277641,0.9999998767499726,0.006286357183550347,0
0.26,-0.0037536188017361152,0.004731690643834437,-1.1599031197323528e-12,0.23743328249355292,0.2167899291326767,0.32195836549219997,0.741755735038775,6.499350798676035e-06,1.000002324136799,16.470279072197716,1,-0.6455613732991505,0.33714382715560315,0.7286817431767076,2.659466300007623,-0.0046277793190986505,1.0000003116883902,2.077922601279608,1,-0.09571889152460433,0.9969625122370442,1.0022691015610588,1.6665030991051182,-7.343343788134907e-05,0.9999999592503303,0.8071949991342906,1,0.7513080513943459,1.228849413849355,1.440908079146587,1.0223381424576377,-0.0004464915227302504,1.0000000423135338,0.2820902250593261,1,4.895946445828035,0.7494365825679037,4.953024496758001,0.15203928397685237,0.0030085547864261487,1.0000001992069851,0.006506237863315916,0
0.28,-0.003753618806993879,0.004731690643779267,-1.3513988105645636e-12,0.058119550795508,0.35342888842421066,0.35892863349451476,1.4083457492642735,8.662935265343325e-06,1.0000026186896527,17.509458967433332,1,-0.7004461522032491,0.20134364911100017,0.7290891276076702,2.8606937092062226,-0.004581957603083953,1.0000003202414995,2.134943330231405,1,-0.2196879350119241,0.9793405089138683,1.0044486108334907,1.7913625539265972,-7.766249823547323e-05,1.0000000929314217,0.8278585387094447,1,0.6622144711572614,1.2884531239045611,1.4493258140450194,1.0963280787960765,-0.0005015684429291432,1.0000000431488754,0.2876591690139026,1,4.8872865024462016,0.8066122111615813,4.953461624689836,0.1637248348653387,0.003196460797344524,0.9999999224292535,0.0067010167375984,0
0.3,-0.0037536188121856974,0.0047316906437374255,-1.6058363406373788e-12,-0.14449091699352315,0.37288588366348957,0.40070188179468375,1.93990727820467,8.890816136564112e-06,1.0000027748071036,17.595749004018774,1,-0.7268827949697588,0.05733435899135268,0.7292826845937442,3.0617548781243813,-0.004560646933109547,1.0000003277734957,2.185156638362322,1,-0.34023850396442634,0.9464649288746483,1.0065677647887787,1.915688126751535,-7.698167191517907e-05,1.000000317020286,0.845468346007809,1,0.5696872178607094,1.341373301408275,1.4580674133854992,1.1694465814599397,-0.0005566006060789479,1.000000043790739,0.2919382601693822,1,4.8779915906953,0.8636829415487782,4.953930898228071,0.17540822787265442,0.0033763233042086497,0.9999998831752909,0.006873514301088035,0
0.32,-0.003753618815870642,0.004731690643735789,-1.9097992501673766e-12,-0.31417962541450273,0.30088035195170265,0.435687815040806,2.3764895006901265,8.352212718231561e-06,1.0000027714432613,17.144249856889296,1,-0.723820374669038,-0.0890352706777691,0.7292547750686241,-3.0204149996684144,-0.004550975001477559,1.0000003344392165,2.2295947769923115,1,-0.45552753142931746,0.8989390335165559,1.0085942025171135,2.0395020909884405,-6.774649279700742e-05,0.9999999876154624,0.8604011789863494,1,0.4742587273762051,1.3874594852402948,1.4670825263196468,1.2416794482399809,-0.0006094164045167097,1.0000000442599997,0.2950666649739287,1,4.868063099609257,0.9206413837369024,4.9544322649879575,0.18708931539767606,0.003551816145789497,1.0000002001842605,0.007026232161441713,0
0.34,-0.0037536188179160806,0.00473169064378711,-2.2430453761740354e-12,-0.4250651843063652,0.17083660296091252,0.4585506807221277,2.757629109448386,7.519985943558687e-06,1.0000026170291683,16.46084058766891,1,-0.6913794619580456,-0.23182671080832695,0.7290065331398264,-2.819323141450904,-0.0045372479914168795,1.00000034037651,2.2691767339391737,1,-0.5638140436943865,0.837580303685291,1.010497374207191,2.162834036220116,-4.974365953604813e-05,1.000000069174898,0.8730007686551504,1,0.3764591112606685,1.4266060267098926,1.476321033493184,1.3130185927195552,-0.0006584809528936077,1.0000000445758879,0.2971725863926504,1,4.85750251206952,0.9774801688625547,4.954965660948043,0.19876795088527427,0.003725570303876689,0.9999999152412001,0.0071613891005204424,0
0.36000000000000004,-0.003753618818587879,0.004731690643894443,-2.5861992668935185e-12,-0.4668733515067902,0.0123697356643175,0.46717240113885256,3.112993222841668,6.346252916049304e-06,1.0000023694888336,15.730338034101246,1,-0.6308480864479101,-0.36523694082140995,0.728547821967008,-2.618035526297374,-0.004505221990331538,1.0000003457067197,2.3047114639578896,1,-0.6634818547921995,0.7634035246194979,1.012248934641359,2.2857202237499132,-2.500780442296254e-05,1.0000003300707012,0.8835806638605266,1,0.27681233156579094,1.4587498735845368,1.4857334085664526,1.3834616191816567,-0.0007027269620434361,1.000000044756112,0.29837407918044245,1,4.846311404422103,1.034191950554967,4.95553101247367,0.2104439883447398,0.0038994542397255074,0.9999998897603846,0.00728095306120805,0
0.38,-0.00375361881815889,0.0047316906440551705,-2.922674038549622e-12,-0.43672309814551014,-0.14818893220582674,0.460959156620338,-2.8166891138849683,4.265838414428526e-06,1.0000021273846273,15.074625000676827,1,-0.544637386152899,-0.48382009477368954,0.7278968920449548,-2.4164401073569155,-0.004445490956634166,1.0000003505351314,2.336900875617782,1,-0.7530595283619101,0.6776020593297067,1.0138230890235347,2.4082028975204492,4.442266779090557e-06,1.000000016288631,0.8924266733949937,1,0.17583286521407718,1.483868090044129,1.4952710339382689,1.453011370056172,-0.0007413549008209854,1.000000044816964,0.2987797598518015,1,4.83449144607008,1.0907694062901339,4.956128237637861,0.22211728227869876,0.00407499620029758,1.000000200822097,0.007386669518575115,0
0.4,-0.003753618816772982,0.004731690644263661,-3.238262089033661e-12,-0.33664254640232466,-0.2847741976657568,0.44032925453688093,-2.441562349080159,1.7440544137599955e-06,1.0000019901797594,14.599158950806565,1,-0.4361974174153589,-0.5826992721203049,0.727079745247453,-2.214436384704329,-0.004357603504845917,1.0000003549514154,2.3663427685649245,1,-0.8312376308580063,0.5815277250199793,1.0151968923788732,2.530329564339558,3.7248509935842284e-05,1.0000000441888923,0.8997990077943362,1,0.07402285232559365,1.5019751976890354,1.504886470336614,1.521675459560659,-0.0007737101843385151,1.0000000447734154,0.2984894353980112,1,4.822044399041792,1.1472052387354839,4.956757246774217,0.23378768771827563,0.004253638211450942,0.9999999081678912,0.00748008664303907,0
0.42000000000000004,-0.0037536188143213666,0.004731690644512466,-3.51941826376434e-12,-0.17532434207357186,-0.3684652739692442,0.4070749422292775,-2.016447838825411,2.306014815649826e-06,1.0000020156274771,14.43337772262669,1,-0.30989421074512885,-0.6577619862385127,0.7261292151766271,-2.0119393774815486,-0.004252052144279047,1.00000035903008,2.3935338671051953,1,-0.8968833507331307,0.47666962502146654,1.0163505033953804,2.652152254544918,7.302559929929141e-05,1.0000003358901512,0.9059341823068908,1,-0.02813028925107985,1.5131204137441656,1.5145336820324453,1.5894658055859952,-0.000799155779177814,1.0000000446392006,0.29759467014842345,1,4.808972117534948,1.203492177084827,4.957417942453998,0.24545506029050415,0.0044369615030729155,0.9999998965030026,0.007562577618071366,0
0.44,-0.0037536188104589823,0.004731690644790268,-3.750989102657698e-12,0.02477510241558554,-0.36619888800190636,0.3658257217978346,-1.5034494845652517,7.703333127210632e-06,1.0000022037894536,14.772876229330903,1,-0.17085005684385984,-0.70583233429374,0.7250837819563104,-1.8088831788333133,-0.00413861631658683,1.0000003628310081,2.4188733876428583,1,-0.9490525903728817,0.36463222621462177,1.0172673946077593,2.7737267723955474,0.00011337798525291312,1.0000000458479903,0.9110467126984588,1,-0.1301558101952702,1.5173848525741136,1.524168220268628,1.6563981701204955,-0.0008168563038160133,1.000000044426896,0.296179306155083,1,4.795276547436413,1.2596229783831487,4.958110218642262,0.25711925627779436,0.004627013903440635,1.000000201126741,0.007635360434254727,0
0.46,-0.0037536188054002346,0.00473169064507474,-3.916928630401384e-12,0.21337432121298713,-0.2491230064916376,0.326947081307389,-0.8604363923732201,1.4011913334168858e-05,1.0000025126728254,15.870078582170867,1,-0.024750260424208755,-0.7248126465715303,0.7239861326039988,-1.6052239563352724,-0.0040186241092241,1.0000003664001653,2.4426677684895104,1,-0.9869996517495608,0.24711291196576604,1.01793452132255,2.895111943521469,0.00016230269637216,1.0000000197496997,0.9153306311106754,1,-0.23160117033023953,1.514878746254177,1.5337473672609798,1.7224917166385765,-0.0008255669557013101,1.0000000441479924,0.2943199487242552,1,4.78095972581829,1.315590428841148,4.958833958424449,0.26878013244958116,0.004826377079992815,0.9999999012269702,0.007699515444674768,0
0.48000000000000004,-0.0037536188020299444,0.004731690645324909,-4.014927713208438e-12,0.3067012622621467,-0.028362974976819968,0.30770898578394656,-0.08803595508063201,2.2665680961535207e-05,1.00000285599906,17.709581127376225,1,0.12237877895910992,-0.7137873248511687,0.72288149686507,-1.4009422140970724,-0.0039027948721006094,1.0000003697703965,2.4651359769243784,1,-1.0101846356890445,0.1258791862535142,1.0183424497065492,3.0163688652933844,0.00022316081389295138,1.000000335382656,0.9189608444945254,1,-0.3320332113723373,1.5057387297528437,1.5432302415417156,1.7877685897317859,-0.0008245531920379963,1.000000043812964,0.2920864256095901,1,4.766023780410925,1.3713873451396925,4.95958903183671,0.280437544980511,0.005035682643225015,0.9999999033981704,0.007756000932503975,0
0.5,-0.003753618804522037,0.004731690645502707,-4.081989954385357e-12,0.2449963957798888,0.20540044774960833,0.32043167582109927,0.7013638585420376,3.216092158304912e-05,1.0000030682324674,19.449276927626023,1,0.26441334947610423,-0.6730819950413156,0.721815827950917,-1.1960441464155356,-0.0038257148337103968,1.0000003729623819,2.4864158784103867,1,-1.018278661204335,0.002745658528930322,1.0184854400693097,3.1375601590995843,0.00029134800753265297,1.000000076508987,0.9220943539876789,1,-0.43103900176483445,1.4901252266473233,1.5525778695736798,1.852253516339731,-0.0008162859470308362,1.0000000434313339,0.2895422257915676,1,4.750470929054294,1.427006575724163,4.960375303249719,0.29209134768717376,0.005249177373993641,1.0000002011027733,0.0078056669132884485,0
0.52,-0.003753618810837897,0.004731690645618567,-4.169829412314918e-12,0.06932313968210121,0.3484762016167747,0.356650181150598,1.3757888480898994,3.531106006686954e-05,1.0000030447832153,20.20289995007553,1,0.3953891774460002,-0.6042721315805434,0.7208338840880998,-0.9905619590004622,-0.003818808218640488,1.0000003759858533,2.5065723562547846,1,-1.0111669879900287,-0.12044909735702175,1.0183614924774103,-3.0244360938309387,0.0003602482049239289,0.9999999973082525,0.9248713497090038,1,-0.5282263941073766,1.4682199625241417,1.5617532431401464,1.915973433105448,-0.0008043438756375828,1.0000000430117382,0.2867449208014817,1,4.734303479129461,1.4824410020869963,4.961192646514196,0.30374139337733763,0.005461241026911515,0.999999894433926,0.00784926738047756,0
0.54,-0.003753618816508309,0.004731690645710728,-4.293214438469417e-12,-0.1338071639950545,0.37384667978565284,0.39852972761166844,1.9138109502112008,3.4368063972440755e-05,1.0000028728646815,20.022384256307916,1,0.5097602709562145,-0.5101371186358961,0.719977287604269,-0.7845530684306194,-0.0038767233671482466,1.0000003788410652,2.5256071013975703,1,-0.9889500950251405,-0.24186574172061237,1.017972371257757,-2.903185880010495,0.00043195311540029024,1.0000003293221964,0.9274161878921598,1,-0.6232243349667012,1.440223625554515,1.5707213604200383,1.9789571558480992,-0.0007893141538682246,1.0000000425619855,0.28374656932435516,1,4.717523826967449,1.5376835400370388,4.962040940937054,0.31538753711041373,0.005672757279528256,0.9999999104389466,0.007887471172579236,0
0.56,-0.003753618820199819,0.004731690645802991,-4.440175440864613e-12,-0.3061497709235243,0.3059417966891919,0.43406272018666187,2.354458761699153,3.337659937100436e-05,1.0000026982963737,19.317985680138978,1,0.602647404502287,-0.39455830562931477,0.7192826641624812,-0.578098110140825,-0.003975263017963599,1.0000003815204999,2.543469998741619,1,-0.9519427343636117,-0.3596873694147315,1.0173235946056909,-2.7818118401891008,0.0005117090190601881,1.0000001081972767,0.9298382554267685,1,-0.7156829650054165,1.4063536870462598,1.5794492332313081,2.041235084417698,-0.0007706669783930972,1.0000000420891162,0.2805941075767256,1,4.700134457235341,1.5927271409576969,4.962920059422984,0.32702963609129104,0.005885736543044548,1.0000002007537647,0.007920871602347874,0
0.5800000000000001,-0.0037536188222135848,0.004731690645902703,-4.596671350845516e-12,-0.42058676250251503,0.1782539273068536,0.45765859410982435,2.7377825881809867,3.2777619318737225e-05,1.0000026076491024,18.399530015784578,1,0.670062953287283,-0.2623628689844836,0.7187799533430712,-0.3712977561651172,-0.0040893611858017756,1.0000003840107905,2.560071936616217,1,-0.9006709435171801,-0.472142656640639,1.0164243809273805,-2.660252784348012,0.000603168044779299,0.9999999780244957,0.9322327308470164,1,-0.8052735447820598,1.3668423888241754,1.5879058738537137,2.1028389333539637,-0.0007483587256170665,1.0000000415994594,0.27732972888733165,1,4.682137942303856,1.6475647930542014,4.963829866742659,0.3386675484346079,0.006100732642604882,0.9999998878026546,0.007949994991815831,0
0.6,-0.0037536188229336806,0.004731690646010614,-4.753159454570777e-12,-0.4662699585185402,0.020638511934402002,0.46708092488017255,3.0939122933497316,3.183028310448344e-05,1.000002601461085,17.45339951940626,1,0.7090989710540267,-0.11911894869496774,0.7184909843384274,-0.16426844613478195,-0.004201068714288037,1.0000003862948026,2.5752986838846788,1,-0.8358669652369854,-0.5775288867588871,1.0152875576386335,-2.5384497477638583,0.0007079280686235331,1.0000003183965056,0.9346812498465668,1,-0.8916882388846422,1.3219348994406253,1.5960622717628086,2.1638014913301915,-0.0007228243815438878,1.0000000410986876,0.27399125015614323,1,4.663536941597515,1.7021895225879584,4.9647702217809915,0.35030113271536734,0.006317316337022544,0.9999999176169548,0.007975308244290118,0
0.62,-0.0037536188224779584,0.0047316906461258735,-4.903092905642059e-12,-0.44002080639029273,-0.14046469354674374,0.46167441674318815,-2.836248819445452,3.051164671191952e-05,1.0000026188861633,16.60048891427735,1,0.7180667886025832,0.029108798338694775,0.718428407633468,0.0428627799500016,-0.004305117216871334,1.0000003883537942,2.589025295301844,1,-0.7584619931920681,-0.6742347635833245,1.0139294332777649,-2.416346742472737,0.0008263023641186812,1.000000140606804,0.9372524813796592,1,-0.9746397881685769,1.2718876377218935,1.6038913615820165,2.224156410416866,-0.0006947258815358676,1.0000000405918692,0.27061246157998536,1,4.644334200926641,1.7565943950962593,4.965740979332398,0.3619302479930678,0.006534673921852866,1.0000002000827333,0.007997225562899326,0
0.64,-0.003753618820803103,0.0047316906462468245,-5.040537431888481e-12,-0.3435940888660845,-0.27905952673888124,0.44180074902455396,-2.462957426749306,3.0099742130746943e-05,1.000002590726,15.943369277306395,1,0.6965789979256449,0.17603085335951196,0.7185950563647022,0.2499640811337522,-0.00441015996284483,1.000000390169554,2.6011303601222013,1,-0.6695766384778385,-0.7607628853173563,1.0123696309799792,-2.2938915083888674,0.0009575164854734678,0.9999999627889566,0.9400026185481934,1,-1.053861096586104,1.2169667593437052,1.6113679836429897,2.283938023490406,-0.0006647817541163652,1.0000000400835192,0.26722346053448087,1,4.6245325518009635,1.8107725165961697,4.9667419910533255,0.37355475398921206,0.006751997191261289,0.9999998813458492,0.00801611441296502,0
0.66,-0.0037536188178038015,0.004731690646369883,-5.158709397157235e-12,-0.18519754615061818,-0.36644648617975173,0.4091517678074521,-2.0414394348304556,3.254530314309068e-05,1.0000024947014838,15.606642136549844,1,0.6455682902558455,0.3154169796167708,0.7189837857618715,0.45690491863930094,-0.0045329030288700275,1.0000003917263995,2.611509330214322,1,-0.570508998029921,-0.8357517066981245,1.0106308813439366,-2.171036260478818,0.001100200932350444,1.000000303234604,0.9429757957364111,1,-1.1291047559018184,1.157446799768672,1.6184688391087623,2.343181187643316,-0.0006336237822303574,1.0000000395776456,0.2638509703145019,1,4.60413491072389,1.864717034771354,4.967773105699279,0.3851745113260491,0.006968827633918384,0.9999999249227614,0.008032300814952912,0
0.68,-0.0037536188134757306,0.0047316906464867385,-5.249956285674484e-12,0.013765225862425061,-0.36972553138270214,0.36813945419994615,-1.5343643283868758,3.78750018959997e-05,1.0000023856430573,15.779278279069725,1,0.5672418655144525,0.44137702667018774,0.7195778074188007,0.6635620992709649,-0.004686225450339905,1.0000003930129255,2.6200861701040896,1,-0.4627202043624563,-0.8979967622359325,1.008738772229889,-2.047738427123679,0.0012541912058743087,1.0000001732465307,0.9462044763542139,1,-1.2001425286581437,1.0936094651968638,1.6251724416339095,2.401921151628978,-0.0006015861287536591,1.0000000390777966,0.26051864307258044,1,4.5831442784655625,1.9184211401409583,4.968834168389507,0.3967893817880689,0.007185489636110452,1.000000199092462,0.008046074043624868,0
0.7000000000000001,-0.0037536188084518187,0.004731690646579969,-5.308500384063053e-12,0.20493021152478022,-0.25922101286870436,0.32873360165013177,-0.8991861970286397,4.4313923642475106e-05,1.000002379743083,16.712374602227428,1,0.46497453391152926,0.5486228655457526,0.7203514990914851,0.8698253957658103,-0.004867688227247288,1.0000003940234004,2.626822669223221,1,-0.34781734786464463,-0.9464708631348991,1.0067214521871288,-1.9239613705856735,0.0014206895662130599,0.9999999522350713,0.9497098235398589,1,-1.266764807013963,1.0257425620855825,1.631459066941244,2.460193445831014,-0.0005684278583726306,1.000000038587102,0.2572473463079098,1,4.56156373931381,1.9718780672109075,4.969925018148057,0.40839922841635395,0.007403231072547181,0.9999998750752656,0.008057690798125997,0
0.7200000000000001,-0.003753618805220864,0.004731690646619844,-5.341356697219357e-12,0.30568380320848976,-0.04246505220825204,0.3079650508832383,-0.13199732048955878,5.280360037358022e-05,1.0000025640892682,18.420672191538788,1,0.34314766505758176,0.6326975870611734,0.7212716349677982,1.0756024168962763,-0.005062427936217496,1.0000003947587408,2.631724938290962,1,-0.22753369350665695,-0.980342920204836,1.0046092882210558,-1.7996750736332998,0.0015973581141171735,1.0000002844210594,0.9535020120177731,1,-1.3287800625430275,0.954139055117087,1.6373106988796762,2.5180337932951735,-0.0005337642615990692,1.000000038108315,0.2540554326607751,1,4.5393964603026875,2.0250810956088987,4.97104548450735,0.42000391473622994,0.007621713782886945,0.9999999323461436,0.008067378897662798,0
0.74,-0.0037536188073009416,0.004731690646580759,-5.386273024821087e-12,0.2522890705011211,0.19373687052548472,0.318974299420063,0.660601095711011,6.285498851439894e-05,1.0000028603643445,20.103144308019555,1,0.20694435250823467,0.6901608691165287,0.7222989559189239,1.2808224687906686,-0.005264948037360809,1.0000003952270278,2.6348468515880548,1,-0.10370616554839754,-0.9989949846737257,1.0024344770034541,-1.6748567721213574,0.00176863238871348,1.0000002054782577,0.9575805330718625,1,-1.3860142997688816,0.8790962431254579,1.642710968352162,2.575478036011367,-0.0004992931230963909,1.000000037643849,0.2509589932021499,1,4.5166456904201855,2.0780235512048093,4.9721953922487145,0.43160330293582,0.007834289366133415,1.0000001977857205,0.00807534055042437,0
0.76,-0.0037536188134900256,0.0047316906464779235,-5.494490713103817e-12,0.08053235448988517,0.34318305498626983,0.35438528410975173,1.3428282194224743,6.814268434068912e-05,1.000003104187621,20.834234996823277,1,0.062113250348143266,0.7187229016693825,0.7233899851604594,1.485439256260463,-0.005467231913925915,1.0000003954435648,2.6362904314817874,1,0.021749856977052655,-1.002037043014135,1.0002305990435978,-1.5494915227298178,0.0019161225231768414,0.999999946745791,0.9619345487106167,1,-1.4383105241547758,0.8009150423533437,1.6476450982278301,2.632562068558744,-0.00046809575508298,1.0000000371958142,0.24797209439278534,1,4.493314759798873,2.1306988072165973,4.973374576765524,0.4431972546454081,0.008034827056057042,0.9999998690019035,0.008081755249835553,0
0.78,-0.0037536188197403973,0.004731690646355984,-5.68584719237708e-12,-0.12294701393429643,0.3745503483333911,0.396337572360016,1.8874412987120441,6.476542734495533e-05,1.0000032185677612,20.62110673527797,1,-0.0852856035601709,0.7173229858737169,0.7244989749019086,1.6894323759523537,-0.005634834617584356,1.0000003954304868,2.63620324600247,1,0.14686830234742296,-0.9893190597224552,0.9980321275323195,-1.4235727012421995,0.002035290821850249,1.000000262500845,0.9665433133051035,1,-1.4855282335268194,0.7198993664813583,1.6520998674904062,2.6893217894660073,-0.0004410295912287157,1.0000000367660498,0.24510699820556034,1,4.469407078889087,2.18310028529951,4.974582882814797,0.45478563440336334,0.008224942661430763,0.9999999398762844,0.008086782349298069,0
0.8,-0.0037536188242015267,0.004731690646251119,-5.950101088919579e-12,-0.2978658283630971,0.3108485248201259,0.43240326739889934,2.332271279088003,5.597197254214244e-05,1.0000031794687245,19.87124414664624,1,-0.22913994512104097,0.6861524537747765,0.725579881467221,1.8928075946283123,-0.005743105770811704,1.0000003952159993,2.6347733276758065,1,0.26966248593928877,-0.9609397389192983,0.9958739089146424,-1.2971023948249973,0.0021269511152219173,1.000000236549258,0.9713766809158121,1,-1.5275429404183016,0.636355593133944,1.656063572401445,2.7457930737216487,-0.0004175737257097512,1.0000000363561548,0.24237436541504775,1,4.4449261376137255,2.2352214566194033,4.975820151625182,0.46636831011472285,0.008408046742315777,1.0000001961654164,0.008090563339607563,0
0.8200000000000001,-0.0037536188267401375,0.004731690646182788,-6.267910235974172e-12,-0.4158225120384418,0.18560689812089046,0.45672670708206436,2.7178621156362524,4.8263594312132244e-05,1.0000029917105009,18.90144075794161,1,-0.36353758659720653,0.6266245288351789,0.726588272031668,2.095595985402883,-0.005794901502731734,1.0000003948334104,2.6322227357351227,1,0.3881571449297518,-0.9172514770991461,0.9937906092108342,-1.1700916568455915,0.002190944343685375,0.99999994645939,0.9763957225087141,1,-1.5642457314542653,0.5505921068767932,1.6595259815381118,2.8020117537192255,-0.0003972118656388243,1.0000000359675165,0.23978344288285347,1,4.419875504508418,2.287055842911335,4.977086216947807,0.4779451518809559,0.008586304954921015,0.9999998631361289,0.008093223862837345,0
0.8400000000000001,-0.003753618827681172,0.004731690646159415,-6.620313238586695e-12,-0.4653709034590718,0.028923610325807866,0.4669477946878694,3.0748217175304284,4.29450101546929e-05,1.0000027085169527,17.902477969924632,1,-0.4830018365167327,0.5412960062637289,0.7274830836936563,2.2978520938897016,-0.005803074090081405,1.000000394319919,2.6287994597745463,1,0.500421933348859,-0.8588610105879768,0.9918161305693739,-1.042560608713514,0.0022268407217178187,1.0000002379803332,0.9815534790089615,1,-1.5955428687026465,0.462918909053915,1.6624782951588557,2.8580136061892527,-0.0003795795031516503,1.0000000356013354,0.23734223577736566,1,4.394258825848673,2.3385970175217,4.978380906020547,0.48951603142697964,0.00876110319623895,0.9999999475019119,0.008094875500984868,0
0.86,-0.0037536188273475015,0.0047316906461832755,-6.990806804968441e-12,-0.4430274498761773,-0.1326446561556891,0.46234810192290804,-2.855755380624833,3.947755938863405e-05,1.000002425840815,16.996746920337735,1,-0.5827020585285961,0.4337471097834403,0.728228192656775,2.499651294549494,-0.005784312675109135,1.000000393715252,2.6247683469707566,1,0.6046057499830029,-0.7866253271283786,0.9899830114121536,-0.9145383706768926,0.002235191095773786,1.0000002656253875,0.9867958707332204,1,-1.6213554369163585,0.37364728515259177,1.664913110806015,2.913834346136828,-0.000364342906152109,1.0000000352586498,0.235057665529521,1,4.368079824763291,2.3898386064323014,4.979704040574755,0.5010808219960929,0.008933634436265043,1.0000001942347017,0.008095617365505691,0
0.88,-0.003753618825944751,0.004731690646253544,-7.364807114856875e-12,-0.3502774560428531,-0.27316180473962,0.44323358822525005,-2.48422111997653,3.7600722605059244e-05,1.000002244395297,16.286132113957933,1,-0.6586334263143793,0.3084266125367959,0.7287937489591516,2.701086489339967,-0.005754665726314996,1.000000393060278,2.620401853543164,1,0.6989711470118248,-0.7016425138036305,0.9883218242297205,-0.7860628044596633,0.002218082392853507,0.9999999512817875,0.9920627756827863,1,-1.6416190398387402,0.2830895207090824,1.6668243945836874,2.9695096272148684,-0.00035109308328942887,1.0000000349403568,0.23293571279207623,1,4.341342300333956,2.4407742892659847,4.98105543720488,0.5126393983985735,0.009105219779833532,0.9999998574877543,0.008095537508784506,0
0.9,-0.0037536188233966115,0.00473169064636747,-7.727752899394646e-12,-0.19486212250356683,-0.36414377910089496,0.4111998526681483,-2.0661882703453665,3.711016631489224e-05,1.0000022259988153,15.89238215127264,1,-0.7077617445457359,0.1704694869702602,0.7291572445245665,2.902264306361378,-0.005724264327257402,1.000000392395635,2.6159709008606193,1,0.7819279615611514,-0.6052373526314618,0.9868605857500066,-0.657180055979994,0.0021798005065698394,1.0000002113326911,0.9972892797844457,1,-1.6562835481921165,0.19155865722002136,1.6682074581814945,3.0250750473256613,-0.0003392414064709275,1.0000000346472318,0.23098154529229986,1,4.314050126680789,2.491397800273483,4.98243490719667,0.5241916371170916,0.009277563231192975,0.9999999552114044,0.008094714176892653,0
0.92,-0.00375361881936558,0.004731690646518341,-8.062714558498829e-12,0.0028260115147216045,-0.37286943635788045,0.3704505653937072,-1.5648927016188137,3.744270450229182e-05,1.0000023745963735,15.999550427635075,1,-0.7281306659258114,0.025494158363634944,0.729304296600329,3.103300943157974,-0.005693266284887423,1.0000003917604148,2.611736098531701,1,0.8520652368159856,-0.4989416470431252,0.9856241952122817,-0.5279438936311968,0.0021271646769944925,1.0000002918325592,1.0024070914457666,1,-1.6653129012597812,0.09936828005285452,1.66905894206093,3.0805661581394923,-0.00032789907749179644,1.0000000343799453,0.22919963512696864,1,4.286207252033674,2.5417029293010986,4.983842255585011,0.5357374164449067,0.009453099910178895,1.0000001919970443,0.008093216921319087,0
0.9400000000000001,-0.0037536188140025652,0.004731690646688566,-8.350722890959617e-12,0.19630077111601998,-0.26893640378222533,0.33056880434735797,-0.9374903621913855,3.891406985744986e-05,1.0000026506458934,16.858109438424968,1,-0.7189297165604113,-0.12061392670411027,0.7292291374367023,-2.9788675244933427,-0.00565056233301787,1.0000003911909319,2.6079395451321856,1,0.9081804643311874,-0.38446945943148975,0.9846339171708389,-0.39841484636842023,0.002069465318060463,0.999999960913625,1.007346100137137,1,-1.6686849630496072,0.006832330594798195,1.6693768048539541,3.1360184777339555,-0.00031581487355387033,1.0000000341390807,0.22759387155344726,1,4.257817697789828,2.5916835227392725,4.985277278604452,0.5472766165133224,0.00963506468950492,0.9999998520660915,0.008091107585489282,0
0.9600000000000001,-0.003753618810000959,0.00473169064684093,-8.584152052376615e-12,0.30425643457834756,-0.05645045306598868,0.3083164367832405,-0.17582218684937614,4.5041246917927705e-05,1.0000029750336896,18.5119140159346,1,-0.6805222922613734,-0.26192606754560954,0.7289348058723499,-2.7777484098886163,-0.005581424923311618,1.0000003907196027,2.604797351546242,1,0.9493051930591981,-0.2636876509592729,0.9839069270140952,-0.26865915549548147,0.002015743303007397,1.0000001830154626,1.0120360353897866,1,-1.66639143337727,-0.08573506529830181,1.669160316879539,-3.0917178002090977,-0.00030195323234206246,1.0000000339251502,0.2261676687334353,1,4.228885557557678,2.6413334844520944,4.986739759617977,0.5588091185391605,0.009824837391251864,0.9999999629928679,0.008088441178954202,0
0.9800000000000001,-0.0037536188119217245,0.00473169064693652,-8.794145099633166e-12,0.25928669550112937,0.1818444091341137,0.31759078058168044,0.6195381332563971,5.3970883094865544e-05,1.0000031898433652,20.20424084184856,1,-0.6144333069351536,-0.3926952948719051,0.7284330354198518,-2.5764087611049336,-0.005486592586937682,1.0000003903739485,2.6024929906437313,1,0.9747261186717725,-0.13858232721516525,0.9834559413457716,-0.13874755984883125,0.001965552951393904,1.0000003143124123,1.0164081775351896,1,-1.6584378142193463,-0.17801976070921222,1.6684100500888814,-3.0362365587967535,-0.0002870908663925532,1.000000033738609,0.22492406050158253,1,4.199414996187837,2.6906467766883133,4.988229471805143,0.5703348027574344,0.010016612356636527,1.0000001894562744,0.008085266648163728,0
1.0,-0.0037536188183493434,0.004731690646983754,-9.032037270872983e-12,0.0917183709604125,0.33757345210731265,0.3521407726725858,1.309502541111288,5.606717157568897e-05,1.0000031738061415,20.975188249106505,1,-0.5232965950366323,-0.5075764877861473,0.7277438377953475,-2.374738551731809,-0.005372644420291398,1.000000390175735,2.6011715674935423,1,0.9840008855319795,-0.011221990496373927,0.9832889401664153,-0.00875393579791659,0.0019125580245312685,0.9999999748967815,1.0203971458879884,1,-1.6448434319256715,-0.2697077508633504,1.667127866864517,-2.9806875892748654,-0.0002727117962961395,1.0000000335798667,0.22386577745515723,1,4.169410248793946,2.7396174209739232,4.989746193927567,0.5818535483735187,0.010204253252909449,0.9999998468799837,0.008081627558863406,0
1.02,-0.0037536188244352954,0.004731690647024231,-9.312636165687005e-12,-0.11193308745209367,0.37500965056529767,0.3941307359018383,1.8608203542473845,5.1981888855899775e-05,1.000002997703135,20.785814127828495,1,-0.41076264112833333,-0.6018353541245435,0.7268948003142806,-2.1726402177428747,-0.005230082661607424,1.0000003901402659,2.6009351056806373,1,0.9769680050287108,0.11628163785654136,0.9834089731307692,0.12124616401703409,0.001857255715100948,1.000000153503204,1.0239426065871762,1,-1.6256415156495194,-0.3604853436512874,1.6653169309449676,-2.9250353553765986,-0.00025846672110036155,1.0000000334492964,0.22299530970125872,1,4.1388756197628656,2.7882394989834705,4.9912897130834635,0.5933652368694035,0.010389785203377796,0.9999999708341981,0.008077562711307065,0
1.04,-0.0037536188284703533,0.004731690647085623,-9.619443696456953e-12,-0.2893445508795227,0.3156075313591997,0.4307119635394881,2.30994356486867,4.7123785659493676e-05,1.0000028080989856,20.040263868779927,1,-0.28136787260193447,-0.6715396648737123,0.7259201050397219,-1.970032554928069,-0.0050497958948600655,1.000000390275844,2.601838960415673,1,0.9537505106492095,0.2418140369459478,0.9838140747854764,0.25117701628542194,0.0018017754374465528,1.0000003322915563,1.0269908366759317,1,-1.6008793317433676,-0.4500393448677249,1.6629817301754704,-2.869244286076465,-0.00024331955002325275,1.000000033347244,0.22231496051386793,1,4.107815481751337,2.8365071533895434,4.992859812657262,0.6048697528826228,0.010576986893588276,1.0000001866166166,0.008073106685791559,0
1.06,-0.0037536188307070745,0.0047316906471763,-9.931982753591528e-12,-0.410784437799119,0.19289816253326666,0.4557547819156019,2.697885162849345,4.31779670576597e-05,1.0000026989186392,19.063008756620146,1,-0.14036771976816673,-0.7137257425917936,0.724859275519172,-1.766854152309734,-0.004834836466170368,1.0000003905834274,2.603889515131173,1,0.9147532048764035,0.36329839213831333,0.9844973011962836,0.3809642400318618,0.0017444437867963816,0.9999999926769891,1.0294961479934737,1,-1.5706183732313006,-0.5380572657609328,1.6601280951523658,-2.8132787613203356,-0.00022657517040045443,1.000000033274034,0.22182689364411978,1,4.076234274671012,2.884414588692714,4.99445626759307,0.6163669830668816,0.010767770652161309,0.9999998419378245,0.00806829032028984,0
1.08,-0.003753618831565421,0.004731690647295594,-1.0234483399651495e-11,-0.4641834811345311,0.03722374665741752,0.4667708491450362,3.055743640007961,3.9551769038289215e-05,1.0000026777921087,18.050029976015637,1,0.006463014079252162,-0.7265329230742491,0.7237556802714672,-1.563066220123003,-0.004598943116065533,1.000000391056503,2.6070433537243627,1,0.8606536019337575,0.4787350280958737,0.9854468792866558,0.5105362745446699,0.0016807965211189631,1.0000001233290554,1.03142208907202,1,-1.5349346029411988,-0.6242275608106665,1.6567632198588644,-2.757103104076492,-0.0002078624305767361,1.000000033229976,0.2215331743216509,1,4.044136504663748,2.931956072031348,4.996078845410389,0.6278568153762725,0.010962688369120137,0.9999999787231275,0.008063141135336073,0
1.1,-0.003753618831197591,0.004731690647439513,-1.0515110483722001e-11,-0.4457448851261814,-0.12473322985801644,0.4629773037616225,-2.8751802390831873,3.586755314992769e-05,1.0000026872828254,17.125900831754883,1,0.15305722354363777,-0.7092987319961076,0.7226548348281996,-1.358654653621589,-0.004361863459809994,1.0000003916812168,2.6112081119623505,1,0.7923869134351774,0.5862386658482954,0.986646461804531,0.6398257744093436,0.0016055410365778526,1.0000003451542012,1.032742375059036,1,-1.4939187484339898,-0.7082399039774336,1.652895688020191,-2.700681578632147,-0.00018698191532997234,1.0000000332153705,0.22143580302933097,1,4.011526743066838,2.979125933969866,4.997727307777474,0.6393391388510801,0.011161636105404809,1.0000001834827097,0.008057683714099874,0
1.12,-0.0037536188295898623,0.004731690647602198,-1.0763693755744264e-11,-0.35668824589990394,-0.2670868613043253,0.44462542910959346,-2.5053187004511117,3.2680690404130925e-05,1.000002656477761,16.392422918833848,1,0.2933027765575043,-0.6626080437677845,0.7216025560858736,-1.1536311762675269,-0.004143851026923316,1.0000003924367797,2.616245198128224,1,0.7111256421052333,0.6840725137276615,0.9880754799252469,0.7687708793123879,0.0015141590010323335,1.0000000136695415,1.0334415151380305,1,-1.4476766463662882,-0.7897855119564734,1.6485355049636765,-2.643978395377224,-0.00016379943230358562,1.0000000332305112,0.2215367417106705,1,3.9784096253680605,3.025918569265299,4.999401411609883,0.6508138436061697,0.011364259377627027,0.9999998372475677,0.00805194004128115,0
1.1400000000000001,-0.003753618826642333,0.004731690647775094,-1.0970350929756512e-11,-0.2043070800441958,-0.3615617356881767,0.4132186103926391,-2.090656346130393,3.0893832971939854e-05,1.0000025572005984,15.969054693643306,1,0.4213006690514552,-0.5882906898186634,0.7206430374347866,-0.9480334257553903,-0.003959815213340209,1.0000003932961785,2.621974523028035,1,0.6182545281384314,0.7706783620778184,0.98970958173141,0.8973163238750799,0.0014050079907032176,1.000000093120235,1.0335151213686231,1,-1.3963296332447668,-0.8685575232524003,1.6436941343164455,-2.5869577231578242,-0.00013814796019399756,1.00000003327569,0.22183793295257284,1,3.944789850150205,3.072328437612162,5.001100909701015,0.6622808209168138,0.011570287060438144,0.9999999866472666,0.008045929804099194,0
1.1600000000000001,-0.003753618822330481,0.004731690647944496,-1.1125586996812986e-11,-0.008025491379374035,-0.3756300944175625,0.37276092266977306,-1.5949989086276304,3.06226700195915e-05,1.0000024372036884,16.035377139887117,1,0.5316228058045679,-0.48936395966627055,0.7198169270015267,-0.7419238850656973,-0.0038138237900602287,1.000000394227193,2.6281812865709537,1,0.5153417235050382,0.8447020452090604,0.9915211414195295,1.0254143614226447,0.001280841696808311,1.00000035250074,1.0329698984973135,1,-1.3400149786726125,-0.9442514422645021,1.638384539163347,-2.529583710549973,-0.00010970360020021377,1.0000000333511967,0.22234131170662966,1,3.910672178024978,3.11835006436589,5.002825550652199,0.6737399633849033,0.011779980006036488,1.0000001800596163,0.0080396706586004,0
1.1800000000000002,-0.003753618817193244,0.004731690648087716,-1.1222684673933836e-11,0.1875049494265646,-0.278257445849349,0.33245722289033647,-0.9753195450864017,3.131912708638474e-05,1.000002409520354,16.84085635705844,1,0.6195567061957259,-0.3699191818381293,0.7191595016440755,-0.5353876191946428,-0.0036958388006806254,1.0000003951937098,2.6346247315741436,1,0.4041071460956432,0.9050138456816649,0.9934798214106682,1.1530254850187827,0.0011492301234740812,1.0000000373102853,1.031823329924815,1,-1.2788863563051105,-1.0165656580425058,1.6326212280049583,-2.4718205172216776,-7.793065337695944e-05,1.0000000334573211,0.2230488074977618,1,3.8760614305570495,3.1639780412457124,5.004575077193558,0.6851911650819208,0.011994345699439031,0.9999998328167312,0.008033178464375368,0
1.2,-0.0037536188134949643,0.00473169064816949,-1.1267507760148732e-11,0.3024249606797863,-0.07029727454827948,0.30877104454140675,-0.2194964211673624,3.555070069466734e-05,1.0000025712038465,18.45642610841713,1,0.6813237907773865,-0.23495493556591707,0.7186990362325129,-0.3285288524338906,-0.0035900751530786026,1.00000039615728,2.6410485335267944,1,0.286388987418147,0.9507236296391091,0.9955531674317006,1.2801189372780022,0.0010189368945188694,1.0000000636110191,1.0301030894864691,1,-1.2131143467636827,-1.0852020477275182,1.626420305791338,-2.4136323553193875,-4.286155570957253e-05,1.0000000335943504,0.2239623365428913,1,3.8409624891786986,3.2092070270176922,5.006349222338416,0.6966343210482534,0.01221259152702682,0.9999999945941368,0.00802646748989873,0
1.22,-0.003753618814943619,0.004731690648155588,-1.1297333728232939e-11,0.265981919019253,0.16973322479735167,0.3162892001732275,0.5781432515802832,4.336055578621012e-05,1.0000028626434336,20.17181286909551,1,0.7142583358039294,-0.09016314134607635,0.718455473904248,-0.12146650729021573,-0.0034983934550807177,1.0000003970788471,2.647192314420198,1,0.16410931908548484,0.9811907032666092,0.9977072203422509,1.406673005912841,0.0008885325952294346,1.0000003541769198,1.0278462201944658,1,-1.1428869654588811,-1.149866674911059,1.6197995235870135,-2.3549835401104424,-6.958180034425813e-06,1.0000000337625676,0.22508378456179412,1,3.805380294096249,3.254031748159205,5.008147710533808,0.7080693253172383,0.012426238583343184,1.0000001763528277,0.00801955058799184,0
1.24,-0.0037536188209698392,0.004731690648051037,-1.1369018573792466e-11,0.10288081199539471,0.33164720380397433,0.3499193697310534,1.2757543013135806,4.707091685874476e-05,1.0000031155353417,20.99739617203895,1,0.7169358110978619,0.05832210269287412,0.718439467990966,0.08567108517093092,-0.003430681490701351,1.00000039792064,2.6528042660302074,1,0.03923967237255092,0.9960285581825401,0.9999071389627171,1.532675119543029,0.0007519189222603708,1.0000000630792207,1.0250981224718896,1,-1.0684102066686554,-1.2102705933239106,1.6127783171986496,-2.2958385588661336,2.6894599843986938e-05,1.000000033962247,0.22641498056553766,1,3.769319843191814,3.2984469995062957,5.009970273364012,0.7194960703248385,0.012625800315644448,0.9999998286523957,0.008012439345548964,0
1.26,-0.003753618827427115,0.0047316906478957034,-1.1511931165275602e-11,-0.10075891122732845,0.37522708125077964,0.39190774490739516,1.833896403209663,4.4411417829541364e-05,1.0000032417315767,20.846156224275564,1,0.6892421393779894,0.2042000084996634,0.7186518348465717,0.2927520409961719,-0.0033878265537705694,1.0000003986480026,2.657653350388503,1,-0.08623263807855198,0.995104819711055,1.0021178121873222,1.6581217771712389,0.0006157130977004215,1.0000000356247005,1.0219113834261286,1,-0.9899085933913037,-1.2661307663558412,1.6053778532445304,-2.2361621671233824,5.864993666696335e-05,1.0000000341936492,0.22795766103016965,1,3.732786190922047,3.3424476448814637,5.011816656242928,0.730914450161412,0.012811022211293703,1.000000002551201,0.00800514422381354,0
1.28,-0.003753618832174169,0.004731690647724879,-1.1723845852462667e-11,-0.28057896609606536,0.3202269242583235,0.428986289109642,2.2874352180765856,3.884604739862999e-05,1.0000032145089248,20.11748869915182,1,0.6323792007494667,0.34128785436831605,0.7190834863170783,0.49964699898103204,-0.003374773159480628,1.0000003992310749,2.6615404997452297,1,-0.2103367983252898,0.9785368209515345,1.004304433906089,1.7830183187647488,0.0004899949033164302,1.0000003502684802,1.0183445193102925,1,-0.9076257205115033,-1.3171711128833077,1.597621089570206,-2.1759194999841687,8.912647814959579e-05,1.0000000344570135,0.22971342281518733,1,3.69578444721171,3.3860286176994037,5.013686607591107,0.742324362115517,0.012984394527948254,1.0000001723682654,0.007997674687338372,0
1.3,-0.003753618834978807,0.004731690647558103,-1.1992167241875462e-11,-0.40546829329594825,0.20014000794421266,0.45474101450976717,2.6778187481792752,3.3706154272784745e-05,1.0000030359466021,19.143653563075706,1,0.5488062042497001,0.4637991316081534,0.719715852593434,0.7062350603412524,-0.003406530845789584,1.0000003996462568,2.6643083789715933,1,-0.3311488722813107,0.9466832939857308,1.0064330401208825,1.907378548540786,0.00037966476585977614,1.0000000904957829,1.014460734178476,1,-0.821824776660103,-1.3631236896111012,1.589532829521168,-2.115076198281318,0.00011864082260187906,1.0000000347525495,0.23168366370408014,1,3.6583197763425113,3.4291849215519967,5.015579873008562,0.7537257058802032,0.01314688476749166,0.9999998247612019,0.007990039314930673,0
1.32,-0.0037536188361467025,0.004731690647404546,-1.2304422238040846e-11,-0.462707204645422,0.04555346310555009,0.4665495356611073,3.0366480034772994,2.933235440543171e-05,1.0000027551748059,18.126160275023732,1,0.4421209155661691,0.566599796782797,0.7205217627021675,0.9124092554393785,-0.0034981737147332967,1.000000399877332,2.6658488788049537,1,-0.44681989331776856,0.9001327060158069,1.0084710052464345,2.031224244815916,0.0002856189723383005,1.0000000100285724,1.0103266576227383,1,-0.7327890276799225,-1.403730019480084,1.5811397672771856,-2.0535985583144782,0.00014715774875846138,1.0000000350804266,0.23386951007113477,1,3.620397395838446,3.4719116307719298,5.017496195598122,0.7651183829567771,0.013298481607531679,1.0000000105058893,0.007982245901089946,0
1.34,-0.0037536188360150977,0.004731690647268286,-1.2650613195885896e-11,-0.44817646170104036,-0.11671545780974686,0.46356259816778755,-2.894554255803694,2.5063840032267342e-05,1.000002465815107,17.19203609427252,1,0.3168886295292885,0.6454292536603721,0.7214667282207262,1.1180812309048183,-0.0036524533459116135,1.000000399916183,2.6661078873003365,1,-0.555601415711434,0.8396887757730996,1.0103874934775272,2.1545845832311064,0.00020615759387599094,1.0000003410685507,1.0060110922581165,1,-0.6408222418697272,-1.4387425746444944,1.572470526877502,-1.9914537080501091,0.00017455090975482525,1.0000000354407597,0.23627173101043014,1,3.5820225753468846,3.5142038909732105,5.019435317163965,0.7765022965504496,0.013439044666726841,1.0000001681122759,0.00797430155144559,0
1.36,-0.003753618834817116,0.0047316906471515496,-1.3022445101429359e-11,-0.36283290204838753,-0.26082130681390836,0.4459774324964397,-2.526285018435734,2.0959383145592578e-05,1.0000022700015703,16.443232312877868,1,0.178429778679484,0.6970756381071704,0.7225105521137694,1.323184917963521,-0.0038533469515653752,1.0000003997630693,2.665087128033833,1,-0.6558683811411489,0.7663536826681,1.012153862159942,2.277495493031796,0.000137987779502359,1.0000001190960248,1.0015838405417101,1,-0.5462490342487938,-1.467926421009049,1.5635556939358553,-1.9286098110046532,0.00020075187046015333,1.0000000358335956,0.23889063807898936,1,3.543200635514368,3.5560569195686043,5.021396978916246,0.7878773516793878,0.013568787981003288,0.9999998211493449,0.007966212769496526,0
1.3800000000000001,-0.003753618832496043,0.0047316906470559065,-1.3411141988606268e-11,-0.2135395830396734,-0.35869049964748057,0.4152088126641521,-2.114884981386213,1.7991246560696845e-05,1.000002233927678,15.997149245091682,1,0.03257891328824235,0.7194985470917246,0.7236091655973012,1.5276790297903025,-0.004068218724037184,1.0000003994264635,2.6628430895375415,1,-0.7461392490362665,0.6813094397417743,1.01374401576532,2.3999989646887556,7.71711263038615e-05,0.9999999876753534,0.9971146258198537,1,-0.4494151040231364,-1.4910610292297126,1.5544278376137093,-1.8650362992610072,0.0002258726794486671,1.0000000362588954,0.2417259697362331,1,3.503936946856382,3.597466006264782,5.023380921614437,0.7992434553773082,0.013688642356792003,1.000000018445625,0.007957985531751,0
1.4000000000000001,-0.003753618828723164,0.004731690646980507,-1.3804921615567789e-11,-0.01879201050460777,-0.3780009782212809,0.37506946255861984,-1.6247297039006023,1.7516982830990722e-05,1.0000023659402777,16.029062857737333,1,-0.11457159499180587,0.7118960723276144,0.7247165869948965,1.731548329012766,-0.0042560825786473865,1.0000003989224935,2.6594832902855874,1,-0.8250934124545733,0.5858978481520476,1.015134711091851,2.52214232491723,2.0106126752221265e-05,1.0000003270321562,0.992672114235054,1,-0.35068733633903,-1.507942254294083,1.5451215201981536,-1.8007041371409707,0.00025039913482496223,1.000000036716514,0.24477676013504387,1,3.4642369286215255,3.638426513536428,5.025386884955321,0.8106005169700325,0.013800712062775248,1.0000001635916262,0.007949625350584653,0
1.4200000000000002,-0.0037536188235326945,0.0047316906469155534,-1.4188422572253279e-11,0.178548794432979,-0.2871726967465994,0.33439497391566214,-1.0127115654551393,2.086839774845507e-05,1.0000026291957225,16.786887768396795,1,-0.25693026708483513,0.6747164443800583,0.7257868985166863,1.9348036934568946,-0.004376975943713398,1.0000003982740444,2.655160295373942,1,-0.8915859734291322,0.48159939032758625,1.0163058154757025,2.6439774925514374,-3.4776132166559395e-05,1.0000001484059966,0.9883230426086852,1,-0.25045373636925483,-1.5183844820956875,1.5356732919311484,-1.7355861168094,0.000275412646427986,1.000000037206179,0.24804119405615116,1,3.4241060476517,3.6789338770807922,5.027414605312736,0.8219484483539069,0.013908523365097732,0.9999998178225684,0.007941137326595883,0
1.4400000000000002,-0.0037536188192382495,0.004731690646832605,-1.4553923170790295e-11,0.3001913652758064,-0.08397914948971266,0.3093250390994849,-0.2630278696832208,2.9425401902726472e-05,1.0000029510264752,18.366437618100964,1,-0.3886561379344819,0.6096174486432393,0.7267761469259869,2.1374810770209027,-0.004403625893108597,1.000000397509601,2.6500640070646875,1,-0.944659984434683,0.37001135598662577,1.017240518780986,2.765560226454701,-8.780073617509767e-05,0.9999999693454115,0.9841314532079297,1,-0.14912316076256843,-1.5222229367491285,1.5261216696794189,-1.6696571854142697,0.0003019309952825802,1.0000000377274674,0.25151644880369617,1,3.3835498172393654,3.718983606252998,5.02946381078202,0.8332871637191831,0.014014489960807536,1.0000000263578468,0.007932526193015326,0
1.46,-0.003753618820542843,0.004731690646697642,-1.492906492872592e-11,0.2723609350933843,0.157427591855629,0.3150687745766894,0.5364129585420756,4.058672363914708e-05,1.0000031826870954,20.1054172283634,1,-0.5043896541809116,0.5193788693856678,0.7276440897666842,2.339639502731376,-0.004343611300451933,1.0000003966619184,2.6444127893764664,1,-0.9835562774884464,0.25282543444093325,1.0179254961976156,2.88694937023997,-0.00014599055896194507,1.0000003087304146,0.9801580332537182,1,-0.04712480884635518,-1.5193161371462731,1.516507094914108,-1.6028947988402067,0.00032830040000293275,1.0000000382797778,0.25519851923985615,1,3.342573795982912,3.7585712844826276,5.0315342194148025,0.8446165776584137,0.014113213425039161,1.0000001588134957,0.00792379635176484,0
1.48,-0.003753618826862499,0.004731690646520459,-1.5366001440003663e-11,0.1140054955192538,0.32541896640977425,0.34772081732053406,1.2415720722736447,4.554958620984351e-05,1.000003188951301,20.989097199502012,1,-0.5994572991086433,0.4077745254490437,0.7283557364314137,2.5413582447873484,-0.004234314910158449,1.000000395766594,2.6384439596003455,1,-1.0077210019448304,0.13180495147869412,1.018351027505349,3.00820608745171,-0.00022178298928782024,1.0000001779216838,0.9764595545650662,1,0.05509256564112859,-1.5095484850139886,1.5068718539156565,-1.5352793012106878,0.0003512589942023872,1.0000000388623043,0.2590820280026088,1,3.3011835866425163,3.797692569672936,5.033625552793234,0.8559366039377593,0.014197328506113445,0.9999998147861583,0.007914951901105506,0
1.5,-0.003753618833227621,0.004731690646349205,-1.5882784237114533e-11,-0.08943455760677102,0.3752158497448528,0.3896678692499362,1.8066604930140475,4.3823247493207694e-05,1.0000030227456407,20.880420089000975,1,-0.6700444065113538,0.27941107234017903,0.7288826510376373,2.742733383753569,-0.004101948687105655,1.0000003948606146,2.6324040983924415,1,-1.0168109789421755,0.00876188201754058,1.0185110909387265,3.129393097525784,-0.0003185222617485968,0.999999955699093,0.9730884014665265,1,0.15706176236371172,-1.4928329588593585,1.4972599607210682,-1.4667943417081954,0.0003706229672738886,1.000000039474004,0.2631600277065227,1,3.2593848349982624,3.836343194580909,5.035737545149138,0.8672471583352213,0.014269461118244151,1.000000034230032,0.007905996667206197,0
1.52,-0.0037536188375636046,0.004731690646220951,-1.646168834926187e-11,-0.27157801049248825,0.3247212854374205,0.42722525240234854,2.2647419678389253,4.203987665083528e-05,1.0000028302472403,20.172385570542207,1,-0.7133323714090892,0.13954082745871813,0.729203976728443,2.943873898149286,-0.003960272076805306,1.000000393980931,2.6265395392147854,1,-1.0106969576247393,-0.11446626737672952,1.0184034212110413,-3.0326113774628234,-0.0004336416436829074,1.0000002868115199,0.9700921663856283,1,0.2582986017479429,-1.469113879419114,1.4877170211257527,-1.397427318863166,0.00038787322200747014,1.0000000401135698,0.267423798196195,1,3.2171832287083952,3.8745189671751117,5.037869933316472,0.8785481605439389,0.014335772157261697,1.0000001537854668,0.00789693423974858,0
1.54,-0.0037536188400368086,0.004731690646152084,-1.7077594113151795e-11,-0.3998840131378603,0.2073478708269569,0.45368451531186405,2.6576623354224025,4.320682770175953e-05,1.0000027126711621,19.205008293626015,1,-0.7275978472935487,-0.006144371929051797,0.7293071625464812,-3.1382878930450886,-0.0038169348086519147,1.000000393163093,2.6210872862894528,1,-0.9894648285106826,-0.23603963814555232,1.0180295228414251,-2.911373122903267,-0.0005656971572442857,1.0000002070999696,0.9675132720242557,1,0.3583037900943725,-1.4383697029631881,1.4782900637636496,-1.327169835554501,0.00040413774778730164,1.0000000407793963,0.271862641919502,1,3.1745844961666245,3.912215770972894,5.04002244923875,0.8898395334823954,0.014400682610285997,0.999999812044936,0.007887767998981004,0
1.56,-0.0037536188410723214,0.00473169064614806,-1.7708658758136542e-11,-0.4609539227820238,0.05392800639422345,0.46628356060455944,3.0175366779598582,4.595457358629616e-05,1.000002685086443,18.185546071547893,1,-0.7122725240512155,-0.15173164687108004,0.7291883849611274,-2.937259572236148,-0.0036645225760650597,1.0000003924399665,2.6162664439622567,1,-0.9534148159857787,-0.35413920850171604,1.0173946499184656,-2.7900145110273513,-0.000716794575798972,0.9999999472422799,0.9653885168828844,1,0.4565652167879152,-1.400615788860617,1.4690273261590736,-1.2560181611415087,0.00042008533246666986,1.0000000414695525,0.27646368344280126,1,3.1315944053598366,3.9494295653582787,5.042194819115601,0.9011212025258352,0.014467174953109533,1.0000000420497164,0.007878501137300556,0
1.58,-0.003753618840842384,0.004731690646209612,-1.8336194108209414e-11,-0.45033634500638003,-0.10857723771455689,0.4641049281161268,-2.9138749920516993,4.8356917647498105e-05,1.0000026940106561,17.243652894740958,1,-0.6679627657157026,-0.2913116042625786,0.7288526465014835,-2.73610503469146,-0.0034700640203633227,1.0000003918405147,2.6122700977326057,1,-0.9030586390918499,-0.46698994052351317,1.0165077635074038,-2.6684740050915448,-0.0008928293170551493,1.0000002619694228,0.9637483910761034,1,0.5525607118320591,-1.355907077497591,1.459977995294525,-1.1839736938683325,0.0004361614699441548,1.000000042181752,0.28121168091015725,1,3.088218762727107,3.986156385880008,5.044386764081843,0.9123930951919836,0.014537619492005832,1.0000001485155137,0.007869136680036118,0
1.6,-0.0037536188393597824,0.004731690646334419,-1.894250077974502e-11,-0.36872816771235317,-0.254353144979617,0.44729248377549863,-2.5471204349035963,5.1970387286195564e-05,1.0000026673751585,16.48156530159086,1,-0.5964288650146691,-0.4192028237010169,0.728313536811009,-2.5347077847030977,-0.003182701803671337,1.0000003913886766,2.609257844441029,1,-0.8391145994455853,-0.5728838201891762,1.015381475855586,-2.5466922073842015,-0.001096931396529478,1.0000002353586601,0.9626162721856568,1,0.6457612832194002,-1.3043406045375718,1.4511919025440112,-1.1110434117987293,0.0004527398640245798,1.0000000429133287,0.2860888584599093,1,3.044463412020339,4.022392344529582,5.046598000726114,0.9236551410512988,0.01461422286748354,0.9999998096032521,0.00785967750547199,0
1.62,-0.0037536188365224522,0.0047316906465161585,-1.9509659512917388e-11,-0.2225788068969415,-0.3555213997607056,0.41717560742391,-2.138883588463664,5.998611613380785e-05,1.0000025714827607,16.014758292973184,1,-0.5005240963800197,-0.5301702027311349,0.7275926805456707,-2.3329605632607118,-0.00276925862936866,1.0000003911025417,2.6073502784975835,1,-0.7625005193939817,-0.6702026901665807,1.0140319707627516,-2.4246126326553745,-0.0013175644151745634,0.9999999443013604,0.9620082911297935,1,0.7356348421103119,-1.2460577682701885,1.442719172521554,-1.0372402982686633,0.00047023469705597526,1.0000000436612155,0.29107476978656444,1,3.000334233166268,4.0581336299988715,5.048828241276144,0.9349072717428161,0.014699352745868548,1.0000000498045176,0.007850126363417295,0
1.6400000000000001,-0.0037536188322800663,0.004731690646742179,-2.0019735869070132e-11,-0.02949333593451074,-0.3799777457521616,0.3773827102669574,-1.654111990831821,7.036599702899946e-05,1.0000024470454327,16.01428374647877,1,-0.3840942730438208,-0.6196308258010561,0.7267189400836728,-2.130769357536946,-0.002244932007422275,1.0000003909939537,2.606626358262113,1,-0.674324408129253,-0.7574407374142471,1.0124788566199912,-2.302182517274009,-0.0015271646358812915,1.0000002349139072,0.9619342445898295,1,0.8216504093478545,-1.1812462591479458,1.4346098263536897,-0.9625837262935902,0.0004892596656620035,1.0000000444219306,0.2961462039018595,1,2.9558371411298534,4.093376507917255,5.051077193261018,0.9461494210833362,0.014795986338203202,1.0000001430119925,0.007840485892185563,0
1.6600000000000001,-0.0037536188270822484,0.004731690646989846,-2.045694603297621e-11,0.16941502754237922,-0.295679357505861,0.3363877838915099,-1.0497125746744533,8.004582537871032e-05,1.0000024033011696,16.725948385326436,1,-0.2518392476039271,-0.6838406396391564,0.7257274148435652,-1.9280570696069088,-0.0016567273216512382,1.000000391068171,2.6071211404137884,1,-0.5758727140688444,-0.8332264766366756,1.0107449278164364,-2.1793536184706483,-0.0016959011304117334,1.0000002620778163,0.9623981715750084,1,0.9032827796268499,-1.1101415554221057,1.426913341793541,-0.8870997853446546,0.0005108626016068388,1.0000000451915716,0.301277144070357,1,2.9109780847794764,4.1281173210686015,5.053344557761545,0.9573815252358147,0.014908043683700859,0.9999998074649804,0.007830758634336195,0
1.6800000000000002,-0.003753618822929461,0.004731690647222341,-2.0816627067932192e-11,0.29753542027372754,-0.09749024035160882,0.3099826301027871,-0.3064722359821955,8.993101451570404e-05,1.0000025456005213,18.268286480808722,1,-0.1091388306920708,-0.7200548396870554,0.724658216131938,-1.7247667876298922,-0.0010470692971262033,1.000000391323443,2.6088229532922087,1,-0.4685960480764187,-0.8963440300949721,1.0088558685232671,-2.056082963150749,-0.001805405257905246,0.9999999470038122,0.9633977776705488,1,0.9800175999703203,-1.0330278870276497,1.4196781764554687,-0.8108215332463851,0.0005363052273238756,1.0000000459658187,0.30643879124573764,1,2.865763045753694,4.162352489587898,5.055630024766747,0.9686035224644213,0.015038037905441415,1.0000000574821526,0.007820947051425189,0
1.7000000000000002,-0.003753618823587544,0.004731690647399079,-2.1124429462615613e-11,0.278398163375058,0.14492464146113543,0.31393160842332274,0.4942713219057289,0.00010137409561774637,1.0000028338043485,20.02825184102701,1,0.03815299854318735,-0.7266546678056485,0.7235549879234416,-1.5208644883097846,-0.0004586615396468826,1.000000391750782,2.611671880592494,1,-0.35409228597334863,-0.9457534246931445,1.0068399302966538,-1.932333546509136,-0.0018585231111254753,1.0000002063459856,0.9649235996240201,1,1.0513567973766316,-0.9502385721555294,1.4129512644923972,-0.7337891523274096,0.0005650575217425983,1.0000000467399504,0.31159966939503,1,2.8201980373293667,4.196078511137929,5.057933270059294,0.9798153512660825,0.015179745082364344,1.000000137283627,0.00781105353544253,0
1.72,-0.0037536188291798656,0.004731690647513755,-2.143056912484731e-11,0.12507566691770303,0.3188789840895283,0.34554239223697986,1.2068746899292973,0.00010845867750793751,1.0000030985708557,20.970811862548896,1,0.18393994534473232,-0.7032334593223539,0.7224631958991407,-1.316340955483481,6.396865944855378e-05,1.0000003923340655,2.61556043644602,1,-0.2340869737437026,-0.9806095510683214,1.0047275729331715,-1.8080749951394492,-0.0018704781557821225,1.0000002866132207,0.9669585534930206,1,1.116824268129734,-0.8621556376920706,1.406777485992411,-0.65604998522989,0.0005944578085092791,1.0000000475088728,0.31672581956197876,1,2.7742891032923063,4.229291961068155,5.0602539675293965,0.991016948506147,0.0153229175642449,0.9999998056335121,0.007801080413297511,0
1.74,-0.003753618835592825,0.004731690647597292,-2.1763010664421767e-11,-0.07797045722490026,0.37497048231177865,0.3874054756594622,1.7790497538912846,0.0001070741730585693,1.000003239748402,20.906919727390523,1,0.3221336469661758,-0.650635431266705,0.7214282587822062,-1.1112127548301336,0.0005052617268789539,1.0000003930504708,2.6203364717159316,1,-0.11041099829561722,-1.0002793708995867,1.0025510645278932,-1.6832842036622817,-0.001847054451355384,0.9999999552763094,0.9694778155318188,1,1.1759717200874615,-0.7692086480580876,1.401199105508928,-0.5776584448372536,0.0006236156842616161,1.0000000482671618,0.3217810789979612,1,2.7280423168124583,4.261989492555785,5.062591801769065,1.002208251685661,0.015467134511424663,1.0000000650704604,0.007791029953310939,0
1.76,-0.0037536188403873173,0.0047316906476783036,-2.211768181797913e-11,-0.2623529178842691,0.3290902119037512,0.42542336769392647,2.241819160677158,0.00010122552880574105,1.0000032273194646,20.221298686336514,1,0.4469125783269686,-0.5709420489271304,0.7204936205549382,-0.9055221272742021,0.0008680137968432658,1.0000003938712334,2.625808222606636,1,0.015024443878761694,-1.0043569082045283,1.0003440497912708,-1.557945914216699,-0.0017891242245178934,1.0000001769404703,0.9724488722486333,1,1.228384538733548,-0.6718726860145714,1.3962552121535607,-0.49867579514701044,0.0006532745939558322,1.0000000490091185,0.3267274574312724,1,2.681463779322892,4.294167836726377,5.064946460778401,1.0133892011574173,0.015616010800158366,1.0000001313394957,0.007780904378706075,0
1.78,-0.003753618843219164,0.004731690647768764,-2.2479725546309393e-11,-0.3940463396747943,0.2145235640473322,0.4525814555296293,2.6373820344987258,9.515416242620658e-05,1.0000030608238246,19.261619392533827,1,0.5529780352827485,-0.46740293770568875,0.7196988479461638,-0.6993357025277145,0.0011578292771897308,1.0000003947627123,2.631751414756473,1,0.1402554560957797,-0.9926755193753818,0.9981410742542355,-1.4320532052735016,-0.0017001707350600577,1.0000003083073246,0.975831674375268,1,1.2736875309363795,-0.5706654525734467,1.3919811823782855,-0.41916978242219416,0.0006840405414963703,1.000000049728841,0.33152560736961006,1,2.634559619401028,4.325823802754904,5.067317628456695,1.024559739659128,0.015771056391580742,0.9999998041117514,0.00777070587572286,0
1.8,-0.0037536188443752306,0.004731690647869116,-2.2835719426517187e-11,-0.45894175365069867,0.062349089035902874,0.465970746860016,2.9983796615530416,9.017326784750578e-05,1.0000027853617581,18.24109767267849,1,0.6357943149073667,-0.3443111850119539,0.719077843374467,-0.4927420168601722,0.0013837968638818934,1.0000003956877406,2.6379182710641467,1,0.2632953958740938,-0.9653169122239229,0.9959770625618385,-1.3056078736979362,-0.0015862390003558962,0.9999999688370663,0.9795788978183434,1,1.3115503892489881,-0.46614348236604997,1.3884081702745734,-0.3392141109681708,0.000716016720115179,1.0000000504203066,0.33613537704610136,1,2.5873359916528713,4.356954277949457,5.069704983868347,1.035719811520708,0.015931857662961058,1.0000000725574196,0.0077604365957081155,0
1.82,-0.0037536188442039665,0.004731690647974256,-2.317663162082484e-11,-0.45224454056572105,-0.1003183894525048,0.46460242580339517,-2.9331733250307463,8.614333557780525e-05,1.000002492013783,17.29218037008243,1,0.6917997728517936,-0.20682632462900663,0.7186572725786453,-0.2858478939502861,0.0015607724911903262,1.0000003966072186,2.64404812444846,1,0.3821668183310383,-0.9226163835630303,0.9938867602362484,-1.178620689431786,-0.0014545550870251416,1.0000001473186548,0.9836363353854167,1,1.341692714603959,-0.35889750399848164,1.3855626390856515,-0.258887770121256,0.0007489123201315652,1.000000051077466,0.3405164407332201,1,2.539799075601735,4.387556227818357,5.072108202569927,1.0468693623115886,0.01609708232237512,1.0000001251890187,0.007750098656143217,0
1.84,-0.003753618842971658,0.004731690648077373,-2.3497074945477703e-11,-0.3743930476460238,-0.24768464719935634,0.448566439727088,-2.5678577655588346,8.298362279750117e-05,1.0000022840500655,16.517529211534015,1,0.7185761053324741,-0.060751997436547904,0.7184553005404546,-0.07877382824663626,0.001708195610281149,1.0000003974818743,2.6498791622954934,1,0.4949349205947237,-0.8651637743696988,0.991904149010839,-1.0511114995498996,-0.0013124431890442253,1.000000326497275,0.9879434440909584,1,1.3638884372875966,-0.2495470097526609,1.3834659494004802,-0.17827422399228993,0.0007822553389439931,1.0000000516943517,0.3446290115818176,1,2.4919550745822447,4.417626696121077,5.074526957977272,1.0580083387571961,0.016265110941841,0.9999998029021113,0.007739694141456534,0
1.86,-0.003753618840652639,0.004731690648171782,-2.3793242549807747e-11,-0.2314376362073531,-0.35205897536539443,0.41910952891634207,-2.162680726190506,8.115964559852446e-05,1.0000022319249278,16.030856836945325,1,0.71496508671854,0.08772118386743706,0.7184807147600841,0.12835140686093913,0.0018458656574635286,1.0000003982741006,2.6551606702797446,1,0.5997418657342735,-0.7937997057795535,0.9900618468951817,-0.9231091606731471,-0.00116663028431751,0.9999999871992412,0.9924340678317299,1,1.3779694863308436,-0.13873413272278803,1.3821340159883984,-0.0974604804983961,0.000815681154608267,1.0000000522651946,0.348434630280134,1,2.4438102146398815,4.447162804902945,5.076960922454716,1.0691366888054048,0.016434534673540946,1.0000000799311695,0.007729225103023471,0
1.8800000000000001,-0.0037536188369364414,0.0047316906482499175,-2.4060128021863303e-11,-0.040129158339622883,-0.38156225145980416,0.37968405596557003,-1.6831509901137196,8.143375395466661e-05,1.0000023485363645,15.999131876670948,1,0.6811250194370304,0.23229413286954162,0.7187324923913436,0.335396633609455,0.0019885427610624386,1.0000003989497546,2.6596650304389073,1,0.6948412389903672,-0.709606760178796,0.9883905058277687,-0.7946512828731493,-0.0010220707245635478,1.0000001180344604,0.9970373475172429,1,1.3838285776809158,-0.027116960114089466,1.3815770429752507,-0.016536060470569023,0.0008491853845232271,1.0000000527845465,0.35189697650837554,1,2.395370743436532,4.476161754514027,5.079409767912599,1.0802543618312783,0.01660479049778282,1.0000001188419423,0.007718693558314814,0
1.9000000000000001,-0.003753618831765171,0.004731690648297621,-2.4290063016518815e-11,0.1601180310476479,-0.30376028594460464,0.33841404303019984,-1.0862646911038485,8.478294944671095e-05,1.0000025997521724,16.66563080793847,1,0.6185230549404233,0.3668438529173924,0.7191998384673093,0.542234289821552,0.0021414289872492445,1.0000003994798043,2.663198695113711,1,0.7786317819744853,-0.6138954093958553,0.9869182216611305,-0.6657837740931153,-0.0008806383852710777,1.0000003405373874,1.001678819229521,1,1.3814210211027549,0.0846375614852414,1.3817993471424377,0.06440810737523339,0.0008832313415619831,1.0000000532473952,0.3549826341882247,1,2.346642929162989,4.504620823612701,5.0818731650308315,1.091361308973366,0.016776766420697965,0.9999998020065093,0.007708101490137568,0
1.9200000000000002,-0.0037536188270855444,0.004731690648284399,-2.4481762971040322e-11,0.29445754492349524,-0.11077975985732795,0.3107277161837832,-0.34967310939659163,9.314685789936321e-05,1.0000029184306882,18.169443097686305,1,0.5298638983869141,0.48569822465886503,0.7198626908347178,0.7487462434021048,0.0022944689834151744,1.000000399841713,2.6656114209102104,1,0.8496894735743041,-0.5081846628755066,0.9856699744758376,-0.5365601816810524,-0.0007423651636795759,1.0000000096936625,1.0062816775038177,1,1.3707654806397382,0.19586095147817761,1.382799278648028,0.14528083308718773,0.0009183354810498471,1.0000000536492673,0.3576617822069265,1,2.2976330594587813,4.532537369153234,5.084350779276873,1.1024574832131995,0.016950877649024965,1.0000000871800279,0.007697450847640668,0
1.9400000000000002,-0.0037536188276253045,0.0047316906481722106,-2.4667250880794356e-11,0.2840504176557403,0.13227435798532766,0.3128777882917416,0.4519084706337752,0.00010547626354939856,1.0000031658908206,19.947211606035005,1,0.41895970579868447,0.583886036590763,0.7206926607195847,0.9548290686744899,0.0024103099020757425,1.0000004000204787,2.666803191124899,1,0.9067969890770019,-0.39417760592543327,0.9846671218048508,-0.4070408340873551,-0.0006124478884280013,1.0000000895764098,1.0107681950756484,1,1.3519436609062663,0.3058905615440688,1.3845692491556436,0.22599181787913097,0.0009534591902101492,1.000000053986321,0.35990880628577293,1,2.2483474403393466,4.559908826356759,5.086842266614061,1.113542837899577,0.017119359835541574,1.0000001123083233,0.007686743549013519,0
1.9600000000000002,-0.0037536188336590587,0.004731690647963979,-2.4908156266711945e-11,0.13603207853008503,0.31204364612948743,0.34339584739984086,1.171810554053254,0.00011300059242451462,1.0000031957278896,20.948403696033886,1,0.290549721342752,0.657349412829548,0.721654358131312,1.1603985121399727,0.0024428156559336786,1.0000004000092604,2.6667284021429523,1,0.9489695772749339,-0.27373220797061865,0.9839269554836197,-0.27729178702301116,-0.0005016508700532872,1.0000003498360128,1.0150613272971307,1,1.3250989308180512,0.41407679118342383,1.3870958708190915,0.30645278521402397,0.0009862548943385637,1.0000000542554233,0.3617028218106262,1,2.198792395130891,4.586732708666424,5.089347283724666,1.1246173246586535,0.017269491461808825,0.9999998014263649,0.00767598148231033,0
1.9800000000000002,-0.003753618840212942,0.00473169064770744,-2.5236706821529786e-11,-0.06641473536442437,0.3744824104195102,0.3851362716031058,1.7511661379509917,0.00010772502413796394,1.0000030416077617,20.930623539329943,1,0.15008099053714874,0.7031088913098613,0.7227070232296492,1.3653929522598298,0.002381629068329297,1.0000003998095408,2.665396939348658,1,0.975476463044796,-0.1488279908207657,0.983462320695103,-0.1473835991123437,-0.00041237560410149526,1.0000000355119485,1.0190863380214943,1,1.2904339348143838,0.5197899687106109,1.3903601805724366,0.38657856073405866,0.0010160926361761642,1.0000000544542142,0.363028094562305,1,2.1489742634139244,4.6130066076863345,5.091865502849606,1.1356808952777933,0.017399162672746164,1.0000000942925094,0.00766516650967,0
2.0,-0.0037536188448355455,0.004731690647444838,-2.5646114572286383e-11,-0.2529337531836564,0.333314741474933,0.42359559515922474,2.2187334291737484,9.681927456642874e-05,1.0000028478506564,20.268482441827892,1,0.0034630974314457303,0.7193750225941938,0.7238063633279789,1.5697756873032664,0.0022364643331732733,1.0000003994309057,2.662872704024177,1,0.9858570039176382,-0.021529349193170705,0.9832813257946995,-0.017389984767464124,-0.0003391930288633336,1.0000000623879794,1.02277243489163,1,1.24820727794298,0.6224267315652305,1.3943379391220132,0.46628805532746703,0.0010434175318581704,1.0000000545811485,0.3638743229489788,1,2.0988993999748224,4.6387281931013895,5.094396606728433,1.1467335044040756,0.017512211690120513,1.0000001055985142,0.0076543004813750554,0
2.02,-0.0037536188475802736,0.004731690647198571,-2.611900019183766e-11,-0.38796867476397845,0.22164689916097088,0.45144340000105043,2.617020221748291,8.761609619379331e-05,1.0000027226857755,19.31716839885982,1,-0.1431897460237508,0.7056040384697287,0.7249064859498967,1.7735360012777948,0.002032487876995649,1.0000003988904698,2.6592697990039795,1,0.9799309941808124,0.1060535178754194,0.983387163661325,0.11261362730452802,-0.000276101129120108,1.0000003539080127,1.0260543945385883,1,1.1987294029933206,0.7214157639281248,1.3990000132904234,0.5455051284440289,0.0010683514181366706,1.000000054635516,0.3642367720800891,1,2.0485741737624736,4.663895212577753,5.096940280154917,1.157775109557329,0.017611335935004597,0.9999998011625975,0.007643385246646541,0
2.04,-0.0037536188488651867,0.004731690646980356,-2.6639863925925766e-11,-0.45667094085671384,0.07079967185680958,0.465618125448552,2.9792049217708576,8.069284115003352e-05,1.0000026888148401,18.296037988865436,1,-0.2838165993510742,0.6624985133785217,0.7259618458973986,1.9766890692356027,0.0018048252609157605,1.0000003982119172,2.65474611486511,1,0.9578027209875368,0.23180498322343535,0.9837780428312765,0.24255159301752666,-0.00021891824696132004,1.0000000637691782,1.0288740866993416,1,1.1423578005340005,0.8162227792930725,1.404312826096469,0.6241593207298081,0.0010906177214228382,1.0000000546174397,0.3641162641025275,1,1.9980049668492064,4.688505491647086,5.099496207933608,1.1688056705156706,0.017697904910788823,1.0000001012573454,0.007632422654786333,0
2.06,-0.0037536188488898692,0.004731690646797871,-2.7195311974592684e-11,-0.4538914441889074,-0.09195140725146736,0.46505786877707633,-2.952427287677312,7.46264855644458e-05,1.0000026971273759,17.340476483998728,1,-0.4126564830343198,0.5919566554661612,0.7269291215141517,2.179274783350331,0.0015851989050625404,1.0000003974243092,2.6494953947034925,1,0.9198586149719852,0.3536445239672714,0.984447227891456,0.37234955985764845,-0.00016526091630820146,1.0000000369032127,1.0311818333001643,1,1.079491707549104,0.9063546695902346,1.4102388547169367,0.7021864435307362,0.001109761349740848,1.000000054527854,0.36351902664076086,1,1.947198173397478,4.712556933577186,5.1020640752313025,1.1798251490491771,0.01777291818659198,1.0000000987231457,0.007621414550820247,0
2.08,-0.0037536188476897077,0.004731690646656438,-2.7771791810682345e-11,-0.3798105875302424,-0.24082359876269127,0.4497994631890183,-2.588475106021719,6.868806840628236e-05,1.0000026748621325,16.553683613366385,1,-0.5244746095990646,0.49697580718760637,0.727768937488976,2.3813556343569124,0.0013936641473327885,1.0000003965607414,2.643738275509306,1,0.8667585863383465,0.4695662501315682,0.9853831879722037,0.5019359335697711,-0.00011453294076751672,1.000000352435613,1.032937549037446,1,1.0105664570095567,0.9913627773760214,1.4167371606550518,0.7795290184990846,0.001125343482684548,1.0000000543684613,0.36245640904081977,1,1.8961601986340302,4.736047519230627,5.1046435680813795,1.1908335088962878,0.01783757495671789,0.9999998012156245,0.007610362768932107,0
2.1,-0.0037536188451482923,0.0047316906465580295,-2.8354180114931182e-11,-0.24009350778569213,-0.3483058904712159,0.42101036839028677,-2.1862530564740714,6.363037468486174e-05,1.0000025831119805,16.04773039176062,1,-0.6147610000735124,0.38151691016180894,0.7284473745234976,2.5830138124685154,0.0012364277588320983,1.0000003956569121,2.637712746755069,1,0.7994213796249704,0.577676322748064,0.986569848058423,0.6312432601201495,-6.840135478417856e-05,1.0000000935752842,1.0341116193519335,1,0.936047639094443,1.0708452814090135,1.423763937701609,0.8561365676425507,0.001137137981656057,1.0000000541416723,0.36094448179838146,1,1.8448974578325716,4.758975306911613,5.1072343736412185,1.2018307158637804,0.01789366971355038,1.0000001080635001,0.007599269125610695,0
2.12,-0.0037536188412000547,0.004731690646498922,-2.8925821807246344e-11,-0.05067240733824315,-0.38275024733124935,0.3819743996009986,-1.7118251246580831,6.131655835597423e-05,1.0000024555528728,15.985609351075961,1,-0.6798963080114052,0.25033718884762496,0.728937225161559,2.7843476956783624,0.0011092667895442132,1.0000003947496707,2.6316644712619808,1,0.7190044991762577,0.6762272647626895,0.9879869336868081,0.7602094838144521,-3.002624860723506e-05,1.0000000135844882,1.0346854847877582,1,0.8564252259949823,1.1444487167764088,1.4312730640078954,0.9319657599876038,0.001145361203159993,1.000000053850531,0.35900353897658066,1,1.793416375306071,4.781338432201011,5.109836180035162,1.2128167380379624,0.017944118104081655,1.000000091693111,0.007588135414100325,0
2.14,-0.0037536188362149478,0.004731690646465894,-2.947024568822343e-11,0.15068704437182334,-0.31139925106416283,0.3404759783765481,-1.1223502480258711,6.355256539951824e-05,1.0000023970390013,16.60766298306254,1,-0.7172813628568802,0.1087983109860391,0.7292189700879546,2.985467884391238,0.0010044401876644774,1.0000003938755995,2.6258373291531383,1,0.6268794386053091,0.763648325367353,0.9896103960448583,0.8887790494147578,-2.626690799102837e-06,1.0000003453217017,1.034651916473476,1,0.772207797716728,1.2118686770761187,1.4392166453392343,1.0069804254085124,0.0011508480808506488,1.0000000534986293,0.3566575294046699,1,1.741723383409476,4.803135107779515,5.112448675001692,1.2237915461268385,0.017993540120735327,0.9999998015853616,0.007576963401472397,0
2.16,-0.0037536188319211372,0.004731690646431504,-2.99791285546247e-11,0.2909763736676156,-0.12381548716420754,0.3115646020423122,-0.39261502584214514,7.094372697703748e-05,1.0000025195428652,18.071420416295954,1,-0.7254282614245346,-0.03734300695062956,0.7292814600018332,-3.096692380473335,0.000914737737368806,1.0000003930696677,2.6204644520206277,1,0.5246030809555289,0.8385712497161658,0.9914129017767437,1.0169038231663179,9.428544264344212e-06,1.0000001240976217,1.0340149846383415,1,0.6839169875668759,1.2728497669317105,1.4475455370266332,1.0811514483533966,0.0011544833224585232,1.0000000530900177,0.3539334509813182,1,1.6898249215529801,4.824363623237678,5.115071541336651,1.2347551136390826,0.01804655016462444,1.0000001147001893,0.007565754829273581,0
2.18,-0.0037536188320628043,0.004731690646361331,-3.047103281500485e-11,0.2893159191342101,0.11950620263888802,0.3119133868709484,0.40931249345586995,8.175422570177146e-05,1.0000028025208936,19.863406090672896,1,-0.7040117826694248,-0.18215537026938938,0.7291222924006983,-2.8956404455943296,0.0008243054250674258,1.0000003923639902,2.615759935190656,1,0.41388621596556746,0.899851015946054,0.9933643733426386,1.1445438131446006,-6.664887505212962e-06,0.9999999929452716,1.0327897380592999,1,0.5920822444972822,1.3271848878991042,1.45620983637825,1.1544565537129965,0.001154822228448044,1.0000000526291122,0.3508607477450126,1,1.6377274352254385,4.845022344872039,5.1177044505888984,1.245707415589392,0.01809961800138579,1.000000084519548,0.0075545114167699335,0
2.2,-0.003753618837445291,0.004731690646250404,-3.0991285059067675e-11,0.1468708538246316,0.30493065588980195,0.34128401330297453,1.1363398283859616,8.916909612044565e-05,1.0000030785719987,20.922621119553188,1,-0.6538805467332632,-0.31975780362254336,0.7287478772964814,-2.694440625077283,0.0007112429903261585,1.0000003917867044,2.6119113622749617,1,0.2965601463152409,0.9465813146104605,0.9954325741911759,1.2716676848794917,-6.851012387488243e-05,1.0000003327185165,1.0310016162678042,1,0.4972359865455988,1.374713950100656,1.4651593488175745,1.2268800042534627,0.0011482728827322745,1.0000000521206107,0.34747073765679154,1,1.5854373750274615,4.865109715468139,5.120347070012089,1.256648426009292,0.01814228992553555,0.9999998022712222,0.007543234861558025,0
2.22,-0.0037536188440578104,0.0047316906461330865,-3.1566527169957226e-11,-0.05476819727835459,0.37376809394263255,0.3828586906551855,1.7229715415529843,8.656180680360011e-05,1.0000032349850427,20.95218443063463,1,-0.5770278018581597,-0.44454349033835117,0.728173204877455,-2.492977488658607,0.0005777655570535614,1.0000003913609856,2.6090732379695107,1,0.1745423303880125,0.978104748539887,0.9975837195300459,1.3982530898915793,-0.00017842838422540383,1.0000001545989898,1.0286856073906347,1,0.399909197023765,1.4153221067108273,1.4743440156075822,1.298412241832289,0.0011335456498547862,1.0000000515694107,0.34379607183462646,1,1.532961195714944,4.884624254071431,5.122999078446092,1.2675781190632676,0.018173957079870892,1.0000001211568965,0.007531926839201228,0
2.24,-0.003753618849159797,0.004731690646044065,-3.2188777684960534e-11,-0.24332323389559754,0.33741298368893263,0.4217379449211108,2.195459488311,7.69596437441434e-05,1.000003237696763,20.31456941465006,1,-0.4765221460272531,-0.5513960176171415,0.7274213207435838,-2.2911455379737897,0.0004449742467800266,1.0000003911042108,2.6073614056717025,1,0.049801942688994245,0.9940179092931699,0.9997830814971934,1.5242868031708854,-0.0003279244704413582,0.9999999755456946,1.0258852392844373,1,0.3006274944392754,1.448937608827565,1.4837142785080024,1.3690494835208527,0.0011109827638495849,1.000000050980532,0.3398702141500756,1,1.4803053552538734,4.903564555744327,5.125660163600866,1.2784964718006862,0.018200656383634762,1.0000000772138218,0.0075205890114802415,0
2.2600000000000002,-0.0037536188522746907,0.0047316906460001095,-3.2836428888460834e-11,-0.38165813962151285,0.22873565252119885,0.4502659074015642,2.5965640505742544,6.675197394630467e-05,1.0000030838492866,19.372262606999577,1,-0.3563990219726826,-0.6358917417924084,0.7265225035313182,-2.088853314707125,0.00033518314383342647,1.0000003910272828,2.606848552180259,1,-0.07567386926373407,0.9941716307283365,1.0019955818119122,1.6497646698993231,-0.0005066819218949034,1.000000315022828,1.0226514757397427,1,0.19990768889933586,1.475529374972426,1.493221393147652,1.4387932792633569,0.0010808210473884508,1.0000000503590396,0.335726930940333,1,1.4274763138846003,4.921929291307736,5.128330013110015,1.28940346435299,0.018227051415783953,0.9999998032721185,0.00750922303601046,0
2.2800000000000002,-0.0037536188536432817,0.00473169064600421,-3.3488197458131364e-11,-0.4541527853258196,0.079295255995916,0.4652220907153206,2.9600087190686986,5.8308829131126486e-05,1.0000028145673747,18.350932889868414,1,-0.22151459676968094,-0.6944815152204845,0.7255131597803125,-1.8860271313120498,0.0002662652798494489,1.0000003911341406,2.607560937548419,1,-0.1999123764262631,0.978666835520582,1.0041863669129547,1.7746913903071917,-0.0007033771835300896,1.0000001844458473,1.0190414699845594,1,0.09825482296644654,1.495104363529502,1.502817702551998,1.5076500516697569,0.001043309542191391,1.0000000497099701,0.331399801280237,1,1.3744805331940966,4.93971720706841,5.131008311612153,1.3002990792243612,0.018255779440668887,1.0000001274233905,0.007497830569796602,0
2.3000000000000003,-0.0037536188536243594,0.004731690646051745,-3.412695993854076e-11,-0.4552912711722077,-0.08346388890659177,0.4654690801478449,-2.9716354508556715,5.1079856052023935e-05,1.0000025181683534,17.389050320092217,1,-0.07736474808300998,-0.7246446534325539,0.7244344607764773,-1.6826142818924827,0.0002495575500220053,1.0000003914214775,2.609476516837241,1,-0.3209857833445483,0.9478464656155429,1.0063213549793828,1.899080166778402,-0.0009061942538392382,0.999999961960749,1.0151172663528472,1,-0.003840317085011286,1.5077048270599631,1.5124568706941706,1.5756306326342622,0.0009990086473546035,1.000000049038267,0.3269217800985661,1,1.321324475196761,4.9569271245340865,5.133694740786773,1.3111833008460763,0.018288377525892296,1.000000069787506,0.007486413269485854,0
2.3200000000000003,-0.00375361885251747,0.004731690646134561,-3.4739608759104534e-11,-0.3849964300794754,-0.23376074603917937,0.4509907315539362,-2.6089698200399853,4.39594981625518e-05,1.0000022987448476,16.59046824092367,1,0.07012663159845754,-0.7250078439598779,0.7233307537186868,-1.4785855774709775,0.00028857458057660686,1.0000003918786968,2.6125246450113644,1,-0.43703947663842896,0.90228402367205,1.008367744566508,2.0229522344209894,-0.001103956717309795,1.0000002928412417,1.01094451572586,1,-0.10590324391751092,1.5134055166401956,1.5220940765382067,1.6427498060234411,0.0009488563913253007,1.000000048348725,0.3223248327783159,1,1.2680146014245344,4.973557940117455,5.136388979901183,1.3220561153751973,0.018325877668921072,0.9999998045864631,0.0074749727908404095,0
2.3400000000000003,-0.003753618850313085,0.004731690646243072,-3.531543894125244e-11,-0.24856170476300166,-0.34425579163182946,0.42287805052460725,-2.2096002605762255,3.6525801068817515e-05,1.0000022308570076,16.065741253901553,1,0.21484396975283138,-0.6954219059831668,0.7222477923385036,-1.2739370470825178,0.000379292442326061,1.0000003924881344,2.616587562973754,1,-0.5463177436721595,0.8427692596680679,1.0102944784550307,2.1463362975798876,-0.0012869632926078636,1.0000002130934347,1.006591229535285,1,-0.20747739765785608,1.5123108938681291,1.53168617067661,1.709025864060036,0.0008941382534054023,1.0000000476459465,0.3176396429526928,1,1.2145573720265324,4.989608624828923,5.139090706338915,1.3329175106298272,0.01836923204842304,1.0000001334897415,0.00746351078786096,0
2.3600000000000003,-0.003753618846726109,0.004731690646365765,-3.5843617136877004e-11,-0.06113523909048946,-0.38353704839561575,0.3842534753557684,-1.7401382075628045,2.9431116505188658e-05,1.0000023320775622,15.97399898589479,1,0.35073289551797515,-0.6369900952810259,0.7212308471189505,-1.0686906559549807,0.000512704348109347,1.0000003932255757,2.6215038377763684,1,-0.64718681070681,0.7702915177679384,1.0120726593940035,2.2692678940454885,-0.0014471621442066877,0.9999999527314808,1.0021265972882594,1,-0.3081253972548488,1.5045523980631457,1.5411917973740497,1.774480183849558,0.0008365093968823983,1.0000000469343082,0.3128953876949543,1,1.1609592448784705,5.005078223958581,5.141799595939093,1.3437674761523901,0.01841989129397332,1.000000062252366,0.0074520289116229415,0
2.38,-0.003753618841631331,0.004731690646484284,-3.631162124456688e-11,0.1411152786256007,-0.31858737834174683,0.3425723719984381,-1.1579712273089033,2.525900575864854e-05,1.0000025710584428,16.552297095163105,1,0.4720595250576427,-0.5520431593822697,0.720322770400142,-0.8628939189904231,0.0006785464624845453,1.0000003940610778,2.627073851682663,1,-0.7381551443131008,0.6860212190506972,1.0136759163193356,2.39178870699453,-0.0015778313944584562,1.0000002669379071,0.9976198880347208,1,-0.4074299543305992,1.4902858065915527,1.5505714848825076,1.8391368292797952,0.0007781427980965251,1.000000046217936,0.3081195724053245,1,1.10722667470221,5.019965856747985,5.1445153224372895,1.3546060034457637,0.018480552758104608,0.9999998062121724,0.007440528809197818,0
2.4,-0.0037536188366258045,0.004731690646563937,-3.671281941647342e-11,0.28708028636276794,-0.13657608208923205,0.31249303486863195,-0.43528391985865383,2.987983283998982e-05,1.000002885305444,17.974568708662783,1,0.573664245600426,-0.4440586448240276,0.7195621079739266,-0.6566183344022013,0.0008637430315043779,1.0000003949600824,2.6330672159599913,1,-0.8178910343099445,0.5912899026494146,1.015080720099658,2.5139458425713466,-0.0016737260023412704,1.0000002400605563,0.9931394492642115,1,-0.5049944900783551,1.46968871738791,1.5597877055186822,1.9030221819135755,0.000721506854650832,1.0000000455006877,0.3033379180730692,1,1.053366112195488,5.034270716051461,5.147237553878891,1.3654330861825776,0.018553931821182125,1.0000001393463358,0.007429012123402259,0
2.42,-0.003753618836364826,0.004731690646558812,-3.7072413715255603e-11,0.29416431664362025,0.10663785301684442,0.3110415895105018,0.3664897310554158,4.144183736625832e-05,1.0000031465429373,19.77708293570442,1,0.6511969437886632,-0.31752498190710743,0.7189813629872901,-0.449956637212018,0.0010490942393899718,1.000000395884814,2.639232094113363,1,-0.8852375303908236,0.48756918700255486,1.016266645760927,2.6357910852880044,-0.001737822041693658,0.9999999483130696,0.9887518107560955,1,-0.6004434952382748,1.4429581747661044,1.5688049059676052,1.9661646000519284,0.0006671153755717341,1.0000000447861441,0.2985742944431274,1,0.9993840031716851,5.047992067986974,5.149965946072546,1.3762487191235986,0.018634673172452244,1.0000000546203385,0.007417480493183157,0
2.44,-0.0037536188419711567,0.004731690646458566,-3.7450865325583393e-11,0.15756002013509804,0.2975410224677044,0.3392095878401564,1.1004451123019736,5.0504044169478374e-05,1.000003200139343,20.893507682313125,1,0.7013203862115641,-0.1777543960212582,0.7186054918671407,-0.2430189435093819,0.0012116154525412353,1.000000396795968,2.6453064533605386,1,-0.9392248385411939,0.37644894946210816,1.0172165849252117,2.7573801319842945,-0.001785350491915502,1.0000002381783206,0.9845208956696329,1,-0.6934226716326958,1.4103084526259486,1.57758952049191,2.028594102014968,0.0006123855816188278,1.000000044077604,0.29385069287548776,1,0.9452867877091252,5.061129251577752,5.152700147499074,1.3870528954072925,0.01870864294320932,0.999999808146669,0.007405935550216381,0
2.46,-0.0037536188485831593,0.004731690646301835,-3.788651597308457e-11,-0.04305526019206379,0.372822212466683,0.3805733120322725,1.6944450600260565,5.275138630391248e-05,1.0000030595213818,20.971635400272834,1,0.7218693973537461,-0.030652397309675054,0.7184507119462656,-0.03592792070808422,0.0013461091521532612,1.00000039765447,2.651029799564068,1,-0.9790802994703186,0.2596149611128804,1.017916926900567,2.878771816751417,-0.0018274185778369677,1.0000002649062176,0.9805073327104861,1,-0.7835988915104798,1.3719690032770846,1.5861099825370149,2.0903420845403486,0.0005563432658563085,1.000000043378085,0.2891872319500917,1,0.8910808993104068,5.073681678386765,5.155439816856925,1.397845606965484,0.018770609052288365,1.000000144983893,0.007394378911058957,0
2.48,-0.0037536188533700337,0.004731690646126748,-3.837784517263243e-11,-0.233541016221226,0.3413790940996568,0.4198498787848955,2.1719808289433136,5.0396134559892806e-05,1.0000028655562474,20.359627919108775,1,0.7119556134220889,0.11754494019635804,0.7185237198123853,0.17118674412681334,0.0014675649747449026,1.0000003984233006,2.656155337086633,1,-1.0042360719926973,0.13882615779532195,1.0183577017455545,3.000027349218484,-0.0018674727532541021,0.9999999490311935,0.9767678581043817,1,-0.8706600082007221,1.3281825753002154,1.5943367159470552,2.1514410821972993,0.0005002569662487882,1.0000000426903284,0.2846021898449642,1,0.8367727640735428,5.085648832144056,5.158184624130228,1.4086268473644492,0.018823135523757487,1.000000046903515,0.00738281217524181,0
2.5,-0.0037536188562482375,0.004731690645952119,-3.891138019435081e-11,-0.3751323244375001,0.23578405852198822,0.4490482601958388,2.5760012642154413,4.713239705493116e-05,1.0000027331176509,19.426990888066165,1,0.6720108166843288,0.26055199418215996,0.7188213725031333,0.3781942738016652,0.001591827186808228,1.000000399069275,2.660461833070854,1,-1.0143346316882158,0.015891680442527218,1.0185326741072955,3.1212095578286525,-0.0019086400869454032,1.000000207478782,0.9733547985630172,1,-0.9543145483890665,1.2792034998426476,1.6022421032340401,2.211924553407723,0.00044532100946548475,1.0000000420168091,0.2801120605621379,1,0.7823687998744467,5.097030268365226,5.160934242575805,1.4193966123912498,0.01886803119060856,0.999999810386886,0.00737123692694583,0
2.52,-0.003753618857629576,0.004731690645786175,-3.9476038757313425e-11,-0.45140397709781066,0.08782954656592355,0.4647824197208277,2.9407814591573085,4.428101777076091e-05,1.000002692689121,18.40587518999872,1,0.6037658971620128,0.39231738481286904,0.7193308436402504,0.5849687954945315,0.0017259525702034973,1.0000003995646394,2.663764262757917,1,-1.0092321723995066,-0.10735222011992955,1.018439397176152,-3.0408031757751814,-0.001954821522743647,1.0000002872146554,0.9703156227626488,1,-1.0342913130766276,1.2252961413820334,1.6098004459730006,2.2718266902314035,0.0003921279123039429,1.0000000413597447,0.2757316309963448,1,0.7278754155594408,5.107825613961516,5.163688345871543,1.430154899512155,0.018905360542890128,1.000000150393479,0.007359654732216081,0
2.54,-0.0037536188577530273,0.0047316906456339024,-4.006375786680394e-11,-0.4564602034689728,-0.07486331450988687,0.46583688627158626,-2.990806785467636,4.13338254930879e-05,1.0000026999249805,17.43798434065135,1,0.5101668723986893,0.507294770349306,0.7200302405766914,0.7913950490209716,0.001863949647393284,1.0000003998883824,2.665922549370596,1,-0.9889999683527306,-0.22906534539153323,1.0180792320675371,-2.9195764456215043,-0.002009318583681908,0.9999999550515368,0.9676925431302402,1,-1.1103389113382363,1.1667335065417341,1.616987921014955,2.3311822538835045,0.0003408732615284759,1.0000000407211107,0.2714740719259971,1,0.6732990101482766,5.118034566843598,5.1664466084857334,1.4409017075247668,0.018934475784268445,1.0000000391141202,0.007348067133301085,0
2.56,-0.0037536188566714064,0.0047316906454992255,-4.06668761165907e-11,-0.38996628298674973,-0.2265054109941815,0.45214254640305496,-2.6293532475541457,3.808000858658431e-05,1.0000026818273073,16.627937849379617,1,0.3952336104532598,0.6006860221924779,0.7208896415316233,0.9973734876849746,0.001986345240550394,1.0000004000271794,2.6668478627221672,1,-0.9539237202904274,-0.34742672404454833,1.0174573330054648,-2.798232421314759,-0.002074156884696005,1.0000001757645307,0.96552216221953,1,-1.1822252481221656,1.1037960030130485,1.6237825329913906,2.3900264349293425,0.0002915628719369425,1.0000000401026556,0.26735103735989496,1,0.6186459720488157,5.127656895520071,5.169208706663014,1.4516370364717477,0.018954762081348973,0.9999998129292723,0.007336475643821588,0
2.58,-0.0037536188542632533,0.004731690645384295,-4.127638075085427e-11,-0.2568569436614369,-0.33992070806933794,0.4247164384167486,-2.2327407861888635,3.52062370264608e-05,1.000002594596645,16.084889205577873,1,0.2638704642513259,0.668644518441269,0.7218724869553612,1.2028245096340127,0.0020654803391235155,1.0000003999759215,2.6665061429404906,1,-0.9045008720717261,-0.46065774628921524,1.0165825967728428,-2.6767093775354,-0.0021493996160338816,1.0000003065891607,0.9638351834275302,1,-1.2497369843887574,1.0367703394863061,1.6301640643716335,2.448394735962489,0.0002441602337223018,1.0000000395059156,0.2633727704399893,1,0.5639226782841829,5.136692438689804,5.171974319338918,1.462360887714241,0.018966172399172077,1.0000001555665208,0.007324881746760701,0
2.6,-0.0037536188504648836,0.004731690645287172,-4.188142974786979e-11,-0.07152930109324718,-0.3839380212785486,0.38652599851859304,-1.7681221131356608,3.4043104319895955e-05,1.0000024648976498,15.9642064924332,1,0.12164057417280415,0.708429532857922,0.7229372422540371,1.4076916339123098,0.002076526672827093,1.000000399737812,2.6649187463367974,1,-0.8414358481805396,-0.5670451946414435,1.0154675738917225,-2.5549477610730342,-0.002232746134922259,0.9999999663617627,0.9626561566251733,1,-1.312678985214533,0.9659485565998536,1.6361140245808412,2.5063228746255626,0.00019875075756072938,1.000000038932232,0.25954821388486465,1,0.509135493732929,5.145141104827319,5.174743128784292,1.4730732641483189,0.01896987758669916,1.000000031264493,0.007313286896309357,0
2.62,-0.0037536188455671075,0.004731690645198142,-4.247057046324887e-11,0.13139788075307848,-0.3253402934903571,0.34470687939264727,-1.1931745714866582,3.6601458522921825e-05,1.0000023926842612,16.49933895648753,1,-0.02548305421888585,0.7185063632790661,0.7240392400376885,1.6119435182029347,0.002010665205131277,1.00000039932405,2.662160332934393,1,-0.7656331325444092,-0.6649640858934285,1.0141283415420475,-2.432890950539285,-0.0023195306495129783,1.000000143935077,0.9620032066040325,1,-1.3708737691595854,0.8916271784291447,1.6416155995463648,2.563846705278021,0.00015579353215952794,1.0000000383827683,0.25588512235382177,1,0.4542907703822679,5.153002871760176,5.177514820343186,1.483774170617057,0.018969130018203745,0.9999998157697976,0.007301692523823214,0
2.64,-0.003753618841048716,0.004731690645094741,-4.3038316833998724e-11,0.2827670226118419,-0.14906882906818783,0.3135142853972305,-0.47772791397874154,4.4334257243235325e-05,1.000002494949511,17.87872043692077,1,-0.1713764309023985,0.6985904866774417,0.7251326072784865,1.8155747940084281,0.0018810904259638317,1.0000003987531452,2.6583543016095468,1,-0.6781880849181677,-0.7529002034873872,1.0125843393261715,-2.3104860137323358,-0.0024040189134884094,1.0000003226516656,0.9618877694077586,1,-1.4241609701216764,0.8141064738763559,1.6466536016167814,2.621002158286006,0.00011617870056393481,1.000000037858526,0.25239017444616685,1,0.399394846593775,5.160277786236584,5.180289079109333,1.4944636143952288,0.018968442568630586,1.0000001604948199,0.007290100047119636,0
2.66,-0.0037536188405745776,0.004731690644946099,-4.360300228517522e-11,0.29858491743561616,0.0936631263958104,0.31026203584888395,0.3233898353972982,5.579203955331667e-05,1.0000027704410157,19.68807000786102,1,-0.3100210111844522,0.6496372641169582,0.7261721850443379,2.018605759305473,0.0017053924064545495,1.000000398049932,2.6536662130464634,1,-0.5803753742841321,-0.8294721540882686,1.0108581644397479,-2.187684456010092,-0.0024873615226841538,0.9999999827629265,0.9623143568778406,1,-1.4723968210581235,0.7336898173641777,1.6512144155549806,2.677825194431345,7.97864839445591e-05,1.0000000373603624,0.24906908256890986,1,0.3444540463803397,5.166965963482486,5.183065582385005,1.5051416045645387,0.018965644528248164,1.0000000233670694,0.007278510880784755,0
2.68,-0.003753618845585034,0.004731690644747022,-4.4211416645734136e-11,0.16809117664304254,0.2898623945039652,0.3371692569018443,1.064074194159705,6.567760471126411e-05,1.0000030568021476,20.8608726474695,1,-0.4357468542613514,0.5737812883735656,0.7271153629978087,2.221081018740367,0.0014879873199867533,1.0000003972443567,2.648295712270419,1,-0.47363490461098956,-0.8934527288356002,1.008975314258366,-2.0644429558467294,-0.0025787042051921066,1.0000001128340419,0.963280347331392,1,-1.5154536673423873,0.650683138408419,1.6552859420924266,2.7343517654737646,4.417268900668928e-05,1.000000036889005,0.245926699200599,1,0.2894746786925626,5.173067586748996,5.185844001158551,1.5158081493849542,0.01894900319846381,0.9999998189039586,0.007266926441247875,0
2.7,-0.0037536188522729265,0.004731690644534437,-4.489560719717067e-11,-0.03127879115287943,0.37163518646115434,0.3782750898797024,1.6655505089974518,7.009894326241882e-05,1.0000032285362919,20.98891077602628,1,-0.5434536834548257,0.47423125528005877,0.727923766146949,2.4230672204154406,0.0012459011561100734,1.00000039637012,2.6424674673410604,1,-0.35955511959010444,-0.9437892898508101,1.0069638790546154,-1.9407240943460726,-0.0026770867288699422,1.0000003350445636,0.9647758081621579,1,-1.553219516176508,0.5653944499157781,1.6588575601503068,2.790617781063168,7.825470974567069e-06,1.0000000364450676,0.24296711755506128,1,0.23446303671372418,5.178582906853,5.1886240170375615,1.5264632561276013,0.01891494481989086,1.0000001651705652,0.007255348142541906,0
2.72,-0.003753618857613708,0.004731690644349955,-4.5650802582564154e-11,-0.2235894227948844,0.3452089563294963,0.41792705047784234,2.1482770395534945,7.096778585729945e-05,1.000003246616338,20.403698574319275,1,-0.6288031078896019,0.355127266016437,0.7285647244715187,2.6246500571211597,0.0010056000537720248,1.000000395463242,2.6364216133866276,1,-0.23985360144693962,-0.9796228396793152,1.0048542008420718,-1.8164970574681119,-0.002773099930183406,1.0000000038670793,0.9667833594894111,1,-1.5855976274045485,0.47813344547721404,1.6619201008384152,2.846659094861201,-2.875443479601489e-05,1.0000000360290646,0.24019376486102476,1,0.17942539716489087,5.183512241713262,5.191405325525054,1.5371069339418573,0.018869029335125083,1.0000000154343587,0.007243777392486687,0
2.74,-0.003753618860958771,0.0047316906442175745,-4.645507242773128e-11,-0.36839570640755903,0.24279208550391876,0.44778795250064574,2.555320116444557,7.248278606207122e-05,1.000003105874064,19.481445235099656,1,-0.6883771984698772,0.22136785258367384,0.7290124797171468,2.82593067622455,0.0007807593751996952,1.0000003945606197,2.630404131714713,1,-0.11635492662000471,-1.0003053696001003,1.0026784865084537,-1.6917382823683136,-0.0028588652954991928,1.000000083221138,0.9692780918314888,1,-1.6125061500247675,0.3892111564530304,1.664465814551319,2.9025115018222487,-6.470359746049641e-05,1.0000000356414234,0.23760948947909066,1,0.12436801962094973,5.187855975881176,5.19418762760458,1.5477391948142183,0.018816781963654987,0.9999998223267873,0.007232215592542273,0
2.7600000000000002,-0.00375361886249602,0.004731690644146488,-4.7284791533652726e-11,-0.44843197997946604,0.09640515294192836,0.46429859284086733,2.92151401283903,7.62766775208016e-05,1.0000028435319217,18.460973678939332,1,-0.7198002319116706,0.07841394621144514,0.7292491110556366,3.027021651890148,0.0005709567000220338,1.0000003936986166,2.624657443891022,1,0.009034190912786268,-1.005415026857194,1.0004703684350473,-1.5664320377732146,-0.0029293353197323065,1.0000003434324116,0.9722275586555986,1,-1.6338778075361289,0.2989396600850011,1.666488339031077,2.958210738261176,-9.933855222423996e-05,1.000000035282497,0.2352166463505368,1,0.06929714583680625,5.191614560065863,5.19697062536557,1.5583600531395565,0.018761993549942343,1.0000001695863463,0.007220664135034332,0
2.7800000000000002,-0.003753618862607146,0.004731690644137245,-4.811933230347565e-11,-0.4574090430002181,-0.06614552404891386,0.46616240492227395,-3.009952323725539,8.141549473816595e-05,1.0000025449384027,17.48738343363255,1,-0.721821660200094,-0.06792331693707993,0.7292651692749892,-3.0551426420479615,0.00037063353250527657,1.0000003929117007,2.619411338113147,1,0.1343523497773514,-0.9947685966574122,0.9982644183421446,-1.4405709219441123,-0.0029813333862444016,1.0000000291000462,0.9755918672734413,1,-1.6496596341488492,0.2076318300396115,1.6679826734816745,3.0137924852512175,-0.00013214533973734564,1.0000000349525777,0.23301718455387885,1,0.014218999083855937,5.194788510655393,5.19975402114575,1.5689695253357152,0.018707518502762824,1.0000000074789273,0.007209124398076849,0
2.8000000000000003,-0.0037536188616045293,0.004731690644185869,-4.894125729681953e-11,-0.39473434995957074,-0.21905312585609207,0.4532568936588119,-2.6496419677950827,8.686481207178593e-05,1.0000023146883095,16.666175242474985,1,-0.6943592412488407,-0.21170444555724405,0.7290600132549986,-2.8540693013039595,0.0001763989919796897,1.0000003922312117,2.6148747452688412,1,0.2576132791830965,-0.9684307682899131,0.9960956201416694,-1.3141562554816064,-0.003013019863645638,1.0000000557473,0.9793238917579892,1,-1.6598127632655904,0.11560112066995037,1.668945157768551,3.0692923758774384,-0.0001627477612238889,1.00000003465191,0.23101273301736533,1,-0.040860216502507395,5.197378409235088,5.202537517583718,1.5795676296713177,0.018655889610213677,0.9999998260328579,0.007197597741311696,0
2.8200000000000003,-0.0037536188594919696,0.004731690644285984,-4.973487940929111e-11,-0.26499584179672697,-0.33529753783940514,0.42652710961386375,-2.2556993032728183,9.088907954268897e-05,1.000002231264203,16.105219969498027,1,-0.6385018541571406,-0.3470868974890401,0.7286418303291629,-2.6528233045380407,-1.2393023342062519e-05,1.0000003916843387,2.6112289254181986,1,0.37683767697400644,-0.9267196523941871,0.9939988080227307,-1.1871983454162356,-0.003023352546719292,1.000000347505069,0.9833696310655717,1,-1.6643122697333563,0.023161376344463278,1.6693734561378208,3.1247460060650964,-0.00019085180925881054,1.0000000343807012,0.22920467430492347,1,-0.09593431656383256,5.199384902102345,5.20532081779984,1.5901543862262233,0.018609733749944735,1.0000001737351636,0.007186085503617398,0
2.8400000000000003,-0.0037536188560248597,0.004731690644428511,-5.048401627294474e-11,-0.0818702474618724,-0.3839523303934135,0.38879141003660905,-1.7958087598560462,9.251974251860476e-05,1.0000023170063694,15.956242748850634,1,-0.5564719681186345,-0.4685477709211567,0.7280273355942514,-2.45129079549924,-0.00019243427581917735,1.0000003912931719,2.6086211452329566,1,0.49008658809194344,-0.8702080440849101,0.9920080780729097,-1.0597165979130396,-0.003011554928772261,1.000000057711981,0.987668733227887,1,-1.6631470675178468,-0.06937334221514496,1.6692665463125504,-3.1029963589145946,-0.000216123306809221,1.0000000341391304,0.2275942028600977,1,-0.15099713714783675,5.200808699777735,5.2081036255188415,1.6007298169726452,0.018572316532414763,0.9999999995133777,0.007174589002551204,0
2.8600000000000003,-0.0037536188510117617,0.004731690644597181,-5.1170256400168146e-11,0.12152490530175543,-0.33165479589095,0.34687546207692765,-1.2279872356649273,9.427830171908618e-05,1.000002543459416,16.44884355310768,1,-0.4515481782066718,-0.5710977157476187,0.7272411732744204,-2.2493687265174933,-0.00035239967147166303,1.000000391073846,2.607158973216322,1,0.5954957097932667,-0.7997199886039559,0.9901561842009073,-0.931739459230717,-0.0029762151658907746,1.0000000309372186,0.9921551987404212,1,-1.6563198639536463,-0.16168892201921364,1.6686247152403721,-3.047528540128596,-0.00023802888731037843,1.000000033927356,0.22618237334926372,1,-0.20604253532594335,5.2016505765124075,5.210885644606387,1.611293946046584,0.01854839159383245,0.9999998300162953,0.007163109535118708,0
2.8800000000000003,-0.0037536188457224806,0.004731690644759014,-5.177916689164119e-11,0.2780252555656505,-0.16127731560596384,0.314623306644299,-0.5199427297332792,0.00010140072528802826,1.000002852022344,17.78417781155404,1,-0.3279487814499233,-0.6504796085668167,0.7263150335783495,-2.0469689163766325,-0.00047456989435785946,1.0000003910358868,2.606905912605467,1,0.6913098833818708,-0.71632230555222,0.988473933016486,-0.8033041688056727,-0.002915221758532344,1.0000003469868028,0.9967582595886639,1,-1.6438471709136644,-0.2534713596188789,1.6674495618646725,-2.992000270743226,-0.0002559744406732533,1.0000000337455217,0.2249701446076776,1,-0.26106438979917673,5.201911369790922,5.2136665759289915,1.6218468001695914,0.018543736944858922,1.000000177610441,0.007151648379965388,0
2.9000000000000004,-0.003753618844656908,0.004731690644865956,-5.232503753199724e-11,0.3025469705581135,0.08059964614608414,0.30957396366730294,0.280033192118401,0.00011408956865486767,1.0000031248770904,19.596769503766506,1,-0.19067819602481062,-0.7033451536154762,0.725286495068543,-1.8440216974739052,-0.0005535884821076767,1.0000003911817612,2.607878407702404,1,0.7759169225469483,-0.6213108644535488,0.9869895970654406,-0.674456313010761,-0.0028314122421871295,1.0000000888009597,1.0014034683260504,1,-1.625759372667374,-0.34440692811334506,1.665744002385456,-2.936375947833351,-0.0002705947858128637,1.000000033593763,0.2239584203972645,1,-0.3160566014925912,5.2015919798292645,5.216446109332581,1.632388408171284,0.01855761355747704,0.9999999915503274,0.007140206801284197,0
2.92,-0.0037536188497359576,0.00473169064489851,-5.2860886674832575e-11,0.17842749492940735,0.2818953856125915,0.3351644623534057,1.0272325331063337,0.00012538989446882445,1.0000032022139598,20.8249679829146,1,-0.04533921559890131,-0.7274022305257497,0.7241976075606746,-1.6404790027338598,-0.0006066307858636031,1.0000003915066424,2.610044282497166,1,0.8478798469285828,-0.516191570937886,0.9857283575913519,-0.5452491662862858,-0.0027380262509509026,1.0000000091859274,1.0060140140162301,1,-1.6021008498419556,-0.43418235700751723,1.6635122703063794,-2.880619924272881,-0.0002841742136771424,1.000000033472213,0.2231480863268919,1,-0.3710130941390226,5.200693369067957,5.219223922266804,1.642918798264752,0.018577929097784013,0.9999998342707855,0.007128786051514266,0
2.94,-0.0037536188563333747,0.004731690644887794,-5.3424530424561745e-11,-0.019469295301985736,0.37019802115001993,0.37596511133344795,1.6362885629272585,0.00012993204094619048,1.0000030765500478,21.00422360965803,1,0.10208434215322972,-0.7215256917995106,0.7230932489501326,-1.4363167521950488,-0.0006388407313941927,1.0000003919984206,2.613322803659987,1,0.9059665534771912,-0.4026562189758756,0.9847117791498277,-0.4157428235999061,-0.0026440703934815213,1.0000003416576695,1.0105121309657639,1,-1.5729301585583866,-0.5224850327255783,1.6607599273818199,-2.8246965057505795,-0.0002976431235253104,1.0000000333810064,0.22254004208078518,1,-0.4259278148529697,5.199216561661466,5.221999696156561,1.6534379970585782,0.018598473400854076,1.0000001812060355,0.00711738736845199,0
2.96,-0.003753618861239718,0.004731690644868216,-5.4013161131238885e-11,-0.2134932335468928,0.3488903691211254,0.4159701434607648,2.124349818691095,0.0001279525544090509,1.0000028835213428,20.446988942388778,1,0.24546814220923865,-0.6858246217200624,0.7220193197444328,-1.2315363792644738,-0.0006418808282155526,1.000000392637985,2.6175865674717693,1,0.9491759653493096,-0.2825535794271782,0.9839573448561614,-0.2860031563456396,-0.002549154987840395,1.0000001213554104,1.014820639622361,1,-1.5383202634811561,-0.6090032277893221,1.6574938963202819,-2.768569947609453,-0.0003104862757048026,1.000000033320284,0.2221352276980939,1,-0.48079473469360234,5.197162642965676,5.224773122855266,1.6639460321030308,0.018622265229249944,0.9999999836023902,0.007106011973857282,0
2.98,-0.003753618864200607,0.0047316906448538944,-5.461038826010123e-11,-0.3614688876151348,0.24974595995411286,0.44648526783441794,2.534522790294794,0.00012283281520276227,1.0000027441933963,19.53580964147371,1,0.3788024700727171,-0.6216599923610174,0.7210208357418979,-1.0261653322002378,-0.0006141440728128754,1.0000003933998047,2.622665364156428,1,0.9767597573172629,-0.157856304962089,0.9834780803260532,-0.15610060424359806,-0.0024513367837694076,0.9999999907752288,1.0188645918812926,1,-1.4983588231550433,-0.6934263668946686,1.6537224934483743,-2.7122044489913475,-0.00032235773451289235,1.0000000332901966,0.22193464333515078,1,-0.5356078492159361,5.194532759021938,5.227543897412419,1.674442933018092,0.0186522606195126,0.9999998387895845,0.007094661078227652,0
3.0,-0.0037536188656200195,0.004731690644846499,-5.520297587102707e-11,-0.4452533275867075,0.10500695400027875,0.4637698488446491,2.9022082986180266,0.00011742484722117492,1.0000026969616327,18.51637112701207,1,0.49645145536007046,-0.531608324204363,0.7201399906797302,-0.820256441458904,-0.000562579310421,1.0000003942528155,2.6283521039289384,1,0.9882388740708177,-0.03062443063227307,0.9832822713221833,-0.026108825306654808,-0.002349223320239667,1.000000331391065,1.0225729414934592,1,-1.4531485254589231,-0.7754453383729714,1.6494554589212322,-2.6555641538128167,-0.00033332569579304556,1.0000000332909045,0.2219393626249067,1,-0.5903611790112124,5.191328116035977,5.2303117136464765,1.6849287310649077,0.0186891561085035,1.000000184516247,0.007083335884858843,0
3.02,-0.0037536188657799055,0.00473169064484352,-5.578243509468672e-11,-0.4581490540667178,-0.05732706208679513,0.4664425790280736,-3.0290691570714685,0.00011263158216105599,1.0000027026311036,17.537347779983318,1,0.5934041680870672,-0.4193694160946048,0.7194142821111748,-0.6138860963351891,-0.0004971730725746695,1.000000395161615,2.634410767100666,1,0.9834142248807878,0.0970335795898423,0.9833732818681938,0.10389675459033941,-0.002241996682452992,1.0000001543167836,1.0258801780771203,1,-1.4028074703326248,-0.8547528598484483,1.6447039907675718,-2.5986131607436453,-0.0003436846012655468,1.000000033322581,0.22215053944950583,1,-0.6450487702375157,5.187549979852998,5.233076263531528,1.6954034586500344,0.01873217157713297,0.9999999756821558,0.007072037590418556,0
3.04,-0.0037536188647500014,0.004731690644841297,-5.6342585111335275e-11,-0.39930425805518843,-0.21142163671136852,0.454327216305091,-2.669827747064265,0.00010827189465947315,1.000002688429584,16.70526520131002,1,0.6655043903843441,-0.28961935981724113,0.7188748006271025,-0.4071512394384978,-0.0004250648960740517,1.0000003960879265,2.6405861764603364,1,0.9623711462831935,0.22300116303166878,0.9837494805130308,0.23384044679889582,-0.0021290484614813108,0.9999999759093893,1.0287278636132948,1,-1.347469596171196,-0.9310439072663849,1.6394807838645666,-2.5413155422898326,-0.0003538051152070394,1.000000033385411,0.2225694077319666,1,-0.6996646951407618,5.18319967543032,5.235837237839889,1.7058671490403765,0.018779787745931757,0.9999998435655294,0.00706076738388393,0
3.06,-0.003753618862417559,0.004731690644834824,-5.687772215018372e-11,-0.27297110083019693,-0.33040340174700156,0.4282996272413592,-2.2784547592123734,0.00010447848628267371,1.0000026060031058,16.126850099469884,1,0.7096458621593129,-0.14781366076880403,0.7185447808854637,-0.20016527064694603,-0.0003454794814680295,1.0000003969922813,2.6466152087429196,1,0.925477460934135,0.3451942154764665,0.9844042779494167,0.36364781246384476,-0.0020095229676039897,1.0000003162033277,1.0310660117140908,1,-1.287285145379053,-1.004016216810347,1.6338000731942488,-2.4836353739974752,-0.00036400908891830153,1.000000033479591,0.22319727429426656,1,-0.7542030525658697,5.178278586307717,5.238594327127598,1.7163198362350756,0.018830305571601078,1.0000001875358278,0.007049526445206055,0
3.08,-0.0037536188587241376,0.004731690644815993,-5.738190998749726e-11,-0.0921367051391578,-0.3835906513429872,0.3910361583776491,-1.823152970348474,0.00010246309690977511,1.0000024750614087,15.950320319851462,1,0.7239209712537366,5.1020258439692535e-05,0.7184385033948522,0.006946959690140816,-0.00024613426366251956,1.0000003978358332,2.652238887904663,1,0.8733752095280024,0.46160071362866284,0.9853262742655794,0.4932471354116192,-0.0018826283993574747,1.0000001866546262,1.0328542565750745,1,-1.222421163445555,-1.0733708695303454,1.62767768068851,-2.4255367753440806,-0.0003744207011913423,1.0000000336053259,0.22403550530909416,1,-0.8086579684581435,5.172788154076029,5.241347222836492,1.7267615549870046,0.018882540812348324,0.99999996780217,0.007038315943872383,0
3.1,-0.0037536188538918676,0.004731690644770507,-5.784967557070919e-11,0.11152969903111389,-0.3375222175618198,0.34906401993703295,-1.2623216788226483,0.00010415773382787362,1.0000023902238502,16.40123713507395,1,0.7077132428723683,0.14770465757087803,0.7185606175086929,0.21405480768561524,-0.00010231941998345887,1.0000003985821997,2.6572146643963803,1,0.8069663757059211,0.5703182913218175,0.9864995092478677,0.6225708107306793,-0.0017472902665881071,0.999999964759992,1.0340627688807926,1,-1.1530620245502736,-1.138812968858231,1.6211310653474973,-2.36698396397372,-0.0003848102444892622,1.0000000337628259,0.2250855051953701,1,-0.8630235963550147,5.166729877844511,5.244095618047242,1.7371923410549828,0.018936887466784614,0.9999998485910498,0.007027137037190152,0
3.12,-0.0037536188491854323,0.004731690644673107,-5.828145865222067e-11,0.27287810543254465,-0.1731605931600519,0.31581207956961305,-0.5617816518358237,0.00011072705388783641,1.000002472032517,17.691726475654104,1,0.6617274225849576,0.2888868198710987,0.7189059294445539,0.42102781962778596,0.00011679139718270112,1.0000003991992161,2.6613281069344374,1,0.7273931441706262,0.6695887652487326,0.9879038045980131,0.7515566088462664,-0.0016023851434582668,1.0000002963022987,1.0346728856192344,1,-1.0794099753037882,-1.2000524215672013,1.6141793770929658,-2.3079413242696565,-0.00039484835087729217,1.0000000339523027,0.22634868530052504,1,-0.9172941178681638,5.160105313706812,5.246839205873538,1.7476122317178204,0.018995417863384306,1.0000001902599898,0.00701599086848129,0
3.14,-0.0037536188481252825,0.0047316906444898905,-5.870003528390955e-11,0.3060326095067979,0.06749533243405402,0.30898285881674176,0.23657671514615183,0.00012103544941238058,1.0000027378456169,19.503947096947226,1,0.587955100617182,0.4176290990329836,0.7194596684450844,0.6277416840375082,0.0004236667739837084,1.0000003996604834,2.6644032219091516,1,0.6360134154447863,0.757828761550381,0.9895151863050665,0.8801487800265579,-0.001452558637634346,1.0000002174381042,1.0346774164234878,1,-1.001685686680664,-1.256804832865649,1.6068435123101312,-2.248373489278802,-0.0004058595402797553,1.0000000341739632,0.2278264218585365,1,-0.971463743156142,5.152916074206054,5.249577672400633,1.7580212656555403,0.019055148903013932,0.9999999599749148,0.007004878565856756,0
3.16,-0.003753618852734058,0.00473169064420974,-5.915902750314173e-11,0.18853160836348104,0.2736589899886223,0.33320919203128796,0.9900187107883068,0.0001287585022738607,1.0000030333888652,20.78605074524692,1,0.48957821958785275,0.5285213565226837,0.7201982137787588,0.8340838046035156,0.0007869626769607614,1.000000399946583,2.6663105534016682,1,0.5343724361895847,0.8336557860977551,0.9913063831962938,1.0082989787237533,-0.0013067921838406215,0.9999999575031551,1.03408053546605,1,-0.9201288022412872,-1.3087925261742812,1.5991461590761242,-2.188245438621604,-0.0004212621894158574,1.0000000344280007,0.22952000395185645,1,-1.0255267113879858,5.1451638277990766,5.2523106935681065,1.7684194804950133,0.019101672953298107,0.9999998538581798,0.006993801239834116,0
3.18,-0.003753618859524502,0.004731690643866939,-5.970292749762907e-11,-0.00765527476154824,0.3685086397183363,0.37365799298357066,1.6067078095946077,0.00012597603413679205,1.0000032205155112,21.01750448165159,1,0.370816928808479,0.616947557457831,0.7210902225362853,1.03995819494964,0.0011303744550000352,1.0000004000458351,2.6669722348878317,1,0.4241714878676726,0.8959092944036492,0.9932473913662129,1.135967009389347,-0.0011561032041632975,1.00000027211719,1.0328970835858944,1,-0.8349984684279123,-1.35574569780801,1.5911118338392618,-2.127522626468993,-0.00044223726226031,1.0000000347145857,0.23143057139609238,1,-1.0794772911986308,5.136850298321205,5.255037950954812,1.7788069113534262,0.01912542420316299,1.0000001926844138,0.006982759975164126,0
3.2,-0.003753618865188815,0.004731690643506665,-6.033866808974331e-11,-0.20326740585971195,0.3524149086665574,0.41399099245510346,2.1002188457199753,0.00011710693064208472,1.0000032541894437,20.489297599946152,1,0.23673161423441308,0.6792795267470355,0.7220980419684585,1.245289443036969,0.0013372872428393408,1.0000003999546583,2.6663643880141614,1,0.3072346099177141,0.9436665306433198,0.9953060818222556,1.2631213701388186,-0.0009763249742199114,1.0000002458857173,1.0311513476337855,1,-0.7465738302046929,-1.3974037162361956,1.582766931184155,-2.0661711369128843,-0.00046765947590867785,1.0000000350338563,0.23355904106392694,1,-1.1333097811353168,5.127977264454109,5.257759141583132,1.7891835932723534,0.019127447346061272,0.9999999522127881,0.006971755822345584,0
3.22,-0.0037536188688753547,0.00473169064315877,-6.105284940799427e-11,-0.3543566104882081,0.2566379081214086,0.4451481168726853,2.5136133881155303,0.00010728007074644903,1.0000031269754157,19.589847645250334,1,0.0929912178126626,0.7130203413385733,0.7231793141398734,1.4500256604339483,0.0013168929411286655,1.00000039967756,2.6645170657402866,1,0.18547431433092196,0.9762530981575362,0.9974488410149814,1.3897395567552244,-0.0007565363390956095,0.999999954331983,1.0288760516366997,1,-0.655154472681211,-1.4335165747343857,1.5741397735567033,-2.0041578565695772,-0.000496490805115362,1.0000000353859029,0.23590601985346793,1,-1.1870185100928408,5.118546559196053,5.260473972260552,1.7995495628153086,0.01911030729058594,0.9999998593585707,0.006960789796890482,0
3.24,-0.0037536188707286353,0.00473169064283899,-6.182853447972425e-11,-0.44186649906774345,0.11362988221687208,0.46320035538926835,2.8828614151232044,9.85726856570605e-05,1.0000028722955634,18.571852480191104,1,-0.054378906964863104,0.716892802459868,0.7242887728698506,1.654140395973935,0.001078640382622557,1.000000399226948,2.6615129869958687,1,0.060857176549206415,0.993248388090402,0.9996412024027397,1.5158081292161751,-0.0005184501690718814,1.0000002442934224,1.0261124257733982,1,-0.5610607865268389,-1.4638465048448568,1.5652606472744612,-1.9414506715906006,-0.0005281158660007025,1.0000000357707555,0.23847170356800848,1,-1.240597837737026,5.1085600693318085,5.263182154931258,1.809904857992103,0.019075349886618888,1.000000194805255,0.006949862882998251,0
3.2600000000000002,-0.0037536188711393566,0.004731690642555042,-6.265050717796372e-11,-0.45867551602535067,-0.04841033431377066,0.466679048829542,-3.048162245496075,9.11109932026206e-05,1.0000025723509052,17.587711388013826,1,-0.19925639146893798,0.6908720045569197,0.7253802096893974,1.8576333997635337,0.0007089341755976042,1.0000003986226464,2.657484310186333,1,-0.0646299336595274,0.9944861432801426,1.0018484129936567,1.6413225951212902,-0.0003022069985273484,1.0000002713786413,1.0229103541642537,1,-0.4646342319225856,-1.4881697560452058,1.5561618262654153,-1.8780186945083976,-0.0005620664385039397,1.0000000361883643,0.24125576129650875,1,-1.2940421549167658,5.098019734901648,5.265883405675692,1.8202495179829712,0.019023317432845074,0.9999999445280852,0.006938976038614537,0
3.2800000000000002,-0.00375361887041804,0.004731690642310754,-6.350543875488501e-11,-0.4036700036515875,-0.20361132714028513,0.4553541174345038,-2.689916329216475,8.391414674227307e-05,1.0000023319253424,16.745083769980987,1,-0.3356763286703477,0.6361641111368384,0.7264084772168979,2.0605301583800855,0.0002937689616375101,1.0000003978908505,2.6526056691919155,1,-0.18901233792953614,0.9800505809430233,1.0040359437141082,1.7662871792624493,-0.00013910877654919803,0.9999999554370373,1.0193270569092476,1,-0.3662374726392555,-1.5062785443464664,1.5468775833966872,-1.8138325220684741,-0.0005978438848165932,1.0000000366385808,0.24425720484670146,1,-1.3473458840647585,5.086927548668963,5.268577444966903,1.83058358303474,0.018955010821130883,0.9999998650835038,0.006928130202448764,0
3.3000000000000003,-0.00375361886859739,0.004731690642108128,-6.43805677172371e-11,-0.280775947933519,-0.32523736259949254,0.43003440522699254,-2.301015178788227,7.625592651974882e-05,1.0000022332272198,16.14966960130959,1,-0.45807040428833434,0.5551358691585142,0.7273313665775283,2.262880313269724,-0.00011194416397936546,1.0000003970627167,2.647084778409332,1,-0.31035821216423876,0.9502685800207739,1.006169983249297,1.8907144975295314,-4.203252018783347e-05,1.0000002136574,1.0154250044318582,1,-0.2662543487025132,-1.5179831690999557,1.5374441867504116,-1.7488645246501575,-0.0006348154502301442,1.0000000371211364,0.2474742428750379,1,-1.4005034795871136,5.075285555585207,5.27126399818114,1.840907094493453,0.018871742732802847,1.000000196619149,0.006917326302569909,0
3.3200000000000003,-0.0037536188654639356,0.004731690641947093,-6.526134840867392e-11,-0.10231970824385216,-0.38285077616012053,0.39326036584025964,-1.8501671869951761,6.903650351929876e-05,1.000002303444895,15.94631402806512,1,-0.5614823182094933,0.45120104507208214,0.7281112725342999,2.4647551801157044,-0.0004761197957597088,1.000000396172874,2.6411524942533164,1,-0.4268070137499645,0.9056984568132317,1.0082179213740012,2.01462512723712,-9.334657389257297e-06,1.0000002934556407,1.011270150611734,1,-0.16508965315281313,-1.5231142929839858,1.527899877563157,-1.6830891677018336,-0.0006720847012614258,1.000000037635618,0.2509041195456616,1,-1.4535094282427872,5.063095852251859,5.273942796137498,1.851220094959658,0.018775881037867242,0.9999999369329776,0.0069065652643781695,0
3.3400000000000003,-0.0037536188607598313,0.004731690641821232,-6.612938408673275e-11,0.10142619657874591,-0.3429352831386075,0.3512717203909279,-1.29619176887111,6.545228974204745e-05,1.0000025171757532,16.35638762154204,1,-0.6417532034405763,0.3286708466110312,0.7287166158988682,2.6662445652869975,-0.0007788678318464789,1.0000003952579446,2.635052963371324,1,-0.5365953966166735,0.8471158519243881,1.0101488057546648,2.1380470806921066,-2.9767224338519957e-05,0.9999999609803545,1.0069305958951265,1,-0.06316867585029994,-1.5215253748519844,1.5182848266503233,-1.6164833651852433,-0.0007082592129493981,1.000000038181441,0.2545429387975046,1,-1.5063582495140502,5.0503605863796865,5.276613575322331,1.8615226286457967,0.01867177197481592,0.9999998710239048,0.00689584801570408,0
3.3600000000000003,-0.003753618855470707,0.004731690641708321,-6.696728848537559e-11,0.2673387176009405,-0.1846967495834515,0.3170798748534263,-0.6032453215274881,6.953349624511268e-05,1.0000028190629358,17.601342423585244,1,-0.6956726261060544,0.1925756515412138,0.7291230027048988,2.8674530404545466,-0.0010098313151247341,1.000000394355098,2.6290339861584355,1,-0.6380804556481305,0.7754972379136694,1.0119337583148247,2.26101520188489,-8.626983604103853e-05,1.0000001811705792,1.0024754688538213,1,0.039063524691073596,-1.5130952386354162,1.5086410670282702,-1.5490268639834088,-0.0007414653571146694,1.0000000387578218,0.25838547836141346,1,-1.559044495968843,5.037081956245866,5.279276075994078,1.8718147420210212,0.01856600373680666,1.0000001981232183,0.006885175488444216,0
3.3800000000000003,-0.0037536188538565235,0.0047316906415687515,-6.778165702325811e-11,0.3090365816326252,0.05437823743347128,0.3084912314497058,0.19302065025060047,8.0571752722883e-05,1.0000031013658184,19.409579079885482,1,-0.7210922943998,0.0484652069700339,0.7293140979914465,3.0684958190201987,-0.001177831441608985,1.000000393500662,2.6233377471388803,1,-0.7297602373023017,0.692001523756297,1.0135463418711343,2.3835705055979513,-0.00016450974714606325,1.000000311791202,0.9979739117198202,1,0.14114316181168263,-1.4977307539260818,1.4990124009567913,-1.4807026543325956,-0.0007711890933758349,1.0000000393637491,0.2624249948491969,1,-1.6115627536154735,5.023262210150242,5.281930034473683,1.8820964840167782,0.018461267165835852,0.9999999294394954,0.006874548618213966,0
3.4000000000000004,-0.003753618858551694,0.004731690641384882,-6.861846073985545e-11,0.19838990460843475,0.26516900518431397,0.3313058021100188,0.9524081489306223,9.049874606567934e-05,1.0000032020631873,20.743889248265077,1,-0.7170007645099168,-0.09780590310301986,0.7292821951540838,-3.01369094970631,-0.0013186530278268473,1.0000003927288148,2.6181920993205665,1,-0.8102915282124582,0.5979501823986308,1.014962876078543,2.505759467744963,-0.00026257720106564775,0.9999999710506543,0.9934941458933937,1,0.2425891140671417,-1.4753695958569533,1.489444270254772,-1.4114973973975404,-0.0008000775724355722,1.0000000399979527,0.26665301763295196,1,-1.663907642250004,5.008903645871345,5.284575176738899,1.8923679038450765,0.018348493993336188,0.9999998771703571,0.006863968342499078,0
3.4200000000000004,-0.0037536188652953287,0.004731690641190679,-6.951395795790072e-11,0.00415224537270924,0.36657729162217323,0.3713526618962146,1.576780258797466,9.444595518236413e-05,1.0000030926590011,21.02851181392266,1,-0.6835582374241275,-0.24030111702787119,0.7290284819370368,-2.812613513567241,-0.0014637711967265378,1.0000003920703844,2.6138025618789986,1,-0.878504988593401,0.49480626822620527,1.0161627180848083,2.627633283213926,-0.0003782803497904541,1.000000147861381,0.9891026195753451,1,0.34290471010281376,-1.4459830428027995,1.4799835747846863,-1.341401873853035,-0.0008295822744391123,1.000000040658871,0.2710591394743705,1,-1.7160738157970405,4.9940086101230845,5.28721123130544,1.9026290490010112,0.018221370656813892,1.0000001993150756,0.0068534355935697955,0
3.44,-0.0037536188704977557,0.004731690641027724,-7.046166254631725e-11,-0.19292347891353098,0.35579250516769645,0.4119863309850172,2.075866927357542,9.347856803100941e-05,1.0000029017090026,20.530461532299384,1,-0.6220910852427379,-0.3732269560237876,0.7285630049901665,-2.611336953432496,-0.0016247230938342858,1.0000003915517712,2.6103451413815923,1,-0.933417733271066,0.38415262869169325,1.0171285030040178,2.7492471206961775,-0.0005015742081294781,1.0000003261606425,0.9848632397519974,1,0.44157994026138103,-1.4095787599928526,1.4706784561788007,-1.2704114546454814,-0.000858333809293936,1.000000041344622,0.27563081329439526,1,-1.7680559626439862,4.97857949801497,5.289837940552997,1.9128799672744465,0.018084079019519333,0.9999999220595077,0.0068429512892596205,0
3.46,-0.003753618873691558,0.004731690640916261,-7.143750521687586e-11,-0.3470737927906463,0.2634769649261149,0.4437731240817742,2.4925859184619554,9.002790472296351e-05,1.0000027559111389,19.64345857690613,1,-0.5350461610297313,-0.49115424153686643,0.7279043203369502,-2.4097484668718208,-0.0018043154470766402,1.0000003911940112,2.607960074584095,1,-0.9742434811714215,0.2676695530486399,1.0178463302142275,2.8706593730831957,-0.0006228804701067175,0.999999985622996,0.9808366902768663,1,0.5380941246881094,-1.3662035067270588,1.4615780510454879,-1.1985265707263513,-0.0008847306163185503,1.000000042052974,0.2803531603418614,1,-1.81984880596697,4.96261875251598,5.292455055693893,1.9231207085137612,0.017942514810171534,0.9999998835131187,0.00683251632980979,0
3.48,-0.003753618875266725,0.004731690640861421,-7.241905599503218e-11,-0.43829022397581957,0.12228074429299364,0.4625881342654197,2.8634748288653302,8.590920419644966e-05,1.0000027016595496,18.62734686515998,1,-0.4259053815913509,-0.5892292846613651,0.7270788351199609,-2.2077470079613564,-0.001999384785664472,1.0000003910119901,2.606746600577862,1,-1.000400396091865,0.14711204450517468,1.0183059048876772,2.991930899256208,-0.0007365319315778859,1.0000001147671107,0.9770798293138959,1,0.6319190594865005,-1.3159456948674029,1.452732197469152,-1.1257531679964892,-0.0009077363052855584,1.0000000427813196,0.2852087973330705,1,-1.8714471040476401,4.946128863919938,5.295062331082833,1.9333513246252811,0.01780093126870012,1.0000002001928288,0.006822131598489745,0
3.5,-0.003753618875540145,0.0047316906408619765,-7.338835615600114e-11,-0.4590104408830608,-0.039391446077310224,0.4668720151686792,-3.067227231787381,8.163659602632465e-05,1.0000027052750387,17.63840502131169,1,-0.2990616754990596,-0.6633685416291218,0.7261198549636638,-2.005247317904871,-0.0022002012010373137,1.0000003910138326,2.6067588847317356,1,-1.0115167305531607,0.024286853626560218,1.0185006417906026,3.1131242634910032,-0.0008399093534187784,1.0000003364175025,0.973645156604485,1,0.7225226514023668,-1.2589377168276399,1.4441910920720284,-1.0521031384789408,-0.0009267091591966025,1.0000000435266538,0.290177692790632,1,-1.9228456505816434,4.929112369312075,5.297659522201162,1.9435718692132784,0.017662313295962802,0.9999999148047034,0.006811797961440087,0
3.52,-0.0037536188745924816,0.004731690640913637,-7.432989553718405e-11,-0.4078563370080815,-0.1956215777787487,0.45634020082556637,-2.7099053779358453,7.673533616352227e-05,1.0000026946723068,16.78554169438399,1,-0.1596582825578179,-0.7104298285414328,0.7250663539320827,-1.802183514729742,-0.002391800007970879,1.000000391200487,2.60800324632903,1,-1.0074343624787814,-0.09897062756540534,1.018427732039313,-3.04888233230533,-0.0009320375735204565,1.0000000045348627,0.970580367428308,1,0.8093730375543925,-1.1953579532139975,1.4360049002386392,-0.9775947133720112,-0.0009412249273751397,1.0000000442855597,0.29523706386798515,1,-1.9740392749793003,4.91157185203744,5.30024638521609,1.9537823973370385,0.017528964055245743,0.9999998900421364,0.006801516266458017,0
3.54,-0.0037536188723216266,0.004731690641009098,-7.522904261342278e-11,-0.28843737568632855,-0.3198027752204981,0.43173623190608185,-2.3233862150815447,7.001325276074332e-05,1.0000026172985739,16.1735441288814,1,-0.013394653622383366,-0.7283528619948823,0.7239614925430066,-1.5985120902833996,-0.0025568274902094553,1.0000003915655313,2.6104368753264566,1,-0.9882102840513814,-0.22081953956213757,1.0180881713618857,-2.927654580279455,-0.0010133078946419672,1.0000000828868962,0.967927990391358,1,0.8919431699411542,-1.1254323644857172,1.4282233222428526,-0.9022528008613474,-0.0009509703813726202,1.0000000450541988,0.3003613254047481,1,-2.025022842658335,4.8935099411711445,5.302822677039034,1.9639829653841467,0.017402915026668554,1.0000002007550834,0.006791287341929413,0
3.56,-0.0037536188686727746,0.004731690641136573,-7.607156571332041e-11,-0.11244696955385375,-0.38174124921582137,0.3954700619081657,-1.87687251458942,6.105345040395208e-05,1.0000024859986731,15.94400613431431,1,0.1336961566966906,-0.7162618312232657,0.722850921638251,-1.3942141536096195,-0.002678833234244693,1.0000003920952365,2.613968242634507,1,-0.9541160691630185,-0.3394367426201801,1.0174867501013343,-2.8063146690189975,-0.001084602965393142,1.0000003424784032,0.9657250442295843,1,0.9697158251468353,-1.04943556840221,1.4208951190848365,-0.8261092506120775,-0.0009556376066610444,1.0000000458283154,0.3055221027199302,1,-2.0757912553286286,4.874929310990804,5.305388155638172,1.9741736310516027,0.01728642913040628,0.9999999076865734,0.006781111996525524,0
3.58,-0.003753618863812761,0.004731690641276929,-7.684439282812372e-11,0.09118988962191935,-0.3479070017048313,0.353503742105271,-1.3296384396648748,5.3939944507320865e-05,1.0000023896960446,16.31397141504097,1,0.2754917589626566,-0.6745231161466566,0.7217809252327895,-1.1892967600370268,-0.002746655901754057,1.0000003927689047,2.618459364232607,1,-0.905635311220343,-0.4530399645940387,1.0166320073307669,-2.684800813802121,-0.001145567250785374,1.0000000274739966,0.9640027063108094,1,1.04218897845709,-0.9676913064980067,1.4140676037882254,-0.7492030268723825,-0.0009547569502763698,1.0000000466032477,0.3106883180049024,1,-2.126339451268927,4.855832680451172,5.3079425803488,1.9843544535186988,0.01718291772408628,0.9999998967470612,0.006770991019693698,0
3.6,-0.0037536188588153936,0.0047316906413992525,-7.754063103410092e-11,0.26138584160568357,-0.1958961279313265,0.3184291472336258,-0.6443828406975759,5.680339563464904e-05,1.0000024511087129,17.51270095763597,1,0.40603741585147307,-0.6047523292691728,0.7207964759461803,-0.9837931839826176,-0.0027566016080540416,1.0000003935594952,2.623729968123242,1,-0.8434589866200206,-0.5599108464761615,1.0155361498917406,-2.563053323302642,-0.0011949000250391546,1.0000000531432645,0.9627860154717175,1,1.108881459428993,-0.880572209243774,1.4077861071078124,-0.6715802732945173,-0.000947642986080282,1.0000000473739534,0.3158263562844478,1,-2.1766624055952724,4.83622281266033,5.310485710583389,1.9945254939481276,0.017097496695301567,1.0000002010009446,0.00676092518303603,0
3.62,-0.003753618857008518,0.004731690641461563,-7.817489884598405e-11,0.3115298799352824,0.04123804549137312,0.3080996278498677,0.149314328189346,6.712947598838864e-05,1.000002705107932,19.31337990481013,1,0.5198048039476236,-0.5097666919318308,0.7199392882624571,-0.7777620426034487,-0.002708530194119351,1.0000003944346099,2.629564066086137,1,-0.768478666655846,-0.658417801272875,1.0142149336974886,-2.4410153565833244,-0.0012363479340579615,1.0000003443133392,0.9620936021622013,1,1.1693387838779965,-0.7884987816816527,1.4020934323971106,-0.5932942535525715,-0.0009345572202975584,1.0000000481350475,0.32090031599892865,1,-2.2267551305211684,4.816102514357462,5.313017298819297,2.004686815769882,0.017031750006986028,0.9999999007163918,0.006750915243339467,0
3.64,-0.0037536188609404403,0.004731690641439261,-7.879558897722072e-11,0.20797366632524286,0.2564042566711954,0.32945216454946896,0.9143436273887011,7.75541978864583e-05,1.000003008387219,20.698165704304685,1,0.6119400372742156,-0.3934813596152133,0.7192459449641574,-0.5712852028480684,-0.0026279952048694774,1.0000003953577925,2.6357186160898425,1,-0.681777475239884,-0.7470385684759362,1.0126874972790159,-2.3186336767620204,-0.0012824819764764143,1.000000053975936,0.9619374368703696,1,1.2231390360474568,-0.6919375490568604,1.3970293133660456,-0.5144051485698775,-0.0009185206180299129,1.0000000488808538,0.3258723590156106,1,-2.2766126756094818,4.795474635391334,5.3155370825490005,2.0148384826670505,0.01697505013039585,0.9999999036172658,0.006740961946968479,0
3.66,-0.0037536188675425346,0.004731690641353448,-7.94495892686431e-11,0.015932800964353854,0.3643806091025264,0.3690451391767554,1.546459864949684,8.383549495025821e-05,1.00000321083867,21.037045016633936,1,0.6784876355048151,-0.26075161232932365,0.7187462017053544,-0.3644644755197297,-0.002543683704135138,1.000000396290024,2.6419334930859675,1,-0.5846186731943104,-0.8243823020996188,1.0109761479182688,-2.1958594125348383,-0.0013391285975685814,1.000000026350386,0.9623225976175339,1,1.2698986568375739,-0.5913983248080437,1.3926298702306439,-0.43497970033117533,-0.0009025605317311444,1.000000049605475,0.3307031673922957,1,-2.326230128017084,4.7743420681989805,5.31804479516485,2.024980556006367,0.01691718787304219,1.0000002009300186,0.0067310660306397156,0
3.68,-0.003753618873245928,0.00473169064124093,-8.014820838259107e-11,-0.18247762750789764,0.3590029678144584,0.4099526286597237,2.0512617614585076,8.477792605552392e-05,1.000003260294048,20.570398779028533,1,0.7165773237407993,-0.11716650619935516,0.7184615807570751,-0.15741724744308386,-0.002462887822653198,1.0000003971914577,2.6479430513408935,1,-0.47843174505319813,-0.889210977148069,1.009106116770932,-2.0726488152903157,-0.0014018791269073906,1.0000003419381112,0.9632470585385943,1,1.3092779811327802,-0.4874305917338031,1.388927078927852,-0.35509071514173923,-0.000887440871709071,1.0000000503028776,0.3353525182828966,1,-2.3756026127333914,4.752707747286736,5.320540179891239,2.035113096263647,0.01685799247365825,0.9999998939051981,0.006721228218205728,0
3.7,-0.0037536188769935644,0.004731690641124708,-8.088167201963925e-11,-0.3396355159835108,0.2702456304590477,0.442358091671252,2.47141574992654,8.153068294557836e-05,1.000003147004809,19.69662132136006,1,0.7245619801021149,0.031196750402241902,0.7184043458622139,0.04972875301571475,-0.0023840807727383228,1.0000003980232748,2.6534884985740304,1,-0.3647958744733192,-0.9404598401353359,1.0071052715055364,-1.9489639870777435,-0.0014656433513187614,1.0000000834275926,0.9647015040092066,1,1.3409863604249925,-0.3806190182260466,1.3859482872505222,-0.27481642398805073,-0.0008731483293984729,1.0000000509669946,0.3397799638762409,1,-2.424725292811883,4.7305746487143825,5.323022987204846,2.045236164869246,0.016799391007774434,0.9999999106418607,0.006711449220915506,0
3.72,-0.0037536188788835217,0.004731690641013766,-8.163723256432442e-11,-0.4345394080986623,0.1309431971823316,0.46193206108184687,2.8440266484290055,7.657455448401247e-05,1.0000029006978635,18.68285483602223,1,0.7020976858650021,0.17804521002516344,0.7185769188053279,0.2568412905227401,-0.00230161017925246,1.000000398749538,2.6583302540824323,1,-0.24542072139488003,-0.9772565665243587,1.0050037754779735,-1.8247735753813714,-0.001527168623117922,1.0000000031864302,0.9666691814516867,1,1.364786709977544,-0.2715781653690269,1.3837157872437422,-0.19423969662590776,-0.000859698084874009,1.0000000515918335,0.34394555698829427,1,-2.4735933695937065,4.707945789580727,5.325492969823135,2.0553498243162434,0.016741763130040107,1.000000200542414,0.006701729740841343,0
3.74,-0.003753618879310182,0.00473169064090964,-8.240499775602483e-11,-0.4591683424263791,-0.030287014984362398,0.4670207026930514,-3.086285815197217,7.165977308866322e-05,1.0000026002611717,17.6894314873451,1,0.650160473943895,0.317154591653052,0.7189717729443774,0.4637897180164522,-0.0022051824999885492,1.0000003993389264,2.6622595095778454,1,-0.12212446003891245,-0.9989387257417629,1.002833696632108,-1.7000534249245736,-0.0015842978141522113,1.0000003354065663,0.9691258102688068,1,1.380499330919668,-0.16094647699900771,1.382246453808181,-0.11344712494788832,-0.0008471956715964661,1.0000000521715882,0.347810587955893,1,-2.522202082924241,4.684824227510176,5.3279498812134,2.065454137801495,0.01668429401463872,0.9999998872637801,0.006692070472931891,0
3.7600000000000002,-0.0037536188786009526,0.004731690640811002,-8.317815793773553e-11,-0.4118764297765326,-0.18747061927005415,0.4572843084621058,-2.7298171521389523,6.686642057189658e-05,1.0000023503486288,16.82663646742515,1,0.5709986408101383,0.4426498223534599,0.7195718105439011,0.670450969944219,-0.0020816005570977797,1.0000003997662352,2.6651082352943543,1,0.003190896867046638,-1.0050690979999535,1.0006285689352725,-1.5747871681228516,-0.0016352334159149054,1.0000001150752043,0.9720395665130205,1,1.388004875229591,-0.04937967850719247,1.3815514642741955,-0.03252799955364179,-0.0008357758628136907,1.0000000527007495,0.3513383307597888,1,-2.5705467113636877,4.661213060140934,5.330393475881697,2.0755491689719565,0.016625686042882722,0.9999999178097121,0.006682472104412919,0
3.7800000000000002,-0.0037536188768239175,0.004731690640716135,-8.395152108209292e-11,-0.29596528604881733,-0.3141205090976626,0.43340303973452055,-2.345590319322539,6.138086738169254e-05,1.0000022366727284,16.198463577065475,1,0.46802388841164133,0.549266210194283,0.7203511976752397,0.8767151037538431,-0.0019188835665122307,1.0000004000135472,2.6667569818002383,1,0.12856677566483024,-0.995448341867527,0.9984229085364013,-1.4489667332667644,-0.0016783493165909436,0.9999999841700218,0.9753711651778977,1,1.3872463467654441,0.06245626198078847,1.3816361100793877,0.04842679221076544,-0.0008255092817377485,1.0000000531742184,0.3544947883973311,1,-2.6186225723919994,4.637115424615339,5.3328235102688675,2.085634981811715,0.016564703108456775,1.0000001998387402,0.006672935312402663,0
3.8000000000000003,-0.0037536188737922857,0.004731690640623072,-8.471873202964275e-11,-0.12252168907228263,-0.38028507351726426,0.39766183136629496,-1.9032898765014514,5.528689668952019e-05,1.0000022913215343,15.943382081516805,1,0.3456485756562348,0.6325774500830579,0.7212765999964196,1.0824900844211258,-0.0017108257273778305,1.0000004000710017,2.6671400112361057,1,0.2520177036911349,-0.970124483554207,0.9962516882660208,-1.3225927481827287,-0.0017118521268527148,1.0000003248029974,0.9790740627646016,1,1.3782300642128706,0.1738924354506821,1.3824997070493719,0.12932591509102456,-0.0008162750864770783,1.0000000535874114,0.357249409288797,1,-2.6664250226085433,4.612534497073423,5.335239743939065,2.0957116406641263,0.016500774255215494,0.9999998808026562,0.006663460760634455,0
3.8200000000000003,-0.0037536188692117918,0.0047316906405257785,-8.546969035294616e-11,0.08082818216524595,-0.35245687189844205,0.3557548722827653,-1.362673593039305,5.1751686173433326e-05,1.0000024921245176,16.27401297625789,1,0.2090795374707637,0.6891794671395156,0.7223087388116568,1.2877055777355295,-0.001459548230395273,1.0000003999371285,2.666247523104567,1,0.37156301711094863,-0.9293986948384844,0.9941497766500285,-1.1956748165244449,-0.0017332548674738064,1.0000001480375846,0.9830947974318891,1,1.3610255497734032,0.2842643692689816,1.3841356067037895,0.2100787476805166,-0.0008076002718570646,1.0000000539363612,0.359575740774169,1,-2.7139494579265224,4.587473492150182,5.337641940839674,2.105779210469243,0.01643498509512883,0.9999999251094587,0.006654049095803278,0
3.8400000000000003,-0.0037536188638214742,0.004731690640405118,-8.619392699582562e-11,0.2550314953186504,-0.20676185490659527,0.31985432158828375,-0.6851766157201714,5.620574110085693e-05,1.0000027864466563,17.42603013402427,1,0.06408098068616946,0.7168225972478901,0.72340417134117,1.4923156045232708,-0.0011760610164984963,1.0000003996187476,2.664124983604105,1,0.48526014494185393,-0.8738268523594865,0.9921513514505292,-1.0682316449767073,-0.0017388931244468435,0.9999999696436185,0.987373480459793,1,1.3357643477477497,0.3929192884359639,1.3865313071972145,0.2905965217776016,-0.0007986868764355357,1.0000000542177985,0.3614519891897522,1,-2.761191313761745,4.561935662476765,5.3400298692258055,2.1158377573855036,0.01637090682698375,1.0000001988201086,0.006644700944257074,0
3.8600000000000003,-0.0037536188615734053,0.004731690640224617,-8.690113646042663e-11,0.3135066523099852,0.02808257297248863,0.30780715809769144,0.10549829713314565,6.816690849955956e-05,1.0000030760216043,19.215728579219142,1,-0.0832802091974564,0.7144883274108083,0.7245171931407955,1.696299994713061,-0.000888808084809817,1.0000003991304685,2.6608697894853344,1,0.5912388640095544,-0.804216429972136,0.9902893011257511,-0.9402910013419375,-0.001727642697250685,1.0000003102383435,0.9918445053711791,1,1.3026378171295236,0.4992230752695554,1.3896686616062413,0.3707934038165665,-0.0007895046479191078,1.0000000544292191,0.3628614614012184,1,-2.8081460652154018,4.535924298185922,5.342403295867515,2.1258873494202777,0.016310270200325563,0.9999998745320597,0.006635416910764237,0
3.8800000000000003,-0.0037536188657373345,0.004731690639965098,-8.764074188594151e-11,0.21726554919814264,0.24735891823047793,0.3276509552179966,0.8758473173129143,8.053585856575336e-05,1.000003199454265,20.649071328208716,1,-0.22689372897646204,0.6824103348724362,0.7256017696665513,1.899664656553411,-0.0006527688620573424,1.0000003984938501,2.6566256677778677,1,0.6877357923144888,-0.7216183695792214,0.9885946231487421,-0.8118894773285699,-0.0017109396514420642,1.000000181328953,0.996437463332055,1,1.2618939794967852,0.6025667571777895,1.393524184642512,0.4505874904931633,-0.0007818651673977188,1.00000005456893,0.36379286740433187,1,-2.85480922724988,4.509442726421047,5.34476197678053,2.135928054945111,0.01624382133934188,0.9999999325295307,0.006626197580919113,0
3.9000000000000004,-0.003753618872545116,0.004731690639660882,-8.845854083949778e-11,0.027674859729163927,0.3619026007952029,0.3667377210482425,1.515756502082111,9.038509382406565e-05,1.0000031075995366,21.04320687395045,1,-0.3608578814116711,0.6220425397163051,0.7266134210064678,2.1024407566273373,-0.0005097022754078456,1.0000003977362963,2.651575308984605,1,0.7731282806740587,-0.6273137126403812,0.9870958221874099,-0.6830720428644409,-0.001700833138643698,0.999999959769814,1.0010781877165458,1,1.2138335353068663,0.7023723750126466,1.3980694407659797,0.5299017038649715,-0.0007765954312942283,1.000000054636072,0.3642404809765599,1,-2.901176354857419,4.4824943108473905,5.347105665407742,2.1459599399716494,0.01616174375260341,1.0000001974881287,0.006617043523878251,0
3.9200000000000004,-0.00375361887803743,0.0047316906393604545,-8.935625503414535e-11,-0.17193443455627055,0.3620286965301895,0.4078913022374372,2.0264120317591168,9.916976762394779e-05,1.0000029199694842,20.6092132811168,1,-0.479714362813589,0.5359791254270604,0.727510979385251,2.3046829534543978,-0.00046200214907154557,1.0000003968897648,2.645931765313866,1,0.8459667774196922,-0.5227949427691937,0.9858183323035167,-0.5538914075674133,-0.0016981422210757887,1.0000002918566,1.0056900022276358,1,1.15880518550218,0.7980981136767404,1.403271480491903,0.6086645572689072,-0.0007724422474190168,1.000000054630624,0.3642041595762926,1,-2.9472430432224743,4.455082451166246,5.349434128002991,2.155983069213963,0.016064552492437364,0.9999998684619215,0.006607955293329333,0
3.9400000000000004,-0.0037536188815060476,0.004731690639092281,-9.031358039895965e-11,-0.3320420197316116,0.2769278091984916,0.4409042347573742,2.4501123119959787,0.00010635126330019072,1.0000027682171002,19.749449512262636,1,-0.578657885412196,0.42783293283216295,0.7282581583088066,2.506466816786776,-0.0004894062433014387,1.0000003959893615,2.6399290773218405,1,0.9050046973283538,-0.4097421806759741,0.9847839946517617,-0.42440718394322957,-0.0017008380318437057,1.0000002138974755,1.01019514897298,1,1.0972004123973205,0.8892426108044691,1.4090933254301197,0.6868107677469802,-0.0007679420983134326,1.0000000545533818,0.3636892127533569,1,-2.993004927877072,4.427210582632182,5.351747142770742,2.165997508208079,0.01595596516931251,0.9999999400581674,0.006598933432329067,0
3.9600000000000004,-0.0037536188833197474,0.004731690638869009,-9.130961351605515e-11,-0.4306120891233185,0.13960378171242643,0.46123402919526985,2.824525785901305,0.00011012498310896039,1.000002706788926,18.73849301289002,1,-0.6537147538254316,0.30207936592164125,0.7288249052674338,2.7078855788756355,-0.0005598184670752081,1.0000003950718614,2.633812409595247,1,0.9492248316342925,-0.2899945836363909,0.9840105994845104,-0.2946848534651718,-0.0017081206473871207,0.9999999545472049,1.0145163431694466,1,1.0294478824156261,0.9753483937136176,1.4154944967839094,0.7642817163657153,-0.0007619837469434883,1.0000000544059209,0.36270613878031577,1,-3.0384576848482103,4.398882175571201,5.354044494499429,2.176003323748403,0.015838792581378724,1.0000001958449067,0.006589978481730514,0
3.98,-0.0037536188838194007,0.004731690638696363,-9.232661683789001e-11,-0.459146915103107,-0.02110722057635876,0.4671283989631564,-3.105332468521023,0.0001120706156274261,1.0000027078727176,17.74089594906646,1,-0.7018863264587735,0.16387311592692325,0.7291885096862218,2.9090463567117846,-0.0006441661348410391,1.000000394174263,2.6278284206636324,1,0.9778613937486419,-0.16551751549838262,0.9835115033818786,-0.16479456047648655,-0.001719449942156289,1.000000269857036,1.018578409951841,1,0.9560076322297306,1.056004428699708,1.4224315661448377,0.8410257593112233,-0.0007536614278108563,1.0000000541905374,0.36127024912653377,1,-3.0835970307985185,4.370100734898904,5.356325972206839,2.186000583701238,0.0157149760414363,0.9999998626018551,0.006581090986440752,0
4.0,-0.0037536188830934506,0.004731690638576662,-9.334829437213088e-11,-0.4157293967415936,-0.17916528188930345,0.45819122871342527,-2.7496536346764526,0.00011419418545206162,1.0000027005319725,16.868440903853752,1,-0.7212547485223483,0.01884479421492887,0.7293344228336045,3.1100659800160932,-0.0007273983891936152,1.0000003933324861,2.6222165746879016,1,0.9904169077324071,-0.038366254185634566,0.9832953365814865,-0.03480976645529187,-0.001733873707511128,1.00000024468284,1.0223099505914481,1,0.8773651920900767,1.1308477984374388,1.4298587114891042,0.9169983940454506,-0.0007421444679750858,1.0000000539101799,0.35940119907294243,1,-3.128418723161945,4.340869799638842,5.358591368595628,2.19598935684545,0.015586118935197145,0.9999999476834359,0.006572271496660672,0
4.0200000000000005,-0.003753618881051556,0.004731690638508996,-9.435817665409685e-11,-0.3033614189142081,-0.3081950304962284,0.43504031627298423,-2.3676418166069086,0.00011570186053033461,1.0000026283851948,16.2244445450071,1,-0.7110494376270485,-0.1271158190966577,0.7292567702199846,-2.972118730025562,-0.0008052953117689886,1.0000003925800942,2.617200627947261,1,0.9866733100373882,0.08935282362347223,0.9833658122547341,0.09519419727174902,-0.0017495623753623869,0.9999999538476952,1.0256449776002392,1,0.794025786436932,1.1995645505472787,1.4377282651524388,0.9921622900940393,-0.0007265992624386438,1.000000053568367,0.3571224469899166,1,-3.1729185602755763,4.311192942442363,5.360840480153508,2.2059697128116604,0.015453874232409731,1.0000001938930418,0.006563520564909873,0
4.04,-0.003753618877637109,0.004731690638487622,-9.533904221648015e-11,-0.13254746127077208,-0.3784862008231215,0.39984003266695495,-1.9294498088048093,0.000115735892799775,1.0000024975249622,15.944381946077913,1,-0.6716735526104209,-0.2680835681691952,0.7289585631712083,-2.7710142716466195,-0.0008802446755550413,1.0000003919470837,2.6129805585675046,1,0.9666968407540775,0.21552251069373016,0.9837216451135643,0.22514163481528995,-0.0017627798072700476,1.0000002445315557,1.0285244549358556,1,0.7065087336260762,1.2618897824098592,1.4459912424770225,1.0664871983172974,-0.0007060920267536474,1.0000000531691,0.35446066612149807,1,-3.2170923815082597,4.281073769111566,5.363073107588534,2.215941722118613,0.015320383300288424,0.9999998569611409,0.006554838740978579,0
4.0600000000000005,-0.0037536188729607118,0.004731690638499054,-9.62736826023991e-11,0.07033966573020362,-0.35658780236427234,0.3580258051458691,-1.3953402533437183,0.00011566562703988961,1.0000023908744615,16.236400290766852,1,-0.6046901756075305,-0.3983226593362242,0.7284516057498609,-2.5696868729967037,-0.0009558583709840603,1.000000391458825,2.6097254996891572,1,0.930836535884703,0.3380553437734479,0.9843565821377481,0.3549580019359413,-0.0017675231053524356,1.0000002726886543,1.0308976811402348,1,0.6153421454912719,1.3176070436282448,1.454597841401241,1.1399497552766442,-0.0006794253902154512,1.0000000527167698,0.351445132156302,1,-3.2609360673859054,4.250515918126319,5.365289056476932,2.225905456384573,0.015189099996531745,0.9999999553932505,0.006546226566668985,0
4.08,-0.0037536188679212906,0.004731690638517671,-9.714926866438711e-11,0.24827633223383386,-0.21728715873592414,0.32135159462282364,-0.7256581160651766,0.00011903157833277352,1.0000024321072898,17.341345403584267,1,-0.5127683460278853,-0.51250628888447,0.7277560936634643,-2.3680257497053923,-0.001031959211305826,1.0000003911351536,2.607567690571376,1,0.8797163806389479,0.4549333219643374,0.9852595433552676,0.48457138467035976,-0.0017560533854363686,0.9999999574685567,1.0327234598453445,1,0.5210580051247703,1.3665471481252942,1.4634979043542826,1.212533200434569,-0.0006451664481601093,1.0000000522160661,0.34810710817257523,1,-3.3044455397129195,4.219523060175591,5.367488136984352,2.235860988911479,0.015065643041366896,1.0000001916356227,0.006537684571570788,0
4.1000000000000005,-0.0037536188656148595,0.004731690638504678,-9.797154580659662e-11,0.314953018881522,0.014927579807613871,0.30760954867369,0.061568200224404096,0.00012781477121533296,1.000002672321377,19.116869650676644,1,-0.3995895459304165,-0.6059249251056728,0.7268999093425588,-2.1659326965075834,-0.0011116465331787104,1.0000003909896211,2.6065974743163665,1,0.8142214276376356,0.5642456523693326,0.9864148675863539,0.6139138918224778,-0.0017238161180407475,1.000000216307359,1.0339710122412444,1,0.42418767906675603,1.4085864930848098,1.4726413356529713,1.2842270221018888,-0.0006031336472083705,1.000000051671887,0.34447924603256797,1,-3.347616761689419,4.188098897693408,5.369670158254167,2.245808395437481,0.014954216684029185,0.9999998515487123,0.00652921327112738,0
4.12,-0.003753618869024125,0.004731690638432776,-9.878010388819636e-11,0.22623924723242997,0.23803823644006727,0.3258992149016034,0.8369197680895161,0.000137150972312016,1.0000029817945446,20.59685380479939,1,-0.26971588954319553,-0.6746766629576679,0.7259176185898758,-1.9633260391105942,-0.0012134013032055917,1.0000003910289188,2.6068594593483962,1,0.7354784066111134,0.664223510596388,0.9878026612882491,0.7429229210532374,-0.0016756175028965062,1.0000002970559443,1.0346205860112037,1,0.32525789916084924,1.4436449824879138,1.4819784782749268,1.3550265463380666,-0.0005562933253372277,1.0000000510892528,0.34059501951548293,1,-3.3904457380234416,4.156247164398671,5.371834917413899,2.255747752992078,0.014848348438533469,0.9999999631753917,0.0065208131679473,0
4.140000000000001,-0.0037536188755800917,0.004731690638318762,-9.961863018520534e-11,0.039353367795825565,0.35913914283270043,0.3644282875391212,1.4846766875094297,0.00014099900312636483,1.0000031995218424,21.04727048117378,1,-0.12842223240256184,-0.7158326709782455,0.7248491836912727,-1.7601441265549198,-0.001342556260665283,1.0000003912525024,2.608350016142617,1,0.6448315397681444,0.7532709567312065,0.989399238820447,0.8715422786482514,-0.0016135280110490266,0.9999999651835253,1.034663728672863,1,0.22478723051863597,1.4716836498168453,1.4914604584301712,1.4249324950356634,-0.000506962682452018,1.0000000504732298,0.33648819910275063,1,-3.43292851503813,4.123971624837486,5.373982204110068,2.2656791368903866,0.014739080826440385,1.0000001890762222,0.006512484752791584,0
4.16,-0.0037536188814866526,0.004731690638198638,-1.0049621811808462e-10,-0.16131567970435845,0.36486181045770283,0.4058015418170149,2.0013299771483037,0.00013996962461401807,1.0000032649857962,20.647195674157654,1,0.018504244809671434,-0.7275704613468369,0.7237384357441381,-1.5563482120933638,-0.0014779335256314267,1.0000003916524456,2.6110163036906564,1,0.5438144153913569,0.8299913327198776,0.9911776188664321,0.9997231208879058,-0.0015310603596420725,1.0000001857777927,1.0341033096177417,1,0.12328302603383849,1.4927020682869572,1.5010394774623603,1.4939505348669941,-0.0004546445826025813,1.0000000498288568,0.33219237860406103,1,-3.4750611807755365,4.091276073928915,5.37611181635936,2.2756026211299916,0.014626683808708836,0.9999998463731407,0.006504228501330827,0
4.180000000000001,-0.0037536188854503847,0.004731690638094683,-1.0139879387527362e-10,-0.32431174031169285,0.2835134264659011,0.4394112948936955,2.4286887110007656,0.00013595062154447536,1.0000031660100812,19.802202659807556,1,0.16499170853544964,-0.7092677320113178,0.7226313462473495,-1.3519245388210281,-0.0015957420851107382,1.0000003922135534,2.6147570224645618,1,0.4341188548091712,0.8932086766742371,0.9931080644545527,1.1274246860511297,-0.0014218664610065412,1.0000003171192542,1.0329532327175612,1,0.021238854607552315,1.5067356280599904,1.5106690461456824,1.5620908149395711,-0.00039865304551141615,1.0000000491610848,0.3277405652607266,1,-3.5168398650970696,4.058164336515316,5.378223561426596,2.2855182804524237,0.014514539006610408,0.9999999710175254,0.006496044871874802,0
4.2,-0.003753618887504799,0.004731690638013335,-1.0230873093153292e-10,-0.4265222601505383,0.14825027300213078,0.46049233246733523,2.804984912460966,0.00013068851479645225,1.000002928760482,18.794469151593162,1,0.3049313326353215,-0.6615500571287787,0.7215741448450703,-1.146885473821423,-0.001680322798637084,1.000000392913763,2.6194250874970337,1,0.3175617439224957,0.9419839060033837,0.9951586639674413,1.2546148190223876,-0.001283553382729914,0.9999999767754856,1.0312378317522475,1,-0.08086762059738996,1.513852750232796,1.5203041788249967,1.6293675032088215,-0.00033899312545482686,1.0000000484747245,0.32316482955999964,1,-3.5582607397791493,4.024640266916625,5.380317250427453,2.295426190853111,0.01440480177456155,1.000000186218891,0.006487934307142995,0
4.220000000000001,-0.0037536188880522834,0.004731690637951921,-1.03211968485728e-10,-0.45895372405751256,-0.011866795991831658,0.4671899338744751,-3.1243514317580274,0.00012583822623373145,1.000002628677996,17.79297270788206,1,0.4324355781006971,-0.5862869120031216,0.7206113569012355,-0.941269559428789,-0.0017251107747035992,1.0000003937248547,2.6248323653541044,1,0.1960507807707427,0.975625721196344,0.9972959332394462,1.3812702939381531,-0.0011173269318470289,1.000000153706038,1.0289910522512122,1,-0.18257634506394413,1.5141520977934,1.5299015518423196,1.695798336158374,-0.0002760869848426709,1.0000000477744015,0.3184960109072621,1,-3.5993200186039935,3.9907077484877567,5.3823926955381225,2.305326429336248,0.014298283691628059,0.9999998414426224,0.006479897237157494,0
4.24,-0.0037536188874338437,0.0047316906379037075,-1.0409894040525058e-10,-0.41941353178969487,-0.17072250798794789,0.4590513483716887,-2.7693890657094022,0.0001219405690377393,1.0000023699763554,16.91113577834346,1,0.5420957887293618,-0.48653251370843087,0.7197838494787779,-0.7351403838669877,-0.0017318801018993545,1.0000003946134772,2.630756515033753,1,0.07155002591180609,0.9936963636175715,0.9994854194046137,1.5073769434218718,-0.0009275028998149509,1.0000003324320446,1.0262554513704698,1,-0.2834461930525476,1.5077598333492073,1.5394196271671812,1.761404189376622,-0.00021049845774331405,1.000000047064522,0.31376348063943055,1,-3.6400139574460026,3.9563706931785525,5.384449709230638,2.315219073633416,0.014194971002040502,0.999999978907222,0.006471934080861318,0
4.26,-0.003753618885746781,0.0047316906378610385,-1.0496327201500733e-10,-0.31061128310465896,-0.30204302441101494,0.43663436770282643,-2.389495789308654,0.00011837986503809053,1.0000022416355998,16.25172098256566,1,0.6292263534774054,-0.3664107280068506,0.7191269831427166,-0.5285842337304596,-0.001708802166154676,1.000000395542474,2.636949827376059,1,-0.053953953914367046,0.9960125122603549,1.001692292249332,1.6329296093976065,-0.0007209016937689168,0.9999999920414481,1.0230810576911007,1,-0.3830559440740629,1.4948269634364224,1.548818744230703,1.8262086736257521,-0.00014274583682895214,1.0000000463492438,0.30899495921230846,1,-3.680338854354204,3.9216330410963827,5.386488104381897,2.325104202001471,0.014094439996592363,1.0000001830681526,0.006464045246247377,0
4.28,-0.003753618882843421,0.004731690637815984,-1.0579914201669371e-10,-0.14249414735378987,-0.3763544594737526,0.40198869316043834,-1.95527682799069,0.00011460233956934085,1.0000022806727697,15.947348129545473,1,0.6900820580498204,-0.2309466846552082,0.7186689709000175,-0.32170656973785366,-0.0016669126771239734,1.0000003964724673,2.64314978180268,1,-0.17848467775179608,0.9826417196200462,1.0038819115782767,1.7579319353526923,-0.0005056678417922622,1.0000001209969194,1.0195241407874678,1,-0.48100495596255977,1.4755268001943236,1.558061183922359,1.8902377595938542,-7.314679860343945e-05,1.0000000456324576,0.3042163839009841,1,-3.7202910496313035,3.886498760072106,5.388507694924289,2.334981893109029,0.013996328024030084,0.9999998367649655,0.006456231129760037,0
4.3,-0.0037536188784082327,0.0047316906377574495,-1.0659865221432363e-10,0.05976776082830716,-0.36029004439864953,0.3603020302827682,-1.4275184196944035,0.00011178285884658048,1.0000024683527378,16.201661528386886,1,0.7220357056431677,-0.08585145887624841,0.7184295415010201,-0.11462745615978892,-0.001615101977055314,1.000000397363628,2.6490908540509897,1,-0.300106538208395,0.9538948650227731,1.006020361491513,1.8823960229370005,-0.0002894922501459201,1.000000342760065,1.0156459385978749,1,-0.5769135743527191,1.4500525629917242,1.5671112085336476,1.9535194333606074,-1.644781708802174e-06,1.000000044917774,0.2994518264064893,1,-3.7598669259092676,3.8509718452295734,5.390508296974664,2.344852226090093,0.01390118270254557,0.9999999868319772,0.006448492115677386,0
4.32,-0.0037536188729605574,0.004731690637662938,-1.0735391048344312e-10,0.24115739904240502,-0.2274288064696033,0.32291492835136987,-0.76565437580338,0.00011338487819861378,1.0000027543803471,17.25943490687289,1,0.7237047685239543,0.06273019746469577,0.718418990868125,0.09252383673184615,-0.0015556895431790166,1.0000003981775416,2.6545169446004113,1,-0.4169533782996795,0.9103151464533796,1.0080749443947745,2.006341977122409,-7.753189647284751e-05,1.0000000107728155,1.0115113858373712,1,-0.670423316810825,1.4186151352046772,1.5759350799271663,2.016083383740724,7.226796330270795e-05,1.0000000442085193,0.29472346182486725,1,-3.7990629082211247,3.815056318558686,5.392489729543423,2.3547152809855385,0.013811477069800251,1.0000001796289948,0.006440828575971369,0
4.34,-0.003753618870114139,0.004731690637492701,-1.0807519636168994e-10,0.315864739743505,0.0018313968594859797,0.3075167794079027,0.017700228486018273,0.00012134825277486589,1.00000304917007,19.017498094782926,1,0.6950186966676656,0.20849602294335906,0.7186376844465674,0.2996147612180976,-0.0014889801261530134,1.000000398879052,2.659193679744974,1,-0.5272545770095725,0.8526641426375992,1.010014627708697,2.129797362122246,0.00012434231652752722,1.0000000886441829,1.0071878801799758,1,-0.7611968677226089,1.3814409848630909,1.584501054961457,2.077960720789032,0.00014836240153485102,1.000000043507738,0.29005158668471687,1,-3.837875464068957,3.778756228492287,5.394451810521176,2.3645711395290308,0.013728892637244541,0.9999998323475773,0.00643324087155156,0
4.36,-0.003753618873676021,0.004731690637219645,-1.088137431722036e-10,0.2348623597147908,0.2284714736030619,0.3242166014654586,0.7976533064497334,0.00012883852611715385,1.000003194482372,20.541488703789405,1,0.6372223192862961,0.34527118381191485,0.7190760509931188,0.506515611649135,-0.0014259143531912735,1.0000003994379494,2.6629196619182633,1,-0.6293584765462765,0.781905461341262,1.011810440956254,2.2527965818477744,0.0002999435710935053,1.0000003480525377,1.0027441150248728,1,-0.8489179177008642,1.3387702525738265,1.592779360852048,2.139183719630268,0.00022302342943987167,1.000000042818201,0.2854546737130405,1,-3.8763011034873056,3.7420756494862357,5.396394345777483,2.374419884350995,0.013645474885146716,0.9999999947792307,0.006425729356215989,0
4.38,-0.003753618880478718,0.004731690636871188,-1.0962484088897217e-10,0.050942788479167334,0.35609351120241206,0.3621340550114427,1.4532415121241857,0.00013073417851064173,1.0000031213803553,21.04873961175101,1,0.552815123649259,0.46728607506958086,0.7197150734646124,0.7131054783086231,-0.0013747571991998462,1.000000399830394,2.665535959944694,1,-0.7217530805130538,0.6991864536712561,1.0134358366649547,2.37538020355448,0.0004341499388873044,1.0000000327233212,0.9982489964109074,1,-0.9332908787894794,1.2908550062465864,1.6007421702066547,2.1997855901624312,0.00029184738293259636,1.0000000421424164,0.2809494434910263,1,-3.9143363791017114,3.7050186816013326,5.398317131295135,2.3842615958552296,0.013549916174774745,1.000000175906863,0.006418294380788346,0
4.4,-0.0037536188862335364,0.004731690636496239,-1.1052070716943696e-10,-0.15063434166509712,0.3674973314200743,0.40369410183723936,1.9760064657608403,0.00013142598796771112,1.000002938347979,20.68373420086181,1,0.4454305473241044,0.5694317126633137,0.7205272138114307,0.9192776690021821,-0.0013195352763881994,1.000000400040064,2.666933759591267,1,-0.8030840291110181,0.6058184237131591,1.0148670129109105,2.4975942591515707,0.0005267410993470917,1.0000000576676495,0.9937706513929073,1,-1.0140405038635436,1.2379576595432542,1.6083635741961053,2.2598002863120916,0.00035337162139975864,1.0000000414826407,0.27655093819588383,1,-3.9519778861842108,3.667589450087351,5.400219970186468,2.3940963520196608,0.013439755096883063,0.9999998281974527,0.00641093629254745,0
4.42,-0.0037536188899657853,0.004731690636126443,-1.1148824094822651e-10,-0.31645049128258573,0.289996685571861,0.43788454554075246,2.4071277217267357,0.0001315865613224607,1.0000027812055445,19.854305710596613,1,0.31966329834311785,0.6474794244644098,0.7214777157346581,1.1249443156746806,-0.0012379395307429654,1.0000004000588214,2.667058810046633,1,-0.8721699142017528,0.5032557039653179,1.0160831813480051,2.6194895293643414,0.0005839306395328452,1.0000003484052074,0.9893755318248564,1,-1.0909114352169718,1.1803495489411648,1.6156195358598517,2.319262346766099,0.00040739206239817996,1.0000000408408896,0.27227259654095987,1,-3.989222262706617,3.6297921049703548,5.402102676611274,2.4039242304610955,0.01331643609691388,1.000000002736387,0.0064036554333514704,0
4.44,-0.003753618892009212,0.004731690635777946,-1.1251213155594186e-10,-0.4222735348978804,0.15687760118045338,0.45970951562407125,2.7853870973736736,0.00013016151854413455,1.0000027124730475,18.85029360212711,1,0.18085570088261468,0.6982545243372242,0.722526225364067,1.3300399473671018,-0.0011179595056922415,1.0000003998869418,2.6659129447340653,1,-0.9280150342994198,0.39307390488631666,1.0170667898025751,2.7411208080751313,0.000612931731946367,1.000000057578155,0.9851276101879508,1,-1.1636677037681948,1.118309662331458,1.6224878351795904,2.378206755866988,0.00045374750879209695,1.0000000402189506,0.2681263372133843,1,-4.026066189390761,3.5916308206433794,5.403965071627023,2.413745309195472,0.013180953672976167,1.0000001719076508,0.006396452140233409,0
4.46,-0.003753618892726441,0.004731690635460432,-1.1357961272884243e-10,-0.45859331101953593,-0.0025701715824666643,0.4672078721865326,3.13982634047614,0.00012749060016508282,1.0000027105445028,17.845249007591054,1,0.03485584767487179,0.7197572315338832,0.7236286211367072,1.5345238939106325,-0.0009612085312891851,1.0000003995329256,2.663552837740117,1,-0.96981970832793,0.2769475860582869,1.0178037075169584,2.862546155938741,0.0006207323520434141,1.0000000290532627,0.981087678679605,1,-1.2320921972091723,1.0521235103174968,1.6289480150242401,2.4366688251310236,0.0004923264452095251,1.0000000396183981,0.2641226547769258,1,-4.062506389755697,3.553109795460036,5.405806980901862,2.4235596665669235,0.013033651563138774,0.9999998243211635,0.006389326746526098,0
4.48,-0.0037536188922179265,0.004731690635181115,-1.146787326558596e-10,-0.422936181596903,-0.162146757754448,0.4598689151537464,-2.7890431113060448,0.00012440113878659905,1.0000027060954417,16.95434942979909,1,-0.11223908333212862,0.7112278185919875,0.7247389468932408,1.7383814792993617,-0.0007821214512157297,1.0000003990129207,2.6600861375674922,1,-0.996988269046732,0.15662753965620085,1.0182833722113658,2.9838261491410063,0.0006130672664351523,1.0000003440258622,0.9773127748797868,1,-1.2959861129825752,0.9820821302667913,1.634981328255214,2.4946840951934455,0.0005232208154260525,1.0000000390406087,0.2602707244378269,1,-4.098539630162337,3.514233251330656,5.4076282343767,2.4333673811068377,0.01287472866112347,1.0000000106908344,0.0063822795812071755,0
4.5,-0.003753618890408089,0.004731690634944921,-1.1579646963522094e-10,-0.3177259196556784,-0.2956705540405196,0.43819145447667135,-2.4111819424722345,0.00012064530884882994,1.0000026393026225,16.27991674121988,1,-0.25434151405344796,0.6731563989653895,0.7258113517910426,1.9416240423156406,-0.0006035888806977745,1.000000398349811,2.6556654068084034,1,-1.0091348477455615,0.033917826937448936,1.0184988979645737,3.1050231271711977,0.0005946201818373484,1.0000000849326764,0.973855682381704,1,-1.355168409788878,0.9084812127466141,1.6405706860988079,2.552288256250754,0.000546816128647517,1.0000000384867767,0.25657851105905644,1,-4.134162719856099,3.4750054333213067,5.409428666736367,2.4431685314747242,0.01270462945237781,1.0000001676376902,0.006375310966312605,0
4.5200000000000005,-0.003753618887234645,0.004731690634752729,-1.169178837946705e-10,-0.152375369192508,-0.3739001956552144,0.4041150128742457,-1.980818902784245,0.00011581303362190543,1.0000025096497096,15.951846392329925,1,-0.3856226873851825,0.6072405980916266,0.7268019526844951,2.1442878839180053,-0.00044904857597511235,1.0000003975720588,2.650480392333589,1,-1.0060870429480469,-0.08934733003830458,1.018447146175852,-3.056984865877282,0.0005692820652686458,1.000000003703019,0.9707644666164817,1,-1.4094752692074517,0.8316203398005246,1.645700608592003,2.6095170848828473,0.0005638658141025766,1.000000037957932,0.253052879421406,1,-4.169372511008065,3.435430609256703,5.411208118307525,2.4529631964910945,0.012524441912459773,0.9999998207248474,0.006368421213882286,0
4.54,-0.0037536188827592817,0.004731690634598503,-1.1802665181998018e-10,0.04910150190145149,-0.3635795812374446,0.36258901574741326,-1.4592793902064807,0.00011135464155253206,1.0000023938143812,16.16926738731444,1,-0.5007428464238123,0.5162964244235753,0.7276705505655606,2.3464322811420546,-0.00033295244290571635,1.0000003967123756,2.644749171471811,1,-0.9878875366843043,-0.21132672686440757,1.018128761417575,-2.9357636046142437,0.000540545766340168,1.0000003352067584,0.9680820672507328,1,-1.4587595771727757,0.7518023245122154,1.6503571781482669,2.666406395477101,0.000575632756292129,1.0000000374549554,0.24969970251568793,1,-4.204165898754127,3.395513069327331,5.412966436352887,2.4627514553275702,0.012336606668261016,1.0000000186299662,0.006361610624227417,0
4.5600000000000005,-0.003753618877732974,0.004731690634464784,-1.1910870510375982e-10,0.23367171850332694,-0.2372011613249681,0.324545157793626,-0.8052459855556562,0.00011134116654279728,1.000002415316928,17.179780528924688,1,-0.5950548779167626,0.4041289470764897,0.7283821494698298,2.5481367261472068,-0.0002540310168114798,1.0000003958063028,2.6387086863102094,1,-0.9547936877103992,-0.33019536799672533,1.017548172529375,-2.814435278715934,0.000512282092202464,1.000000114283131,0.965845945221696,1,-1.5028904334505973,0.6693326415458359,1.6545279969176538,2.7229920051171366,0.0005840440114490259,1.0000000369785949,0.24652396563508025,1,-4.238539821231128,3.355257125700679,5.414703476098939,2.472533388075505,0.012145831577949613,1.0000001631037434,0.006354879486638051,0
4.58,-0.0037536188749888073,0.0047316906343201235,-1.201650437140933e-10,0.3162367527972934,-0.011212239692957,0.30752625702175335,-0.026172791745198088,0.00011838919586851204,1.0000026399289081,18.917272486964322,1,-0.6647759351898602,0.2753699855365565,0.7289082395948269,2.74949754957959,-0.00020210867787753475,1.000000394890766,2.632605107819273,1,-0.9072750954187702,-0.4441676178080526,1.016713557429051,-2.6929380169204635,0.00048493962416311804,0.9999999823963969,0.9640877674722358,1,-1.54175269572216,0.5845189387482825,1.6582021454096614,2.779309711007924,0.0005910063203993704,1.00000003652948,0.24352986741541882,1,-4.272491259609517,3.314667112136273,5.416419097452145,2.482309076779971,0.01195687299277608,0.9999998174141987,0.0063482280829175244,0
4.6000000000000005,-0.0037536188778463566,0.0047316906341398745,-1.212290458990628e-10,0.2431255819862678,0.21864921642541288,0.3225983932709673,0.7579871270042596,0.00012685546468056908,1.0000029537475603,20.482692921951394,1,-0.7071233004761788,0.13529008981692772,0.7292278159421803,2.9506240691112673,-0.0001807772678551179,1.0000003940026578,2.6266843851820565,1,-0.8460090929553954,-0.5515202500533212,1.0156367635567451,-2.571211946749171,0.000449301590859591,1.0000003223035343,0.962833118766144,1,-1.5752465633262713,0.4976706202025108,1.66137013664539,2.8353952747103333,0.0005963650894321741,1.0000000361081383,0.24072092210023854,1,-4.306017238121612,3.2737473836033457,5.418113153431906,2.4920786052035973,0.011766105393740236,1.0000000265411997,0.00634165669383412,0
4.62,-0.0037536188843191685,0.004731690633941775,-1.2234254234688713e-10,0.06243711914404403,0.352756165830728,0.3598486889840543,1.42140679579108,0.00013060681855120185,1.0000031865138137,21.047463282780082,1,-0.7204121287306188,-0.010408165537673998,0.7293281226506064,-3.1315509228744465,-0.0001998370410344164,1.0000003931774866,2.621183243264659,1,-0.7718740958922777,-0.6506153133920317,1.0143331828043396,-2.449199959823916,0.0003985626691829379,1.0000001450271583,0.962101237158003,1,-1.6032872044149786,0.409098491129603,1.664023878039912,2.8912844051144546,0.0005991676615925702,1.0000000357150096,0.23810006376896276,1,-4.339114824085209,3.232502315899386,5.41978548849027,2.5018420558678733,0.011565922166755584,1.00000015831299,0.006335165605254593,0
4.640000000000001,-0.0037536188904203228,0.004731690633766678,-1.2351339612540202e-10,-0.13989631632194394,0.36993014051315914,0.40156350761017773,1.9504165044527964,0.00013040122850245756,1.000003268163307,20.71881255388512,1,-0.7041137224151074,-0.15580893810807822,0.729205118292027,-2.93053435535997,-0.0002591615049467697,1.0000003924481202,2.616320800990552,1,-0.6859407064117136,-0.7399226980503112,1.0128215979751602,-2.3268484848823925,0.00033735902418131317,0.9999999657607843,0.9619047699160835,1,-1.625804429757384,0.3191144550376763,1.666156653982712,2.9470127514442486,0.0006002968757181824,1.0000000353504617,0.23566974412016706,1,-4.37178112792501,3.1909363052693336,5.421435954471452,2.5115995093650993,0.011356720532009208,0.9999998143944596,0.006328755107632263,0
4.66,-0.003753618894589501,0.004731690633642634,-1.2472275599459404e-10,-0.3084670405859079,0.29637579474928977,0.43632055433700584,2.385415352093963,0.00012778722263832683,1.0000031838590566,19.905803223948595,1,-0.6588736766815272,-0.29500764492604953,0.7288636389470023,-2.7293892517998994,-0.0003644947989639151,1.0000003918436404,2.612290936533899,1,-0.5894604556173216,-0.8180422455262691,1.0111239912960517,-2.204108246714764,0.0002732748193894992,1.0000003057172642,0.9622495482494771,1,-1.6427424163972528,0.2280312540460395,1.6677631071967574,3.0026159109666266,0.0006012792693314168,1.0000000350148024,0.23343201531838134,1,-4.404013303193694,3.1490537680268638,5.423064415897782,2.5213510463917053,0.011142819992667965,1.0000000344119968,0.0063224254908882775,0
4.680000000000001,-0.003753618896793891,0.004731690633580131,-1.2594595331927305e-10,-0.41787797387252446,0.16548518904993273,0.45888374811698956,2.765722565100587,0.00012364815865886447,1.0000029563325474,18.906020985979893,1,-0.5864897144871994,-0.4223351853353047,0.72831725127017,-2.5279980468320837,-0.0005337969063119737,1.0000003913883264,2.609255509569865,1,-0.4838520609602445,-0.8837251910060573,1.0092653008651453,-2.0809350118058387,0.00021363073474871112,1.0000001764703221,0.9631343882100403,1,-1.654059483927479,0.13616224414467262,1.6688392157935574,3.058129440117682,0.0006033040874850868,1.0000000347082898,0.23138859912608076,1,-4.435808546592607,3.106859140179023,5.424670745587389,2.531096748726359,0.010927986760758568,1.0000001532730176,0.006316177040306393,0
4.7,-0.003753618897430662,0.00473169063357848,-1.2716103734225492e-10,-0.4580803565200546,0.006781416037164975,0.46718095050773506,3.1208216185085966,0.00011879452524525246,1.0000026574602574,17.897771434518948,1,-0.4898494412398034,-0.5325757770550086,0.7275877994284925,-2.3262523476025585,-0.0007903018954123331,1.0000003911007809,2.6073385392233797,1,-0.3706850841168092,-0.9358946691087024,1.0072731270034525,-1.9572903177534953,0.00016573225943056056,0.9999999542483257,0.9645509289588681,1,-1.6597279252446107,0.04382119765623289,1.6693822756435124,3.113588866550027,0.0006072142863281053,1.0000000344311424,0.22954094855171975,1,-4.467164097991588,3.0643568770545944,5.426254821321735,2.540836699259306,0.010715015956563956,0.9999998116704107,0.00631001003417275,0
4.720000000000001,-0.0037536188968409732,0.0047316906336311165,-1.2835029480212645e-10,-0.4263134892412846,-0.1534415563889231,0.46064243373980884,-2.808623806501905,0.00011312430324221316,1.0000023907087325,16.998119963011593,1,-0.372828738700073,-0.6211721048684942,0.7267046500643702,-2.124057177854345,-0.001150968579398532,1.0000003909932156,2.6066214371434784,1,-0.25166089971122707,-0.9736649509388543,1.0051773897938094,-1.8331421729359627,0.0001359871869162494,1.000000285877293,0.9664835136704214,1,-1.6597338928125926,-0.048677874722519214,1.6693908898270404,-3.114155604357237,0.0006136284413676024,1.000000034183546,0.22789030622310658,1,-4.4980772404475475,3.0215514529358862,5.427816524459938,2.5505709818582636,0.010506110185484223,1.0000000422298834,0.006303924742011975,0
4.74,-0.0037536188951624062,0.004731690633728823,-1.294993418055057e-10,-0.32472114246768796,-0.2890846872855757,0.43970952444094963,-2.432707281870608,0.00010518521655211675,1.000002248072587,16.30906493755049,1,-0.24015222747217768,-0.684411115946921,0.7257036431158994,-1.9213348837999873,-0.0016106628884864386,1.0000003910709077,2.6071393849598112,1,-0.12859092908836095,-0.9963590187066587,1.0030099383169881,-1.708465708865545,0.00012702628922944093,1.0000002078362484,0.9689090889252268,1,-1.6540773409097416,-0.14102088997372758,1.668864964262887,-3.0586978458885814,0.0006230162722140396,1.000000033965664,0.2264377600765366,1,-4.528545300221797,2.978447360693822,5.429355739467919,2.5602996812667045,0.0103031776608942,1.0000001479918075,0.00629792142280732,0
4.76,-0.0037536188922818606,0.004731690633860668,-1.30594932437611e-10,-0.16220375560214836,-0.3711341942664493,0.406216431316249,-2.006081087924567,9.456404429931022e-05,1.000002271502291,15.957907645275865,1,-0.09721826423390838,-0.7195834049297535,0.7246257598943102,-1.7180285590328856,-0.002122272200815885,1.0000003913318312,2.6088788737562245,1,-0.0033721569197611434,-1.0035240289210008,1.000804116120167,-1.5832437649098803,0.0001319237981746397,0.9999999481180799,0.9717970207377739,1,-1.6427720240545167,-0.2328938546438149,1.6678057089879912,-3.003187637822745,0.0006357719601495019,1.0000000337776442,0.2251842941759883,1,-4.558565646796552,2.9350491114266917,5.4308723539774295,2.5700228830561946,0.010108142914571823,0.999999809246365,0.006292000323303846,0
4.78,-0.0037536188878622293,0.0047316906340115665,-1.3162249849069108e-10,0.03833497591012425,-0.36646768003233604,0.36488402462952885,-1.4906232379550264,8.757699077932064e-05,1.0000024459063288,16.139261217325515,1,0.050107642776889484,-0.7251088857973109,0.7235155230846909,-1.514104821017826,-0.002586427687269957,1.0000003917664502,2.611776333963864,1,0.12203996648223905,-0.9949441729861025,0.9985942954636952,-1.4574673865899317,0.00013007596418468799,1.000000263224166,0.9751086694718692,1,-1.6258455516536894,-0.323983030268129,1.666215645298382,-2.947589422937587,0.0006523311730951336,1.0000000336196249,0.22413083291560976,1,-4.588135692890417,2.891361234102519,5.432366259398614,2.5797406736941175,0.00992354662265208,1.000000049982469,0.006286161676718391,0
4.8,-0.003753618882247275,0.004731690634154735,-1.325675762740841e-10,0.22581756882951234,-0.24660646349830656,0.32624072094629203,-0.8444181884726817,9.122022029355404e-05,1.0000027230392674,17.10251797603618,1,0.19572533748680962,-0.7006215496947784,0.72241915975446,-1.309555736780899,-0.0028781433344274984,1.0000003923577723,2.6157184823592883,1,0.24566102408763266,-0.9706504176982991,0.9964153968213206,-1.331136232270057,9.78498241241773e-05,1.0000002382791782,0.9787969501154682,1,-1.6033394986325002,-0.4139751099831603,1.6640986193967835,-2.8918676002757087,0.0006732030382603156,1.0000000334917418,0.2232782789352242,1,-4.617252894472561,2.8473882752050352,5.433837351667598,2.5894531409512607,0.009753391183804964,1.000000142477725,0.00628040570204874,0
4.82,-0.0037536188786876285,0.004731690634244492,-1.3343214597463793e-10,0.3160531696479293,-0.024197643644177244,0.30764107285594516,-0.07002767071803818,0.00010221374652385024,1.0000030210233857,18.81638648732237,1,0.3335507418112999,-0.6470067634990174,0.7213826039505019,-1.1043996737133164,-0.002938333215241118,1.0000003930819412,2.6205462747355375,1,0.36550918916316133,-0.9309265886491382,0.9943023866583551,-1.204258895414562,3.104715120769603e-05,0.9999999474224617,0.9828069578190676,1,-1.5753095713966794,-0.5025574140444267,1.661459821262137,-2.835986511242584,0.0006981682634904912,1.0000000333941317,0.22262754527859735,1,-4.645914750775695,2.803134798383527,5.4352855284610415,2.5991603748565484,0.009601404661064612,0.9999998071261599,0.0062747326044254315,0
4.84,-0.0037536188814029253,0.004731690634241393,-1.3426003624833482e-10,0.2510016963383212,0.20856157575926554,0.3210506240969924,0.7179114506739988,0.00011421779436203578,1.0000031869844228,20.420380976939203,1,0.457775007981313,-0.5663859657819114,0.7204494970954096,-0.898680916436663,-0.002842756610474777,1.0000003939093014,2.626062009821523,1,0.47963837735793347,-0.8763112589466356,0.992289710609892,-1.0768531106834658,-5.709108081847643e-05,1.0000002381908561,0.9870778886548532,1,-1.5418258280519697,-0.5894181121434933,1.6583058003178708,-2.77991042721305,0.0007248962386109314,1.0000000333269372,0.22217958189133033,1,-4.674118804306937,2.7586053841061418,5.4367106774230605,2.608862467711988,0.009463351671689291,1.0000000576574677,0.006269142577967946,0
4.86,-0.0037536188879367244,0.004731690634158332,-1.3510763818488924e-10,0.07381780617135551,0.34910487367886084,0.3575759327933615,1.389139380609273,0.00012193427533453557,1.0000031336596396,21.043210336864604,1,0.5631203959047764,-0.46204580124275973,0.7196593215409419,-0.6924681060749633,-0.002710009556102678,1.0000003948056373,2.632037582428114,1,0.5861724232607008,-0.8075949759924069,0.9904106438989624,-0.9489457692476003,-0.00014872315576317115,1.0000002668975327,0.9915444879305628,1,-1.502972951322649,-0.6742464806370527,1.654644479226167,-2.7236035495772146,0.0007511324485586963,1.0000000332903094,0.22193539664786058,1,-4.701862640855615,2.7138046293156957,5.438112671132486,2.618559511126761,0.009330100569674319,1.0000001367395024,0.006263635810575817,0
4.88,-0.0037536188937305048,0.00473169063403535,-1.3599185623089372e-10,-0.1291113191096018,0.3721371850523059,0.3994105955461656,1.9245254445415567,0.00012611196493464064,1.0000029565432291,20.7522266762665,1,0.645079883252501,-0.3383116108393618,0.719045685667349,-0.4858516134605844,-0.002602792434969135,1.0000003957334669,2.6382231120309343,1,0.6833395770428945,-0.725812484753056,0.9886966184485735,-0.8205727132625077,-0.00022522209302572595,0.9999999520027976,0.9961373739234491,1,-1.4588505720546525,-0.7567332030954184,1.6504851888108278,-2.6670300202529904,0.0007766756862769353,1.0000000332844106,0.2218960704663174,1,-4.729143889498995,2.6687371470872248,5.439491381964022,2.6282515945955325,0.00919922592221664,0.9999998053131512,0.0062582124854210445,0
4.9,-0.0037536188975138044,0.0047316906338971745,-1.369028354222812e-10,-0.30036750280607616,0.3026296177958518,0.4347185952617513,2.3635220032612727,0.00012787610816084215,1.0000027946661036,19.956544512693817,1,0.7001271550991551,-0.20036868084767825,0.7186348028462864,-0.2789398518496984,-0.0025380161365166224,1.0000003966535234,2.644356822303349,1,0.7695064800556741,-0.6322297340340634,0.9871765938478919,-0.691778309395974,-0.00027659979036729466,1.000000211197239,1.000783358558415,1,-1.409573640629192,-0.8365707229347648,1.645838713786897,-2.6101539303999752,0.0008016374382473149,1.0000000333094148,0.22206276564821958,1,-4.755960222607141,2.623407566287824,5.440846689491556,2.637938807175974,0.009071853025320804,1.0000000652427152,0.00625287277951516,0
4.92,-0.0037536188995828616,0.004731690633752477,-1.378288047929055e-10,-0.4133411841494319,0.1740529245655439,0.45801424848166156,2.7459667023088437,0.00012751586469130638,1.0000027185794051,18.96154073358785,1,0.7258843484099138,-0.05403840062373467,0.7184442556544407,-0.07185459284824164,-0.002515999284210159,1.0000003975264744,2.6501764959269587,1,0.8432106877565989,-0.5283255978650073,0.9858764794240268,-0.5626148072883823,-0.00030235847293200527,1.0000002927714833,1.0054063801666508,1,-1.3552728429158376,-0.9134536572397206,1.6407173339116634,-2.5529393344392317,0.000825660136351305,1.000000033365509,0.2224367273183259,1,-4.782309355846695,2.5778205312395204,5.442178477126031,2.647621238448618,0.008948378396185317,1.000000130786229,0.006247616864075789,0
4.94,-0.003753618900325581,0.00473169063360361,-1.3876220832098607e-10,-0.4574212628000521,0.01616760955958972,0.4671096013021735,3.101797513186004,0.00012593273196735176,1.0000027131950888,17.95044884161501,1,0.7212368577761028,0.09447998461867631,0.7184821426348721,0.1352745014215469,-0.002532091286299998,1.000000398314761,2.655431739145813,1,0.9031907682928911,-0.415768430655101,0.9848186059451235,-0.4331414963633223,-0.0003072904327379704,0.9999999615165925,1.009928895046542,1,-1.2960950564835652,-0.9870792812360933,1.635134865591325,-2.4953502755720613,0.0008480959783125449,1.0000000334528916,0.22301927785085066,1,-4.808189048182895,2.531980701385077,5.443486629071442,2.6572989784712826,0.008828098751381639,0.9999998038102087,0.006242444907135103,0
4.96,-0.0037536188998614954,0.004731690633451462,-1.396980044664209e-10,-0.42955311606534724,-0.14462856958238715,0.46137428658408663,-2.828155194840679,0.00012426167334457868,1.0000027112573422,17.042350442046327,1,0.6863875832437967,0.2388884653637015,0.7187466782764949,0.3423158216145193,-0.0025786135496574606,1.000000398984409,2.659896059750081,1,0.9484130093020985,-0.29638778782561404,0.9840212579997114,-0.3034236737397836,-0.0002979115718218192,1.000000182666343,1.014273491470986,1,-1.23220384173079,-1.0571480932477804,1.629106707141558,-2.4373508234944206,0.0008682178476397288,1.0000000335717705,0.22381180373411902,1,-4.833597101879246,2.485892750955924,5.444771029333606,2.666972117517263,0.00870968831081954,1.0000000727261904,0.006237357076584465,0
4.98,-0.003753618898138779,0.004731690633296148,-1.4063137720315977e-10,-0.3316057284074204,-0.2823095875227385,0.4411927825394892,-2.4541035978450974,0.0001229545122842767,1.0000026499000323,16.33903122691052,1,0.6228469444950404,0.37307483046160556,0.7192262782958018,0.5491418756824155,-0.002643677092749091,1.0000003995066793,2.663377862567167,1,0.9780938195762171,-0.1721418610154811,0.983498281956056,-0.17353144164034315,-0.0002808038638478768,1.0000003150120347,1.0183645959115877,1,-1.163779961386713,-1.1233644703140038,1.6226498873559225,-2.3789051251703492,0.0008853677081674611,1.0000000337223602,0.22481573422077564,1,-4.858531362495086,2.4395613686417006,5.446031561867226,2.676640745842076,0.008591613924147631,1.0000001246273338,0.006232353542229987,0
5.0,-0.003753618895092817,0.004731690633135681,-1.4155645882904522e-10,-0.17198754090336477,-0.3680845568037212,0.4082974664167204,-2.031109781814224,0.00012183237539899324,1.0000025221630706,15.96532264189094,1,0.5333593606092747,0.49138684845751496,0.71990012483684,0.7556351112421301,-0.002709900931656519,1.000000399859441,2.6657296056585578,1,0.9917170204761373,-0.0450813815156975,0.9832587836595946,-0.0435383622150204,-0.0002618847710405133,0.9999999754727047,1.0221301981034023,1,-1.0910219204212348,-1.1854374248784298,1.6157831164499061,-2.319977470293168,0.0008991107255046587,1.0000000339048767,0.22603251172533084,1,-4.882989718881972,2.3929912572615137,5.447268111437761,2.686304953518344,0.008472551984227012,0.9999998026197101,0.006227434476366701,0
5.0200000000000005,-0.003753618890751935,0.004731690632963344,-1.4246632996581243e-10,0.027465535969057105,-0.3689857820072334,0.36718846967427365,-1.5216126475937601,0.00012126987214908527,1.000002398275785,16.111353407091585,1,0.4217711840700714,0.588881143766742,0.7207391723384562,0.9616931582465336,-0.002754112505537527,1.0000004000281797,2.666854530907549,1,0.989045381862358,0.08268907782586031,0.9833069271175661,0.0864799934504695,-0.0002449838232728718,1.0000001530443028,1.0255035353146942,1,-1.014146516685672,-1.243081473055989,1.6085268385360518,-2.260532373411139,0.0009094272300632907,1.0000000341195332,0.22746355430465773,1,-4.906970103179183,2.346187133436859,5.448480565216712,2.6959648303999253,0.008352046860263845,1.0000000800960334,0.006222600053032432,0
5.04,-0.003753618885741307,0.004731690632763414,-1.4335570317630664e-10,0.21760230135869765,-0.2556699712962752,0.32799665333718314,-0.8832276276556638,0.00012348822624394523,1.0000024006216157,17.02745082897398,1,0.2928487822753526,0.6615340380941781,0.7217075260584301,1.1672332107244006,-0.002749347766763816,1.0000004000065894,2.666710596757422,1,0.9701259609068831,0.20905133725831507,0.9836418414686425,0.21644755821084824,-0.0002311998627051955,1.0000003328199134,1.0284246769463845,1,-0.9333893906201376,-1.296017625044638,1.6009032853689347,-2.200534674495988,0.0009167636223476072,1.0000000343665312,0.22911020824416106,1,-4.930470490808792,2.2991537272664853,5.449668814862261,2.705620466438773,0.008231390391705784,1.000000118272572,0.006217850446257301,0
5.0600000000000005,-0.0037536188826132588,0.004731690632507583,-1.4423197055093984e-10,0.3153172619960469,-0.03713493704448436,0.3078530511636809,-0.11387995126481641,0.00013098148844345223,1.0000026080035773,18.715003623929572,1,0.15205819057909514,0.7064047607842793,0.722764103753246,1.372195342736725,-0.002677256758246331,1.0000003997967224,2.6653114831717306,1,0.9352890366091453,0.3319142351313603,0.9842576404614127,0.34628929407392955,-0.00022218352124061104,0.9999999932874565,1.030841950311983,1,-0.8490055603232614,-1.3439745082108674,1.5929365312744361,-2.1399496581223465,0.0009209608218694724,1.0000000346460531,0.23097368774714663,1,-4.953488900470952,2.251895782003659,5.450832755813923,2.7152719526616322,0.008112321391549602,0.9999998017435391,0.006213185827860024,0
5.08,-0.0037536188849377683,0.004731690632172013,-1.4513347511638242e-10,0.2584812834818365,0.1981960861053595,0.3195669097944785,0.6774355165020468,0.00014051138302059003,1.000002924173724,20.35487971141114,1,0.005319303519978565,0.7217450655849174,0.7238644827800103,1.5765446384580175,-0.002552670831441418,1.0000003994087168,2.662724778309024,1,0.885140682105323,0.4492534767554347,0.9851435603139567,0.47593268155106205,-0.00022672786508990542,1.000000122838446,1.032713136550301,1,-0.7612699260484863,-1.3866896328757856,1.5846525418268362,-2.0787431902028257,0.0009192162659574698,1.0000000349582503,0.23305500175451194,1,-4.976023394138984,2.2044180537359885,5.451972277146687,2.724919381599627,0.007990162264985704,1.0000000873405643,0.006208606366451969,0
5.1000000000000005,-0.0037536188913694923,0.004731690631774578,-1.4611136953113224e-10,0.08507601614179836,0.34511929025182403,0.35531177298419375,1.3564609271352361,0.00014738669572657704,1.0000031716843847,21.03637381367453,1,-0.14125209298664754,0.7070529652753772,0.7249628393532924,1.7802721168320559,-0.0024072978532041875,1.0000003988601482,2.659067654653546,1,0.8205492642714627,0.5591495821992212,0.986284213469154,0.6053091387267129,-0.0002533099745907459,1.000000345556486,1.0340063893633504,1,-0.6704777255028043,-1.423910809837506,1.5760792044596965,-2.0168818819037027,0.0009089145212081184,1.0000000353032303,0.23535486887383583,1,-4.998072077053626,2.1567253110674227,5.453087254681994,2.7345628446621237,0.007855953030129476,1.00000011173201,0.006204112228168667,0
5.12,-0.0037536188977771697,0.004731690631362164,-1.4718411905922935e-10,-0.11828304318693512,0.3740958683204652,0.39723424647433103,1.898362816999822,0.00015289849938375708,1.0000032697336756,20.784408605984066,1,-0.28160186127160547,0.6630716114177545,0.7260138770332907,1.9833945197870477,-0.002255776117185994,1.000000398175068,2.65450045357169,1,0.7426263834344231,0.659822906136743,0.9876599282943525,0.7343553247158552,-0.00029924145015285147,1.0000000143496146,1.0347009276300043,1,-0.5769449183280847,-1.455397727296961,1.5672463583576755,-1.9543332908473512,0.0008907169946098744,1.000000035681043,0.2378736198553023,1,-5.0196330977171755,2.108822334801835,5.454177565128797,2.744202430317065,0.007707433382229937,0.9999998011830813,0.006199703574528277,0
5.140000000000001,-0.0037536189023243114,0.004731690630972222,-1.483396491579192e-10,-0.29215025793249944,0.3087368037143023,0.43308025194870375,2.341477080729453,0.00015413165974126412,1.0000032004701387,20.006946619358565,1,-0.4099835291845071,0.591737026808676,0.7269746557008546,2.1859530585474767,-0.0021041484772753435,1.0000003973827802,2.6492185348277086,1,0.6527029546862797,0.7496648563089794,0.989247165208378,0.8630142772948293,-0.00035701306783236553,1.0000000926524402,1.0347873733648436,1,-0.4810084750858115,-1.4809236930706984,1.5581858299165,-1.8910661473253039,0.0008661379482718608,1.0000000360916628,0.2406110857104442,1,-5.040704647888912,2.060713917628733,5.455243096086387,2.7538382256630283,0.007546495530333576,1.000000094448302,0.006195380556811752,0
5.16,-0.003753618904894539,0.004731690630624871,-1.4955696707105726e-10,-0.40865668206705463,0.18256313593263002,0.4571042096491946,2.7261431967029535,0.000150782504372285,1.0000029833235586,19.017224284739456,1,-0.5211836285583289,0.49608030799071723,0.7278062679457867,2.3880112421115487,-0.0019661342057353147,1.000000396516468,2.6434431212211105,1,0.5523012809964237,0.8272646243499509,0.991019011303567,0.9912363648597522,-0.00041947750300790467,1.0000003528022614,1.0342677459787482,1,-0.3830265430035826,-1.5002775455517414,1.5489314534091396,-1.8270506044626096,0.000836249482161465,1.0000000365349706,0.24356647042446544,1,-5.061284962581901,2.012404863812408,5.456283744174083,2.7634703176911453,0.007374984389714895,1.000000105016008,0.006191143312264377,0
5.180000000000001,-0.0037536189058553888,0.004731690630328744,-1.5081582640727453e-10,-0.4566056685836171,0.02557605774713746,0.46699703787547336,3.08276972665753,0.00014746963476020984,1.0000026865162446,18.003598617626604,1,-0.6107192690757929,0.380091042647109,0.7284752983470775,2.5896519486851286,-0.0018607404894919423,1.0000003956118289,2.6374121916392808,1,0.44310405575386175,0.8914309487139749,0.9929457327237783,1.1189800405635426,-0.0004803043534593947,1.0000000380716851,1.0331551754505874,1,-0.28337845762706954,-1.5132657336012507,1.539519072233225,-1.7622585195746814,0.00080184360752603,1.0000000370107311,0.24673820828279303,1,-5.081372320060043,1.9638999888850466,5.45729941227166,2.7730987935199387,0.007194210425381922,0.9999998009392219,0.006186991964400159,0
5.2,-0.0037536189055561242,0.004731690630086341,-1.5209865355039764e-10,-0.43264192764818815,-0.1357142933574748,0.46206604287163283,-2.8476290274129856,0.0001460100494717481,1.0000024124702733,17.087310722044162,1,-0.6750028318483059,0.24854916855702072,0.7289550247879338,2.7909739307710986,-0.0017942766084909168,1.0000003947056475,2.631370983305695,1,0.32692126656778375,0.9412086448636005,0.9949953634002348,1.2462123901375042,-0.0005334287580476717,1.0000000631997867,1.0314733408489563,1,-0.18246456648969098,-1.5197145613920524,1.5299865213107893,-1.6966637684028,0.0007636633074811062,1.000000037518571,0.2501238061118307,1,-5.100965041833629,1.915204119343221,5.458290008471785,2.782723740351169,0.007005300646345945,1.000000101407983,0.006182926626821856,0
5.220000000000001,-0.003753618904170404,0.0047316906298972145,-1.5338986439523972e-10,-0.33836410897039004,-0.2753462673698778,0.4426397574352477,-2.475366870650463,0.0001455984482279623,1.0000022559273014,16.370056153145715,1,-0.7114703323449405,0.10683251586293664,0.7292263575212373,2.9920879028203204,-0.001758574928601637,1.0000003938343742,2.6255624947900706,1,0.20565595639440098,0.9758898434736429,0.9971343128281358,1.3729094736546181,-0.0005730328862513674,1.0000003543867102,1.0292556678003535,1,-0.08070582818447469,-1.519472589126322,1.520373588274609,-1.630242591641163,0.0007225256137086684,1.0000000380579506,0.2537196710602099,1,-5.120061492652417,1.8663220923468373,5.459255446010822,2.7923452454228115,0.0068094760073311306,1.000000098135204,0.006178947408998915,0
5.24,-0.0037536189015955675,0.004731690629758833,-1.5467376706691793e-10,-0.18170743090316016,-0.36474684645781763,0.4103528979425018,-2.055898386859923,0.00014460728420441276,1.0000022637486723,15.97433632509285,1,-0.7186712942194968,-0.03929301652913996,0.7292785038893016,-3.090072979091558,-0.001737943260097424,1.0000003930327934,2.6202186228490927,1,0.08126973731377488,0.9950200614712965,0.9993279773193219,1.499056469905302,-0.0005937060960743807,1.000000063914399,1.0265443309412272,1,0.021456851979995202,-1.5124131744417422,1.5107219498089715,-1.5629739725250704,0.0006794241079161655,1.0000000386281387,0.2575209249986148,1,-5.138660080496349,1.8172587554196613,5.46019564376156,2.80196339600404,0.006608313128837687,0.999999801012345,0.006175054422017645,0
5.260000000000001,-0.003753618897487956,0.004731690629664413,-1.559320825673255e-10,0.01651838836655076,-0.3711204686604344,0.3694940887211624,-1.5522258667565518,0.0001427066181265737,1.000002424699653,16.085858063176683,1,-0.6963189158534039,-0.183894082153839,0.7291093472435037,-2.889016291468162,-0.0017165568377155013,1.0000003923328025,2.6155520158329213,1,-0.04425114341715472,0.9983993843701848,1.0015413406091305,1.6246476386847055,-0.00058991083905848,1.0000000352866487,1.0233891112983156,1,0.12356358996233101,-1.4984371321837884,1.501075079402541,-1.4948400434519433,0.0006357069322897941,1.0000000392281811,0.26152120717375804,1,-5.156759256564085,1.7680189661504517,5.461110527347184,2.811578279481582,0.0064042080248007255,1.0000001082085768,0.006171247782397733,0
5.28,-0.003753618892040951,0.004731690629595652,-1.5714475510783532e-10,0.20905196702208945,-0.2643586870513223,0.3298049376410551,-0.9216172128551069,0.00014315590471385533,1.000002692430201,16.955096147786943,1,-0.6452999574434766,-0.3210950559565093,0.7287255338589012,-2.687806676325119,-0.0016837565262290406,1.0000003917623055,2.6117487033773465,1,-0.16892850467773107,0.9860791563420821,1.0037395510999776,1.7496861211190944,-0.00055540071109106,1.0000003503836687,1.0198461590747345,1,0.22513683507041127,-1.477475482035912,1.4914781234842356,-1.4258265185391648,0.0005933009893396363,1.0000000398568705,0.26571246908429175,1,-5.174357515260432,1.718607591894325,5.46200003084594,2.8211899837458834,0.00620103054295944,1.0000000911004978,0.006167527612706512,0
5.3,-0.00375361888810516,0.0047316906295142395,-1.5830430087453162e-10,0.3140306387198506,-0.04997184700434764,0.3081610351839159,-0.15763804619821756,0.0001506089667245152,1.0000029917907811,18.613847752189674,1,-0.5676442432539112,-0.44530165694860746,0.7281422636167028,-2.4863290872172388,-0.0016420965366279897,1.0000003913442375,2.6089615837214284,1,-0.29082315153113225,0.9583546551833286,1.0058884636459067,1.8741835998857035,-0.0004864257547305357,1.000000091382817,1.015976710439078,1,0.32568306538658565,-1.4494922441360159,1.4819777446394575,-1.3559231464981099,0.0005539849889829453,1.0000000405127154,0.27008476931682407,1,-5.191453394184263,1.669029509474674,5.462864096344399,2.8307985982571613,0.0060029148810338984,0.9999998014023321,0.0061638940390086215,0
5.32,-0.003753618890195136,0.004731690629381729,-1.594427426459405e-10,0.2655355803309519,0.1875911071357815,0.31815370588055375,0.6366272171262983,0.00016114788870291098,1.0000031770483164,20.2866464142802,1,-0.46645410321944136,-0.5514168761381957,0.7273827783461069,-2.2844784476759146,-0.0016206301154714198,1.000000391095729,2.6073048599471447,1,-0.40806359940062864,0.9157542737433495,1.0079551376515028,1.9981598367831477,-0.00039276200112788913,1.0000000097675836,1.0118458030013882,1,0.4246949031048477,-1.414487232785031,1.4726219279420931,-1.2851241717803343,0.0005166990023622913,1.0000000411939105,0.2746260701663416,1,-5.208045474117406,1.619289604886254,5.4637026639233355,2.8404042148809037,0.005808019713085021,1.000000114839307,0.0061603471874514745,0
5.34,-0.003753618896639937,0.004731690629208003,-1.6061055220159548e-10,0.09617874197152912,0.3408152303446664,0.3530635628027804,1.3234042717730898,0.00016692377273115622,1.0000031444552586,21.02712189332344,1,-0.3457946168642706,-0.6350428107241947,0.7264775457679352,-2.0821637731329194,-0.0016526447691134032,1.0000003910274318,2.6068495444529156,1,-0.5188723154815873,0.8590257414124332,1.0099082983543495,2.1216421095918947,-0.00029178457079743163,1.0000003410792642,1.0075210260481098,1,0.5216536813264155,-1.3724987886168625,1.4634597330714427,-1.2134287945897675,0.0004789672963921571,1.0000000418983057,0.27932203821967516,1,-5.224132379014139,1.5693927729998396,5.464515661467083,2.8500069256542484,0.005610036061585795,1.0000000839230334,0.006156887182513883,0
5.36,-0.0037536189026566137,0.004731690629034274,-1.6182101990856734e-10,-0.10743933142565071,0.37581037227265374,0.39503967210988866,1.8719461023270647,0.00016909134650693226,1.000002974629366,20.81541678517421,1,-0.21054630280428652,-0.6926616344125821,0.7254631619268614,-1.8793119372378122,-0.0017435505306880568,1.0000003911430269,2.6076201783119743,1,-0.6215893055851973,0.7891199046409673,1.0117187584323848,2.2446645888919465,-0.0001895300169531178,1.0000001200039232,1.0030713293244105,1,0.6160324858337288,-1.3236063792665742,1.454540992891076,-1.1408416338648804,0.0004411919944467928,1.0000000426233795,0.28415586359254075,1,-5.239712775991534,1.5193439172682064,5.4653030158420615,2.8596068205366456,0.005408414527480698,0.9999998021085634,0.00615351414396343,0
5.38,-0.003753618906652356,0.004731690628887187,-1.6305731396180911e-10,-0.2838384869255263,0.3146952162519334,0.4314078321873733,2.3192932800170953,0.00016972594043252186,1.0000028087350408,20.05701944876929,1,-0.06622301661662522,-0.7217885747742777,0.724380993984374,-1.6758709117648747,-0.0018833794311575013,1.00000039143894,2.6095929333051493,1,-0.7146929725097807,0.7071725498224486,1.0133597802135177,2.367267670273139,-8.585263991883712e-05,0.9999999874870803,0.9985659052707789,1,0.7072996850255465,-1.267932988325724,1.4459159793916163,-1.0673731755071787,0.00040507352826643715,1.0000000433662162,0.28910810837507456,1,-5.254785375321655,1.4691479494336321,5.466064663695988,2.869203988655838,0.005206141011034095,1.000000121289665,0.006150228180945169,0
5.4,-0.0037536189088694712,0.0047316906287747625,-1.6429925887677388e-10,-0.4038437942794506,0.19100830609255706,0.45615292371042593,2.7062660214417082,0.0001685006796548822,1.0000027252785335,19.073061590406343,1,0.0812406816759689,-0.7210895983327844,0.7232755845396103,-1.4718123188949583,-0.0020574737959579746,1.000000391904295,2.612695299891463,1,-0.7968182498730377,0.6144847015255855,1.014807385213703,2.4894972642960407,1.8797758255751813e-05,1.000000326926134,0.9940731602535698,1,0.7949229480849518,-1.2056472039888284,1.4376350286156858,-0.9930401797446567,0.00037183648559617217,1.0000000441234889,0.29415659175047204,1,-5.269348930425975,1.4188097892381082,5.466800549892912,2.878798519640661,0.005005655579629226,1.000000076614181,0.006147029387577476,0
5.42,-0.0037536189097041733,0.004731690628696243,-1.655313826547794e-10,-0.45564864521745274,0.03499381695971609,0.4668401268766476,3.0637577518182604,0.00016621119996259202,1.000002715989745,18.057212927805796,1,0.22572658902246978,-0.6904567227109893,0.7221928654609893,-1.2671331404014683,-0.0022478899895806755,1.0000003925211363,2.616807574357888,1,-0.8667720718694502,0.5125017696968968,1.0160406193562226,2.611404060074016,0.0001230526717703835,1.0000001492995532,0.9896598200797236,1,0.8783737352964618,-1.1369649126103434,1.4297481177900273,-0.9178660340614627,0.00034208124453771337,1.0000000448914481,0.29927632098974305,1,-5.283402237871226,1.36833436413683,5.467510624028088,2.8883905039000375,0.004808368907640956,0.9999998031299178,0.006143917842194104,0
5.44,-0.0037536189093015405,0.004731690628647701,-1.6674187985205036e-10,-0.43558940306369986,-0.12671648771390126,0.4627132007643488,-2.86701775029789,0.00016435016391533544,1.0000027161375231,17.13300763838178,1,0.36118619244855055,-0.6310346768088314,0.7211782466264925,-1.0618564305015288,-0.002435351986231154,1.0000003932649486,2.621766324003796,1,-0.9235462770782064,0.402791855473097,1.017041773040627,2.733042776861189,0.00022572969208488585,0.9999999692211516,0.9853901650311357,1,0.9571322256265666,-1.0621504991266257,1.4223043998334295,-0.8418810365055556,0.0003158979044413792,1.0000000456659217,0.3044394775006455,1,-5.296944137364978,1.3177266090146398,5.468194838520052,2.8979800325335665,0.0046150172203406345,1.000000127549429,0.006140893609500262,0
5.46,-0.0037536189076370643,0.004731690628623309,-1.6792058195325144e-10,-0.3449985789782193,-0.26821534265412833,0.4440457711033771,-2.4964606392748814,0.0001632837843363323,1.000002660226161,16.402163560866068,1,0.4819000634804284,-0.5451941625702079,0.7202746580621865,-0.8560309062645547,-0.002602543147844614,1.0000003941054902,2.6273699347045567,1,-0.9663280660330128,0.287023464603658,1.0177965582324604,2.854471413295358,0.0003267465457455078,1.0000003084967184,0.981325332774945,1,1.0306926256428495,-0.981517457006832,1.415351702611571,-0.7651225915000374,0.0002929623335373409,1.0000000464423204,0.30961546951345015,1,-5.309973511750295,1.2669914659048591,5.468853147792592,2.9075671971873107,0.004425953450654344,1.0000000691855182,0.006137956744248674,0
5.48,-0.0037536189046419415,0.004731690628614386,-1.6905780464773756e-10,-0.1913574542395564,-0.36114091927338277,0.41237890683695294,-2.0804024923585187,0.00016210046707718006,1.0000025350445245,15.984981011461267,1,0.5827313462369041,-0.43644929445212155,0.7195206365595714,-0.649729338985952,-0.0027371637216021863,1.0000003950079344,2.6333862284545626,1,-0.9945081357587385,0.1669428224879083,1.018294247112878,2.9757504981194045,0.00042779921458299165,1.0000001787653843,0.9775227019959412,1,1.0985687810803852,-0.8954283157292152,1.4089360008468048,-0.6876353008384396,0.0002727567572086183,1.000000047215661,0.3147710732279682,1,-5.322489286999429,1.2161338837099784,5.469485508156961,2.9171520899156564,0.004241430304480018,0.9999998044647751,0.006135107295161275,0
5.5,-0.003753618900326087,0.004731690628607295,-1.7014435758737345e-10,0.005507387566193205,-0.37288498266911796,0.3717985286376012,-1.5824121756721954,0.00015985701821943782,1.000002404222822,16.062804221489223,1,0.6593602402709073,-0.309319838399626,0.7189485564148757,-0.4430457389942101,-0.0028330081796197615,1.0000003959342973,2.639561982681004,1,-1.0076866037343342,0.04435093494534268,1.0185277750939028,3.096942343238587,0.0005323466297900445,0.9999999556286837,0.9740353689759659,1,1.1602999890780277,-0.804293803833386,1.4031008687630275,-0.6094709342905903,0.0002549922771537304,1.0000000479806037,0.31987069148893493,1,-5.334490432206174,1.1651588179236527,5.470091878486924,2.9267348030964846,0.004062066951692485,1.0000001336086788,0.006132345308281246,0
5.5200000000000005,-0.003753618895209483,0.004731690628579842,-1.711737941060415e-10,0.20018211671658093,-0.2726703768671861,0.3316655137897306,-0.9595270428599262,0.0001578505337517592,1.0000023881590137,16.885512729272264,1,0.7084861832491783,-0.16914242836891136,0.7185831052116874,-0.23609141103109474,-0.0028883227183781387,1.0000003968451003,2.6456340016942366,1,-1.0056768135426757,-0.07891950146051083,1.0184938101215133,-3.0650750077295976,0.0006448731167133636,1.000000286443119,0.9709116998902169,1,1.2154568878444245,-0.7085711807892032,1.3978869224879085,-0.5306882661510646,0.00024001255879621826,1.0000000487315102,0.3248767345704722,1,-5.3459759595773235,1.1140712303537472,5.470672221842053,2.9363154295975895,0.003889472660071998,1.0000000616488136,0.0061296708293633855,0
5.54,-0.003753618891568351,0.004731690628497373,-1.721521057217873e-10,0.312190308698112,-0.06269216894410008,0.30857020553212616,-0.20123940600492096,0.00016018234590039514,1.000002576990287,18.51298268293725,1,0.7279853982952752,-0.02183865535371304,0.718440098461187,-0.028990048124451245,-0.002907546816199247,1.000000397701179,2.6513411939328027,1,-0.9885070867746852,-0.2010272644773173,1.0181927887400959,-2.9438672914554918,0.000768054710138171,1.0000002078607777,0.9681949408962972,1,1.2636472836400112,-0.608761692834119,1.3933312666566926,-0.4513527667821555,0.00022837849079837015,1.0000000494625132,0.3297500879263789,1,-5.356944924423778,1.0628760888464295,5.471226505843332,2.9458940636347943,0.003725222103879262,0.9999998061110185,0.006127083905302771,0
5.5600000000000005,-0.0037536188931403536,0.004731690628326524,-1.731165133120327e-10,0.2721413198103641,0.1767485218049477,0.3168203593939125,0.5955069804406753,0.000165465968203121,1.0000028934159073,20.215395500997804,1,0.7170136576693326,0.12634864173187205,0.7185257170393196,0.178127888858645,-0.002917161721271927,1.0000003984655208,2.6564368054707925,1,-0.9564204527269209,-0.3201457885634822,1.0176289133094716,-2.822556606634823,0.0008951020104140122,0.9999999472158262,0.9659228729113173,1,1.304521762175615,-0.5054071368965077,1.389466967358693,-0.3715361397253548,0.00021883721164173042,1.0000000501675965,0.3344506439002023,1,-5.367396425151067,1.0115783670113714,5.471754693957483,2.9554708017212374,0.0035653369624873907,1.0000001394578129,0.00612458458589306,0
5.58,-0.00375361889925838,0.004731690628073763,-1.741232276636709e-10,0.10710760402048301,0.3361771210338879,0.3508384719349266,1.2899513489129142,0.0001666899973398393,1.0000031552297515,21.01492465277132,1,0.67604740189224,0.2691368556912496,0.7188362229368602,0.3851311899105017,-0.0029533161978973488,1.0000003991050475,2.660700316062464,1,-0.9098723517085063,-0.434486311388882,1.0168101081971168,-2.7010809356454444,0.0010145398047083805,1.0000002614645256,0.9641275020421871,1,1.3377789225234382,-0.39908554915843153,1.3863225611016028,-0.2913156965841481,0.00020869984644749512,1.0000000508406865,0.3389379100587971,1,-5.377329603248625,0.9601830439480059,5.472256733567008,2.965045740687685,0.003401708408693134,1.000000054016007,0.0061221729277299445,0
5.6000000000000005,-0.003753618905727761,0.004731690627780057,-1.752000800296291e-10,-0.09658878485735967,0.37726140390554586,0.39283036088649775,1.8452473844262645,0.00016527351822286305,1.0000032698455235,20.844732593739142,1,0.6068604071692602,0.4004872772816956,0.7193581389476718,0.5918939536173169,-0.003022949725666868,1.0000003995922582,2.663948387449514,1,-0.849526272470846,-0.5423209236266957,1.0157479518500718,-2.579380214860539,0.0011228156340299476,1.0000002360080964,0.9628347756590973,1,1.3631700708128136,-0.2904060684188695,1.3839215992798872,-0.21077358648164118,0.00019703557229650568,1.0000000514757528,0.3431716850499232,1,-5.386743643277664,0.9086951039718872,5.472732565048398,2.974618974917623,0.003231816401963528,0.9999998080660378,0.006119848996908112,0
5.62,-0.003753618910432893,0.004731690627481057,-1.763428942799794e-10,-0.27543576401780456,0.3204871848094101,0.42970249457064363,2.2969438077622595,0.00016355443659118088,1.0000032159412802,20.106328007524894,1,0.5124376148402228,0.5148751850806798,0.7200688957604331,0.7983013331325925,-0.0031162733333377104,1.0000003999065035,2.6660433563888244,1,-0.7762472521948116,-0.6420054415158721,1.0144575784058145,-2.457397091353345,0.0012190590366491466,0.9999999443116304,0.962064313598208,1,1.3805032190521092,-0.18000305962512872,1.3822822609843404,-0.12999590501955144,0.00018402769022468385,1.0000000520669188,0.3471127925400489,1,-5.395637772858705,0.8571195363405301,5.473182134516063,2.9841905970874505,0.0030567344030955138,1.000000145087561,0.006117612867036277,0
5.640000000000001,-0.0037536189131509735,0.004731690627196175,-1.775371788600641e-10,-0.398904451838472,0.19937274013119222,0.4551605016538877,2.6863108725111933,0.00016152040963483106,1.0000030097809405,19.128697018159233,1,0.39683194493482843,0.6075317860728087,0.7209379222916468,1.0042546357188995,-0.003219434329957602,1.0000004000349074,2.6668993831415415,1,-0.6910931409239273,-0.7320019900748077,1.0129575322176756,-2.3350776774933286,0.0013002140568417653,1.0000002342797876,0.9618291516868378,1,1.3896462502825884,-0.0685296158750839,1.3814170554550897,-0.049071692214185766,0.00016972999953505862,1.0000000526085777,0.35072385179541626,1,-5.40401126266025,0.8054613349793813,5.4736053942838,2.9937606994674333,0.002877264237175111,1.0000000462991903,0.006115464615839017,0
5.66,-0.0037536189142265,0.004731690626934066,-1.7876879707459659e-10,-0.45455185052960756,0.04440615715970434,0.4666384743804609,3.0447389344076563,0.00015883423548253053,1.000002715869345,18.110996031768668,1,0.2649734350215512,0.6746458587934544,0.7219280959701128,1.209675512186941,-0.00331619186167024,1.0000003999728733,2.6664858212929676,1,-0.5953035141699171,-0.8109011425153255,1.011269576747014,-2.2123723076269095,0.0013620849012243486,1.000000262597985,0.962135499535858,1,1.3905291363714236,0.043349413612338676,1.3813326153739114,0.03190815802064176,0.0001539822911494167,1.0000000530955073,0.3539700491389864,1,-5.411863426388872,0.7537254982085971,5.474002300395137,3.0033293742371034,0.002693587872516863,0.9999998103267341,0.006113404322963977,0
5.680000000000001,-0.0037536189140299275,0.004731690626698183,-1.8002617853483255e-10,-0.43839706773730697,-0.11765027590470929,0.46331500585996455,-2.8863431261269565,0.00015571743860845995,1.0000024352963277,17.179189104496718,1,0.12244254845341757,0.7135162283913894,0.722997459352461,1.4145090505009392,-0.0033898103356537947,1.0000003997241462,2.664827641655995,1,-0.49028611056745086,-0.8774434099825322,1.00941845895403,-2.089236289917396,0.0014008574248296755,0.9999999470518176,0.9629825166095892,1,1.3831451269157857,0.15496469855182907,1.3820295859950567,0.11285204396228986,0.00013657416983120223,1.0000000535229816,0.3568198772346101,1,-5.419193620779817,0.7019170284706576,5.474372811520638,3.01289671340735,0.002505698079743448,1.0000001504890028,0.0061114320689542685,0
5.7,-0.0037536189127570386,0.0047316906264900935,-1.8129946057886953e-10,-0.3515096489321674,-0.2609337178071735,0.44540978367451123,-2.5174063470335244,0.00015237046021117397,1.0000022652709442,16.43513143107661,1,-0.024779213965392705,0.7226498827804544,0.7241011034670852,1.6187256756261739,-0.0034264667524478705,1.0000003993004594,2.6620030627928113,1,-0.37760067865493385,-0.9305398172774655,1.007431627143923,-1.9656306434296151,0.0014137427056931814,1.0000002056020512,0.9643621134146089,1,1.3675508648971193,0.2656498192993384,1.3835026149378153,0.19366882322638368,0.00011737113948116346,1.0000000538868716,0.35924581153216334,1,-5.426001245588072,0.6500409320586145,5.474716888960217,3.022462808694948,0.0023137194251228108,1.0000000385105885,0.006109547934532071,0
5.720000000000001,-0.0037536189103251783,0.00473169062631044,-1.8257820960394106e-10,-0.2009348446435992,-0.3572863418534029,0.4143742473561993,-2.1046438291613634,0.00014887575848611934,1.0000022575191807,15.997050183896615,1,-0.17056816442057374,0.7018041700335129,0.7251931175155004,1.8223218442763878,-0.0034184665598332334,1.0000003987208093,2.658138728319076,1,-0.25894014084217765,-0.9692912379689541,1.0053389004495803,-1.8415228085181141,0.0013997408586247932,1.000000286996946,0.9662587855628317,1,1.3438654247691546,0.37474858286052803,1.3857404434659883,0.27426896612686535,9.642045648973124e-05,1.0000000541837344,0.36122489585177864,1,-5.432285743580304,0.598102218844702,5.475034497331406,3.0320277514246556,0.0021181815648114357,0.9999998128895243,0.006107751999214152,0
5.74,-0.0037536189064059705,0.004731690626156988,-1.8384880217606897e-10,-0.00555747550852279,-0.3742999642356459,0.37410034067692954,-1.6121930382214733,0.00014648200060299787,1.000002404871662,16.0419921324366,1,-0.30891440868234415,0.6519747201639404,0.7262285112657281,2.0253195966931385,-0.0033652174380652995,1.000000398010435,2.6534029006680964,1,-0.13610902550952705,-0.9930061002078419,1.0031720896584915,-1.7168873162180551,0.0013606915671514213,0.9999999553680654,0.968649490640453,1,1.3122683089936917,0.481622074695535,1.3887260957369214,0.35456566129759165,7.408156148582331e-05,1.000000054410882,0.36273921328378517,1,-5.438046600527867,0.5461059020090816,5.475325605996757,3.0415916324991,0.001920416477445824,1.000000155653579,0.006106044338605018,0
5.760000000000001,-0.003753618901052896,0.004731690626017751,-1.8509435753847822e-10,0.19101149524252725,-0.2806184779045959,0.3335771234937741,-0.9969707452792252,0.00014767419570112085,1.0000026627989695,16.81855954047988,1,-0.43416423868066295,0.5753332592141003,0.7271650286779371,2.2277650825659565,-0.00327085355559056,1.000000397199581,2.6479972062220885,1,-0.010999181617379318,-1.0012160163094783,1.0009645703474315,-1.5917064007630959,0.001303063755635015,1.0000001761138695,0.9715036136179466,1,1.2729964769892828,0.585655271152693,1.392437158335352,0.4344758419454939,5.111447563100121e-05,1.0000000545664336,0.3637762243334641,1,-5.443283345201609,0.49405699776883943,5.475590191486322,3.051154542612059,0.0017230305225354227,1.000000030662541,0.006104425020308235,0
5.78,-0.0037536188967240538,0.0047316906258614965,-1.8630687867015466e-10,0.3098095316382586,-0.07529580404569952,0.30908205343735096,-0.2446852904134804,0.00015510475625196587,1.000002961841433,18.412376675938727,1,-0.5412402142736313,0.4751212260403621,0.7279647855446306,2.4297262123388137,-0.0031438789134013833,1.0000003963221207,2.6421474711636654,1,0.11443712707023831,-0.9936888398078627,0.9987508097080763,-1.4659705349814502,0.0012353555010602172,1.0000003085558027,0.9747830603834771,1,1.2263405136021632,0.686263059095875,1.3968461396756413,0.5139211039947287,2.808548229044031e-05,1.0000000546493442,0.3643289609575608,1,-5.447995549369427,0.44196052510770556,5.4758282392266935,3.06071657317435,0.001528811049008897,0.9999998157503468,0.006102894099079265,0
5.800000000000001,-0.003753618898118299,0.004731690625652637,-1.8751478831052076e-10,0.27829886971114104,0.16566314115682218,0.3155706365413043,0.5540522748011394,0.0001656520509402038,1.0000031647241192,20.1409151451093,1,-0.6258322821779871,0.35550609105957126,0.728595678446716,2.6312895945500396,-0.003009385960494223,1.0000003954141217,2.636094144899557,1,0.23821654997001226,-0.9704386243521034,0.9965658509428597,-1.339678858087563,0.0011555870353147158,0.9999999689829879,0.9784424231113122,1,1.1726400706532336,0.7828955377366489,1.4019209024982096,0.5928284928128242,3.676647172027541e-06,1.0000000546594106,0.36439607076109015,1,-5.452182827796268,0.3898215055072603,5.476039736606735,3.070277817640986,0.0013355636359400611,1.000000160573105,0.00610145161335673,0
5.82,-0.003753618904382782,0.004731690625400425,-1.887696962177103e-10,0.11786681167444597,0.3311915216181863,0.34863756892957143,1.2560616294775042,0.00017090649885176894,1.000003153555373,20.99944866842848,1,-0.6845551868654354,0.22140763924746815,0.7290325366954611,2.8325569127198285,-0.0028996628251118464,1.0000003945124094,2.6300827296244385,1,0.3583560806062666,-0.9317319523410363,0.9944447528112207,-1.2128394713507782,0.0010547105582529854,1.0000001464445554,0.9824292679830565,1,1.1122787337526128,0.8750425105971734,1.4076251619105977,0.6711311520005014,-2.397859757745393e-05,1.000000054597257,0.3639817126597936,1,-5.45584483824547,0.33764496268042327,5.476224659711258,3.0798383701603154,0.0011374948786303629,1.0000000227674817,0.006100097586577292,0
5.84,-0.0037536189105973035,0.004731690625150598,-1.9008849339420889e-10,-0.0857221581512473,0.3784377765961892,0.39060455501216923,1.8182313102104657,0.00017151753719857395,1.0000029923860765,20.87208773827207,1,-0.7150690209783399,0.07830140158615317,0.7292580072840256,3.033640906706669,-0.0028181900329616806,1.0000003936531794,2.624354529658697,1,0.47290614033539513,-0.8780901186883848,0.9924219922600743,-1.0854695984004663,0.0009361831962129199,1.0000003266213024,0.9866846107583515,1,1.0456784762270783,0.962237109937172,1.4139190141028932,0.7487688311698596,-5.432250860152671e-05,1.0000000544642986,0.3630953244981746,1,-5.45898128147981,0.2854359223068991,5.476382979473609,3.0893983226991817,0.0009344227028000509,0.999999818904668,0.0060988320317022105,0
5.86,-0.003753618914831811,0.004731690624937028,-1.914537959592233e-10,-0.2669332293162783,0.32610603475961325,0.4279616092575685,2.274403443420841,0.00017152407287866688,1.0000028232598346,20.15468437073631,1,-0.7161609821206188,-0.06799389956301381,0.7292631507831898,-3.0485242048023675,-0.0027472742505685187,1.000000392870692,2.6191379469476788,1,0.579984731254792,-0.8102867082606126,0.990530858578027,-0.957595584432,0.0008103864644152056,0.9999999874146531,0.9911435801898314,1,0.9732938625596559,1.0440585307542418,1.4207594751457224,0.8256882348794514,-8.583079094399993e-05,1.000000054262691,0.361751272915494,1,-5.46159190126147,0.2331994117696571,5.476514675159756,3.09895776551025,0.0007295685229805537,1.0000001652397859,0.006097654954612289,0
5.88,-0.0037536189172384738,0.0047316906247734875,-1.928419060450836e-10,-0.39383322918883407,0.2076526689175668,0.4541250378605881,2.666260132450871,0.00017166038627722596,1.000002732485459,19.18399611230705,1,-0.6877872685673077,-0.2115384018916936,0.7290477403938469,-2.847445919930791,-0.0026676341045397626,1.0000003921960732,2.6146404871388205,1,0.677811944863637,-0.7293401967960041,0.9888028455986345,-0.8292527007429024,0.0006860875254551643,1.0000001171551087,0.9957362706598467,1,0.8956061582462045,1.120133884571371,1.4281010339456184,0.9018432172251571,-0.00011732164171140664,1.0000000539952594,0.3599683962415277,1,-5.463676484351489,0.18094045989227106,5.476619735846884,3.108516788600394,0.0005256199967777869,1.0000000148379184,0.006096566357582519,0
5.9,-0.003753618918214477,0.004731690624663298,-1.9423269237558646e-10,-0.4533144203704102,0.0538104003077993,0.46639194528009587,3.0256991484856592,0.000171018198165366,1.0000027188815679,18.164841601597665,1,-0.6310746411343925,-0.34649645123125167,0.7286202695013188,-2.646189777850403,-0.00256737579621744,1.0000003916562374,2.6110415835923226,1,0.7647439984042916,-0.6365013333071599,0.9872670489500819,-0.7004847448958522,0.0005695691223359705,1.0000003405561082,1.0003887882476883,1,0.8131174904340822,1.1901392110095377,1.4358962055949214,0.9771948386239,-0.000147929821795172,1.0000000536654208,0.357769472362439,1,-5.465234860508333,0.12866409667695078,5.476698157716798,3.1180754822699024,0.0003243736866964596,0.9999998223474892,0.0060955662438644575,0
5.92,-0.0037536189179378475,0.004731690624605286,-1.9560921101207523e-10,-0.4410689869973089,-0.10851877588909194,0.46387355953258963,-2.9056205059381894,0.00016898795816842833,1.0000027206891753,17.225753752321534,1,-0.5482816256411066,-0.467359156205979,0.7279976679910676,-2.444642568568505,-0.0024460761061715136,1.0000003912729476,2.6084863174052138,1,0.8393058830693525,-0.5332352245527756,0.9859495860352903,-0.5713434333448909,0.0004649798406159671,1.0000000099965836,1.005024484927523,1,0.7263451856061576,1.2537997083181411,1.444096068466694,1.0517112983749632,-0.00017692078275398777,1.0000000532770954,0.35518063546543255,1,-5.466266902484906,0.07637535304261094,5.476749942261386,3.127633937180997,0.000127128730827746,1.0000001696462268,0.00609465462192288,0
5.94,-0.003753618916398071,0.004731690624595308,-1.9695582055944262e-10,-0.3579062508639037,-0.25350668581536956,0.44673596711964664,-2.538226017364371,0.00016583465893680964,1.0000026702059464,16.468838394650508,1,-0.44271977316068206,-0.5691579580869099,0.7272047265199982,-2.2427019331352183,-0.002315351775053623,1.0000003910620154,2.6070801033362017,1,0.9002216580147554,-0.4211982329582419,0.9848730572849519,-0.441887587943337,0.0003750026902755052,1.000000088737502,1.0095653625847583,1,0.6358163898261182,1.3108892618051906,1.4526507741215406,1.1253677582172668,-0.00020358200737794594,1.0000000528346145,0.3522307636503868,1,-5.466772526024332,0.02407926056230347,5.4767750954817425,3.1371922443225073,-6.504412545605988e-05,1.0000000068864148,0.006093831507816012,0
5.96,-0.003753618913518466,0.004731690624625246,-1.982571278811619e-10,-0.2104522051316954,-0.3531929206770852,0.4163442018592835,-2.1286574299128356,0.00016407179637004874,1.000002548182853,16.010370791928533,1,-0.31863597783087105,-0.6476627410738225,0.7262732328652354,-2.040280395153878,-0.0021962186078561363,1.0000003910326574,2.6068843822613994,1,0.9464414206257659,-0.3022100087078593,0.9840560661612088,-0.3121821263141101,0.00030139751768908655,1.0000003497732262,1.0139336156805083,1,0.5420630547996763,1.3612293609347028,1.4615100222883572,1.1981460743594539,-0.00022712950241670735,1.000000052342629,0.3489508592334837,1,-5.4667516898555215,-0.028219148800437913,5.476773627722837,-3.1364348122196812,-0.0002510777656824089,0.9999998260733547,0.006093096925054795,0
5.98,-0.003753618909298327,0.0047316906246810805,-1.994981575499221e-10,-0.016688371160014627,-0.3753813960399767,0.3764037867046546,-1.6416213005080063,0.00016713439961762612,1.000002411529673,16.02316828356344,1,-0.18105770160834364,-0.6995576301979921,0.7252408344370083,-1.8373090018893194,-0.002106363261211036,1.0000003911870228,2.607913485675041,1,0.9771640330684411,-0.17822119144590512,0.9835128141146249,-0.1822968757529615,0.000245224897916885,1.0000000359188925,1.0180532695715145,1,0.4456173505809689,1.4046875021599232,1.4706234951845178,1.2700344564062986,-0.00024655381559822274,1.0000000518060161,0.3453734413782484,1,-5.466204395689104,-0.08051484295644332,5.476745554223839,-3.1268765265726293,-0.0004295694519733447,1.0000001737854451,0.006092450902108648,0
6.0,-0.003753618904160395,0.004731690624739502,-2.0066644594346657e-10,0.18153423265160476,-0.2882204050230698,0.3355402455762343,-1.03401007697865,0.00017237396530415147,1.0000023778907694,16.753968961832438,1,-0.03560415473060338,-0.7225872843335102,0.7241496412568104,-1.6337404384571501,-0.0020421399552056907,1.0000003915200002,2.6101333352411706,1,0.9918547896171498,-0.051277521679211055,0.9832527844534555,-0.05230524006283413,0.00020788598638669072,1.0000000616333424,1.021851861731122,1,0.34700754439989123,1.441175175980923,1.479941246760855,1.3410270713860168,-0.00026044537029366627,1.000000051229795,0.3415319676366951,1,-5.465130688214809,-0.13280278995671138,5.476690896778957,-3.1173181140048105,-0.0005984030974817176,0.9999999989255679,0.006091893468277516,0
6.0200000000000005,-0.0037536189001079437,0.0047316906247635215,-2.017607739679319e-10,0.30688207287054897,-0.08779238703427848,0.3096941573888426,-0.2880206364757295,0.00017917943892995536,1.000002547003294,18.311950591072286,1,0.11173195607489414,-0.7156663859554967,0.7230445882767124,-1.429551437428829,-0.0019920338679057644,1.00000039201925,2.613461666261987,1,0.9902573659295486,0.076518719199746,0.9832805271020609,0.07771724185601867,0.00018994044071229005,1.000000353787062,1.0252621040859415,1,0.24675436570476672,1.4706455340535929,1.4894140429033296,1.411123609036738,-0.000267602523829309,1.0000000506190447,0.3374602976684002,1,-5.46353065510119,-0.18507795825871537,5.47660968537299,-3.1077594813952087,-0.0007558850805795618,0.9999998300763607,0.006091424648860794,0
6.04,-0.0037536189009521014,0.004731690624713092,-2.0281029468132393e-10,0.28399363242334386,0.15432130808974218,0.3144026197070871,0.5122243017060284,0.00018815920564816703,1.0000028613581757,20.063179501294204,1,0.25482559752377903,-0.6789453729077692,0.7219716228843004,-1.2247442941741884,-0.0019618341170088744,1.0000003926654413,2.6177696083192656,1,0.9723995931252298,0.20304888339405766,0.9835955581898913,0.20769440204262288,0.0001834658299263946,1.0000000642900455,1.0282234430222907,1,0.14536786068091462,1.4930908263284244,1.4989936532209778,1.4803288195842343,-0.00026952674192344875,1.0000000499788313,0.33319220890857765,1,-5.461404426997586,-0.23733531699250712,5.476501952044016,-3.0982005329677285,-0.0009056205803200962,1.0000001776508827,0.006091044461345426,0
6.0600000000000005,-0.0037536189067190685,0.004731690624583567,-2.0386846366887007e-10,0.12844698317630626,0.3258370201499455,0.3464586831037574,1.2216958120784045,0.00019318592708095485,1.000003136840876,20.98066806747972,1,0.3876749007128466,-0.6138263916023968,0.7209757841994857,-1.0193473506171504,-0.0019678611503691785,1.0000003934328234,2.6228854889625506,1,0.9385928333494685,0.32621860239804007,0.984192382076638,0.33755097654609617,0.00017460587670716,1.0000000362690307,1.0306834705279269,1,0.0433447255064334,1.508539690133494,1.5086331088489868,1.5486520385183822,-0.0002695423803970511,1.0000000493141454,0.3287609694129653,1,-5.458752177537656,-0.2895698362258746,5.476367715926504,-3.088641171213195,-0.0010548880487437368,0.9999999909679911,0.006090752915642622,0
6.08,-0.0037536189132388606,0.004731690624407838,-2.0496565957071194e-10,-0.07484167281966868,0.37931937383913594,0.38836010424055806,1.7908668726306738,0.0001939156251590733,1.0000032681998,20.897529248130926,1,0.5046603675051258,-0.5229251376250383,0.7200992453169207,-0.8134143543963568,-0.002001451932388433,1.000000394290125,2.6286008334344366,1,0.8894249785428624,0.4439977343263258,0.9850606144322921,0.46721411668965673,0.00015861385075952015,1.0000003522743282,1.0325991942281585,1,-0.05883390340354027,1.5170543637655363,1.5182869245115673,1.6161067238644122,-0.0002681208988280292,1.0000000486298455,0.32419896934238207,1,-5.4555741233429655,-0.34177648722877546,5.4762069855972495,-3.079081300024812,-0.0012054792719248056,0.9999998343501646,0.006090550017094782,0
6.1000000000000005,-0.0037536189181035903,0.004731690624216429,-2.060997333084083e-10,-0.2583302711120726,0.33153542792332463,0.42618373686547917,2.25164799618565,0.00019341638092395595,1.0000032300051134,20.20218143959831,1,0.6007955332143692,-0.40997673383878375,0.7193794243366499,-0.6070226250684199,-0.0020405844710695165,1.000000395201759,2.634678393768792,1,0.8257473430435904,0.5544584843953042,0.9861852035697478,0.5966148160702802,0.0001359879714857516,1.0000000942090246,1.0339379899382988,1,-0.16070423191487496,1.518727886833004,1.5279112656104676,1.6827100088230087,-0.00026418518388519625,1.0000000479306124,0.3195374156315452,1,-5.45187052402614,-0.39395024273806706,5.4760197724951665,-3.0695208248108354,-0.0013560974168103203,1.000000181236414,0.006090435767044289,0
6.12,-0.003753618920969495,0.004731690624023453,-2.0725772194394448e-10,-0.388629187876874,0.21583452025148697,0.453045818448476,2.6460926487415826,0.00019262780349485505,1.0000030354553942,19.239062201513494,1,0.6719558634353913,-0.2796869685619967,0.7188472621829273,-0.40027001644360516,-0.0020696581844692344,1.0000003961292996,2.64086199779174,1,0.7486559524723392,0.6558106639727863,0.9875467601781848,0.7256892149785298,0.00010655423443627074,1.0000000130948838,1.0346782560217316,1,-0.2618211988930924,1.5136813387549926,1.5374640735098102,1.7484822661442476,-0.00025716410307621363,1.0000000472209136,0.31480609134119414,1,-5.447641682194777,-0.44608607722274035,5.475806093409786,-3.059959651181288,-0.0015063041481308292,0.9999999830262922,0.006090410161726989,0
6.140000000000001,-0.0037536189221620904,0.004731690623831737,-2.0842802917614422e-10,-0.45193592347353906,0.06319424442554107,0.4661002080682655,3.0066177329830146,0.000191468620024758,1.0000027452933524,18.21884329820647,1,0.7150726902112945,-0.13753383643837763,0.7185257615165448,-0.1932707708998081,-0.0020824729484418404,1.0000003970331757,2.646887838019964,1,0.6594679208710383,0.746433199818185,0.9891219783876908,0.854379753524566,6.954775834857207e-05,1.0000003451291477,1.034809776433426,1,-0.3617595142823627,1.5020611570488756,1.5469051615421672,1.8134466945107293,-0.0002470634311848441,1.0000000465049754,0.31003317006240344,1,-5.442887943456566,-0.4981789671492385,5.47556596785867,-3.0503976844637015,-0.0016566886158429419,0.9999998388879945,0.006090473192125917,0
6.16,-0.003753618922067686,0.00473169062363911,-2.09603102452674e-10,-0.44360512178030787,-0.09933438181668428,0.464388429010924,-2.9248716038286267,0.0001903560537504122,1.000002459000063,17.272774299726006,1,0.7282802034015985,0.010471979273414811,0.7184288788057273,0.013849547545693232,-0.0020798035109673976,1.0000003978744958,2.6524966383887194,1,0.5596937556151558,0.8249011915023993,0.9908841286727494,0.9826361454772817,2.410443213511271e-05,1.000000124830288,1.034333767035861,1,-0.4601143850144083,1.4840365681417567,1.5561962836473706,1.8776289337279735,-0.00023419062403052921,1.0000000457867622,0.3052450807847088,1,-5.437609696424578,-0.5502238912465945,5.475299416132754,-3.0408348297474,-0.0018083111583668946,1.0000001845363586,0.006090624845280254,0
6.180000000000001,-0.0037536189209073996,0.004731690623442293,-2.1077851334976028e-10,-0.36418768122975576,-0.24594785820662077,0.4480230605979997,-2.558943296089901,0.00019011265871954618,1.0000022759610359,16.50332867842558,1,0.7110059384603508,0.15805572445818436,0.7185608433398434,0.22095977693518576,-0.0020656993404137374,1.0000003986168986,2.6574459906731938,1,0.45100652425434157,0.890008022840893,0.9928036058126264,1.110416153571625,-3.009169907766504e-05,0.9999999926106276,1.033262615117774,1,-0.5565019690079565,1.4597971548151785,1.5653011778344197,1.9410567109780414,-0.00021897983550102576,1.000000045069963,0.30046642117870076,1,-5.431807372722348,-0.6022158307714479,5.475006458459942,-3.031270992069357,-0.0019623098092630413,0.9999999751130543,0.006090865106675325,0
6.2,-0.0037536189186324885,0.004731690623238329,-2.119506213333483e-10,-0.21990553035810412,-0.34887584759813206,0.41828545929426914,-2.1524680626578077,0.00019102497556428493,1.0000022526928407,16.024960639451734,1,0.6639986788408629,0.2989618442295167,0.7189159496537947,0.42792921227679703,-0.002042975674441753,1.000000399228311,2.661522074091132,1,0.3352088564498023,0.9407822478459433,0.9948485149234237,1.2376861574582705,-9.229607831362391e-05,1.0000003324945685,1.0316193388693742,1,-0.6505595964004888,1.4295505768482264,1.5741855877697901,2.003759519053815,-0.00020185207889432302,1.000000044357987,0.2957199137981431,1,-5.425481446988514,-0.654149769773238,5.474687114985175,-3.021706076630305,-0.0021195691595980518,0.9999998436826606,0.006091193962989691,0
6.220000000000001,-0.0037536189149288725,0.004731690623023265,-2.131135972988779e-10,-0.027873278596398467,-0.3761433896092558,0.3787020154657247,-1.6707158288527137,0.00019272698521295668,1.0000023862862841,16.006368485478557,1,0.5892918718133332,0.42723616424860617,0.7194788377217681,0.634633633776628,-0.0020082013779922597,1.0000003996824969,2.6645499786212414,1,0.21419874118326812,0.9764991785799535,0.9969852786382141,1.3644215148683885,-0.00016043318484005906,1.0000001554047075,1.0294368046835978,1,-0.7419457951518339,1.393520455109055,1.58281726600852,2.065768326855869,-0.00018301349493738257,1.0000000436539598,0.29102639896857896,1,-5.418632436880464,-0.7060206953599647,5.474341406643883,-3.01213998900016,-0.0022803026472067874,1.0000001875454878,0.006091611404248386,0
6.24,-0.003753618909735539,0.004731690622785972,-2.1425834609116456e-10,0.17177221613820806,-0.2954783740730898,0.3375446121720731,-1.0706355269007652,0.00019601182306203758,1.0000026340430401,16.69195674770604,1,0.49010506168611095,0.5374913416342205,0.7202252414309845,0.8409609529005979,-0.0019473884198603379,1.0000003999602924,2.666401949372096,1,0.08993502113006194,0.9966872885131163,0.9991792489157815,1.4906067246714843,-0.00023035079127490312,0.999999975363783,1.0267567483797375,1,-0.8303401555346589,1.351944424066261,1.591165961855824,2.1271153220549213,-0.00016214817911529487,1.0000000429607288,0.2864048585336652,1,-5.411260903077465,-0.7578235979649575,5.473969357403606,-3.0025726351708313,-0.0024436517127932153,0.999999967240815,0.006092117424561883,0
6.260000000000001,-0.003753618905143709,0.004731690622498307,-2.1538246880448142e-10,0.3034210048263474,-0.10016142505499605,0.31039825217278977,-0.33118207942577543,0.00020407111028865525,1.0000029312245862,18.212309503954327,1,0.370689952544068,0.6251414205071155,0.7211231539609495,1.0468161561770866,-0.0018390045036869242,1.0000004000504568,2.6670030454378986,1,-0.035596607721689766,1.0011297012042664,1.0013953070307928,1.616235406090245,-0.00029795230554387507,1.0000003147602254,1.0236286517863122,1,-0.9154430650502837,1.3050723533648003,1.5992033946342619,2.187833685233255,-0.00013858189269567607,1.0000000422808697,0.28187246506346125,1,-5.403367449284051,-0.8095534716149421,5.473570997225257,-2.9930039209635075,-0.002608828508086782,0.9999998487265663,0.006092712021081598,0
6.28,-0.0037536189059081504,0.004731690622125412,-2.165172215779984e-10,0.28921053338338293,0.14274204036408752,0.3133154672379773,0.470102293054633,0.0002161737927848604,1.000003149919522,19.982850894594648,1,0.23613105855046568,0.6865939565285243,0.7221343353989107,1.2521252880545686,-0.0016735554824183385,1.0000003999500906,2.6663339375350428,1,-0.16041640136425764,0.9898611549415991,1.0035984382453842,1.741310108469331,-0.00037005218639972085,1.0000001852900577,1.0201085284228946,1,-0.9969753421681218,1.25316473565167,1.6069032110429122,2.247957390952847,-0.00011350739103803332,1.0000000416166976,0.2774446516244963,1,-5.39495272223401,-0.8612053141992212,5.473146358434914,-2.9834337505607254,-0.0027798833896461135,1.0000001902590339,0.006093395192052712,0
6.300000000000001,-0.003753618912015744,0.004731690621674403,-2.177215293903273e-10,0.1388248228805203,0.3201122834302245,0.34430501334902636,1.186915541744156,0.00022544821921425455,1.0000031607326803,20.95906319133661,1,0.09211315939962275,0.7193915738840648,0.7232160773282782,1.4568383062387185,-0.0014506994765767116,1.0000003996646212,2.6644308074637495,1,-0.2825816198170698,0.9631609171721642,1.0057542812189912,1.8658419715839418,-0.00046368550342189947,0.9999999619198121,1.0162576676448578,1,-1.0746777941461572,1.1964912351437342,1.6142409385302223,2.307521028220379,-9.057611258077265e-05,1.0000000409702796,0.27313519732290187,1,-5.386017411695047,-0.9127741277394551,5.472695461296113,-2.9738620269630536,-0.0029638533143488436,0.9999999594220478,0.006094166937085827,0
6.32,-0.003753618918522971,0.00473169062119504,-2.1902330827900524e-10,-0.06396445547339248,0.3798924322551784,0.386101587271308,1.7632039162887918,0.0002279566518606168,1.000003009653436,20.921444312149397,1,-0.05533118376409798,0.7222985292725354,0.7243231203908979,1.6609307479601074,-0.0011443011031527677,1.000000399207364,2.661382426814418,1,-0.4002154026455937,0.9215421695108739,1.007829647017926,1.9898502782723897,-0.0005851201439464666,1.0000002925291005,1.0121413698403285,1,-1.1483107212151618,1.1353293894657948,1.6211939504380009,2.3665596491083294,-7.142704482615981e-05,1.0000000403434484,0.2689563231296309,1,-5.376562250473131,-0.964254918660048,5.472218314059091,-2.9642886551903795,-0.0031613427354680334,0.9999998540117203,0.006095027259681117,0
6.340000000000001,-0.0037536189231300275,0.004731690620729999,-2.2041227556220816e-10,-0.24963560948940514,0.33675736826656444,0.42437423737526947,2.2287181611343057,0.000222824845153083,1.0000028381815937,20.249143010568368,1,-0.20008091997646862,0.6953314362460578,0.7254096195809054,1.8644041913005083,-0.0007275983292160698,1.0000003985986952,2.6573246337992895,1,-0.5115331741573094,0.8657383987847163,1.0097929840564723,2.113361922789422,-0.0007307204809315665,1.0000002139373096,1.007827675496231,1,-1.217653386618397,1.0699634559813433,1.6277414231335583,2.4251086505272337,-5.552071381143806e-05,1.000000039737819,0.2649187929943964,1,-5.366588014415867,-1.0156426980602011,5.471714927363092,-2.9547135428544697,-0.003369270338876223,1.000000192672698,0.0060959761667244775,0
6.36,-0.0037536189258692964,0.004731690620302033,-2.2186821000205748e-10,-0.3832934977156228,0.22390100653938783,0.4519284271852768,2.6258395767756317,0.00021580416207466033,1.0000027402138154,19.294159063707696,1,-0.3361805449625467,0.6397363752833014,0.7264310616052776,2.067285549158231,-0.00021750779774818557,1.000000397864991,2.6524332726330337,1,-0.6148664014577044,0.7966873165478893,1.0116147929629096,2.2364108015759094,-0.0008932519431645448,0.999999952814268,1.003386062612598,1,-1.2825034693066517,1.0006833929705337,1.633864280751355,2.483203674829978,-4.205602137276053e-05,1.0000000391548025,0.26103201696481654,1,-5.356095522416739,-1.066932481988284,5.471185319124025,-2.945136598853973,-0.0035851344925650294,0.9999999516691412,0.0060970136646695434,0
6.38,-0.0037536189271440276,0.0047316906199230185,-2.2337271442240958e-10,-0.45041172246574923,0.07254397802538005,0.46576822957258807,2.987516369517988,0.00021044247068140672,1.0000027219102579,18.273211611865133,1,-0.45807855191357016,0.5579169741698519,0.727346029783547,2.2696253479227253,0.0003268780178906229,1.000000397037326,2.646915505946958,1,-0.7086836288696678,0.7155127946793639,1.0132680038201671,2.359037148676056,-0.0010593926102696685,1.0000002665657846,0.9988860372558843,1,-1.3426765135554732,0.9277839654847705,1.6395451407585429,2.5408805254252833,-3.0323717431572857e-05,1.0000000385956231,0.25730415461916784,1,-5.345085636421306,-1.1181192917182798,5.470629513244903,-2.935557732708084,-0.0038071819475651875,0.9999998595297492,0.0060981397551376,0
6.4,-0.0037536189271568693,0.0047316906196003565,-2.2490929431351336e-10,-0.4459968915509209,-0.09010602656486118,0.4648630125906044,-2.9440830480934403,0.00020687022037566143,1.0000027249280916,17.32042008254407,1,-0.5608419999594126,0.45331963860076446,0.7281177493129749,2.4714951876939733,0.0008240819877443244,1.0000003961499577,2.640999718298433,1,-0.7916087934115801,0.6235052589089138,1.0147283239578353,2.4812868306235956,-0.0012080811765473151,1.0000002408654198,0.9943955961519589,1,-1.3980053874726146,0.8515639654948014,1.6447682635219434,2.5981750982615575,-1.9569183441896786e-05,1.0000000380613328,0.2537422186228775,1,-5.333559261435155,-1.1691981540278478,5.470047538403705,-2.925976854425399,-0.004033871588425534,1.000000194782657,0.0060993544309510105,0
6.42,-0.003753618925901726,0.004731690619338381,-2.2646136983890675e-10,-0.37034267909579327,-0.2382614679359524,0.44927209084389613,-2.579550751228426,0.00020469708657494133,1.0000026797931616,16.53874692151335,1,-0.640340957566123,0.3302829496601805,0.7287153753584799,2.6729845960617316,0.0012195071861769119,1.0000003952388776,2.6349258503242545,1,-0.8624368760167922,0.5221009271696789,1.015974555483608,2.6032105934953713,-0.0013210171006221177,0.9999999484996758,0.989980206270395,1,-1.4483397602149022,0.7723255360116019,1.6495195053693732,2.655123327739564,-8.940764454005009e-06,1.0000000375528273,0.2503521818124098,1,-5.321517345533833,-1.2201641014777034,5.469439427726375,-2.9163938745230586,-0.004263561579937106,0.9999999439943799,0.006100657672922941,0
6.44,-0.003753618923300119,0.0047316906191373865,-2.2801120973942046e-10,-0.22928088476959296,-0.3443351153996448,0.4201963047107979,-2.176070580346315,0.0002034859308195605,1.0000025614569537,16.04095773656326,1,-0.6933984462626438,0.1938585182574423,0.7291150521549776,2.874197462297406,0.001521534556761742,1.0000003943405895,2.628937263989977,1,-0.9201469682064068,0.41286020177429483,1.0169888495411645,2.724863259790437,-0.0013961733059927382,1.0000002377370591,0.9857029682476812,1,-1.4935456055566176,0.6903735888513026,1.6537862745085075,2.7117611448555636,2.4399027258317205e-06,1.0000000370708644,0.247139095236853,1,-5.308960879874718,-1.2710121726920043,5.468805219089424,-2.906808704076745,-0.00449428443482632,0.999999865271911,0.00610204944770298,0
6.46,-0.0037536189193384186,0.004731690618991624,-2.2954003823551228e-10,-0.03909419086334852,-0.37658022887331494,0.38099062458571914,-1.6994678916102792,0.00020252711682785762,1.000002420033149,15.991745585138952,1,-0.717903016447269,0.04961047634872601,0.7293007806144507,3.0752481060880337,0.001775678292840132,1.0000003934909474,2.6232729825631758,1,-0.963912868183499,0.297445444407408,1.0177568674670106,2.846302915989291,-0.0014438149671829098,1.00000026563314,0.9816249091229134,1,-1.5335047377639788,0.6060153053281341,1.6575574889679625,2.7681244460166483,1.5435514976752638e-05,1.0000000366160824,0.24410721641864694,1,-5.295890898710055,-1.3217374126393586,5.468144956114623,-2.8972212547696756,-0.004723451010338349,1.0000001965855676,0.006103529706881269,0
6.48,-0.003753618914345915,0.004731690618885732,-2.3102981637143638e-10,0.16174663862785046,-0.3023732501273089,0.33958383577049184,-1.10682031836102,0.00020228842867078795,1.0000023697690044,16.632777344937853,1,-0.7128822129656472,-0.09659957346750067,0.7292650426276658,-3.006928306752364,0.0020253862026232026,1.000000392723847,2.6181589800482707,1,-0.9931113507746733,0.17759832090856428,1.0182678748743654,2.9675901363069075,-0.0014726639260954249,0.9999999492974165,0.9778042202399434,1,-1.568114385136797,0.519559709031683,1.6608235363819412,2.8242490721754927,3.1027524966983546e-05,1.0000000361890198,0.2412601326055118,1,-5.282308479401051,-1.3723348729141946,5.467458690395395,-2.887631438828056,-0.004947595659514739,0.9999999364099245,0.006105098387435959,0
6.5,-0.003753618910064191,0.004731690618789986,-2.3247100056598968e-10,0.29943348768480316,-0.11236294942126762,0.311190251951046,-0.37410668527197544,0.00020619926515930804,1.0000025183489083,18.11395432291255,1,-0.6785360135470868,-0.23883573454015075,0.7290091061776522,-2.8058390306314016,0.00229863089964266,1.0000003920699174,2.6137994493120362,1,-1.0073282395805592,0.05511687550004237,1.018514810370639,3.088787242009111,-0.0014850626026859182,1.0000002069599625,0.9742950583462564,1,-1.5972868064309818,0.43131730059628065,1.6635762354920978,2.8801707988758998,5.026019222866861e-05,1.0000000357901295,0.23860086422454982,1,-5.268214742432648,-1.4227996120182904,5.466746484782705,-2.878039168371785,-0.005163693542392628,0.9999998712291083,0.006106755413437157,0
6.5200000000000005,-0.0037536189102906122,0.004731690618667693,-2.338813921178018e-10,0.2939260566838524,0.130962180209429,0.31231211631513117,0.42774975687587435,0.00021455413237363123,1.0000028283616387,19.900369064557395,1,-0.616229904459086,-0.3713129737559323,0.7285429929644145,-2.6045501236035475,0.002596622148402427,1.0000003915553797,2.610369198555303,1,-1.0063623699720852,-0.06816755010492886,1.018494334348996,-3.0732277333330833,-0.0014841985408425291,1.0000002878276661,0.9711466965151905,1,-1.6209489546763685,0.3415997454880627,1.6658087950886151,2.9359253357305777,7.283622060016802e-05,1.0000000354197922,0.23613194749185162,1,-5.253610851428142,-1.4731266956421294,5.466008411122418,-2.8684443537340014,-0.005374119365623682,1.0000001980785747,0.006108500699172132,0
6.54,-0.003753618915730288,0.004731690618512096,-2.353058286413967e-10,0.14896757664252505,0.3140327782219443,0.3421827487499535,1.151753556950552,0.00021891545579662993,1.0000031167554626,20.93480089347425,1,-0.5284476900020821,-0.4886181819608969,0.7278851241442009,-2.4029496808167523,0.0028978477548863182,1.0000003912011033,2.60800735577273,1,-0.990227499821245,-0.19041347755104568,1.0182068467465857,-2.9520205512980944,-0.0014762928895504634,0.999999955374574,0.9684030504787495,1,-1.639042191674413,0.25071960653947745,1.6675157719510922,2.9915483259724516,9.671974999084073e-05,1.0000000350783256,0.2338555043649271,1,-5.238498013163041,-1.523311196945791,5.465244535510685,-2.858846903258367,-0.0055847459659413975,0.9999999289277929,0.006110334155555389,0
6.5600000000000005,-0.0037536189223214248,0.004731690618355657,-2.367701174010861e-10,-0.05311846708073442,0.38015974459412966,0.3838344111890344,1.7352566550441408,0.0002164379723493208,1.0000032649991792,20.943869742569536,1,-0.41870457710151715,-0.5859209188909923,0.7270616742064895,-2.2009374307634575,0.003188635199424763,1.000000391021838,2.606812252735211,1,-0.959152195982474,-0.3097924776391164,1.0176564836245916,-2.8307133603779118,-0.0014591424266593178,1.0000001751666776,0.9661023785157866,1,-1.651522055328815,0.15899011317003608,1.668693049868822,3.0470753460311357,0.00012126246707066772,1.000000034765996,0.23177330703529528,1,-5.222877477576267,-1.573348196839578,5.464454914483668,-2.849246726307749,-0.005794948821009721,0.9999998773919034,0.006112255699342711,0
6.58,-0.0037536189273562628,0.004731690618230652,-2.3826558326160707e-10,-0.24087212680877362,0.34176815459792675,0.4225358236279251,2.20562128994019,0.0002114350276422399,1.000003242820338,20.295555723159893,1,-0.29142169083708536,-0.6591673154709498,0.7261056505229346,-1.9984287225097992,0.0034589566971025064,1.0000003910256186,2.606837456875884,1,-0.9135776923217664,-0.42451232971332004,1.01685108866392,-2.7092442081003636,-0.0014249591782534124,1.0000003070608192,0.9642770340930614,1,-1.6583580812611949,0.06672495929150814,1.669337832539086,3.102541918191493,0.0001473144636296127,1.000000034483026,0.22988683966577983,1,-5.206750537777626,-1.6232327842659018,5.463639608217759,-2.8396437342171956,-0.006000671848824552,1.0000001992593135,0.006114265258619031,0
6.6000000000000005,-0.0037536189303484287,0.004731690618151206,-2.397705692845642e-10,-0.37784524685125004,0.23184288267006845,0.45077223525575516,2.6055090358990087,0.00020681114623746842,1.000003060448217,19.349262097823996,1,-0.15176408112984588,-0.70525022526432,0.7250556985813125,-1.795358080788043,0.0036931596727577246,1.000000391213358,2.6080890530817538,1,-0.8541536810975028,-0.53284009452562,1.015802142360336,-2.5875530853099566,-0.0013676306936180674,0.999999966723144,0.9629532313487923,1,-1.6595336797035631,-0.025761878004160695,1.66944863146787,-3.1252017778655152,0.000175777226032454,1.0000000342296036,0.22819735768726157,1,-5.190118530053325,-1.672960056484016,5.462798686076285,-2.830037839025868,-0.006199149580011553,0.9999999215598407,0.00611636277264424,0
6.62,-0.0037536189315901434,0.004731690618117678,-2.4126447758024416e-10,-0.4487569623568678,0.08184429631138367,0.46539244703193383,2.968409268227965,0.00020295965952971153,1.0000027748490803,18.327933599071883,1,-0.005445547472184188,-0.7221484139480868,0.723954653039358,-1.5916821922594062,0.0038756122735035922,1.000000391578654,2.6105243591247476,1,-0.7817319671537376,-0.6331250202288438,1.0145246513431863,-2.465582669080734,-0.0012846400641171323,1.0000001432641807,0.9621508153940959,1,-1.655046068275498,-0.11815630676913422,1.6690252554205207,-3.069749658973101,0.00020731401476103617,1.0000000340058917,0.22670594374533876,1,-5.172982833871269,-1.7225251193578661,5.461932225078561,-2.820428952676228,-0.006389024989226113,0.9999998837505328,0.006118548189062751,0
6.640000000000001,-0.003753618931485023,0.0047316906181232785,-2.427313738461584e-10,-0.44825410550180744,-0.08085504553151794,0.4652919479153227,-2.963231139108472,0.000199637358386491,1.0000024836342845,17.368701287125226,1,0.14149475205933604,-0.7090275391361858,0.7228478713775559,-1.3873821620460636,0.00399789550702112,1.000000392107843,2.614052287756613,1,-0.6973578876505016,-0.7238211697824516,1.013037000531206,-2.343279069684342,-0.0011767304966694282,1.0000003229633794,0.9618830364826245,1,-1.644906260944812,-0.21014428322208073,1.6680688064676858,-3.014251565039632,0.00024244542346022043,1.0000000338120338,0.22541355923554496,1,-5.155344871886619,-1.7719230876466348,5.461040307887697,-2.810816986796129,-0.006569705021495326,1.0000002001259145,0.006120821460538562,0
6.66,-0.0037536189302840683,0.004731690618158321,-2.441596740326152e-10,-0.37637388564811164,-0.23047345522187015,0.4504774402415149,-2.6000137009177577,0.00019706387876864786,1.0000022880675383,16.575127790504503,1,0.28293700010747086,-0.6662961036036007,0.7217814002520452,-1.1824648752902156,0.004062266680524223,1.0000003927803345,2.618535563389048,1,-0.6022593818343711,-0.8035096163901296,1.0113607661503274,-2.2205925774637896,-0.001047170747474792,0.9999999831485948,0.9621563283840402,1,-1.6291391131453468,-0.30141197706248507,1.6665816825018138,-2.958672014391093,0.00028162859712210867,1.0000000336481636,0.22432109128694863,1,-5.137206109948021,-1.821149085297669,5.46012302155315,-2.801201852687875,-0.006740977979968827,0.9999999143177432,0.006123182541886388,0
6.680000000000001,-0.0037536189279665025,0.004731690618212103,-2.4554024568787525e-10,-0.23857235002251648,-0.33959818209761355,0.4220725211147068,-2.199420158894572,0.00019591139209996147,1.0000022493606724,16.058410666398505,1,0.41293773995848726,-0.5956106429201685,0.7208000411028443,-0.976963314711397,0.004081370866213001,1.0000003935692436,2.6237949575738884,1,-0.4978335882363157,-0.870920002923309,1.009520486805087,-2.097478404267699,-0.0009012642197497043,1.00000011210339,0.9629700907303858,1,-1.6077834226542398,-0.3916459466888956,1.6645675856032713,-2.9029754962751846,0.0003253091893839345,1.0000000335144092,0.22342939494942443,1,-5.118568057104542,-1.8701982457414943,5.459180456856666,-2.7915834613910704,-0.006902727302973746,0.9999998902949231,0.006125631388215052,0
6.7,-0.0037536189242440114,0.004731690618272332,-2.4686357623891764e-10,-0.050336567897732436,-0.3767160523096484,0.3832682622309751,-1.7278262148608896,0.00019615308113819522,1.0000023690541355,15.979336950898073,1,0.525988258736764,-0.4998262516771448,0.7199453975358042,-0.7709357214541617,0.004075719463075781,1.0000003944423428,2.6296156188479984,1,-0.38563085383477747,-0.9249512035405966,1.0075433902893633,-1.973897412278342,-0.0007444239034908716,1.0000003351874343,0.9643164897005143,1,-1.5808920855363604,-0.48053333207643323,1.662031536171321,-2.8471264583498934,0.00037399855680338157,1.0000000334108994,0.22273932897998622,1,-5.09943226561254,-1.9190657121886943,5.4582127083412635,-2.7819617237882914,-0.0070545701368328224,1.0000002006770057,0.006128167953857712,0
6.720000000000001,-0.003753618918976548,0.004731690618319779,-2.481184968854827e-10,0.1514769299496928,-0.30891880096897095,0.34166058200258376,-1.1425118899217588,0.00019635211335685562,1.0000026063766876,16.576430411236064,1,0.6172618301791054,-0.3828911747902548,0.7192539992716693,-0.564463543845359,0.004070550642000338,1.000000395363316,2.6357554400281575,1,-0.2673360628687633,-0.9646907628879183,1.0054590733686208,-1.8498168207595267,-0.0005795571822576448,1.0000000042684625,0.9661803249113595,1,-1.5485323062116234,-0.5677620731973542,1.6589798934145912,-2.7910892971090484,0.0004283599552965934,1.0000000333377677,0.22225178439491355,1,-5.079800330942648,-1.967746637928911,5.457219875629697,-2.7723365506629154,-0.007195534761197538,0.9999999072129763,0.006130792191203749,0
6.74,-0.0037536189139069356,0.004731690618318734,-2.4930048108350034e-10,0.29492889693887125,-0.12439776916785016,0.31207818863349396,-0.4167510387399583,0.0001991819677704329,1.000002900416412,18.016802945806994,1,0.6828365204450236,-0.2496874692351921,0.7187556049096047,-0.3576481939811941,0.004088318347426613,1.0000003962932802,2.6419552013574217,1,-0.14474723307059356,-0.9894327259876416,1.003299132542693,-1.7252108748664647,-0.0004087723912810894,1.000000082451933,0.9685389466925013,1,-1.5107858602787279,-0.653021161995132,1.6554203826243103,-2.734828351107185,0.0004888332232053555,1.000000033295156,0.22196770654146,1,-5.059673891787053,-2.0162361866322946,5.456202066307635,-2.7627078522646054,-0.007325330206078587,0.9999998970147066,0.006133504048401426,0
6.760000000000001,-0.0037536189137471337,0.004731690618223653,-2.5043767537188955e-10,0.29813124262468393,0.11897174901545989,0.31140370795808964,0.385161376245685,0.00020760940990826286,1.0000031330179597,19.815270559535072,1,0.7198805073431741,-0.10582341036376809,0.7184717925227008,-0.15060671872698603,0.0041270102235754095,1.0000003971924876,2.64794991783354,1,-0.019751389537744874,-0.9986934168018531,1.0010967478999342,-1.6000614525631915,-0.0002430018405328318,1.0000003434085023,0.9713621951103251,1,-1.4677494081574227,-0.7360009361653754,1.6513621244393593,-2.6783078961210385,0.0005540557456476343,1.0000000332832166,0.22188811117741833,1,-5.0390546300673575,-2.064529532653363,5.455159394652285,-2.753075536748904,-0.007449421956278208,1.0000002009117155,0.006136303465878644,0
6.78,-0.003753618919335338,0.00473169061802649,-2.5159207703295827e-10,0.15887057432918872,0.3075712269439368,0.34009806529432146,1.1161590388424953,0.0002130252734247874,1.0000031661019109,20.907117752436505,1,0.7267883056619836,0.04261301437640769,0.7184149277080684,0.05653341169943026,0.0041637803302429005,1.000000398022194,2.6534812933750103,1,0.10570218980458963,-0.9922246750513963,0.9988862138835236,-1.474358588422566,-0.00010216551390450411,1.0000000295153166,0.9746124333300783,1,-1.4195348569708517,-0.8163934233135556,1.6468156573488701,-2.6214921491030787,0.0006212906595284858,1.0000000333021142,0.22201409465999025,1,-5.017944270943761,-2.1126218613367844,5.454091967035443,-2.743439509619709,-0.00757711749298353,0.9999999002567984,0.006139190374734419,0
6.800000000000001,-0.0037536189258164,0.004731690617766934,-2.5280176736697246e-10,-0.0422980785926128,0.3800916904199906,0.38155845655453036,1.7069712688779002,0.00021275323633577011,1.0000030264810345,20.964105838713103,1,0.7032589309274577,0.18932699833630723,0.7185875455228208,0.2636401322307784,0.0041864415709806065,1.0000003987465333,2.6583102229351745,1,0.22963116303711748,-0.9700240270712321,0.9967024172548795,-1.3481009100082209,5.8784087788920415e-06,1.0000000549690917,0.9782447135763858,1,-1.366269767330871,-0.8938927444040479,1.64179296991416,-2.5643452900815693,0.0006898064560977304,1.0000000333520258,0.22234683807921343,1,-4.9963445828243325,-2.16050836932411,5.45299987459979,-2.7337996767104955,-0.0077105421991594215,0.999999903899238,0.006142164699599659,0
6.82,-0.0037536189305119156,0.004731690617483075,-2.5406555982307455e-10,-0.23203041157268353,0.3465418034414555,0.4206656495130034,2.182315788643553,0.0002105155873247028,1.0000028535688452,20.340874256808583,1,0.6503107096394452,0.3281013759336861,0.718982209906442,0.47058288962875,0.004191450675995729,1.0000003993342244,2.6622281629450306,1,0.35005143607388134,-0.9323412567313757,0.9945802866343507,-1.2212959623297948,8.43773616023464e-05,1.0000003473280998,0.9822070850979467,1,-1.3080978008572233,-0.9681955858188986,1.6363075536478868,-2.5068314899385262,0.0007600642396617524,1.0000000334331407,0.22288760427105753,1,-4.974257377372558,-2.2081842648617,5.45188320521983,-2.7241559457744233,-0.007847690840994877,1.0000002008296738,0.006145226361382211,0
6.840000000000001,-0.003753618933327313,0.004731690617194176,-2.553709240599167e-10,-0.3722753931554283,0.23963745745197426,0.44957473262005593,2.585069876392754,0.0002083765152631311,1.0000027485618819,19.403948161014902,1,0.5702317011093376,0.4530767870420382,0.7195818744760907,0.6772386542652618,0.00417378788067004,1.0000003997600795,2.6650671971608326,1,0.4650101565250659,-0.8796808614114401,0.9925542171551006,-1.0939603800284283,0.00013746469128097589,1.0000000581465105,0.9864410591271068,1,-1.2451792033385534,-1.0390017497347517,1.6303744554776303,-2.4489149417866987,0.0008321013451874032,1.0000000335456591,0.22363772696781514,1,-4.951684509513895,-2.2556447681109115,5.450742050369381,-2.714508225559565,-0.007987644896159623,0.9999998934602328,0.006148375277230944,0
6.86,-0.003753618934669151,0.004731690616909271,-2.567074812269421e-10,-0.44696442514376383,0.09107452183579287,0.4649722174281185,2.949270219390038,0.00020612368137835476,1.0000027251849692,18.38266347977854,1,0.4664690914217408,0.5590120674539786,0.7203607094237202,0.8834974934858011,0.004128511325567184,1.0000004000061893,2.6667079290147018,1,0.5726198143413732,-0.8127999296870303,0.9906574710343045,-0.9661198887642948,0.00016845769134338735,1.0000000301871321,0.9908822499820419,1,-1.1776913172696013,-1.1060147928444384,1.624010326685431,-2.3905599052587143,0.0009054909277831515,1.0000000336897887,0.22459859189083387,1,-4.9286278774420715,-2.3028851114607383,5.449576504445707,-2.7048564251177556,-0.008130604349349311,0.9999999109376112,0.0061516113598385665,0
6.88,-0.0037536189347669633,0.004731690616634185,-2.5806724595831e-10,-0.45037177633285214,-0.07160125272970139,0.4656768097602079,-2.982342747636617,0.00020334922494515088,1.0000027289438318,17.417312113940753,1,0.3434649286570622,0.6415111162030948,0.7212853362539505,1.0892673955101029,0.004054859794213307,1.000000400062703,2.6670846863122075,1,0.6710927439941134,-0.7327010652995625,0.9889215679589662,-0.8378091216166308,0.00018064820062638884,1.0000003466812393,0.9954612065687747,1,-1.1058291160902929,-1.168942763726495,1.6172334732518971,-2.3317307665493976,0.0009795941725365732,1.0000000338657413,0.2257716092747929,1,-4.905089422624876,-2.349900539842495,5.448386663235668,-2.6952004536941137,-0.00827707204860632,1.0000002004310122,0.006154934517328627,0
6.9,-0.003753618933630362,0.004731690616373377,-2.5944234130839683e-10,-0.3822784074100783,-0.22260414463096942,0.4516423639976707,-2.6203649876237027,0.00020062714710529674,1.0000026890343752,16.612173277774524,1,0.20644873131976155,0.697205313897595,0.7223163916126544,1.2944781008962742,0.003958458806485068,1.0000003999281704,2.6661878031177397,1,0.7587752077212716,-0.6406201073180511,0.987375681706082,-0.7090712368000446,0.00017739336119602795,1.000000089266037,1.0001044390633878,1,-1.0298057508512377,-1.2274990493695828,1.6100639081071297,-2.2723921150761615,0.0010537282776586533,1.0000000340737265,0.2271581769590333,1,-4.8810711298094684,-2.3966863110464733,5.44717262316685,-2.685540220836072,-0.00842737685392718,0.99999988683405,0.006158344653957588,0
6.92,-0.0037536189311835697,0.004731690616129014,-2.6082357974799297e-10,-0.24777775809812622,-0.33468779221736006,0.4239176692377022,-2.2225604311695166,0.00019906349029259472,1.0000025748673091,16.076999319364507,1,0.06119953148199441,0.7238840774796659,0.7234103257349827,1.4990837855892591,0.0038514193718714213,1.000000399609447,2.6640629800476847,1,0.834180149959716,-0.5380085564607783,0.9860460595537689,-0.5799573288705182,0.00016224040863268088,1.0000000085059912,1.004735634768074,1,-0.9498530982195234,-1.2814033414145232,1.6025234041166696,-2.212508838320481,0.0011273059065269213,1.000000034313945,0.22875963320514353,1,-4.856575027026879,-2.443237696040451,5.4459344812712756,-2.6758756365691103,-0.008581348551296627,0.9999999181186764,0.006161841671660604,0
6.94,-0.003753618927402597,0.0047316906158990195,-2.622000320855189e-10,-0.061594689887877876,-0.3765772816149813,0.3855365881612854,-1.755847091499079,0.00019902332942166388,1.0000024297123775,15.9687838593301,1,-0.08620928686416587,0.7205698689346045,0.7245213343249066,1.703064529685623,0.0037511062868435213,1.0000003991211914,2.6608079433150147,1,0.8960176603497789,-0.42651080641218286,0.9849554813658479,-0.45052563382004907,0.0001393990638851282,1.0000003412557177,1.0092770454819828,1,-0.8662222966766221,-1.3303827324775583,1.5946355464677124,-2.1520462369236117,0.001200021602738765,1.0000000345865798,0.2305771992781591,1,-4.8316031855948545,-2.489549979289963,5.444672335906105,-2.666206611602264,-0.00873795451740064,1.0000001997163648,0.006165425472077286,0
6.96,-0.0037536189225392813,0.004731690615673482,-2.635603241728235e-10,0.1409789130472973,-0.3151402463750767,0.3437723476875134,-1.1777684744278967,0.00020021890949694458,1.0000023638468092,16.52258620349686,1,-0.22966933393102598,0.6875374922101177,0.7256033246372083,1.9064265887432037,0.0036785192344304233,1.0000003984850192,2.656566795244662,1,0.9432221761482118,-0.3079364870286888,0.9841227752214664,-0.3208405379292664,0.00011391472378834205,1.0000001218648893,1.0136510166937809,1,-0.7791842553520764,-1.3741729524106183,1.586425783345962,-2.090970162236234,0.0012720500292875776,1.0000000348917868,0.232611911989137,1,-4.806157720119149,-2.535618459080875,5.443386288820596,-2.6565330574901225,-0.008894999394736626,0.9999998803887504,0.006169095958014956,0
6.98,-0.0037536189180935953,0.0047316906154296675,-2.6489915209287895e-10,0.2899277310429262,-0.13627700347424912,0.3130566209174291,-0.45914582173388874,0.00020436641414704886,1.000002491290604,17.920780966013087,1,-0.3632889664983261,0.6262804791284285,0.7266118245662353,2.109201551412227,0.0036536272422318444,1.0000003977283838,2.651522558487072,1,0.974975500818172,-0.18422844037451083,0.9835624063333859,-0.19097141066936793,9.100157047216279e-05,0.999999990207596,1.0177816138171187,1,-0.6890301172583968,-1.4125197536768284,1.5779214745885428,-2.0292471776347236,0.0013436623659175966,1.0000000352296814,0.23486454331454118,1,-4.7802407884932725,-2.5814384478448917,5.44207644916708,-2.646854886342444,-0.009050458819825953,0.9999999254310578,0.006172853032852898,0
7.0,-0.0037536189177715343,0.004731690615136434,-2.662351307296251e-10,0.3018341023886019,0.10676567951194757,0.31058673051586133,0.3423283468121225,0.00021259774534083218,1.000002794566911,19.727650621673614,1,-0.48162749442514613,0.5394295870979671,0.7275057551287123,2.3114445102912082,0.0036765281624739697,1.0000003968832691,2.645888461274227,1,0.9907248169370116,-0.05742705577005785,0.98328415885913,-0.060991290258777836,6.9517552146824e-05,1.0000003309275312,1.0215962730546007,1,-0.5960716560349196,-1.4451804540302986,1.5691519355842927,-1.966844742159976,0.0014130799097022769,1.0000000356003256,0.23733550422982105,1,-4.753854591897308,-2.627005272488549,5.440742934677303,-2.6371720093018207,-0.009207941933658615,1.0000001986868654,0.00617669659708488,0
7.0200000000000005,-0.0037536189229215224,0.00473169061478874,-2.676154037956069e-10,0.1685393721226072,0.30071528404327097,0.33804925490210347,1.0801220624189987,0.00021803475731001315,1.0000030948449685,20.876079632460907,1,-0.5799039692276243,0.43062986007685017,0.7282490082874452,2.5132313928273455,0.0037175056914300814,1.0000003959847745,2.639898496111918,1,0.9901950248679361,0.0703681279981714,0.9832929264111224,0.06902454931440445,3.905871413606061e-05,1.000000154881912,1.0250274548247134,1,-0.5006415824866809,-1.4719256429085248,1.560148462416401,-1.9037314185488352,0.0014764384916067796,1.00000003600371,0.24002473395530624,1,-4.7270013747971875,-2.672314274725744,5.4393858590611455,-2.6274843354814714,-0.009375267732170624,0.9999998741345486,0.006180626544612662,0
7.04,-0.0037536189296891844,0.004731690614423676,-2.6907182645169447e-10,-0.031492405283379335,0.37967541467275606,0.37927300988360096,1.6783407574336648,0.00021820905366724176,1.0000032600617041,20.982243866458326,1,-0.6541747300297966,0.30438341353127435,0.7288117950784473,2.7146556272221996,0.0037536123132881835,1.0000003950696572,2.6337977146402123,1,0.9733949327991203,0.19703850532088446,0.9835885996863922,0.19900010981497904,-5.004097487744518e-06,0.9999999754901406,1.0280142679585318,1,-0.40309373399563525,-1.4925410553995089,1.5509443380069605,-1.839877120284969,0.0015325689150602806,1.0000000364397363,0.24293157593692238,1,-4.699683424944067,-2.7173608114128727,5.438005322547368,-2.6177917745734636,-0.009552421007844474,0.9999999328631715,0.006184642762631966,0
7.0600000000000005,-0.003753618935066986,0.004731690614082411,-2.705992036347582e-10,-0.22309645726103658,0.351069310363225,0.4187638918783884,2.158797346815276,0.0002173460649517597,1.0000032542059094,20.385209027421396,1,-0.7014756891561885,0.16586525166891308,0.7291717221715741,2.9158243188637867,0.0037787182977689153,1.0000003941748958,2.627832638593888,1,0.9406170587819491,0.3204870363405134,0.9841660562971061,0.32886019596800137,-6.03528424230623e-05,1.0000003157094415,1.0305038796386203,1,-0.30380311660959947,-1.5068296145212594,1.5415748397525646,-1.7752533947102724,0.001582531710417361,1.0000000369081958,0.24605463957932197,1,-4.671903073372299,-2.762140254886298,5.436601422924028,-2.608094238770281,-0.009734527877674818,1.000000197344148,0.006188745131716552,0
7.08,-0.0037536189383923155,0.004731690613788088,-2.7217561928208345e-10,-0.3665693630377376,0.24727983828337002,0.44833656580069875,2.564518176646238,0.00021817206521642106,1.000003084576773,19.458326856773677,1,-0.7199267903315791,0.020719208454881427,0.7293145699014508,3.1168540691444244,0.0037918353526475218,1.0000003933363137,2.6222420922013465,1,0.8924310543084369,0.4386782612016244,0.9850152728106739,0.4585319113398378,-0.00012512150716351283,1.000000187278473,1.0324527348306558,1,-0.20316576659862406,-1.514613638734791,1.532077235516666,-1.709833730751286,0.001627223735206236,1.000000037408747,0.24939164655581603,1,-4.643662694396737,-2.8066479933032245,5.435174264078095,-2.5983916419377313,-0.00991794066303925,0.999999868081356,0.00619293352294834,0
7.1000000000000005,-0.003753618939915696,0.004731690613549006,-2.7377804450584575e-10,-0.4450204990278516,0.10023292178674065,0.46450825066059537,2.9300946053490766,0.00022031598107251062,1.000002804364021,18.437503045775728,1,-0.7087971413574106,-0.1251592764739035,0.7292347683543184,-2.965318742955522,0.0037975923439357907,1.0000003925873007,2.6172486713384937,1,0.82967100272948,0.549676561831882,0.9861215499757946,0.5879460852736313,-0.0001989198398789701,0.9999999645131682,1.033827541270724,1,-0.10159839555785596,-1.515737206793093,1.5224907535919985,-1.6435938958006842,0.0016671198626057864,1.0000000379408893,0.25293926222188146,1,-4.614964705610291,-2.8508794309859717,5.433723956413241,-2.588683898745846,-0.010100460602454935,0.9999999404032446,0.006197207794619688,0
7.12,-0.0037536189400555527,0.0047316906133651375,-2.7538677544944323e-10,-0.4523381291901789,-0.06234456981291452,0.46601828880891705,-3.001423466661873,0.00022239697845329278,1.000002509060478,17.466346533086682,1,-0.668530060019067,-0.2658472061311164,0.7289355700576433,-2.764201249418419,0.003807962109882361,1.000000391957646,2.613050973075522,1,0.753417076123908,0.651681630198242,0.9874658372890699,0.7170385876572469,-0.0002815179312092747,1.000000295800253,1.0346059643046333,1,0.00046221916167272755,-1.5100686661213791,1.5128565259293836,-1.5765123044338425,0.0017025459379509582,1.0000000385039371,0.25669291360338486,1,-4.585811567881678,-2.894829988768659,5.4322506156624994,-2.578970924364006,-0.010280511599599163,1.0000001956903417,0.006201567790971355,0
7.140000000000001,-0.003753618939072404,0.004731690613232349,-2.7698553737090514e-10,-0.3880466791600436,-0.21465325314623235,0.45276790068393785,-2.640611723409314,0.0002250786685238591,1.0000023015004165,16.64996765831758,1,-0.6007277812161794,-0.39561879195112176,0.728428922244034,-2.562860448667492,0.003838745061409749,1.0000003914724909,2.6098166062180512,1,0.6649722306461404,0.7430602453467511,0.9890251447914035,0.8457514937572032,-0.0003723935219196067,1.000000218111301,1.0347770097334252,1,0.10256013850484974,-1.497503263975795,1.503217503105603,-1.5085704169643102,0.001733853290041774,1.0000000390969894,0.2606465960285164,1,-4.556205785353078,-2.938495104345548,5.430754362163507,-2.569252634402477,-0.010456682368467876,0.9999998622387657,0.006206013344088758,0
7.16,-0.0037536189369690876,0.004731690613144471,-2.785597945885454e-10,-0.25688941310185964,-0.32960516843059995,0.4257337778245327,-2.245502270317826,0.00023149201141681609,1.0000022474666914,16.096782627497618,1,-0.50809599271745,-0.5091648579724732,0.727735048608235,-2.3611863854743618,0.003906401609100845,1.000000391151415,2.6076760995916177,1,0.5658347708160041,0.8223736440490956,0.9907730279981048,0.9740340708430203,-0.00047014695998157655,0.9999999574365804,1.0343410900238241,1,0.20422150062475344,-1.477965872659215,1.493618337580256,-1.4397531642611192,0.0017615258259172913,1.0000000397189006,0.2647926712712443,1,-4.526149905436408,-2.981870232620185,5.429235320654988,-2.5595289449417384,-0.01062743609381681,0.9999999480393325,0.0062105442791092706,0
7.180000000000001,-0.0037536189334893303,0.004731690613092816,-2.80094167044026e-10,-0.07286095140645625,-0.3761676918001396,0.38779883761878364,-1.7835498274387351,0.00024080197341891008,1.0000023531112783,15.960085550136416,1,-0.394348839000172,-0.6018006146660918,0.7268817436555963,-2.1590816717435026,0.0040267766788356744,1.0000003910077468,2.606718312143071,1,0.45766771087221825,0.8883999762488932,0.9926801296968009,1.1018435680351015,-0.0005714752662768159,1.000000271616769,1.0333097844493182,1,0.3049561342488317,-1.4514137711656183,1.4841052314581629,-1.370049394021368,0.0017863116123881522,1.0000000403682492,0.269121660852859,1,-4.495646518806568,-3.024950846054938,5.4276936206515405,-2.5497997726151405,-0.010790773007221956,1.0000001937280696,0.006215160421583112,0
7.2,-0.0037536189284126846,0.004731690613061256,-2.8157105900344925e-10,0.13026301316143798,-0.32104131980690287,0.3459227219396008,-1.2126201292080667,0.0002494061091916913,1.0000025797238088,16.471170581179955,1,-0.26407569398545055,-0.6696551959187392,0.7259033746318972,-1.9564653802593284,0.0042044376071122365,1.000000391048053,2.6069870210188486,1,0.3422659042346792,0.9401515510084971,0.994714761129304,1.2291458004226885,-0.0006705114982476187,1.0000002465850346,1.031705317779831,1,0.4042595835857021,-1.4178394359749702,1.474725745552952,-1.2994523322757014,0.0018094435048491531,1.0000000410433059,0.27362203894570697,1,-4.4646982593907225,-3.0677324350216835,5.426129398002505,-2.5400650346946607,-0.010943922572887066,0.9999998566160373,0.006219861604408022,0
7.220000000000001,-0.003753618923152636,0.00473169061301667,-2.829775359348974e-10,0.2844385231551487,-0.1479977387414473,0.31412916628382687,-0.5013247386898557,0.0002585212760596842,1.0000028694172014,17.825815557000084,1,-0.12257199188811509,-0.7098359824786878,0.7248396191725202,-1.753276466344349,0.004428538385539692,1.0000003912717328,2.608478218549638,1,0.22152190266155766,0.9768867861837913,0.9968435041090655,1.355915526821673,-0.0007598571157008926,0.9999999544373716,1.029559794062882,1,0.5016155771705233,-1.3772732835364079,1.4655285684590562,-1.2279600520615246,0.0018325774019361581,1.000000041742005,0.2782800327150827,1,-4.433307804353133,-3.1102105081549327,5.424542798551512,-2.5303246488188207,-0.011084639364013153,0.9999999557593393,0.006224647671109951,0
7.24,-0.0037536189222883752,0.004731690612911977,-2.843303713133405e-10,0.3050320779511817,0.09434349035830439,0.3098649718507809,0.29919979310996586,0.00027078356789203865,1.0000031138545504,19.637315997994754,1,0.02436223913107861,-0.7205604616152661,0.7237339760066303,-1.5494765793253436,0.004666910986970536,1.000000391670854,2.6111390270642305,1,0.09739145146147705,0.9981169626671383,0.9990318168627325,1.4821366247212986,-0.0008394180525130108,1.0000002437949043,1.0269142311601729,1,0.5964989659632213,-1.3297862963790985,1.456563246248322,-1.155575936282445,0.0018558270159118797,1.000000042461916,0.28307944014711844,1,-4.401477874076324,-3.1523805927088646,5.422933980191652,-2.520578531480231,-0.01121697954689091,1.0000001914604437,0.00622951847341943,0
7.260000000000001,-0.0037536189274594844,0.0047316906127306295,-2.8568405193579727e-10,0.1779745308577815,0.29345397018857816,0.3360362554522527,1.0435732684728622,0.00028044147869810696,1.000003169267567,20.841360947308953,1,0.17065079198114363,-0.7012484133688096,0.7226320720120274,-1.345052110433684,0.004868512109506193,1.0000003922302718,2.614868478074739,1,-0.028140564310084347,1.0036080425446634,1.001244637623279,1.60780207330769,-0.000920316941696841,1.0000002720737071,1.0238174446948594,1,0.6883791467234444,-1.275492455013328,1.447879864187699,-1.0823091159449634,0.0018761806534129454,1.0000000432002196,0.28800146456526116,1,-4.369211232140835,-3.1942382349192098,5.4213031012277675,-2.5108265964880614,-0.011350559716558772,0.9999998512220822,0.006234473865670206,0
7.28,-0.003753618934016411,0.004731690612505786,-2.870759233629394e-10,-0.020694133130626124,0.37890120701147695,0.37697397061317783,1.649306067593675,0.00028260592167558504,1.0000030425209043,20.998057793308774,1,0.31018930993224564,-0.6525677717096169,0.7215798078934685,-1.140015332737246,0.005007873921661547,1.000000392928027,2.6195201796111336,1,-0.15309302468154506,0.9933779343010897,1.0034469783672164,1.7329137794008864,-0.0010045924091217678,0.9999999556979446,1.020324820442448,1,0.7767239740143556,-1.214550889922323,1.439528667660603,-1.0081748784344193,0.0018917607459486765,1.000000043953686,0.2930245735460706,1,-4.336510685304217,-3.2357790003690807,5.41965030772236,-2.5010687571275643,-0.011487283931797715,0.9999999635510358,0.006239513702034036,0
7.300000000000001,-0.0037536189389069134,0.00473169061227269,-2.885032148076949e-10,-0.21406303688222414,0.35534575143756497,0.4168253353589265,2.1350244259728317,0.00027924131567510726,1.0000028692014158,20.42845792897119,1,0.43710351544835113,-0.5764287416711875,0.7206214244481669,-0.9344044926947821,0.005091176599804143,1.0000003937360498,2.624906998983478,1,-0.2755197634427652,0.9676896749325048,1.0056044802354325,1.857482269808825,-0.001083688522281558,1.000000213158196,1.0164970108288436,1,0.861004147869313,-1.1471676609000565,1.431559643333437,-0.9331950400164601,0.0019029992976055668,1.000000044718661,0.2981244069866814,1,-4.303379083478191,-3.2769984743577507,5.417975741776825,-2.4913049284326685,-0.01162371614442271,1.0000001888910588,0.006244637835507903,0
7.32,-0.0037536189418728386,0.004731690612046765,-2.8995038184667643e-10,-0.36072370582785074,0.25476776051934374,0.4470535676226177,2.5438248676098647,0.0002742918246925961,1.0000027574158332,19.512366875175275,1,0.5460063175278685,-0.47592276206193473,0.7197975732648859,-0.7282827290871343,0.005133823221550205,1.000000394621172,2.6308078124512373,1,-0.3935386067842423,0.9270410475652253,1.007683924752981,1.9815262536326754,-0.0011507447607685796,1.0000002941129242,1.012398647813741,1,0.9406980453920001,-1.0735970661182397,1.4240220710475628,-0.8573982528731873,0.0019106016580015459,1.0000000454910642,0.3032737620045214,1,-4.26981931970408,-3.3178922622732,5.416279550280078,-2.4815350266188254,-0.011757960493783411,0.9999998460654496,0.00624984611494134,0
7.340000000000001,-0.003753618943316153,0.004731690611831627,-2.914048113054901e-10,-0.4429260518506072,0.10931765008785843,0.4639982389277791,2.9108592503064386,0.0002700194473871214,1.0000027286503512,18.49244347857892,1,0.632241062714469,-0.35520567579233236,0.7191434808974473,-0.521735777456187,0.005151787231242686,1.0000003955464354,2.6369762354351334,1,-0.505357957990786,0.8721511671350844,1.009653702929371,2.105072080075925,-0.001202679531048185,0.9999999613722502,1.0080971190364099,1,1.0152969439943478,-0.9941423820413475,1.4169640365307195,-0.7808202257095815,0.0019151621640698686,1.0000000462664012,0.3084426739261814,1,-4.235834330127174,-3.358455989968679,5.4145618853698645,-2.471758968211164,-0.011889989376448511,0.9999999714020799,0.0062551383815031775,0
7.36,-0.003753618943506586,0.004731690611627001,-2.928579150018873e-10,-0.4541574847423049,-0.053087779435237764,0.4663154478290854,-3.0204961998005464,0.00026644728990892245,1.0000027326854786,17.515782514189933,1,0.6920975977073298,-0.2193278532463214,0.7186873095541223,-0.3148685017381777,0.005158712241943882,1.00000039647266,2.643151066938339,1,-0.6093007435523118,0.8039445573969217,1.0114842384984086,2.228153121406796,-0.0012385411248332365,1.000000180663504,1.0036613596711224,1,1.084310563004245,-0.9091559390682478,1.4104319078414365,-0.7035038425590608,0.001917294986302118,1.0000000470397872,0.3135985814498294,1,-4.201427093970077,-3.398685304142794,5.412822902698526,-2.4619766697336103,-0.012020626006084735,1.00000018602399,0.006260514466170711,0
7.380000000000001,-0.0037536189424669584,0.004731690611431312,-2.943029786886542e-10,-0.3936845978626563,-0.2066253145453968,0.453852639092642,-2.6607800878404255,0.0002635595201115957,1.0000026978381105,16.68845573096621,1,0.7229882951652755,-0.07401771235565212,0.7184488142482632,-0.10780037885855115,0.00516364224406339,1.0000003973601985,2.649067989901665,1,-0.7038256348889778,0.7235332106517038,1.0131483641199823,2.3508091005037097,-0.0012588694482254638,1.0000003123742132,0.9991607124779781,1,1.1472728290855503,-0.8190384482874833,1.4044697871279592,-0.6254991623662786,0.001917571546927407,1.0000000478059834,0.3187065561709579,1,-4.166600633505043,-3.438575872722944,5.411062760006841,-2.4521880476956857,-0.012150911250896484,0.9999998411543127,0.0062659741885324,0
7.4,-0.0037536189401279844,0.004731690611241357,-2.9573347243294634e-10,-0.26591123403827466,-0.3243568908502133,0.4275160566033844,-2.268273939287091,0.00026226136434199854,1.000002588257427,16.11768655463204,1,0.7235728954614521,0.07457131921123868,0.7184383821994652,0.09933985108067872,0.005169710315047886,1.0000003981707855,2.654471902627172,1,-0.7875455403741412,0.6321970707132488,1.0146216497279859,2.4730853783330105,-0.001265184809724076,0.9999999715433636,0.9946638946690854,1,1.203747749064729,-0.7242375110684441,1.39911895172955,-0.5468632842616894,0.0019164498224482386,1.000000048559441,0.3237296059880518,1,-4.131358014024923,-3.478123385251641,5.409281616239656,-2.442393018709734,-0.012281661672369675,0.9999999793000348,0.006271517356979986,0
7.42,-0.0037536189364694153,0.004731690611050727,-2.9714233764494e-10,-0.08413141525673738,-0.37549359040490793,0.39004407584899087,-1.810953726759685,0.00026345532057385875,1.0000024403508536,15.953223886881627,1,0.6938238928748925,0.22013731296826694,0.7186565184797732,0.30642008062654946,0.005174844001071782,1.0000003988693706,2.6591291370593564,1,-0.8592434233879761,0.5313633205603316,1.015882683424695,2.595032215063766,-0.0012596476566010349,1.000000147338663,0.9902380718387099,1,1.2533352536264308,-0.6252452639260748,1.39441729874842,-0.46766006796768983,0.0019143504242645974,1.0000000492943613,0.32862907511245465,1,-4.095702343811887,-3.517323553275188,5.407479631299947,-2.43259149969941,-0.012412982418893269,1.0000001828637817,0.0062771437703382105,0
7.44,-0.003753618931677595,0.004731690610846806,-2.9852283622497366e-10,0.11934541284447782,-0.3266170413541481,0.34809423232434417,-1.2470471240744614,0.0002670284099666907,1.0000023599313796,16.422420642995597,1,0.6350280055679075,0.3565146824490727,0.7190938131084191,0.5133109357559348,0.005174759522657662,1.0000003994258155,2.662838770514912,1,-0.9178855426833158,0.42258479365730744,1.0169133066456324,2.7167040161401843,-0.0012440227394370008,1.000000326635357,0.9859480368715889,1,1.295676859913057,-0.5225951365138843,1.390398807032891,-0.387959703702592,0.0019118728833928424,1.0000000500047723,0.3333651483409272,1,-4.059636774103601,-3.556172110734815,5.405656967065541,-2.422783408163679,-0.012543781748345124,0.9999998364964561,0.006282853220399905,0
7.46,-0.0037536189270351997,0.004731690610605871,-2.99873777285381e-10,0.2784736483464925,-0.1595259854062495,0.3152784859258989,-0.5431840024143607,0.0002732813588614059,1.0000024658661093,17.732738175552814,1,0.5497236062118143,0.4779514711625965,0.7197313914143947,0.719891718974882,0.005164424854907785,1.0000003998163416,2.6654422776245417,1,-0.962632233238194,0.3075177658384194,1.0176988053046834,2.8381585726763072,-0.0012189499677389833,0.999999986185576,0.9818554901427279,1,1.330460991984921,-0.4168577308360923,1.3870930317273025,-0.30783813190025155,0.0019098473062041756,1.0000000506846174,0.3378974499466776,1,-4.023164499056107,-3.59466481436048,5.4038137908525865,-2.4129686621809405,-0.012672842676159002,0.9999999872323904,0.006288645493691836,0
7.48,-0.003753618926099118,0.0047316906102953075,-3.01215933706106e-10,0.3076997174741483,0.08174988853390852,0.30923340055701104,0.2559375795097949,0.00028313344974720045,1.000002760073898,19.545459340091895,1,0.44157834598121787,0.5793638609464539,0.7205418175112526,0.9260558442544983,0.00512737527181871,1.0000004000246352,2.6668309016201532,1,-0.9928463510910579,0.1878993266835561,1.0182280550577087,2.95945630234541,-0.0011892846362717459,1.0000001142238621,0.9780184146192598,1,1.3574277963636703,-0.30863586356261696,1.3845246510899984,-0.22737631855693238,0.0019081384149856333,1.0000000513278577,0.3421857180742049,1,-3.986288755703319,-3.6327974440679824,5.401950278724776,-2.4031471791991454,-0.012804777691687953,1.0000001794154454,0.006294520370282823,0
7.5,-0.0037536189308137293,0.004731690609905415,-3.026007335329983e-10,0.18712710859018075,0.28580451110784505,0.33406656673677415,1.006651545710434,0.00029105053862525985,1.000003071073797,20.80388344659864,1,0.31521506618830203,0.6565546554102903,0.7214903971758717,1.1317154679697712,0.005034974210941929,1.000000400042546,2.666950306299476,1,-1.0080994970978059,0.06552447866027758,1.0184936192161294,3.0806594855203517,-0.0011684399099537782,1.0000003367556207,0.9744905381272463,1,1.3763732958275785,-0.1985588486246028,1.3827130834907508,-0.146659391217449,0.0019045686076290993,1.000000051928581,0.34619054064219523,1,-3.949012823914518,-3.670565803360309,5.40006660598407,-2.3933188743229685,-0.012950236694806464,0.9999998320992626,0.006300477620592415,0
7.5200000000000005,-0.0037536189376393193,0.0047316906094716105,-3.040695655334713e-10,-0.009946526242344846,0.3777604461359475,0.37467451792138984,1.6199651320160113,0.0002878420341286345,1.0000032533601093,21.012156833995846,1,0.1759970402581238,0.7063854953639567,0.7225367991218445,1.3368051110355108,0.0048857898719782775,1.0000003998703193,2.665802129379901,1,-1.0081761150055741,-0.05777692897275061,1.0184918161800698,-3.081353813416039,-0.0011643565707301932,1.000000005138115,0.971320871314597,1,1.3871527386495779,-0.08727613076629435,1.3816721693072007,-0.06577565080626818,0.0018978029615624998,1.0000000524811192,0.3498741285767337,1,-3.91134002635017,-3.7079657197321736,5.3981629328682645,-2.3834836621430933,-0.013111490471157722,0.9999999951865814,0.00630651700568581,0
7.54,-0.003753618943276086,0.00473169060903909,-3.056256333081042e-10,-0.20495822365282793,0.359350118437125,0.4148637312369677,2.1110610701730295,0.00027710883406383756,1.0000032641517187,20.47101359349437,1,0.02978537478480154,0.7268961567188466,0.7236368912646199,1.541284114186259,0.004694935675568305,1.0000003995164004,2.663442670052334,1,-0.9930755315706444,-0.18016335486792573,1.018222759736595,-2.9601492765374084,-0.001175288578044285,1.0000000823225106,0.968553305277553,1,1.3896830245345912,0.024549588920687645,1.3814099277000211,0.01518450006496985,0.001888282933034836,1.0000000529801625,0.3532010835471239,1,-3.87327372841456,-3.74499304507651,5.396239410950136,-2.3736414594543107,-0.013283809174617113,1.000000175684447,0.00631263828041743,0
7.5600000000000005,-0.0037536189468628245,0.004731690608636797,-3.07252143432607e-10,-0.3547514604926075,0.26207681642385,0.44573675991948564,2.5230298463349836,0.0002675543011289105,1.0000031078168272,19.566322321394292,1,-0.1173180549388195,0.7173679853596078,0.7247446787093517,1.7451378532785875,0.004477935808085076,1.000000398996914,2.659979426678101,1,-0.9630119734226209,-0.2998047505502719,1.0176903550198375,-2.8388489245716735,-0.0011967716892803415,1.0000003426590058,0.9662262571704155,1,1.3839441188444794,0.13624956884160128,1.38192841799395,0.09612968437970568,0.0018766582658707055,1.0000000534208713,0.3561391415603599,1,-3.834817338204721,-3.7816436560937325,5.394296193297113,-2.3637921851065697,-0.013463272541991528,0.9999998279697027,0.006318841194339647,0
7.58,-0.003753618948611249,0.004731690608278884,-3.08929271920777e-10,-0.4406818045604613,0.11830521030296248,0.46344872561560213,2.8915896047382614,0.00026093735431967536,1.0000028337975884,18.547663921169967,1,-0.2592293136534164,0.6783319679697742,0.7258142534935629,1.948377781900296,0.004254785657653531,1.0000003983347465,2.655564976932634,1,-0.9184125595396103,-0.4149057232254153,1.0169022530364693,-2.7173906392030944,-0.0012232288961754473,1.0000000280919104,0.9643723552302153,1,1.369979401994745,0.2471564006937817,1.3832237072389595,0.17696870985806146,0.0018633311351661061,1.0000000537989795,0.35865986380205267,1,-3.7959743064560243,-3.8179134547044633,5.392333436607086,-2.3539357592161383,-0.013647469875942427,1.0000000031500087,0.006325125490755164,0
7.6000000000000005,-0.00375361894894436,0.004731690607971186,-3.1063929119973244e-10,-0.45582087193435383,-0.04385208031302964,0.4665700920872185,-3.0395410629776203,0.00025598322453489555,1.0000025352412298,17.56577614279124,1,-0.3901313091253422,0.6115247673185835,0.7268016819848709,2.151040390174696,0.004043940053811302,1.0000003975583698,2.650389132364928,1,-0.8599132323625053,-0.5237286174340811,1.015869769042827,-2.59571422284558,-0.0012481536626194655,1.0000000525619732,0.9630181531106508,1,1.3478949406281537,0.35661134988229315,1.3852859388869057,0.2576117246761952,0.0018485667147732253,1.0000000541108864,0.36073924328795304,1,-3.7567481264847604,-3.853798368465629,5.390351300618859,-2.3440721028509115,-0.013834506498671028,1.0000001716767017,0.006331490905684352,0
7.62,-0.003753618948127572,0.004731690607715567,-3.1236682684898653e-10,-0.3991752577523973,-0.19853906610986588,0.4548948758564127,-2.6808484392262795,0.0002518656611405065,1.0000023162438851,16.727807647632705,1,-0.5047033493183313,0.5197980990628035,0.7276667502745999,2.3531852053544187,0.003858117709985893,1.0000003967005082,2.644670054374513,1,-0.7883525578362646,-0.6246164375709569,1.0146077646745817,-2.4737621506757246,-0.0012644932518244124,1.0000003443238108,0.9621838618625826,1,1.31785770767792,0.46397147280837303,1.3880994997074023,0.3379713338566054,0.0018326139446536926,1.0000000543537304,0.36235820220908854,1,-3.717142334128006,-3.889294350989998,5.388349947625681,-2.334201137996008,-0.0140224238623784,0.9999998241143226,0.006337937167362552,0
7.640000000000001,-0.0037536189462017678,0.004731690607511917,-3.14097287675702e-10,-0.27481937771126763,-0.31895873663501295,0.4292616260056439,-2.29084795697127,0.00024956907589677844,1.0000022470184449,16.13990291310902,1,-0.5983239119459075,0.40698810396869056,0.7283745072078444,2.554891992528038,0.003702452610066764,1.0000003957967105,2.638644736830319,1,-0.7047632978766605,-0.7160155025309444,1.0131344929484545,-2.351480320741437,-0.001264640339159461,1.0000000545866814,0.9618830926498249,1,1.2800928170361612,0.5686163325156425,1.3916432793446911,0.41796364392330926,0.0018157966298035647,1.0000000545254442,0.36350296053360814,1,-3.6771605076805303,-3.9243973823687734,5.386329542437743,-2.3243227876287436,-0.014208859629167481,1.000000011110058,0.006344463996525521,0
7.66,-0.003753618942933977,0.004731690607357749,-3.1581429615554213e-10,-0.0953759937444091,-0.3745656561780396,0.39227053093264375,-1.838026050346483,0.0002502683503982203,1.0000023384808392,15.94838631036141,1,-0.6672411973642579,0.2777519509594164,0.7288965626006246,2.756257318865478,0.0035751220503739056,1.0000003948838943,2.632559295684887,1,-0.610361640017309,-0.7964976815442403,1.0114714046346376,-2.228818800689658,-0.0012405951494144528,1.0000000257615314,0.9621226332802973,1,1.2348798728714143,0.6699541540980691,1.3958910132427775,0.49750920778535096,0.0017986225998982287,1.0000000546247894,0.36416526290265044,1,-3.636806267828265,-3.9591034695968266,5.384290252859631,-2.314436975863234,-0.014390675818057327,1.000000167398563,0.006351071107706233,0
7.680000000000001,-0.003753618938032821,0.004731690607243649,-3.1749800575089915e-10,0.10826037963531364,-0.33186777840356163,0.35028753634184534,-1.2810143144531494,0.0002534347124789111,1.000002554179051,16.376490235876993,1,-0.7087077776674772,0.1373789618677693,0.729212111641768,2.957390637941189,0.0034709934016103725,1.0000003939989153,2.626659435102183,1,-0.5065339601820531,-0.8647820087955959,1.0096429127719777,-2.105732567116328,-0.001184443267684906,1.0000003417749135,0.9629022717937853,1,1.1825485616385258,0.7674272882494396,1.4008116964391513,0.5765338470944762,0.0017819189492669623,1.0000000546513688,0.36434245811880245,1,-3.596083277578101,-3.9934086470006758,5.382232251244244,-2.3045436281494265,-0.014563547869791159,0.9999998205392345,0.006357758211280098,0
7.7,-0.003753618932628215,0.004731690607143717,-3.191305978159087e-10,0.2720603316570727,-0.17084580576602246,0.3165088503249646,-0.5846876971442537,0.00025966055559240514,1.0000028385867863,17.641677396232552,1,-0.7210770284969543,-0.008416718821577147,0.7293086669032662,-3.12477526850031,0.0033856334091975963,1.0000003931772052,2.6211813685288265,1,-0.39482100066167164,-0.9197554183979489,1.0076761144945547,-1.9821822281948023,-0.0010901027121498637,1.0000000840146372,0.964214613202416,1,1.1234736350376655,0.8605168832680564,1.4063700532279173,0.6549693347439929,0.001766644422879991,1.000000054605615,0.3640374329788968,1,-3.5549952421832707,-4.027308976669343,5.380155718458184,-2.2946426712712418,-0.01472300299847716,1.000000019054121,0.00636452501470914,0
7.720000000000001,-0.003753618931075258,0.004731690607015239,-3.2071977929329365e-10,0.3098416132456944,0.06900187302770004,0.30870009536337256,0.21255147715256367,0.0002703999125397659,1.0000030928451868,19.45198023923648,1,-0.7038600256598617,-0.15371527916682254,0.7291824849363762,-2.9237475169096347,0.0033094177015067045,1.000000392451509,2.616343393625829,1,-0.27689936987182767,-0.9604922801429844,1.0056004715401277,-1.8581347158513517,-0.000961372633018451,1.000000002604951,0.9660449067391214,1,1.0580694438691334,0.9487467003997911,1.4125270491826445,0.7327539248460098,0.00175237439194821,1.0000000544887613,0.3632584087194929,1,-3.5135459090641405,-4.060800548888874,5.378060848710686,-2.2847340321703693,-0.014870672685923384,1.0000001628568125,0.00637137122033286,0
7.74,-0.003753618935743429,0.004731690606839341,-3.223124839940583e-10,0.1959951699854189,0.27776753786019787,0.33214585520673023,0.969324332346045,0.0002788572935254753,1.000003170385295,20.76321180095495,1,-0.6577422677200665,-0.2926159428503548,0.7288386775480639,-2.7225895132156404,0.0032231452344663935,1.0000003918507396,2.612338264689333,1,-0.1545603110864268,-0.9862723528195501,1.00344744048618,-1.733563933162952,-0.0008161689883303663,1.0000003350761897,0.9683709359970233,1,0.9867841859823537,1.0316860423551897,1.4192404402010068,0.8098327286044242,0.0017366740023597837,1.0000000543027918,0.3620186118171222,1,-3.471739067725887,-4.093879482581854,5.375947842551708,-2.2748176358204057,-0.015015869428457762,0.9999998172501062,0.00637829651988976,0
7.760000000000001,-0.003753618942326173,0.004731690606648039,-3.239443548477827e-10,0.0007534724637550949,0.376247441364403,0.3723745225664201,1.5902778705163476,0.0002784011516822689,1.000003057841981,21.024080184277096,1,-0.5845600607485558,-0.41946113948247954,0.7282910164154532,-2.521184266604921,0.0031263605840267843,1.0000003913989703,2.609326469332752,1,-0.02968574701975183,-0.996596713883351,1.0012500471789794,-1.6084513563969423,-0.0006662805240315461,1.000000115628713,0.9711629871378217,1,0.9100940271107812,1.1089517977925514,1.4264653391778552,0.8861579512352181,0.0017187819657570153,1.000000054050376,0.3603358394913468,1,-3.4295785496741424,-4.126541925750995,5.37381689124794,-2.264893406344945,-0.01516037734894445,1.000000026969614,0.006385300592417569,0
7.78,-0.003753618947388764,0.004731690606479429,-3.2560923055036106e-10,-0.1957782503360184,0.3630762895151749,0.41287512385645264,2.0868797069599268,0.000272149496680209,1.0000028851619804,20.512518228034924,1,-0.48723681494608434,-0.5290540441376039,0.7275614447574414,-2.3194241060609198,0.003039834446435048,1.0000003911145734,2.607430489672161,1,0.0957783121016455,-0.99120117622452,0.9990424251303791,-1.4827865746913849,-0.0005126547304768023,0.9999999836171367,0.9743839079396198,1,0.82849724162567,1.1802096332795093,1.434154764895963,0.9616889907311319,0.0016999153339834021,1.0000000537347928,0.35823195166772664,1,-3.3870682283275015,-4.158784055924544,5.371668180393689,-2.25496126979819,-0.015298465116928693,1.0000001580586497,0.006392383107766142,0
7.800000000000001,-0.0037536189504688592,0.004731690606350661,-3.2728492745798254e-10,-0.34865148136618795,0.2691995107509635,0.444381243596457,2.5021201724402826,0.00026481391599958887,1.0000027668858094,19.619932600249438,1,-0.36968000483135577,-0.6168631632335674,0.7266792936995049,-2.117214835437541,0.00298117633941856,1.0000003910095212,2.6067301419609668,1,0.21985080901859752,-0.970066670281859,0.9968593181980249,-1.3565677275105819,-0.0003553914584776328,1.0000003243228188,0.977989275797595,1,0.742508503163782,1.2451743891922482,1.44226017291854,1.036392399174725,0.0016811761059302285,1.0000000533598452,0.3557323014379491,1,-3.3442120189255937,-4.190602080603201,5.369501900291867,-2.2450211542018774,-0.015425592054661538,0.9999998142521527,0.00639954373074519,0
7.82,-0.0037536189519709294,0.00473169060626456,-3.2895137048322143e-10,-0.43828940561722907,0.12718513858860198,0.4628559542527941,2.872283562488535,0.00025825538737422757,1.0000027324259257,18.602967840209974,1,-0.23664027120522602,-0.679207280062417,0.7256802174501243,-1.9144795245934814,0.002952519215939799,1.0000003910888684,2.607259122907754,1,0.3405468236965816,-0.9334260590765172,0.9947355408610458,-1.229801819337077,-0.00019541359534141933,1.0000001485555545,0.981927699388854,1,0.6526534357728135,1.3036097553962476,1.450731968817546,1.1102417290398618,0.001663174620469137,1.000000052929769,0.35286512622159577,1,-3.3010138784320304,-4.221992237708806,5.367318248652382,-2.235072988640181,-0.01553955214285314,1.0000000348439997,0.006406782124653275,0
7.840000000000001,-0.0037536189521946944,0.004731690606218044,-3.305929583904965e-10,-0.45733161010561746,-0.03465137839813915,0.46678063812222514,-3.0585546228208,0.0002522985118487151,1.0000027362509194,17.616161032106998,1,-0.09353519766073984,-0.7134136964234634,0.7246048736008839,-1.711161805157287,0.002937914908452203,1.0000003913504376,2.6090029180345424,1,0.45591046811471897,-0.8817668704090945,0.9927054043901878,-1.1025048938757864,-3.300307550105288e-05,0.9999999691470081,0.9861412795243527,1,0.5594635140713397,1.3553273150527383,1.459519991133351,1.1832172852425826,0.0016462426281884772,1.0000000524491393,0.3496609288213078,1,-3.2574778054317695,-4.252950796034938,5.3651174298583335,-2.225116702764921,-0.015639438587732184,1.0000001530116809,0.006414097954241501,0
7.86,-0.0037536189511661825,0.0047316906062052095,-3.3219673453016574e-10,-0.4045223474030717,-0.19041148918713474,0.455895147721449,-2.700813404985943,0.0002464684766486868,1.0000027062552868,16.767856505600502,1,0.05375827389507092,-0.717942487970062,0.7234973789212223,-1.5072285242729981,0.0029072156790046055,1.000000391784738,2.611898253551786,1,0.5640489247292991,-0.8158294798194121,0.9908021205413376,-0.9747020458633341,0.00013339796895928783,1.0000003096366517,0.9905662508712445,1,0.4634713781146698,1.400185052391274,1.4685739552808532,1.255305800454111,0.0016305900391150143,1.00000005192278,0.34615186741311954,1,-3.2136078400227523,-4.283474055700277,5.362899653954142,-2.215152226609094,-0.015724981224082772,0.9999998115501276,0.006421490886948543,0
7.880000000000001,-0.0037536189488383024,0.004731690606217293,-3.3375089844578376e-10,-0.28361645205193164,-0.3134302808449774,0.4309720979609878,-2.3132260886968075,0.00024096609948659164,1.0000026016284504,16.16324036456646,1,0.19913703979140046,-0.6924696270458636,0.722403580200819,-1.302671603342953,0.0028251310858571823,1.0000003923751433,2.615834288331289,1,0.6631669317750069,-0.7366003636355913,0.9890571951297553,-0.8464272505043781,0.0003075156587021137,1.0000001818174045,0.9951338207566511,1,0.36520660704668834,1.4380854228868316,1.4778438539657686,1.3265000512380416,0.001616409974769593,1.0000000513556757,0.34237117068296724,1,-3.169408063701785,-4.313558348605379,5.360665135885627,-2.2051794905418522,-0.01579613566526955,1.0000000426648055,0.006428960591671752,0
7.9,-0.003753618945192737,0.004731690606241444,-3.352443678564243e-10,-0.1065937366531301,-0.37340538880896207,0.3944792199789428,-1.8647765983213471,0.00023618515807316348,1.000002451933409,15.945344272623814,1,0.3365228679326762,-0.6379225129067482,0.721369193195229,-1.0975089523963577,0.002662562155755258,1.0000003930983594,2.6206557290962924,1,0.7516009025388456,-0.6453001641042688,0.9874998253665099,-0.7177229953062967,0.0004953391114818357,0.9999999593626856,0.9997712128757174,1,0.26519197579968606,1.4689730825106138,1.4872803119063065,1.3967984321617788,0.0016040168479432711,1.0000000507528888,0.3383525918550618,1,-3.1248825992450415,-4.343200038893287,5.358414095091422,-2.195198425325313,-0.015852625958142713,1.0000001477239062,0.006436506735807257,0
7.920000000000001,-0.0037536189403558767,0.004731690606258137,-3.3666759397671386e-10,0.09701596914468409,-0.3368129424919063,0.35250142445754884,-1.3145346009053012,0.00023207409938877908,1.0000023581038835,16.333146977502146,1,0.46012142531548783,-0.556462841794201,0.7204378781058062,-0.8917843111412024,0.0024067368080565497,1.000000393925198,2.6261679867108922,1,0.8278517747785445,-0.5433664659190095,0.986156316405684,-0.5886397053497793,0.0007055436922050521,1.0000002911711898,1.0044029067387956,1,0.16394020169543672,1.4928323675519537,1.4968348939508542,1.466204503860106,0.0015940729084100156,1.0000000501194868,0.33412991205919446,1,-3.080035610583946,-4.372395523414441,5.356146755987845,-2.185208962275903,-0.01589338005182978,0.9999998091483162,0.006444128982174297,0
7.94,-0.003753618935429007,0.004731690606236689,-3.380171394520848e-10,0.26520892281405123,-0.18196443046178282,0.31781768810393807,-0.62583163491239,0.0002320678506729342,1.0000024424729248,17.552557388519684,1,0.5646776283876034,-0.45141392553616616,0.719649335489643,-0.685565929447237,0.002063836622446106,1.0000003948216425,2.632144283702892,1,0.8906156321125724,-0.4324313697778819,0.9850495352116527,-0.4592349606406671,0.0009481057055919132,1.0000002143691136,1.0089520172034283,1,0.061951173195053416,1.5096846088569447,1.5064603658298474,1.5347265290343723,0.0015875757539637538,1.000000049460475,0.3297365001949818,1,-3.034871302676332,-4.401141232195438,5.353863350821474,-2.175211033334756,-0.015917246391534703,1.0000000504196436,0.006451826986456275,0
7.96,-0.003753618933772325,0.00473169060613597,-3.393109829566421e-10,0.3114523507246425,0.05609705858203862,0.3082655425876377,0.1690572417165249,0.00023972047090427859,1.0000027253804296,19.35690437285357,1,0.6457143776507547,-0.32713248959077235,0.7190375206512357,-0.4789440677152971,0.0016516719894625598,1.0000003957501613,2.6383344080066444,1,0.9388111320770176,-0.31429415481421186,0.9841984271157963,-0.32957251195026627,0.001226379244287487,0.9999999542658181,1.0133416525821883,1,-0.04029035863263566,1.5195853550436005,1.516110907074334,1.6023770058891211,0.001584118138923537,1.0000000487807401,0.3252049334931758,1,-2.9893939213726854,-4.429433628911793,5.35156412438767,-2.165204570087811,-0.01592915285653727,1.000000142203708,0.006459600393324378,0
7.98,-0.0037536189378593993,0.004731690605933241,-3.4060082098469335e-10,0.20456732370831351,0.2693257931445339,0.33027650906336026,0.9315884304092983,0.00024764220690534644,1.0000030456502278,20.71922203599617,1,0.6997413322913155,-0.18882845460167796,0.7186290515979268,-0.2720273721496051,0.0011926983594256948,1.0000003966712716,2.6444751439084717,1,0.9716028206401438,-0.1908895370620886,0.9836176249815717,-0.19972110741169397,0.0015281084597444285,1.0000002691320773,1.0174960608117878,1,-0.14231665419895756,1.5226215691032654,1.5257422861064065,1.6691722044343813,0.0015800572362350436,1.000000048085002,0.32056667991779103,1,-2.9436077532783833,-4.45726921136582,5.349249328454935,-2.1551895014928983,-0.015942991885978922,0.9999998070505277,0.006467448830040519,0
8.0,-0.003753618944570837,0.004731690605652185,-3.419357730988226e-10,0.01140299370077501,0.37433697262880733,0.3700759850247433,1.5602322243519062,0.00025017857806491103,1.0000032449541871,21.033679751058568,1,0.7244211143587248,-0.042339898914593777,0.7184418600246366,-0.06493819788610576,0.0007133195213002379,1.0000003975451885,2.6503012576244647,1,0.9884195103196133,-0.06425223976693832,0.9833171615654606,-0.06975316512391865,0.0018347850824326553,1.0000002451535863,1.0213415815774225,1,-0.24367845955404346,1.518908852521746,1.535312012638409,1.7351317229539365,0.0015728294868656734,1.000000047377776,0.3158518398163943,1,-2.897517125612935,-4.484644511969046,5.346919204383762,-2.145165754460708,-0.01596579733049203,1.000000058096231,0.006475371903029389,0
8.02,-0.0037536189503374574,0.0047316906053320035,-3.433284004317194e-10,-0.18651801728644365,0.3664994406341141,0.41086128173047515,2.06246704240894,0.0002481096579877839,1.000003272653825,20.55285753017846,1,0.718682308061418,0.10612606253848013,0.7184842058290157,0.14219295932453344,0.0002382711558770776,1.0000003983336863,2.6555579083043517,1,0.9889670424808625,0.06352121777365098,0.9833022892302075,0.060256623915947764,0.0021303860487740605,0.9999999537255008,1.0248082972049655,1,-0.3439461189376912,1.5085887411062253,1.54477945076011,1.8002780783690548,0.0015627869891568968,1.0000000466633416,0.3110889438057736,1,-2.8511264060655326,-4.511556098226946,5.3445739828778835,-2.135133256853103,-0.015995753561197014,1.000000136459836,0.006483369200467176,0
8.040000000000001,-0.0037536189540864576,0.004731690604997894,-3.4477004758060037e-10,-0.3424137279439095,0.2761136831038956,0.4429885596453269,2.481081615320526,0.0002443450551556925,1.000003130116272,19.673107200705104,1,0.6827717264164679,0.25027286204946847,0.7187542167569312,0.3492336297725912,-0.00022053585896071853,1.0000003990022366,2.6600149103758883,1,0.9732349233976265,0.1903124705901783,0.9835733849200069,0.19023270887806448,0.002402605034272808,1.000000243808849,1.0278331118239414,1,-0.4427103657363117,1.4918261069946737,1.5541058889940043,1.8646363205159744,0.0015505743833571493,1.000000045945721,0.30630480737898125,1,-2.8044400026454337,-4.538000573225527,5.342213893649813,-2.125091938015156,-0.016031442011580146,0.9999998052600899,0.006491440295197938,0
8.06,-0.0037536189559883603,0.00473169060466104,-3.46248940977234e-10,-0.43573586519405433,0.13593778224463962,0.46222100268343186,2.8529258093607615,0.00024048220357898015,1.0000028630724225,18.658278377614362,1,0.6182423836637824,0.3839990653970316,0.7192400343391925,0.5560556529585399,-0.0006561294988508692,1.0000003995219178,2.663479451735776,1,0.9414965594693603,0.31402189301531797,0.9841259075572231,0.32010012699188906,0.002644646677847435,1.000000273167077,1.0303623778115134,1,-0.5395828322840428,1.4688066923632561,1.563254585138972,1.9282336711817019,0.001536308590639176,1.0000000452286655,0.3015244369434805,1,-2.757462363526595,-4.563974576120226,5.339839168383763,-2.1150417280896945,-0.01607337016559161,1.0000000656824095,0.0064995847458993,0
8.08,-0.0037536189564655207,0.004731690604325434,-3.477558735767716e-10,-0.4586748162763563,-0.025503765748198896,0.4669476484921734,-3.0775529320177304,0.00023660783841798525,1.0000025621089088,17.666869029270945,1,0.5278779745244365,0.5016720531325481,0.7199204845577855,0.7625410826507804,-0.0010648166824217726,1.000000399870718,2.6658047879508397,1,0.8943031031155314,0.4326086738402857,0.9849504429586188,0.4497859856508528,0.0028538681848669675,0.999999957524658,1.0323526892322592,1,-0.6341963182475711,1.4397347930399575,1.572190791462914,1.9910991942750595,0.001519813385728732,1.0000000445156465,0.2967709766882076,1,-2.7101979768866302,-4.589474782627278,5.337450039923759,-2.104982557665373,-0.016122799566169146,1.0000001305013955,0.0065078020977313135,0
8.1,-0.003753618955798293,0.0047316906039925125,-3.4928443123916075e-10,-0.4097094050276399,-0.18226036255838357,0.4568538257364968,-2.720691608546422,0.00023250151797618321,1.0000023322679537,16.80853761119141,1,0.4155589629728429,0.5983759030588157,0.720766150100989,0.9685874104904466,-0.0014490389925968569,1.0000004000343714,2.666895808940429,1,0.8324711676668652,0.5441292359125444,0.9860328792883623,0.5792209137546481,0.0030297037040031105,1.0000002156172016,1.0337709747471617,1,-0.7262048552826046,1.40483110389345,1.5808817617381747,2.0532634985690814,0.0015008450352586866,1.0000000438098537,0.29206569183769154,1,-2.6626513707402597,-4.614497905517879,5.33504674110287,-2.0949143577548046,-0.016180915289275614,0.9999998037798439,0.00651609188301191,0
8.120000000000001,-0.003753618954067002,0.004731690603663423,-3.5082918341255986e-10,-0.2922838959778648,-0.3077902447029984,0.4326482764367574,-2.335426632335856,0.00022887936517576726,1.0000022480242898,16.187624783918725,1,0.2860791020807996,0.6701208282449217,0.7217407710931701,1.1741119092138903,-0.0018150702170311335,1.00000040000685,2.6667123339082073,1,0.7570648755296285,0.6467729379810581,0.9873547087726139,0.7083404074912513,0.0031721978717930833,1.0000002975397413,1.0345947819160604,1,-0.8152836030228822,1.3643307321385432,1.5892967426338018,2.1147584723546102,0.0014792326990922683,1.0000000431141978,0.28742798464936653,1,-2.614827112767008,-4.639040695114706,5.332629503938928,-2.0848370599344483,-0.016248307165897532,1.0000000731661627,0.006524453622048829,0
8.14,-0.0037536189510554044,0.004731690603338907,-3.5238272976662044e-10,-0.11776213009808183,-0.37203301027054153,0.3966718168822543,-1.8912286276039605,0.00022760644736094407,1.0000023251815444,15.943987186104223,1,0.14492391394808812,0.7140046804976764,0.7228029124615828,1.3790549259895102,-0.002167306653276892,1.0000003997904912,2.6652699417348975,1,0.6693728950409918,0.7388941460334426,0.988893430147116,0.8370860226517296,0.0032818876159008575,0.9999999654232349,1.0348126364283081,1,-0.9011286086217936,1.3184813800589554,1.5974069523959304,2.1756170489161937,0.0014550307668276107,1.0000000424313156,0.28287543746326616,1,-2.5667298101330034,-4.663099939790397,5.33019855932627,-2.0747505965947926,-0.01632445001913578,1.0000001243378307,0.0065328868245423605,0
8.16,-0.003753618946428491,0.00473169060301508,-3.5393348928741686e-10,0.08564179979072095,-0.3414714904254432,0.35473792883889077,-1.3476388786372209,0.00023045857120940506,1.0000025297673405,16.29222352987446,1,-0.001975842306484023,0.7283206763929349,0.7239078163968858,1.5833820116859352,-0.002502688809336204,1.0000003993957205,2.6626381373363426,1,0.5708812798968094,0.8190399452139947,0.990623028016788,0.9654063859669294,0.0033611273690743963,1.000000185140896,1.0344242106920691,1,-0.9834564590123643,1.26754169503392,1.6051855495987382,2.235873001657564,0.0014287766984463397,1.0000000417635815,0.2784238770612201,1,-2.5183641093068556,-4.68667246646794,5.327754137714326,-2.0646549013068345,-0.016407069575902104,0.9999998026121386,0.006541390992266997,0
8.18,-0.003753618941061807,0.004731690602674003,-3.5546966065114205e-10,0.2579532771898568,-0.1928906039107995,0.3192064882385143,-0.6666467874170312,0.0002382103843579886,1.000002808065278,17.465228582793557,1,-0.1485023941235999,0.7126091821380057,0.725009344653269,1.787084851910117,-0.002808824479336571,1.0000003988404018,2.658936011675968,1,0.46324303112446646,0.885972967962416,0.9925145086495538,1.0932580084323587,0.0034140153815128784,1.0000003175968997,1.0334401940896891,1,-1.062003851929799,1.2117797819605785,1.61260759354741,2.295560767812973,0.001401707001470422,1.0000000411131182,0.2740874550211464,1,-2.4697346958687976,-4.709755141122055,5.32529647229055,-2.054549909157165,-0.016492648741569325,1.0000000805356375,0.006549965622908615,0
8.200000000000001,-0.003753618939008335,0.004731690602280564,-3.5700047605613516e-10,0.3125553909946379,0.043033771185488075,0.307931140482007,0.1254221501066628,0.00025047659895200346,1.0000030700834253,19.260085775556636,1,-0.28860830338725774,0.6676547028515778,0.7260619144906536,1.9901810400158115,-0.003077182509071288,1.0000003981488708,2.6543258048660827,1,0.3482453505491523,0.9386890272986598,0.9945364736731425,1.2206058890399163,0.003439735155720162,0.9999999771897642,1.0318818617385346,1,-1.1365271086821511,1.1514718710809195,1.6196499945469167,2.3547152982636685,0.001374629011323915,1.0000000404818108,0.26987873921303945,1,-2.4208462943121947,-4.732344869281724,5.32282580507694,-2.044435556128724,-0.01658254563249036,1.0000001179789115,0.006558610212293701,0
8.22,-0.003753618943296024,0.004731690601818521,-3.585744244929967e-10,0.21286337894268492,0.2604709246846478,0.32845756504780416,0.8933985517541546,0.0002618798379382819,1.0000031692475841,20.6716627658993,1,-0.41656189349768136,0.5954318833590809,0.7270223458160976,2.192712785684816,-0.003323204993267089,1.0000003973507345,2.6490048971660944,1,0.22777554975448544,0.97642945198387,0.9966557217360965,1.347423905240719,0.0034264851913646975,1.0000001531314031,1.0297803769509097,1,-1.2068016487031747,1.086901132753566,1.6262914559719412,2.4133719251958867,0.001345640357853526,1.0000000398713218,0.26580881268212053,1,-2.3717036678375867,-4.754438596535514,5.32034238471709,-2.034311776849206,-0.01668753539899501,0.9999998017588284,0.0065673242517952524,0
8.24,-0.003753618950078267,0.004731690601324279,-3.6023413071961663e-10,0.02202669409649929,0.3720212327178648,0.36777487898997246,1.5297915588997661,0.0002665318007946418,1.000003072185432,21.040781680274073,1,-0.5271716738129807,0.49900621050779187,0.7278515602151514,2.3947447057925464,-0.0035602943353498797,1.000000396479515,2.6431967668295036,1,0.103786526965988,0.9986882103227154,0.9988378685903532,1.4736950114357166,0.003369266583868643,1.000000332881672,1.0271758610577404,1,-1.27262144307981,1.0183566297398183,1.632512428289773,2.471566245800875,0.0013128574886157277,1.0000000392831068,0.26188737837006104,1,-2.3223116181403407,-4.776033309040323,5.317846449919808,-2.0241785046176566,-0.016812160316725677,1.0000000877791615,0.006576107225347254,0
8.26,-0.003753618955535054,0.004731690600846255,-3.6197837349066786e-10,-0.17715223081530854,0.3696172635294164,0.4088174970185302,2.0378027417958298,0.0002661688396008891,1.0000029012740286,20.591976521238248,1,-0.6159827685803044,0.38239621828104275,0.7285160705087642,2.596360874253282,-0.003783609981565633,1.0000003955712125,2.6371414157654707,1,-0.021737363788745905,1.0052140715463431,1.001047954160275,1.5994112633079904,0.003276090732394301,0.9999999926068783,1.0241162775411277,1,-1.333798461522059,0.9461323969239324,1.6382950718940257,2.529334034487634,0.0012769796591092827,1.0000000387184307,0.2581228713332207,1,-2.2726749851921646,-4.797126034032008,5.315338227119875,-2.014035674442072,-0.016950722283151684,1.0000001114347172,0.006584958611327624,0
8.280000000000001,-0.0037536189589813303,0.004731690600412581,-3.6378516692081586e-10,-0.33601575436358605,0.2828217408815124,0.4415552435458965,2.459905390352949,0.0002665682156277993,1.0000027768840332,19.725865064036455,1,-0.6794403161910401,0.2504044491810624,0.7289892120829183,2.7976612769469034,-0.003990390739455839,1.0000003946628557,2.631085705055645,1,-0.14681334105284394,0.996008177909541,1.003251022269684,1.7245736652927512,0.0031557679652981017,1.000000120482777,1.0206562542521196,1,-1.3901621247599019,0.8705266377707486,1.6436232076294042,2.5867111759556267,0.0012393450644242957,1.000000038178387,0.25452257986645693,1,-2.2227986470152605,-4.817713840337365,5.312817940815556,-2.003883223942011,-0.017097186437728406,0.9999998012212693,0.006593877884479797,0
8.3,-0.003753618960810462,0.004731690600035783,-3.6563217037377527e-10,-0.43300283836820264,0.14456884902676997,0.4615426078175917,2.833512979848933,0.00027005717655080146,1.0000027364798805,18.71364971145377,1,-0.715016464238018,0.10842439700846739,0.7292520974472624,2.998757815480217,-0.004186737871125355,1.0000003937910875,2.6252739167196832,1,-0.26949154410865434,0.9713174887186973,1.0054126720052097,1.8491918656340176,0.003015456812830045,1.000000343152405,1.0168558488146637,1,-1.441558772536274,0.7918410263558994,1.6484822628198879,2.6437336091029002,0.0012008681837590485,1.0000000376639153,0.25109276882333526,1,-2.172687519448464,-4.8377938388880555,5.310285818344093,-1.9937210927126507,-0.01724752657934775,1.0000000948852623,0.00660286451485749,0
8.32,-0.0037536189613274454,0.004731690599721386,-3.67500001784149e-10,-0.45983689335810035,-0.01640116515685435,0.4670724160298899,-3.096539441674546,0.0002751154052539069,1.0000027396179645,17.71796336324112,1,-0.7212988712334307,-0.0377696493330478,0.7292942822890189,-3.083415303986038,-0.004382119870891258,1.0000003929908001,2.6199386670104206,1,-0.3878842574360146,0.931624614380864,1.0074995747773758,1.9732837302562811,0.0028619594782589505,1.00000001145551,1.0127792511198723,1,-1.4878511561753298,0.7103801040215704,1.652859220535805,2.700437282799526,0.0011620848637869051,1.000000037175819,0.24783879444175172,1,-2.122346555905698,-4.8573631832373225,5.307742090356926,-1.9835492218648627,-0.01739876603468213,1.0000001047156204,0.00661191796491433,0
8.34,-0.003753618960569635,0.004731690599471155,-3.693707258459189e-10,-0.41472825953176556,-0.17407613104150954,0.4577745489966778,-2.740492123190843,0.00028042831274231923,1.0000027142294785,16.849897185195264,1,-0.6980395430982305,-0.1822433301360143,0.7291141360389445,-2.8823648352643154,-0.004581185602320641,1.0000003922938654,2.615292436155695,1,-0.5001926961277393,0.8776345765787903,1.009479950461093,2.0968748173430947,0.002701943659791396,1.000000088181996,1.0084935147904932,1,-1.5289179634510695,0.6264507604469906,1.6567425729796832,2.7568581239549492,0.0011233523582324784,1.000000036714781,0.2447652070047086,1,-2.071780747127228,-4.87641907008033,5.305186990517686,-1.9733675538637088,-0.01754824783814584,0.9999998010003173,0.006621037685574,0
8.360000000000001,-0.003753618958509622,0.00473169059928313,-3.7122649138715547e-10,-0.3008191965852973,-0.3020291248990679,0.43429506511922755,-2.357470098380376,0.0002853559284902496,1.0000026148607968,16.21305491078368,1,-0.6461634465231735,-0.31912729393692335,0.7287189017274652,-2.681154917626404,-0.004780092344884459,1.0000003917280729,2.611520485588265,1,-0.6047311563815052,0.8102590198908853,1.011323997731994,2.2199977732335383,0.002541812610095273,1.000000348355969,1.004067351276383,1,-1.5646533819678543,0.540361789545137,1.6601222794034098,2.8130320164358555,0.0010849933486418856,1.0000000362813768,0.24187584486402422,1,-2.0209951209239536,-4.894958739777909,5.302620755311081,-1.9631760325164187,-0.01769321625912108,1.0000001018426847,0.006630223111752855,0
8.38,-0.0037536189551094596,0.0047316905991502695,-3.7304902743284796e-10,-0.1288825585326447,-0.3704411673986141,0.3988523279483343,-1.9174184234625797,0.0002896493270936168,1.0000024642684873,15.944241617629315,1,-0.5677367839968069,-0.44284057215762485,0.7281244284910943,-2.4796703929195725,-0.004966260053815104,1.0000003913162008,2.6087746718542837,1,-0.699948437814908,0.7305983688588137,1.0130042766928604,2.3426916692995134,0.00238801442982594,1.0000000334842187,0.999570001671871,1,-1.594966705797085,0.4524235108851734,1.6629897291081095,2.8689947890453817,0.001047403406788805,1.0000000358760885,0.2391739243569773,1,-1.9699947419152015,-4.912979476883608,5.300043624113056,-1.9529746030622883,-0.01783038199356115,1.0000000978322712,0.0066394736583442965,0
8.4,-0.003753618950447836,0.004731690599057811,-3.748205730166876e-10,0.07413766081352478,-0.3458375416691529,0.35699737093480505,-1.3803747201408973,0.0002944790581127086,1.0000023581391462,16.25360252955916,1,-0.46589524953622363,-0.5483061196325182,0.7273545942308075,-2.2778064901076056,-0.005115962556860439,1.0000003910751474,2.607167648535395,1,-0.784446527163198,0.6399223766524017,1.014496043724909,2.46500129723003,0.0022474194617680306,1.0000000572466903,0.9950702004879667,1,-1.6197819889849772,0.36294744746090923,1.6653377100099493,2.924782211159934,0.0010111871611039169,1.000000035499319,0.2366621268531466,1,-1.9187847112606218,-4.930478610673684,5.297455839958252,-1.9427632123870242,-0.01795530255264896,0.9999998010963265,0.006648788718570928,0
8.42,-0.003753618945463143,0.004731690598978928,-3.765280006187699e-10,0.25029489086058954,-0.20361095417525724,0.3206715063744306,-0.7071664538207979,0.00030133802900630285,1.000002421017284,17.379719864726027,1,-0.34473312293927444,-0.6311521100949619,0.7264404400941789,-2.075472925319397,-0.005196998060675939,1.000000391015243,2.6067682874873355,1,-0.8569965952895845,0.539649453395598,1.0157775391164436,2.586976437904769,0.00212747977631888,1.000000348590616,0.9906352402167518,1,-1.6390377487891867,0.2722460508228718,1.6671603828668284,2.9804299955336084,0.000977218335040409,1.0000000351514022,0.23434268145889728,1,-1.8673701663859767,-4.94745351567823,5.2948576525314905,-1.9325418092745288,-0.018062671575222924,1.0000001086404093,0.006658167666466614,0
8.440000000000001,-0.0037536189432631527,0.004731690598873642,-3.7817696023345615e-10,0.31313844554022807,0.02983124326635008,0.3076941110009312,0.08163733612042916,0.0003115213705233847,1.0000026904804415,19.16175765518856,1,-0.2091548458866893,-0.6878921883449879,0.7254190306625669,-1.872597597318438,-0.0051890424147495754,1.000000391139781,2.60759853978505,1,-0.9165524017974696,0.4313250996059066,1.0168302259870603,2.7086711156779897,0.0020322384591751294,1.0000000583776474,0.986330139851314,1,-1.6526867209422114,0.18063246490788623,1.6684532578875149,3.035973808363165,0.0009457741761665004,1.0000000348326161,0.2322174415681965,1,-1.8157562807018717,-4.963901612211963,5.292249324627543,-1.9223103438511897,-0.018152178903143544,1.0000000907955802,0.0066676098620768575,0
8.46,-0.0037536189467716145,0.004731690598713978,-3.798073817257164e-10,0.22086206025393276,0.2512093882886522,0.3266882297785731,0.8547413257725442,0.00032170592988081274,1.0000030184215372,20.62070478016937,1,-0.06469186687376881,-0.7160775163926927,0.724332058707877,-1.6691297295814396,-0.005108049118721708,1.0000003914447606,2.609631737721974,1,-0.9622612249759906,0.31659970755275185,1.0176389788182818,2.8301428393241688,0.001953911570669682,1.0000000286640724,0.9822169165136797,1,-1.6606956687428047,0.08842032024133686,1.6692131671289399,3.0914492813866943,0.0009150733065068484,1.0000000345431932,0.2302879542153649,1,-1.763948263314446,-4.979820366905003,5.2896311322312535,-1.9120687651754713,-0.018234552595355707,0.9999998015091489,0.006677114654577469,0
8.48,-0.0037536189533784715,0.004731690598516544,-3.8146278236866893e-10,0.03260761761532894,0.36929782212745393,0.3654704177229482,1.4989419420870853,0.0003252467651559803,1.0000032347055532,21.04554949421549,1,0.08271093112899262,-0.7144132856843682,0.7232242251545454,-1.4650423210225767,-0.0049799858898472256,1.0000003919188742,2.612792495262186,1,-0.993472441543815,0.19720593468875663,1.0181922366264138,2.951451829278381,0.0018826644430652165,1.0000003440700853,0.9783539537429069,1,-1.6630452473112822,-0.00407644952066656,1.6694382461990283,-3.1362932895752875,0.0008833942723915932,1.0000000342833282,0.2285555217812265,1,-1.7119513587280077,-4.995207293234086,5.287003348182997,-1.9018170204858218,-0.018316478889200124,1.0000001152676703,0.006686681384476354,0
8.5,-0.003753618959267212,0.0047316905983167245,-3.831516302149618e-10,-0.16769401694766664,0.37242491109452125,0.4067429378234688,2.012877806531158,0.00032230421987806864,1.0000032796271145,20.63006292540296,1,0.22693304232180916,-0.6828326054972778,0.7221414554954214,-1.2603337628556106,-0.004821359433520935,1.0000003925437602,2.6169584008824653,1,-1.0097438736572661,0.0749358017984498,1.0184821280090142,3.072660253215513,0.0018170162865236027,1.0000000857338665,0.9747954530972714,1,-1.65972992397277,-0.09654377649697043,1.6691279393155725,-3.0808477054540138,0.0008508009376894001,1.0000000340531885,0.22702125595298056,1,-1.6597708465395065,-5.010059952053128,5.284366236304019,-1.8915550579851161,-0.018394201637538538,1.0000000836167002,0.006696309389768288,0
8.52,-0.0037536189631344223,0.004731690598135787,-3.8485957996881037e-10,-0.32946894688667394,0.28931723235878526,0.44008040266864634,2.4385859556249123,0.00031703677871638844,1.000003151403822,19.778390137175624,1,0.3619321421998051,-0.6225215112225044,0.7211290146087956,-1.0550284608439926,-0.00465193225204515,1.0000003932945483,2.621963654517107,1,-1.0108460021807624,-0.04838237378443999,1.0185045508174964,-3.0893538347899274,0.0017571106037041337,1.0000000033394956,0.9715909577798834,1,-1.6507579553784446,-0.1886676204744731,1.6682830059080898,-3.025363687489674,0.0008177152756653707,1.000000033852919,0.22568612602373442,1,-1.607412041123236,-5.024375952122662,5.281720060428589,-1.8812828279950264,-0.01846356083659598,0.9999998022381349,0.006705998010747263,0
8.540000000000001,-0.003753618965100486,0.004731690597979135,-3.8656922107804803e-10,-0.43010010032292656,0.15306959950458424,0.46081918527709126,2.8140412258192233,0.00031232138690711757,1.000002892116367,18.76923661838445,1,0.48200358656539183,-0.5358904069998347,0.7202295829144867,-0.8491763471855086,-0.004492348460746624,1.000000394140711,2.6276047393968107,1,-0.9967641178764803,-0.17090713112357725,1.0182592087142976,-2.968156021311548,0.001701173258081834,1.0000003350945874,0.9687849387092327,1,-1.6361514214469353,-0.2801341311650652,1.6669055242679274,-2.969805630562624,0.0007842794731629035,1.000000033682651,0.2245510058773985,1,-1.5548802913048052,-5.0381529506394545,5.279065089295745,-1.8710002823425294,-0.018522975606193197,1.0000001217139711,0.006715746589021114,0
8.56,-0.0037536189655854595,0.004731690597843409,-3.8826701142385955e-10,-0.460824528397044,-0.007355272588402987,0.4671513856731473,-3.1155160825120545,0.0003087931262587482,1.0000025896022504,17.769559351510573,1,0.5820335699431173,-0.42648961573972705,0.7194813790908052,-0.6428512181474001,-0.004355428300752614,1.000000395047217,2.633648113020712,1,-0.9676984493581527,-0.290807045816849,1.0177496119413787,-2.8468681347200055,0.0016466808334370852,1.0000001150537718,0.966416428688113,1,-1.6159463156059521,-0.3706298182633333,1.6649988996224296,-2.914137896441786,0.0007504489720354476,1.0000000335425083,0.22361672269614594,1,-1.502180980024916,-5.0513886537680435,5.276401596719668,-1.8607073737982116,-0.018572488962159267,1.0000000763070103,0.006725554462406397,0
8.58,-0.0037536189648904672,0.004731690597721721,-3.899440865692827e-10,-0.41957973110067254,-0.1658736948727156,0.4586503429646725,-2.7602114062381418,0.0003062040415556671,1.0000023495362949,16.89202995377152,1,0.6577328105548432,-0.29886978208674114,0.7189164255322866,-0.43614789126620807,-0.00424240389579934,1.000000395975962,2.639839746629943,1,-0.9240622710201372,-0.4062838856770612,1.016983043130801,-2.7254277754997287,0.0015915738297195216,0.9999999820566285,0.964518687960998,1,-1.5901926903465895,-0.4598417370331868,1.6625678776550241,-2.8583248030867794,0.0007161146693624209,1.0000000334326158,0.2228841056234919,1,-1.4493195239939551,-5.064080817175481,5.2737298605976815,-1.8504040558258221,-0.01861288644969476,0.9999998032821333,0.006735420958147033,0
8.6,-0.003753618963137633,0.004731690597606666,-3.915945744753513e-10,-0.30921348727940273,-0.29616389692960043,0.4359014111242427,-2.3793400622596814,0.0003048852150850003,1.000002250466859,16.239652367430452,1,0.7058374764634462,-0.15839144240277309,0.7185590542223391,-0.22917825463075553,-0.004144628040375025,1.0000003968874245,2.6459161635651482,1,-0.8664779581789626,-0.5155956845300322,1.0159704870460888,-2.6037743844565684,0.001535333351838844,1.0000003220285145,0.9631189031393862,1,-1.5589548568558818,-0.547457697533645,1.6596185625710673,-2.802330617234144,0.0006811694157181628,1.0000000333531043,0.22235402808319987,1,-1.3963013733380518,-5.076227246569143,5.271050161849742,-1.840090282518148,-0.018645119502252918,1.0000001279691024,0.00674534538609923,0
8.620000000000001,-0.003753618960139544,0.004731690597490836,-3.9321265167535646e-10,-0.13993244247368228,-0.36864421283576115,0.40100633860519885,-1.9433053618428087,0.0003056482655642483,1.0000023131839009,15.946321576134341,1,0.7242650734874877,-0.010991788280754193,0.718424744419339,-0.02206636885086743,-0.004048148728263702,1.0000003977424672,2.651616448386703,1,-0.7957709223535931,-0.6170796582539739,1.0147265214373495,-2.4818500067085614,0.0014803556432192756,1.000000145740696,0.9622379397421231,1,-1.5223116373755974,-0.6331665059019037,1.6561584395231146,-2.7461195508378884,0.0006455792507827548,1.0000000333041155,0.22202743711743722,1,-1.3431320112372434,-5.087825798237338,5.268362783509516,-1.829766008672811,-0.01866970787399337,1.0000000688780954,0.006755327033062131,0
8.64,-0.0037536189555396147,0.004731690597363445,-3.9479012680504466e-10,0.0625401792918244,-0.34991136035772824,0.3592645006961734,-1.4126604461291083,0.00030935338645954883,1.000002506438831,16.21769357392665,1,0.712215241253889,0.1370799357237063,0.7185193678798104,0.1850571338327869,-0.003938301196026776,1.0000003985041825,2.6566945500111956,1,-0.712961330730026,-0.7091748583616306,1.013269165925646,-2.3596000560821584,0.00143228521937234,0.9999999654472335,0.9618901070325973,1,-1.4803566687683458,-0.7166582462751314,1.652196402165081,-2.689655762213026,0.0006095100954634576,1.000000033285805,0.2219053672853794,1,-1.289816953556277,-5.098874379592378,5.265668010384671,-1.819431190040177,-0.018685909081808408,0.9999998046394944,0.006765365159551736,0
8.66,-0.0037536189499899086,0.004731690597201744,-3.9631892993080564e-10,0.24226808286243656,-0.21409611714402632,0.3222026033218302,-0.7472493255326886,0.0003166352039409198,1.0000027779180192,17.296786063682834,1,0.670208720116709,0.2795443017956205,0.7188388927195437,0.3920610414013437,-0.003804002203616684,1.000000399139667,2.6609311140585326,1,-0.6192534955547564,-0.7904444185346725,1.0116196893626388,-2.2369740747294564,0.001399391629718317,1.0000003052819264,0.9620829024879599,1,-1.4331987553078016,-0.7976246119745368,1.6477427866618553,-2.6329033625586815,0.0005732972711761201,1.0000000332983414,0.22198894261466495,1,-1.2363617484680274,-5.1093709497143935,5.26296613081208,-1.809085783708417,-0.01869157300187419,1.000000134023158,0.0067754590003206066,0
8.68,-0.0037536189472097054,0.004731690596966022,-3.97810029709178e-10,0.31319853644693374,0.016534499086878627,0.3075575990850051,0.03787114034658807,0.0003277925623310329,1.0000030457159395,19.062786716278545,1,0.60006184055218,0.41037522149708383,0.7193695672747584,0.5988195917972104,-0.0036488827399212714,1.0000003996216114,2.6641440763415796,1,-0.5160228107751089,-0.8595971981581076,1.0098023760075276,-2.1139264802062088,0.001386828588381808,1.0000001771066007,0.962816776643042,1,-1.3809622678249713,-0.8757592947047411,1.642809411146536,-2.575826427186437,0.0005363281960987757,1.0000000333419057,0.22227937192061378,1,-1.1827719760688318,-5.119313519894604,5.260257442493008,-1.7987297478756215,-0.018688398171477983,1.0000000613417313,0.006785607767425053,0
8.700000000000001,-0.0037536189507969184,0.00473169059663104,-3.99315094011532e-10,0.2285317797296581,0.24155923308085153,0.3249818955469324,0.8157316774416803,0.000338067745099531,1.0000031657998343,20.56671850749035,1,0.5047982876139282,0.5240693625395654,0.7200885777091809,0.8052181872591896,-0.0035012047639560733,1.0000003999295937,2.6661972905168643,1,-0.4048001168371471,-0.9155085689092478,1.0078442421081346,-1.990417289451542,0.0013885118023182397,0.9999999539678023,0.9640849367161467,1,-1.323787585259909,-0.9507584408710933,1.6374096109805176,-2.518389013233759,0.0004959105501864573,1.000000033416691,0.22277794012925034,1,-1.1290532479847857,-5.128700154178261,5.257542254272161,-1.7883630396534498,-0.01868917789591793,0.9999998063080716,0.006795810650490746,0
8.72,-0.0037536189574735937,0.004731690596225758,-4.0088741094096436e-10,0.043119096775281925,0.3661573064288964,0.3631771804951587,1.4677427601356106,0.00033740581012920806,1.0000030854693587,21.047962815238034,1,0.38850408976342193,0.6158869537185505,0.7209651423618558,1.0111584850563005,-0.0033883930389471757,1.0000004000509664,2.6670064420554653,1,-0.2872533953316656,-0.9572400285981004,1.0057746958095801,-1.8664128217210045,0.001401023191305569,1.0000002852930612,0.96587319313693,1,-1.26183157353716,-1.022321184550788,1.631558270185417,-2.4605551961276784,0.0004504974093335416,1.0000000335228993,0.2234859957444425,1,-1.075211206969309,-5.137528969908233,5.254820870499031,-1.777985613863263,-0.018703779236530705,1.000000139866549,0.006806066814509602,0
8.74,-0.003753618963078488,0.004731690595798505,-4.0253701500542194e-10,-0.15815577863469044,0.37490155791007035,0.40464957540898866,1.9877204332370293,0.0003289956081798368,1.0000029175353236,20.66694064402308,1,0.2561352901035931,0.6820519178611649,0.7219619594803728,1.2165625778365772,-0.0033270229275267783,1.000000399981365,2.6665424333082384,1,-0.1651667349359708,-0.9840572637444612,1.0036251587278793,-1.7418863719413198,0.0014314018942339067,1.0000002083818207,0.9681598596562849,1,-1.1952680954793702,-1.0901502670793326,1.6252718719391746,-2.402289123548151,0.000401064002498254,1.00000003366074,0.2244049328337139,1,-1.021251526493121,-5.145798138268274,5.252093581894598,-1.7675974257500726,-0.01873026439685124,1.000000053709862,0.006816375403457148,0
8.76,-0.0037536189666837016,0.004731690595379943,-4.0424986535309015e-10,-0.3227734928054726,0.2955770690381186,0.43857253826374454,2.417134732548394,0.0003193890259101393,1.0000027874806123,19.830459190537752,1,0.11329020348432177,0.7199025654985571,0.7230369035925029,1.4213760684700554,-0.00332360846405901,1.0000003997248,2.6648319991695937,1,-0.040416569783212605,-0.9954462237357404,1.0014286508713497,-1.6168188192500335,0.0014854279320735814,0.9999999478811764,0.9709157198987656,1,-1.1242885442073602,-1.1539527535965612,1.618568557807829,-2.343555075143608,0.00034892133307645533,1.000000033830425,0.22553616533941806,1,-0.9671799103258302,-5.153505884823725,5.249360673308428,-1.7571984326699148,-0.018764697495725385,0.9999998082852252,0.006826735547764602,0
8.780000000000001,-0.0037536189686509184,0.004731690594985415,-4.0600992099598665e-10,-0.42701930260925064,0.16141821926044486,0.46005600739403746,2.7945133098439188,0.00031083873916776163,1.0000027409175145,18.82482377687293,1,-0.034040570482327066,0.727987792346148,0.7241448964228158,1.6255699693455885,-0.003378296941842648,1.0000003992932684,2.6619551235799035,1,0.08505472857094556,-0.9911267199961323,0.9992193277609606,-1.4911991535432325,0.0015632754639186021,1.0000002625105908,0.9741040801802173,1,-1.0491023909948192,-1.2134408571152062,1.6114681804681819,-2.2843175349255604,0.0002950938874368844,1.000000034032164,0.22688109253721303,1,-0.9130020921076548,-5.1606504900588055,5.2466224293695225,-1.7467885938141257,-0.018804866169380385,1.0000001454900216,0.006837146370158648,0
8.8,-0.003753618969298557,0.0047316905946238165,-4.078034290463939e-10,-0.4616239812047247,0.0016142732611930358,0.46718757719412746,-3.1344842212289734,0.00030330884651858853,1.0000027428823,17.821478982848916,1,-0.1797331379153945,0.7061073377560537,0.7252398561709292,1.829141403281589,-0.0034856930221641973,1.0000003987060255,2.65804016983108,1,0.20926772510093838,-0.9710630294427786,0.9970319741159304,-1.365024906692566,0.001660737555052737,1.000000238727557,0.977680932256316,1,-0.9699377367509358,-1.2683328807184209,1.6039923533060663,-2.2245412827135183,0.00024054647011615955,1.0000000342661581,0.22844105482256247,1,-0.8587238349107189,-5.167230289911152,5.24387913541919,-1.7363678698109606,-0.018849519044680324,1.0000000459945835,0.006847606989452018,0
8.82,-0.003753618968686412,0.004731690594301122,-4.096174632123306e-10,-0.42424688201039196,-0.15767061057460102,0.459483154513407,-2.7798537053032755,0.00029585570746637653,1.0000027218121468,16.93479404048725,1,-0.31778600633298854,0.6552978512598778,0.7262766246811783,2.0321131625753197,-0.0036343363933327827,1.000000397988562,2.6532570809683875,1,0.33023696479103704,-0.9354709688502552,0.994901461870154,-1.2383024674589649,0.0017708887062625933,0.9999999472444931,0.9815952490471668,1,-0.8870418542547123,-1.318354288366331,1.5961644989520345,-2.164191506048446,0.00018635884353189965,1.000000034532592,0.2302172788208656,1,-0.8043509307897254,-5.173243676304236,5.2411310771426995,-1.7259362225979042,-0.018897542131359857,0.9999998105678263,0.006858116522729388,0
8.84,-0.003753618966796396,0.004731690594020495,-4.1143827407552624e-10,-0.31744753041327056,-0.290210467055847,0.43746869912659747,-2.401044925564853,0.0002879423783698928,1.0000026279525827,16.267286247771302,1,-0.4425618223685457,0.5777690240049711,0.7272127912554343,2.2345322395476095,-0.0038080341798542826,1.0000003971713682,2.6478091218968824,1,0.44600376118799573,-0.8848209214867956,0.9928621798095718,-1.1110472576229296,0.0018859052410122607,1.0000002373783672,0.9857894347306673,1,-0.8006817059830028,-1.363238914426961,1.5880098956877722,-2.1032339339202397,0.0001338126378008391,1.0000000348316216,0.23221081067873897,1,-0.7498892003217369,-5.178689097677688,5.238378540138976,-1.7154936154610674,-0.01894747368089565,1.0000001508846699,0.006868674085875982,0
8.860000000000001,-0.003753618963576911,0.004731690593780725,-4.13250557038114e-10,-0.15088922953316877,-0.36665663511959706,0.4031341948367228,-1.9689035517789313,0.0002805933796201789,1.0000024773260043,15.950081266981515,1,-0.5490064988357469,0.4767957618098844,0.72801034805423,2.436467473934222,-0.0039884399509492775,1.0000003962885546,2.64192369831368,1,0.5546701720375178,-0.8198363448648075,0.9909474435440611,-0.9832837481318407,0.0019988967479304546,1.0000002672542854,0.9901999476071044,1,-0.7111444198698414,-1.4027303213443731,1.5795557199972583,-2.0416349942006593,8.448451073535814e-05,1.0000000351633656,0.23442243665625176,1,-0.6953444921350646,-5.183565059515935,5.2356218096621046,-1.7050400131893895,-0.01899703466270134,1.0000000382081242,0.006879278792531872,0
8.88,-0.0037536189590754586,0.004731690593573661,-4.15038249428068e-10,0.05087831331625943,-0.3537033846720732,0.3615375871026687,-1.4445125077799237,0.0002764224016322151,1.0000023600681291,16.18434400045636,1,-0.6328391575406097,0.35657334111563155,0.7286371274439295,2.6380064763892004,-0.0041575463589530225,1.0000003953764114,2.635842742034406,1,0.6544334737286559,-0.7414873718744097,0.9891888966862864,-0.8550452968446658,0.002105644437145621,0.9999999519080986,0.9947581083232974,1,-0.618737702597736,-1.4365833136637207,1.570831083558293,-1.9793619969306446,4.040655851956728e-05,1.0000000355278886,0.2368525914527432,1,-0.6407226824275148,-5.18787012487576,5.232861170860819,-1.6945753823780856,-0.019042412581800824,0.9999998131522624,0.0068899297523584,0
8.9,-0.0037536189540776114,0.004731690593379797,-4.167879010669173e-10,0.23390620624421737,-0.22434261267117447,0.323796450077726,-0.78689631964223,0.00027836870806354505,1.0000024018051947,17.216396502138526,1,-0.6907082222000852,0.2220428282211596,0.7290679856581802,2.839251987182027,-0.004300053637803529,1.000000394471961,2.6298130739444034,1,0.743620329436653,-0.6509792379188415,0.9876159168688675,-0.726373794093275,0.0022060179885709987,1.0000002103281016,0.9993910911084306,1,-0.5237901669718869,-1.4645656148847959,1.561867063488809,-1.9163833452989913,4.044878891231752e-06,1.0000000359251882,0.23950125442349524,1,-0.5860296744742141,-5.191602914912086,5.230096910921485,-1.6840996918924047,-0.01907801539622519,1.0000001560419496,0.00690062607046352,0
8.92,-0.0037536189514147294,0.004731690593165647,-4.185014236199325e-10,0.31275438300257424,0.003160477490005081,0.30752133183270103,-0.005857730110989785,0.0002869910836608523,1.0000026558897088,18.963292943162813,1,-0.7203105824685259,0.07869394202877676,0.7292857070436957,3.040317819663446,-0.004412314721728567,1.00000039361156,2.624077066699293,1,0.8207197535540035,-0.5497354228343381,0.9862550455242846,-0.5973191084228529,0.002300699606368041,1.0000002930513154,1.004023085218911,1,-0.42665154673863764,-1.486459711510986,1.552696725012242,-1.8526687738741976,-2.3142347396877317e-05,1.0000000363551744,0.24236782999176235,1,-0.5312713981247793,-5.1947621094012995,5.227329325619381,-1.6736129128566313,-0.019101307015398517,1.0000000303628245,0.006911366848319628,0
8.940000000000001,-0.003753618954373734,0.004731690592905043,-4.202137440095788e-10,0.23587762972615828,0.2315277078511437,0.3233414693896395,0.7763696450552857,0.0002968324140107628,1.00000298963963,20.509646579445143,1,-0.7204719566504119,-0.06764779655334377,0.729281608779679,-3.0418607899617602,-0.004516700047138466,1.000000392829577,2.6188638472862413,1,0.8844139155678872,-0.43937558127499765,0.9851294601660844,-0.467938327305723,0.0023830516765872625,0.9999999615315894,1.0085766775738227,1,-0.32769276928071656,-1.5020648659342308,1.5433551278735864,-1.7881896113782219,-4.2923421538174743e-05,1.0000000368176516,0.245451010600172,1,-0.47645380928881514,-5.1973464472624755,5.22455872399212,-1.6631150165871782,-0.019121292038495594,0.9999998160344423,0.00692215118097456,0
8.96,-0.0037536189609182185,0.004731690592614792,-4.2196793802184995e-10,0.053569337990129084,0.36259813513992867,0.36089702485129826,1.4361796102394937,0.00030100946984669457,1.0000032226817586,21.047864290929205,1,-0.6911874291512858,-0.21104317354041116,0.7290558424809194,-2.8407904762561498,-0.004640128140454632,1.0000003921571814,2.614381209795079,1,0.9336058137187334,-0.3216885371386445,0.9842584904223796,-0.33829479231805826,0.0024465534791236585,1.0000001817863702,1.012974370531819,1,-0.22730585371594017,-1.5111992958590692,1.5338793022881971,-1.7229190766421523,-5.684386955685376e-05,1.0000000373122937,0.2487486253707354,1,-0.42158288940964256,-5.1993547270784015,5.2217854151664,-1.6526059727710827,-0.01914630693244002,1.000000160953694,0.006932978148292983,0
8.98,-0.00375361896702246,0.004731690592334524,-4.237726367734007e-10,-0.14852564153474934,0.3770449823451923,0.40253754677313536,1.9623170883840981,0.0002983593462485832,1.000003285068292,20.70247294280759,1,-0.6336217143605836,-0.34566448687036777,0.7286173983401872,-2.6395361645448965,-0.004788895376975977,1.000000391621252,2.6108083478760586,1,0.96744289164111,-0.19860083438672466,0.9836571921604707,-0.20845696180217146,0.0024958695691064533,1.0000003152325787,1.017140147622354,1,-0.12590359895627917,-1.5137025130328365,1.524308210246377,-1.656832617001512,-6.348933092953019e-05,1.0000000378386213,0.25225747611633037,1,-0.3666646449279463,-5.200785807617268,5.219009697131331,-1.6420857517315548,-0.019172998440841846,1.0000000224711194,0.006943846809309543,0
9.0,-0.003753618971133279,0.0047316905920907195,-4.2561027705639853e-10,-0.3159171434502122,0.30159995553366015,0.4370308730553315,2.3955428989656022,0.0002919823405156148,1.0000031716250293,19.881968996725043,1,-0.5500691282929374,-0.4660177897845342,0.7279837981202852,-2.4379843540354553,-0.004956906222346516,1.0000003912434245,2.6082894972180606,1,0.9853357606519878,-0.07214154378800144,0.9833360143961409,-0.07849713155971284,0.0025395333886330455,0.9999999756214443,1.0210011226523918,1,-0.02391902380438163,-1.509437808392942,1.5146826979728396,-1.5899082746906885,-6.115007430026076e-05,1.000000038395974,0.2559731602205243,1,-0.31170510673575214,-5.201638608353271,5.216231863389066,-1.6315543263271284,-0.019195647074810782,0.9999998192098037,0.006954756200794234,0
9.02,-0.003753618973301583,0.0047316905918923366,-4.2745811838079684e-10,-0.4237493381327224,0.1696134732308002,0.4592521341175102,2.7749246600422817,0.00028487540811901956,1.0000029208434396,18.880328399256957,1,-0.44387367963759494,-0.5671559997246076,0.7271804751819542,-2.236032772001804,-0.005129147703800968,1.0000003910392892,2.606928593860708,1,0.9869713354539966,0.055595793403744945,0.9833005688902132,0.05150996563609092,0.002585040708489042,1.00000015219912,1.0244891910008707,1,0.07819548048658387,-1.498294864131016,1.505045419687069,-1.5221270764358839,-4.9013064977601384e-05,1.0000000389834822,0.2598898813308014,1,-0.2567103296200315,-5.201912109985105,5.213452209463263,-1.6210116717466976,-0.019210679733101102,1.0000001656121245,0.0069657053348823085,0
9.040000000000001,-0.0037536189739316283,0.004731690591737586,-4.292965878616162e-10,-0.46222547606357717,0.010505264859263282,0.4671804317878927,3.1297397431299965,0.0002782187836887509,1.0000026176380035,17.87364599319201,1,-0.3193102711331869,-0.6448763968190967,0.7262398545673788,-2.0335944341959675,-0.005280851533270971,1.0000003910177608,2.6067850720918697,1,0.9723198836752303,0.18249305652400294,0.9835515043241093,0.18148864043470422,0.0026382115534413484,1.00000033299874,1.0275426092360669,1,0.17996932547197103,-1.4801924654164886,1.4954407267766927,-1.453473448719628,-2.701303192099938e-05,1.0000000396000375,0.2640002504508108,1,-0.2016863916960537,-5.201605354952882,5.210671034543195,-1.610457764992014,-0.019216152635653256,1.0000000145455161,0.006976693196018594,0
9.06,-0.0037536189733417056,0.004731690591619491,-4.3111076947904836e-10,-0.4287209498503252,-0.14947089099927358,0.46027331451881137,-2.7994196622702585,0.0002714980505703,1.0000023680018235,16.978109653273545,1,-0.18142885819910115,-0.6958956384673843,0.725200150518493,-1.8306012765413622,-0.005381426816325303,1.000000391180643,2.607870953527038,1,0.9416357157778915,0.3064481460062963,0.9840844899738302,0.31136375877414657,0.0027029397770839177,0.9999999935878146,1.0301074414927422,1,0.2809152683512939,-1.455081275783684,1.485914521865945,-1.3839356554201951,4.365097065639147e-06,1.0000000402442621,0.26829508039381234,1,-0.14663939383107527,-5.200717447953506,5.207888641400211,-1.599892584591398,-0.01921094610117956,0.9999998226733192,0.006987718739359136,0
9.08,-0.003753618971692915,0.004731690591529132,-4.328890778823591e-10,-0.3255130694511472,-0.28417542563952203,0.4389987268327709,-2.4225873380259006,0.00026358390440570757,1.000002254350834,16.295859929907305,1,-0.03586462947629017,-0.7179950722945366,0.7241039084832859,-1.6270072040914259,-0.00540320391321241,1.0000003915224116,2.6101494100422777,1,0.8954514870466266,0.4254151298819615,0.9848903105132099,0.441062237063989,0.0027817563136726463,1.0000001220684163,1.0321388145632744,1,0.3805313599803739,-1.422946630706533,1.4765140755168613,-1.3135062513189997,4.418657893346601e-05,1.0000000409144765,0.27276317659626514,1,-0.09157545905880804,-5.199247556453077,5.205105335972177,-1.5893161104818094,-0.01919426658542914,1.0000001700098642,0.0069987808920239526,0
9.1,-0.0037536189688198154,0.004731690591456346,-4.34620742173486e-10,-0.16174402043272312,-0.3644883349322383,0.4052394167299914,-1.9942232244522713,0.0002544218442582025,1.000002302540314,15.955377407215138,1,0.1113811253389242,-0.7101290266534513,0.7229963321857643,-1.4227903972925284,-0.005330858295639327,1.00000039203025,2.613535000873438,1,0.8345663308268989,0.5374427966333472,0.9859550686871985,0.5705144741945473,0.0028762054651045284,1.0000003457062134,1.033601931342612,1,0.4783033314369954,-1.383811293936513,1.4672878028956096,-1.2421825433486817,9.118235771509341e-05,1.0000000416086692,0.2773911282809281,1,-0.03650073198478589,-5.197194911195124,5.202321426906402,-1.5787283240117973,-0.01916515761608902,1.000000006598576,0.007009878557442805,0
9.120000000000001,-0.0037536189643509878,0.0047316905913870454,-4.3629348571438964e-10,0.039164374915645436,-0.35722609524927285,0.3638210526784314,-1.4759551286751518,0.0002473512568538612,1.0000024843107094,16.153325988709884,1,0.25418287235856457,-0.6724891000056517,0.7219234508810318,-1.2179547197429172,-0.005167490796611157,1.0000003926843637,2.6178957581785864,1,0.7600282744100513,0.6407105584985487,0.9872604880928967,0.6996556776499264,0.0029871910979658743,1.0000000148082484,1.034472804155992,1,0.5737074457431868,-1.3377381110524869,1.4582849982960575,-1.169967050080365,0.0001440489905582613,1.0000000423244664,0.28216310915945675,1,0.018578621817700064,-5.194558806703569,5.199537225339286,-1.5681292081066647,-0.019121727476304126,0.9999998264195048,0.00702101062202842,0
9.14,-0.0037536189587507166,0.004731690591295311,-4.3789527559567887e-10,0.2252257372921869,-0.2343593029558107,0.3254566881272938,-0.8261426473998609,0.0002499707942820578,1.0000027484556013,17.13827757659777,1,0.386546736821735,-0.6065184460615938,0.7209301986595912,-1.01253009043287,-0.004935232494990733,1.0000003934585737,2.6230571583437814,1,0.673111589841887,0.733560785484899,0.9887843039245059,0.8284270466102486,0.0031156540106265103,1.0000000919872556,1.0347386844295636,1,0.66621383163446,-1.2848324845663655,1.4495555264358455,-1.0968679486940334,0.00020194559934969024,1.0000000430591063,0.28706070822862234,1,0.0736564164217364,-5.191338601778781,5.196753046208236,-1.5575187476520966,-0.019060618925163617,1.0000001741399485,0.007032175963392456,0
9.16,-0.003753618955374064,0.004731690591136893,-4.3943139665242326e-10,0.3118153227013246,-0.010294797924391915,0.3075879198280041,-0.049589934339627,0.0002618236728594739,1.000003020158831,18.863010089815617,1,0.5028697534604707,-0.5148717886762927,0.7200584924327316,-0.8065717297761952,-0.004661955474074931,1.0000003943212397,2.6288082646535167,1,0.5752898892418161,0.8145268271979749,0.990500726730259,0.9567767804312025,0.0032581521809163586,1.000000352926298,1.0343981818978747,1,0.7552903037298462,-1.2252445851005995,1.4411494715352895,-1.0228994957828623,0.0002640546789397908,1.0000000438094228,0.29206281851396065,1,0.12872644617200862,-5.187533719985885,5.193969214016874,-1.546896929591381,-0.018981098135050552,0.9999999986428932,0.007043373458935493,0
9.18,-0.0037536189582687753,0.004731690590876059,-4.4094890499363215e-10,0.2429042115293812,0.2211016420119742,0.32176684714120984,0.7365991869874837,0.00027472685393506435,1.000003160099009,20.449118647739734,1,0.5981901221688033,-0.4013194082609475,0.7193453817398129,-0.6001582287931649,-0.004387067525017966,1.0000003952365335,2.634910223887564,1,0.4682058799207463,0.8823561827664097,0.9923809688588501,1.0846608890750449,0.003398938146582461,1.0000000386805978,1.0334610799027186,1,0.8404066590878291,-1.1591712048504563,1.4331167433961767,-0.9480824000711842,0.00032722332907382144,1.0000000445718382,0.29714558764621846,1,0.18378248632289784,-5.1831436501356,5.1911860687791656,-1.5362637410128144,-0.018894211777144242,0.9999998304424285,0.007054601988908485,0
9.200000000000001,-0.003753618964831,0.004731690590530057,-4.425048045000879e-10,0.06396995453338601,0.3586033298795103,0.35862625117506386,1.4042015280949511,0.00028157656738175184,1.000003097539964,21.044955592096294,1,0.668415219884504,-0.2705965502674972,0.7188213576366955,-0.3933884252387157,-0.0041493178641342,1.0000003961658996,2.6411059977528795,1,0.353638745656919,0.9360284933194674,0.9943938240904086,1.2120438066605015,0.0035235104007477914,1.0000000626552914,1.0319478485004507,1,0.9210394240655355,-1.0868571559729918,1.4255066272782349,-0.8724441265893808,0.0003876088452892659,1.0000000453423605,0.30228240311524135,1,0.23881829369050664,-5.17816794676021,5.18840395448414,-1.5256191667861079,-0.018812576693392983,1.0000001779958374,0.007065860429108496,0
9.22,-0.0037536189706099334,0.004731690590141599,-4.4411580749775803e-10,-0.13878780364701435,0.3788418186353727,0.4004021399221713,1.936633169686865,0.00028052717389816625,1.0000029337878242,20.73650383547875,1,0.7105141868947705,-0.1282033561048564,0.7185089276856107,-0.18637721526842663,-0.003953163588076407,1.0000003970697364,2.647131576676243,1,0.2334701199632646,0.9747682407370603,0.9965062679159453,1.3388988125785848,0.0036292511424756953,1.000000354477667,1.0298888978784748,1,0.9966770051127306,-1.0085961175187388,1.4183672849982487,-0.7960191292071787,0.00044411533315998834,1.0000000461165879,0.3074439196980717,1,0.2938276073169471,-5.172606230587375,5.185623204856653,-1.5149631913147525,-0.018737303289705822,0.999999990691077,0.007077147643138608,0
9.24,-0.003753618974400909,0.0047316905897379705,-4.4577268699247385e-10,-0.30888390288208817,0.3073763058498245,0.4354516974695614,2.3737880631869523,0.00027560975275824735,1.0000027985690392,19.932855859755403,1,0.7226631632866053,0.019835908896534346,0.718421548508814,0.020749510078497242,-0.003783633916055626,1.0000003979092225,2.652728150432881,1,0.10964956816740887,0.9980522242313895,0.9986840564186783,1.4652082451742117,0.003715266345441099,1.0000000646506315,1.0273236883990495,1,1.0668251740782173,-0.9247308374693536,1.4117452374385635,-0.7188489907262604,0.0004967600078381855,1.000000046889724,0.3125981607555176,1,0.3488041491453649,-5.166458189010617,5.182844147262623,-1.5042958006849931,-0.018666229987166664,0.9999998347357194,0.0070884624798929746,0
9.26,-0.0037536189765306946,0.004731690589331058,-4.47464023299593e-10,-0.4202754155486352,0.1776481159059096,0.4584056268367687,2.7552590401326826,0.000269938568619162,1.000002745678599,18.935730266285372,1,0.7043337297698322,0.1672422611060279,0.7185629802044786,0.22786056396853122,-0.003622964394424566,1.0000003986481563,2.6576543744619117,1,-0.01583959373017627,1.0056120511191668,1.0008923210869918,1.5909635235650703,0.003779570382629939,1.0000000348649383,1.024299651694884,1,1.1310127959488856,-0.8356526039090048,1.4056848308830725,-0.6409824432602951,0.0005453516774428899,1.0000000476566069,0.31771071310254395,1,0.40374162470584585,-5.159723576554754,5.1800671087160115,-1.4936169826944208,-0.018598954852132994,1.0000001815714246,0.007099803771784337,0
9.280000000000001,-0.0037536189773356623,0.004731690588926697,-4.4918171005631224e-10,-0.4626156168323134,0.0193116792148567,0.46712979094120916,3.1107703631545394,0.000264379880955557,1.0000027459993963,17.92605206649556,1,0.6563186171901547,0.30776551998711743,0.7189271024949924,0.4348254791634308,-0.003457130984797381,1.0000003992546953,2.6616979693842073,1,-0.141013425549826,0.997432010126315,1.00309615019279,1.7161650035076736,0.003819988742913613,1.0000003504249628,1.0208709711432817,1,1.1887976854128024,-0.7417999129621564,1.4002276892708092,-0.5624752565270147,0.0005895196353606976,1.0000000484117535,0.32274502323583903,1,0.4586337238123355,-5.152402215336434,5.177292417199315,-1.4829267264073784,-0.018536424228209586,0.9999999827557295,0.007111170332733752,0
9.3,-0.00375361897689323,0.00473169058852903,-4.509194458796051e-10,-0.43298969680684557,-0.14128024206205808,0.4610219825812738,-2.8189263783351053,0.0002585639531951748,1.0000027289377043,17.021959021315645,1,0.580692942876854,0.4354661863098985,0.7194982074337543,0.6415204858164764,-0.003279055413741444,1.0000003997028852,2.6646859009036747,1,-0.26391884562744916,0.9737427847279088,1.005261143625119,1.8408216872969598,0.00383490540949689,1.0000000922112784,1.0170973167488113,1,1.2397724592790687,-0.6436562807795642,1.3954121650567182,-0.48338998478507816,0.0006289262480541492,1.0000000491494192,0.3276627953042767,1,0.5134741212704235,-5.144493995519798,5.1745204010208505,-1.4722250219247315,-0.018480010689419162,0.9999998392925787,0.0071225609568009995,0
9.32,-0.0037536189752024225,0.004731690588140902,-4.526705017771082e-10,-0.3333982478013778,-0.27806519243463756,0.4404931383334428,-2.4439897053434363,0.00025205427668897396,1.0000026407912215,16.325328901820594,1,0.4807136304905213,0.5449800697584317,0.720251751346591,0.8478341026245698,-0.003089327408374682,1.0000003999738714,2.666492475014871,1,-0.38266301607308784,0.9350115189084033,1.0073539316436775,1.9649508094904966,0.0038238455119312727,1.0000000094599428,1.0130425677025174,1,1.283570236132382,-0.5417471720995501,1.3912728035636812,-0.4037955652378099,0.000663405549626802,1.000000049863673,0.3324244868601624,1,0.5682564775958591,-5.135998875766353,5.171751387768579,-1.461511860348812,-0.018430887861895916,1.0000001848610485,0.007133974417576772,0
9.34,-0.003753618972206142,0.00473169058776253,-4.544267418957193e-10,-0.1724831785146599,-0.36214730165453224,0.40732288453491344,-2.019294172779128,0.00024577438648131,1.0000024909416225,15.962124217271851,1,0.3606637542488756,0.6317515791038504,0.7211555175495398,1.053672029230468,-0.0028941210807713544,1.0000004000567277,2.6670448522268804,1,-0.49544030728588734,0.8819287696906885,1.0093426516836086,2.0885773211788643,0.003787804740157835,1.000000341049086,1.008773555318556,1,1.319870024291969,-0.4366360478281989,1.3878398359611979,-0.32376676567085233,0.0006930667386263381,1.000000050548484,0.33698989441984006,1,0.6229744397437997,-5.126916883678963,5.1689857032459345,-1.4507872338964216,-0.018389446257651886,0.9999999748494269,0.00714540946795457,0
9.360000000000001,-0.0037536189679213657,0.004731690587389064,-4.5617888286275665e-10,0.027418093078319713,-0.36048710369774173,0.3661132778478497,-1.5070226206733561,0.00024281074352639124,1.0000023637099413,16.124526013401287,1,0.22565185875402818,0.692224247977483,0.7221711160717961,1.2589610921439194,-0.0027005179544765247,1.0000003999488558,2.6663257057373877,1,-0.6005566377608339,0.8153928736626803,1.0111973798188136,2.211733294816143,0.0037300575076046035,1.0000001208821931,1.0043588574453002,1,1.3484016356738686,-0.32891956730435784,1.3851387159238924,-0.2433834854241405,0.000718425761202005,1.0000000511978224,0.34131881613312065,1,0.677621641848733,-5.117248116239719,5.1662236706526175,-1.4400511361984778,-0.018354445147867635,0.9999998441057898,0.007156864840142317,0
9.38,-0.003753618963002848,0.004731690587006246,-4.579189085210378e-10,0.21625321265001293,-0.2441433507947599,0.32717846497400466,-0.8650075533126543,0.00024649659535457404,1.000002384790386,17.062433571664336,1,0.08137852473860263,0.7239804832416221,0.7232557291081481,1.4636520785011913,-0.0025112866882120426,1.0000003996559481,2.6643729878881994,1,-0.6964510886206081,0.7364922244707676,1.0128905148545242,2.3344572702384845,0.0036569403187212872,0.9999999872783286,0.9998676685632893,1,1.3689499676363281,-0.21922201564184388,1.3831897145749155,-0.16272992101060696,0.0007405103860448885,1.0000000518057661,0.34537177355911775,1,0.7321917059746882,-5.106992740240839,5.163465611190114,-1.4293035628726285,-0.018322250132313003,1.0000001878594997,0.007168339247109653,0
9.4,-0.0037536189599983332,0.004731690586586725,-4.596512554258525e-10,0.31039730797083503,-0.02381364300398274,0.30775359600974234,-0.09331287878134947,0.0002564910373534638,1.000002621731817,18.76219302135513,1,-0.06611654971218421,0.7258262324063306,0.7243640018031345,1.66772137792372,-0.0023292267918396544,1.000000399191549,2.6612769935370246,1,-0.7817147765410892,0.6464859113430025,1.014397112135579,2.4567935597621124,0.0035746797500541424,1.00000032680216,0.995368762718394,1,1.3813585079435635,-0.10818906061325807,1.382007589385042,-0.08189361518318435,0.0007602411650191522,1.0000000523666153,0.34911076817554454,1,0.7866782428753547,-5.096150992707585,5.160711849289336,-1.4185445119909148,-0.018290192767298923,0.9999999669846993,0.007179831387653131,0
9.42,-0.0037536189624565305,0.0047316905861073755,-4.614115435216948e-10,0.2496127066546324,0.2102917670884067,0.3202578747495761,0.6964312066242847,0.0002682586657659679,1.0000029592511555,20.385336890461417,1,-0.21071384143165697,0.6978198289515839,0.7254499812684245,1.8711714293224724,-0.002175715419698951,1.0000003985762635,2.6571750896630433,1,-0.8551070326598927,0.5467831114021802,1.015695164206167,2.5787915211412726,0.003479534519129729,1.0000001501830438,0.9909295606921653,1,1.3855319395637766,0.0035190252192629835,1.3816013458311036,-0.0009644105804955686,0.000776758545150812,1.0000000528750068,0.3525000447380256,1,0.8410748527647883,-5.084723181311571,5.157962720215995,-1.4077739826491178,-0.018266160947047184,0.9999998491677293,0.007191339951906352,0
9.440000000000001,-0.003753618968971702,0.004731690585586794,-4.6324758438964775e-10,0.07432426469508646,0.35417392771467787,0.3563654380809177,1.3718113737680964,0.0002773759101373033,1.0000032087489874,21.039369915757998,1,-0.3464676581648728,0.6412473380567609,0.7264690235142522,2.074030047429604,-0.002072114442703847,1.000000397836689,2.652244592630255,1,-0.915568978785235,0.4389215660810666,1.0167658405430566,2.7005048029273375,0.0033628938840217586,0.9999999690940006,0.9866153058427292,1,1.3814377504820594,0.11523451528853533,1.3819740944672985,0.07996667311898417,0.0007888028182309539,1.0000000533260265,0.355506842932074,1,0.8953751261001802,-5.0727096847749165,5.1552185616092165,-1.3969919723975133,-0.018260823625432084,1.0000001905620308,0.007202863619443615,0
9.46,-0.0037536189753676055,0.004731690585071625,-4.651737580199655e-10,-0.1289339857655904,0.3802914938859338,0.39824377807802297,1.9106724480567365,0.0002841474191534949,1.0000032888644594,20.76917626498496,1,-0.46784388667686694,0.5585490733268513,0.7273795869121712,2.276348769003833,-0.0020097983429293526,1.0000003970041484,2.6466943222883557,1,-0.9622346172189633,0.32454540939390614,1.0175936960214311,2.8219905879022242,0.003225517810875264,1.0000003082604423,0.9824883441637169,1,1.3691067882536967,0.22628957297825705,1.383122989752014,0.1608085984019709,0.0007971362920307271,1.0000000537153149,0.35810209867644544,1,0.9495726443761338,-5.060110953267643,5.152479698012238,-1.386198478583771,-0.01827317293260443,0.9999999591740105,0.007214401056243737,0
9.48,-0.003753618979821058,0.004731690584597944,-4.671743191950184e-10,-0.3016630371778027,0.312906813398472,0.43383553993647905,2.351876058477969,0.0002904672443059794,1.0000031906738303,19.98327380825264,1,-0.5699336075981286,0.4532035145916125,0.7281448389002481,2.478200356615124,-0.0019674436824197394,1.0000003961133008,2.6407553393896985,1,-0.99443955886848,0.20538255716094328,1.0181668311013916,2.9433088444955904,0.003072259937659396,1.0000001796119469,0.978607503325386,1,1.3486327391456645,0.33602359913785174,1.3850392689338453,0.2414714597550011,0.0008032418946453105,1.000000054039159,0.360261058794151,1,1.0036609809289798,-5.046927508797168,5.149746443163132,-1.37539350083046,-0.018297612669628822,0.9999998544703801,0.0072259509175163494,0
9.5,-0.003753618982293379,0.004731690584183686,-4.69225192555045e-10,-0.41658624875852845,0.1855246587116714,0.45751756813011224,2.735522804759212,0.0002956332117662226,1.0000029491453082,18.99118462770466,1,-0.6486364124296341,0.32957568261085207,0.7287340404722116,2.679675607262877,-0.0019231814441879006,1.0000003952006782,2.634671187723027,1,-1.0117275080741401,0.08322181399898729,1.0184770049304146,3.0645215754394264,0.0029061070844243245,0.9999999555673459,0.9750275634473956,1,1.3201705514418562,0.44379039274394305,1.387708399750492,0.32186759921012337,0.0008083402833575338,1.0000000542945693,0.3619637951756851,1,1.057633701751389,-5.033159945587525,5.147019106858254,-1.3645770414117484,-0.01832969639608697,1.0000001929643627,0.0072375118511917285,0
9.52,-0.003753618983164723,0.004731690583835012,-4.713037026621292e-10,-0.46278395498064595,0.028038016281706768,0.4670377399499334,3.0917974250376634,0.00029942069209448936,1.0000026461185936,17.978842092285156,1,-0.7008091089828616,0.19273726556113063,0.7291236847917619,2.8808796160101195,-0.0018601803304849215,1.0000003943032143,2.6286880948311855,1,-1.013854604845863,-0.04011018857924602,1.018519711048622,-3.097493241316326,0.0027270278928932263,1.0000002860831625,0.9717987973428877,1,1.2839338609760658,0.5489649440874651,1.391110323850505,0.40191265906701684,0.000813392193942581,1.0000000544793395,0.36319559598365725,1,1.1114843663180114,-5.018808930448533,5.144297997585702,-1.3537491049294559,-0.01836616039551264,0.9999999514297389,0.007249082499477187,0
9.540000000000001,-0.0037536189827723425,0.004731690583551983,-4.733905524523241e-10,-0.4370447833370805,-0.133092320630976,0.4617324071250736,-2.8383743946162623,0.000303478165786411,1.0000023875927828,17.066460895542978,1,-0.724377003337836,0.04826562710887061,0.7292983529764668,3.0819276241763673,-0.0017732513411835025,1.0000003934569113,2.623046074853825,1,-1.0007916992803203,-0.16277214240603421,1.018294218917589,-2.9763011720757726,0.002532194291792854,1.0000002086343232,0.968966538343591,1,1.240191512329278,0.65094969822016,1.3952197843428034,0.481526541366674,0.0008192233609490195,1.0000000545920826,0.36394721782610745,1,1.1652065284224302,-5.003875203135331,5.141583422992156,-1.3429096981079849,-0.018404207363996034,0.9999998600053432,0.007260661499067533,0
9.56,-0.003753618981307999,0.004731690583331672,-4.754687442376504e-10,-0.3410977670310137,-0.27187248538136494,0.4419559766308427,-2.465261337791334,0.00030716819059995273,1.0000022596241769,16.355767447280048,1,-0.7184060789856687,-0.09797154244620992,0.7292512528756772,-3.0002447095190146,-0.0016593556443375908,1.000000392695559,2.617970393396416,1,-0.9727246011275635,-0.28293124217061444,1.017803583991692,-2.85502391415998,0.002315366048885539,0.9999999472087666,0.9665706998701497,1,1.189263298388662,0.7491801519813377,1.4000067262536184,0.5606342495922592,0.0008266105394681034,1.0000000546322487,0.36421499176976835,1,1.218793737025424,-4.9883595766979765,5.138875689795312,-1.3320588297420672,-0.01844104431304644,1.0000001950626918,0.007272247480360507,0
9.58,-0.003753618978619399,0.004731690583169032,-4.77521282932214e-10,-0.18310398737077,-0.35962701174057315,0.4093883605978926,-2.0441381310857256,0.00030874022165404554,1.0000022931801902,15.970332736537184,1,-0.6831351874577659,-0.24003953684342266,0.7289844332257047,-2.7991446376042104,-0.0015036337509232727,1.0000003920494422,2.613662947613584,1,-0.9300523141512593,-0.39878634499966975,1.0170546325985745,-2.733598808132857,0.0020670309408235823,1.000000260978997,0.9646450914422372,1,1.1315150626472246,0.8431296789041154,1.4054367566490302,0.6391665948897537,0.0008363706229596169,1.0000000546001175,0.36400078353270604,1,1.2722395371147373,-4.972262937821535,5.136175103554956,-1.3211965107579526,-0.018473458041479453,0.9999999437641569,0.007283839065477327,0
9.6,-0.003753618974335501,0.004731690583054483,-4.795289321873897e-10,0.01564285052309391,-0.36348105641718415,0.3684159590786365,-1.537748919655488,0.00030912018477555474,1.0000024632537157,16.097893936475042,1,-0.6199678870205814,-0.3721617685043983,0.7285086601586437,-2.5978387300399097,-0.001280674098441189,1.0000003915441722,2.6102944812765814,1,-0.8733832341468948,-0.5085910538707017,1.016057931244045,-2.6119648947709617,0.0017813158457161797,1.0000002366809324,0.9632166088828944,1,1.0673533219297633,0.932313510344808,1.4114716494539745,0.7170607558648608,0.0008494963239570811,1.0000000544967722,0.3633118151346275,1,1.3255374705764482,-4.955586247157135,5.133481968495144,-1.3103227544300078,-0.018497111776381116,0.9999998657638517,0.00729543486482942,0
9.620000000000001,-0.0037536189687546614,0.004731690582966279,-4.814712925224618e-10,0.2069946673760182,-0.25368424378113635,0.32896017770130326,-0.9035224983133194,0.0003126978973474589,1.0000027195769075,16.98886256419686,1,-0.531423989291104,-0.4889406632032243,0.72784297153147,-2.3962160487915396,-0.0009827646088516927,1.0000003911998163,2.607998775763316,1,-0.8035292506098243,-0.6106766405527424,1.0148277317155865,-2.490063697984261,0.0014667773702054764,0.999999944352016,0.9623050961402764,1,0.9972195720220105,1.0162918359253401,1.4180698787938246,0.7942606873270169,0.0008672068733754297,1.0000000543240541,0.36216036143646435,1,1.378681077077637,-4.9383305396438715,5.130796588374461,-1.2994375768723918,-0.018505749139910932,1.000000196853696,0.007307033473088862,0
9.64,-0.0037536189648386038,0.004731690582862687,-4.833420174515934e-10,0.30849565969552234,-0.03737655688210161,0.30801570258927774,-0.13703776959198471,0.00032266682057624366,1.0000029934331427,18.661025253124635,1,-0.4210513589363579,-0.5855680883921651,0.7270139845453908,-2.194177580907387,-0.0006466166314167881,1.0000003910303732,2.606869155103571,1,-0.7214976419994683,-0.7034746945871996,1.0133818505862575,-2.3678400412804623,0.0011430143735384993,1.0000002336746099,0.9619242080030501,1,0.921584435469657,1.0946720196516733,1.4251871650039825,0.8707173778457216,0.0008900299987100593,1.0000000540845009,0.3605633398992266,1,1.431663894959709,-4.920496924821626,5.128119271701651,-1.2885409975677657,-0.018493909958898415,0.9999999361894134,0.007318633467483516,0
9.66,-0.0037536189669754036,0.0047316905827037925,-4.851752211793015e-10,0.2559834226021009,0.1991080315491345,0.31881218632888664,0.6558570451656225,0.000335091978429686,1.000003152035256,20.31848031692286,1,-0.2932991573738979,-0.6580187317555396,0.7260549968167349,-1.9916400739010365,-0.0003410236580347461,1.000000391043343,2.6069556206291162,1,-0.6284806317994517,-0.7855393689310077,1.0117414550274115,-2.245242851226284,0.0008206003860571112,1.0000002631480962,0.9620819136186862,1,0.8409418006702195,1.1671099581069402,1.4327770252647625,0.946388960508565,0.0009159004147615938,1.000000053781272,0.3585418142327811,1,1.4844794621422435,-4.90208658713354,5.125450340999972,-1.2776330381632797,-0.018466595366413187,0.9999998717367844,0.007330233407822144,0
9.68,-0.003753618973313784,0.004731690582498755,-4.870216860006216e-10,0.08461236991812097,0.3493075155143075,0.35411146248457515,1.339005983557314,0.00034231756673694255,1.0000031082745815,21.03130876210871,1,-0.15335462263448046,-0.7032194535381052,0.7250048279355314,-1.7885395376483697,-0.00010920903578348909,1.0000003912392676,2.6082617841687323,1,-0.5258424903577484,-0.855569052816543,1.0099307793188357,-2.122225922922301,0.0005023869621702636,0.9999999471340895,0.9627798975122361,1,0.75580308587979,1.233310632674276,1.4407913251820583,1.0212406969797434,0.0009425264879528121,1.0000000534180649,0.35612043229839196,1,1.5371213170385072,-4.883100786217971,5.1227901278121,-1.2667137195014864,-0.018433980693386084,1.0000001983345403,0.0073418318296815735,0
9.700000000000001,-0.0037536189791605896,0.0047316905822863235,-4.888947241835084e-10,-0.11898098413296161,0.3813857436126754,0.3960598908629946,1.884442694619166,0.0003422590239860215,1.0000029500184349,20.800749094004786,1,-0.006946755749107743,-0.7191873707137498,0.7239063770384824,-1.5848342339362975,6.479037931874786e-05,1.0000003916114313,2.6107428747273267,1,-0.41510407980561675,-0.9124272255459214,1.0079768197524697,-1.998748660702419,0.00019694136178867637,1.0000002048891996,0.9640127229943618,1,0.6666917425121075,1.293027927492969,1.4491808015767158,1.0952448566867956,0.0009703027362587321,1.000000052999024,0.3533268273266409,1,1.589582999482374,-4.863540857193054,5.120138956427998,-1.255783062173827,-0.018396076041745736,0.9999999287175121,0.007353427234931813,0
9.72,-0.0037536189830164623,0.004731690582090525,-4.907791993982724e-10,-0.2942682640459534,0.318179401024674,0.4321809514664472,2.3298200051925213,0.0003374434762584228,1.000002810232104,20.033481986683135,1,0.13987804273529475,-0.7051294283844638,0.7228049388579493,-1.3805069069293352,0.00022107143100837844,1.0000003921458722,2.614305814556643,1,-0.2979247443747584,-0.9551621713013021,1.0059090107832702,-1.8747767855919222,-8.619355058787495e-05,1.0000002874102172,0.965767362289385,1,0.5741380899061674,1.3460637984648849,1.4578955402870266,1.1683804924116652,0.0010002074355232066,1.0000000525286514,0.3501910092760863,1,1.6418580516639187,-4.8434082109332905,5.117497143845167,-1.2448410889496009,-0.018348304841975978,0.99999987791468,0.007365018091013315,0
9.74,-0.0037536189851609474,0.004731690581917578,-4.926573073105178e-10,-0.4126912208414369,0.19322759546899437,0.45658637803504537,2.715729958259489,0.00033094846174858416,1.0000027508960467,19.046907668171535,1,0.2810013781681822,-0.6614966666871402,0.7217463437659942,-1.1755660647014794,0.0003917176413345392,1.0000003928217267,2.618811510612379,1,-0.1760814779519066,-0.9830251753493073,1.0037588558771953,-1.7502830021687492,-0.0003392207061536092,0.9999999554923827,0.9680230370830528,1,0.4786745512179012,1.3922668879208955,1.4668854196473853,1.2406331291445563,0.0010326147342867103,1.0000000520117132,0.34674475483212414,1,1.693940019072183,-4.822704334334681,5.114865006511562,-1.2338878252505145,-0.01828762229268486,1.0000001995028807,0.007376602836367045,0
9.76,-0.0037536189859345035,0.004731690581765676,-4.945158761648916e-10,-0.4627333342977048,0.03666536724330172,0.4669004182677616,3.0728363836702086,0.00032472686327395623,1.0000027491002088,18.032187739178084,1,0.4104902169429164,-0.5899874992754808,0.7207750083119469,-0.9700461810951724,0.0005890295164106968,1.000000393611896,2.6240793060056586,1,-0.051445359326236825,-0.9954867664742016,1.001559506600975,-1.6252476148379122,-0.0005551464191537818,1.0000001753158327,0.9707512154711527,1,0.3808313389704204,1.4315306831509549,1.4761005165674341,1.3119943908866403,0.0010674341309013847,1.0000000514531526,0.34302101733061396,1,1.7458224514452336,-4.801430790566677,5.1122428632998185,-1.2229232987339922,-0.01821280631997977,0.9999999213602936,0.0073881798883001625,0
9.780000000000001,-0.003753618985447807,0.0047316905816302,-4.963453242162741e-10,-0.44087951063837677,-0.12492908695581444,0.4623966818771764,-2.857741648184463,0.0003192162689764041,1.0000027356896009,17.11177431241211,1,0.5228551427155806,-0.49349620246357806,0.7199319912878862,-0.7640067280251345,0.0008060165275709062,1.0000003944840303,2.6298935355535487,1,0.07404467353277538,-0.9922505209257361,0.9993452927340336,-1.4996590720157794,-0.000727437792452426,1.0000003088295208,0.9739157063081552,1,0.28113261844185494,1.4637913155426254,1.4854914687132235,1.3824615833215423,0.0011043356040866265,1.0000000508580063,0.3390533748095439,1,1.7974989037278288,-4.779589219309722,5.109631035978625,-1.2119475389245449,-0.018123744644571813,0.9999998842877522,0.007399747651822303,0
9.8,-0.003753618983726979,0.00473169058150474,-4.981376639304202e-10,-0.3485915928160965,-0.2656203265481943,0.4433746420408679,-2.486364883549946,0.00031369114239139826,1.0000026533865483,16.38736939748886,1,0.613296950728622,-0.37600547592982997,0.7192531523952566,-0.5575300062697315,0.0010252700302036542,1.0000003954018089,2.636012059291522,1,0.19841053915358378,-0.9732639072445829,0.9971512075576944,-1.3735144137795403,-0.0008507849192732645,0.9999999691560799,0.9774728538125328,1,0.18009315902897982,1.4890250925949986,1.495009790706713,1.4520372476387893,0.001142893931712393,1.0000000502313289,0.33487552593483727,1,1.8489629370372445,-4.757181336977138,5.107029848832706,-1.2009605769917562,-0.01802090913999136,1.0000002003568678,0.007411304527304169,0
9.82,-0.0037536189807046228,0.004731690581380288,-4.998854880380876e-10,-0.19356934294735598,-0.356945910889711,0.4114193717826716,-2.0686902848009714,0.00030744831947224346,1.0000025050518255,15.980292703104217,1,0.6779282742958543,-0.24242524164934204,0.7187675098568628,-0.3507178158947068,0.0012311321902946336,1.0000003963264759,2.6421765060911815,1,0.31966593100362145,-0.9387256362210987,0.9950123543913955,-1.2468195987235806,-0.000922033374087995,1.0000001455929155,0.981371855817732,1,0.07821546863827766,1.5072458480015931,1.5046081447896404,1.5207286994887883,0.0011827291112289568,1.000000049578126,0.3305208408200935,1,1.9002081196382972,-4.734208936921572,5.104439627907526,-1.1899624456494773,-0.0179048541178069,0.9999999141294171,0.0074228489148403356,0
9.84,-0.003753618976387852,0.004731690581243385,-5.015820267809112e-10,0.0038929576421844383,-0.36620999655907144,0.37071160580415136,-1.5680250864297445,0.0003018442654904605,1.0000023689728015,16.073905944443336,1,0.713957242153521,-0.09838351899141165,0.7184958875555831,-0.14368708798567428,0.00141958654282169,1.0000003972185687,2.648123791074563,1,0.4358490228509388,-0.8890889926879257,0.9929633628968024,-1.1195896868260298,-0.0009404774103613441,1.0000003267626028,0.9855552298436224,1,-0.02401260603341318,1.5185021860710564,1.514240567553215,1.5885475654268726,0.0012237280235014062,1.0000000489032956,0.3260219711918607,1,1.9512280279283014,-4.710673889626835,5.101860700043238,-1.17895317922291,-0.017775427740433246,0.9999998908459052,0.007434379214514961,0
9.860000000000001,-0.0037536189713301754,0.004731690581072425,-5.032230352905454e-10,0.19750735241085257,-0.26295088988734217,0.33078977999614373,-0.9415163623324446,0.0003013186736590807,1.0000023700249265,16.91835615584954,1,0.7198216736681353,0.05002114651515573,0.7184499301904019,0.06343531985117501,0.0016019546428868781,1.0000003980397472,2.653598314050136,1,0.5450564108021312,-0.8250606713001168,0.9910377867803366,-0.9918488575453067,-0.0009077191388751873,0.999999987647953,0.9899594384183691,1,-0.1261198398120718,1.5228746868056948,1.5238626544743992,1.6555093273424235,0.001266294071547405,1.0000000482115783,0.3214105217261256,1,2.002016247431857,-4.68657814288575,5.099293392537382,-1.1679328140316356,-0.01763074977338604,1.0000002008951507,0.007445893823926866,0
9.88,-0.003753618967792462,0.004731690580833674,-5.048164412532752e-10,0.30613311118876807,-0.050925045722422325,0.30837780862688896,-0.18055619326601852,0.0003079290803430888,1.0000025883238128,18.560454655936923,1,0.6952650141721303,0.19649307341559394,0.7186315468723745,0.2705183892499216,0.0017968592033551104,1.00000039875462,2.6583641331347976,1,0.6454776095270613,-0.7475947205590426,0.989267498889021,-0.863630246598222,-0.0008286757664576857,1.0000001162882188,0.9945156952820167,1,-0.22765318311322177,1.5204731276456016,1.5334317027733193,1.7216328823517952,0.0013106548830697068,1.0000000475075173,0.31671678218561755,1,2.052566373804693,-4.66192372196488,5.096738036736986,-1.1569013889877269,-0.017469085879960836,0.9999999070363408,0.007457391137344559,0
9.9,-0.0037536189695021108,0.004731690580495226,-5.06401382632804e-10,0.2620000987100644,0.1875878061447541,0.3174487290286057,0.6150205670168712,0.00031646283473764304,1.0000029274741897,20.248885846956604,1,0.6413488853782249,0.33482380383311416,0.7190328238700211,0.47743294493921434,0.0020089174759590294,1.0000003993324424,2.662216282653895,1,0.7354292991970631,-0.6578813167336182,0.9876820990449187,-0.7349755850630754,-0.0007191253203846394,1.0000003405803808,0.9991510167112085,1,-0.3281789472230265,1.5114337677211553,1.5429068163591968,1.786940119724791,0.0013541955408853483,1.0000000467954278,0.3119695181886116,1,2.102872013845544,-4.63671272975471,5.094194977097824,-1.1458589447384935,-0.01729802154908639,0.99999989757875,0.007468869549077091,0
9.92,-0.003753618975733869,0.00473169058006573,-5.080351478045642e-10,0.09481960701129422,0.3440088622675951,0.351885763894855,1.3058403218324017,0.00032006924206770114,1.000003193022719,21.02046569020876,1,0.5604013979478544,0.4591716141802211,0.7196364223574829,0.6840575594721371,0.0022276283399387206,1.000000399748553,2.664990353438247,1,0.8133884270930405,-0.5573302422796306,0.9863083380545229,-0.6059346242831931,-0.0006025371946197085,1.000000010304514,1.003789420531231,1,-0.42728366055933115,1.4959167308704635,1.5522489913348467,1.851455519635101,0.001392840353402636,1.0000000460793723,0.30719581617683067,1,2.1529267865169084,-4.610947346903739,5.091664568457637,-1.1348055205655436,-0.01713138306044142,1.0000002011168783,0.007480327452094759,0
9.940000000000001,-0.003753618982230798,0.00473169057958805,-5.097454455066375e-10,-0.10892691011469369,0.38211641992142925,0.39386680436336596,1.85794873841361,0.00031921384132539455,1.0000032911161572,20.83066140134137,1,0.4559047346371226,0.5643207795138294,0.7204164151570056,0.8902840019671695,0.0024509597164105207,1.0000003999855538,2.6665703592958474,1,0.8780232091967342,-0.44754913246973865,0.9851695700638313,-0.4765643629920886,-0.000491813638080675,1.0000000878979565,1.0083532605891465,1,-0.5245746363316854,1.4741035150333222,1.56142118325214,1.9152057912386016,0.001425619610681077,1.0000000453631464,0.30242097628604075,1,2.202724323976019,-4.584629831939208,5.0891471584424,-1.123741154288101,-0.016973459677460112,0.9999999000923051,0.007491763230277895,0
9.96,-0.003753618986891084,0.00473169057909904,-5.115277056100265e-10,-0.28668507035289176,0.32318471278930955,0.4304976906815441,2.307603785122403,0.00031549267564357403,1.000003208620174,20.082883684595338,1,0.33232945639673417,0.6459069715265332,0.7213394967286482,1.096021935077021,0.0026803081031268414,1.000000400034063,2.6668937530851387,1,0.9282210583925184,-0.3303167574647223,0.98428526787958,-0.34692809257884905,-0.00039166630844774243,1.00000034970189,1.012764733406391,1,-0.6196802912097034,1.4461946478913665,1.5703883372054221,1.9782195464655625,0.0014531748145090566,1.0000000446502675,0.29766844915868856,1,2.2522582726143208,-4.557762521375362,5.0866430839018895,-1.1126658847710909,-0.01682280573927841,0.9999999044756205,0.007503175255850056,0
9.98,-0.0037536189895725023,0.004731690578618808,-5.133671196477785e-10,-0.4085693115003269,0.20074957453880332,0.4556167401420403,2.695858633878135,0.0003102931134832956,1.0000029770542718,19.102362329792207,1,0.19492611823581438,0.7005980097441685,0.7223665215038712,1.3012026405307904,0.002907025963546606,1.0000003998930054,2.6659533688384993,1,0.9631125030062708,-0.20755181935808997,0.9836706161785124,-0.21709426254550399,-0.0003048966640237056,1.0000000363163326,1.0169474897201802,1,-0.7122502527694287,1.4124075015744413,1.5791173927622881,2.040526999467193,0.0014759116340021749,1.0000000439439722,0.29295981445238417,1,2.3015222941039157,-4.530347829806826,5.08415267641942,-1.1015797527693962,-0.016678469982290955,1.0000002010217006,0.007514561890506785,0
10.0,-0.003753618990629458,0.004731690578156653,-5.152494004373454e-10,-0.46244058073422467,0.045188363905325,0.4667200911897596,3.0538655304948623,0.0003049630993131383,1.0000026750615276,18.08563614964072,1,0.04948675168825119,0.726222674064768,0.7234542737836338,1.50578161867787,0.003115169932559731,1.0000003995695024,2.6637966831880795,1,0.9820902507808249,-0.08127795234642575,0.983336188114397,-0.08713519182166597,-0.00023256825241930649,1.0000000608643564,1.0208282933852748,1,-0.8019552913171808,1.3729742733709998,1.5875772756345352,2.102159695171162,0.001493943191912083,1.000000043247219,0.28831479271075167,1,2.3505100664513505,-4.50238824998651,5.081676265003861,-1.0904828007355727,-0.016540505361531288,0.9999998933083135,0.007525921485865711,0
10.020000000000001,-0.0037536189904223893,0.004731690577716791,-5.171629400765876e-10,-0.4444711560510737,-0.11679483516119193,0.4630171097077244,-2.87704989123938,0.00029997482257560116,1.0000024083455887,17.157511985098914,1,-0.09791046878608638,0.7218439999370027,0.7245573644378142,1.7097400010725372,0.003287753392942821,1.0000003990783675,2.6605224501518427,1,0.984822696936265,0.04641419971138605,0.9832877164328259,0.04287433651725233,-0.000173429808425972,1.0000003536440392,1.0243386718169036,1,-0.8884871090876902,1.3281401349922408,1.5957388779234327,2.1631502689257154,0.0015073651161847733,1.0000000425626923,0.2837512811424502,1,2.3992152850587565,-4.473886352887963,5.079214176311801,-1.0793750726130296,-0.016409293943712162,0.9999999115255909,0.007537252383197586,0
10.040000000000001,-0.003753618989166062,0.004731690577301576,-5.19097639005428e-10,-0.35585878109204067,-0.25931336425514384,0.444753009314637,-2.5073264180212873,0.00029477284825651446,1.000002266363124,16.419774485599433,1,-0.24116041449295775,0.6877769637119185,0.7256301588000778,1.9130847935279305,0.003411919045226101,1.000000398441262,2.656275080573021,1,0.971261364983003,0.17340680513162923,0.9835259688091185,0.17285855576643594,-0.00012448489111561412,1.0000000647885476,1.027416496792353,1,-0.9715580166284998,1.2781615493176954,1.6035750286449497,2.2235322359839462,0.0015164443098251263,1.0000000418928114,0.2792854090626554,1,2.44763166379197,-4.444844787751795,5.076766734056114,-1.0682566137722094,-0.016285041884759904,1.00000020060977,0.007548552913093966,0
10.06,-0.003753618986725586,0.004731690576912438,-5.210425459145629e-10,-0.20385978300835755,-0.35411113075667777,0.41342162159780493,-2.092988553920418,0.00028874656761507716,1.0000022852190353,15.991617950972513,1,-0.37438233151466715,0.6255534014304477,0.7266286495691243,2.1158480308518794,0.0034825991958914357,1.0000003976855893,2.651237263059064,1,0.9416419938666897,0.29759544310847885,0.984046732703101,0.3027422264038698,-8.109353745901919e-05,1.0000000356096181,1.030007433308335,1,-1.0509005229264976,1.2233047505110504,1.611060456951646,2.283339808804954,0.0015217421608197143,1.0000000412397414,0.2749316098502244,1,2.4957529360554935,-4.415266282116323,5.074334258145046,-1.0571274710688032,-0.01616733966250978,0.9999998866951165,0.0075598213951757545,0
10.08,-0.0037536189827419393,0.004731690576547589,-5.229833406616979e-10,-0.007810063733770073,-0.3686851579515153,0.37300626722565683,-1.5979092554246288,0.00028327273646211947,1.0000024434278976,16.05209141309416,1,-0.49215341476968627,0.5378392023519203,0.7275122016250082,2.318084969356869,0.0035048667174262214,1.0000003968432039,2.6456213585952444,1,0.8964792299716218,0.4169293156461474,0.9848409103463022,0.4324521303946797,-3.693035937190919e-05,1.000000352081477,1.0320661980662842,1,-1.1262668625770884,1.163844381106608,1.6181717503513247,2.342607740057694,0.0015242249284506562,1.0000000406054064,0.27070270852640244,1,2.5435728558741104,-4.3851536418322095,5.071917063686626,-1.045987693060885,-0.01605448955321987,0.9999999187174923,0.007571056137466747,0
10.1,-0.00375361897736012,0.004731690576194684,-5.24902561520324e-10,0.18782046951166995,-0.27195394426201946,0.3326706602432188,-0.979064515219169,0.00028289427741376395,1.000002691586765,16.850383923581123,1,-0.5897167993433542,0.4283102325363134,0.728245110781082,2.5198714685123447,0.003494697436372067,1.0000003959490122,2.6396600821645047,1,0.8365551304756832,0.52944992995484,0.9858947197744327,0.5619185026328418,1.5291287850290966e-05,1.0000000948124788,1.0335575777262331,1,-1.1974284800435104,1.1000622778105542,1.624887309159194,2.4013711895237306,0.0015253861403337799,1.000000039991504,0.2666100269564315,1,2.5910851989806742,-4.354509751060871,5.0695154605092645,-1.0348373305407814,-0.01594254411922896,1.0000001998817405,0.007582255435319765,0
10.120000000000001,-0.0037536189731513297,0.004731690575821953,-5.267927413732387e-10,0.30334031521188526,-0.06446019702840464,0.30883969186070276,-0.22394056562806208,0.0002909209210435237,1.0000029660061296,18.460051795731157,1,-0.6631581750757315,0.301494147363651,0.7287979322103005,2.721300721062342,0.0034726155833923987,1.0000003950395389,2.6335969250746083,1,0.7629019176910001,0.6333271894833137,0.9871899937061149,0.6910763548624238,8.055591279886243e-05,1.0000000125749071,1.0344571697300085,1,-1.2641754882563694,1.0322463961761332,1.6311872954308508,2.459665613534406,0.0015268251059406403,1.0000000393995256,0.2626635038497701,1,2.63828376390944,-4.323337572256983,5.0671297563393765,-1.0236764373968488,-0.015826693787252728,0.9999998802631931,0.007593417572347552,0
10.14,-0.0037536189747251064,0.004731690575394821,-5.286836125134586e-10,0.26768788681642763,0.17573073327775587,0.3161640931153236,0.5738509044716503,0.0003022595769728502,1.0000031417613022,20.17615926132506,1,-0.7095470261639875,0.16258540027865165,0.7291485442780848,2.9224794808673056,0.0034426165554030537,1.0000003941515037,2.627676690992823,1,0.6767796266053276,0.7268919656225049,0.9887045696231024,0.8198666522954261,0.00015342257330260023,1.0000003449019408,1.0347518194501044,1,-1.326316116795944,0.9606898634410955,1.6370535723016568,2.517526672280947,0.0015280435118425167,1.0000000388307726,0.2588718171023486,1,2.6851623730934877,-4.291640146133561,5.064760266732038,-1.0125050702899152,-0.015709970909945976,0.9999999260399309,0.007604540826976775,0
10.16,-0.0037536189810149414,0.00473169057492438,-5.306261723417305e-10,0.10497350971578921,0.33827794577767284,0.34968123884767705,1.272257715928668,0.0003082765138977079,1.0000031175482182,21.00656318591094,1,-0.7270399420855911,0.0172405433188624,0.72928293104292,3.123523916362569,0.003392977724271398,1.0000003933204649,2.6221364320825367,1,0.5796494479007503,0.8086643980695053,0.9904127652765734,0.948237323714929,0.00022450707399263088,1.0000001255313942,1.0344397214111352,1,-1.3836761631466552,0.885690148932897,1.6424696454229706,2.5749901470686485,0.0015265642688969696,1.0000000382863745,0.2552424973933401,1,2.7317148739663666,-4.259420591607173,5.062407316275848,-1.0013232856660672,-0.015602413520045292,1.000000198838767,0.007615623476751298,0
10.18,-0.003753618987166251,0.004731690574456366,-5.326358199983505e-10,-0.09874449674874512,0.38248944440282,0.3916566472556709,1.831159215983625,0.0003076381381080286,1.0000029660694087,20.858817788449613,1,-0.7149445143846213,-0.12863945920123251,0.7291956828743991,-2.9586300819919145,0.0033230059467351265,1.000000392579547,2.6171969812316944,1,0.4731436782470456,0.877377373444126,0.9922859099799335,1.0761440925479788,0.000293771013371309,0.9999999922471426,1.033530222024478,1,-1.4360984584032839,0.8075483418989546,1.6474206232668378,2.632091876327077,0.0015219054248728947,1.0000000377673048,0.25178203295514917,1,2.77793514007026,-4.226682105724992,5.06007122214222,-0.9901311390366432,-0.015505707505809478,0.9999998740227354,0.00762666379373601,0
10.200000000000001,-0.003753618991363502,0.004731690574023897,-5.346951258491939e-10,-0.27889043651131695,0.3279336755840694,0.42877981485971006,2.2852144413319246,0.0003037363652752375,1.0000028223581903,20.13149303371536,1,-0.6737430739541984,-0.26913354774039583,0.7288901980105821,-2.7574901689872964,0.003234727324477215,1.0000003919582823,2.613055214977198,1,0.359033240717858,0.9319948418463876,0.9942929048885112,1.203551097952639,0.0003641637518391287,1.0000003322394369,1.0320433993745115,1,-1.4834423565973491,0.7265685267522949,1.6518931761723978,2.6888677155194434,0.0015151964049358332,1.0000000372743956,0.2484959708862699,1,2.8238170721698017,-4.193427963575681,5.057752288670078,-0.9789286874297565,-0.01541549234982545,0.9999999334813061,0.007637660042785319,0
10.22,-0.003753618993794813,0.004731690573640498,-5.367809434789206e-10,-0.404202517108528,0.2081043105063746,0.45460550221892615,2.6759048775430387,0.0002985852139845222,1.0000027565069338,19.15760105677176,1,-0.6050760366146738,-0.39852539018863764,0.7283785752113511,-2.5561239028728293,0.0031219147027978767,1.0000003914815736,2.6098771579291964,1,0.2391937385939216,0.9717248442788242,0.9964008105464652,1.3304313052859655,0.00043647762288053166,1.0000001561836145,1.0300093380087358,1,-1.5255832549556714,0.6430572456299669,1.6558754882387843,2.7453535076680256,0.0015075748990166253,1.0000000368083526,0.24538901782790262,1,2.869354599369559,-4.159661518182256,5.055450812967473,-0.9677159905092207,-0.015327748662496199,1.0000001974825026,0.007648610484134125,0
10.24,-0.003753618994800649,0.004731690573309696,-5.38873571633014e-10,-0.46189219088817596,0.0536220317761268,0.46649604293757224,3.0348832778378734,0.0002929017227783022,1.0000027521439487,18.13923882106469,1,-0.5116850467901788,-0.5115226127223005,0.7276812031138099,-2.3544219510476854,0.0029728095142415437,1.0000003911688036,2.607792023685914,1,0.11557096357112613,0.9960273160111797,0.998575449773658,1.456766719892675,0.0005096223784382962,0.9999999751598561,1.02746718668222,1,-1.5624121509982327,0.5573230382206147,1.6593572128882774,2.8015850609170556,0.0014999101135574268,1.000000036369771,0.24246513953665466,1,2.9145416802354087,-4.125386200376162,5.053167088709951,-0.9564931104795685,-0.015239683926823398,0.9999998679836317,0.007659513375078219,0
10.26,-0.0037536189945312753,0.004731690573030617,-5.409563530629768e-10,-0.447810049027104,-0.10867429885883606,0.46359457301385476,-2.8963024864890703,0.00028643918607990267,1.000002742017453,17.20370730911537,1,-0.39731658875703335,-0.6034641585027611,0.7268260510430893,-2.152287635844128,0.0027770492736262174,1.000000391033094,2.6068872927758435,1,-0.009853306713825866,1.0046168929174075,1.000782006931577,1.5825484163437216,0.0005817625060616177,1.000000314474424,1.0244640726774934,1,-1.5938352412527848,0.4696760490760015,1.662329434359087,2.8575981342162393,0.001492885219386399,1.0000000359591488,0.23972765809990085,1,2.959372303920204,-4.090605518652463,5.050901407378599,-0.9452601118536604,-0.015149233504586983,0.9999999410298283,0.0076703669696937555,0
10.280000000000001,-0.0037536189930137184,0.004731690572799133,-5.43013888628513e-10,-0.3628926493531995,-0.252937240730869,0.44609258823964804,-2.528153817539669,0.0002780220031975569,1.0000026656612806,16.452988801402622,1,-0.2665874125792955,-0.6705091554474901,0.7258476685452412,-1.9496408504889755,0.002532721132595614,1.0000003910807436,2.6072049565904454,1,-0.13509449926472616,0.9974610792224906,1.002985609531171,1.7077763999231281,0.0006510378850720253,1.000000186115629,1.0210539069862012,1,-1.619773565479546,0.38042769294189693,1.664784634312961,2.913428430640254,0.0014870733099786703,1.0000000355769016,0.2371793443873664,1,3.003840491293618,-4.055323059006205,5.048654058490847,-0.9340170613127808,-0.015054658361836464,1.0000001958150972,0.007681169516949753,0
10.3,-0.003753618990169993,0.0047316905726071425,-5.450311920535134e-10,-0.21396983123988994,-0.35111043091384253,0.4153962195742694,-2.117047051746035,0.00026682879713415365,1.0000025195605613,16.00427963097675,1,-0.12481410934741374,-0.7098002942294876,0.7247859084911177,-1.7464215094844433,0.002250923810640256,1.000000391310863,2.608739086835816,1,-0.25819682959965656,0.9747742290926893,1.0051518819404326,1.8324593210714524,0.0007163598933636867,0.9999999618658715,1.0172961255547575,1,-1.6401626996383996,0.2898903690713407,1.6667166634027684,2.969111597207181,0.001483011027305608,1.0000000352233755,0.2348225034852628,1,3.0479402960764395,-4.019542484750662,5.046425329402946,-0.9227640276566019,-0.014954194062387125,0.9999998621554513,0.00769191925741823,0
10.32,-0.003753618986010475,0.004731690572440853,-5.469939809259194e-10,-0.019458296506423896,-0.37089601220105994,0.37529964260882603,-1.6274205906475239,0.00025680406838053844,1.000002375786338,16.032390963233883,1,0.02218946991982649,-0.7195944596535235,0.7236844008079842,-1.54259237389721,0.001954623434449017,1.0000003917152303,2.611434868395405,1,-0.37726281787651894,0.9370078513883793,1.0072474633258244,1.9566140655332473,0.0007782708913448694,1.0000002922026978,1.0132544110754083,1,-1.6549525001662866,0.19837721594856148,1.6681207182471762,3.024683230045591,0.0014813091643550709,1.000000034898858,0.23265905321923563,1,3.091665805979078,-3.983267536317856,5.0442155047835175,-0.9115010818806097,-0.014845476300770601,0.9999999486735381,0.007702614418698559,0
10.34,-0.0037536189809827284,0.004731690572277363,-5.488905202750971e-10,0.1779466180198262,-0.2806779796824102,0.33460096918509985,-1.0161799359107362,0.00025626925437169905,1.0000023575943446,16.78493484790071,1,0.1683415307472797,-0.6993534192079175,0.7225888224704036,-1.3381410872619712,0.0016797588660177392,1.000000392278392,2.61518928066834,1,-0.4904804067099454,0.8848377701942438,1.0092404839368283,2.080265243628794,0.0008401309881694839,1.000000214770128,1.0089954340487752,1,-1.6641069014666439,0.10620189818080647,1.6689933244119532,3.080178884198682,0.001482778903698457,1.0000000346035895,0.23069059652778345,1,3.135011143843609,-3.9465020310417356,5.042024866219692,-0.9002282975486235,-0.014724613069607841,1.0000001938391931,0.0077132532101578215,0
10.360000000000001,-0.0037536189770683986,0.0047316905720803425,-5.507202116214471e-10,0.3001218546182005,-0.07795578144212416,0.30940116871865153,-0.26718550270654623,0.00026462210562838424,1.0000025559618058,18.35995978265612,1,0.30754096343378223,-0.6497879418571335,0.7215450175354914,-1.133081273197585,0.0014756015170097887,1.0000003929781178,2.619854118797113,1,-0.596147470025599,0.8191486679597016,1.0111009941493436,2.203444600975291,0.0009067462231989043,0.9999999528907466,1.0045876450522866,1,-1.6676037679803983,0.01367841754196039,1.6693323244864238,3.135634088395908,0.0014880773229719012,1.000000034337773,0.22891848779838256,1,3.177970468788296,-3.9092498629249692,5.039853694839828,-0.8889457515893817,-0.014587075819300719,0.9999998565474292,0.0077238338202803725,0
10.38,-0.0037536189780898455,0.004731690571810827,-5.525130513696352e-10,0.2730361848657915,0.16355462839168805,0.3149616905811122,0.532339532739489,0.00027601645664486533,1.00000289436198,20.100317386977586,1,0.4339257872000884,-0.5728499738525916,0.7205970287099199,-0.9274525324154395,0.0013596775441146736,1.000000393786144,2.6252409594816792,1,-0.6926936063081907,0.7410165090015761,1.0128013409734213,2.3261903661107857,0.0009742030917974525,1.0000002661844538,1.0001001435455001,1,-1.665434801781351,-0.07887905965248523,1.6691368645325257,-3.0921009436161158,0.0014961737097881618,1.000000034101584,0.22734389319802095,1,3.220537977351741,-3.8715150023883647,5.037702281345923,-0.8776535242212237,-0.014435573320307786,0.9999999564003255,0.007734354423342559,0
10.4,-0.0037536189840059646,0.004731690571466032,-5.54322858014461e-10,0.11506730817448244,0.3321194093531314,0.3475008693663137,1.238227725046862,0.0002854418540023079,1.0000031753063896,20.989463854725475,1,0.5421300192456467,-0.4716695644963274,0.719785144040845,-0.721319220836756,0.0013091665417166714,1.0000003946691745,2.6311278303964176,1,-0.7786991947241356,0.6516892952609336,1.014316500206924,2.448546545144449,0.0010301385139498966,1.0000002416616667,0.9956016402883379,1,-1.6576055062318156,-0.17115636651119717,1.6684073787436025,-3.036620071638009,0.0015048773252225483,1.0000000338951769,0.22596784534264597,1,3.2627079046344076,-3.8333014959992067,5.035570930425415,-0.8663516959514201,-0.01428088203124056,1.0000001915579215,0.007744813191334473,0
10.42,-0.003753618990565595,0.004731690571080686,-5.561791899429125e-10,-0.0884328397855161,0.3825076658561231,0.38943050890281383,1.8040404411279771,0.00029139471812355595,1.0000032915780674,20.8850888468795,1,0.6275261767581054,-0.35043603468341555,0.7191440610773416,-0.514768018321471,0.0013024804355343885,1.0000003955902166,2.6372681100148245,1,-0.8529117576795412,0.5525665496060734,1.01562437486206,2.570562192977509,0.0010719515618138262,0.9999999486813212,0.9911595191059425,1,-1.644135205859622,-0.26283949848868643,1.667145594736384,-2.9810730648310613,0.0015136483035514438,1.0000000337186938,0.22479129216224908,1,3.304474525439406,-3.7946134661776267,5.033459945387341,-0.8550403460148488,-0.014127220605852408,0.9999998511684507,0.0077552082989790945,0
10.440000000000001,-0.003753618995387704,0.004731690570686539,-5.580788153651539e-10,-0.27088066945764316,0.332431157282199,0.4270271592459657,2.2626218296790825,0.0002941937044378749,1.0000032252141322,20.17922039758554,1,0.686440072535772,-0.21422628213670591,0.718701278838905,-0.30790435111949893,0.001321878795892296,1.0000003965101734,2.643401156427193,1,-0.9142597183089677,0.4451778601453273,1.0167060430501154,2.6922906796437833,0.0011042568260336845,1.000000237287812,0.986838998931822,1,-1.6250571223439252,-0.3536147828863652,1.6653545523807662,-2.9254243577223153,0.0015228377212694968,1.000000033572271,0.22381513938155118,1,3.345832155412904,-3.7554551108821697,5.03136961998296,-0.8437195544495638,-0.013972987770431218,0.9999999641979478,0.007765537929029365,0
10.46,-0.003753618998203397,0.004731690570298511,-5.600077979464602e-10,-0.39958769427010726,0.21529784066739185,0.4535520986368631,2.655842485932193,0.00029466818848355433,1.0000030043262584,19.212563149707922,1,0.7163251076609065,-0.0687868270451008,0.7184758116034071,-0.10084779382976193,0.0013496386863709898,1.0000003973896139,2.6492640929501414,1,-0.9618636673988045,0.33116075662018235,1.017545954530045,2.8137889445108764,0.001131298024868888,1.0000002663526266,0.9827023924138583,1,-1.6004185061906795,-0.443169062593225,1.6630386181345964,-2.86963834033716,0.0015324989907602822,1.000000033456043,0.22304028679273666,1,3.3867751521827607,-3.7158307032731335,5.029300242627437,-0.8323894033063985,-0.013816901167780287,1.0000001889748968,0.007775800279960429,0
10.48,-0.003753618999344668,0.004731690569920337,-5.61953645075719e-10,-0.46108692554998215,0.06197189308578902,0.466228113938465,3.015865983802949,0.00029396826905339906,1.0000027042482316,18.192949309141138,1,0.7158850253014285,0.07972021509208568,0.7184772958048617,0.10627331994385963,0.0013755163993560823,1.0000003981906176,2.654604117192359,1,-0.995045263520827,0.2122381310875289,1.018132087675963,2.9351167427550338,0.0011561130827175512,0.9999999495611896,0.9788084509402153,1,-1.5702808232713268,-0.531189901845448,1.6602035005738776,-2.8136793463188483,0.0015423415679269611,1.0000000333701489,0.2224676585383625,1,3.4272979164963164,-3.675744591352976,5.027252099889988,-0.8210499765489825,-0.013658984545287432,0.9999998460270387,0.007785993569413647,0
10.5,-0.003753618999201882,0.0047316905695509726,-5.639078587763025e-10,-0.450897191128369,-0.10056399406704639,0.4641300168369326,-2.915523007526555,0.0002933702867486226,1.0000024300864185,17.250311790918577,1,0.6851370144929247,0.2249940517647859,0.7187055439001377,0.3133277782899248,0.0014010592764222725,1.0000003988785888,2.6591905927968615,1,-1.0133338843755557,0.09019536308130796,1.0184560698364258,3.0563358902278406,0.0011804283296516034,1.0000002064368867,0.9752118092680411,1,-1.534719994972267,-0.6173658219859899,1.6568562717189583,-2.757511646180339,0.001551900764295603,1.000000033314734,0.22209822721744635,1,3.4673948933584673,-3.635201197584445,5.025225477332116,-0.8097013597348784,-0.013500022714136617,0.9999999720540507,0.007796116032292601,0
10.520000000000001,-0.0037536189980106206,0.00473169056918834,-5.658647148944207e-10,-0.36969616067386896,-0.24649194773079292,0.4473957865808247,-2.548874538020343,0.00029308264099113545,1.0000022744390824,16.486939974305134,1,0.6254108896819,0.36087985561170816,0.7191505719309719,0.5201875245481711,0.0014372379983092942,1.000000399423922,2.6628261465215703,1,-1.0164711293310111,-0.03314273449595045,1.0185132599003301,-3.1056757985727046,0.0012047144900516119,1.000000288436685,0.9719625377905207,1,-1.4938266902317003,-0.7013865754437545,1.6530053942179648,-2.7010994457344375,0.001560663800328829,1.0000000332899548,0.2219330318082235,1,3.5070605731701825,-3.594205018487551,5.023220659111453,-0.7983436397850057,-0.013341053340547334,1.000000186094212,0.0078061659158344615,0
10.540000000000001,-0.0037536189956656994,0.0047316905688306625,-5.678187390764644e-10,-0.22390303523087693,-0.3479487714051156,0.41734656091478906,-2.1409027309934343,0.0002919521330231664,1.0000022785434535,16.018150579841244,1,0.5392844058093377,0.48164528113303806,0.7197930968035298,0.7267334938987542,0.0014985000161378175,1.0000003998034066,2.6653560440612654,1,-1.0044132483684738,-0.15593506639298355,1.0183027932299058,-2.9844840347364423,0.0012288096633170957,0.9999999556987186,0.9691057390740144,1,-1.447706667139539,-0.7829434664280305,1.6486607538278186,-2.6444068906451488,0.0015681723294413417,1.0000000332959784,0.22197318969158514,1,3.5462894928674564,-3.5527606242167806,5.021237927000381,-0.7869769048630991,-0.013182912518853212,0.9999998411313396,0.007816141474024183,0
10.56,-0.003753618991828504,0.004731690568474725,-5.697617768210539e-10,-0.03105194441534295,-0.37285271019830935,0.3775940462670904,-1.6566099992410164,0.000289661700591269,1.0000024246921224,16.01459830726659,1,0.43045909285505396,0.582233730827758,0.720605469314326,0.9328609226915553,0.0015973678778352567,1.0000004000012874,2.666675250156357,1,-0.9773315421577716,-0.2763474409379018,1.017827591548137,-2.863210649540991,0.0012522703260611431,1.000000174568247,0.9666811664168222,1,-1.3964811610606054,-0.86172972722856,1.6438336969519638,-2.5873980783282526,0.0015741397272856733,1.0000000333329853,0.22221990157535285,1,3.5850762370598885,-3.5108726581188994,5.0192775589407495,-0.7756012444043936,-0.013025595635984284,0.9999999799561867,0.007826040962536434,0
10.58,-0.003753618986515577,0.004731690568109185,-5.716822930844356e-10,0.1678940065511688,-0.289131861048879,0.3365787377749088,-1.052917145292052,0.0002896543054800417,1.0000026643619884,16.72180912451682,1,0.30358480404690696,0.6584812640706847,0.7215529820624575,1.1384838491238247,0.0017418067112236124,1.000000400009916,2.666732774143196,1,-0.9356107418699852,-0.3925757372537864,1.0170943392123426,-2.741793118003392,0.0012751108077123494,1.0000003075311277,0.9647228862558084,1,-1.340287315558524,-0.9374409594959751,1.6385370737427396,-2.5300370783147277,0.0015785317551276037,1.000000033401167,0.22267444649421678,1,3.6234154391680575,-3.468545836271431,5.0173398274675,-0.7642167494654254,-0.012867267826149885,1.000000182920431,0.007835862634092534,0
10.6,-0.003753618981930498,0.0047316905677050585,-5.735762502977193e-10,0.2964855741613949,-0.09140836749656478,0.3100564622348463,-0.31031832948116,0.00029708228130435215,1.000002937887543,18.26023431861419,1,0.16404406107997196,0.707287053831806,0.7225954699182479,1.3435385940980884,0.0019300486268384442,1.00000039982997,2.665533133981827,1,-0.8798453408513237,-0.5028689972548918,1.0161134254051822,-2.6201706189484044,0.001296042200740393,0.9999999670879599,0.9632589777176831,1,-1.2792786516549062,-1.0097756502323953,1.6327852874316888,-2.47228796119124,0.0015809777689488377,1.0000000335007249,0.2233381660204409,1,3.6613017825592427,-3.4257849470025468,5.015425000599973,-0.7528235136184954,-0.012704689721703816,0.99999983648911,0.007845604734887402,0
10.620000000000001,-0.00375361898278196,0.0047316905672276964,-5.754741193124413e-10,0.2780393084805437,0.15106272435872473,0.3138357736795725,0.49048200848934953,0.0003092657992620431,1.0000031291427345,20.021583552601168,1,0.01770900587644496,0.7267308774904201,0.7236891095693637,1.5479860903144833,0.0021327857005955957,1.000000399470251,2.663135007447366,1,-0.8108338166048878,-0.6055523702814971,1.0148988464716209,-2.4982847860504074,0.0013044993836168806,1.0000001425952216,0.9623112550233783,1,-1.2136255699011371,-1.0784357724214588,1.626594344675762,-2.4141148353399644,0.0015789776858570982,1.000000033631866,0.2242124396608235,1,3.698730001679478,-3.3825948503921404,5.01353335063604,-0.7414216333488939,-0.012540124203278026,0.9999999878918356,0.007855265507286945,0
10.64,-0.0037536189888194953,0.004731690566685169,-5.774322751721239e-10,0.12509334727690966,0.3255266873889698,0.34533945997461923,1.2037591127959628,0.00031967452474376346,1.0000031251155945,20.96946377160754,1,-0.12931571673409928,0.7161348188653739,0.7247883286842846,1.7518130187557037,0.002302110383248074,1.0000003989471014,2.659647341630775,1,-0.7295706527419529,-0.6990498102525566,1.0134680596761905,-2.3760804647642675,0.001285129970895682,1.0000003232754533,0.9618950078707463,1,-1.143515878341403,-1.1431274803372946,1.6199818965553199,-2.355481899422643,0.0015693216605814275,1.0000000337947983,0.22529865569668686,1,3.7356948831795433,-3.338980477751557,5.011665160818513,-0.7300112054500058,-0.012383386788337022,1.0000001794585829,0.007864843197789087,0
10.66,-0.0037536189951376964,0.004731690566126089,-5.794749489279605e-10,-0.07799552449547273,0.38216008310607097,0.38718501580930775,1.776615082641125,0.0003276984195890357,1.0000029817800045,20.909853184839545,1,-0.27095138830867277,0.6760697488597509,0.7258477295613992,1.955031806964847,0.002415898857639082,1.0000003982834988,2.6552233262296756,1,-0.6372360492089758,-0.7819063861593517,1.0118418012586667,-2.2535064820711264,0.0012333069928625257,0.9999999835392673,0.9620187596480649,1,-1.069155337681345,-1.2035619095991794,1.6129672859986173,-2.296353521293223,0.0015517775993435351,1.0000000339897275,0.2265981826096413,1,3.7721912670366966,-3.294946831080911,5.009820711411174,-0.7185923249802707,-0.012238362544186253,0.999999832107705,0.007874336056287299,0
10.68,-0.0037536189995714024,0.004731690565590561,-5.815896362594553e-10,-0.2626548841220962,0.3366651843426371,0.42523913157697296,2.2398544410320675,0.0003308759703456817,1.000002834895115,20.226465723077226,1,-0.4013935932589361,0.6083099432857421,0.7268239327135676,2.1576795773793207,0.002478508818052453,1.0000003975078922,2.6500526138122873,1,-0.5351831982101709,-0.8528100180292169,1.0100438735552817,-2.1305164057889834,0.0011496761593110874,1.0000001113767574,0.9626840419012483,1,-0.9907682129208417,-1.2594560921576776,1.6055716113313376,-2.2366943318969805,0.0015275846474760665,1.0000000342168514,0.2281123417703499,1,3.8082140476734243,-3.2504989825062482,5.008000268952827,-0.7071650871674685,-0.012102547886484006,0.999999995848424,0.00788374233253996,0
10.700000000000001,-0.003753619002193921,0.004731690565098883,-5.837548526163583e-10,-0.3947193609763386,0.2223195421154158,0.45245835867905,2.635697819407177,0.00032760301957580814,1.0000027625311327,19.267621128385727,1,-0.5153410709891041,0.5157412323962408,0.727677284336642,2.3598161568479457,0.0025014315243266335,1.00000039665284,2.644352266538328,1,-0.42492300585464665,-0.910612394062834,1.0081008829175004,-2.007069283280323,0.0010339638748058095,1.0000003353322195,0.9638851892458152,1,-0.9085978185817091,-1.310533996653776,1.5978177846381596,-2.176469331824615,0.0014978237321161473,1.0000000344763562,0.2298423743685769,1,3.8437581750708807,-3.2056420736968834,5.006204089140281,-0.6957295889936479,-0.01197297666050434,1.000000175714152,0.007893060278477065,0
10.72,-0.003753619003360245,0.004731690564660678,-5.859511287634178e-10,-0.46001497213088843,0.0702306240556064,0.4659191694201901,2.9968333638815325,0.0003228827904034408,1.0000027551704975,18.247090248700033,1,-0.6081976417189234,0.4022293266473582,0.7283733691484712,2.5615212901697477,0.002490084442057179,1.0000003957536405,2.6383576028324107,1,-0.3081061577893417,-0.9543487631434683,1.006041925734167,-1.8831303589892587,0.0008857691522499449,1.000000004676316,0.9656091656412841,1,-0.8229070425739806,-1.3565277047109008,1.5897305806902517,-2.115644019002568,0.0014633441159906703,1.0000000347684086,0.23178939127070058,1,3.8788186558759388,-3.1603813152618265,5.004432420546382,-0.6842859294071955,-0.011847462478447266,0.9999998279940667,0.00790228815197774,0
10.74,-0.0037536190032472693,0.004731690564280836,-5.881610723630637e-10,-0.4537190094048059,-0.09246688123024299,0.4646254428989555,-2.9346994175121797,0.0003197396611406975,1.000002747929801,17.297596515706275,1,-0.6762418063143001,0.27245552795967054,0.7288842714204848,2.762891238276192,0.002453124602739395,1.000000394846935,2.6323128992064304,1,-0.18650246319975172,-0.9832562338610479,1.003898225096702,-1.7586717586692033,0.0007059292440026038,1.000000081688828,0.9678354363815032,1,-0.7339788316520863,-1.3971787333230472,1.5813366803146314,-2.0541845403841386,0.001424862850977538,1.0000000350931448,0.23395429860996628,1,3.9133905545016154,-3.1147219861246365,5.002685506011415,-0.6728342092000814,-0.011724244158389492,1.000000003813345,0.007911424219535577,0
10.76,-0.0037536190018770165,0.004731690563960748,-5.903675079181603e-10,-0.3762521053520104,-0.23997594085874038,0.4486618690194724,-2.5694819732054586,0.00031749544154604614,1.0000026775559583,16.521861895591627,1,-0.7167603537642474,0.13172711140249072,0.7291895713083661,2.9640349252888893,0.0024054222002771754,1.0000003939692752,2.62646183488089,1,-0.06197746761846347,-0.9967901512351667,1.0017027182538836,-1.633673122721543,0.0004976102802262579,1.0000003433880797,0.9705359041372861,1,-0.6421166190248916,-1.4322395123620948,1.5726647085864847,-1.9920578688720962,0.0013830070504361896,1.000000035450655,0.23633770035090118,1,3.947468994220594,-3.0686694328766144,5.0009635828647445,-0.6613745309189585,-0.01160163473364136,1.000000171693071,0.007920466757846616,0
10.780000000000001,-0.0037536189991804053,0.004731690563697552,-5.925526774981649e-10,-0.23363731753047284,-0.34461990850072577,0.4192678251347464,-2.164548244022265,0.0003141702210400514,1.0000025343260808,16.033459384938716,1,-0.7281436633241807,-0.014230595444969707,0.7292770651875071,-3.118115550625427,0.0023625949675261334,1.00000039315577,2.6210384668905427,1,0.06353359840522821,-0.99463807078332,0.9994895954389675,-1.508122168687581,0.00026702501835108703,1.0000000299382776,0.9736749306917889,1,-0.5476446718067614,-1.461475024437481,1.563745266296934,-1.929232007327635,0.001338395538040352,1.0000000358409675,0.23893978333323576,1,3.9810491582520524,-3.0222290691087665,4.999266882621675,-0.6499069988479949,-0.01147773054993683,0.9999998241547121,0.00792941405455865,0
10.8,-0.003753618995160091,0.004731690563482358,-5.946985057181386e-10,-0.0425615869853211,-0.37454132627594927,0.3798805001055291,-1.685456949112035,0.0003091391735300007,1.0000023839463665,15.999001567800823,1,-0.7099413823200482,-0.1594937962832467,0.7291431952944522,-2.917068082768145,0.00233678764117346,1.0000003924388399,2.616258931738633,1,0.1880543713465424,-0.9767308121559274,0.9972937924836512,-1.382015160849435,2.3684465071429578e-05,1.0000000541985747,0.9772094649771911,1,-0.4509083327844701,-1.4846646120365241,1.554610952436973,-1.8656762217981804,0.0012918348616920924,1.0000000362640284,0.24176018935099627,1,4.014126290841451,-2.9754063747225605,4.997595630236106,-0.6384317190963997,-0.011349964889292956,1.0000000117739782,0.007938264408034532,0
10.82,-0.003753618990162279,0.004731690563296831,-5.967881497141725e-10,0.15769728149073245,-0.29728394609136327,0.3385934461330131,-1.0892202397289554,0.00030632372085059075,1.0000023473638917,16.66149327708564,1,-0.6628778474594114,-0.2981651755877517,0.7287931820023011,-2.715886894751307,0.0023346022034452405,1.000000391847088,2.612313920640389,1,0.30959813000756475,-0.9432500580243406,0.9951504426754587,-1.2553572637658261,-0.00021915331963233553,1.0000003471554424,0.9810892925296334,1,-0.35227412766730126,-1.5016039539277137,1.5452963753705862,-1.8013613059108078,0.0012445809561504905,1.0000000367196815,0.24479787733627492,1,4.0466956983330755,-2.9282068952196334,4.995950043050185,-0.62694879995667,-0.011214317369017165,1.0000001674017103,0.007947016125427961,0
10.84,-0.0037536189859179213,0.004731690563108517,-5.988136332277239e-10,0.2924490502556352,-0.10476198687929798,0.31080074183655193,-0.3532343270033311,0.0003109193010505434,1.0000025248002071,18.161670845652427,1,-0.5888271032142555,-0.4245981056686362,0.7282408573223826,-2.5144558032720665,0.0023523506709694987,1.0000003914043012,2.609362008147368,1,0.4262003884204127,-0.8946319740378873,0.9930942972612328,-1.1281627572564448,-0.0004453768634729959,1.0000000585887294,0.9852574572966785,1,-0.25212970563365983,-1.512107209123333,1.5358381511494477,-1.7362598769357749,0.0011978762357389976,1.0000000372076463,0.24805097526716746,1,4.078752750235749,-2.8806362409715516,4.994330331616597,-0.6154583528331089,-0.011065597075864986,0.9999998205957239,0.007955667518987486,0
10.860000000000001,-0.0037536189862458647,0.004731690562878361,-6.007950703774967e-10,0.2826800980569986,0.13830517220574698,0.31279209480715764,0.4483762544577247,0.00032066144979465673,1.0000028601087252,19.940609244365625,1,-0.49074779636599436,-0.5336139849641259,0.7275081982728271,-2.312667903939535,0.002361190055621084,1.0000003911285884,2.6075239223919366,1,0.5359527659754334,-0.8315663651928153,0.9911591243238154,-1.0004550861613557,-0.0006465541903572381,1.0000000294447084,0.9896509031696188,1,-0.15088357791695053,-1.5160093225092934,1.5262748851241112,-1.670346699846415,0.0011504872401232622,1.0000000377274925,0.25151661639205564,1,4.110292880280474,-2.8327000864704694,4.992736708467222,-0.6039604929813839,-0.010903525828812472,1.0000000197177101,0.007964216905775763,0
10.88,-0.003753618991775922,0.004731690562598185,-6.027797258729983e-10,0.13502561658901874,0.3185239992362817,0.3432071265101317,1.1689042725153782,0.00032848549410613014,1.000003155726545,20.94682558019437,1,-0.37257873884531834,-0.6207063606243496,0.7266245579794437,-2.110429731483009,0.002316021257487841,1.00000039103168,2.6068778665692927,1,0.6370374645246039,-0.7549909634167211,0.9893770903885152,-0.8722667141060005,-0.0008264222939649285,1.00000034637887,0.9942012508418333,1,-0.04896461687785758,-1.513168481078559,1.5166471206804524,-1.6035990384204422,0.0010990669585340166,1.0000000382786138,0.25519075939935726,1,4.1413115874671025,-2.784404169559644,4.991169398047341,-0.5924553372595753,-0.010735605832240721,1.0000001628468689,0.007972662614613917,0
10.9,-0.003753618998364557,0.00473169056229935,-6.047951284747499e-10,-0.06745092562314728,0.38145587328310027,0.38492917273763255,1.7489063049889335,0.0003319553062059163,1.0000032903912424,20.93317348998697,1,-0.23909666698887055,-0.6822251325782052,0.7256256127747924,-1.9076650889199105,0.002194715974179774,1.0000003911184046,2.6074560307303174,1,0.7277615597456886,-0.6660805605133063,0.987778134018269,-0.7436387804793114,-0.0009831073253658978,1.0000000897363968,0.9988357637112533,1,0.053178723830364615,-1.5034687029829514,1.506997252769096,-1.535997045812051,0.0010430178741203196,1.0000000388601995,0.2590679960401017,1,4.171804437100668,-2.7357542906420393,4.989628626093794,-0.5809430014865236,-0.010564999106321228,0.9999998173227406,0.007981002986507245,0
10.92,-0.0037536190033327357,0.00473169056201264,-6.068345045212586e-10,-0.25422314352828035,0.34063836138242864,0.4234213164792264,2.2169216502898106,0.0003316371995081969,1.0000032405837966,20.27320063274183,1,-0.09573878787821588,-0.7155337699471397,0.7245520506461973,-1.7043183849625534,0.0019964061366904377,1.000000391386368,2.609242453189329,1,0.8065902145624329,-0.5662308493238933,0.9863893657099727,-0.6146205608183362,-0.001109965414754898,1.0000000078309546,1.0034785361821459,1,0.1550795085877103,-1.4868225339733134,1.4973694259701982,-1.4675241883614372,0.0009835687278475496,1.0000000394712019,0.2631413459715853,1,4.201767061819617,-2.686756311868763,4.988114607657575,-0.5694236018222344,-0.010389214494451003,1.000000027631954,0.007989236369047543,0
10.940000000000001,-0.0037536190062568793,0.0047316905617505985,-6.08878688353881e-10,-0.38960103524779693,0.22916756319634568,0.4513254447551808,2.6154768300058038,0.00032882647683938395,1.0000030310525132,19.322709820736897,1,0.051605858043954345,-0.7191322643857454,0.7234480170658257,-1.5003573143381612,0.0017311883177831713,1.000000391825864,2.6121724264530712,1,0.8721778598108326,-0.45703701842573474,0.9852345143953463,-0.4852687129054064,-0.0012042054625100071,1.0000003408529712,1.0080518622077617,1,0.25625377890574247,-1.4631738174805313,1.487809405189413,-1.3981676864893422,0.0009215422302208639,1.000000040110306,0.2674020401968358,1,4.231195162614321,-2.637416156308937,4.986627549105399,-0.557897256402937,-0.010205680814560945,1.0000001580357627,0.007997361116164748,0
10.96,-0.003753619007452188,0.004731690561512549,-6.109101111269333e-10,-0.4586738777817399,0.07839165466659222,0.46556626916560984,2.9777958278076166,0.0003253327368933524,1.0000027337439967,18.30160000508598,1,0.19683039909830252,-0.6927386958472216,0.7223593577559699,-1.295774725345071,0.001420581334292015,1.0000003924200498,2.6161336658948815,1,0.9233963680519313,-0.34026735177352374,0.9843334293951398,-0.35564631569512845,-0.0012681963927754678,1.000000122374184,1.012477750503568,1,0.35620241038501127,-1.4325004951181453,1.478364405070593,-1.3279189710128676,0.0008573045615905683,1.0000000407758958,0.2718393045660135,1,4.260084509834401,-2.5877398071004376,4.985167652340294,-0.5463640855784869,-0.010013072982950472,0.9999998143409471,0.008005375590436303,0
10.98,-0.0037536190073325856,0.004731690561291481,-6.129162849997927e-10,-0.456266236255288,-0.08439427613173663,0.46507521440771815,-2.9538116297280084,0.00032272479074742054,1.0000024528810265,17.345527608757642,1,0.3338616508626446,-0.6373229910911886,0.7213317194931123,-1.090589515939125,0.0010955299255634376,1.0000003931454156,2.620969437051308,1,0.9593592783014764,-0.21783229957538822,0.9837016543695243,-0.2258217238735004,-0.0013075731376872475,0.9999999896390507,1.016679547448386,1,0.45441340156415194,-1.394817383628291,1.4690828759482693,-1.2567741510851427,0.0007912771774127051,1.0000000414660246,0.2764401634723925,1,4.288430944184186,-2.5377333065809293,4.983735116844319,-0.5348242116910047,-0.009810995036276124,1.0000000355041698,0.00801327816466581,0
11.0,-0.003753619006150159,0.004731690561078211,-6.148890493995474e-10,-0.3825428207479208,-0.23340383102500822,0.44988439533487706,-2.589943848768795,0.0003214646451859604,1.000002283934733,16.557756612853822,1,0.45691923725484085,-0.5550878716954076,0.7204085852635207,-0.8848464201912346,0.0007892032902523648,1.0000003939725655,2.626483769116857,1,0.9794412163498971,-0.09174969634679617,0.9833500895845241,-0.09586726710415906,-0.0013288546276146729,1.0000003304564657,1.020583616958261,1,0.5503646230436332,-1.3501788631365597,1.460014243672858,-1.184734484038709,0.0007242407537281439,1.000000042178391,0.2811892735417489,1,4.316230377705869,-2.4874027553993714,4.982330140363941,-0.5232777588294949,-0.009599617110860726,1.0000001529760136,0.008021067223046874,0
11.020000000000001,-0.0037536190038396887,0.0047316905608633195,-6.168223349624358e-10,-0.24314531238569984,-0.3411383349135213,0.42115464152377874,-2.1879394209577585,0.0003205721005059558,1.0000022732461713,16.050236896768123,1,0.5607705821752866,-0.4493941921112428,0.7196293352098702,-0.6786145935642333,0.0005280367654120671,1.000000394867315,2.6324487663874097,1,0.9832917962036044,0.035893009129258496,0.9832847548429787,0.034142169811570505,-0.001338052778827019,1.0000001554389695,1.0241210181087628,1,0.6435270475533343,-1.298681401740631,1.4512086007636553,-1.1118068338598952,0.0006573046760871243,1.0000000429103162,0.2860687750175574,1,4.34347879474998,-2.436754311608642,4.980952918871277,-0.5117248526269889,-0.009379356418680056,0.999999811655067,0.008028741163407883,0
11.040000000000001,-0.003753619000087756,0.004731690560636222,-6.187092895307278e-10,-0.053950269772207,-0.37597055031919946,0.3821560572577239,-1.71390840816991,0.0003185080424695368,1.0000024071375408,15.985638480633044,1,0.6409687967763306,-0.32463081432623575,0.7190274361873392,-0.4719849742754273,0.00032605738082154036,1.000000395792081,2.638613873785043,1,0.9708434762777107,0.16297849483283106,0.9835066609565623,0.16413064334843835,-0.0013391826100360108,0.9999999750623048,1.0272291173545833,1,0.7333684703418151,-1.2404658334486516,1.4427163490480501,-1.038004103216803,0.0005917900276651233,1.0000000436587229,0.29105815296477433,1,4.370172252931754,-2.3857941897391743,4.979603645862856,-0.5001656201365022,-0.00915041471969637,1.0000000433218839,0.008036298401701019,0
11.06,-0.0037536189948079784,0.00473169056037932,-6.205411076480594e-10,0.147398491617957,-0.30512854917923454,0.3406452988878753,-1.1250295570448874,0.0003159422279559178,1.000002638070561,16.604025680075424,1,0.6940601375805197,-0.18603266413206068,0.7186288664712788,-0.2650664851060355,0.00018659129553982916,1.000000396707516,2.644716772467689,1,0.9423130680592664,0.2874001573144308,0.9840117928323782,0.2940226775107341,-0.0013329077539465189,1.0000003152003194,1.02985307327675,1,0.819357714047194,-1.1757192993604546,1.4345877962517495,-0.96334562353717,0.000529294865656455,1.000000044420119,0.2961341257089922,1,4.396306884072123,-2.3345286598530937,4.978282510981965,-0.4886001899489362,-0.008911988192351283,1.000000147675638,0.008043737378055015,0
11.08,-0.003753618989861183,0.004731690560058628,-6.223160428815711e-10,0.28804207712759383,-0.11799290892698346,0.31163905061852765,-0.3958715577955296,0.0003176196238774734,1.0000029094792475,18.064306190583125,1,0.7177484929177543,-0.03945433319442164,0.7184508756279179,-0.05798123662531668,0.00010821035621092246,1.000000397574309,2.6504953933733977,1,0.8981968402410966,0.40710238924612635,0.9847912029962494,0.4237447705992906,-0.0013185177304824618,1.0000001878863194,1.0319471377775307,1,0.9009692942852997,-1.1046767562200372,1.4268727114639528,-0.8878574870808287,0.000471547415272428,1.000000045190588,0.3012705868719204,1,4.421878895123335,-2.282964046578609,4.9769896997014405,-0.4770286929159538,-0.008662306743375323,0.9999998092693551,0.008051056561612523,0
11.1,-0.0037536189899484906,0.004731690559631999,-6.240656060495231e-10,0.28696527328435717,0.12529969498816912,0.3118400211625841,0.40604748941885155,0.0003240885702120588,1.000003114488952,19.857125190271532,1,0.7110063657152993,0.10888990441786672,0.7185011659981482,0.14914101933313026,7.918223425502643e-05,1.0000003983550394,2.6557002630558992,1,0.8392594102325047,0.5201193953340024,0.9858312143556784,0.5532268337348644,-0.001301364002025569,0.9999999642511437,1.0334757211060492,1,0.9776885021408388,-1.027621953764863,1.4196198475654296,-0.811572800982814,0.0004185455823072813,1.0000000459657936,0.30643862468003713,1,4.446884569079064,-2.231106728124693,4.975725400474901,-0.46545126301742207,-0.008403769305828887,1.0000000510727083,0.008058254454727326,0
11.120000000000001,-0.0037536189956468603,0.004731690559096456,-6.258530503740201e-10,0.14487095803865896,0.3111114376120415,0.3411108019188771,1.1336451642666492,0.0003267195989126375,1.0000031310644681,20.92097997779744,1,0.6741249674043431,0.25270596389335676,0.7187775589860818,0.3561688691879844,7.859177437777506e-05,1.0000003990159618,2.660106412735673,1,0.7665168505795205,0.6246114779524551,0.9871137318971155,0.6824035271278983,-0.0012913357830760424,1.0000002952777856,1.0344141543352863,1,1.0490168383842853,-0.9448877838260527,1.412876429214705,-0.7345318377065737,0.0003676532600735357,1.000000046740994,0.3116066259975032,1,4.471320265867397,-2.1789631352756578,4.974489815986365,-0.4538680354446526,-0.008145997900119528,1.0000001421430322,0.008065329600992115,0
11.14,-0.0037536190021068994,0.0047316905584953994,-6.277155266930234e-10,-0.05678298066932373,0.3803907379602124,0.38266529552916995,1.7208862996864593,0.0003261946191805254,1.0000029972094917,20.95448620667441,1,0.6087000064683934,0.38590426764683566,0.7192681362638339,0.5629752810351647,0.0001107039664160821,1.0000003995286868,2.663524578032237,1,0.6812146435731394,0.718897854519882,0.9886166400312707,0.8112154676750551,-0.0012873716229645186,1.0000002187646257,1.0347491543118905,1,1.114477712561847,-0.8568559120340895,1.4066875994339882,-0.6567820725486873,0.0003175627024980506,1.0000000475110693,0.3167404625530716,1,4.4951824232275674,-2.126539750363985,4.973283154824028,-0.44227914341474595,-0.007894880553466944,0.9999998071875903,0.008072280585138814,0
11.16,-0.003753619006793745,0.004731690557869444,-6.29651463347064e-10,-0.24556453393662783,0.3443487752688916,0.4215734705996425,2.193800537202108,0.00032550941306459547,1.000002847935631,20.318968380538916,1,0.5175541437608768,0.5028726904219137,0.7199518316494955,0.7694433566327495,0.0001822389480930515,1.0000003998714906,2.6658099366646586,1,0.5848012755200063,0.8014852425285605,0.9903142609205032,0.9396102638656765,-0.0012758062243065273,0.99999995735397,1.0344789123378029,1,1.1736222975030604,-0.7639556163629376,1.4010958536123486,-0.5783781035275211,0.0002687529255209803,1.0000000482705662,0.3218037746766613,1,4.5184675575743345,-2.0738431062229234,4.972105617162863,-0.4306847189283966,-0.0076506062689528954,1.0000000587443618,0.008079106020491859,0
11.18,-0.0037536190096548426,0.004731690557240624,-6.316481730023193e-10,-0.3842107177397004,0.23584348266204017,0.45015290786813644,2.595162030039257,0.00032418425541523837,1.0000027690903297,19.377472388213118,1,0.4046013640324642,0.5987233067811085,0.7207994460705595,0.9754714614888612,0.00025753229752673593,1.0000004000302123,2.666868081681232,1,0.47889837711071065,0.8710916568159185,0.9921778836141812,1.0675433579748674,-0.0012329018477481007,1.0000002710984552,1.033612532774155,1,1.2260354091709673,-0.6666617748717371,1.3961404830357491,-0.4993814289909686,0.00022161071134466922,1.0000000490137535,0.32675835668890824,1,4.5411722648502995,-2.0208797851224842,4.970957394094954,-0.41908489444546876,-0.007412749045422997,1.0000001363869622,0.008085804539167369,0
11.200000000000001,-0.003753619011053805,0.004731690556621069,-6.336944712460185e-10,-0.45704231663597317,0.08645986224122437,0.46516996779745456,2.9587377090159617,0.0003216700339557446,1.0000027583045397,18.356188293227014,1,0.2746621399167116,0.6695003705980256,0.7217749852571532,1.1809774946183702,0.00025573969578786406,1.000000399998704,2.666658026100704,1,0.365268380393557,0.9266650763561568,0.9941763645974323,1.194978663831087,-0.0011300952543617903,1.0000002472696916,1.0321689046815679,1,1.2713412651946165,-0.565491969371981,1.3918570311041993,-0.41986007080666965,0.00017602659194119997,1.000000049734696,0.3315646401000907,1,4.56329322136427,-1.967656417689878,4.9698386706588,-0.4074798032648562,-0.007181524118761131,0.9999998054130702,0.008092374787235086,0
11.22,-0.0037536190111864733,0.004731690556019452,-6.357808366146828e-10,-0.45851900209224616,-0.07633862069905824,0.4654809680005012,-2.972877231190435,0.00031831361045555137,1.0000027535238836,17.393851010501294,1,0.13324092428340886,0.7123401402941577,0.7228372314974986,1.385902182378545,0.0001166191645324018,1.0000003997789477,2.665192984730851,1,0.24578066921814215,0.9673968374850298,0.9962767766292651,1.3218889717720947,-0.000954216410504284,0.9999999545350033,1.030175813576927,1,1.309208963787866,-0.4610027011455437,1.3882767747439644,-0.33988804328873234,0.00013156683675922325,1.0000000504273403,0.336182268537339,1,4.584827184613984,-1.9141796818142844,4.968749627069788,-0.3958695793871412,-0.006957440565744828,1.0000000663246886,0.008098815422184057,0
11.24,-0.0037536190100821015,0.004731690555442375,-6.378973464900295e-10,-0.38854999696368303,-0.22676654853643774,0.4510654940516339,-2.610282634281045,0.0003147072290553025,1.0000026891228504,16.59438291283952,1,-0.013720999099556146,0.7255768285349794,0.7239415278065985,1.5902113297036962,-0.0001295063325998931,1.0000003993810151,2.6625401006833394,1,0.12237714528241472,0.9927297848841385,0.9984450482776871,1.4482561093963457,-0.0007242284856545306,1.0000002432884305,1.0276701832280708,1,1.3393575197310594,-0.3537847477746596,1.3854262478646433,-0.25954467214310595,8.76607119949596e-05,1.000000051085613,0.3405707531797295,1,4.605770994092174,-1.860456301536041,4.967690438615994,-0.3842543573469846,-0.0067409209621543,1.000000130416547,0.008105125112140359,0
11.26,-0.0037536190076779084,0.004731690554893621,-6.400325655749051e-10,-0.25240908897686115,-0.3374951123232284,0.4230086976623683,-2.2111056590417455,0.0003109997445237023,1.0000025493632607,16.068235235198237,1,-0.160103963252268,0.7087926151927557,0.7250417502187938,1.7938968961823412,-0.00039515379785954024,1.000000398822668,2.6588177860495725,1,-0.0029619747470058908,1.002361385172654,1.0006465398533122,1.5740709095007115,-0.0004764303630021868,1.0000002727634087,1.0246982613802946,1,1.3615602969439438,-0.24445772499953794,1.3833268227648559,-0.1789137733059316,4.376735840484698e-05,1.0000000517035288,0.3446901916962374,1,4.626121572075534,-1.8064930459205337,4.966661274875194,-0.3726342721057128,-0.006532000033030819,0.999999803948606,0.008111302536691763,0
11.280000000000001,-0.003753619003958893,0.0047316905543722506,-6.421733570252663e-10,-0.06519683014817798,-0.3771322253666108,0.384420890537895,-1.7420003746364763,0.00030707831233881737,1.0000023934711204,15.974244776637017,1,-0.2998670935226764,0.6628129259319352,0.72609233034975,1.9969768073698706,-0.0006136607046891417,1.0000003981283658,2.65418910614522,1,-0.12825141923356437,0.9962421748501983,1.0028465693673854,1.6993330531759758,-0.00023864961895245836,0.9999999559599735,1.0213142623378912,1,1.375648688573038,-0.1336639521894314,1.3819943635481244,-0.09808270820273489,-4.347098994974097e-07,1.0000000522753043,0.34850202843704475,1,4.645875924395474,-1.752296727916646,4.9656622983527665,-0.36100945903511106,-0.00632993826221437,1.0000000738016779,0.00811734638882867,0
11.3,-0.0037536189991940394,0.0047316905538691235,-6.443060854809113e-10,0.13702651825135131,-0.31265312969723336,0.3427324044527495,-1.1603786138617473,0.00030442756734407305,1.0000023394691357,16.549177770321705,1,-0.4272932170075199,0.5896508315182084,0.7270501595734765,2.199493616480501,-0.0007609802948396707,1.0000003973279,2.6488526657846823,1,-0.25153256598371343,0.9745700110246587,1.0050109262847147,1.8240508040224537,-2.1768756355884468e-05,1.0000002126596519,1.0175782743852082,1,1.3815149154644155,-0.02206175213774765,1.38143896319098,-0.017141338574512954,-4.4833307587234216e-05,1.0000000527954744,0.3519698294131527,1,4.665031141190052,-1.6978742031996987,4.964693662434704,-0.3493800541364792,-0.006132583052945281,1.0000001242412448,0.00812325537687542,0
11.32,-0.0037536189948773257,0.004731690553361939,-6.464231175080243e-10,0.2832932511886244,-0.1310740114302641,0.31256982138603534,-0.43824364464563514,0.0003074019943497415,1.0000024952201962,17.968087522555813,1,-0.537212495626706,0.49240631563544424,0.7278762868018306,2.4015122393241835,-0.0008377076649335676,1.0000003964549302,2.643032868031108,1,-0.37090310889486433,0.9377806284272756,1.007106373786677,1.9482406264106573,0.00017482004302821213,1.000000294772602,1.0135544965645054,1,1.3791138416930377,0.08968165690584401,1.3816647737213783,0.0638190896122215,-8.901119590799743e-05,1.0000000532590063,0.3550600424088369,1,4.683584397637541,-1.6432323689992139,4.963755509964793,-0.33774619488760094,-0.0059364517005753145,0.9999998027965169,0.0081290282245574,0
11.34,-0.0037536189947310426,0.004731690552819637,-6.485410489892596e-10,0.2909084845368723,0.11207577910468654,0.31098117149351767,0.3634801619563386,0.00031583207066843063,1.0000028249540072,19.77105721850714,1,-0.6251978519287489,0.3751272561479959,0.7285373761773123,2.6031169605460054,-0.0008631013220183226,1.0000003955455237,2.6369701577992832,1,-0.4845443462552093,0.8865350231749928,1.0091011185547702,2.0719266930617932,0.00034904462725172193,0.9999999617733623,1.0093098864118932,1,1.3684637401518656,0.20089749889936837,1.382669940518388,0.14470709983402022,-0.00013361586463727707,1.0000000536614064,0.3577427093247202,1,4.701532954671379,-1.5883781629123985,4.962847978880401,-0.3261080215358537,-0.005741301089530055,1.0000000811634817,0.00813466367064113,0
11.360000000000001,-0.0037536190000362797,0.004731690552237565,-6.507049857707586e-10,0.15464138140159034,0.3033099075826303,0.339051662193054,1.0979480323471738,0.00032228329268472095,1.0000031342148439,20.891709339074005,1,-0.6877272037025671,0.24263939367831827,0.7290069072031097,2.804407864475601,-0.0008717344233655449,1.0000003946367106,2.6309114036613197,1,-0.590745874801149,0.821704183688713,1.0109652409689218,2.195140296214568,0.0004888286017461585,1.0000001801659306,1.0049130096235226,1,1.3496459799669203,0.31092281754691686,1.3844466485275013,0.2254321491674751,-0.00018059152681660154,1.0000000539988154,0.3599921033135794,1,4.7188741596743355,-1.5333185617043519,4.961971214876133,-0.31446567592230507,-0.0055532576426104655,1.0000001178708402,0.008140160476626261,0
11.38,-0.0037536190068491017,0.004731690551652964,-6.529438723642395e-10,-0.04597569720643188,0.3789865628142006,0.3803926932575234,1.6925220009992445,0.0003259923284966523,1.0000032873951852,20.973599480292023,1,-0.7223091742267749,0.10035251923846102,0.7292661121061551,3.0054968406615443,-0.0008783647529000103,1.000000393765088,2.6251005875005284,1,-0.6879275778647982,0.7443516657490593,1.0126710910214498,2.317919197698131,0.0005903098161525672,1.0000003129680937,1.000432981873358,1,1.3228036471977196,0.4191077016793662,1.3869812603398133,0.30590577311732486,-0.00023011798855193945,1.0000000542680911,0.36178727435624486,1,4.735605447149644,-1.4780605800933158,4.961125366778518,-0.30281929820509307,-0.00537504759716545,0.9999998019586273,0.00814551743539726,0
11.4,-0.0037536190121741156,0.004731690551106017,-6.552495395231728e-10,-0.2366639067490577,0.3478232016088806,0.4196941584377122,2.170465181089539,0.00032911238794015835,1.0000032545452102,20.363635260496693,1,-0.7275702224990537,-0.04595019681543611,0.729304629696036,-3.07668199538278,-0.0008757634300366452,1.0000003929654986,2.6197699901895044,1,-0.7746588811145508,0.6557144658089326,1.0141936319339069,2.4403069474031684,0.0006604225205581837,0.9999999720539317,0.9959384789702191,1,1.288139150007299,0.5248221750210176,1.390254536131228,0.3860426621665142,-0.00028075853750381,1.00000005446687,0.3631124657814853,1,4.751724339371277,-1.4226112695200286,4.960310571774478,-0.29116902718934334,-0.005203965832312163,1.000000088398435,0.00815073336899371,0
11.42,-0.0037536190154163337,0.004731690550618042,-6.575977043715014e-10,-0.3785376546777231,0.24237763116360586,0.448939484944845,2.574733270551232,0.0003311513982230554,1.0000030570398095,19.431812863871045,1,-0.7033020495981528,-0.19033320229555817,0.7291208579627866,-2.8756355200703525,-0.0008544472087914953,1.0000003922698066,2.6151320438679213,1,-0.8496753148551729,0.5571825912131703,1.0155107271477142,2.562352169268398,0.0007074680531328063,1.0000001468344535,0.991496818097565,1,1.2459108968205401,0.627462583416055,1.3942419477746268,0.4657616404795658,-0.0003310262040119839,1.0000000545936083,0.36395738850380577,1,4.7672284470146336,-1.3669777169036756,4.959526953456505,-0.2795150021765339,-0.005036773390690585,1.0000001113154247,0.008155807127118142,0
11.440000000000001,-0.0037536190168647203,0.004731690550195331,-6.599636913351414e-10,-0.45511538171466265,0.09446686167082025,0.4647297848743449,2.9396421326417776,0.0003315009158069677,1.0000027633696313,18.410779958604213,1,-0.6504687583137684,-0.32693367368276327,0.728722007196207,-2.674427967535472,-0.0008102954653799722,1.0000003917057967,2.6113719773181923,1,-0.9118924673193709,0.4502776648821251,1.0166033831849977,2.6841078235468188,0.0007387631884570319,1.0000003271289688,0.987173127600621,1,1.1964291658373378,0.7264573367718115,1.398914074556435,0.5449865306115917,-0.0003796426571519397,1.0000000546476029,0.36431735227676104,1,4.782115469766226,-1.31116704338544,4.958774625162597,-0.2678573636249495,-0.004871025204212817,0.9999998014362639,0.00816073758986555,0
11.46,-0.0037536190169378415,0.004731690549835928,-6.623267860810661e-10,-0.46047866649740515,-0.0682691131099417,0.46584347793946085,-2.991912633427413,0.0003306342634381359,1.0000024765929576,17.442498903514675,1,-0.571173693762482,-0.4501846717167601,0.7281238547967225,-2.4729441941898953,-0.0007466656284839327,1.000000391296202,2.6086413474511883,1,-0.9604174393195241,0.3366308395367723,1.017455950843307,2.8056304575504027,0.0007608344019994792,0.9999999867733936,0.9830296452511565,1,1.1400513073448388,0.8212718936455167,1.4042370611583535,0.6236468855832811,-0.00042543123986248153,1.0000000546289876,0.36419325011680254,1,4.7963831969107895,-1.2551864030592967,4.958053692084579,-0.25619625317589867,-0.004704821961226165,1.0000000954950736,0.008165523670949805,0
11.48,-0.003753619015901961,0.004731690549533883,-6.646700110874565e-10,-0.3942811158903147,-0.2200361887487319,0.45220748018502216,-2.630517824898146,0.0003286673090691533,1.0000022947710785,16.631664767312724,1,-0.46858631642160753,-0.5550302044676675,0.7273502028529404,-2.2710793428704403,-0.000675398561959011,1.000000391057881,2.60705254028071,1,-0.994557921074425,0.21796023635779893,1.0180562837422231,2.9269794531096425,0.0007795646645032464,1.0000001137062204,0.9791251132880574,1,1.0771764353763666,0.9114129102981968,1.410173122284814,0.7016785749215917,-0.0004672499210277178,1.0000000545387102,0.3635914011561647,1,4.8100295078956465,-1.1990429816900796,4.957364252106265,-0.24453181356991374,-0.004536518078684995,1.0000001045853841,0.008170164320161858,0
11.5,-0.0037536190137313994,0.00473169054928145,-6.669782632012095e-10,-0.26144122040442946,-0.33366762804891187,0.4248337625748947,-2.234074433949177,0.00032632955107427474,1.0000022692920298,16.087346565538517,1,-0.34683000304091477,-0.6371257957688279,0.7264320444546112,-2.0687429479021646,-0.0006172878077507094,1.0000003910011457,2.6066743040443097,1,-1.013829009622379,0.09604807149637996,1.0183958570997012,3.0482162756706073,0.0008007612386534152,1.0000003371181956,0.9755142211747438,1,1.0082397716166884,0.9964315109836338,1.4166810789084379,0.7790242188886954,-0.0005039452234890466,1.0000000543784897,0.36252326452505546,1,4.823052372872641,-1.142743995419247,4.956706395953888,-0.23286418857141677,-0.00436450065359526,0.9999998012302537,0.008174658525081663,0
11.520000000000001,-0.0037536190101306157,0.004731690549068283,-6.692356981086167e-10,-0.0763157759765109,-0.37801109350782974,0.3866792889672912,-1.7697741829991938,0.0003269678692502985,1.0000023907373936,15.96464684290517,1,-0.2108324673011327,-0.6930177791521805,0.7254064539236463,-1.8658626605377509,-0.0005966639031995112,1.000000391129258,2.6075283873137565,1,-1.0179578686717072,-0.027282408797888107,1.0184698501734049,-3.1137815815457097,0.0008308788941450785,1.0000000057709162,0.9722471167571887,1,0.9337068025858919,1.0759256700825157,1.4237169110677286,0.8556334718645056,-0.0005342644028823718,1.0000000541507563,0.3610050420047894,1,4.835449853217245,-1.0862966894585746,4.9560802067373295,-0.22119352293453945,-0.0041868907807634005,1.0000001024421528,0.008179005312055055,0
11.540000000000001,-0.003753619004927128,0.004731690548876074,-6.714245058374313e-10,0.12657040483353577,-0.31984743000535704,0.3448573608806254,-1.195322215857524,0.00033053778128818513,1.0000026127028694,16.496717065297744,1,-0.06614163534299647,-0.720294176301761,0.7243152210177674,-1.662387462918212,-0.0006220004743093364,1.0000003914381745,2.609587830309574,1,-1.0068863066802793,-0.15019009779798695,1.018277193949522,-2.9925801158183596,0.0008769464539815483,1.0000000817874362,0.9693689892394523,1,0.8540674020790612,1.1495417275157445,1.4312343124234885,0.9314631614864064,-0.0005567316259066264,1.0000000538585787,0.3590571908184963,1,4.847220102024885,-1.0297083367720312,4.955485758654435,-0.20951996253983032,-0.0040010272651995905,1.000000097691381,0.008183203745852208,0
11.56,-0.0037536189996645337,0.004731690548669339,-6.735325904861159e-10,0.27819269840439015,-0.14399091846600362,0.3135929078014806,-0.48040068961241467,0.00033676648148947053,1.0000028808681651,17.872875604526524,1,0.08128867614630843,-0.71769985292216,0.7232032434344664,-1.4582902118597387,-0.0006869696723020977,1.0000003919165632,2.612777087477788,1,-0.980771317824086,-0.27083923831056306,1.0178205848389565,-2.8713014028402366,0.0009451586946492821,1.0000003428660693,0.9669197059984875,1,0.7698300559921253,1.2169750852289831,1.439185232276499,1.0064772939097242,-0.0005699971178159788,1.0000000535055804,0.3567038700600694,1,4.858361364585537,-0.97298623674628,4.9549231157018,-0.19784365511383567,-0.003803601495376408,0.9999998013409218,0.008187252926230005,0
11.58,-0.003753618998935779,0.004731690548399878,-6.755789679849938e-10,0.2944902914227259,0.09864522600569095,0.3102146186493664,0.3206281494555292,0.0003472471290450216,1.0000030976864445,19.682320593826848,1,0.22533707676332868,-0.685208904112106,0.722116729245846,-1.253569318198656,-0.0007941970517743543,1.0000003925460073,2.6169733816223952,1,-0.9399835961116672,-0.38742261838190306,1.0171064611873948,-2.7498831093115514,0.0010344827184914573,1.0000000287399462,0.9649334883088891,1,0.6815163076328052,1.2779701535275685,1.4475203950145217,1.080646936427172,-0.0005748081602845992,1.0000000530958517,0.35397234465281185,1,4.868871978837392,-0.916137713850718,4.954392336536935,-0.18616475161966672,-0.003594745022587343,1.0000001092286643,0.00819115198115757,0
11.600000000000001,-0.00375361900411898,0.004731690548051873,-6.776192866368713e-10,0.16431934612690213,0.2951205777069615,0.3370271841796638,1.061764060757405,0.000354995882104613,1.0000031350065128,20.858909977733507,1,0.3599686319286968,-0.6240480596391482,0.7211012810261326,-1.0482494099563295,-0.0009575768029591705,1.000000393301517,2.6220101129003495,1,-0.8851039973320267,-0.4981846951989728,1.0161449352097907,-2.628264545740962,0.0011351636768754893,1.0000000520100345,0.9634386172990961,1,0.5896555200830096,1.3323196313588126,1.4561897992689956,1.1539499951526735,-0.0005741954588438097,1.0000000526338553,0.35089236810223706,1,4.878750375799021,-0.8591701162890842,4.953893488554354,-0.17448340557489414,-0.0033808690405403726,1.0000000906443374,0.008194900065416132,0
11.620000000000001,-0.003753619010541988,0.004731690547658303,-6.796903311446362e-10,-0.0350398065484375,0.37724292380262786,0.37810771122847864,1.663775778697404,0.0003578492546454235,1.0000030119878527,20.99050574415135,1,0.4794942778407488,-0.5366664619797591,0.7201999247001624,-0.8423808778842653,-0.0011650953039394577,1.0000003941523823,2.627682549077693,1,-0.8169178897576624,-0.6014445745032382,1.014949691634183,-2.506387427581474,0.001243257665692803,1.0000003443593373,0.9624571638701892,1,0.49478002987722525,1.3798632143628566,1.465143187168699,1.2263709190522118,-0.0005690598401043952,1.0000000521243346,0.3474955635695981,1,4.88799507997766,-0.8020908146425423,4.953426647548251,-0.16279976954428912,-0.0031656027077146655,0.9999998017680927,0.008198496363794732,0
11.64,-0.0037536190152976873,0.004731690547253035,-6.817898190458749e-10,-0.22752937664418732,0.3510631551213637,0.41778017252782185,2.1468895609497753,0.00035866350917982884,1.0000028612241976,20.407272962467687,1,0.5788235607434734,-0.4266495403954444,0.7194511825910175,-0.6360382292220069,-0.0013815409782979163,1.0000003950633398,2.6337555989620784,1,-0.7364073057464428,-0.6956187459170862,1.0135378614943396,-2.3841966340288363,0.0013602654220784373,1.0000000552249015,0.9620047339784801,1,0.3974207443287203,1.4204858283894337,1.4743304564966726,1.2979003426270546,-0.0005585074750606672,1.0000000515722245,0.3438148294234518,1,4.896604709754518,-0.7449072005029749,4.952991883255578,-0.15111399469558146,-0.002947802329977295,1.0000001158438554,0.00820194008422631,0
11.66,-0.0037536190181837892,0.0047316905468506336,-6.839036215599767e-10,-0.3725898480683565,0.24877250666064976,0.44768301985991227,2.5541710233800585,0.0003583306668523329,1.000002776029783,19.485832895504345,1,0.6536975450734414,-0.2985777933966053,0.7188872940455735,-0.4293172164386366,-0.0015777736496016784,1.0000003959960215,2.6399734773795442,1,-0.6447407850763757,-0.7792434365445227,1.011929852420894,-2.261640956467108,0.001485335250242413,1.0000000251992338,0.9620902259031886,1,0.29810321371505544,1.4541154855893805,1.4837020226124553,1.368534672574947,-0.0005420746026427458,1.0000000509825673,0.33988378202234937,1,4.904577977749555,-0.6876266850990792,4.952589255914254,-0.13942623243987612,-0.0027262131840057814,1.0000000834554181,0.00820523045059789,0
11.68,-0.0037536190195728613,0.004731690546454752,-6.860204055216326e-10,-0.45290140978982557,0.1024146117891656,0.4642444226265658,2.92049217268669,0.0003569133469451754,1.0000027614455793,18.465475699961154,1,0.7008885949516385,-0.15783487782290478,0.7185326809824771,-0.22233081221660797,-0.0017424680855392528,1.000000396910637,2.646070913912058,1,-0.543260789535076,-0.8509963972678405,1.0101491310264028,-2.138673842762873,0.0016143726304994608,1.0000003416330636,0.9627156033608273,1,0.19734419127554914,1.4807208569888204,1.4932091396284257,1.4382756404403112,-0.0005199411139843729,1.0000000503604358,0.3357362392018935,1,4.911913691163933,-0.6302566979176855,4.952218819355297,-0.12773663507296262,-0.00250063995489668,0.9999998025110883,0.008208366703944175,0
11.700000000000001,-0.0037536190196928174,0.004731690546065452,-6.881324716859552e-10,-0.4621533255403114,-0.06018554610007374,0.46616176712605834,-3.010934387374533,0.00035491315153395606,1.0000027587011922,17.491555183054274,1,0.71835476341249,-0.01037313012468023,0.7184027580482716,-0.015204203845806322,-0.001881464988399706,1.0000003977678047,2.6517853650412624,1,-0.4334685699717648,-0.9097178805652035,1.008221960236018,-2.0152541319807753,0.0017415337331233298,1.0000000846246049,0.963875691040014,1,0.09564867875758566,1.5003086485664512,1.5028041783554338,1.5071298392612098,-0.0004926488930113091,1.0000000497108636,0.33140575781398884,1,4.918610752096793,-0.5728046853205576,4.951880623304094,-0.11604535570192835,-0.0022715776977315005,1.0000001222772439,0.00821134810992479,0
11.72,-0.003753619018584531,0.004731690545681352,-6.902336727350467e-10,-0.3997426949174481,-0.21321506187944408,0.45330890666955953,-2.6506668193592073,0.00035305432977013535,1.0000027002251861,16.669660207735035,1,0.705338784044904,0.13755193421813336,0.7185031719876036,0.19193093254910296,-0.0020096196219863706,1.0000003985304284,2.6568695235818107,1,-0.3170063842385536,-0.9544305079361499,1.0061770907798162,-1.8913467682853893,0.0018600749427141955,1.0000000020457855,0.965558002048454,1,-0.006492557685301145,1.5129208587870948,1.5124408602125372,1.5751082564368208,-0.00046090108296488436,1.0000000490387848,0.326925231955313,1,4.92466815783434,-0.5152781091562514,4.951574714302553,-0.10435254800739834,-0.0020398144464237964,1.000000076136013,0.008214173969818,0
11.74,-0.0037536190161972637,0.004731690545299458,-6.923178725182916e-10,-0.2702441551644821,-0.3296606602934711,0.4266266516554374,-2.2568638034638795,0.0003517642497336149,1.000002564478135,16.107601548418476,1,0.6624050163669397,0.2796639489824798,0.7188295258208505,0.3989425458691675,-0.0021388884579417854,1.000000399165498,2.661103320250011,1,-0.19563699956930938,-0.9843576626438943,1.0040454052694825,-1.7669234806307952,0.0019631075685539573,1.000000334762516,0.9677426095889587,1,-0.10860502640797776,1.5186319857417827,1.5220744490841729,1.642225812940075,-0.00042540802197460346,1.000000048348983,0.32232655303562396,1,4.930085001110573,-0.4576844453662004,4.9513011357503505,-0.09265836599464186,-0.001806114049296288,0.9999998035687314,0.00821684363182783,0
11.76,-0.003753619012515536,0.004731690544913581,-6.943784017286563e-10,-0.08730125460459133,-0.3786119554421023,0.38892461444198906,-1.7972432866147758,0.0003514619010742625,1.0000024041163524,15.956879786127093,1,0.5914118224681768,0.40994917184395563,0.7193676066870693,0.6057043398713582,-0.0022682240224033575,1.0000003996456908,2.664304604543553,1,-0.07122046765447938,-0.9989399841351769,1.0018595145489109,-1.6419634123556914,0.00204474600264939,1.0000001161999323,0.9704020743709919,1,-0.21023213628293225,1.5175462417922225,1.5316619042304713,1.7085009173415935,-0.00038668980742389756,1.0000000476460496,0.3176403310717415,1,4.934860470339314,-0.4000311825840106,4.9510599271477815,-0.08096296377557805,-0.0015708422423486453,1.0000001285186357,0.008219356499151094,0
11.780000000000001,-0.0037536190077474517,0.004731690544511308,-6.964087892512641e-10,0.1160474791649947,-0.3267070516663626,0.3470095373304026,-1.2298498481394406,0.00035324776848690785,1.000002333695186,16.44681778241305,1,0.4954212775034573,0.5229253253456467,0.7200940973212306,0.8121015475218208,-0.0023797807542399515,1.0000003999506675,2.666337783477035,1,0.0543117641528126,-0.9978494891636791,0.9996533080971651,-1.5164536828243969,0.0021019576522318326,0.9999999830819231,0.973501446518459,1,-0.31093644676482307,1.5097948234036473,1.5411619975101922,1.7739550414889476,-0.0003447764225225011,1.0000000469343513,0.3128956749946627,1,4.938993849818869,-0.3423258207274003,4.950851122244971,-0.06926649550102465,-0.001333429978447791,1.000000068697718,0.008221712032306623,0
11.8,-0.003753619003170525,0.004731690544069202,-6.984078114013331e-10,0.27275575589386186,-0.15671621814019512,0.31469837815517043,-0.5222773502355857,0.00035857575692071114,1.0000024672271113,17.779229522677905,1,0.3785523126425428,0.6138813280918218,0.7209777160145061,1.0180360176776455,-0.0024455406561676102,1.0000004000679812,2.6671198752841248,1,0.1789852466009817,-0.9810008057252966,0.997461461727391,-1.390389861986941,0.002136029048308145,1.000000323854595,0.9769984066796491,1,-0.41030058156158866,1.49553327411734,1.5505353969588647,1.8386123228568683,-0.00029920334603794206,1.0000000462180043,0.3081200283506161,1,4.942484519911753,-0.2845758695829433,4.950674746533936,-0.05756911586199603,-0.0010925012273776335,0.9999998049393453,0.008223909744443935,0
11.82,-0.0037536190023574516,0.004731690543554795,-7.003962793853541e-10,0.2976982976282382,0.08504167346499478,0.3095389699297486,0.27758591336930327,0.0003681949007185323,1.0000027889372805,19.591639760882057,1,0.2457868731897516,0.6790759446343625,0.7219807047980029,1.2234303485339628,-0.00245185559148025,1.000000399993551,2.666623672801576,1,0.30081315742287085,-0.9485589864428778,0.9953189066975047,-1.263776331208209,0.002144025746627377,1.0000001490859511,0.9808435478394844,1,-0.5079278463271529,1.4749389696492912,1.559744717442031,1.902499194314558,-0.00025093054547693875,1.0000000455008584,0.3033390557389006,1,4.945331957201613,-0.22678884738473912,4.950530819738682,-0.04587098149256078,-0.0008496166173101652,1.0000001345581415,0.008225949190129967,0
11.84,-0.0037536190072005827,0.004731690542958971,-7.024255923822938e-10,0.1738796855517975,0.28655584407493045,0.33504246356758655,1.0251640362570498,0.0003773154817016262,1.0000031106721707,20.823066673995392,1,0.10274109824571458,0.7158867169479378,0.7230605766212943,1.4282308930809218,-0.0024133904350130673,1.0000003997316949,2.664877964965671,1,0.4178287707643092,-0.9009433796160379,0.9932602623978847,-1.1366264979266383,0.0021120257995087014,0.9999999686632952,0.9849807522091693,1,-0.6034425903090856,1.4482087460899309,1.5687545497449198,1.9656440380080602,-0.0002039077990113019,1.000000044786486,0.29857657415494904,1,4.947535734628578,-0.16897227938978934,4.950419369131145,-0.03417225083310199,-0.0006117347557957855,1.0000000611523185,0.008227829957259514,0
11.860000000000001,-0.0037536190140523545,0.004731690542317814,-7.045359745773546e-10,-0.023993182835367336,0.375156579271266,0.3758172425185227,1.6346960491872484,0.00038195677133675914,1.0000032825037073,21.00552703195799,1,-0.0445852694631566,0.7229042473754513,0.7241720212700539,1.6324095737039683,-0.0023364780821524176,1.0000003992947408,2.6619649395130494,1,0.5281192370472696,-0.8388270762195151,0.9913192334209906,-1.008962855421844,0.00203478117843863,1.0000003090419887,0.9893477496215368,1,-0.6964903504269745,1.4155566853045536,1.5775314854675184,2.0280768735149532,-0.00016051346730825374,1.0000000440781782,0.29385452157158337,1,4.949095521600438,-0.11113369645174663,4.950340432036627,-0.022473080664628865,-0.0003824548814445345,0.9999998066207579,0.008229551668405381,0
11.88,-0.003753619019614035,0.004731690541676095,-7.067290733547512e-10,-0.21816794434395057,0.35406003910497064,0.41583840639881936,2.1231077673581455,0.00037938635991141724,1.0000032670358654,20.450119165758778,1,-0.19006801790471983,0.6999705309758568,0.7252688627428209,1.8359645049900262,-0.002215115222723577,1.0000003987022397,2.6580149315367976,1,0.6298600115067299,-0.7631315236165713,0.9895279978107313,-0.8808168790623712,0.0019203096296860648,1.000000182312471,0.993876883578604,1,-0.786737814002195,1.3772120659386535,1.58604412129992,2.0898290886301876,-0.00012019594587612983,1.0000000433789433,0.28919295570002557,1,4.950011084078494,-0.05328063359151483,4.950294041033293,-0.01077362504494911,-0.00016024414544061979,1.000000140386192,0.00823111397581415,0
11.9,-0.003753619023102405,0.004731690541061445,-7.089870428356629e-10,-0.3663648917635982,0.2550199003202436,0.4463896275227422,2.5334985200108555,0.0003733863100157397,1.0000030822220427,19.539713229923183,1,-0.32771388316856437,0.6481632019093827,0.7263059832408232,2.0389194594962343,-0.0020633232921814025,1.0000003979799204,2.6531994690971903,1,0.7213491493300254,-0.6750160095328563,0.9879166049096143,-0.752228725557725,0.0017790618495554088,0.9999999589626206,0.9984960712967849,1,-0.873872633335188,1.333417483577087,1.5942630376346523,2.1509331986725493,-8.193570078729495e-05,1.000000042691512,0.28461008118079373,1,4.95028228464122,0.004579371434380553,4.950280217871604,0.000925963129614327,5.6848540682257235e-05,1.000000053511769,0.008232516552588174,0
11.92,-0.003753619024768144,0.004731690540486552,-7.112895770492703e-10,-0.4503908849948728,0.11029822639471026,0.46371867966225244,2.9013022685899093,0.00036840622755185214,1.0000027930558537,18.520415106136547,1,-0.4519016562257395,0.5697300188119389,0.7272411227031446,2.2413223072120614,-0.0019058321183327515,1.0000003971584868,2.647723244988562,1,0.8010405858839003,-0.575861868842782,0.9865123872173103,-0.6232467218454975,0.0016206565170800407,1.000000290486214,1.0031299526933117,1,-0.9576031219061285,1.2844271393001008,1.602160767212216,2.2114226302424225,-4.5078896354132436e-05,1.0000000420183461,0.2801223074006395,1,4.949909082525688,0.06243877956533788,4.950298975203011,0.012625531260039546,0.00027005185648817096,0.9999998086103051,0.00823375908932937,0
11.940000000000001,-0.0037536190250310178,0.004731690539955838,-7.136189875784835e-10,-0.46352852908898984,-0.052088287288945614,0.46643886477340624,-3.029935025938316,0.00036537263751986777,1.0000025011678062,17.541131285246394,1,-0.5576004130267475,0.46797961921828707,0.7280364993567535,2.4432426088454404,-0.0017614194844461355,1.0000003962722124,2.6418147486118477,1,0.8675754541612709,-0.46725144541363384,0.9853394017101849,-0.49392664541919873,0.0014533686520561326,1.0000002148388443,1.0077012174124997,1,-1.037657858813569,1.2305052922983453,1.609711757678984,2.2713315316452425,-9.338467754009069e-06,1.00000004136165,0.2757443347580446,1,4.94889153364458,0.12029005186735278,4.950350318331869,0.024324926919238942,0.0004802295338411096,1.000000145993553,0.008234841294337523,0
11.96,-0.0037536190241745336,0.004731690539469852,-7.159602789102992e-10,-0.4049168629573439,-0.20629905813651864,0.4543706908801223,-2.6707270258178815,0.0003642682856627968,1.0000023069193904,16.70846559868534,1,-0.6405583635292383,0.3471355122080277,0.7286602150649536,2.6447685116836097,-0.001640338808399181,1.0000003953574803,2.6357165360707024,1,0.9198104683295348,-0.350942043529662,0.9844179197728187,-0.3643308025281852,0.001283633050529451,0.9999999539815743,1.0121320857735063,1,-1.1137852253639675,1.1719248696682578,1.6168923276312357,2.330694609496921,2.5312413798287008e-05,1.0000000407233889,0.27148925890546927,1,4.947229790578073,0.17812565096246671,4.950434245845972,0.03602399792397023,0.0006882114439537672,1.0000000457881753,0.008235762895188138,0
11.98,-0.003753619022209071,0.0047316905390274765,-7.182992905986271e-10,-0.2787969169178259,-0.32546622024280114,0.4283861034766727,-2.279473406472931,0.00036459455789494393,1.0000022666650838,16.12909459659898,1,-0.6974577126736231,0.21216058830374515,0.7290874076347308,2.8460030981135307,-0.0015433452718704719,1.0000003944513436,2.62967562349851,1,0.9568424295082109,-0.2288353167116405,0.9837639836422457,-0.2345269186723817,0.0011160552985392748,1.0000002683955487,1.0163459063826725,1,-1.1857528952849585,1.1089662250688253,1.623680617365204,2.3895469900334643,5.8828959593519086e-05,1.0000000401053017,0.26736867813864523,1,4.944924102540534,0.2359380424564841,4.9505507495278644,0.04772259243126102,0.0008950163576216658,0.9999998109048345,0.008236523641453497,0
12.0,-0.003753619018852238,0.004731690538625126,-7.206200873651966e-10,-0.09812795014469856,-0.37892237234128867,0.3911536026408293,-1.824405982803935,0.0003651630851009063,1.0000023754633558,15.951046666788281,1,-0.726032500834676,0.06855931749803348,0.7293011262563268,3.0470603335423765,-0.0014615007081136633,1.0000003935901334,2.623934221924386,1,0.9780279918113685,-0.10294275181965445,0.983389045654337,-0.1045868654801258,0.0009532716913967271,1.00000024560757,1.0202688216436697,1,-1.2533472974023956,1.0419160373494158,1.6300565369155706,2.4479241033424075,9.134765889714039e-05,1.0000000395089195,0.26339279649794517,1,4.941974815320934,0.2937196963643555,4.950699813630063,0.05942055902101356,0.0011021135590304277,1.0000001513713397,0.008237123308869849,0
12.020000000000001,-0.003753619013863883,0.004731690538251839,-7.229034953114277e-10,0.10548832217631543,-0.33320940625997036,0.34918382878184323,-1.263949321096665,0.0003652460210111201,1.0000025882629242,16.399638623184167,1,-0.7251475845593984,-0.07783553104640889,0.7292929171961221,-3.0351245619913634,-0.0013772038272295275,1.000000392808154,2.6187210261753364,1,0.9829979624291159,0.024651902814284206,0.9832997041259742,0.02541474242764357,0.0007966318297619881,0.9999999535846817,1.0238314434901594,1,-1.3163730666361493,0.9710663397777757,1.636001713881592,2.505861588540897,0.00012347842998469244,1.000000038935579,0.2595705260770312,1,4.938382371196614,0.35146308853275804,4.950881413151191,0.07111774667089583,0.0013118106361621024,1.0000000379937743,0.008237561704915908,0
12.040000000000001,-0.003753619008495567,0.004731690537879943,-7.251332690772286e-10,0.26700721467477806,-0.16920689727273977,0.3158815318690143,-0.5638313095440072,0.00036769480468604036,1.0000028522898732,17.687516104399837,1,-0.6948377585079104,-0.22108519810326863,0.7290631135082702,-2.8340583578108163,-0.0012689451975465222,1.0000003921364824,2.614243215529479,1,0.9716655931652177,0.15183226029186717,0.9834975464064968,0.15540203801295718,0.0006470966254347863,1.0000002430593724,1.026970476163769,1,-1.374652496418823,0.8967136698024417,1.6414994416293474,2.5633952183429534,0.00015641766713814521,1.000000038386439,0.25590959285711296,1,4.9341473088202195,0.40916070205976013,4.951095511136818,0.08281400422663335,0.0015269487365301418,0.9999998135007101,0.008237838674332136,0
12.06,-0.003753619007137353,0.004731690537465929,-7.273201245916114e-10,0.30052965670447396,0.07131470987978127,0.3089546841359166,0.2344100089195542,0.00037552575574505983,1.0000030790354322,19.499446921901257,1,-0.6363065925896988,-0.35537010937540603,0.7286208245022288,-2.632806170647806,-0.0011280535165821936,1.0000003916018914,2.610679275523156,1,0.944228542195064,0.27648985613953037,0.9839791088647146,0.2852994305848121,0.0005005525067414649,1.0000002736145461,1.0296302137777122,1,-1.4280250034725854,0.8191583287802682,1.6465346239615175,2.6205608404973053,0.00019064331992493875,1.000000037862497,0.2524166458172598,1,4.929270263079874,0.46680502871158747,4.951342059921113,0.0945091788403406,0.0017471710825547762,1.0000001565110308,0.008237954101511884,0
12.08,-0.003753619011916993,0.004731690536992188,-7.295132680449137e-10,0.1833046544268787,0.2776475954421778,0.33310114346876596,0.9881826246612615,0.00038047850989318075,1.000003137054208,20.78439155830309,1,-0.551884990525835,-0.47521185297107615,0.7279836191952334,-2.431254695330407,-0.0009690807693872328,1.0000003912259097,2.608172731833063,1,0.9011644299258055,0.39656448429539143,0.9847359639371718,0.4150331286145164,0.00034503602651632343,0.999999957550415,1.0317638276511323,1,-1.4763466141158659,0.7387037409936785,1.651093716124051,2.6773943274778738,0.0002241415483038079,1.000000037364605,0.2490973667663212,1,4.923751964933627,0.5243885703354134,4.951621014345966,0.10620311542142166,0.0019666636474188984,1.0000000301409155,0.008237907913609642,0
12.100000000000001,-0.0037536190184580256,0.004731690536491399,-7.317486690368302e-10,-0.01285132338733886,0.3727462386055047,0.3735245983874178,1.605303698047492,0.00037888125161087864,1.0000030262021558,21.018766688415486,1,-0.4449499132916054,-0.5756857792298057,0.7271769131248472,-2.2293018240545073,-0.0008019554027745169,1.0000003910240336,2.6068268907416816,1,0.8432201618549413,0.5100831549965469,0.9857549202650346,0.5445326157558104,0.00017599759193686517,1.0000002148908465,1.0333344610931088,1,-1.5194894797589158,0.6556559014534415,1.6551646823278996,2.733931532820407,0.0002553371694697546,1.0000000368934867,0.24595657797302892,1,4.91759324121626,0.5819038402667435,4.951932338331112,0.11789565978949955,0.0021829702269871368,0.9999998163938187,0.008237700092461662,0
12.120000000000001,-0.0037536190234639813,0.004731690536000879,-7.340213788349648e-10,-0.20859060007048835,0.35682626238461357,0.4138706020351385,2.0991368463579634,0.00037588999686737784,1.000002874889762,20.492240373489718,1,-0.3198042990352918,-0.6526177433044312,0.7262330768295979,-2.0268606797998774,-0.0006287236818956601,1.0000003910051032,2.606700687758106,1,0.7713954248551436,0.615196595850795,0.9870183121651481,0.6737320192945775,-1.4614806700424993e-07,1.0000002979838911,1.0343160582849926,1,-1.5573414279791742,0.5703229023333837,1.6587369663250906,2.790208267436005,0.0002847513738102097,1.0000000364497517,0.24299834507097864,1,4.91079501441619,0.6393433647332787,4.952275991852264,0.1295866602832759,0.0023985282860378826,1.0000001614044831,0.008237330680425127,0
12.14,-0.0037536190265513407,0.004731690535537475,-7.363115482996244e-10,-0.3598700003150232,0.26112793696768555,0.4450591325740018,2.5127336707764534,0.00037331809740102483,1.0000027835108571,19.59350575813743,1,-0.18152007477188387,-0.702758122259351,0.7251902682855585,-1.823863227910637,-0.00045941467207497456,1.0000003911708673,2.607805781180208,1,0.6869209772819715,0.7102123479358636,0.9885043857470917,0.8025713270264186,-0.00017463476272341674,0.9999999656250654,1.0346938232327316,1,-1.5898055544203913,0.48301452830654507,1.6618014543327004,2.8462602894850457,0.00031329724837365105,1.0000000360339112,0.24022607430602183,1,4.903358302426357,0.696699684256431,4.952651923746822,0.14127596637134807,0.002615678555942299,1.0000000222420409,0.00823679977586034,0
12.16,-0.0037536190280998416,0.004731690535104749,-7.386014571220817e-10,-0.4475871882752101,0.11812197919445326,0.46315068343485116,2.8820940150720844,0.00037060089503974594,1.0000027647560301,18.575647310000708,1,-0.035747376107487426,-0.7239259066858419,0.7240910080591885,-1.620263329952795,-0.0003119492675331076,1.0000003915157611,2.610105074472415,1,0.5912325194053748,0.7936236766267021,0.9901877710730206,0.930997430341356,-0.00033863630368025815,1.0000001844615296,1.0344643809935086,1,-1.6167998596983408,0.3940419114404808,1.6643504373335847,2.9021232985445797,0.0003415917195355318,1.0000000356463905,0.23764260399887632,1,4.895284218271482,0.7539653550487683,4.953060073256208,0.15296342765378237,0.0028355649660459894,0.9999998195795763,0.008236107529094197,0
12.18,-0.0037536190283545233,0.00473169053470077,-7.408775461615474e-10,-0.4646029281000441,-0.04397632986119958,0.4666717498117729,-3.048887505158281,0.00036757084459629157,1.000002763588955,17.591279781011828,1,0.1115053102445972,-0.7151155774847254,0.7229805352636439,-1.4160390847944828,-0.00020540762361065482,1.000000392026931,2.6135128727599533,1,0.48594104386595405,0.8641337178665618,0.9920400164965145,1.058964973696589,-0.00048367379868190246,1.000000318028865,1.0336356341385222,1,-1.638256934583036,0.30371723668549866,1.6663775794704971,2.9578329344965963,0.0003700043153860392,1.0000000352875436,0.23525029059229474,1,4.8865739698108905,0.8111329504062135,4.953500372360367,0.16464889364719637,0.003058580294415836,1.0000001660439433,0.008235254139565166,0
12.200000000000001,-0.003753619027363482,0.004731690534320863,-7.431286523640335e-10,-0.40979631137096,-0.19928904074862347,0.45538937304169563,-2.6906650810810926,0.00036489065538592705,1.000002710930416,16.748137912790753,1,0.25411345028723414,-0.6765598331626315,0.7219049936455465,-1.2111942954847505,-0.0001533151562941171,1.0000003926845311,2.6178968747101274,1,0.3728006275417727,0.9206744947623466,0.99403016579292,1.186436997801176,-0.0006022800016629142,0.9999999775612403,1.032226325135533,1,-1.6541236959427283,0.21235348930859868,1.6678778924929778,3.0134247815265254,0.0003987585210062306,1.0000000349576634,0.2330510896641979,1,4.877228859417227,0.8681950620946446,4.953972747146405,0.17633221383917322,0.0032847460340273914,1.0000000143096657,0.008234239852266682,0
12.22,-0.0037536190250996512,0.00473169053395777,-7.453446307413916e-10,-0.2870851936996425,-0.3210845791304377,0.43010898931271346,-2.301863697246071,0.0003632539026016664,1.0000025796787724,16.151881706344426,1,0.38609249991444566,-0.6097422165851165,0.7209095110812067,-1.0057589139704939,-0.00015855111380961407,1.0000003934623247,2.623082164263805,1,0.25367463357690345,0.9624206503127192,0.9961253606951931,1.313385374009718,-0.0006882267277911813,1.0000001525111297,1.0302653387254104,1,-1.6643611753661582,0.12026423586916467,1.6688477156509316,3.0689343764449437,0.0004280107050514962,1.0000000346569946,0.23104663067994802,1,4.867250283631979,0.9251443017305262,4.9544771184599625,0.18801323781563714,0.0035139699827169495,0.9999998230529354,0.008233064953151507,0
12.24,-0.003753619021539756,0.004731690533600387,-7.475160487347213e-10,-0.10877417362059444,-0.3789382545761407,0.3933642665312444,-1.8512177106433783,0.0003623626840967093,1.0000024158665155,15.947190797020856,1,0.5018569543764609,-0.5173554306148556,0.7200362504779025,-0.7997883475899656,-0.00021087977768625846,1.0000003943285931,2.628857287426202,1,0.13050125136150914,0.9887979371572361,0.9982914525458652,1.4397910362905724,-0.0007366556042802857,1.0000003332833298,1.0277907878741,1,-1.6689443619948294,0.027763430625401216,1.669284701129466,3.1243972203201973,0.0004579526190116795,1.0000000343857427,0.22923828431331036,1,4.856639732798036,0.9819733021549569,4.955013401902632,0.19969181541838008,0.003746343230991519,1.0000001704220602,0.008231729763792455,0
12.26,-0.0037536190168374756,0.004731690533231292,-7.496348283873161e-10,0.09492007925862456,-0.3393399412958176,0.35138045322095135,-1.2975718898287916,0.00036099148804054256,1.0000023301187064,16.355204830420227,1,0.5964700617739886,-0.4032036585480301,0.7193225223065746,-0.5933615631042156,-0.0002878193611569819,1.0000003952473566,2.63498237689859,1,0.005259221817682987,0.9994866738828176,1.000493608209969,1.5656440242537837,-0.0007434578875356739,0.9999999931288572,1.0248489321291567,1,-1.6678621006688885,-0.06483476044083467,1.6691878055956255,-3.103336514619698,0.0004889557026053969,1.0000000341440836,0.22762722300288363,1,4.845398790670068,1.0386747188005243,4.95558150675639,0.21136779685741253,0.003982548235753525,1.000000006356358,0.008230234635669057,0
12.280000000000001,-0.0037536190120902174,0.004731690532822397,-7.516985068255211e-10,0.2609679418307811,-0.18143199428945947,0.3171469388768401,-0.6050110284155525,0.0003605558718725297,1.0000024412184076,17.597756371235242,1,0.6658709368621488,-0.27205041403568564,0.7187990570094699,-0.3865779943308794,-0.0003615783174587219,1.000000396179867,2.641199113369426,1,-0.12006551399005476,0.9944205123262191,1.0026968962822624,1.6909433557366473,-0.000705113543096605,1.0000001199247186,1.0214929793191179,1,-1.6611170460287858,-0.15721612563238366,1.668557288161984,-3.0478607398069992,0.0005215190232829913,1.0000000339321713,0.2262144755464952,1,4.833529134003631,1.0952412310503916,4.956181333488742,0.223041032409431,0.004223541255311386,0.9999998268083935,0.00822857994390571,0
12.3,-0.0037536190106679124,0.00473169053233527,-7.5372583565117e-10,0.3029831399664322,0.05749525792162239,0.3084717658424304,0.19112172773886685,0.0003657143777988664,1.0000027525724968,19.405516726624494,1,0.7070659036832779,-0.12941708708797714,0.7184885425887588,-0.17955334173309528,-0.00042265252497180277,1.000000397086299,2.647241993143055,1,-0.24351163173726387,0.9737809583367418,1.004866840591279,1.8156967477170476,-0.0006258398101990719,1.0000003434998654,1.0177818210776237,1,-1.6487256728327107,-0.24906657117165268,1.6673947110924732,-2.992325273926118,0.0005551532481055703,1.0000000337501465,0.2250009758735741,1,4.821032532123517,1.1516655435888863,4.95681277387264,0.23471137101768377,0.004466840576919353,1.0000001745318985,0.008226766078936791,0
12.32,-0.0037536190150071437,0.004731690531750627,-7.557689422205138e-10,0.19258898583231232,0.26840835180173145,0.3312117851890263,0.9507877171898464,0.00037083505795303747,1.0000030853621118,20.742267087098963,1,0.7182721784655398,0.0186589452710022,0.7184045284743473,0.027585553351037375,-0.0004935147859137375,1.0000003979275873,2.6528505829050477,1,-0.36317222878664057,0.9379881496108903,1.0069699379467474,1.9399202019427038,-0.0005249805915486759,1.000000012099636,1.013778748701105,1,-1.6307183424024931,-0.34007229003758344,1.6657029354044814,-2.936694597020843,0.0005875659470506661,1.000000033598141,0.2239876061942331,1,4.807910846473014,1.2079403877418695,4.957475723389616,0.24637865936187875,0.004704425406045116,0.9999999983947206,0.008224793439778475,0
12.34,-0.00375361902186447,0.004731690531096124,-7.578757215982029e-10,-0.0016101240901172167,0.37001873022884524,0.3712328304003586,1.5755497875480688,0.0003723193846109928,1.0000032758500446,21.02956101145826,1,0.6990044863110587,0.1658944889686607,0.7185507416368817,0.2347065005950043,-0.0005965317123506991,1.000000398667338,2.6577822541013374,1,-0.4772222711779839,0.8876884210728356,1.0089741459632338,2.0636374888572724,-0.00041866927415116654,1.0000000876832218,1.0095501852363113,1,-1.607139424729397,-0.4299199436269417,1.6634861252029776,-2.8809331517946486,0.0006174760309000327,1.0000000334762853,0.22317523471786566,1,4.794166030142301,1.2640585228035572,4.9581700911615325,0.25804274479124273,0.004932094498091893,0.9999998308400005,0.008222662441808803,0
12.360000000000001,-0.0037536190276545017,0.004731690530413952,-7.600564925699937e-10,-0.19878889186019885,0.35937209205766224,0.41187633401539125,2.0749330529285714,0.00037289736522164624,1.000003278122664,20.533084250108406,1,0.650098767525352,0.3060443971678881,0.7189208714932019,0.44167809573890565,-0.0007430754281748745,1.0000003992735647,2.661823763707036,1,-0.583943458194799,0.8237391858882024,1.0108493226236008,2.1868795647866266,-0.00031126914487443437,1.0000003486231062,1.0051644575700716,1,-1.5780474754226508,-0.5182968640035526,1.6607497748025895,-2.825005337729564,0.0006453103048727611,1.000000033384712,0.2225647473337087,1,4.779800127370801,1.3200127373493395,4.958895788804437,0.2697034776463014,0.005151074227451451,1.000000178366946,0.008220373529974954,0
12.38,-0.0037536190313834632,0.004731690529731394,-7.623001847811839e-10,-0.3530976162798525,0.26711100712347413,0.4436902106314883,2.491840429121738,0.00037270779924684504,1.0000031066132324,19.64676774639395,1,0.5736713507137876,0.43318330639966285,0.7194988692272811,0.6483758136076143,-0.0009383419647392466,1.0000003997202347,2.664801563913761,1,-0.6817463861337156,0.7471916341027902,1.0125676083377009,2.3096839260087303,-0.0002048578546492367,1.000000034216458,1.0006906287532578,1,-1.5435154663552497,-0.6048912846774934,1.6575007373477648,-2.7688755006816326,0.0006715742752715589,1.000000033323561,0.22215707290757278,1,4.764815273023992,1.3757958505367698,4.959652721567547,0.2813607103266953,0.005362647265945744,0.9999999904373676,0.008217927185432105,0
12.4,-0.003753619033263423,0.004731690529061404,-7.645925060618952e-10,-0.4444859763677531,0.12590279014729855,0.46253967383994565,2.8628361564853764,0.0003713313293635487,1.0000028227899393,18.630808203889462,1,0.4730163788485717,0.54196961893428,0.7202597341860069,0.8546876976083012,-0.0011765685991310098,1.000000399988507,2.666590045954266,1,-0.7691899792406278,0.6592717064778872,1.0141037612909447,2.4320939117432143,-0.00010314237441724173,1.0000000568009895,0.9961974418119064,1,-1.5036310683937169,-0.6893926080658926,1.6537472504834494,-2.712507927710993,0.0006964836201289244,1.0000000332929804,0.22195320244272912,1,4.749213692046263,1.4314007133946922,4.960440788597234,0.29301429636577325,0.005567112217002588,0.9999998351413691,0.00821532393188924,0
12.42,-0.0037536190337118637,0.004731690528409481,-7.669217309824727e-10,-0.4653761671771029,-0.03583201544582986,0.46686084321436405,-3.0678219015850843,0.0003694187331256776,1.00000252660195,17.641686882568592,1,0.35244837092817344,0.6278776737294051,0.7211707275685352,1.060519317031786,-0.0014376470381203322,1.0000004000675657,2.6671171048285673,1,-0.8449982223460694,0.5613597438540116,1.0154354465006612,2.5541579760303996,-1.0925004288447679e-05,1.0000003487522406,0.9917524008668568,1,-1.4584969840224145,-0.7714917180727338,1.6494989658692425,-2.6558668497534157,0.000720140962474174,1.0000000332931303,0.22195420202593752,1,4.732997698889141,1.4868202101003531,4.961259884637738,0.30466409026362096,0.005764395601221191,1.000000181921127,0.008212564340984699,0
12.440000000000001,-0.0037536190330297262,0.004731690527778344,-7.692787218870067e-10,-0.41438466084045955,-0.19216850299577234,0.4563666395193055,-2.710513606794289,0.0003676545610687774,1.0000023204113129,16.78838845785701,1,0.21710009832054572,0.6873867556692251,0.7221929301811116,1.2657977318064897,-0.0016914381591670719,1.000000399955013,2.6663667541088873,1,-0.9080742788266428,0.45496915153944445,1.016543478307129,2.6759289438444878,6.800032029151174e-05,1.000000059161454,0.9874209285952898,1,-1.4082313270344693,-0.8508813465578976,1.644766984028559,-2.5989164520412604,0.0007426879558460071,1.000000033324183,0.22216121925760948,1,4.716169696915828,1.542047259245231,4.962109900831877,0.316309947611742,0.005954524662995485,0.9999999824969075,0.00820964903322942,0
12.46,-0.003753619031266005,0.004731690527170201,-7.716548398525869e-10,-0.295115530391081,-0.31650258323320707,0.43179784519316505,-2.324073947565589,0.00036656281761969836,1.0000022654331067,16.17567261255746,1,0.07268813947374682,0.7181190466307764,0.7232830436981937,1.470474298212604,-0.0019066963753971015,1.0000003996568156,2.664378770555455,1,-0.9575121054875605,0.34172435789338934,1.0174120198185093,2.797463259977963,0.00013167891174253982,1.000000028264225,0.9832656059920712,1,-1.3529680457037578,-0.9272565027934287,1.639563893951687,-2.541620893099092,0.0007644172754181366,1.0000000333863226,0.2225754833254927,1,4.69873217778392,1.597074815089869,4.962990724726762,0.3279517252874386,0.006137921869220382,0.9999998397056845,0.008206578674588324,0
12.48,-0.0037536190281512727,0.0047316905265862,-7.740391697822618e-10,-0.11924607692667016,-0.3786516667229077,0.39555883132550723,-1.8777281967239046,0.0003663863405012039,1.000002361396791,15.944992992594958,1,-0.07474057126533178,0.718922353536846,0.7243953289218104,1.6745262462352497,-0.002059200643435207,1.000000399186837,2.661245579611522,1,-0.9926056855369608,0.2233382864094468,1.0180287417653846,2.918820235254171,0.00018023450390349031,1.000000344104497,0.9793455185568015,1,-1.292857384887751,-1.0003149753228482,1.6339038167995557,-2.4839443337281186,0.0007858916498892024,1.000000033479745,0.22319829927469376,1,4.680687720807586,1.6518958688070426,4.96390223957138,0.3395892816647491,0.006315703364960043,1.000000185188811,0.0082033539709745,0
12.5,-0.0037536190233977687,0.004731690526021827,-7.76416552361256e-10,0.08434315138538295,-0.3450936076832766,0.3535993177622948,-1.330775125392845,0.00036735541931853495,1.00000256485277,16.313181500280205,1,-0.21906809342506198,0.6898970117096883,0.7254835788428963,1.8779570464253328,-0.002135156348995605,1.0000003985660162,2.657106774983557,1,-1.012855997304836,0.10158950698324662,1.0183849427891098,3.0400612934388698,0.00021681537470318862,1.0000000865328538,0.975715697042072,1,-1.228066381363478,-1.0697579160396227,1.6278024534327986,-2.4258509775052834,0.000808071919942327,1.0000000336046553,0.2240310353247081,1,4.662038992300436,1.706503449712389,4.964844322506581,0.35122247678173923,0.006490048009697387,0.9999999745859216,0.008199975663039816,0
12.520000000000001,-0.0037536190179921335,0.004731690525457534,-7.787722005898196e-10,0.2546445528665124,-0.19337792837121257,0.31849141953041354,-0.6458608405236648,0.00037142183200974293,1.0000028239780512,17.50976289009413,1,-0.3543587655068821,0.632369406799678,0.7265030350651578,2.080795653019807,-0.002130851803473124,1.000000397821267,2.6521417804390883,1,-1.0179758210060301,-0.02170081221571229,1.0184756331134168,-3.121936085536004,0.0002472388518935258,1.0000000029790603,0.9724266360671924,1,-1.1587793855266022,-1.1352905167376268,1.6212771362719716,-2.367305123784721,0.0008321281111682357,1.0000000337612651,0.22507510083014623,1,4.642788744899642,1.7608906264817075,4.965816841046404,0.36285117213409346,0.006663778730723774,0.9999998445257154,0.008196444522166798,0
12.540000000000001,-0.003753619016049651,0.004731690524856675,-7.811138719344968e-10,0.3050549857972011,0.04360495103312761,0.3080870354884247,0.14769766051379374,0.0003806206287998996,1.0000030586988262,19.30984725636604,1,-0.47509622891514963,0.5488168747387119,0.7274121693247175,2.2830947546029607,-0.0020606856384212113,1.0000003969841813,2.6465612086528543,1,-1.0078924611119628,-0.14469206466635828,1.0182995803261397,-3.000737880579668,0.00027462214069778423,1.000000334985548,0.9695238771022269,1,-1.0851986012574804,-1.1966227886152019,1.6143468840603088,-2.308271232352481,0.000857857260772265,1.0000000339497872,0.2263319145671272,1,4.622939816871297,1.8150505083544477,4.966819650979938,0.37447522930339966,0.006836420645325029,1.0000001881648208,0.008192761345447008,0
12.56,-0.0037536190203828913,0.004731690524202966,-7.834882766438039e-10,0.20172249549689497,0.25885236799393413,0.3293716144135201,0.9129571533163559,0.00038778540209358984,1.0000031370379723,20.69668131348757,1,-0.5763960520854616,0.442750262574125,0.728174271085941,2.484928181060904,-0.00196826790059882,1.0000003960896187,2.6405974583862557,1,-0.9827484308626349,-0.2655474119922757,1.0178593115993972,-2.879466116282458,0.000294584286813667,1.0000001158338818,0.9670476451738846,1,-1.0075446340415048,-1.2534704552475828,1.6070324484780114,-2.2487140014855793,0.0008827572874205475,1.0000000341704296,0.22780286403134245,1,4.60249513139883,1.8689762463231019,4.967852606442976,0.38609450847966054,0.007001807629815099,0.9999999667169451,0.008188926948847135,0
12.58,-0.0037536190270234335,0.004731690523531807,-7.859342798961777e-10,0.00972361171541798,0.3669853224162472,0.3689391209044263,1.5454194421404845,0.00038775037721551535,1.0000030396112038,21.037953051154968,1,-0.6541878723409068,0.3185612255350304,0.7287588089946722,2.6863876342621262,-0.0018931338014864466,1.0000003951742533,2.6344950226628194,1,-0.9429001105793728,-0.38245698213938384,1.017161082362966,-2.7580583905164344,0.0003071114592601514,0.9999999817312512,0.965032529608842,1,-0.9260570353916016,-1.3055559694552497,1.5993563519693725,-2.188598472936985,0.0009060501247687215,1.0000000344233884,0.22948925570397397,1,4.581457695854747,1.9226610343061623,4.9689155719323015,0.3977088707641766,0.007158026885615268,0.9999998495938259,0.008184942169565956,0
12.600000000000001,-0.0037536190322877173,0.004731690522888375,-7.884478705772607e-10,-0.18876772864389726,0.36171059062647976,0.4098535005566461,2.0504899900364815,0.0003861595812261943,1.000002888760146,20.57274970273264,1,-0.7053628106993554,0.18134154696043447,0.7291425321934109,2.8875789212903538,-0.001848768896324387,1.0000003942751334,2.628500889131591,1,-0.8889143558367726,-0.49366100223746445,1.0162148234241422,-2.6364539364735085,0.00032075127136126737,1.0000003217667388,0.9635071958924771,1,-0.8409948293690844,-1.3526096642446646,1.5913429393881064,-2.1278901632703553,0.0009293762873258539,1.0000000347088382,0.23139225496705612,1,4.559830601051825,1.976098110303206,4.970008413139123,0.4093181808044401,0.007309218375874937,1.0000001908444418,0.00818080787423443,0
12.620000000000001,-0.0037536190355955297,0.0047316905222974165,-7.910058912128509e-10,-0.3460530037912925,0.27298406163184896,0.4422816085283606,2.4708170123980366,0.0003867910024850167,1.0000027914406324,19.69961772634378,1,-0.7278834079961605,0.03668159142378486,0.7293102810436728,3.0886178241099764,-0.0018378871281009759,1.0000003934283006,2.6228553372053462,1,-0.8215629981729826,-0.5974727946372844,1.015034048940914,-2.514594368035421,0.0003450791655719828,1.0000001464721384,0.9624941195537602,1,-0.7526370046133993,-1.3943710475193845,1.5830184331626485,-2.0665552102326576,0.0009542946726768025,1.000000035026922,0.23351281379706385,1,4.537617020474189,2.0292807575344014,4.971130986568477,0.4209223060658939,0.007459433772265312,0.9999999589024462,0.008176524958494602,0
12.64,-0.003753619037316619,0.004731690521768531,-7.935853207213794e-10,-0.44109379384482256,0.13365642216576692,0.46188499670980576,2.8435289290498575,0.00038888316213825814,1.000002768190949,18.686016669585918,1,-0.7208544432309003,-0.10954536221381611,0.7292555026172387,-2.993559583979449,-0.0018599945367252558,1.0000003926675027,2.61778335179097,1,-0.7418151517894613,-0.6923015380834615,1.0136357195777557,-2.3924244266680867,0.00038815208141995726,0.9999999651559146,0.962009340319973,1,-0.6612829526812373,-1.4305902493559366,1.574410976747058,-2.004560540686993,0.0009817484388155136,1.0000000353777379,0.23585158517693813,1,4.514820209491207,2.0822023055645777,4.972283138605239,0.43252111569715507,0.007611361793417813,0.9999998549019862,0.008172094344735566,0
12.66,-0.0037536190376981056,0.004731690521304339,-7.96166377183688e-10,-0.46585628113772226,-0.02763990073033174,0.46700594001044204,-3.0867371826502006,0.0003904488096651831,1.000002768147494,17.69246548307355,1,-0.6845537678525594,-0.2514065348022912,0.7289804693860501,-2.7924602138891914,-0.0019134619402757583,1.0000003920230183,2.6134867890157585,1,-0.6508272175911364,-0.7766746582796011,1.0120400645409917,-2.269892729739721,0.00045664831690095793,1.000000304866553,0.9620622374405262,1,-0.567252830600877,-1.4610296292285807,1.5655506678812525,-1.9418740662323273,0.0010122809937765885,1.0000000357613235,0.23840882315440923,1,4.491443504554182,2.13485613141024,4.973464707004549,0.4441144801088858,0.007766952385621267,1.0000001932234297,0.00816751698281072,0
12.680000000000001,-0.003753619036811229,0.004731690520903485,-7.987310296671268e-10,-0.4186912635023433,-0.18492336369632512,0.4573028601774605,-2.730271762816648,0.0003911951984877503,1.0000027211688989,16.82932053663171,1,-0.6204228200399277,-0.38313468658123656,0.7284962000064936,-2.5911503283931445,-0.0019988829178816682,1.000000391520601,2.610137340645735,1,-0.5499304641407109,-0.8492596647089795,1.0102703615975253,-2.146952513840382,0.0005564954796218734,1.0000001777659115,0.9626553295224738,1,-0.4708878224754489,-1.4854655486313721,1.5564695823321881,-1.8784649079526528,0.0010461558105385542,1.00000003617764,0.24118426675576135,1,4.467490322375555,2.1872356606290118,4.97467552189505,0.45570227088762655,0.007927871436130801,0.9999999511548074,0.008162793852149323,0
12.700000000000001,-0.0037536190346452933,0.004731690520560806,-8.012617648371634e-10,-0.3028980321321683,-0.31170843887521155,0.4334539461280512,-2.3461054930346923,0.000394452672962778,1.0000025948486362,16.200549322374307,1,-0.5310169047519607,-0.49934871386303503,0.7278220870569853,-2.3895187581452535,-0.0021195838816917426,1.0000003911805477,2.607870318797456,1,-0.44061606602908565,-0.9088851953751477,1.0083526725172904,-2.0235623649372374,0.0006925792930888501,0.9999999537143415,0.9637841024486754,1,-0.37255027182808276,-1.5036903119974738,1.5472017861320246,-1.81430365119455,0.001083377115753787,1.0000000366265507,0.2441770051165177,1,4.4429641590908435,2.239334368391302,4.975915406185297,0.4672843608142669,0.008095755897513188,0.999999860441787,0.008157925964012267,0
12.72,-0.003753619031154079,0.00473169052026604,-8.037414119671515e-10,-0.1295530958963641,-0.37805354260035345,0.39773959085166194,-1.9039446887288132,0.00040263943895659096,1.0000024285600175,15.944487023026381,1,-0.41991578416544545,-0.5952635673166091,0.7269852361429866,-2.1874664809291127,-0.0022719527181150026,1.0000003910169593,2.606779727851992,1,-0.32451749644435834,-0.9545609708621866,1.0063155321696637,-1.899686924602783,0.0008676167467615878,1.0000002847332417,0.965436860813675,1,-0.2726236533092387,-1.5155142755517872,1.5377833337693327,-1.7493626313439266,0.0011237286439605397,1.0000000371077982,0.24738532068525365,1,4.417868589403025,2.291145780533854,4.9771841754229955,0.47886062393221385,0.008272480442867922,1.000000195298015,0.00815291436364177,0
12.74,-0.003753619026461954,0.004731690520001543,-8.061538398634882e-10,0.07375123971986416,-0.3504619970117205,0.35584318420552824,-1.3635746636827253,0.00041259265761696716,1.0000023285746678,16.273536280136817,1,-0.2915957524053707,-0.6668829208727636,0.7260195065993879,-1.984910608400147,-0.0024378429705672736,1.0000003910372166,2.606914776968023,1,-0.20339020490460633,-0.9854962973070196,1.0041895916269439,-1.775297558795503,0.0010807528687853507,1.0000002089542288,0.9675945899300463,1,-0.1715123496048532,-1.5207681195847562,1.5282522499929825,-1.6836162515191007,0.0011669667841462924,1.0000000376209763,0.2508065095725186,1,4.392207265710038,2.342663474595094,4.97848163668646,0.4904309356251868,0.008460508830964612,0.9999999434863045,0.008147760132431485,0
12.76,-0.0037536190215024454,0.004731690519738009,-8.08487837442029e-10,0.24803113440283114,-0.20503027241909103,0.3199182050303564,-0.6863984767558674,0.00042137874860005155,1.0000024171636246,17.42350048358127,1,-0.15126530535840152,-0.7111676375923686,0.7249642623483209,-1.7817879303869941,-0.0025740068441649153,1.0000003912415356,2.6082769045570253,1,-0.07908856361374092,-1.001116698582201,1.002007218728437,-1.6503729722084903,0.0013223941213384438,0.9999999476760981,0.9702307562641659,1,-0.06964119708167925,-1.5193052742456659,1.5186484935552453,-1.617041332687468,0.0012129881513378877,1.000000038165503,0.25443668597374247,1,4.36598391721562,2.393881080832203,4.979807585653121,0.5019951724240866,0.00866246020395295,0.9999998662044515,0.008142464389919918,0
12.780000000000001,-0.003753619019388011,0.004731690519433205,-8.107515683114519e-10,0.3067277404574581,0.02965796553375383,0.3078058093405652,0.1041072508582416,0.0004313351770045779,1.0000027158413245,19.21231866108273,1,-0.004667832566988497,-0.7261727725171869,0.7238628599099516,-1.578057857982089,-0.002607894624531926,1.0000003916226705,2.6108178033553204,1,0.046459861230696925,-1.0010782106485068,0.9998020682699379,-1.5248997465375567,0.00156258977405855,1.00000026182732,0.9733108391851883,1,0.03254523816095283,-1.5110044821693724,1.5090139011959354,-1.549617493858752,0.0012605743760431,1.0000000387405876,0.2582705848470647,1,4.339202349023621,2.444792283220104,4.981161803980302,0.5135532106921241,0.00887698964969754,1.0000001970649122,0.008137028293304083,0
12.8,-0.0037536190230379176,0.0047316905190579175,-8.129879703472342e-10,0.21068798222245855,0.24897961524599585,0.3275843685195422,0.8746276456671164,0.0004405129504720251,1.0000030580360868,20.64726727650817,1,0.1421435772461346,-0.7111458237348185,0.7227608886673613,-1.3737045674201265,-0.0024850362977856576,1.0000003921658995,2.6144393301552573,1,0.17128255549485583,-0.9852788371741313,0.9976086333738591,-1.3988727909211345,0.0017528100488420982,1.000000239208868,0.9767918330339129,1,0.13458369335445677,-1.49577247338995,1.4993921004687891,-1.481327555977431,0.0013057600850038943,1.000000039345207,0.2623013805957496,1,4.311866441217798,2.4953908204332373,4.982544068160916,0.5251049247286047,0.009095920897713291,0.9999999359090888,0.008131453031809576,0
12.82,-0.0037536190297046265,0.00473169051862856,-8.152427426709463e-10,0.021143360868464314,0.3636432813141584,0.366642708422654,1.5148445049229937,0.0004427201673239431,1.0000032671610655,21.04358024838212,1,0.2830521622358698,-0.6665794331812878,0.7217042332048107,-1.1687381234509644,-0.0022205060680600117,1.0000003928494874,2.6189965826719606,1,0.2933925424308,-0.9538666318916951,0.9954617573477488,-1.2722957228605163,0.0018689131714558994,0.999999947104817,0.9806228121785483,1,0.23599359119594152,-1.473546718886753,1.489828372148222,-1.4121579736937548,0.0013461024440405592,1.00000003997808,0.2665205333790082,1,4.28398014792906,2.5456704868089672,4.983954164421862,0.5366501884304172,0.009314958350869136,0.9999998721808501,0.008125739825381121,0
12.84,-0.0037536190355346565,0.0047316905181798916,-8.175260780840521e-10,-0.17852963003336772,0.36384388326012085,0.40779862334946815,2.025751879027123,0.00044025417581167517,1.0000032875800005,20.61098672973234,1,0.4121351715094939,-0.5942129099880312,0.7207371252556816,-0.9631944678654715,-0.001900699771709516,1.0000003936456598,2.6243043995924467,1,0.4108207170819036,-0.9072438576024168,0.9933960776931565,-1.1451811678642196,0.0019302250159013929,1.000000236601669,0.9847467502165705,1,0.3362788108577168,-1.4442982198294767,1.480369474772142,-1.3420992981576911,0.001382869405763456,1.0000000406376461,0.27091764064674445,1,4.255547496387607,2.5956251332903295,4.985391883332277,0.5481888782601995,0.009536253354472727,1.0000001985213223,0.008119889930908628,0
12.860000000000001,-0.003753619039319229,0.004731690517732331,-8.198257042853208e-10,-0.33874054200756865,0.2787528971173117,0.44082943791736434,2.4496202095679673,0.00043707119716197764,1.000003130014615,19.7518952435408,1,0.523922043543301,-0.4969788629790981,0.7199003009375079,-0.7571342992882982,-0.0016216300404756456,1.0000003945217506,2.630145003869731,1,0.5216495325859847,-0.8460667236362956,0.9914454031435737,-1.017550886763833,0.001967206946502894,1.0000002676465747,0.9891018230155221,1,0.43492988499716667,-1.4080342814909053,1.471063438771698,-1.2711466480737756,0.0014179576632074567,1.0000000413220387,0.27548025770293927,1,4.2265725859594685,2.6452486683502627,4.986857009452689,0.5597208729580393,0.009761571598104627,0.9999999284351663,0.008113904640357054,0
12.88,-0.0037536190412244133,0.004731690517290836,-8.221266683920703e-10,-0.43741877510232485,0.14138959078069646,0.46118377116181825,2.8241370795952574,0.00043432691154498523,1.0000028523942124,18.741160404496398,1,0.6136404371543844,-0.37889389424119096,0.7192292664707085,-0.5506408828097542,-0.0014313236814845337,1.0000003954413792,2.636275861433175,1,0.6240474022469761,-0.7712403096963524,0.9896420666525516,-0.889435676143987,0.0019982002072390335,0.9999999518521812,0.9936215920624988,1,0.5314266532652725,-1.3648012121055906,1.461959315783984,-1.1993001752013357,0.0014524743140936068,1.0000000420290531,0.280193687597273,1,4.197059587170637,2.6945350588990156,4.988349320128776,0.571246052460451,0.009990839148627719,0.9999998783615147,0.008107785273225322,0
12.9,-0.003753619041657762,0.004731690516852178,-8.244182441753678e-10,-0.4660549002774615,-0.01939434738835947,0.4671054564706551,-3.1056658804141106,0.0004320807738762762,1.0000025527522762,17.74351459734603,1,0.6774368067674826,-0.2448956370085958,0.7187527052888022,-0.3438167732838647,-0.0013297371037905516,1.0000003963658426,2.642438950485266,1,0.7163030351643378,-0.6839083901535398,0.9880162993648107,-0.7608750524302073,0.00202922266938552,1.0000002094936977,0.9982352192258862,1,0.6252413934276101,-1.3146868764019664,1.4531068808809002,-1.1265655183864458,0.0014867435981624727,1.000000042756116,0.28504077346063633,1,4.167012740720275,2.743478331173751,4.989868587476693,0.5827642974844018,0.01022296145021868,1.0000001996649386,0.008101533169907766,0
12.92,-0.0037536190409543898,0.0047316905164103305,-8.266942538512345e-10,-0.4227297862635706,-0.17755033580735943,0.45819674115386566,-2.749973768541738,0.0004306774748490228,1.0000023351477558,16.87081675340555,1,0.712558569117389,-0.10063211505027804,0.7184911259811161,-0.13677949884552468,-0.0012940440971532944,1.0000003972557714,2.648371809003742,1,0.7968588193256606,-0.5854379987343618,0.9865956399020004,-0.6319167348954071,0.0020604013438893787,1.000000293363713,1.0028682980129782,1,0.7158424400478792,-1.2578230228465184,1.4445562897455255,-1.0529542351042565,0.00152056216145416,1.0000000435002587,0.290001724869741,1,4.136436356483814,2.7920725716098858,4.991414580118341,0.5942754895062443,0.010456462851150589,0.9999999210763804,0.00809514968579035,0
12.940000000000001,-0.0037536190392061285,0.004731690515959461,-8.289510146017309e-10,-0.31044538988092935,-0.306702007789272,0.43507395718937975,-2.3679956365733013,0.00043084177482714657,1.0000022655262235,16.22637420528602,1,0.7174864476714199,0.04778696910342391,0.7184558574014729,0.07034362214491681,-0.0013006029190053467,1.0000003980729446,2.6538196307403474,1,0.864342305113513,-0.4773987458029761,0.9854043837683614,-0.5026159310330193,0.0020904035756257253,0.9999999615818173,1.0074441433321757,1,0.8026982872514703,-1.1943872948523102,1.4363576915270515,-0.9784841958145181,0.001553457748836056,1.0000000442580994,0.2950539957153796,1,4.10533481250663,2.8403119276938087,4.992987064302781,0.6057795108969491,0.010689896603056453,0.9999998847366535,0.008088636185622439,0
12.96,-0.003753619036159583,0.004731690515493965,-8.311844233721555e-10,-0.1397014077315216,-0.3771459885024495,0.3998982325745217,-1.9299013930414308,0.0004330683506271651,1.0000023484568321,15.94556153546902,1,0.6920083056577417,0.19406428956742883,0.7186484695525609,0.2774212588691611,-0.0013367735846319972,1.0000003987821189,2.658547459789006,1,0.917594819531316,-0.36153710459631233,0.9844630826894879,-0.37303442793649866,0.0021189458562962723,1.0000001809375494,1.0118853171004352,1,0.885282155805511,-1.1246048302539282,1.428560798585183,-0.9031799245061819,0.0015849472250833762,1.0000000450258335,0.3001722229821553,1,4.073712553988655,2.888190608796052,4.994585804403782,0.6172762451487739,0.010922261940923973,1.0000002004939506,0.008081994039263954,0
12.98,-0.003753619031506515,0.004731690515004678,-8.333874280778975e-10,0.06315124587351674,-0.3554416688394033,0.3580969863657609,-1.3959790605133993,0.00043707107793390453,1.0000025423663668,16.236333122777744,1,0.637229477041126,0.33199938317692773,0.7190606654386932,0.48432410927081715,-0.0014020942657416654,1.0000003993527409,2.6623516054048584,1,0.9556962655211274,-0.23974609836172045,0.983788107677049,-0.24323950189528198,0.002147633378054595,1.0000003154811057,1.0161152719979598,1,0.9630769857411706,-1.0487493507735164,1.4212144161418152,-0.8270728678381083,0.001614843401090084,1.000000045799235,0.30532823406784576,1,4.0415740922605785,2.935702886983989,4.996210562353643,0.6287655771628988,0.011153513942452382,0.999999913844391,0.008075224620748033,0
13.0,-0.003753619025998701,0.0047316905144701524,-8.355531201827138e-10,0.2411406893859582,-0.2163614274659089,0.32140895016575965,-0.7265612892179644,0.0004428770105587597,1.0000027959289672,17.339542814647537,1,0.5555188878611049,0.4557677270336472,0.7196746555909839,0.6909308466387766,-0.0015020228800116638,1.0000003997604248,2.6650694980497738,1,0.9779852383363614,-0.11403103167257927,0.9833912902770571,-0.11330266924879598,0.0021793777031734705,0.9999999758005156,1.0200600484295599,1,1.0355807946708098,-0.9671436446986271,1.4143659378424025,-0.7502015753800014,0.001643496551375181,1.0000000465736694,0.31049112982315835,1,4.008924003751135,2.9828430978127876,4.997861094956408,0.6402473933618823,0.011384302775372498,0.9999998912961666,0.008068329311986951,0
13.020000000000001,-0.0037536190234299105,0.004731690513852437,-8.376945842721029e-10,0.30798633911023543,0.015703059312007134,0.3076177800269557,0.060491217756254136,0.00045232691667414405,1.0000030367203967,19.114050593944693,1,0.45039463034471106,0.5601790463744667,0.7204639944090833,0.8971336169334457,-0.001647519356861122,1.0000003999881015,2.666587343730355,1,0.9840737224875982,0.013527898671225363,0.9832796574199713,0.016701688526012348,0.0022138310049262646,1.0000001513802221,1.0236499604551919,1,1.1023123196566393,-0.8801593523797309,1.4080608185900427,-0.6726117734189111,0.0016709411878432481,1.000000047344118,0.31562745242913504,1,3.975766928944091,3.029605641093714,4.99953715023672,0.6517215807506902,0.01161181240116891,1.0000002010070455,0.008061309509075605,0
13.040000000000001,-0.00375361902721564,0.004731690513129983,-8.398648603837044e-10,0.21944047915683373,0.23882045742861954,0.3258521215149473,0.8359429216855739,0.00046126671022998913,1.0000031347925804,20.595062379885086,1,0.32635659408854784,0.6409013038807847,0.7213948311451491,1.1028427726522956,-0.0018574134897527336,1.000000400026768,2.666845118837086,1,0.9738558138789263,0.14081511882898187,0.9834552776166846,0.14669779088880727,0.0022396463251998025,1.0000003331995175,1.02682119933505,1,1.162816837827617,-0.7882159756013646,1.4023420362669314,-0.5943563103851477,0.0016948777922083207,1.0000000481052178,0.3207014527105954,1,3.9421075713250424,3.0759849816408527,5.001238473833181,0.663188024958266,0.01182619169374878,0.9999999067506576,0.008054166625169478,0
13.06,-0.0037536190339037302,0.004731690512335137,-8.421158466734302e-10,0.03260371811318577,0.35999630170158864,0.3643529846676372,1.4839388462700056,0.00046008359441353604,1.0000030520417602,21.047218183370443,1,0.18867683701299984,0.6946396998724276,0.7224275004298114,1.3079906163010555,-0.002121951442126109,1.0000003998757827,2.665838551899474,1,0.947510128161013,0.26572021163975573,0.9839152156345548,0.2766099802835976,0.0022446953643858367,0.9999999939117716,1.0295173772870325,1,1.2166720404839857,-0.6917790487222343,1.3972495373831866,-0.5154949574009723,0.0017128498787383805,1.0000000488513179,0.32567545187173613,1,3.907950696319468,3.121975649996658,5.002964824840699,0.6746466114067268,0.012021910964019014,0.999999898029662,0.008046902093386609,0
13.08,-0.0037536190394545383,0.004731690511517431,-8.444562145902557e-10,-0.16810642829315514,0.3657609359768323,0.4057239079474818,2.0008024913988,0.00045019787295921235,1.000002902761357,20.6483601794928,1,0.043160319812363845,0.7192635461349307,0.7235183477090031,1.512533992144428,-0.002401463811718674,1.0000003995427051,2.663618034072892,1,0.9054957964759359,0.3861783095531457,0.9846515814048739,0.40636424193629206,0.0022247203710108283,1.0000001213177374,1.031690877730626,1,1.2634938184915183,-0.5913574332883386,1.3928196790939034,-0.43609407037172315,0.0017248707253642538,1.0000000495765442,0.33051029413078253,1,3.8733011302207063,3.1675722431344777,5.0047159730918125,0.686097228641197,0.01220155365367195,1.000000201203411,0.008039517375979452,0
13.100000000000001,-0.003753619043066209,0.004731690510708395,-8.468715086834555e-10,-0.3311761150612474,0.2844022691079521,0.4393454667505037,2.4283083793287137,0.00044105468089610775,1.0000027998298744,19.804006776421673,1,-0.10411066128047716,0.7138775781538642,0.7246216728267296,1.716455625772668,-0.0026622610615226147,1.0000003990428061,2.660285374946214,1,0.8485422051093091,0.5002091937445156,0.9856516917233635,0.5358896661195527,0.0021762502480890534,1.0000003458696194,1.0333039280216134,1,1.30294180317894,-0.4874997259245758,1.3890847043470858,-0.35622610761934087,0.0017318420605850035,1.0000000502748845,0.335165896152184,1,3.8381637591068567,3.21276942513978,5.006491687677317,0.6975397686245539,0.012368222559210355,0.9999998998064206,0.008032013965973311,0
13.120000000000001,-0.0037536190450731437,0.004731690509924719,-8.493452382379862e-10,-0.4334627711820971,0.1490891813297472,0.46044501918267844,2.804700047056268,0.0004347170879426301,1.0000027718011075,18.796538196368452,1,-0.24703543408721026,0.6788377483886336,0.725691685403598,1.91976426545008,-0.0028785450511413513,1.0000003983982082,2.6559880542396637,1,0.7776328714702209,0.6059540119349883,0.9868983448898301,0.665119817906718,0.002094255490083394,1.0000000152812798,1.0343294272661392,1,1.3347245003326484,-0.3807898008305342,1.3860722610025433,-0.2759689938648124,0.001734551650123346,1.0000000509402822,0.3396018809696008,1,3.802543527749587,3.257561927872649,5.008291733740176,0.7089741257995529,0.012523623494466085,0.9999999049264715,0.008024393380585304,0
13.14,-0.003753619045730242,0.004731690509176545,-8.518628909909287e-10,-0.4659627895701217,-0.011103425523997526,0.4671644024167397,-3.124580185983996,0.00042957806666976434,1.0000027724175786,17.795073245892652,1,-0.37974566482364713,0.6157144648359132,0.7266843976439934,2.122493729455379,-0.0030382629486624397,1.0000003976367229,2.6509114853126974,1,0.6939840591061618,0.7017086523405778,0.9883701916562511,0.7939939773163059,0.001974457445846628,1.0000000913320521,1.0347514773066413,1,1.358603856166476,-0.271841542719376,1.3838049724426478,-0.19540533972946683,0.001733655310694953,1.0000000515667418,0.34377827902123664,1,3.76644543851717,3.3019445516109083,5.010115873129293,0.7204001966628909,0.012668876571990806,1.000000201082737,0.008016657155675263,0
13.16,-0.003753619045136135,0.004731690508470683,-8.544105215002595e-10,-0.42648240958490824,-0.1700516610872447,0.45904925425315957,-2.7695961241621987,0.00042471526654089964,1.0000027309326553,16.913098127213036,1,-0.4968380305739285,0.5272083811035778,0.7275593761140312,2.3247009847655935,-0.003144586357313419,1.0000003967905333,2.645270222594883,1,0.5990189062875838,0.7859529791199791,0.9900421882364043,0.922458215191992,0.001815372513216706,1.0000003530535064,1.0345655962770253,1,1.374399103571596,-0.16129286085017389,1.3823000739409808,-0.11462153345173925,0.0017297714320597534,1.0000000521484413,0.3476562756423408,1,3.7298745502725987,3.345912165672827,5.011963865109512,0.7318178797125732,0.01280513502669232,0.999999893022683,0.00800880684342608,0
13.180000000000001,-0.0037536190432758826,0.004731690507810719,-8.569732679562791e-10,-0.31773280847990326,-0.3014795203657168,0.436656075964862,-2.3897191299363163,0.0004206373529243676,1.0000026099185908,16.253373857620666,1,-0.5935811294068076,0.4170252150258388,0.7282812905481313,2.5264634186780115,-0.003211326991626105,1.0000003958947776,2.639298517533807,1,0.4943379634615114,0.8573753330393407,0.9918861166240974,1.0504662795874216,0.001619303889558783,1.0000000392926525,1.0337786178334751,1,1.3819897548918008,-0.0497991075567284,1.3815691282523401,-0.03370672610945092,0.001723531572985664,1.000000052679847,0.351198979932472,1,3.6928359772666286,3.389459709018753,5.013835466567573,0.7432270755325282,0.012933917557828698,0.9999999119756684,0.008000844012227877,0
13.200000000000001,-0.003753619040088121,0.004731690507195596,-8.595350373293009e-10,-0.1496601212638101,-0.3759179837732358,0.40203210738786965,-1.955568122507837,0.0004186035278754272,1.000002442090662,15.948443916992225,1,-0.6660909266335903,0.28971674140408116,0.7288212185759171,2.727875470684489,-0.003255787103051667,1.000000394986098,2.6332406543497004,1,0.381687100577441,0.9148919143282672,0.9938711554189084,1.1779802775292307,0.0013932589875175721,1.0000000621097933,1.0324082938992127,1,1.381317633437703,0.061973946911572125,1.3816178308076226,0.04724826323560163,0.001715625912355681,1.000000053155828,0.3543721866183294,1,3.6553348880252994,3.4325821908311673,5.015730431707268,0.7546276869463007,0.013057426438580596,1.000000200645215,0.007992770247611622,0
13.22,-0.003753619035678197,0.004731690506617203,-8.620791498194225e-10,0.052578769535051334,-0.3600101228093867,0.3603589570958087,-1.4279518402778577,0.00041956455645409226,1.0000023290126252,16.201789226083115,1,-0.7114708056943896,0.15049522768849558,0.7291576797830632,2.9290447828357085,-0.003291191986868393,1.0000003941012163,2.6273414421555326,1,0.262923756919973,0.9576608771976436,0.9959644830799549,1.304971146928304,0.0011492502783253336,1.0000003545602973,1.0304826316318156,1,1.372387868685919,0.17335740951511885,1.382445911308009,0.1281520916157993,0.001706884839943323,1.0000000535717652,0.35714510101662195,1,3.6173765042322508,3.4752746910734715,5.017648510851524,0.7660196192266482,0.013178971907378254,0.999999886410194,0.007984587153487934,0
13.24,-0.0037536190308110687,0.004731690506056097,-8.645915051605502e-10,0.23400487135988732,-0.22733001040278208,0.32296480197953925,-0.7663030901226073,0.0004239775995545615,1.0000023953038266,17.258129945571763,1,-0.7279137067153836,0.005028359254879024,0.7292773831952577,3.1300880122492902,-0.003321560266662872,1.000000393275572,2.621837146665477,1,0.13998246866929037,0.9850911633879078,0.998131894957785,1.4314189224029803,0.0009033091970294279,1.0000000653783319,1.0280390057983162,1,1.355268817697078,0.28368664215355777,1.3840471347070145,0.20891405119708686,0.0016982522019414435,1.0000000539236495,0.35949099762233744,1,3.5789660996059376,3.517532361027598,5.019589447206905,0.7774027801835234,0.013302685070299282,0.9999999191660849,0.007976296353371213,0
13.26,-0.0037536190283227137,0.004731690505478666,-8.670736567975568e-10,0.30883865785491316,0.0017917199155976261,0.30752965038509844,0.01688674922668204,0.0004325771653688309,1.0000026792474257,19.01517641256185,1,-0.7147648756169331,-0.14077866933906924,0.7291756782126325,-2.9520588727289585,-0.003347654933681145,1.000000392542059,2.6169470605288296,1,0.014840531238614021,0.9968462740213478,1.000338415454059,1.557312804250283,0.0006686618015906681,1.0000000344315898,1.0251230953402641,1,1.3300909153697293,0.3923085304196731,1.386409403074387,0.28944520677430796,0.0016898440367759703,1.0000000542081677,0.3613877843669785,1,3.5401089987715633,3.559350423810552,5.021552971866257,0.7887770792822741,0.01342916006437545,1.0000001998915393,0.007967899490380875,0
13.280000000000001,-0.003753619031528305,0.004731690504859049,-8.695605559390363e-10,0.22797238281769971,0.22841151567494225,0.32418296598095214,0.7968938361985667,0.0004416325110633133,1.0000030290123814,20.53980638679683,1,-0.672544465015294,-0.28100757087224176,0.7288566997876682,-2.7509038598958893,-0.0033808453473184456,1.0000003919298777,2.612865851538759,1,-0.11051545473997285,0.9928433175271215,1.0025488943636405,1.682651041923368,0.0004444616326660455,1.0000003504476747,1.0217876962183547,1,1.2970444962523437,0.49858845736013163,1.389514962785566,0.369659480033312,0.0016795972794537773,1.000000054422767,0.3628184465722191,1,3.500810576128933,3.600724174871397,5.023538807413428,0.8001424253764661,0.013550775987745463,0.9999998799794315,0.007959398222094946,0
13.3,-0.003753619038225669,0.004731690504215024,-8.720944591478208e-10,0.04410011206618489,0.35607126900309466,0.36207370009048323,1.4526693901812324,0.00044354291981729167,1.0000032566138835,21.048449604239703,1,-0.6029297306178811,-0.40995177230080543,0.7283332108728273,-2.54951524124847,-0.003424019600002695,1.000000391463519,2.609756792508205,1,-0.23412153186122342,0.9732477731042917,1.0047285870585778,1.8074406615367973,0.00022873401082972654,1.0000000930214943,1.0180914567218542,1,1.256376667840509,0.6019168106812447,1.3933407053835756,0.4494746609403328,0.00166564604990007,1.000000054565704,0.36377136027952567,1,3.4610762547186296,3.6416489824694382,5.02554668412532,0.8114987270064807,0.013663273985495503,0.9999999264863287,0.007950794213789575,0
13.32,-0.0037536190443368794,0.0047316905035864045,-8.746825165203975e-10,-0.15750115971203776,0.36748798977125113,0.4036286118057996,1.9756111406404842,0.0004385567448765841,1.0000032955175753,20.684492720096312,1,-0.5086969909297518,-0.5223354981492837,0.7276261571435297,-2.3477847836426817,-0.0034580689649064446,1.0000003911618927,2.6077459511103247,1,-0.3540663417910623,0.9384644737837273,1.006843697373947,1.9316970758623475,3.095610220455923e-05,1.0000000091327483,1.0140975681285609,1,1.208387346405487,0.7017148746059195,1.397858530607782,0.528813313386203,0.0016480134497619027,1.0000000546360703,0.36424046840445723,1,3.420911505086816,3.6821202881308013,5.02757634062208,0.82284589561186,0.01377111917793995,1.0000001988229048,0.00794208914168818,0
13.34,-0.003753619048420073,0.004731690502999033,-8.773060216661632e-10,-0.3233657356143258,0.2899581843206538,0.437826435432315,2.406861311063388,0.0004308928052921217,1.0000031524761221,19.85565201094202,1,-0.39362401207021713,-0.6135208133028481,0.7267639298970214,-2.145617203877545,-0.0034619114280900636,1.000000391037614,2.606917426823086,1,-0.46851873380320813,0.8891253427481313,1.008861866715963,2.055443584675659,-0.0001389995070981407,1.0000003409935856,1.0098724573312976,1,1.1534245920819173,0.7974399875510537,1.4030357722754403,0.6076035424161507,0.0016269074740285206,1.000000054633795,0.364225300813672,1,3.3803218441465512,3.7221336070826974,5.0296275125677194,0.8341838461245173,0.013879195008419146,0.9999998737405849,0.007933284696580695,0
13.360000000000001,-0.0037536190505569264,0.004731690502461076,-8.799416390849191e-10,-0.4292361439278324,0.15677891064296529,0.45966492262068354,2.7852081734170855,0.0004237623169760854,1.0000028818779376,18.85191551368039,1,-0.26235418062539534,-0.6796959574251871,0.72578134193555,-1.9429339939717154,-0.00342319135029979,1.0000003910964643,2.6073097623841206,1,-0.5757527931715322,0.8260744139344992,1.0107526159419393,2.1787107807143538,-0.0002769505166685355,1.0000001217365484,1.0054845700959398,1,1.0918793975094627,0.8885898794309912,1.4088356846505012,0.6857796169234948,0.0016020760372032017,1.0000000545596277,0.36373085130812693,1,3.339312834036221,3.7616845286676357,5.031699928574312,0.8455124959647737,0.01399027095520491,0.9999999339248026,0.007924382580955628,0
13.38,-0.003753619051143497,0.004731690501970121,-8.825697794118126e-10,-0.4655940439922282,-0.0027471394103420915,0.4671798416627669,3.139703428038136,0.00041793170084929507,1.000002579621558,17.846951280674535,1,-0.12022484385903608,-0.7180379229489245,0.7247183391981097,-1.7396767711080878,-0.0033395706053320068,1.0000003913370534,2.608913689687764,1,-0.6741701658628552,0.7503506409218931,1.012487738595062,2.3015358902960115,-0.0003829512251911629,0.9999999870466009,1.0010032341568593,1,1.024180091965742,0.9747061370367811,1.4152179683001274,0.7632824444176391,0.0015730167207929507,1.0000000544150989,0.3627673252498546,1,3.297890080976791,3.800768716737823,5.03379331074338,0.8568317644139819,0.014105813673634003,1.0000001974410053,0.0079153845060208,0
13.4,-0.0037536190505535047,0.004731690501518927,-8.851756883899997e-10,-0.42996573672291905,-0.1624114715088729,0.4598591453132021,-2.7891366903638986,0.00041281360455099097,1.000002351154943,16.95599474690042,1,0.026936414153128047,-0.7268419837852705,0.7236184781054514,-1.5358099997766146,-0.003217772558953521,1.0000003917507094,2.611671395594492,1,-0.7623196462127644,0.6631689571348006,1.0140416448453864,2.4239620707744116,-0.0004594463657478367,1.0000003266510362,0.9964975732012095,1,0.9507865229587704,1.0553767804401137,1.4221393174235935,0.8400598957829379,0.0015392118638360931,1.0000000542024658,0.3613497716219809,1,3.2560592341287697,3.839381910029432,5.035907375748869,0.8681415723826004,0.014226678508645002,0.9999998677035399,0.007906292190880402,0
13.42,-0.003753619048901956,0.004731690501098693,-8.877478582976217e-10,-0.3247780623105331,-0.2960290993080987,0.4382007868969397,-2.4112747435935264,0.0004079962776173406,1.0000022670035817,16.2813737968152,1,0.17304204361025924,-0.7056109672604518,0.7225272094953007,-1.3313229277346867,-0.0030710562578689328,1.0000003923216259,2.6154775057125836,1,-0.8389140613576543,0.5658999950891717,1.0153916576918183,2.546037678790092,-0.0005100340632016348,1.0000001510419492,0.9920355237158089,1,0.8721841699460561,1.1302379650656456,1.4295539742059917,0.9160669841182897,0.001500303765566588,1.000000053924643,0.3594976193483836,1,3.2138259844488344,3.8775199225162824,5.038041835639178,0.8794418423522761,0.014353497732822565,0.9999999414697212,0.007897107362919664,0
13.440000000000001,-0.0037536190459571614,0.004731690500699489,-8.902754605570606e-10,-0.15944629208329453,-0.3743612694567082,0.40414270935018254,-1.9809496375092828,0.0004035126868486768,1.000002336727396,15.952930465490295,1,0.31199382285627936,-0.655097674475419,0.7214900244975734,-1.126230583342234,-0.0029148354077282762,1.0000003930272954,2.6201819689822368,1,-0.9028445343838065,0.4600488091402696,1.016518262659797,2.6678155204994294,-0.0005385593285788856,0.999999968945376,0.9876829681691476,1,0.7888783312852936,1.1989748515834682,1.43741427719666,0.9912659072543449,0.0014562670796464138,1.000000053585121,0.3572341406816836,1,3.171196063545941,3.915178643742712,5.040196398289805,0.8907324984215909,0.014487062105560446,1.000000195748031,0.007887831758575022,0
13.46,-0.003753619041408973,0.0047316905003072125,-8.927459756689904e-10,0.042020598917941986,-0.3641603828071738,0.3626301197342509,-1.4595056314242538,0.0003997502443131234,1.000002520937305,16.169663293331435,1,0.4379415746217173,-0.5772951576603977,0.7205505327350594,-0.9205737037139513,-0.0027608574236957987,1.0000003938392457,2.625594971115677,1,-0.9531922375788897,0.34723288312844514,1.0174053130724172,2.789352092974633,-0.0005483056379222224,1.0000003079999773,0.9835029756696166,1,0.7013885073568652,1.2613217080987416,1.4456711919384149,1.0656259675785424,0.0014076226234149413,1.0000000531878799,0.35458586541078524,1,3.1281752425373783,3.952354039136088,5.0423707671370686,0.9020134664555944,0.014628851910527027,0.9999998618778623,0.007878467124228827,0
13.48,-0.0037536190357952423,0.0047316904998955835,-8.951474670011728e-10,0.22661344175333467,-0.23792203573395151,0.3245853859376918,-0.8056328804529166,0.0003996528807306253,1.0000027684869457,17.1790777266673,1,0.5455398318888148,-0.47537164512714025,0.7197485575395184,-0.714417503805676,-0.0026140517194981608,1.00000039472408,2.631493867823923,1,-0.9892377590383072,0.22915964459230767,1.0180401934987005,2.910706823980549,-0.0005407625596216102,1.0000001804375414,0.9795551414998613,1,0.6102430817174294,1.3170613257291712,1.4542748130439562,1.1391233852279703,0.0013554952891135185,1.0000000527372954,0.35158196921302526,1,3.084769330904895,3.9890421502990674,5.044564638966663,0.9132846742164125,0.014780970017489495,0.9999999491091308,0.007869015217286677,0
13.5,-0.0037536190325642375,0.004731690499420355,-8.974865403806043e-10,0.3092618537560438,-0.012055141879718175,0.30754204781620076,-0.02670516951238064,0.000407788609429117,1.0000030136023075,18.915621047451502,1,0.6301896345410338,-0.35354974108007037,0.7191183492845634,-0.5078492585866062,-0.0024795484400966347,1.0000003956447836,2.6376318909111567,1,-1.01046820272774,0.10760365343799858,1.0184139417176945,3.0319413157459056,-0.0005183760415708822,0.9999999554895864,0.9758950161797487,1,0.515974379739619,1.3660238395151636,1.463174828512998,1.2117410202894674,0.0013003744549417776,1.0000000522380488,0.34825365794064606,1,3.040984175350653,4.025239095281693,5.0467776991981985,0.9245460506836225,0.014941922660442867,1.0000001937466643,0.007859477806670394,0
13.520000000000001,-0.0037536190356349496,0.0047316904988478885,-8.998114068084484e-10,0.23625017201165646,0.21776068773218665,0.32257823893997073,0.7574663587589062,0.0004174322326579489,1.000003130526816,20.481307108459763,1,0.6882521252544563,-0.21693295016393063,0.7186870165131073,-0.30097475651659417,-0.0023670950313561694,1.0000003965623234,2.6437488226429924,1,-1.016582126637702,-0.015616412268368515,1.0185213251814305,-3.130066716492026,-0.0004919953323708944,1.000000285704679,0.9725736142526699,1,0.41911416185973394,1.4080850520862473,1.4723209467395957,1.2834680184802532,0.0012400156795132743,1.000000051695035,0.34463356655880595,1,2.996825658653623,4.0609410688349925,5.0490096239180575,0.9357975237608588,0.015100940383056106,0.9999998562727829,0.00784985666858059,0
13.540000000000001,-0.0037536190421704864,0.004731690498197809,-9.021776476922372e-10,0.05560426290495909,0.35186540402449673,0.35980468950137046,1.42101641261903,0.00042004818954111166,1.000003063522193,21.047074392285996,1,0.7172211981279925,-0.07128625785329785,0.7184732396414001,-0.0939137379500493,-0.00228200500194846,1.0000003974374254,2.6495828367769305,1,-1.0074923989260804,-0.1386608855432598,1.0183608808161393,-3.0088829791273155,-0.00047257234362948195,1.0000002093919371,0.969636992072785,1,0.32018958748387355,1.4431643583833897,1.4816632934147733,1.354299406455173,0.0011726228537989292,1.000000051113278,0.34075518632783885,1,2.9522996985283796,4.096144342647939,5.05126009673514,0.9470390199278094,0.01524955263484343,0.9999999568309279,0.007840153577421748,0
13.56,-0.0037536190478272644,0.004731690497513113,-9.046003017834647e-10,-0.146735934555941,0.36902014512841025,0.40151193307682365,1.95016298712494,0.0004166799881572576,1.0000029169095472,20.71925733429913,1,0.7158442774344935,0.07721892956369504,0.718486358596283,0.11320546436109136,-0.0022126661523557876,1.0000003982323717,2.6548824778665994,1,-0.9833270207941045,-0.25969229031879726,1.01793493353027,-2.8876292038307727,-0.00046096602693097583,0.9999999471901848,0.9671258790863874,1,0.21971966680661287,1.4712223666316213,1.4911527578713777,1.424235661827681,0.0010995619875150235,1.0000000504978501,0.33665233413375856,1,2.9074122464879326,4.130845265566337,5.053528813655751,0.9582704674345189,0.015389086376112878,1.0000001914400771,0.007830370303946652,0
13.58,-0.0037536190515559944,0.004731690496821093,-9.070694863624884e-10,-0.3153279401658505,0.29541585829882033,0.4362716767158914,2.3852683401528045,0.0004122928683702533,1.0000028087227877,19.90675482714245,1,0.6841832420219144,0.22228221717156516,0.7187259105470569,0.3202517721302737,-0.0021489399657548276,1.0000003989128021,2.6594186803408912,1,-0.9444279300351568,-0.3768985184896404,1.0172495780790805,-2.7662426665177775,-0.0004546894514548987,1.0000002604789724,0.9650753485331982,1,0.118212201434391,1.492258303983882,1.5007412794937294,1.4932822581459235,0.0010228075260012121,1.000000049853802,0.3323586799144132,1,2.8621692867094093,4.165040263792114,5.0558154730725935,0.9694917974623383,0.01552208530906093,0.9999998508971828,0.007820508616456699,0
13.600000000000001,-0.003753619053647954,0.004731690496134247,-9.095731407643415e-10,-0.4247552155021032,0.164453910112865,0.45884308757924336,2.765653002828594,0.00040868584776195454,1.0000027756480168,18.907242362834726,1,0.6236113641803713,0.35775882421456684,0.719181641569548,0.5270973776927448,-0.0020959161276029757,1.0000003994493762,2.662995840955454,1,-0.8913477632605209,-0.48851594928917463,1.0163146176233964,-2.6446622429193782,-0.00045158197440662933,1.0000002373400732,0.9635145195542508,1,0.016161200763976005,1.5063072869105814,1.510382090845344,1.5614491957839853,0.0009437940044095878,1.0000000491860996,0.32790733161408425,1,2.8165768349023943,4.198725841064717,5.058119771200767,0.9807029433950306,0.015649202104350578,0.9999999646228781,0.007810570276037595,0
13.620000000000001,-0.003753619054377976,0.004731690495459073,-9.12102108251156e-10,-0.4649631784146752,0.005668945081561261,0.46715166933312563,3.1208069026603273,0.0004050540826648827,1.0000027764491206,17.89911027460986,1,0.5367464736783345,0.4779355155077801,0.7198339871994218,0.7336235835195574,-0.0020734154891439076,1.0000003998191758,2.6654611724218555,1,-0.8248445203740258,-0.5928524422516215,1.0151434647546234,-2.5228291615563694,-0.00044961699406231896,0.9999999443828638,0.9624662834780069,1,-0.08595524928448672,1.513437527369019,1.5200299218845572,1.6287505359926306,0.00086357801736702,1.0000000484995715,0.32333047717627433,1,2.7706409371818665,4.231898578825196,5.060441402516593,0.9919038403112714,0.01577009346260324,1.000000188831924,0.00780055703174854,0
13.64,-0.0037536190538704946,0.004731690494799972,-9.146485452707354e-10,-0.43319233139638674,-0.1546366270677183,0.46062669594385025,-2.808602878632867,0.00040058669291861927,1.0000027402337366,16.999468980984588,1,0.4273248715646753,0.5777827860499438,0.7206549929495976,0.9397261300393651,-0.0021077026512904473,1.0000004000067628,2.666711752570743,1,-0.7458740448468565,-0.6883101090731704,1.0137530053549164,-2.40068775852043,-0.00044693966660898723,1.000000233057526,0.9619470469120796,1,-0.1876766960831493,1.5137475352682184,1.529641165175246,1.6952039482015644,0.000783044461468039,1.0000000477988633,0.31865908839064305,1,2.7243676689470124,4.264555136361956,5.062780060951607,1.0030944248797027,0.015884281322066297,0.9999998457595792,0.007790470620818051,0
13.66,-0.00375361905211246,0.004731690494159628,-9.172040011176663e-10,-0.331591127145343,-0.2903594123880846,0.4397089508024576,-2.4326714035242807,0.00039622191737607396,1.0000026248525127,16.310323666423134,1,0.30002430637262556,0.6531702795973418,0.7216096201685064,1.145319723757723,-0.0022191023563411486,1.0000004000048297,2.6666988641560296,1,-0.6555802107875038,-0.7734077325959922,1.0121634232736354,-2.2781862309777723,-0.00044149459524945244,1.0000002636875038,0.9619664840576694,1,-0.28856164495822156,1.5073633672075506,1.5391740043981044,1.7608302772619226,0.0007030445480912218,1.0000000470884027,0.3139226850405871,1,2.677763133765396,4.296692250936476,5.065135440751662,1.0142746354485388,0.015991656795686298,0.999999972472636,0.007780312774123775,0
13.680000000000001,-0.00375361904904346,0.004731690493537624,-9.197588211884433e-10,-0.16906583143846593,-0.37248647666701834,0.40623160375208694,-2.006059193878244,0.00039466051986542476,1.0000024563827856,15.958935752684516,1,0.16024718253007583,0.7010354625114988,0.7226573604433761,1.3503415456854015,-0.002410575432082076,1.0000003998144165,2.6654294425779486,1,-0.5552826954108933,-0.846802654042737,1.0103979839855595,-2.1552773855225302,-0.0004302747252174706,0.9999999472112336,0.9625273006175938,1,-0.3881885381265855,1.4944359616365461,1.5485885098433991,1.8256531357953012,0.0006245561228513923,1.0000000463723733,0.3091491545882022,1,2.6308334622612684,4.3283067378876074,5.067507236867746,1.0254444122470334,0.01609293337025197,1.0000001859263377,0.007770085224967706,0
13.700000000000001,-0.003753619044747754,0.004731690492928184,-9.223022857593466e-10,0.03147755811404017,-0.36790311556833133,0.36491241132475016,-1.4906607194824586,0.00039758111150895554,1.000002331360747,16.139812632171772,1,0.013876857744741553,0.7194991725878539,0.7237540657475349,1.5547536015681922,-0.002662261126189205,1.0000003994447018,2.662964679129825,1,-0.4464622154373218,-0.9073118934649641,1.0084827746429639,-2.031919376115408,-0.00040838466492132576,1.000000204169881,0.9636250459865102,1,-0.4861564285536209,1.4751385915089286,1.557846704917757,1.8896985255003262,0.000548948300061137,1.0000000456546934,0.304364621688054,1,2.5835848110070705,4.359395490714832,5.069895144545915,1.0366036976985535,0.016190241325554404,0.9999998408681126,0.007759789718089421,0
13.72,-0.0037536190398458954,0.004731690492315968,-9.248249249749207e-10,0.21897326750533008,-0.2481406662622797,0.3262724964139733,-0.8445728871267166,0.0004043926472827937,1.000002375714521,17.102234369768166,1,-0.13297964197669934,0.7079253570760796,0.7248538927502093,1.7585438618096203,-0.002934748625185027,1.0000003989124053,2.6594160351799028,1,-0.3307431200324826,-0.9539322072196298,1.0064463973384357,-1.9080764218290376,-0.00036920687732381165,1.0000002878175818,0.9652479730293364,1,-0.5820853890645786,1.449664457348199,1.5669126070052264,1.952994490050231,0.0004782436747724868,1.0000000449390043,0.2995933621934261,1,2.5360233614173175,4.389955481141252,5.072298856892874,1.0477524367638686,0.016287212255600435,0.9999999803677639,0.007749428016197063,0
13.74,-0.0037536190368996566,0.004731690491672093,-9.273300643000693e-10,0.3092550933304846,-0.025832091887200356,0.30765768415963524,-0.07030744561241627,0.00041461491879573285,1.0000026429953148,18.81524784940928,1,-0.27424976975359144,0.6669256929999564,0.7259112586509833,1.961726218769866,-0.003187131710695249,1.0000003982408627,2.654939084935095,1,-0.20987326638327825,-0.9858587258028166,1.0043196167796113,-1.7837194876763798,-0.0003100007319252834,0.9999999556160253,0.9673768987324077,1,-0.6756166954583375,1.4182244364138277,1.5757522434109617,2.015570799879823,0.00041421555303783585,1.0000000442286638,0.29485775963153044,1,2.4881553186445315,4.419983759157473,5.074718059187922,1.0588905765965733,0.01638487663367859,1.0000001827279212,0.007739001902429316,0
13.76,-0.003753619039511191,0.004731690490972033,-9.298527269344103e-10,0.24426707897023836,0.206865530466708,0.3210398922993093,0.7176159994211209,0.00042571888616328403,1.000002998253243,20.41925499284096,1,-0.4041431730288509,0.5983125480862072,0.726882716530979,2.164339349299856,-0.0034085066586179037,1.0000003974588558,2.6497257051982883,1,-0.08570115846481134,-1.0025017548474444,1.0021349607810466,-1.6588269079678828,-0.00024194607152944054,1.0000001745153841,0.9699851162122992,1,-0.7664128198928388,1.3810449971642282,1.5843336450641827,2.0774586634528625,0.0003555246495511427,1.000000043526746,0.2901783060811922,1,2.439986910478007,4.449477453048957,5.077152427815234,1.0700180643887391,0.016474764883240428,0.9999998362305325,0.007728513175968646,0
13.780000000000001,-0.003753619046089002,0.004731690490233599,-9.32439572602639e-10,0.06711665961845062,0.3473731490901003,0.35754441557482025,1.3889313212215653,0.00043127522343498493,1.0000032440490905,21.042776241813208,1,-0.5173795973743256,0.5050057385925713,0.7277286840997031,2.3664446228651075,-0.0036073306509029784,1.0000003965992734,2.643995155577512,1,0.03984959827133344,-1.0035012673166435,0.9999262634925706,-1.5333849424704078,-0.00017786227732422252,1.0000003090997924,0.973038405772963,1,-0.8541572681512273,1.3383662825051945,1.5926268362141736,2.13869046400694,0.0002993880801541729,1.0000000428360467,0.2855736442246616,1,2.391524386247401,4.478433769409462,5.079601645379897,1.0811348464154322,0.016549717386134297,0.9999999882957527,0.007717963640235864,0
13.8,-0.003753619052401392,0.004731690489501766,-9.35103308154217e-10,-0.13580634837009656,0.3703570181921502,0.3993702965603805,1.924422024183965,0.00043134440984437004,1.0000033017761363,20.752450138760075,1,-0.609389683709721,0.3908997591742429,0.7284149667804448,2.5681232393301325,-0.0037823713517299187,1.0000003956976835,2.637984557379032,1,0.16480838157627642,-0.9887385749028405,0.997728165588319,-1.407388259043125,-0.00011758165424029834,0.999999969330084,0.9764951575121292,1,-0.9385542920635502,1.2904403610871582,1.6006038205543036,2.199299535948217,0.00024562082625084893,1.000000042159095,0.2810606335953712,1,2.342774015734013,4.506849993140297,5.0820654080129986,1.0922408709942328,0.01661348060738351,1.0000001792417421,0.007707355096475078,0
13.82,-0.003753619056738736,0.0047316904888099025,-9.378269922796778e-10,-0.3070597177053281,0.30078024569373274,0.43467772473404653,2.3635057261773844,0.0004315240625969336,1.0000031738424586,19.957204664952386,1,-0.6764833494506738,0.26069869970964094,0.7289140207182893,2.769472756709755,-0.003934626267963948,1.000000394790884,2.6319392265055916,1,0.2871879208897394,-0.9583446462913596,0.995575586828225,-1.2808403044700731,-5.772057608375204e-05,1.0000001447401212,0.9803066194246807,1,-1.0193285057373418,1.2375296434014673,1.608238543980471,2.2593199755498263,0.00019515134252587492,1.0000000414981636,0.27665442391565676,1,2.293742088089542,4.534723487432909,5.084543415607654,1.1033360900456888,0.016671905536370095,0.9999998318541866,0.007696689344764501,0
13.84,-0.0037536190590803428,0.004731690488172969,-9.405861966030327e-10,-0.4200206659900687,0.17212255837389592,0.4579775123718508,2.7460181394675023,0.00043480224520401847,1.000002911093313,18.962464925586783,1,-0.7159821498568913,0.11972609672570174,0.7292059346400578,2.970603154016188,-0.004073061148100594,1.0000003939154825,2.6261032160176465,1,0.4050165690289233,-0.9127045451839992,0.9935031650017752,-1.1537535337883456,2.735166945316323e-06,1.000000326900471,0.9844172913669561,1,-1.0962244307265379,1.179905457514228,1.6155068448189365,2.318786474067563,0.00014860383379489776,1.00000004085528,0.2723685343925182,1,2.2444349107609693,4.562051693735128,5.087035365548205,1.1144204584825477,0.0167288789534316,0.9999999962440407,0.007685968181707386,0
13.860000000000001,-0.003753619059820138,0.004731690487594253,-9.43358803399963e-10,-0.46407544163258574,0.01415505709751607,0.4670800554313226,3.1019013102378947,0.00044034739228723726,1.0000026070892198,17.951525445495896,1,-0.7263133542238591,-0.02628330498848158,0.7292791216352623,-3.111552729687364,-0.00420737565960597,1.000000393106537,2.620710246698066,1,0.5163719636300091,-0.8524574970276197,0.9915446673241864,-1.0261494828244717,6.299828810502704e-05,0.9999999878817128,0.9887654866611305,1,-1.1690059916230602,1.117846777159786,1.6223864025335388,2.3777341735965076,0.00010627006691917314,1.0000000402322418,0.26821494462155393,1,2.1948588084224037,4.58883213170237,5.089540951881264,1.1254939335911949,0.016786973832986253,1.000000175473324,0.007675193396204609,0
13.88,-0.0037536190593558255,0.004731690487071265,-9.461265980739708e-10,-0.4361726066830179,-0.14671635722266163,0.4613544471904482,-2.828012176146651,0.00044691462293731796,1.0000023683551629,17.043498928173157,1,-0.7070644402547962,-0.17140328616516626,0.7291307173392736,-2.9105024107506043,-0.004339623149035706,1.0000003923962717,2.615975144406169,1,0.619415432124703,-0.7784921643230692,0.9897323881143744,-0.8980586660239892,0.00012182786614731972,1.0000001154200677,0.9932840775297178,1,-1.2374559806524983,1.0516390931630166,1.6288566858011442,2.436198545695608,6.828530585074938e-05,1.0000000396306294,0.264204195980338,1,2.1450201219150635,4.615062399134183,5.092059865755471,1.1365564747705101,0.01684824242906903,0.9999998277460089,0.007664366767121727,0
13.9,-0.0037536190578172255,0.00473169048659897,-9.488738701018962e-10,-0.338187767043896,-0.28446084157025947,0.4411848632252564,-2.4539359187049326,0.00045395455547132785,1.0000022698200648,16.340172366811565,1,-0.6589973684284076,-0.30974111543957056,0.7287666790527362,-2.709310140328083,-0.004461323808565064,1.000000391812968,2.612086453274725,1,0.7124263710187205,-0.6919368186133927,0.9880965471154047,-0.7695202832924304,0.0001785047238887806,1.0000003406005915,0.9979014324874216,1,-1.3013755073656796,0.9815734182251219,1.6348989001534018,2.494215290814263,3.473771510607767e-05,1.0000000390518249,0.2603454996933982,1,2.0949252071954456,4.640740171895506,5.094591795817101,1.1476080434581135,0.016914653419091773,1.000000004200034,0.007653490062998207,0
13.92,-0.0037536190550057696,0.004731690486170418,-9.515851613628445e-10,-0.17853827284004714,-0.37028746472211904,0.40830300264117364,-2.030938427605828,0.0004601317457490443,1.0000023261521735,15.966348692312915,1,-0.5840224599090718,-0.43566164782992844,0.7282015682132822,-2.50786019642387,-0.004558398848409373,1.0000003913800488,2.609200325931945,1,0.7938357279859751,-0.5941442417755757,0.9866647037174472,-0.6405817253363517,0.000233306935079144,1.0000000106123568,1.0025425443912435,1,-1.3605834471252638,0.9079454146012861,1.640495936065091,2.5518202563008554,5.754888242688622e-06,1.0000000384970273,0.25664684882087535,1,2.044580434291464,4.665863203822076,5.097136428371869,1.1586486031656589,0.016988484288978253,1.000000171428637,0.007642565042919778,0
13.940000000000001,-0.0037536190506078796,0.004731690485774032,-9.542428947711956e-10,0.020931534161122194,-0.3712362339412924,0.3672070283673915,-1.5214727077712495,0.00046517318576468796,1.0000025004507238,16.11207174237391,1,-0.4851321349736463,-0.5440044337662265,0.7274580233408905,-2.3060465647403796,-0.004613938960701313,1.0000003911152149,2.6074347656311163,1,0.862257644739336,-0.4866713654058372,0.9854612031403177,-0.5112978745814204,0.000288589269994417,1.0000000870575485,1.0071303371204814,1,-1.414915899955905,0.8310546339567902,1.6456323185798938,2.609049371102061,-1.834677255988189e-05,1.0000000379672698,0.2531151313020332,1,1.9939921862667145,4.690429326610439,5.099693447017288,1.16967811963471,0.017072900997749517,0.9999998239125077,0.007631593458044188,0
13.96,-0.003753619044966185,0.004731690485385851,-9.568288999659003e-10,0.2110719363906141,-0.2579800551486435,0.32802242230076817,-0.8831715537988546,0.00047095088434042834,1.000002741541655,17.02753336586145,1,-0.3662952997194421,-0.6302874619434723,0.7265659484274861,-2.1037770561862237,-0.004608072249986185,1.0000003910297226,2.6068648176846403,1,0.9165182900068587,-0.3712538570879674,0.9845066711441813,-0.38173020783155187,0.00034968205937726193,1.0000003496268701,1.0115871260591336,1,-1.4642256694681195,0.7512038587193383,1.6502941592349762,2.6659385959078086,-3.685935918148363e-05,1.0000000374634361,0.24975624153235074,1,1.9431668581927029,4.714436449692388,5.102262530547063,1.1806965610820628,0.017172192719805492,1.0000000121511272,0.007620577053830571,0
13.98,-0.003753619041168885,0.004731690484962367,-9.593406390465131e-10,0.3087986854593713,-0.03952340654570678,0.307871589029273,-0.11393646139193925,0.0004807038666317344,1.0000029892724622,18.714272521745563,1,-0.23231391589806988,-0.6908907843822899,0.7255614293384158,-1.9009770530711116,-0.004528053870400191,1.0000003911278816,2.6075192113250067,1,0.9556809335334093,-0.24977607469967808,0.9838175758925318,-0.2519457166106119,0.00042160907725647003,1.0000000367143391,1.0158361833378495,1,-1.508381769920298,0.6686985344503303,1.654469108339987,2.7225238879205964,-4.9149387720529375e-05,1.0000000369862783,0.24657518878738746,1,1.8921108561287705,4.737882560093474,5.104843347320817,1.191703897919838,0.01728795775677104,1.000000167114089,0.0076095175730705915,0
14.0,-0.003753619043517343,0.004731690484464193,-9.618164823615993e-10,0.2519912176913123,0.19573375786744787,0.3195648379053043,0.6773356106176145,0.0004922148911514512,1.0000031239587677,20.353910693988713,1,-0.08864437816602014,-0.7232129047205689,0.7244853915666887,-1.6975927381911036,-0.004390244959584731,1.0000003914067657,2.6093784375853124,1,0.9790663879048841,-0.12423702126571358,0.9834058789079437,-0.1220156664440837,0.000500864889867173,1.0000000600962735,1.0198033601940535,1,-1.5472689680288882,0.5838462830493796,1.6581463023391432,2.7788411753255113,-5.665032429539619e-05,1.0000000365364303,0.24357620159542423,1,1.8408305961094529,4.760765722276548,5.107435552323051,1.202700100603182,0.01741118209904373,0.9999998203597564,0.007598416757080057,0
14.020000000000001,-0.003753619049871287,0.0047316904839019855,-9.643092539757259e-10,0.07860762804817449,0.3425916429781163,0.35529048650652656,1.3564108685625862,0.0004976499719923728,1.0000030737478867,21.035827589747385,1,0.05881220550566803,-0.725792614870574,0.7233820215077619,-1.4935936596507,-0.004222055476898682,1.0000003918561577,2.6123743848364955,1,0.9862680709792032,0.0032868735750702332,0.9832787793835995,0.007985781381385644,0.0005817178945754881,1.0000003534991468,1.0234187876381917,1,-1.580787364871577,0.49695648692871636,1.661316317246409,2.8349263327560914,-6.204311199419861e-05,1.0000000361144241,0.2407628274399168,1,1.7893325031394232,4.7830840779720445,5.110038801119437,1.213685137960159,0.017531888209998788,1.0000000200847208,0.007587276340891614,0
14.040000000000001,-0.0037536190556433035,0.0047316904833143636,-9.66834028635899e-10,-0.12473713567956865,0.3714920497866607,0.39720229199426166,1.8983922095281445,0.0004955675287593334,1.0000029310298606,20.78437831413221,1,0.20394491757217176,-0.6983891407849434,0.7222970049994202,-1.288974488250188,-0.004032363335608955,1.0000003924587604,2.616391735436382,1,0.9771611204185661,0.13068116226046442,0.9834385447721768,0.13798303811678164,0.0006671268481649749,1.0000000652894623,1.0266184848327105,1,-1.6088520222129596,0.4083399346470135,1.6639711441490495,2.8908151670710427,-6.613955557548384e-05,1.000000035720704,0.2381380266219387,1,1.7376230101979184,4.804835845995854,5.112652760651133,1.2246589796598708,0.017651035568765582,1.0000001625365156,0.007576098050724259,0
14.06,-0.0037536190595054033,0.00473169048272526,-9.693787448097901e-10,-0.29858204543662875,0.3060434912505164,0.43304435120257373,2.3415804739360415,0.0004902121870640514,1.0000028180637877,20.007300481596506,1,0.340685161597102,-0.6420142012028778,0.7212756510489996,-1.08375580038404,-0.0038272534320790245,1.0000003931906938,2.621271292398771,1,0.9519052125712102,0.25583387742709396,0.9838824527605626,0.26790058927459376,0.0007625322962318931,1.0000000349537983,1.0293458275159248,1,-1.6313926367702025,0.3183085189019642,1.666104165873877,2.9465434194639806,-6.877744664140327e-05,1.0000000353556389,0.23570425954511864,1,1.6857085572528907,4.826019322052756,5.115277101632062,1.2356215980518368,0.01777210612200488,0.999999817093383,0.007564883608838227,0
14.08,-0.0037536190616892203,0.004731690482141975,-9.719289296994393e-10,-0.415049924664382,0.1797763463924766,0.45706841673899723,2.7263096918789773,0.0004848477704411252,1.0000027797441213,19.01783866318039,1,0.4632659998387796,-0.5589110455626393,0.7203609655305725,-0.877983755571493,-0.0036185148494522553,1.000000394022301,2.6268153399305327,1,0.9109409745871168,0.3766759603910064,0.984602852984088,0.39766449323064024,0.0008705901163833219,1.0000003518892073,1.0315528716154212,1,-1.64835326517359,0.22717497816297452,1.6677101284521931,3.0021467722646906,-7.0003276023599e-05,1.000000035019535,0.23346356756501307,1,1.6335955902830304,4.846632878525102,5.117911492217449,1.2465729676950312,0.017896242669557652,1.0000000279882442,0.007553634735237849,0
14.100000000000001,-0.0037536190624896516,0.0047316904815645575,-9.74474422162086e-10,-0.4629439228336148,0.022702311972860496,0.46696406481885294,3.0829906262771667,0.00048010907710355986,1.000002780265262,18.004392058751133,1,0.5664768827559411,-0.45247778492222585,0.7195917606610783,-0.671728599024236,-0.003418597100407433,1.0000003949192557,2.632795037983257,1,0.854980127618295,0.4912204660269473,0.985587337883242,0.5272038340163419,0.0009900306687225509,1.0000000954202988,1.0332014518028723,1,-1.6596921017075146,0.13525267354967455,1.6687851170181405,3.0576608573232877,-7.015311302821384e-05,1.0000000347126472,0.23141764760194874,1,1.5812905603077385,4.866674964248799,5.120555597338866,1.2575130646874166,0.018022814764259147,1.000000157703168,0.00754235314456801,0
14.120000000000001,-0.0037536190620616103,0.004731690480990639,-9.770080577897744e-10,-0.4389134431300383,-0.1386598096935398,0.46203821202705037,-2.847360160306768,0.0004756554129947302,1.0000027490578562,17.088230879677372,1,0.6459007545477695,-0.32713530818494213,0.7190008987092196,-0.4650819791523119,-0.0032346000250834403,1.0000003958439545,2.638959697259912,1,0.7849897387575234,0.597599454397747,0.9868190140557412,0.6564520823681003,0.001116093394933315,1.0000000120608314,1.0342640088970572,1,-1.6653813103428883,0.042855392856260534,1.669326538430008,3.1131212670006505,-6.971643618715987e-05,1.0000000344351883,0.22956792118328914,1,1.5287999224263025,4.886144104278173,5.123209079752662,1.2684418663443235,0.01815036353360136,0.9999998141185619,0.007531040542288701,0
14.14,-0.0037536190603992166,0.004731690480416286,-9.795238535212358e-10,-0.3445655884880107,-0.2783421417562407,0.4426195361607998,-2.47505609026577,0.0004717245175374358,1.0000026395720671,16.371063613482114,1,0.6981202231339887,-0.18814358745416523,0.7186137685714573,-0.2581531473286676,-0.003064546467556033,1.0000003967571405,2.6450476025572303,1,0.702171172031282,0.6940975993245787,0.988276864427788,0.7853483258378443,0.0012412462852034033,1.0000003446769947,1.0347241191866572,1,-1.6654069120574049,-0.049702826181736895,1.6693331099334712,-3.1146217396980367,-6.922978356512873e-05,1.0000000341873398,0.22791559828630578,1,1.4761301348668325,4.905038899639621,5.125871601243234,1.2793593510999828,0.018277204050443422,1.0000000358491739,0.007519698621544143,0
14.16,-0.003753619057444221,0.004731690479835193,-9.820161931892168e-10,-0.18784812131326353,-0.3677693052105634,0.41034311901248194,-2.055555184701585,0.0004696011496671076,1.0000024712933173,15.975381007545238,1,0.720880321802022,-0.04137388564827303,0.7184470863320963,-0.05106419394829992,-0.0028964918330386465,1.0000003976196812,2.6507978743842204,1,0.6079345015995343,0.7791817091084775,0.9899361887544899,0.9138383370397012,0.00135580880279794,1.0000001262375118,1.03457671353036,1,-1.659768728089261,-0.1421078611854237,1.6688048535115925,-3.0591619936297176,-6.917259247640646e-05,1.0000000339692603,0.22646173473977635,1,1.4232876580451994,4.923358027074011,5.128542823689215,1.2902654985561066,0.0184019802783291,1.0000001526217035,0.007508329060591351,0
14.180000000000001,-0.0037536190532697477,0.004731690479236968,-9.844796453745142e-10,0.010412935621253538,-0.37415170278965987,0.3694974734740465,-1.551871379918347,0.0004709967615663381,1.0000023354507241,16.08682529790677,1,0.7131974470895348,0.10695214611004324,0.7185080949253856,0.15605544273549257,-0.0027104382670583866,1.0000003983944064,2.6559627091635,1,0.5038692735918774,0.8515255507579432,0.9917691076277612,1.0418754578959442,0.0014498869073653572,0.9999999918901364,1.0338279895014062,1,-1.648480379533651,-0.23404566667701218,1.6677430962181088,-3.003649243243659,-6.982125431348086e-05,1.0000000337810924,0.22520728237946688,1,1.370278953634367,4.941100238768401,5.131222409697797,1.3011602896938312,0.018524435504245262,0.9999998114400054,0.0074969335206811665,0
14.200000000000001,-0.0037536190483790635,0.004731690478603397,-9.869106851190246e-10,0.20294375037034695,-0.26740280301441555,0.32982151219491973,-0.9212971911546565,0.00047673640357614024,1.0000023583622324,16.955701672295653,1,0.6754072305421854,0.25054271367492126,0.7187942138234504,0.36307489205357324,-0.0024833030140920228,1.000000399047887,2.660319246049215,1,0.3917125722248063,0.9100295807743907,0.9937451133660469,1.1694212865965208,0.0015155686718667457,1.0000003319863109,1.032495034672822,1,-1.6315693433549572,-0.32520243944061883,1.6661504771612883,-2.9480479104499273,-7.115144675067905e-05,1.00000003362297,0.22415313278347473,1,1.317110483644298,4.958264362076944,5.133910021637381,1.3120437072569608,0.018645991992219717,1.0000000436550534,0.007485513644761289,0
14.22,-0.00375361904505301,0.0047316904779040846,-9.893174638883617e-10,0.3078955625253715,-0.053065007983239404,0.3081826263572127,-0.15741153993034573,0.00048635628171555563,1.0000026072866677,18.613694154055665,1,0.6091480975722817,0.3833200119374751,0.7192931603109789,0.5698678463336785,-0.002201831479619333,1.0000003995520446,2.6636802977576197,1,0.2733153614183965,0.9538353975260367,0.9958316500985919,1.2964461608129847,0.0015444089028935576,1.0000001569659989,1.030605192451985,1,-1.6090770644794106,-0.41526479529510024,1.664030960208884,-2.8923223816295245,-7.344888472162156e-05,1.0000000334950232,0.22330015525340596,1,1.263788709512576,4.9748492992306765,5.136605316792989,1.3229157357997134,0.01876650665288769,1.0000001473001723,0.007474071057708609,0
14.24,-0.003753619047085432,0.004731690477110764,-9.917390519920133e-10,0.25938723880696973,0.18441173916562875,0.31816573526256037,0.6367667017949107,0.0004975271222221621,1.0000029658513725,20.28586004057862,1,0.517281641843333,0.4996924453298343,0.7199835365918947,0.776318286420377,-0.0018817471759306453,1.0000003998854865,2.665903243493619,1,0.15060803946129006,0.9823349284199919,0.9979947100956056,1.422929434867929,0.0015186294419377395,0.9999999749607159,1.0281952120009568,1,-1.5810591232477622,-0.5039199649964775,1.6613898446831696,-2.8364369916686027,-7.877994628721581e-05,1.0000000333973844,0.22264922916383356,1,1.2103200912056595,4.990854027036466,5.139307943077573,1.3337763599033088,0.018875650221870127,0.9999998090619558,0.007462607366836654,0
14.260000000000002,-0.003753619053553234,0.004731690476236472,-9.942314055377821e-10,0.09003958600962303,0.33753707662099547,0.3530596013307999,1.3235299423513054,0.0005010353446426608,1.0000032294802712,21.02630784334022,1,0.40375518636648544,0.5948001956925705,0.7208358511200365,0.9823256310466489,-0.0015510461719429804,1.000000400034453,2.6668963533350083,1,0.025566069479618668,0.9951745385492206,1.0001994426837333,1.5488595663995341,0.0014211318917112595,1.0000003141883012,1.0253102235153935,1,-1.5475854570850247,-0.5908560171503856,1.6582337733169499,-2.7803560185146923,-8.934921130788136e-05,1.0000000333301906,0.22220127090761357,1,1.1567110863306564,5.006277596566017,5.142017551263372,1.3446255621882772,0.01896098324361117,1.0000000513935137,0.007451124158498881,0
14.280000000000001,-0.003753619060132119,0.004731690475327597,-9.968193891846111e-10,-0.1135526629032386,0.3724276951898431,0.3950225948728332,1.8721062234029484,0.0004934666720438809,1.0000033063764582,20.81488230121412,1,0.2734155279461166,0.6647216861093316,0.7218139040124385,1.1878090363384548,-0.0012300556470170958,1.0000003999933615,2.6666224102044285,1,-0.09982355700774734,0.9922543893365919,1.002410753469157,1.6742340434688514,0.001252438397350725,1.000000186941297,1.0220025696570028,1,-1.508740634762878,-0.6757621162539861,1.6545707604698559,-2.724043688199787,-0.0001050991687492183,1.0000000332935883,0.2219572551208859,1,1.102968149259218,5.021119132835751,5.14473380850581,1.3554633254804553,0.019022044895846985,1.0000001417470037,0.007439622996884357,0
14.3,-0.003753619064822046,0.0047316904744231945,-9.99495122083749e-10,-0.28990719163789336,0.311205577090498,0.4313821435456864,2.3195022490375887,0.00048166400174444565,1.0000031941232077,20.05679662799911,1,0.1317854717310249,0.7066316678627667,0.7228764341602648,1.3927106248321373,-0.000928049715646371,1.0000003997649831,2.6650998870792733,1,-0.22359439040409548,0.9737234801354188,1.0045938696753631,1.7990591557623663,0.001020653462533244,0.9999999618136189,1.0183305692796722,1,-1.4646241811639071,-0.7583288242969566,1.6504102334755728,-2.667464177126232,-0.00012522523796122066,1.0000000332877343,0.2219182293597548,1,1.0490977302645264,5.035377834475018,5.147456392710404,1.3662896351467286,0.019062755991947872,0.9999998069881796,0.007428105433614758,0
14.32,-0.003753619067492559,0.004731690473544827,-1.002240614285388e-09,-0.40984740589686003,0.18741698266734363,0.4561220024642935,2.706526033965196,0.00047109437033092643,1.0000029400302175,19.073110955134165,1,-0.015183804205857727,0.7189053296722003,0.7239789527271858,1.5969975610335667,-0.0006407788322439653,1.0000003993601305,2.6624008697639847,1,-0.34383062821551613,0.9399708697895468,1.0067148711937424,1.9233496221761002,0.0007336050801631642,1.0000002918730897,1.0143573042819325,1,-1.4153509498838042,-0.8382484546604367,1.6457630697642722,-2.6105816176106664,-0.00014915949590417292,1.0000000333127983,0.22208532212631985,1,0.9951062746691804,5.049052973379912,5.1501849854602995,1.3771044790551044,0.01908569141404992,1.000000059052292,0.0074165730192834204,0
14.34,-0.0037536190685242975,0.004731690472702803,-1.0050387041701803e-09,-0.46156888651436967,0.03131479380251265,0.4668064301862993,3.06406925622774,0.00046287937496946934,1.0000026351424744,18.057496707182757,1,-0.16137126277571612,0.7011664777939005,0.7250756802807025,1.8006629348078866,-0.00035681236294355317,1.0000003987969783,2.658646522036137,1,-0.4586948921015461,0.891613608565204,1.0087411835053324,2.0471281086849125,0.00040068190563536266,1.0000002156001102,1.0101493624669877,1,-1.3610515402381669,-0.9152154873873855,1.6406416342984194,-2.5533601135303985,-0.0001764774094703508,1.0000000333689616,0.22245974423228476,1,0.9410002220022434,5.0621438943536505,5.152919270346157,1.3879078470990962,0.019092353044501388,1.0000001359709947,0.0074050273105543156,0
14.360000000000001,-0.0037536190683298432,0.004731690471902094,-1.0078748070505017e-09,-0.4414135803420699,-0.13046115557283713,0.4626789940228087,-2.8666530316724725,0.0004557808759030097,1.0000023867568344,17.13350469037439,1,-0.30074291494910205,0.6542810967473012,0.7261214812302426,2.003725480445074,-7.25869772060981e-05,1.000000398100071,2.654000472325521,1,-0.5664534380085008,0.8294819156792017,1.0106420301097263,2.1704246636600324,3.6543117826290004e-05,0.9999999529675405,1.0057754950216955,1,-1.301872754343439,-0.988927055273515,1.6350598211217768,-2.495763766760701,-0.0002067243923507295,1.0000000334564174,0.22304278305834974,1,0.8867860051650891,5.074650014735653,5.155658933199868,1.3986997310008529,0.019084055361584692,0.9999998052219604,0.007393469873408454,0
14.38,-0.0037536190670589362,0.0047316904711455715,-1.0107357164765296e-09,-0.3507232356466449,-0.2719965680716823,0.44401380720583955,-2.4960394202945473,0.00044869288764453794,1.0000022740169634,16.402869455166403,1,-0.4275961805757374,0.580300217665542,0.7270736950832475,2.206228230335809,0.00018856336505854846,1.0000003972990559,2.6486603719538953,1,-0.6654986710795898,0.7546021142122175,1.0123888476559009,2.2932760901929137,-0.000335141018232191,1.0000002658003575,1.0013051133308135,1,-1.2379780889161074,-1.0590835105950285,1.6290330988653017,-2.4377567150534434,-0.000239308664606335,1.0000000335753685,0.22383578918565256,1,0.8324700496058557,5.086570824020413,5.158403662507898,1.409480124312034,0.01906245077201278,1.000000066619252,0.0073819022826793505,0
14.4,-0.0037536190645420394,0.004731690470434713,-1.0136073048602756e-09,-0.196993744258934,-0.36492499121378286,0.41235306073554767,-2.079921690295826,0.0004419650619439763,1.0000023167989505,15.985899650314424,1,-0.5367827341227798,0.48235785286477606,0.7278937736056826,2.4082362681092886,0.0003811342235901028,1.0000003964272348,2.6428482324343983,1,-0.7543689281620157,0.6681777968382056,1.0139556723417487,2.4157252647503746,-0.0006829028177179206,1.0000002424566536,0.996806673585519,1,-1.169548255218495,-1.1253890825817454,1.6225785593554212,-2.37930318282553,-0.0002733979011924417,1.0000000337260233,0.2248401554987348,1,0.7780587725026665,5.0979058834677025,5.161153149666853,1.420249022534174,0.01902996617690639,1.0000001299812953,0.007370326117897459,0
14.42,-0.0037536190604597584,0.004731690469766968,-1.016471884093817e-09,-7.390059948031869e-05,-0.3766412650832912,0.3717842275838524,-1.5818758935669326,0.00043771938559373916,1.0000024810112158,16.063908941943648,1,-0.6239029582520441,0.3645308266951446,0.7285486749582608,2.6098338034071666,0.0004827985006809748,1.0000003955201389,2.6368009262288234,1,-0.831765551488688,0.5715696417984232,1.015319494380869,2.537820395381372,-0.0009806476677267733,0.9999999488665391,0.9923466382104078,1,-1.0967817190824725,-1.187552635947343,1.6157149685630676,-2.3203675466954867,-0.0003077823219429273,1.0000000339085933,0.22605728909362902,1,0.7235585819563372,5.108654825705967,5.163907088856806,1.4310064233737232,0.018990450936258917,0.9999998037660951,0.007358742956691007,0
14.440000000000001,-0.0037536190549880446,0.0047316904691282555,-1.0193090876561839e-09,0.19459691413342128,-0.2763922210834465,0.331668543929797,-0.9589663212461527,0.0004391412312711346,1.0000027153664552,16.88660879537333,1,-0.6854670801126829,0.2316677822236586,0.7290120412561144,2.8111207577460835,0.0005260787136962187,1.0000003946143006,2.6307620031692864,1,-0.8965673161221367,0.4662742207765555,1.0164605455894355,2.6596142225013417,-0.0012215004155834272,1.0000002368396814,0.9879896172581267,1,-1.0198952512108148,-1.2452885410094845,1.6084628196980355,-2.2609144174697713,-0.00034083313452215505,1.0000000341232862,0.22748857404906506,1,0.6689758761934074,5.1188173543294795,5.166665175495557,1.4417523271718902,0.01894977406178632,1.0000000740824018,0.007347154367928336,0
14.46,-0.0037536190508473313,0.00473169046848464,-1.0221100753965429e-09,0.3065439368263982,-0.0664263014302581,0.3085901754969233,-0.20073245658091707,0.00044788494947674686,1.0000029642336294,18.51352870553847,1,-0.719019688114581,0.08919463020721637,0.7292651880430365,3.01220891865459,0.0005615208753459752,1.0000003937460535,2.62497368991582,1,-0.9478423202334789,0.3539020615985181,1.0173624898419347,2.7811632086174067,-0.0014145961956907138,1.0000002670734904,0.983798576812765,1,-0.9391244761784074,-1.2983176660794706,1.6008443886005326,-2.2009087389036583,-0.00037141360710336483,1.0000000343702984,0.22913532237023904,1,0.614317042780307,5.1283932434892225,5.169427100740769,1.4524867371180739,0.018912922168661764,1.0000001237873932,0.007335561906867321,0
14.48,-0.0037536190525918733,0.0047316904678007775,-1.0249039845977581e-09,0.2664362767514739,0.17292460744851085,0.31684396418998595,0.5958999818893808,0.00045930776214856263,1.0000031153557027,20.21502203154388,1,-0.7232255765299903,-0.05709661869149775,0.7292978399530776,-3.069967617343415,0.000601682812768699,1.000000392950176,2.61966783970909,1,-0.9848574844411142,0.23615518606646865,1.0180125386698893,2.902526760224139,-0.0015787116904767478,0.9999999498305263,0.9798339787917849,1,-0.8547244065581568,-1.3463685025575414,1.592883785183183,-2.140315902081692,-0.0004010046608156417,1.000000034649807,0.23099871318810705,1,0.5595884578488753,5.137382337477521,5.172192544731918,1.46320965768995,0.018874659185320164,0.999999802622888,0.007323967112327262,0
14.5,-0.00375361905883686,0.0047316904670876275,-1.0277393224650266e-09,0.10139252059041864,0.33222396440488355,0.35085157213748897,1.2902683102909869,0.00046486236379818566,1.0000030827525574,21.014051257840094,1,-0.6979157928483662,-0.20126911861471136,0.7291085333274323,-2.868915743704135,0.000627113947357639,1.000000392258529,2.6150568595150694,1,-1.0070857946120115,0.11480430982251845,1.0184015387791476,3.0237664687232795,-0.0017335478430003928,1.0000002059166828,0.976152523771793,1,-0.7669699461448983,-1.3891784325526806,1.584606988637673,-2.0791018837472577,-0.00043154866764758183,1.0000000349619582,0.2330797209729538,1,0.504796485332782,5.1457845503066615,5.174961185466702,1.473921092207918,0.018825422443224125,1.0000000814299157,0.007312371501102275,0
14.520000000000001,-0.003753619064823325,0.004731690466388546,-1.0306287680922344e-09,-0.10227137925058627,0.3731753591923286,0.3928289110143794,1.845549911136423,0.0004623754719420614,1.0000029451216652,20.84384630037507,1,-0.6440934042982887,-0.337466350093178,0.7287046815807295,-2.6676998068628137,0.0006290414426218193,1.0000003916988645,2.6113257623565604,1,-1.014211388724108,-0.008334161042996124,1.0185240562051354,-3.138239949008528,-0.0018860562658754461,1.0000002890481743,0.9728062655774793,1,-0.6761563434806549,-1.4264951479414492,1.5760418818153388,-2.0172334199755793,-0.0004619296866125426,1.0000000353068548,0.23537903203521998,1,0.44994747621568615,5.1535998652831205,5.17773271357448,1.4846210443239525,0.018767069199568012,1.0000001173991009,0.007300776561576388,0
14.540000000000001,-0.0037536190689081866,0.004731690465733406,-1.0335537824895935e-09,-0.28105488944364543,0.316276316286418,0.4296880488104233,2.2972668854904934,0.0004557455125502974,1.0000028278768311,20.10563540807806,1,-0.5638989462137011,-0.460135112888356,0.7281023147884268,-2.4662049307926717,0.0006114852429530895,1.0000003912938253,2.608625502205673,1,-1.006132561899077,-0.13142124867262142,1.0183784345059654,-3.017058163703275,-0.0020354174878852503,0.9999999560301914,0.9698421008825122,1,-0.5825995739955618,-1.4580782285585296,1.567218294563272,-1.954678203819823,-0.0004901645229952515,1.000000035684542,0.2378969468710712,1,0.3950477677926462,5.160828334576489,5.180506828393289,1.4953095204558604,0.01870636387853005,0.9999998017941487,0.007289183755793211,0
14.56,-0.0037536190712383144,0.004731690465133051,-1.0364910457694165e-09,-0.40443508487188395,0.1950516759092533,0.4551357107547642,2.6866710540947745,0.0004488371027992723,1.000002784133682,19.12825646833555,1,-0.46053592822233447,-0.5642402073614882,0.7273255039642118,-2.264326709582455,0.0005840350840295509,1.0000003910601207,2.607067470843477,1,-0.982962737215237,-0.2526185757982132,1.017966810947509,-2.895809821481182,-0.0021802280920289324,1.000000173975683,0.9673014328852403,1,-0.48663662613297887,-1.4837008854971219,1.5581680358620598,-1.8914051044772358,-0.0005149704093852631,1.0000000360949899,0.24063326592672152,1,0.3401036829438323,5.1674700787802434,5.183283230141318,1.5059865298745758,0.01864836302950767,1.0000000886501492,0.007277594524703366,0
14.58,-0.003753619072129214,0.004731690464588709,-1.0394210240780022e-09,-0.4599740460507042,0.03999637419249118,0.4666058650884833,3.0451460055889616,0.0004426730802383868,1.000002783903995,18.110821317047993,1,-0.3381573168031507,-0.6454643911732794,0.7264054891884559,-2.0619753190886176,0.000560382337235023,1.0000003910078716,2.6067191439294395,1,-0.9450294176506133,-0.37011154051327677,1.0172950953336664,-2.774432066261171,-0.002319352421142666,1.0000003080071544,0.9652198945661887,1,-0.38862566378376157,-1.5031518730709974,1.548924909449989,-1.8273844158698358,-0.0005356916975782287,1.0000000365380735,0.2435871570137759,1,0.2851215294191897,5.173525286464908,5.186061617327399,1.5166520841222109,0.018596306953314545,1.0000001108265373,0.007266010290105606,0
14.600000000000001,-0.0037536190717630214,0.004731690464097173,-1.0423272557569252e-09,-0.4436975784007243,-0.12212000252438392,0.4632771158482247,-2.8858803435498372,0.00043642850842201455,1.0000027574108008,17.179290964690676,1,-0.20171471646036288,-0.7003868151796657,0.7253795294059785,-1.8590792260293219,0.0005561811726413862,1.0000003911401463,2.607600975331752,1,-0.892871099252672,-0.4821324403454819,1.0163729131854462,-2.652863601294303,-0.002451216913213076,0.9999999674642606,0.9636270879009393,1,-0.28894603436161087,-1.5162375697318042,1.5395247144541155,-1.762588137310003,-0.000552027039968843,1.0000000370135507,0.24675700452985008,1,0.23010759913405596,5.178994213725277,5.188841686540029,1.5273061966386303,0.018552453082037682,0.9999998012811879,0.007254432454815257,0
14.620000000000001,-0.003753619070131332,0.004731690463651916,-1.0451948863690608e-09,-0.35668535767482135,-0.26542717269650823,0.4453697370962226,-2.516877480623176,0.000429562654898708,1.0000026540437326,16.435534390375214,1,-0.05677312643049898,-0.726632786426081,0.7242894962484115,-1.655588349946058,0.0005856770010781154,1.000000391452706,2.6096847063896673,1,-0.827232091194896,-0.5869834788006094,1.0152135123920167,-2.531045445486331,-0.0025737015938280708,1.0000001419374782,0.9625463245497408,1,-0.18799808905796675,-1.5227842238705929,1.5300052292066342,-1.6969902867644955,-0.0005637447742624199,1.000000037521037,0.25014024651892336,1,0.17506816747606377,5.183877183721749,5.1916231327355575,1.537948882579057,0.01851859975044819,1.0000000957316606,0.007242862403154949,0
14.64,-0.0037536190671859527,0.004731690463242553,-1.0480100719537089e-09,-0.20599905891285988,-0.3617611802060994,0.41433658559279984,-2.104036669828238,0.00042243801120387764,1.0000024867704786,15.997798748686597,1,0.09070431355789513,-0.7229875591760918,0.7231802453262351,-1.4514765219535837,0.0006586505852378375,1.0000003919339937,2.6128932918286134,1,-0.7490551580198467,-0.6830595615397995,1.013833631857641,-2.4089216916507,-0.0026833264485066964,1.0000003235984887,0.9619943852833496,1,-0.08620277909255217,-1.5226403547683798,1.5204061740884225,-1.6305672468385044,-0.0005703630711134718,1.0000000380599816,0.25373321010441874,1,0.12000949262347847,5.18817458621572,5.194405649599317,1.5485801587538475,0.018496526527222005,1.000000104080114,0.007231301502138412,0
14.66,-0.0037536190629971953,0.004731690462853314,-1.0507600466808098e-09,-0.010550253235353881,-0.3787149139104572,0.37407211382796807,-1.6114985010677598,0.00041614282092787097,1.0000023412750518,16.043129570068754,1,0.23459530327156247,-0.6894671189936458,0.7220978126299294,-1.2467430813536067,0.0007786188326114012,1.000000392565396,2.6171026391882113,1,-0.6594718749482298,-0.7688707520568336,1.0122533289332645,-2.2864402652487654,-0.0027745803172962626,0.9999999839468897,0.9619813199472232,1,0.01599901095334991,-1.515679292506564,1.5107691483505492,-1.5632981424577057,-0.0005708967197376018,1.000000038629642,0.25753094624631073,1,0.06493781487495447,5.191886877099401,5.1971889297764555,1.559200043710027,0.018488673360462088,0.9999998010848157,0.007219751103109193,0
14.680000000000001,-0.003753619057960252,0.004731690462459765,-1.0534348011959072e-09,0.1860144576205525,-0.28495749589722763,0.33356811548795184,-0.9962052169193756,0.00041573178936012584,1.0000023434442737,16.819982731098015,1,0.3688727337832208,-0.6273397916779174,0.7210875007536992,-1.0414134622303564,0.0009407825764105276,1.0000003933217871,2.6221452475855576,1,-0.5597905730876275,-0.843064211217637,1.0104957633504636,-2.1635536777325632,-0.0028406405460061953,1.0000001106673584,0.9625102396674066,1,0.11814743352858405,-1.5018018341179433,1.5011375371598121,-1.495165247604418,-0.0005637613227999086,1.0000000392290576,0.2615270502893723,1,0.009859355990637489,5.195014577919672,5.199972664042312,1.5698085580257348,0.018498928850274123,1.0000001026632266,0.007208212543816345,0
14.700000000000001,-0.003753619054091567,0.004731690462024393,-1.0560357380229313e-09,0.3047226347075822,-0.07961212846513704,0.3090984815018064,-0.24393396022687588,0.0004244956911953186,1.000002572591596,18.413489119734063,1,0.4878640164854392,-0.5390941211903385,0.7201919401020801,-0.8355386588360492,0.001136508027584031,1.000000394172379,2.627815859318513,1,-0.4514817524200056,-0.9044453907917424,1.0085869391003197,-2.04021976537047,-0.002876803753097986,1.0000003354931957,0.9635770963772579,1,0.21976499298904004,-1.4809389859137019,1.491556388176772,-1.4261544164179192,-0.0005475382446589479,1.0000000398570192,0.2657134620540822,1,-0.04521968145544103,5.197558275395812,5.202756536705083,1.580405724544872,0.0185303484965518,1.0000000971705174,0.007196687151451803,0
14.72,-0.0037536190552925333,0.00473169046150765,-1.0585952513880725e-09,0.2731108347816939,0.1612579284820935,0.3156021484503361,0.5546778848960425,0.0004364562563086189,1.000002932061468,20.140956760474978,1,0.5865032736293022,-0.4283508511639374,0.7194492072319253,-0.6291935118766049,0.0013489695164644185,1.000000395081941,2.6338796056210616,1,-0.3361608549407598,-0.9519981892185682,1.0065554009165125,-1.9164024005193998,-0.002889992791673978,1.0000000051057265,0.9651705000556356,1,0.320358244061322,-1.4530547529001923,1.4820722554468029,-1.3562555288866904,-0.0005237035699480787,1.0000000405120377,0.27008025187930024,1,-0.10029311471203588,5.199518620931213,5.205540218209338,1.5909915670092856,0.018575658283014076,0.9999998012053405,0.007185176246348831,0
14.74,-0.003753619061327418,0.004731690460907528,-1.0611690892323167e-09,0.11264736802218638,0.3266301144050693,0.34866481663853116,1.2565613179919544,0.00044543276413826487,1.0000032128948433,20.998606376522265,1,0.660563234031837,-0.29971994393411777,0.7188910825741601,-0.42247378259595186,0.001546369234412314,1.0000003960122428,2.6400816192414434,1,-0.215568321171859,-0.984903714564709,1.0044318731864041,-1.792072168698148,-0.002892473942994032,1.0000000809474345,0.9672715902266766,1,0.41941990978640226,-1.41814892630635,1.472732994368145,-1.285462943166191,-0.0004958168765254424,1.0000000411923107,0.2746154047672745,1,-0.15535478147739198,5.200896330119229,5.208323371865861,1.6015661072558898,0.018620978385662457,1.0000001094338626,0.007173681141691325,0
14.760000000000002,-0.0037536190678705106,0.004731690460259561,-1.0637875086025317e-09,-0.09090508642508723,0.3737156885838247,0.39061733763738476,1.8186720012426738,0.000447445011262363,1.0000033092150473,20.870959779211347,1,0.7068535868041763,-0.15860718109660338,0.7185415598314523,-0.21549211311847277,0.001718875991502805,1.0000003969236995,2.6461579966375117,1,-0.09154690461274118,-1.0025572387924486,1.0022488502422617,-1.6672070111221893,-0.0028844522462794305,1.000000343386936,0.9698539721186958,1,0.5164314495424277,-1.376259809469788,1.4635875048406517,-1.2137759607095828,-0.00046479007196769317,1.000000041895693,0.2793046196635692,1,-0.21039854051608048,5.201692182245627,5.211105670720728,1.612129365999838,0.018662968711274916,1.0000000901086918,0.007162203138611207,0
14.780000000000001,-0.0037536190726330052,0.004731690459595581,-1.0664477079203039e-09,-0.27203537712471987,0.3212406965509261,0.42795827180505464,2.2748364862455355,0.0004437046132594829,1.000003213174197,20.153623120992048,1,0.7233736079503053,-0.010978586093957606,0.718415706804418,-0.00837307093935485,0.001876539012615218,1.000000397777187,2.651847912513755,1,0.033983709251651846,-1.004582873702504,1.0000401526774694,-1.5417928002606258,-0.002861463262047495,1.0000000303845789,0.9728837321493125,1,0.6108661004319342,-1.3274668115230268,1.4546854432229912,-1.141199290740957,-0.00042998338574519376,1.0000000426196698,0.2841311323201048,1,-0.265418272264488,5.201907019788312,5.213886797033585,1.622681365350894,0.018704025052505503,0.9999998016425685,0.007150743526197803,0
14.8,-0.003753619075356191,0.004731690458930487,-1.0691365180323653e-09,-0.3988241636048319,0.20266789210280828,0.4541069858780003,2.666714799491015,0.0004378987374093815,1.0000029685287335,19.18314870232531,1,0.709409176077192,0.13690571029328227,0.7185189479718034,0.19875248729579784,0.0020347213618430045,1.0000003985358952,2.6569059678519364,1,0.1590548406826687,-0.9908454579725056,0.9978404392893911,-1.4158238184839076,-0.002822041971973499,1.0000000534509674,0.9763195527240089,1,0.7021924051974047,-1.271892828811446,1.4460768948586267,-1.0677434889304127,-0.0003911285647924697,1.000000043361335,0.2890755666301721,1,-0.3204078794250063,5.201541747912032,5.216666435318769,1.6332221291652056,0.018745152538059813,1.0000001160328378,0.007139303584924847,0
14.82,-0.003753619076411511,0.004731690458268278,-1.0718424533345816e-09,-0.45817206753706397,0.04873518317666978,0.4663612796067124,3.026194047056397,0.00043236972184468954,1.0000026636388637,18.164271218444444,1,0.6655676683478606,0.27877393593772615,0.7188468096744214,0.4057534190354913,0.0022090159455079713,1.0000003991670978,2.6611139851940697,1,0.28167906129550013,-0.9614591226418895,0.995684674721207,-1.2893031250964104,-0.0027675439898492585,1.000000347001601,0.9801129513952181,1,0.789878226545573,-1.2097063258254808,1.4378119974279917,-0.9934253580060124,-0.00034847228375540134,1.0000000441173733,0.2941158225333849,1,-0.3753612875502972,5.2005973339583385,5.219444270094977,1.6437516825482945,0.018785651141629448,1.000000082905824,0.007127884586525116,0
14.84,-0.003753619076239069,0.0047316904576085225,-1.074557835940848e-09,-0.4457792364262198,-0.11364899499157884,0.4638326510438573,-2.9050695311521015,0.000427368450093903,1.0000024062620718,17.2255029179915,1,0.5937483497195871,0.4086258093752615,0.7193851436270698,0.6125043109179795,0.0024108831290116373,1.0000003996437234,2.6642914893517617,1,0.3998823743019721,-0.9167920056304125,0.9936075625464829,-1.16224279131929,-0.0027009522385383522,1.0000000590522413,0.9842086682066319,1,0.8733952315943696,-1.1411230211939782,1.4299405180599152,-0.9182682966451114,-0.0003025829691812202,1.0000000448840514,0.29922700974464767,1,-0.43027244561811406,5.199074806932863,5.222219986276011,1.654270051524376,0.018824073858182272,0.999999802395804,0.007116487790362896,0
14.860000000000001,-0.003753619075008073,0.004731690456950075,-1.0772774582112898e-09,-0.36246584259214204,-0.25864875820066235,0.44668784003177175,-2.5376012224981213,0.00042228572253473,1.0000022795416648,16.468961874783787,1,0.4970502725232807,0.5210006118539064,0.720110812971586,0.8188911533569545,0.002642487930022924,1.0000003999456284,2.66630418956088,1,0.5117378233352046,-0.8574666198486565,0.9916429539142586,-1.0346639804232485,-0.002625991694507845,1.0000000287225634,0.9885452213162685,1,0.9522238114302503,-1.0664070810077773,1.4225113894941206,-0.842302579103426,-0.00025425137186704707,1.0000000456572153,0.3043814356972955,1,-0.48513532659630615,5.196975256990852,5.224993270183062,1.664777262920386,0.01885891366160243,1.0000001224496935,0.007105114438645737,0
14.88,-0.003753619072584728,0.00473169045629215,-1.0799959381663227e-09,-0.21487556842863334,-0.3582960142352199,0.41629350334290405,-2.127936327272736,0.0004170957652413236,1.0000023086281382,16.01095978372236,1,0.37962386921785923,0.6112158006505131,0.7209927939802449,1.0248163577618346,0.0028934186610471545,1.0000004000604912,2.667069940569361,1,0.6153998904112176,-0.784355448556877,0.9898232429119254,-0.9065968525467674,-0.002546177971235367,1.0000003460912854,0.9930556459620458,1,1.0258583799588101,-0.9858717224047528,1.4155722115612803,-0.7655655472665518,-0.00020444043804667585,1.0000000464322982,0.30954865520236524,1,-0.5399439279974978,5.194299834921537,5.227763810629224,1.6752733444018866,0.01888917668926094,1.0000000755733225,0.007093765751817001,0
14.9,-0.0037536190686592577,0.004731690455632094,-1.0827046316788658e-09,-0.021020442084574972,-0.3803929609031638,0.37635862529061553,-1.640778380266161,0.00041327974894256255,1.0000024625495771,16.024355979631174,1,0.24647587404503685,0.6755642782804371,0.7219936216056386,1.2302028625589978,0.003142429919503474,1.0000003999842817,2.666561877525734,1,0.7091389194982322,-0.6985714480484858,0.9881787617475738,-0.7780802779954515,-0.0024640319650428115,1.0000000902226787,0.9976684252169286,1,1.093812974066882,-0.8998791357890977,1.4091687259973804,-0.6881016977284412,-0.0001541636769596269,1.0000000472043387,0.3146955914438017,1,-0.5946922724229216,5.191049751631906,5.230531299859023,1.6857583246755716,0.018915168423373423,0.9999998034638503,0.007082442925047768,0
14.92,-0.003753619063266817,0.004731690454958424,-1.085391602116681e-09,0.17720266412839322,-0.2931119171221722,0.3355141376626099,-1.0330393107332172,0.00041408799808577293,1.0000026899074195,16.755797073815273,1,0.10323960680898528,0.7114617650732702,0.7230710905778698,1.4349971550176566,0.00336524032505863,1.0000003997212987,2.6648086578355694,1,0.7913746982900928,-0.6014532803709669,0.9867371907879795,-0.6491613488512097,-0.0023799795539333037,1.0000000071707074,1.002308610832394,1,1.1556270545551433,-0.8088396448440642,1.4033442745187972,-0.6099626489033692,-0.00010420124403085997,1.000000047968012,0.3197867463067368,1,-0.6493744080947145,5.187226277629245,5.233295433508481,1.6962322339443965,0.018939477695249327,1.0000001286742597,0.007071147127104342,0
14.940000000000001,-0.003753619058766776,0.0047316904542416835,-1.088053457228011e-09,0.302434297468376,-0.09261789904881136,0.30970104602038945,-0.287001208074083,0.00042267469070582505,1.0000029385350828,18.313866578670428,1,-0.0440761638916796,0.7175394218177686,0.7241801157154508,1.6391711208875033,0.003540621302009433,1.0000003992837951,2.661891968059508,1,0.8607082585731283,-0.4945452738613147,0.9855230019542313,-0.5198946864263732,-0.0022935425097828405,1.0000003404588123,1.0068991103201246,1,1.2108713856841524,-0.7132100397813879,1.3981392529013144,-0.5312069766497413,-5.512230929864304e-05,1.0000000487176794,0.32478452890593623,1,-0.7039844093760254,5.182830742501612,5.236055906805132,1.7066951044447896,0.018965310207965744,1.0000000681228027,0.007059879503300977,0
14.96,-0.003753619059849836,0.004731690453448063,-1.0907218860739532e-09,0.27939537560762884,0.14941568095771127,0.31443805437988637,0.5131305196062744,0.000435345810362604,1.000003104572679,20.064032839422996,1,-0.18934655539182949,0.6936804849664302,0.7252746569077089,1.842722708281397,0.003640282916939361,1.0000003986912456,2.6579416373889644,1,0.9159509245187455,-0.37957230978427264,0.9845569586807794,-0.39034154842038604,-0.0022111955356597223,1.000000122892481,1.0113621379399855,1,1.2591538521627033,-0.6134910408065498,1.3935905774350765,-0.4518999071818448,-8.783784183542206e-06,1.00000004944746,0.3296497325675622,1,-0.7585163772787974,5.1778645343949075,5.238812406378945,1.7171469695888213,0.018987065983941922,0.9999998048450122,0.007048641183120135,0
14.98,-0.0037536190659293316,0.004731690452587547,-1.0934526001663003e-09,0.12378659220664413,0.3207469459846628,0.3464994802329555,1.2224324625804386,0.00044571510742217425,1.0000030902596986,20.9802612173475,1,-0.3265858602194798,0.6410028400668635,0.7263096299999856,2.045675461061922,0.0036382344223217294,1.0000003979693226,2.653128817716296,1,0.9561496536682889,-0.2584100442480747,0.9838556819969526,-0.2605687415209393,-0.0021450394211883547,0.9999999890789659,1.0156208472572819,1,1.3001250581233392,-0.5102238746123805,1.3897311687789382,-0.3721128531093042,3.181263908859276e-05,1.0000000501513235,0.3343421563554852,1,-0.8129644399602796,5.172329099484843,5.241564613864905,1.7275878611982478,0.018991664065725503,1.000000134696671,0.007037433287542074,0
15.0,-0.00375361907216447,0.00473169045170853,-1.0962681422366227e-09,-0.07946498909702233,0.3740349930506377,0.3883889826494438,1.7914943484540142,0.0004530277596846572,1.0000029589872057,20.896494305604136,1,-0.45018821486328625,0.5617919301307994,0.7272427282180336,2.2480770470750073,0.0035464001485971137,1.0000003971486613,2.647657741816067,1,0.9806077910583887,-0.13305108422482131,0.983431282547652,-0.1306473687472936,-0.0020977658847004276,1.0000003299877718,1.0196009709334297,1,1.3334835467380217,-0.4039859773286342,1.386589449233698,-0.29192279816183975,6.594281008339327e-05,1.000000050823195,0.3388212996666384,1,-0.8673227532097606,5.1662259414451235,5.24431222307397,1.7380178097870183,0.01897631103174563,1.0000000605660653,0.007026256931113834,0
15.020000000000001,-0.0037536190765650804,0.0047316904508497475,-1.0991556666575808e-09,-0.26285404736219237,0.3260850124105931,0.4261947017154531,2.252231682700816,0.00045887855086194267,1.0000028380723038,20.201017657050635,1,-0.5551451016542737,0.45939007857941,0.7280360742350547,2.449996916127443,0.0033993594616512834,1.000000396263486,2.6417565731150403,1,0.9889004848129521,-0.005567935638420091,0.983291088565131,-0.0006514601267493879,-0.002064643968600335,1.0000001559986875,1.0232324623512377,1,1.3589804805013552,-0.29538587312987075,1.38418888679819,-0.21141154725424063,9.472181578616155e-05,1.0000000514570613,0.34304707447215077,1,-0.9215855009253971,5.159556620913273,5.247054941687928,1.748436847244332,0.0189454454378513,0.9999998065370979,0.007015113224859077,0
15.040000000000001,-0.0037536190791742693,0.0047316904500306674,-1.102094210163329e-09,-0.3930158539244442,0.2102542003949002,0.4530384698642543,2.6466750674790007,0.000463475816961409,1.0000027887993308,19.23802366056247,1,-0.6372332232560038,0.3380492360570697,0.7286576555623058,2.651523225249919,0.0032310031138855647,1.0000003953501588,2.635667725662265,1,0.9808841833292988,0.12192629796267385,0.98343748764135,0.1293434845283374,-0.002039928529826086,0.9999999746376897,1.026451108563348,1,1.376423629492699,-0.18505731351738053,1.3825476144397226,-0.13066484399784373,0.00011941850474277212,1.000000052047078,0.346980520054422,1,-0.9757468955811764,5.15232275495274,5.249792483951773,1.7588450075822573,0.018902993452642177,1.0000001405073817,0.007004003280584017,0
15.06,-0.0037536190803264782,0.004731690449260484,-1.105064918911769e-09,-0.4561617334867208,0.05752333893523269,0.4660761134978753,3.007226666318605,0.00046614702133431006,1.0000027873680024,18.218055139095267,1,-0.6931681956450704,0.2027544721763594,0.729082515358829,2.8527591872082296,0.0030667911546542422,1.0000003944456932,2.6296379545451067,1,0.9566998500654067,0.2473183718019845,0.9838678794155749,0.2592620017125958,-0.002017548701066511,1.0000003146889314,1.0292000278416464,1,1.3856805306805309,-0.07365279583282845,1.3816781305033934,-0.04977137200202742,0.00014109462948952217,1.0000000525876784,0.35058452262442663,1,-1.0298011786854178,5.144526016511792,5.25252456719831,1.769242326611571,0.018851510356315472,1.00000005291508,0.006992928210440111,0
15.08,-0.0037536190802164274,0.004731690448543496,-1.108050831644114e-09,-0.4476567476257682,-0.1050519489858154,0.46434978013760114,-2.9242137961136017,0.0004681550780703171,1.0000027652654595,17.27231317968462,1,-0.7207210758391731,0.059025411429982105,0.7292936658269368,3.053818980467611,0.00291559756910204,1.0000003935863724,2.623909148818571,1,0.9167697727821336,0.3685353554785402,0.9845747384497071,0.38903016928116524,-0.0019913429276957858,1.000000188492186,1.031430992407447,1,1.386680705236415,0.038163391224552326,1.3815870885886894,0.031178330662484627,0.0001606810984238513,1.0000000530736808,0.353824538863283,1,-1.083742621231585,5.136168133881645,5.255250911178569,1.779628841665508,0.018792929643450113,0.9999998085374228,0.006981889121651852,0
15.100000000000001,-0.0037536190788317234,0.004731690447880443,-1.1110353843532539e-09,-0.3680639264564598,-0.25166152693962685,0.44797270112106347,-2.5582127975994764,0.00046975240291770895,1.000002668177424,16.50327596482701,1,-0.7187959291904689,-0.08729755006231549,0.7292826875420556,-3.0283619400313455,0.0027724018018895824,1.0000003928064998,2.6187099980077204,1,0.8617880927525431,0.48358393228805374,0.9855457855802519,0.5185770622044706,-0.001955189351863647,0.9999999639886535,1.0331055253163983,1,1.3794168520835632,0.14972242458137258,1.382275184904774,0.11209301157070076,0.0001790825469969119,1.0000000535003957,0.35666930384087014,1,-1.1375655241409508,5.1272508901551905,5.257971238172842,1.7900045914919986,0.018729106762921485,1.000000146097182,0.006970887109782019,0
15.120000000000001,-0.003753619076138575,0.004731690447267796,-1.1140018300187515e-09,-0.22362414541353554,-0.35452750102264513,0.41822802045126684,-2.151634603814047,0.0004702809931694267,1.000002502649087,16.025442367617007,1,-0.6874674907253961,-0.23027580293314318,0.7290500139071732,-2.827290140567372,0.0026290859696847754,1.0000003921371694,2.614247796500216,1,0.792705418980771,0.5905874484730252,0.9867642615656822,0.6478361147902176,-0.001902867681461674,1.0000002947496434,1.0341957291786636,1,1.3639449727968083,0.2603583209121787,1.383737147087016,0.19288186479464586,0.0001972763209888865,1.0000000538637237,0.3590914914455976,1,-1.191264218696439,5.11777612268706,5.26068527328225,1.8003696162651321,0.018662248959926405,1.0000000451819662,0.00695992325284063,0
15.14,-0.003753619072187235,0.004731690446696089,-1.1169333279451021e-09,-0.03148513636398392,-0.3816722446478325,0.37864620211493477,-1.6697421473383973,0.00047063409938888183,1.0000023486070382,16.007576512086366,1,-0.6279785384156396,-0.36409769635538564,0.7286049120601202,-2.626030617915185,0.0024818061452429995,1.000000391605149,2.6107009926373577,1,0.7107081066094246,0.6878197360661603,0.988209292701706,0.7767463507810655,-0.0018284964569238193,1.0000002194117148,1.0346848175613914,1,1.3403834229235683,0.3694152366748014,1.3859618242548322,0.2734556779640537,0.00021643340964004666,1.000000054160244,0.3610682940095682,1,-1.2448330669672103,5.107745722555399,5.263392744725562,1.8107239577324772,0.018595565400070808,0.9999998108428141,0.006948998606982768,0
15.16,-0.003753619067274889,0.004731690446146821,-1.1198144347565608e-09,0.1681637007113044,-0.3008470662375292,0.337506047521427,-1.069498063318684,0.0004735073399262476,1.0000023307809252,16.694038652619632,1,-0.5426970131595504,-0.48330026666336906,0.72796515950984,-2.4244700780757427,0.0023357752899094914,1.000000391231925,2.608212834516451,1,0.6171929533275297,0.7737348958935144,0.989856334404595,0.9052534500486716,-0.001726612093729052,0.999999957266325,1.034567335744535,1,1.3089109250302444,0.4762545065707186,1.3889323739737334,0.35372793160421206,0.0002380187599180434,1.000000054387284,0.36258189283860837,1,-1.2982664622235998,5.097161634024794,5.266093383459783,1.8210676596029916,0.01853422850115152,1.0000001514572114,0.006938114203875199,0
15.180000000000001,-0.0037536190631706724,0.004731690445587553,-1.1226387311089048e-09,0.2996743049910045,-0.10542347983046002,0.31039601017439283,-0.3299470196413774,0.00048142939780499827,1.000002538956103,18.21480290465364,1,-0.4350333546817826,-0.5829813498423285,0.7271564191767689,-2.2225065794489525,0.002202435482369031,1.000000391032913,2.6068860861301917,1,0.5137381930156726,0.846992421781808,0.9916776756917484,1.033310627936835,-0.0015947008974408,1.0000002705688167,1.0338490743200601,1,1.2697636166106527,0.5802612460700157,1.3926265386633354,0.43361581820579703,0.00026333606871671805,1.00000005454297,0.363619798754642,1,-1.3515588293421792,5.0860258540100896,5.2687869194107355,1.8314007681099027,0.018484175021227563,1.0000000373789724,0.0069272710500602646,0
15.200000000000001,-0.003753619063772697,0.004731690444979548,-1.1254282393166615e-09,0.28526847780581044,0.13741425765249082,0.3133508207821359,0.47124693743222446,0.0004931396497555973,1.0000028969133137,19.984390860278044,1,-0.30931911252312544,-0.6589956006530175,0.7262113201179029,-2.020053570621658,0.0020807028519984547,1.0000003910168314,2.606778875695472,1,0.40207173749948033,0.9064772577868443,0.9936429895899468,1.1608793094088719,-0.0014430097941884098,1.0000002479403691,1.0325466945486395,1,1.2232312390837736,0.6808503651764215,1.397017006453842,0.5130411522728677,0.000291872771072185,1.0000000546262573,0.36417504822615127,1,-1.4047046252008866,5.074340431540679,5.271473072294825,1.8417233314006578,0.01844298456406394,0.9999998134496157,0.006916470128780028,0
15.22,-0.0037536190695312078,0.004731690444316303,-1.128231889857556e-09,0.1347866368145229,0.3145792124019876,0.34435396679591057,1.1878675240153596,0.0005025013108136742,1.0000031942635947,20.95911324283663,1,-0.17064876017989292,-0.7081275487776731,0.7251682523989209,-1.8170434996754445,0.0019602841272584976,1.0000003911852733,2.6079018224478037,1,0.28403763501442286,0.9513145920872318,0.9957199227172651,1.2879295978944008,-0.0012905035195553902,0.9999999546193248,1.0306870880879702,1,1.1696526007290178,0.7774718687664497,1.4020718514229955,0.5919311575798957,0.0003220208521759025,1.0000000546369372,0.36424624839587044,1,-1.4576983390646787,5.062107467224195,5.274151551796345,1.8520353966508798,0.018398894141908546,1.0000001565789742,0.006905712401216559,0
15.24,-0.0037536190762178182,0.004731690443630954,-1.1310775952996788e-09,-0.0679716353008604,0.37413402031726595,0.3861418624510816,1.764010655618183,0.0005038869948095561,1.000003310303375,20.920595919714433,1,-0.024687870868975944,-0.7282344912658167,0.7240699075547197,-1.6134308625243652,0.0018532763338152823,1.0000003915324946,2.610216631473437,1,0.16156168290543585,0.9808793905499964,0.9978747017487677,1.4144405591115965,-0.0011456211927102671,1.0000002427629395,1.028306489450678,1,1.109410464634807,0.8696153509031562,1.4077550210119558,0.6702191232750044,0.000354235480452299,1.0000000545756227,0.3638374846214685,1,-1.5105344929627018,5.0493291127110425,5.276822074339734,1.8623370095702454,0.018348597988986262,1.0000000295184581,0.00689499880301525,0
15.260000000000002,-0.0037536190812246005,0.004731690442955178,-1.1339586899680731e-09,-0.2535299174209421,0.33080872495320784,0.4243957189886094,2.229452648847049,0.0004982480048007809,1.000003231020812,20.247985895530416,1,0.12254757618049492,-0.7183519390476469,0.7229616124603453,-1.409194516639411,0.0017810477061172406,1.0000003920454525,2.6136363507605305,1,0.03661706081561522,0.9948008461582258,1.0000727268589018,1.5404003169374474,-0.001012202761786984,1.0000002734322353,1.0254494413384347,1,1.0429260218022371,0.9568136253647371,1.4140268475903741,0.7478449048525487,0.0003899744292468226,1.0000000544437142,0.3629580948862228,1,-1.563207642056289,5.036007570161398,5.279484367322457,1.8726282168829573,0.0182961621926248,0.9999998163536936,0.006884330242791151,0
15.280000000000001,-0.003753619084140422,0.004731690442302298,-1.1368565299221811e-09,-0.3870276512570563,0.21780845856089245,0.451928167507898,2.6265548354977764,0.0004903277770777627,1.0000029966036503,19.29302781129002,1,0.2649340634425178,-0.67875470643447,0.7218894978677219,-1.2043390896765112,0.0017554073084818267,1.000000392704122,2.6180274807769934,1,-0.08880925482946528,0.992962059757237,1.002279147741369,1.6658059667905973,-0.0008960049950935432,0.9999999562039663,1.0221676759374125,1,0.970653111927614,1.038645469789748,1.420844588399209,0.8247552669362742,0.000430213045311885,1.0000000542433476,0.36162231722415883,1,-1.6157123749962266,5.022145091712797,5.282138162285777,1.8829090672157647,0.01824499430144615,1.0000001614543514,0.006873707606985595,0
15.3,-0.003753619085335715,0.0047316904416727645,-1.1397544201832699e-09,-0.45395743533494726,0.06635621537937186,0.4657462870027291,2.9882496635514917,0.000483244341909177,1.0000026925896428,18.27228933467414,1,0.3964967953172245,-0.6109677399250079,0.7208985650295053,-0.9988953475371013,0.0017766297994595854,1.0000003934821144,2.6232140967357154,1,-0.21274865856180505,0.9754953773386501,1.0044594185188063,1.7906633374858043,-0.0008027419623340697,1.0000002121392864,1.0185188678105561,1,0.8930723483670261,1.114737492385051,1.4281629800518854,0.9009040797994162,0.0004753838908275358,1.000000053977326,0.3598488397119433,1,-1.6680433142696853,5.007743978946709,5.284783191035008,1.893179610744282,0.01819658447457821,1.0000000216128742,0.006863131765823833,0
15.32,-0.003753619085263336,0.004731690441061099,-1.142640676521367e-09,-0.4493387649365932,-0.09633653995554331,0.4648208705164232,-2.9433004384991395,0.0004776274525524779,1.0000024268965855,17.31983202530009,1,0.5116685681705007,-0.5177225515753536,0.7200307348423399,-0.7929194148223813,0.0018362581868650364,1.0000003943476086,2.6289840566576137,1,-0.3332811590932133,0.9427738786034503,1.0065798230994745,1.914986625362923,-0.0007363176380965631,1.000000295408817,1.0145653509207015,1,0.8106852906960935,1.1847651583548335,1.435934788935702,0.9762523793554021,0.0005255610015464003,1.0000000536490414,0.3576602754765012,1,-1.720195116537847,4.9928065823543255,5.287419184840342,1.9034398987909147,0.018151203085516234,0.9999998195504425,0.006852603577475293,0
15.34,-0.003753619084109589,0.004731690440460219,-1.14550764707122e-09,-0.37347901370470005,-0.24447532068934902,0.4492126393380346,-2.5786856473016955,0.0004726831852435578,1.0000022864391345,16.538620917893727,1,0.6055388607534955,-0.402857676902126,0.7193229739752599,-0.5864907916940874,0.0019209244620610345,1.0000003952645853,2.6350972351067146,1,-0.44856332409827304,0.8953995435795351,1.008607963253783,2.03879792113273,-0.0006977346292265652,0.9999999621542817,1.0103728569916735,1,0.7240087909280215,1.2484530366306539,1.4441113445285199,1.050768302780688,0.0005805789970452027,1.0000000532623876,0.35508258479817645,1,-1.7721624729645484,4.977335300801712,5.290045874722514,1.9136899835755432,0.018108491933354894,1.0000001660756144,0.0068421238911327105,0
15.360000000000001,-0.0037536190817934346,0.004731690439863112,-1.1483492342798107e-09,-0.23223109209148124,-0.3504636711525135,0.4201250301155488,-2.1750815189488333,0.0004677802138092966,1.0000023016838036,16.04147366479435,1,0.6740798741659874,-0.27116480730082937,0.7188055977222778,-0.3797091844985226,0.002016969178139034,1.0000003961943333,2.6412955557116535,1,-0.5568536770654459,0.8341886278308804,1.0105132048673664,2.162126650210539,-0.0006848431848418699,1.0000001796447,1.0060092970020327,1,0.6335696189350255,1.3055743451077264,1.4526430458381516,1.1244269153874604,0.0006401389497147504,1.0000000528216701,0.35214446755101525,1,-1.8239401095361494,4.961332580994681,5.292662992144837,1.9239299180904044,0.01806796078154315,1.000000013674742,0.006831693549796615,0
15.38,-0.0037536190780137002,0.004731690439261388,-1.1511578808243161e-09,-0.04191569191730352,-0.3825496235518196,0.3809183207173529,-1.6983031089110197,0.00046380837562482553,1.0000024450845704,15.993171197059766,1,0.7143363842963085,-0.12818589551976178,0.7185008476928638,-0.17269025344380723,0.0021155839956592632,1.0000003970971618,2.6473144126519657,1,-0.6565354062706186,0.7601547555728392,1.012267080132648,2.2850089460104575,-0.0006923700557715239,1.0000003135357713,1.0015436084272722,1,0.5398994504596141,1.3559498844378532,1.4614798331602132,1.1972099464069406,0.0007039762066570539,1.0000000523315122,0.3488767479821442,1,-1.8755227873729783,4.944800916943684,5.295270269938598,1.9341597561205766,0.018029715937938506,0.9999998230347932,0.006821313392669475,0
15.4,-0.0037536190726887653,0.004731690438639174,-1.1539238202115665e-09,0.15893296855858094,-0.30813289301862956,0.3395304702844941,-1.105440469987716,0.0004635492325981807,1.0000026652289442,16.635356643298614,1,0.7245675987954157,0.020029783876059123,0.7184218317862865,0.034439530604874764,0.0022174318916078914,1.000000397934235,2.65289489935524,1,-0.7461363376885357,0.6744901994646194,1.0138436446872154,2.4074869738794185,-0.0007117278627153357,0.9999999725413724,0.997044686306699,1,0.44353027879617624,1.399446456815968,1.4705716188149978,1.2691054520594587,0.0007720740546375956,1.0000000517967658,0.3453117714257368,1,-1.9269053030325691,4.927742849428487,5.297867442899067,1.9443795525304468,0.017995591463546276,1.000000170435437,0.006810984256769891,0
15.42,-0.0037536190678440174,0.004731690437963918,-1.1566449013844515e-09,0.29645309970105405,-0.11796712176862621,0.3111819672721237,-0.37258004349821133,0.0004696875872324874,1.0000029124470888,18.11721234557611,1,0.7043317479820437,0.16719637593825842,0.7185718944135234,0.24154864755554964,0.0023317258542603723,1.0000003986694201,2.6577961344635557,1,-0.8243461955472656,0.5785457621887802,1.0152197881544658,2.5296082214560838,-0.0007329685417428938,1.0000001463039936,0.9925804096923574,1,0.34499028996581066,1.4359748677172213,1.4798686712274902,1.3401074231394898,0.0008442484591411763,1.0000000512224245,0.3414828295793332,1,-1.9780824888050865,4.910160965463037,5.3004542454531105,1.954589363845956,0.017968597786333543,1.000000005716635,0.006800706977905997,0
15.440000000000001,-0.0037536190681947083,0.00473169043719608,-1.1593526789629993e-09,0.29069588296533816,0.12530626408080295,0.3123547415163951,0.42918390062333905,0.00047942971669834875,1.000003091800099,19.902559789493406,1,0.6545077021255898,0.3070753566912274,0.7189444612956355,0.44850657770965613,0.002461659723389186,1.000000399271032,2.6618068795594487,1,-0.8900312258860514,0.47380961421870654,1.0163754940030718,2.651424765467584,-0.0007536756034306866,1.0000003275932137,0.9882167697237338,1,0.24480022187617895,1.4654876059880027,1.4893219508141402,1.4102153501465988,0.0009178483312540966,1.0000000506135442,0.3374236275692017,1,-2.029049213001224,4.892057897760779,5.303030403173158,1.9647892479540472,0.01794457219979365,0.9999998268012213,0.0067904823918308954,0
15.46,-0.0037536190739722365,0.004731690436336597,-1.1621083236337815e-09,0.14560366050515428,0.3081450267947338,0.3422475017414079,1.152939751492827,0.00048392724721617737,1.0000030963017572,20.935041892531743,1,0.5772521363740288,0.43375681884795037,0.7195233784110914,0.655189793704444,0.0025986154999630084,1.0000003997133229,2.6647554857044615,1,-0.9422462907537886,0.3618853793580359,1.017294052902874,2.7729925145101175,-0.0007820897679643972,0.9999999873351357,0.9840171007692726,1,0.14347021112253658,1.4879762920248134,1.4988834098812798,1.4794337613284025,0.000988067840206879,1.0000000499751702,0.3331678013355742,1,-2.079800380233095,4.873436324199859,5.305595630891913,1.9749792613264845,0.01790933400491981,1.0000001745269076,0.006780311333713743,0
15.48,-0.0037536190803615357,0.00473169043543069,-1.164945051881916e-09,-0.05645628451624013,0.3740120199254189,0.3838914722697229,1.7362418401803237,0.00048308343366778233,1.000002972678727,20.942845335635436,1,0.4758951660827291,0.5419225632392387,0.7202837112925655,0.8614873360286397,0.002742605021407752,1.0000003999776985,2.6665179899953064,1,-0.9802445552691094,0.2444696988918486,1.0179622466499816,2.8943704419647345,-0.0008217551845722577,1.0000001131604161,0.9800414078905393,1,0.04149711714030736,1.503468975987554,1.5085062563348532,1.547771761003936,0.0010528236742736305,1.0000000493122734,0.3287484894273113,1,-2.130330931689629,4.854298967289922,5.308149649508276,1.9851594579415666,0.017856091471233744,0.999999997751158,0.006770194631218992,0
15.5,-0.0037536190850025793,0.004731690434519103,-1.167858238934616e-09,-0.24408224894248998,0.3354054831178389,0.42257097570433766,2.2064978406235918,0.0004800606856049051,1.0000028487577357,20.294043731813954,1,0.3547814112497569,0.6270770269733353,0.721192924935009,1.0673056516125388,0.0029025140433253343,1.0000004000535576,2.6670237170974485,1,-1.0034848892270392,0.12332945029708663,1.018370492747914,3.015619829946829,-0.0008706307181763247,1.000000337449661,0.9763457798580426,1,-0.06063769743707374,1.5120273585066113,1.5181451603055776,1.6152425750251176,0.001112045507926815,1.000000048629695,0.32419796595833844,1,-2.180635845406694,4.834648593643144,5.31069219364008,1.9953298916656195,0.01778649491783111,0.9999998308437552,0.006760133095950123,0
15.520000000000001,-0.003753619087820845,0.0047316904336241195,-1.1708327527990003e-09,-0.38087189240004615,0.22532335979545598,0.4507810538933259,2.6063458279858844,0.0004760990607451925,1.0000027938790488,19.347714724081207,1,0.21906672558740292,0.6857348142039457,0.7222123952955255,1.272572473376207,0.0030752173777835504,1.000000399938638,2.666257586837091,1,-1.0116370915565729,0.00027874970778373745,1.0185129397786883,3.1368035148074744,-0.0009276715225072494,1.000000006376677,0.9729818795590373,1,-0.16247015971776732,1.5137439957267513,1.5277564147384108,1.6818631004787394,0.0011655259672370846,1.0000000479321007,0.3195473376571687,1,-2.2307101365302104,4.814488013449343,5.313223006314721,2.0054906175047122,0.0177026698392653,1.0000001783435395,0.0067501275196723345,0
15.540000000000001,-0.003753619089166614,0.004731690432758055,-1.1738547477796457e-09,-0.45156860624754946,0.07522653320569675,0.46537458584504837,2.969254223918939,0.0004720107944182876,1.0000027907882378,18.32659710994558,1,0.07448297442378944,0.715557027524513,0.7232991638968237,1.4772395787443962,0.0032418596228792835,1.0000003996389564,2.664259709367505,1,-1.0045850223590609,-0.1228441695764026,1.0183875229086883,-3.0252001780781694,-0.000994037396850767,1.0000000812249,0.9699964994832267,1,-0.26355488830443424,1.508739540617403,1.5372980637576839,1.7476534713953147,0.0012128401123591458,1.0000000472239443,0.31482629548293206,1,-2.280548857571831,4.793820079954172,5.3157418352713925,2.015641691510355,0.0176056360538527,0.9999999897909279,0.0067401786725799235,0
15.56,-0.0037536190892434977,0.004731690431929159,-1.1769117165202903e-09,-0.45083438179549007,-0.08751007194513026,0.4652488694910023,-2.9623388878170713,0.00046794167110150584,1.000002772714708,17.367738176607862,1,-0.07291583626563654,0.7154323170766994,0.7244078271124966,1.6812843598987148,0.003374841346811501,1.00000039916835,2.6611223329110114,1,-0.9824276969298965,-0.24420013561779308,1.017995983960063,-2.903956964119631,-0.0010719105763974239,1.000000343043459,0.9674311646775724,1,-0.3634662424428259,1.4971600630295998,1.546730001056493,1.812636649151408,0.0012536394710851977,1.0000000465094379,0.3100629188617791,1,-2.3301470986575143,4.7726476889406,5.318248432242405,2.025783170552798,0.017495941805557285,0.9999998351559857,0.006730287301223913,0
15.58,-0.0037536190880470112,0.004731690431142986,-1.1799908029852535e-09,-0.3787214111893031,-0.23709810243154686,0.4504121735646377,-2.599033806783093,0.00046376895242786556,1.0000026820166736,16.574694837501507,1,-0.21701299529854226,0.6855021124419725,0.7254924642644164,1.8847102204103976,0.0034485064016506295,1.0000003985476713,2.656984474882499,1,-0.9454783616967376,-0.36197221929345,1.017343856317807,-2.7825892015373817,-0.0011627167401623824,1.0000000293634488,0.9653217796994494,1,-0.461799058248218,1.4791744813004408,1.5560140402781781,1.8768380408865644,0.00128771953319621,1.0000000457925307,0.30528353778940504,1,-2.3794999877685776,4.750973778213577,5.320742553299371,2.035915112232727,0.017374236014797012,1.0000001818792816,0.006720454127431096,0
15.600000000000001,-0.0037536190855539785,0.0047316904304015965,-1.1830779802005087e-09,-0.240708378818268,-0.3461146932345622,0.42199088997200634,-2.1983026149841343,0.0004593552593961129,1.000002518939264,16.058722763779333,1,-0.35188214941603524,0.6271325325694982,0.7265085206669328,2.0875458760331984,0.003449731360273225,1.0000003978037095,2.6520247299689466,1,-0.8942615349015363,-0.47438886459729646,1.0164404130345428,-2.6610354238184675,-0.0012665374961802933,1.0000000514350953,0.9636983396558896,1,-0.5581691116511701,1.4549721291516886,1.5651139599487898,1.9402851476716778,0.0013149647732042418,1.0000000450768984,0.30051265558064405,1,-2.4286026909746776,4.728801327087877,5.323223959505419,2.046037574913224,0.017241705429426556,0.999999981848553,0.006710679850040811,0
15.620000000000001,-0.0037536190817906287,0.004731690429701873,-1.1861579218841456e-09,-0.052323668954994115,-0.3830395259835723,0.3831820661143335,-1.7265068606136953,0.0004552601189205625,1.0000023574743626,15.980721382308506,1,-0.4720238241086068,0.5428377762946888,0.7274145753673555,2.2898436799868014,0.003384111415738756,1.0000003969679176,2.646452784850277,1,-0.8295079590937555,-0.5797469024198708,1.0152985756030446,-2.5392364100522675,-0.0013818209816227347,1.000000344370593,0.9625846718131421,1,-0.6522133470007841,1.4247604738275061,1.5739955254375486,2.0030072439066755,0.0013354505176554024,1.0000000443659385,0.29577292284976914,1,-2.477450412658267,4.70613335587825,5.325692417701506,2.0561506178842555,0.01710069037956444,0.9999998397310764,0.006700965149634932,0
15.64,-0.0037536190769847945,0.004731690429032378,-1.1892152176201654e-09,0.14950463172675843,-0.31498636164382154,0.34159268705134693,-1.1409341284072174,0.0004541052165601472,1.0000023205491018,16.57923117940895,1,-0.5725772900913061,0.43616131548469317,0.7281739368005167,2.4916771158868842,0.0032752530926965203,1.0000003960750223,2.6405001492538687,1,-0.7521473833186806,-0.6764343590159838,1.0139347837602892,-2.4171359479925933,-0.0015043103292749333,1.0000000558449589,0.9619981594814849,1,-0.7435899089747902,1.3887629955255083,1.5826264909063845,2.0650350893950282,0.0013498473608788133,1.0000000436627712,0.2910851410526444,1,-2.5260383957304597,4.682972925390539,5.32814770100195,2.066254301777315,0.016955713521973333,1.000000185128528,0.006691310694729212,0
15.66,-0.0037536190726670717,0.0047316904283681415,-1.192240823427726e-09,0.2927687898307545,-0.13025992197164868,0.31206091567199923,-0.4149738862586336,0.0004592835516171456,1.0000025068427525,18.020607081938735,1,-0.6495017223503926,0.31152200332696756,0.7287560205477002,2.6931376099044426,0.003155147527015972,1.0000003951615837,2.6344105577843844,1,-0.6632990693806938,-0.7629529335196114,1.0123688274287745,-2.294681594395431,-0.0016287626868540651,1.0000000246221152,0.9619494764039547,1,-0.8319780129394164,1.347217233843666,1.590976583630628,2.126400674560797,0.001359520549094587,1.0000000429702423,0.28646828195133284,1,-2.574361921839034,4.659323136413197,5.330589586624554,2.0763486893305196,0.016813223059659113,0.9999999739366131,0.006681717147534629,0
15.680000000000001,-0.0037536190726421468,0.004731690427675248,-1.1952507022322534e-09,0.2956711581928337,0.1130811168692456,0.31144893825286046,0.38686317092223693,0.0004693479229622339,1.0000028607425215,19.81805834972423,1,-0.6997224417530908,0.17403241811922615,0.7291374705994309,2.8943308094335425,0.0030398432293013674,1.0000003942645637,2.6284304238859346,1,-0.5642599008647515,-0.8379399723469803,1.0106236366939625,-2.1718254254437035,-0.0017575263972163184,1.000000341475858,0.9624423501688886,1,-0.9170776853549892,1.3003730029362395,1.5990174709025164,2.1871369949486548,0.0013645293004195132,1.0000000422909288,0.281939525401321,1,-2.622416311569413,4.635187129209161,5.333017846926817,2.0864338455122966,0.016673889798576938,0.9999998445617744,0.006672185168627068,0
15.700000000000001,-0.0037536190780414432,0.004731690426947182,-1.1982896732168347e-09,0.15623499963811235,0.30143121977666026,0.34017484272243736,1.1175746289579567,0.0004772503960155108,1.0000031736100075,20.907613023348333,1,-0.7212395287682175,0.029296580524468475,0.7293029980532337,3.095372457389853,0.0029175310013748405,1.000000393419947,2.6227996476414144,1,-0.45648997128431734,-0.9001897142412891,1.0087250178167857,-2.0485247742906907,-0.0018990254999561782,1.0000000852257802,0.9634733528907877,1,-0.9986094022835621,1.2484907731337958,1.606722720394688,2.2472778470037937,0.0013624274944752455,1.000000041627148,0.27751431985343894,1,-2.670196924639378,4.6105680830076095,5.335432244052295,2.0965098350262257,0.016527956225560424,1.0000001880861258,0.006662715419111764,0
15.72,-0.0037536190848196406,0.004731690426219225,-1.2013855413967045e-09,-0.044918946594956564,0.3736613112844544,0.3816303523513683,1.7081365896642622,0.0004795005794684898,1.0000033095497571,20.96299340970499,1,-0.7131972166676781,-0.11680618985237691,0.7292459325918997,-2.9868013131941953,0.002777506551645186,1.000000392661449,2.6177429921849527,1,-0.34159554082212235,-0.9486735192485632,1.0067013403318181,-1.9247429617295961,-0.0020499001816641277,1.000000001482429,0.9650317257578395,1,-1.0763136510083418,1.191840213662811,1.6140677711897338,2.306857652269461,0.0013525978075639442,1.0000000409809695,0.2732064627056784,1,-2.7176991600893046,4.58546921549707,5.337832544438787,2.1065767207056965,0.01637142743402465,0.9999999660676399,0.006653308555960111,0
15.74,-0.0037536190900331204,0.0047316904255284235,-1.2045291326867602e-09,-0.23451428866171561,0.3398734051123198,0.42071398688878303,2.183336800771944,0.00047675371806292467,1.0000032475265632,20.339083095718166,1,-0.6759132466228784,-0.2583448961026939,0.7289684721312036,-2.785697281162467,0.0026147706714615966,1.0000003920193261,2.613462174381743,1,-0.22130928173156933,-0.9825587317711396,1.004583189788399,-1.8004499959701756,-0.0021988067317086886,1.0000003344443102,0.9670992468947166,1,-1.149950436970011,1.1306988890613983,1.6210298972476336,2.3659113167691177,0.0013368760497921926,1.000000040354229,0.2690281943082555,1,-2.76491845646876,4.559893782322678,5.340218528049237,2.1166345656366596,0.01620884540172346,0.9999998496404217,0.006643965224046173,0
15.760000000000002,-0.0037536190931153034,0.004731690424892642,-1.2076961496826355e-09,-0.3745570703205791,0.23279992105703012,0.44959295605223504,2.5860293185683654,0.00047109711062329055,1.0000030240981357,19.402042085879756,1,-0.6108678954167731,-0.38956184148122686,0.7284816152758781,-2.584381540469969,0.002420787043099026,1.0000003915193183,2.6101287892949543,1,-0.09746778270451165,-1.0012257666669053,1.0024029731839952,-1.6756232143646739,-0.0023354638541441862,1.0000001167728534,0.969650156511033,1,-1.2192987553829069,1.0653511005329137,1.6275881559561152,2.4244741113803907,0.001317347501797602,1.0000000397485451,0.26499030129582224,1,-2.8118502920177364,4.533845076588141,5.342589983307325,2.126683434616771,0.016045366030115957,1.0000001907473852,0.006634686052720996,0
15.780000000000001,-0.0037536190944181765,0.0047316904243148335,-1.2108628873880312e-09,-0.44900864504652066,0.08413582973429547,0.4649589809424888,2.950226210223838,0.0004647352620329094,1.000002721849359,18.380954527061824,1,-0.5206528019053753,-0.5050928986704417,0.7278047819468714,-2.3827427599935556,0.0021861363684276356,1.000000391181726,2.6078781723146047,1,0.028013647070101597,-1.004282952560056,1.0001944718656732,-1.5502478570439897,-0.002451767083951881,0.9999999825534922,0.9726511610498974,1,-1.2841560441206463,0.9960868624991819,1.6337233350832732,2.4825815684903456,0.001295735109004896,1.000000039165334,0.2611022268863111,1,-2.858490184841582,4.507326428361394,5.344946702304475,2.1367233941512542,0.015884703052955453,0.999999958254097,0.006625471655961099,0
15.8,-0.0037536190943890397,0.004731690423790088,-1.2140101996599428e-09,-0.4521608611469136,-0.0785722155225229,0.4656330426441071,-2.981342976972964,0.0004583812782275396,1.0000024485588537,17.41600503115134,1,-0.4088801715328032,-0.6001768472315379,0.7269651302976279,-2.1806817902864557,0.0019054013986626467,1.0000003910206452,2.6068043018097757,1,0.1531687429276148,-0.9915786239610234,0.9979923478144174,-1.4243175550605236,-0.002541002550491178,1.0000003233923425,0.9760615404634763,1,-1.3443376320310956,0.9232010039559972,1.639417901720853,2.5402693962760776,0.0012734613197134957,1.0000000386058276,0.2573721847879208,1,-2.9048336930799263,4.480341204183326,5.347288479008614,2.146754512181431,0.01572955353650666,0.9999998549589671,0.006616322632617766,0
15.82,-0.0037536190932469463,0.004731690423310179,-1.2171230785382181e-09,-0.3838107860002074,-0.22953228735349068,0.45157084903670813,-2.6192730074281405,0.00045082330598288415,1.0000022946671632,16.61146123055446,1,-0.28005357380532825,-0.6708472257130322,0.7259965800278163,-1.978115647111353,0.0015793163954495764,1.0000003910433801,2.606955867901639,1,0.2760103786134843,-0.9632099300860316,0.995831609161095,-1.297834709942935,-0.002597345253349137,1.0000001496274227,0.9798333831642347,1,-1.3996761948239664,0.8469923840188921,1.6446559528773776,2.5975734097727208,0.001251744722058238,1.0000000380710907,0.25380727209939224,1,-2.9508764150698528,4.452892806579387,5.3496151087655,2.1567768578962707,0.015582068931666289,1.0000001931080853,0.006607239565977178,0
15.840000000000002,-0.0037536190909569596,0.004731690422865506,-1.2201885595669593e-09,-0.24907564279643982,-0.34148704302277066,0.42382446399550117,-2.2213160851907343,0.0004403477674992531,1.0000022959716979,16.077142382967207,1,-0.1394024838899826,-0.7140997523756994,0.7249385593243386,-1.7749810391334775,0.001213787728682725,1.0000003912500497,2.6083336644412527,1,0.3945626251141679,-0.9195278293545462,0.9937470413951756,-1.1708107409847293,-0.0026156310668799952,0.9999999681954951,0.9839119730634969,1,-1.450021228769662,0.7677632111630337,1.649423168124062,2.654529476894071,0.0012316689335558461,1.0000000375620368,0.2504135794136411,1,-2.9966139895035964,4.424984673574545,5.351926388294701,2.1667905016341673,0.01544421445622563,0.9999999505083601,0.006598223023276475,0
15.860000000000001,-0.0037536190872173372,0.004731690422443962,-1.223192912409854e-09,-0.06272450146841885,-0.38315207551432817,0.38543479003004494,-1.7543718717992913,0.00042873103746420346,1.000002428646104,15.970179682286961,1,0.007315972911882057,-0.7280280725858652,0.7238345034154204,-1.571237285996719,0.0008154875020269024,1.000000391633419,2.610889459937628,1,0.5068942777660581,-0.8611377700890782,0.9917726126257024,-1.0432661775740926,-0.002590714815915124,1.0000003084614626,0.9882363512540987,1,-1.4952385506390202,0.6858184557902494,1.6537067651079145,2.7111734775962337,0.0012142768173211615,1.0000000370794446,0.24719629802692294,1,-3.042042095580779,4.396620278211763,5.354222116019792,2.1767955148902947,0.015318307022024828,0.9999998605089802,0.00658927355569728,0
15.88,-0.0037536190818666286,0.004731690422025492,-1.2261207899683102e-09,0.13987111963893603,-0.3214147316817165,0.34368833252491204,-1.1759870405007715,0.0004246138337843088,1.0000026414197534,16.52568543968895,1,0.15404293272366246,-0.7119205869491817,0.7227301491637995,-1.366868466608112,0.0003896629318039842,1.0000003921789695,2.614526463374835,1,0.6111532212060516,-0.788895624598702,0.9899408638597036,-0.9152305762722863,-0.0025167871377533573,1.0000001828251563,0.9927400671628933,1,-1.535209830797598,0.601465345927028,1.6574954587476345,2.7675412748531434,0.0012007432869789662,1.0000000366239736,0.2441598235037261,1,-3.0871564531548605,4.367803128073595,5.356502092441155,2.18679197055139,0.015208001253229644,1.000000195164482,0.0065803916989472765,0
15.9,-0.0037536190766147455,0.004731690421572931,-1.228963654800741e-09,0.28861139001297803,-0.14229587757022355,0.3130296176348614,-0.4571077903446726,0.00043180152233661325,1.0000028862045733,17.92523199951436,1,0.2946642396925472,-0.666311599521551,0.7216716828988103,-1.1618846540973424,-4.848865375740792e-05,1.000000392865292,2.619101946588742,1,0.7056008767714828,-0.7038985479509899,0.988282299340575,-0.7867422465471239,-0.0023880014350253233,0.9999999585845253,0.9973521170532421,1,-1.5698321651170875,0.5150129361506678,1.6607794237160913,2.8236686969691807,0.0011923374145605705,1.0000000361961783,0.24130785461210097,1,-3.1319528228738402,4.338536764807028,5.35876611844412,2.196779943525422,0.01511837692242777,0.9999999428426979,0.006571577974642374,0
15.92,-0.0037536190760922555,0.0047316904210380085,-1.2317452023624664e-09,0.3001653747350449,0.1007429133306404,0.3106353266898999,0.3443090220414472,0.0004443077174634314,1.0000030770673853,19.731134146093396,1,0.4232682176688382,-0.592981167387807,0.7207037956162768,-0.9563220950644419,-0.000495986989762239,1.0000003936648172,2.624432115131069,1,0.7886458701033084,-0.6074705734826588,0.986824796357756,-0.6578477730004,-0.0022045861303948747,1.0000002898207223,1.0019981039653136,1,-1.5990176902919226,0.4267717402051624,1.6635502551499113,2.879591529693032,0.0011890384776863051,1.000000035796523,0.23864348703834162,1,-3.1764270063149582,4.308824763651262,5.361013986745776,2.2067595109857656,0.015049171032680496,0.9999998662816629,0.0065628328934750745,0
15.940000000000001,-0.0037536190813497287,0.0047316904204072014,-1.2345243013620055e-09,0.16664964726952244,0.2944243606786219,0.3381399430575235,1.0817715490050788,0.0004548843330874855,1.0000031005939602,20.87687020729534,1,0.5344036179584833,-0.49489998129039653,0.719867733588755,-0.7502422012529275,-0.0009774061245267254,1.0000003945447722,2.6302984816578356,1,0.8588759805105318,-0.5011429270426325,0.9855930453826833,-0.5286013190619747,-0.001978389311954982,1.0000002153304857,1.006601585441924,1,-1.6226932462051469,0.33705341813670114,1.665800926684143,2.9353455095072265,0.0011885890535899262,1.0000000354253953,0.23616930175172515,1,-3.220574846112957,4.278670732967156,5.363245474245018,2.2167307499935993,0.014988960937426044,1.0000001969133123,0.0065541569598633245,0
15.96,-0.0037536190877128393,0.00473169041971472,-1.2373391157158298e-09,-0.03338102107869151,0.373060879573664,0.37936164850784315,1.6796828163840083,0.00046142752723138955,1.0000029858856772,20.981026300504343,1,0.6233250896270619,-0.37611831929158285,0.7191994378495938,-0.5437293437057419,-0.0014969448538975716,1.0000003954684327,2.636456217084153,1,0.9150874055036996,-0.3866292410811186,0.9846080278633553,-0.3990637166563064,-0.0017200784732608596,0.9999999537241315,1.0110853563526314,1,-1.640800088198068,0.24617050911173224,1.667525766876956,2.990966316718323,0.0011895313370069859,1.000000035083117,0.2338874475613153,1,-3.264392226083083,4.248078313768169,5.365460354735288,2.2266937352253855,0.014929952987181042,0.9999999352692513,0.006545550673015224,0
15.98,-0.003753619092439363,0.004731690418994634,-1.2401896176683636e-09,-0.22483995129922044,0.34419110631798994,0.4188268412064312,2.1599548221324345,0.00046409700748124095,1.000002859704234,20.383092007866722,1,0.6862128178416346,-0.24160144267886696,0.7187278584060537,-0.33688750037142356,-0.0020281488729842687,1.0000003963965929,2.6426439526155847,1,0.9563103910163642,-0.26579606637552655,0.9838865729563928,-0.269301374421074,-0.0014385382381648995,1.0000002676841409,1.0153725060713283,1,-1.6532936515154217,0.15443620141149,1.6687204503602742,3.046489582129167,0.0011918758861103429,1.0000000347699576,0.2317997170276411,1,-3.3078750713401788,4.217051179254279,5.367658410693203,2.2366485405743686,0.0148724685903091,0.9999998722678648,0.006537014524346684,0
16.0,-0.0037536190953271573,0.0047316904182627025,-1.2430645887628877e-09,-0.3680929592690266,0.24021792631444278,0.44836526124824894,2.565590208723747,0.00046339253266544357,1.000002799223772,19.456002963816086,1,0.7203533422798014,-0.09701749431311547,0.7184735210054125,-0.12983581524023668,-0.0025419579291201754,1.0000003972891958,2.648594638207532,1,0.9818303464526148,-0.1406292945378089,0.9834410329152564,-0.13938503148236994,-0.0011502154879339643,1.0000002460891333,1.019387334410933,1,-1.6601433696835268,0.062164131421838645,1.6693819833664272,3.101950901737318,0.0011956140419490848,1.0000000344861424,0.2299076157721217,1,-3.3510193484129434,4.185593034349461,5.369839430140258,2.246595240646821,0.014817529078304133,1.0000001983518017,0.006528548997771244,0
16.02,-0.0037536190967399153,0.004731690417524627,-1.2459552244104e-09,-0.4462852315804732,0.09306463573143425,0.4645006866029409,2.931150451943526,0.0004607637083095164,1.0000027940572902,18.435354688896428,1,0.7242701621477803,0.05151240128054048,0.7184474454611117,0.07729681189316097,-0.0030272532537996178,1.0000003981072365,2.6540482430850165,1,0.9912036749214084,-0.013197307721963984,0.9832790717256696,-0.009388414484340316,-0.0008754716927062298,0.9999999534766464,1.0230571385365195,1,-1.661332548068303,-0.030331796319177685,1.6695086895471654,-3.125799456040932,0.001200366876249328,1.0000000342318638,0.22821242547966467,1,-3.393821065352608,4.1537076152419505,5.372003202425816,2.2565339107765725,0.01476464572695871,0.999999927800016,0.006520154572894863,0
16.04,-0.003753619096894662,0.004731690416782803,-1.2488556473677637e-09,-0.4533248901970164,-0.06954258504355157,0.46597510091141514,-3.0003287780586403,0.00045762498722021476,1.000002779646431,17.464617583733002,1,0.6977955358300094,0.19768898576284996,0.718650574263242,0.28437782341327866,-0.0034841972380261956,1.0000003988149364,2.658766242941843,1,0.984267699789233,0.11438817651343318,0.9834035214905118,0.12061315268052637,-0.0006280637164809397,1.00000024233996,1.0263153934140354,1,-1.6568582934271534,-0.12273757576933253,1.6691002020656307,-3.070355307245684,0.0012055334108395266,1.0000000340072892,0.22671526086509683,1,-3.4362762718363706,4.121398688926469,5.374149517003905,2.2664646266891597,0.014712288589859011,0.999999878458097,0.0065118317276429295,0
16.060000000000002,-0.003753619095804525,0.00473169041603831,-1.251760957908521e-09,-0.3887533364017836,-0.22179863790966164,0.4526914849629747,-2.639422785678983,0.0004544962314728364,1.0000026954112653,16.64888107784153,1,0.6420786222212783,0.3353196059572312,0.7190738014246905,0.4912772920857804,-0.00390379415407503,1.000000399381689,2.662544593278402,1,0.9611442961593258,0.24001250316716338,0.9838122841801706,0.25054419621912744,-0.0004119828798071248,1.000000274091531,1.0291043601298255,1,-1.6467314998574238,-0.21473926034180515,1.6681574620777189,-3.0148663806530833,0.001210441104640881,1.0000000338125683,0.22541712140477774,1,-3.478381059266254,4.088670052748255,5.376278163736533,2.276387464244211,0.01465849280731844,1.0000001994776666,0.006503580938846357,0
16.080000000000002,-0.0037536190934570656,0.004731690415290531,-1.25466596487267e-09,-0.25733828495171546,-0.3366037727905393,0.42562970808383305,-2.2441498507700137,0.00045139519345977744,1.0000025354415287,16.09664077646505,1,0.5595294002393859,0.4585969255701829,0.7196985256815706,0.697873913381028,-0.004264672206716053,1.0000003997834337,2.665222890895499,1,0.922237111965606,0.3615985820842189,0.9844983254750193,0.38033059366938204,-0.00022492890606314216,0.9999999576086819,1.031375910487985,1,-1.6309768911373566,-0.3060231257764428,1.6666827229803454,-2.9592970745256384,0.0012144628824725613,1.0000000336478407,0.22431893802166186,1,-3.5201315608642667,4.055525533949519,5.3783889338507604,2.286302499292752,0.014601359880645287,0.9999999204468221,0.006495402681108469,0
16.1,-0.003753619089864448,0.004731690414535673,-1.2575645746103203e-09,-0.0731204996534552,-0.38291329466468244,0.38768022505234356,-1.781940380060878,0.00044899303188336066,1.0000023676407361,15.961366396046305,1,0.4537021954963545,0.5623562821783248,0.7204976145022862,0.9040603996143497,-0.004542301734146843,1.0000004000035978,2.6666906518554656,1,0.8682225067385354,0.4771463240208593,0.9854498035961315,0.5099010628668494,-6.0909903934183014e-05,1.0000002141928437,1.0330917596519027,1,-1.609633119169364,-0.3962758426157224,1.6646795603197635,-2.9036117504183023,0.0012171505973782313,1.000000033513242,0.2234216133497053,1,-3.5615239517643413,4.021968989219078,5.3804816213397855,2.296209807668383,0.014539707830635294,0.9999998848425476,0.006487297424604645,0
16.12,-0.003753619085200923,0.004731690413763886,-1.2604504939783823e-09,0.1300378620019694,-0.32744325153290993,0.34581794490680257,-1.2106527833639782,0.00044949736671818016,1.0000023125562798,16.47448141030424,1,0.32912658755923824,0.6422982489178604,0.7214367131980154,1.1097480607926888,-0.004716283324126901,1.0000004000337122,2.666891414509692,1,0.8000345528819646,0.5847698968814031,0.9866503273801284,0.6391885631444654,8.856746137246659e-05,1.0000002984543135,1.034223920113928,1,-1.58275291800026,-0.48518466604329674,1.6621528878952998,-2.847774721743857,0.0012183837375018282,1.0000000334089083,0.22272605500232598,1,-3.6025544491011017,3.9880043042451216,5.382556024580769,2.3061094654329413,0.014474146395306269,1.000000200289119,0.00647926563216227,0
16.14,-0.0037536190807707474,0.0047316904129541,-1.2633222150684742e-09,0.28399033120684947,-0.15408853993018418,0.3140843955230654,-0.4990207952392794,0.0004556702086581173,1.0000024762801674,17.83100512169118,1,0.19109650245594306,0.6951658712278302,0.7224758387097668,1.3148703806128752,-0.004777143961604438,1.0000003998736564,2.6658243763648,1,0.718844655555556,0.6827318127497399,0.9880793180963046,0.7681315576725614,0.00023240632927273806,0.9999999658562044,1.034755223601875,1,-1.5504033125022803,-0.5724376509229144,1.6591089805249173,-2.7917502442381688,0.001218149782595194,1.0000000333349803,0.22223320268898972,1,-3.643219312095838,3.9536353932719557,5.384611946306899,2.316001549593471,0.014407528500184553,0.9999999132213162,0.006471307755982564,0
16.16,-0.003753619080225489,0.0047316904120759985,-1.26620021629123e-09,0.3041769751965554,0.08828382747083298,0.30990948536038015,0.3015029818350964,0.00046674374812570504,1.0000028235857827,19.641875378350214,1,0.04543016464272042,0.7188695897371644,0.7235711754769306,1.5193854485640588,-0.004745217709406163,1.0000003995314983,2.663543322588712,1,0.6260365300756936,0.7694730203129219,0.9897124541447808,0.8966751018390539,0.00037226262639451524,1.0000001838080759,1.034679645473881,1,-1.5126658802955826,-0.6577239000813165,1.6555554993942434,-2.7355025073754593,0.0012151214438378508,1.0000000332916075,0.22194404964631806,1,-3.6835148421395987,3.918866198660954,5.3866491866630275,2.325886138720467,0.014339194665619814,0.999999891411097,0.006463424235264537,0
16.18,-0.003753619085336294,0.00473169041112343,-1.2691352756048768e-09,0.1768430527719361,0.28710977380582525,0.33613826515165457,1.0455203415040772,0.00047744529405813484,1.0000031508164866,20.842943309782708,1,-0.10178576517163752,0.7125565675015433,0.7246769840137277,1.7232771930490718,-0.004676195940091909,1.0000003990229465,2.6601529759629567,1,0.5231774089154673,0.8436383703868517,0.9915221892653577,1.0247717392444444,0.0005011068493058121,1.000000318484559,1.0340023128223714,1,-1.469637064948884,-0.7407338541587203,1.6515015109039874,-2.678995632517528,0.0012065840726707318,1.0000000332789487,0.22185965848297268,1,-3.72343738287271,3.8837006904551625,5.388667534297362,2.335763311079666,0.01425841624039337,1.0000002007848696,0.006455615495670177,0
16.2,-0.003753619092327351,0.004731690410135317,-1.2721654250869019e-09,-0.02184298343205213,0.3721944431491806,0.3770814461400643,1.650884142475057,0.0004849914869971858,1.0000033068376453,20.997167041970403,1,-0.2444549920259268,0.6766245879844357,0.7257475307261383,1.926555462942594,-0.004616203983800461,1.0000003983704722,2.655803148229043,1,0.41198642818859016,0.9040970330934168,0.9934783236758848,1.152382208075985,0.0006198454703653889,0.999999977960102,1.0327391693086567,1,-1.421428537849857,-0.8211596316642282,1.646957513194657,-2.6221936877091654,0.0011917770676711213,1.0000000332971757,0.2219811713805124,1,-3.7629833202612377,3.8481428659473997,5.390666777098548,2.345633142130655,0.014157496571527567,0.9999999061349428,0.006447881946992447,0
16.220000000000002,-0.003753619097933727,0.004731690409157822,-1.2752894547676807e-09,-0.2150566893737025,0.3483443656232024,0.41690754866921914,2.136365145752876,0.0004886426530065163,1.0000032625942519,20.4263499002077,1,-0.3767217649970151,0.6126835641757272,0.7267389412329788,2.1292550552799154,-0.004585073224555029,1.0000003976021696,2.6506811311953586,1,0.2943011656135348,0.9499576550415777,0.9955485932277349,1.2794759415427788,0.0007353779949422155,1.0000001519157964,1.0309164045725936,1,-1.368167605430717,-0.8986954282571707,1.6419354842844514,-2.5650607080635734,0.0011715930870305226,1.000000033346472,0.22230981371166111,1,-3.802149082671398,3.8121967492530215,5.392646716091024,2.3554957058877943,0.01403751775765946,0.9999998981533341,0.006440223978241333,0
16.240000000000002,-0.0037536191014100268,0.004731690408219107,-1.2784870805256088e-09,-0.36147495213318726,0.24756645609324773,0.4470981499062904,2.545043908427629,0.0004861066017477484,1.0000030509170432,19.50988337309576,1,-0.49320271960629913,0.5234698273054431,0.727610916521887,2.3314338023976497,-0.004586962407758306,1.000000396750406,2.645002707149635,1,0.17204327019724802,0.9805782439329335,0.9976992673851883,1.4060313541634115,0.0008521723219851524,1.0000003337074281,1.0285696564318785,1,-1.3099976576656154,-0.9730379846674688,1.6364489311528139,-2.507560717594891,0.0011468286134148377,1.0000000334270336,0.22284689035531255,1,-3.840931140940652,3.77586639088807,5.394607163991544,2.3653510767533366,0.013901380013864853,1.0000002009641291,0.006432641956952694,0
16.26,-0.003753619103061441,0.004731690407332025,-1.2817360536647449e-09,-0.4433923047957242,0.10200636341658909,0.4640013564969372,2.912039142350285,0.00048103873931230244,1.000002751330219,18.490060870206698,1,-0.5891927337257621,0.41271970734256924,0.7283282661925017,2.533169857177518,-0.004623178018041662,1.0000003958504204,2.6390028023065417,1,0.04718405568344785,0.9955709490306327,0.9998957510565916,1.5320359353767266,0.00097112805485767,0.9999999936769722,1.02574297172892,1,-1.2470786527615452,-1.0438871330130595,1.630512935025962,-2.4496577619509026,0.0011180029698125312,1.0000000335390662,0.22359377459406576,1,-3.8793260084437935,3.739155867351869,5.396547940885517,2.375199329881506,0.013751259030160062,0.9999998991989255,0.006425136234389673,0
16.28,-0.0037536191033343907,0.004731690406501067,-1.2850169582925841e-09,-0.4543197053045308,-0.060422804160727206,0.4662768520612142,-3.019290103594458,0.0004776373097003896,1.0000024711844864,17.513804489488226,1,-0.6608391582545308,0.2850095514815034,0.7288622002195722,2.734558342387937,-0.004689240947783974,1.0000003949389449,2.6329262997426817,1,-0.07828917074812441,0.9948020481669771,1.0021031747527842,1.657486169004216,0.0010904350392683206,1.0000001193907506,1.0224876442571578,1,-1.1795876317494225,-1.1109464316060078,1.6241441983254619,-2.3913159552043464,0.0010855652985682761,1.0000000336827835,0.22455188919077823,1,-3.917330241153397,3.702069280712254,5.398468872434194,2.3850405410734834,0.013588835897547133,0.9999999050585723,0.0064177071528334845,0
16.3,-0.003753619102478118,0.004731690405726966,-1.288313174890865e-09,-0.3935421007195797,-0.21389398835907492,0.45377442475042634,-2.659483164889916,0.00047575709946939745,1.0000023041877462,16.687150476710645,1,-0.7052805578971172,0.14556944724813742,0.7291913584237953,2.9357075338840963,-0.00477167425838896,1.0000003940527773,2.6270185157570105,1,-0.20240539765921017,0.9783875592332095,1.0042869590192736,1.7823872978604371,0.0012064315948531194,1.000000343868012,1.0188609783726852,1,-1.1077192552930977,-1.173923898637924,1.6173610942506664,-2.332499541392424,0.0010500242582686906,1.0000000338584019,0.22572267887052086,1,-3.954940437695097,3.664610758192034,5.400369789519831,2.394874786690292,0.013415722154068574,1.0000002008266091,0.006410355051316052,0
16.32,-0.0037536191004807606,0.00473169040500865,-1.2916088255356117e-09,-0.26548845052823866,-0.33145756266466414,0.4274039326288704,-2.266807099869629,0.00047349402774505905,1.0000022914552842,16.117398542446697,1,-0.7207474945943876,7.769531382231451e-05,0.7293025707409247,3.136734698930514,-0.004856660285876379,1.0000003932274055,2.621516037470201,1,-0.32324030221176314,0.9466849661512954,1.0064133439945593,1.9067529559645975,0.0013147373159779203,1.0000000127674582,1.0149250164012913,1,-1.031686353449403,-1.2325328553322157,1.6101837180466978,-2.27317297220476,0.0010120386904152014,1.000000034066136,0.22710757345608457,1,-3.9921532393992423,3.6267844517568095,5.402250528466877,2.4047021436414813,0.013233778795830185,0.9999998924242501,0.006403080268022032,0
16.34,-0.003753619097047731,0.004731690404342142,-1.2948860451771071e-09,-0.08350030413651487,-0.3823107932099412,0.3899116933589776,-1.8092101617059608,0.0004700099787812623,1.0000024131576428,15.954490964050889,1,-0.7066239134568717,-0.14555730717647564,0.729191330389288,-2.9454236078007603,-0.004936604538555497,1.0000003924957444,2.616638295949698,1,-0.43894436493365907,0.900281585527125,1.008449877984004,2.03060469188113,0.0014117170465356768,1.0000000872059753,1.0107452708622995,1,-0.9517204772766268,-1.2864928891551572,1.6026339388282251,-2.2133010027778814,0.0009725405809598951,1.0000000343061912,0.22870794166317485,1,-4.028965330350085,3.588594537704746,5.40411093165456,2.4145226894658203,0.013045561611534896,0.9999999121158669,0.006395883139336527,0
16.36,-0.0037536190919542243,0.00473169040371549,-1.2981239512141474e-09,0.12002121323116167,-0.3330473467463496,0.34797173061815606,-1.2449046700537476,0.00046766127123575816,1.0000026183901698,16.425970218702826,1,-0.6634684044581185,-0.28542146705414045,0.7288619671729103,-2.7442748365928646,-0.005010355551087457,1.0000003918869864,2.6125799099472093,1,-0.5477684491278872,0.8399801053286575,1.0103658611994941,2.1539714064055677,0.00149633744179315,1.0000003489070577,1.0063894966689018,1,-0.8680724390090221,-1.3355309474699377,1.5947354510601957,-2.1528488077141836,0.0009328696347610195,1.0000000345787552,0.2305250352970975,1,-4.065373437433042,3.5500452162590017,5.405950848430931,2.42433650261707,0.012855173232462075,1.000000200372524,0.006388763996657658,0
16.380000000000003,-0.0037536190865953166,0.004731690403099374,-1.3013055815205843e-09,0.2789126822665159,-0.16559015223808746,0.3152174903141705,-0.5406373146144939,0.0004715425134651421,1.0000028598977102,17.738601473197328,1,-0.5929951085016478,-0.4138195830037153,0.7283275153843257,-2.54288682157604,-0.005081541077899899,1.0000003914255808,2.6095038718678985,1,-0.6480866982900636,0.7667818067471368,1.0121327419191304,2.276888726450845,0.0015713760852974687,1.0000000349673797,1.0019265307239242,1,-0.7810128250896861,-1.3793825717382737,1.586513825631516,-2.0917821187231613,0.0008944332606476875,1.0000000348839881,0.232559920226675,1,-4.101374330380448,3.511140711164026,5.40777013481596,2.434143663208119,0.012668728765247021,0.9999998858216467,0.006381723162706141,0
16.400000000000002,-0.003753619085431459,0.004731690402449471,-1.3044422516976517e-09,0.3076788610729744,0.0757561184374903,0.309272485024088,0.25853954134590146,0.00048201365333734277,1.0000030605173327,19.551029310262685,1,-0.49801445257856003,-0.5254940265882305,0.7276092742341851,-2.3411509883218287,-0.005167061895441393,1.0000003911303503,2.607535669041566,1,-0.7384166976144126,0.6818679407366369,1.0137244611531793,2.399398331954559,0.0016371450242524239,1.0000000563714815,0.9974252190842965,1,-0.6908324639446853,-1.4177932818567653,1.5779965587238287,-2.0300673827963394,0.0008566874946636142,1.0000000352220086,0.2348133902392845,1,-4.136964821815304,3.4718852692862376,5.409568646564223,2.4439442538541667,0.012489364695636376,0.9999999193140322,0.006374760949691838,0
16.42,-0.0037536190902944157,0.004731690401749274,-1.3075828315077531e-09,0.18676988894939256,0.27951580305870427,0.33417651197756,1.0088837946361733,0.0004907806312249046,1.000003103157617,20.806269282953465,1,-0.3823343856226453,-0.6158312137237456,0.726736058401286,-2.138971882209874,-0.00529716784000445,1.000000391013768,2.606758453839868,1,-0.8174369184778854,0.586579677956066,1.0151177485129834,2.521547242087765,0.0016843153254305265,1.0000003489240468,0.9929534448871754,1,-0.5978428278024662,-1.4505201190113346,1.5692131059007206,-1.9676719424288855,0.000816548813984768,1.0000000355928795,0.23728586381503258,1,-4.172141767291725,3.4322831602184936,5.411346227809242,2.453738358193781,0.012310241219022754,1.0000001996025893,0.006367877661141821,0
16.44,-0.0037536190967479557,0.004731690401031225,-1.31076116800799e-09,-0.010347716596517845,0.37107140675761635,0.3747967162071263,1.6217781600072578,0.0004946871928948453,1.0000029986681003,21.011656442291915,1,-0.2506234845156384,-0.6810492050660185,0.725743153160726,-1.9362710604345914,-0.005478765464652593,1.000000391081411,2.607209407450393,1,-0.8840015176092645,0.48239699082812254,1.0162923864191598,2.643387077139887,0.001709288264096559,1.0000000599561603,0.9885772599953031,1,-0.5023763449264874,-1.4773333534540194,1.5601948992592436,-1.9045642525240378,0.0007731095352884292,1.0000000359965902,0.23997726714213996,1,-4.206902065332057,3.392338675887477,5.413102718044383,2.463526058042555,0.012125812438346836,0.9999998794015725,0.006361073593828491,0
16.46,-0.00375361910166233,0.004731690400330668,-1.3139712286974747e-09,-0.20520109725415786,0.35233245500580007,0.41496112564369114,2.1125928836402745,0.0004959745048599048,1.0000028710476991,20.468997919336605,1,-0.10823831893184162,-0.7183593843158486,0.7246710063878385,-1.7329904991815084,-0.005693212562864286,1.000000391331619,2.60887746113453,1,-0.9371525962467582,0.3709167641381504,1.0172314361300965,2.7649733225289657,0.0017195994155504493,1.000000027872682,0.9843601159786938,1,-0.40478659544240886,-1.4980183608179305,1.5509753688422228,-1.840714133877361,0.0007279365159083848,1.0000000364330366,0.2428869101191121,1,-4.241242657461911,3.3520561301640153,5.414837966517426,2.473307434193611,0.011938395224526494,0.9999999266416598,0.006354349036168786,0
16.48,-0.0037536191046841872,0.0047316903996629895,-1.3171933721696505e-09,-0.35473374254562745,0.25483793107734504,0.44579355964658257,2.5244108524281246,0.0004956364359424879,1.0000028050126026,19.563763373603823,1,0.038981137300654826,-0.7260949118175363,0.7235636788823631,-1.5290953434911354,-0.005917390423449463,1.0000003917553846,2.6117025640169196,1,-0.9761300403853219,0.25383037014427784,1.0179214135704335,2.8863645896515613,0.0017242255923040704,1.0000003441403065,0.9803621896903884,1,-0.3054483604542588,-1.512377667106495,1.5415899565524902,-1.7760930515570845,0.0006826649919819088,1.0000000369020041,0.24601336012199967,1,-4.275160528243204,3.311439858477145,5.416551831806777,2.4830825682417816,0.011751774712854764,1.0000001985180211,0.006347704267465378,0
16.5,-0.003753619106174419,0.004731690399030847,-1.3204103296859948e-09,-0.44035469013657774,0.11094724344507124,0.46345959939491066,2.892914451504119,0.0004941651980991346,1.0000027973520724,18.545125454593236,1,0.18494249726416834,-0.7037987347160168,0.7224670916868229,-1.3245758461880481,-0.006130511044079928,1.0000003923365062,2.6155767071244784,1,-1.0003790637805077,0.1329008888828557,1.0183524250601743,3.0076218689310026,0.00173027379727938,1.000000087333137,0.9766397913345869,1,-0.20475749053515013,-1.520233158772735,1.5320761057125312,-1.7106744223643222,0.0006385435772613323,1.000000037403146,0.2493543055607021,1,-4.3086527053044215,3.270494217431821,5.418244177010302,2.492851542991475,0.011568500346111026,0.999999873174196,0.006341139560239013,0
16.52,-0.0037536191063641776,0.004731690398431524,-1.3236087980858513e-09,-0.45516333121983976,-0.05123238913987694,0.46653430595626827,-3.038198062550872,0.0004925636383344011,1.0000027861938665,17.563617183074417,1,0.3235507782830229,-0.6522645548719406,0.7214271324392308,-1.1194483440834015,-0.00631578806112404,1.0000003930520338,2.6203468914119057,1,-1.0095555632465592,0.009940107156931258,1.0185182687337633,3.128807779957916,0.0017426811832703766,1.00000000261772,0.9732448432946037,1,-0.10313055684015972,-1.5214284503242106,1.5224732256454452,-1.6444339545588404,0.0005965039112732371,1.000000037935959,0.2529063943388634,1,-4.341716259367633,3.2292235844293518,5.4199148672092425,2.5026144422768417,0.011390023640878483,0.9999999340871359,0.006334655183415574,0
16.54,-0.0037536191052900377,0.004731690397859703,-1.326777919301303e-09,-0.39818678577161376,-0.20584207295181187,0.4548144387611757,-2.6794154569289628,0.000491634244211379,1.0000027084262,16.726334380421207,1,0.4489673777929434,-0.5735254774502234,0.720487696079214,-0.9137551377271524,-0.00646204772877754,1.0000003938730246,2.6258201648705533,1,-1.003529372858421,-0.11321460737257306,1.0184165011579325,-3.0331994873396892,0.0017639024515510302,1.000000334868477,0.9702244462048515,1,-0.0010042464294763628,-1.5158313965342691,1.5128226313800928,-1.5773500186337948,0.0005571907191851886,1.0000000384997567,0.25666504536423734,1,-4.3743483042724405,3.1876323572897776,5.421563768564338,2.5123713507402763,0.011217108968755368,1.0000001971205343,0.00632825140430031,0
16.560000000000002,-0.0037536191029525143,0.004731690397307444,-1.3299080703875477e-09,-0.2735262706404755,-0.3260731610928989,0.4291422760600348,-2.2892384943607493,0.0004908086323201545,1.0000025521532192,16.139495225015256,1,0.5558666591216118,-0.4707871740872552,0.7196887477673908,-0.7075631843549043,-0.006564727908654303,1.0000003947656122,2.6317707484954824,1,-0.9823854731978208,-0.23472348748232652,1.0180484668693337,-2.9119656977130806,0.0017942689180812524,1.0000001166055918,0.9676205240281069,1,0.10116553772198114,-1.5033367290286106,1.5031674561113473,-1.50940404710602,0.0005210436433370324,1.0000000390936366,0.26062424415974983,1,-4.4065459969977985,3.1457249538765004,5.42319074820025,2.522122353659509,0.011050165366594984,0.9999998671493806,0.0063219284888301796,0
16.580000000000002,-0.003753619099355913,0.004731690396763096,-1.3329904823174143e-09,-0.09385454626967853,-0.38136524082075407,0.39212621412739695,-1.836123011520708,0.0004889743850488977,1.000002379067001,15.949633075105327,1,0.6396772549258405,-0.34830526445467874,0.7190645056192605,-0.5009615779185987,-0.006625097832746081,1.0000003956923684,2.6379491224758667,1,-0.9464231789479213,-0.35276754873875255,1.0174192905054338,-2.7906131686970945,0.0018326085182019938,0.9999999813962981,0.9654694829635996,1,0.2029049122346064,-1.4838687884749198,1.4935525327063064,-1.4405809604480069,0.0004884786423915988,1.00000003971645,0.2647763324100844,1,-4.43830653768222,3.103505811723426,5.424795674693867,2.53186753684613,0.01088970315881587,0.9999999416386601,0.006315686700614955,0
16.6,-0.0037536190946368068,0.0047316903962091655,-1.336017769505704e-09,0.10983655597735936,-0.3382362440454193,0.35014978122583135,-1.2786786058663788,0.00048669101377032926,1.0000023068325505,16.380215923323032,1,0.6967947125453191,-0.21121007527869748,0.7186418439954673,-0.29405787087121465,-0.006647133091175444,1.000000396613915,2.644092767424597,1,-0.8961532933698445,-0.4655717193723443,1.0165378331391046,-2.669080298907548,0.0018772664248333105,1.000000321488794,0.9638018817561365,1,0.3037236240483616,-1.4573843144895633,1.484024240485714,-1.3708696148931965,0.00046018762219209253,1.0000000403667695,0.2691117959948224,1,-4.469627169642283,3.060979387664841,5.426378419171904,2.5416069867264226,0.010737179241599374,1.0000001954123394,0.00630952629945847,0
16.62,-0.003753619089905169,0.004731690395617672,-1.3389880137819332e-09,0.27338590939417184,-0.17679294130486595,0.31643383302180933,-0.5818913073537344,0.0004872751577813714,1.000002447588556,17.648069627241803,1,0.7247527342514277,-0.06528565995749241,0.7184390128101051,-0.08697338220494856,-0.00663454576800689,1.0000003974907112,2.649938075389097,1,-0.8322931822527784,-0.5714278528866173,1.015416613088667,-2.5473076346108923,0.0019264902555637163,1.000000147187331,0.9626421349801657,1,0.40311707357766086,-1.4238752456766237,1.4746303150069802,-1.300263266050739,0.0004372436129790939,1.0000000410428587,0.2736190570767036,1,-4.500505179389878,3.0181501574685403,5.427938855831593,2.5513407908885424,0.010595630244672069,0.9999998613366684,0.006303447539931204,0
16.64,-0.0037536190886127783,0.004731690394950308,-1.341920626701798e-09,0.31065484033263885,0.06316585342477507,0.308734766269377,0.215452129884068,0.0004929839079179004,1.0000027858699458,19.458373538671943,1,0.722342121796877,0.08328647087129615,0.7184647570375995,0.12016227820126264,-0.0065990477346980535,1.0000003982849086,2.655232724638501,1,-0.7557596880387137,-0.6687175360955645,1.014071687869416,-2.4252386277392435,0.001972385858852195,0.9999999648486969,0.9620082415625126,1,0.500568782852758,-1.3833714717382726,1.4654196204082397,-1.2287600377779893,0.0004194400971720498,1.0000000417426418,0.2782842785409377,1,-4.530937896647818,2.975022615472344,5.4294768564770175,2.5610690389422834,0.010465592733887502,0.9999999492842643,0.00629745067108244,0
16.66,-0.0037536190931128583,0.004731690394189068,-1.344868350797862e-09,0.1964103227720868,0.27162814651839545,0.33226398429750686,0.9718408502987234,0.0004976554013314086,1.0000031261086701,20.766225096876425,1,0.6896695531277527,0.22820551168338254,0.7187179064785636,0.3272171726414182,-0.006571352992983043,1.0000003989621424,2.659747616178906,1,-0.6676597800913653,-0.7559345707931365,1.012522486670621,-2.302820392310278,0.001998251635003747,1.0000003044297452,0.9619115305720678,1,0.5955533344806135,-1.3359434693303291,1.4564418756951105,-1.1563633795675201,0.0004034297808664207,1.0000000424636772,0.2830911809990909,1,-4.560922694362908,2.931601274223542,5.430992278656064,2.5707918213434358,0.0103382695876318,1.0000001933961395,0.006291535938797869,0
16.68,-0.003753619100011263,0.004731690393363319,-1.3478781736575574e-09,0.001095776059153829,0.36966995337293884,0.37251164026039774,1.5923242617084412,0.0004986145433359877,1.000003302305464,21.023810211638054,1,0.6281522158037088,0.3633361097367965,0.7191874490319743,0.5340631297213494,-0.006565641825843014,1.00000039949323,2.663288199713538,1,-0.5692788216421639,-0.8317069621054326,1.0107915957852704,-2.180004470004656,0.0019958175490442727,1.0000001784042032,0.9623564258148736,1,0.6875397973692355,-1.281704744095212,1.4477473195248243,-1.0830825073542525,0.00038681676251458045,1.0000000432031322,0.288020880491633,1,-4.590456988716489,2.887890664120426,5.432484970198902,2.580509226251418,0.010205265857564882,0.999999855745266,0.006285703588043877,0
16.7,-0.0037536191057446853,0.004731690392515702,-1.3509586106047466e-09,-0.19527557362587467,0.35613538527780725,0.41298807231986856,2.0885996797781146,0.0004977350633578433,1.0000032763151785,20.510452865346746,1,0.5404486809319701,0.4829838280614015,0.719853059870253,0.7405816107177678,-0.006567957747026677,1.00000039985557,2.665703800479479,1,-0.46206633046965495,-0.8948181928531445,1.008904512529288,-2.0567475895336695,0.001967177004247187,0.9999999534417171,0.9633402314441009,1,0.7759956420399828,-1.2208139921861736,1.4393863308342696,-1.0089328243792177,0.0003699172925604669,1.0000000439577648,0.2930517643847427,1,-4.619538239133806,2.8438953330556997,5.433954785196937,2.5902213397186102,0.010065771458686704,0.9999999570118311,0.0062799538606277796,0
16.720000000000002,-0.0037536191093646425,0.004731690391673244,-1.3540970666796326e-09,-0.3478701604996164,0.26201548607752356,0.44445067941147626,2.503658778209053,0.0004953536379254349,1.000003077107296,19.617176022732938,1,0.4303307435637921,0.5821462870825167,0.7206860836583143,0.9466690103663669,-0.006558686940003211,1.0000004000341496,2.666894330814926,1,-0.34761912197585626,-0.9442275034124499,1.0068893542853992,-1.9330123962970185,0.0019152798956352686,1.0000002841496045,0.9648529439295153,1,0.8603911328708782,-1.1534768873289865,1.4314090172990857,-0.9339362931770546,0.0003534203206138894,1.0000000447239124,0.2981594156207077,1,-4.648163948293067,2.799619846062783,5.435401586327539,2.5999282474904826,0.009920920954376557,1.000000191075126,0.006274286991988624,0
16.740000000000002,-0.0037536191111332672,0.004731690390848381,-1.3572781097821729e-09,-0.43717390764015285,0.11987265045250534,0.46287470873894887,2.8737478580936267,0.0004917859392062883,1.0000027810588523,18.60016978896492,1,0.3025047006623139,0.6567270595310855,0.7216509026741319,1.1522411039871958,-0.006520767592184899,1.0000004000221607,2.666814404599803,1,-0.22766175228946173,-0.9790888337389281,1.0047765133053783,-1.808768148596561,0.0018424860365298902,1.0000002095030383,0.9668771043131527,1,0.9402041663841593,-1.07994739554173,1.423864761615764,-0.8581217368750388,0.000337615178681573,1.0000000454974893,0.30331659546396605,1,-4.676331662133848,2.7550687849656272,5.436825241265262,2.60963003555687,0.009771144691430826,0.9999998503840289,0.006268703210411882,0
16.76,-0.0037536191115015802,0.004731690390045996,-1.3604890404354808e-09,-0.45585852334057564,-0.04198500835083058,0.4667470821297673,-3.0570804239099996,0.0004878412208173094,1.0000024948142956,17.61373535991284,1,0.16239334245539774,0.7037024870780231,0.7227065947842174,1.3572364363757883,-0.006442848131689522,1.0000003998211777,2.665474517958623,1,-0.10402422698471595,-0.998768022429036,1.002598260914495,-1.6839913694513942,0.0017514464522148145,0.9999999474496829,0.969387708609953,1,1.0149255040511795,-1.000528519317847,1.4168017274662033,-0.7815250555795229,0.00032253931582656314,1.0000000462739944,0.3084932966971732,1,-4.704038969864193,2.71024674803148,5.43822562087933,2.6193267900607697,0.009616326778922149,0.9999999648091139,0.0062632027375107415,0
16.78,-0.0037536191107418408,0.0047316903892683235,-1.3637197434669679e-09,-0.40269086553275324,-0.19765715878576057,0.45581102789955574,-2.6992485591626116,0.00048377171221836146,1.0000023150782027,16.766150463964777,1,0.015891560788563755,0.7212352050523333,0.7238087817441573,1.5616185332143102,-0.006322372992549164,1.000000399440906,2.662939372430343,1,0.02138299066345895,-1.002857801943238,1.000388303730357,-1.558666435102318,0.001645509378944573,1.0000002611178482,0.9723521963693607,1,1.0840643259546263,-0.91557237720916,1.4102663339634685,-0.7041893410016669,0.0003081512763941326,1.0000000470485317,0.31365687842138174,1,-4.731283503966333,2.6651583496260147,5.43960259904044,2.6290185971529274,0.009456247679187638,1.000000188452973,0.0062577857880308976,0
16.8,-0.0037536191088744565,0.004731690388516959,-1.366960450648741e-09,-0.281454101364372,-0.32046703547965805,0.43084347836179465,-2.311474645626962,0.0004788022911293831,1.0000022882456328,16.162673649861347,1,-0.13089111026433323,0.7087318479484106,0.7249115667521249,1.7653769042498733,-0.006167084974911274,1.0000003988985464,2.659323643101423,1,0.1465965492123774,-0.9911900853803489,0.9981812942197867,-1.4327860789608833,0.0015289930326005943,1.000000239663237,0.975730539654852,1,1.1471540090971666,-0.82547953414047,1.4043027085080473,-0.6261648722864426,0.00029444310109809206,1.0000000478158437,0.318772291570668,1,-4.758062940202078,2.619808219870999,5.440956053180954,2.6387055429095,0.00929092242035541,0.9999998452614488,0.006252452568071897,0
16.82,-0.0037536191056230296,0.0047316903877919645,-1.370198933047656e-09,-0.1041805407110315,-0.3800955849303955,0.3943210890817007,-1.8627097634104406,0.0004724335784020905,1.0000023987447217,15.94655745128627,1,-0.2718883612652116,0.666845758218964,0.7259694656650749,1.9685268853991895,-0.005992933355447062,1.0000003982178456,2.6547856378949044,1,0.26963012635415423,-0.9638450144894065,0.996012299559343,-1.306351788466709,0.0014072492815188323,0.9999999469413043,0.9794754552147676,1,1.2037580125090115,-0.7306975129045492,1.398952129245492,-0.5475089782841271,0.00028155590480081637,1.0000000485703602,0.3238024013190697,1,-4.784374997618299,2.57420100430481,5.442285865374113,2.648387713334135,0.00912101041630004,0.9999999726637553,0.006247203272014972,0
16.84,-0.0037536191007068696,0.004731690387087061,-1.3734188859977625e-09,0.099496559249786,-0.34302620855907745,0.3523476105485717,-1.3119972660713082,0.0004674486542388559,1.0000025963012886,16.337048654957965,1,-0.40132417301909934,0.5974282461384546,0.7269392482625017,2.1711084267120735,-0.005817502129550913,1.0000003974279061,2.649519374482418,1,0.38850634154635466,-0.9211562372040777,0.99391623519899,-1.1793740718199632,0.0012869990833076078,1.0000002357982067,0.9835327565846477,1,1.2534757321480778,-0.6317184381942306,1.3942524698427397,-0.4682857553129982,0.0002699583373215704,1.0000000493062613,0.32870840860776224,1,-4.810217438552563,2.52834136354628,5.443591923980733,2.658065194540105,0.00894853559961914,1.0000001855338323,0.0062420380791951184,0
16.86,-0.0037536190952379197,0.004731690386380213,-1.3766053240903131e-09,0.26742710976149847,-0.18769800299718967,0.31772927989200356,-0.6227780461003743,0.0004699904499425176,1.0000028338389524,17.559453192425824,1,-0.5139397945666677,0.5034339063071049,0.7277816214117506,2.373183971816395,-0.00565212711557669,1.0000003965618427,2.643745617781545,1,0.5012901793187758,-0.8637119123304211,0.9919272735877847,-1.0518725728694724,0.00117655307705252,1.0000002680131563,0.9878418614389781,1,1.2959481736128067,-0.5290757908394792,1.3902376613668463,-0.38856563481634543,0.0002605091488752392,1.0000000500175552,0.3334503674418013,1,-4.835588068638937,2.4822339729626277,5.444874124974613,2.6677380734022518,0.008777454827978442,0.9999998403856387,0.006236957151665773,0
16.880000000000003,-0.0037536190934410697,0.004731690385632862,-1.3797673168933211e-09,0.31310585647785577,0.05052045554603634,0.3082970143973733,0.17225891699455434,0.0004800525588083426,1.0000030423738129,19.364044111152616,1,-0.6051934233081109,0.3887866822227047,0.7284627009361401,2.5748355900141373,-0.005506084191671396,1.0000003956553578,2.6377023852349075,1,0.6061233030750185,-0.7923510018424098,0.9900782417565918,-0.9238760138368716,0.0010807308051432804,0.9999999517763488,0.992336523713311,1,1.3308632815919035,-0.423340280823066,1.3869371907360646,-0.3084248006276367,0.0002533756397109004,1.0000000506981683,0.3379877881327288,1,-4.860484736813037,2.435883522341726,5.446132367741413,2.6774064386989607,0.008610142923689343,0.9999999805633073,0.006231960634901505,0
16.900000000000002,-0.003753619097854789,0.004731690384828815,-1.3829523858553683e-09,0.205757436139047,0.26344241523120565,0.330403592942828,0.934387165964334,0.0004887889525555788,1.0000031038611892,20.722747231494328,1,-0.6714273469257618,0.258213888665335,0.7289552364624032,2.7761615125620183,-0.005398039797478609,1.0000003947453033,2.6316353555453724,1,0.7012585133754415,-0.7081545090279318,0.9884000159792098,-0.795421939198163,0.0009915527982185645,1.0000002086385393,0.996945765363702,1,1.3579607626879673,-0.31511488176829655,1.3843756549990052,-0.22794445512724537,0.0002465884122264925,1.000000051342048,0.3422803200793408,1,-4.884905335314402,2.3892947155682323,5.4473665425404665,2.687070380542787,0.008440760053612597,1.0000001823223257,0.006227048663611732,0
16.92,-0.0037536191043974288,0.004731690384002587,-1.3861982937381223e-09,0.012486085259317586,0.36798020725467095,0.370227936418365,1.5625079794239232,0.0004926482081856638,1.0000030108056999,21.03350679289414,1,-0.7099989952517437,0.11705542469199667,0.7292395788868379,2.9772722196408323,-0.00533157433615013,1.0000003938682775,2.625788516869095,1,0.7850934991299773,-0.6124314620718116,0.9869209170501712,-0.6665562503434478,0.0009017958372142305,1.0000002936566093,1.0015949413212675,1,1.3770362438095394,-0.2050291041291036,1.3825723689398637,-0.147209942013385,0.00023862156489377334,1.0000000519432743,0.3462884954198539,1,-4.908847799685048,2.342472270302132,5.44857653150926,2.6967299873157335,0.008263446984853784,0.9999998357643213,0.006222221370343114,0
16.94,-0.003753619109564266,0.004731690383196577,-1.3895009214406895e-09,-0.18527768255901622,0.35974512401099984,0.4109890333075548,2.064371952023294,0.0004944454249352346,1.0000028826228888,20.550614704145104,1,-0.7193736735796333,-0.02894486339316441,0.7293043758461192,-3.104899078196869,-0.005286906527269609,1.0000003930592933,2.6203952896240974,1,0.8562029485770886,-0.5066996140179094,0.985666132890266,-0.5373325465893596,0.0008140282219011218,0.9999999616186314,1.0062070120036963,1,1.3879446241643356,-0.09373261822201195,1.3815410356198725,-0.06630976017290985,0.00022987842562740768,1.0000000524961743,0.34997449490087346,1,-4.932310108764821,2.2954209176581353,5.449762224412093,2.7063853454366535,0.008079515326898578,0.9999999884952505,0.006217478890384271,0
16.96,-0.0037536191128159707,0.004731690382433113,-1.3928385467557036e-09,-0.3408815143446827,0.26909400142258466,0.44306976664400893,2.4827765662243877,0.0004951865432568987,1.0000028111479788,19.670041839481694,1,-0.6991777056636923,-0.17385908960501736,0.7291469727954164,-2.9038596141934176,-0.005244895882023271,1.0000003923505445,2.615670296824083,1,0.9133680482863389,-0.39266102367548444,0.9846571983701033,-0.40781126573171017,0.0007322431732977823,1.0000001800745375,1.0107039921549978,1,1.3906025019382433,0.018111630429203066,1.381289513138348,0.01466550648233189,0.00022112730041627307,1.0000000529954378,0.3533029191860177,1,-4.955290284684987,2.2481454018859317,5.450923522315995,2.71603654122722,0.007892247666958117,1.0000001788235389,0.0062128213633185075,0
16.98,-0.0037536191144943243,0.004731690381720066,-1.3961899982505022e-09,-0.4338491353482576,0.12877931100334794,0.4622472126957764,2.854530027179255,0.0004945163913299177,1.0000028006130635,18.655127068949287,1,-0.6502113703483013,-0.3118002558587316,0.7287735165278371,-2.7026734119918574,-0.005198221935780502,1.000000391770286,2.6118019068473566,1,0.9556024096754645,-0.2721728946484555,0.9839115404565643,-0.2780586277502571,0.0006583574354049162,1.0000003157153934,1.0150085233446045,1,1.3849895865425625,0.1298346465904404,1.381819683700379,0.09562432350497983,0.00021290071242074962,1.0000000534362306,0.3562415367048557,1,-4.977786392860911,2.200650480051824,5.452060333798835,2.7256836616931386,0.007704153420148671,0.9999998314048153,0.006208248933978517,0
17.0,-0.0037536191148435315,0.004731690381058574,-1.3995373575326209e-09,-0.4564074693932286,-0.03268348295027336,0.4669167157663465,-3.0759464169363078,0.0004923543490652319,1.0000027922974077,17.66409656599862,1,-0.5744214842990131,-0.4371461175959956,0.7281987595849846,-2.5012245574262506,-0.00515088737702721,1.0000003913418463,2.6089456410231775,1,0.9821735266949532,-0.14721426342723368,0.9834421004840641,-0.14814540790772873,0.0005924666451124138,0.9999999759706976,1.0190455246596832,1,1.3711490437536007,0.2407687679033632,1.383127422976778,0.1764753712381053,0.0002055977271224525,1.0000000538142961,0.3587619737743757,1,-4.999796541983793,2.1529409217216258,5.453172572290995,2.7353267945577766,0.00751699336439102,0.9999999964470148,0.006203761752594745,0
17.02,-0.0037536191139199296,0.004731690380446051,-1.4028646386915478e-09,-0.407060144811734,-0.1893430770631276,0.45676735626460935,-2.7189947653147857,0.000488658203512864,1.0000027209760267,16.806525956992573,1,-0.4748339050203532,-0.5447558621649015,0.7274455627509998,-2.299406893756123,-0.005113692474681533,1.0000003910827802,2.6072185345150127,1,0.9926189869070009,-0.01984932641952311,0.9832570483447055,-0.018145572532058292,0.0005341309961540496,1.000000150551321,1.0227438673979867,1,1.349186760854543,0.35025501278332144,1.3852026705975136,0.2571287044943383,0.00019963732845068648,1.0000000541260474,0.36084031636571945,1,-5.021318884011791,2.1050215086447435,5.454260154983876,2.7449660281641353,0.007332122295542468,1.0000001750430123,0.00619935997349008,0
17.04,-0.003753619111727003,0.004731690379876137,-1.406156725780594e-09,-0.28928134843665393,-0.3146458920263796,0.4325125201826029,-2.3335361084739232,0.00048389460387286487,1.0000025689600383,16.18682514450613,1,-0.3554467506660274,-0.6301732302484716,0.7265440981979544,-2.097128177680147,-0.005099643050075518,1.0000003910041804,2.6066945361778227,1,0.9867568273799202,0.10781163509131571,0.9833596000525422,0.11186518357040767,0.0004830675398240893,1.0000003333888767,1.0260380119528465,1,1.3192695594469832,0.4576502036760353,1.3880296000827554,0.3374968718367732,0.00019558523034256243,1.0000000543686394,0.3624575959198538,1,-5.042351614161459,2.0568970344399014,5.455323002537352,2.754601451394021,0.007150746162891333,0.9999998273140256,0.006195043752395906,0
17.060000000000002,-0.0037536191082586726,0.004731690379337719,-1.4093991772268222e-09,-0.11448963899166291,-0.37851370166142484,0.39650245223896563,-1.889006525070561,0.0004816886183621702,1.0000023916288352,15.945078591419632,1,-0.22108589146222474,-0.6898093383628433,0.725530766058728,-1.894313869394561,-0.005119664070716562,1.000000391110151,2.6074010058595922,1,0.9646896374225665,0.2336526480441172,0.983747945784573,0.24181095377488326,0.0004394471084824641,0.9999999942289906,1.028869542237618,1,1.281622422387345,0.5623336871685013,1.3915868826124227,0.4174959623638429,0.00019428120987086855,1.0000000545400205,0.363600136650713,1,-5.06289297089982,2.0085723042828403,5.456361039363897,2.7642331536320985,0.006974248438618025,1.0000000044059985,0.0061908132430303665,0
17.080000000000002,-0.0037536191036238015,0.004731690378812966,-1.4125788485967739e-09,0.0889926140757865,-0.3474343385507285,0.35457039416549413,-1.3449170404413575,0.0004847808152222346,1.0000023033024406,16.296177913133143,1,-0.0772253649688443,-0.7210980869785404,0.7244468482062996,-1.6909104167257745,-0.005168102188775399,1.0000003913975009,2.609316671860238,1,0.9268022484032435,0.3555926047398414,0.9844152906593744,0.3716171428135142,0.00040510510546558717,1.0000001205592994,1.0311885354459165,1,1.2365248358236107,0.6637134924747428,1.3958480353625895,0.497046551625041,0.0001969487727419671,1.0000000546389627,0.36425975139283945,1,-5.082941235937093,1.960052134596348,5.457374194615562,2.7738612248627383,0.00680479313640145,1.0000001709867334,0.006186668593700668,0
17.1,-0.003753619098751658,0.004731690378272791,-1.4156875244569073e-09,0.2610322574222211,-0.1983202890212346,0.31910581321444154,-0.6633616934160523,0.0004909293315536082,1.0000024208729708,17.472464315712536,1,0.07022315964906696,-0.7226168310803142,0.723336918716513,-1.4868878823128182,-0.005218720281102314,1.0000003918557403,2.6123716017573813,1,0.8737531005144383,0.4716248212102683,0.9853500056255712,0.5012119477302456,0.00038339441379851895,1.0000003460230518,1.0329547130702406,1,1.1843063753816092,0.7612317966713725,1.40078184172001,0.5760745225302879,0.0002049662722393053,1.0000000546650685,0.36443378962227124,1,-5.102494734220339,1.9113413527431273,5.458362403305758,2.7834857561947377,0.006645827403119751,0.999999823498431,0.006182609944463723,0
17.12,-0.0037536190968458644,0.0047316903776755395,-1.4187366030246618e-09,0.31502274673683833,0.0378068740771124,0.307959191329154,0.12889783423333012,0.000500524971602494,1.0000027476795532,19.26781814798666,1,0.21514592776061328,-0.6941651759755026,0.7222470527740383,-1.2822417211321682,-0.005254650341071395,1.0000003924672782,2.6164485215492412,1,0.8064596196240491,0.579854487353513,0.9865358835458184,0.6305277481769627,0.0003733639730145043,1.000000015748833,1.0341383307531944,1,1.1253416854825715,0.8543695966263162,1.4063528300239938,0.6545117411831735,0.00021831897039522832,1.000000054618759,0.36412506098317915,1,-5.121551833927665,1.8624447967216908,5.4593256027451025,2.7931068409971314,0.006499069118923905,1.0000000123595885,0.006178637425607818,0
17.14,-0.0037536191007695044,0.004731690376994098,-1.4217724734078702e-09,0.2148038118581251,0.2549379746488721,0.3285930866622943,0.8964554174524447,0.0005094236804065556,1.0000030992630793,20.67558213476869,1,0.35147964730396536,-0.6367955248585415,0.721222914017978,-1.0769935423864332,-0.005287071990493525,1.0000003932078902,2.621385935078828,1,0.7260781572290177,0.6785330103585446,0.9879524990455614,0.7595023672270692,0.0003657419390493434,1.0000000906710897,1.0347207629845594,1,1.060045011734145,0.9426505219002308,1.4125218031429698,0.7322965781511909,0.00023437195826697606,1.0000000545012493,0.3633416625326523,1,-5.140110946461857,1.8133673148652443,5.460263719406061,2.802724574674852,0.00635838074755619,1.0000001666611267,0.006174751159268526,0
17.16,-0.0037536191076019006,0.004731690376247973,-1.424842863053527e-09,0.023824087554422058,0.3659825699586471,0.36794125627926083,1.5322730052006739,0.0005125863594899186,1.0000032956418554,21.040597548824987,1,0.4734709563895068,-0.5527904679802481,0.7203077875940722,-0.8711907537208451,-0.0053240014299932035,1.0000003940475368,2.6269835781541175,1,0.6339792297676747,0.7660884113843547,0.9895756585795127,0.8880801832741064,0.00035685543657998673,1.0000003531726007,1.0346947563659128,1,0.9888644487809752,1.0256437580302546,1.419246398170765,0.809374284680379,0.00025114838551690185,1.000000054314508,0.3620967198321554,1,-5.158170526442694,1.76411376554288,5.461176666278609,2.812339051536868,0.006216900497363117,0.9999998199640746,0.006170951263321033,0
17.18,-0.003753619113503676,0.004731690375474394,-1.4279588874191451e-09,-0.17520375955931386,0.36314792164596327,0.40895950548252297,2.039868885014218,0.000512723785981274,1.0000032883935634,20.58945248775486,1,0.5759309362317545,-0.445584373678286,0.7195406527499665,-0.6649050248161527,-0.005354631030328467,1.000000394951498,2.6330099857104856,1,0.5317189260556701,0.8411511247197929,0.9913779057210317,1.0162130584469504,0.0003523054369207458,1.0000000399013387,1.034064433199931,1,0.9122760606052728,1.1029660831038337,1.4264816373265126,0.8856972233622388,0.00026839057946858875,1.0000000540612042,0.3604080281760122,1,-5.175729071698084,1.714689016861942,5.462064357944828,2.8219503638833054,0.006074126192861448,1.000000020295181,0.00616723785223622,0
17.2,-0.003753619117312824,0.004731690374696032,-1.4311092647305984e-09,-0.33376547749412594,0.27606409927974773,0.44164732119747924,2.4617338219877567,0.0005119198055497882,1.0000031023956781,19.722394137503596,1,0.6544716007578908,-0.31962955243283836,0.7189544020649693,-0.45822954007223576,-0.0053705222935610895,1.000000395881793,2.639211953073491,1,0.4210074279654948,0.9025747610630616,0.993329071395509,1.1438610546703203,0.0003587891509029264,1.0000000615618434,1.0328449695747013,1,0.8307780193084173,1.1742830514347875,1.4341804675557956,0.961224950842229,0.00028580390120921733,1.0000000537446343,0.35829756127366363,1,-5.192785123255342,1.6650979463718447,5.462926715999154,2.8315586036247895,0.005931208570766289,1.0000001620730434,0.006163611035468549,0
17.220000000000002,-0.0037536191192391742,0.004731690373920247,-1.4342801846374542e-09,-0.4303805881394122,0.1376598768392812,0.46157485260593806,2.835235816748632,0.0005103573865245863,1.0000028107931576,18.710054024457797,1,0.7057110194038693,-0.18021090564506473,0.7185743007798546,-0.25127510428103667,-0.005372803448875424,1.0000003967988331,2.6453255542723837,1,0.3036756189481365,0.9494516128656703,0.9953968645224688,1.270992940393572,0.00038098953900523176,1.0000003546383653,1.031061957953316,1,0.7448848939110327,1.2393093829782023,1.442294291708777,1.0359241725554054,0.0003028268066711956,1.0000000533686302,0.35579086749335026,1,-5.209337265332936,1.6153454407701442,5.463763665855934,2.841163863054668,0.0057883514504790306,0.9999998167165541,0.006160070917294353,0
17.240000000000002,-0.003753619119728517,0.004731690373146677,-1.4374618346763707e-09,-0.4568127380736469,-0.02333493027974525,0.46704189497189397,-3.094819655569505,0.0005085270557971274,1.0000025192541242,17.714756172719103,1,0.727434604383725,-0.03321670055987099,0.7184167787984543,-0.04416526812301451,-0.005368831464224436,1.00000039766323,2.6510881986521038,1,0.18164072874387752,0.9811228787141624,0.9975474822187809,1.3975864935199074,0.0004214831538802363,1.0000000661065338,1.0287505566745374,1,0.6551222007664915,1.2978086344239101,1.4507734791112545,1.1097685883483341,0.00031895577880032474,1.0000000529374622,0.35291641420402076,1,-5.225384125331688,1.5654363956107453,5.4645751341540505,2.8507662348103127,0.005644920866123648,1.0000000282002004,0.0061566175985738065,0
17.26,-0.0037536191190886596,0.004731690372372787,-1.4406483970184902e-09,-0.41129860831313,-0.18090805184017164,0.4576823575512094,-2.73867877360331,0.00050711306018856,1.0000023271984217,16.84749903395696,1,0.7187021979330865,0.11512340742930213,0.7184886349435047,0.16296927854812177,-0.0053672912768309294,1.000000398437657,2.656251047094906,1,0.05687189275062166,0.9971837628922564,0.9997462205015994,1.5236286099025567,0.00048124287296437385,1.0000000340008621,1.0259544604956399,1,0.5620213042993931,1.3495922401438705,1.459567845222092,1.1827386445386117,0.0003339044241363636,1.0000000524557393,0.3497049290167252,1,-5.2409243738247255,1.5153757150137128,5.4653610478310055,2.860365811654707,0.005499876682086799,1.0000001572297508,0.006153251179206069,0
17.28,-0.0037536191173772357,0.004731690371596366,-1.4438358007014956e-09,-0.2970114105790677,-0.30861993382750713,0.4341473169240193,-2.3554499994933287,0.0005061319609493023,1.0000022862357554,16.211961707958288,1,0.6798938186263604,0.2585192184479314,0.7187867074436005,0.36999673167366426,-0.005373514368170202,1.0000003990886515,2.6605910102865264,1,-0.06864359592255743,0.9974837539651051,1.00195807134671,1.6491152330752608,0.000559872424868321,1.0000003504710664,1.0227247368832029,1,0.46611473371653445,1.3945180184854773,1.4686270935883783,1.254821209150038,0.00034765202311884565,1.000000051928315,0.3461887667933749,1,-5.255956724546693,1.4651683113763252,5.466121334189864,2.869962686264102,0.005352121160942692,0.9999998137610129,0.006149971760020628,0
17.3,-0.0037536191143311276,0.004731690370815251,-1.4470186192935136e-09,-0.12478063561421007,-0.3766310564236062,0.398665213036629,-1.9150401373910877,0.0005051366800784909,1.000002385288158,15.945197536738936,1,0.6126909658552476,0.39090415957760083,0.7192980331827339,0.5767902619150864,-0.005385418109545377,1.0000003995882303,2.663921535514973,1,-0.1929326858837625,0.9821224972444935,1.004148294809576,1.774051125431648,0.0006560058076566867,1.0000000938373743,1.0191185778737104,1,0.3679319593820172,1.4324882414652291,1.477901215383013,1.3260091879392668,0.00036052115984386605,1.0000000513601974,0.34240131656533146,1,-5.270479934382339,1.4148191050849932,5.466855921719125,2.8795569510620456,0.0052009001032526534,1.0000000360621195,0.006146779443358699,0
17.32,-0.0037536191096380774,0.004731690370023176,-1.4501877752034348e-09,0.0783356934667032,-0.3514670001603866,0.35680838885007693,-1.3774491942972475,0.000504936104104625,1.0000025750078192,16.257695997796933,1,0.5199947849966606,0.5067069573367836,0.7200004843573394,0.7832338069233495,-0.0053905143613865595,1.0000003999152194,2.6661014630534026,1,-0.31406709544183187,0.951441749461726,1.006282957058779,1.8984495038389877,0.0007683916454457733,1.0000000088140877,1.0151980143706754,1,0.2679956526285409,1.463447364298053,1.4873408434842452,1.3963010985656368,0.00037337000174823154,1.0000000507564684,0.33837645568393165,1,-5.284492803354994,1.364333024227953,5.467564741819177,2.8891486981839867,0.0050464274091411455,1.0000001521389204,0.006143674332211324,0
17.34,-0.003753619104160527,0.00473169036920065,-1.4533344456276603e-09,0.2542159805483828,-0.20864611437516886,0.32055157589253913,-0.7036036057471986,0.0005090693666483607,1.0000028079886905,17.38754690228688,1,0.40578664107490636,0.6010961022386074,0.7208638382272406,0.9892272348276504,-0.005366710672249799,1.0000004000562086,2.6670413910543878,1,-0.43019157959439613,0.9060139419184293,1.0083294265621465,2.0223315638965804,0.000896638719499772,1.000000340944401,1.0110286347400157,1,0.16681843542471306,1.487379506172224,1.4968975588747728,1.4657006188291617,0.00038764683305046174,1.0000000501222084,0.3341480559107556,1,-5.297994174615844,1.31371500430903,5.4682477311248165,2.8987380198676362,0.004890394035432154,0.9999998111021315,0.006140656528137605,0
17.36,-0.0037536191018231837,0.004731690368311816,-1.4564705806425354e-09,0.31639611847402227,0.025054063369677887,0.3077156179171584,0.08545749033254707,0.0005195826733424319,1.000003022638905,19.17048232539713,1,0.2749402449165779,0.6701847481196377,0.7218512081810876,1.194690603339121,-0.005297307162406892,1.0000004000060811,2.666707208028892,1,-0.5395496721552254,0.8466278850430824,1.0102568206733509,2.1457259147987835,0.0010364501802964492,1.0000001226014619,1.0066783437890032,1,0.06490011181598092,1.5043057661451604,1.506524147854661,1.5342161209104774,0.0004039086924721857,1.0000000494624317,0.32974954455039734,1,-5.310982934434215,1.2629699879627319,5.468904830063508,2.9083250095935838,0.0047333677576587175,1.0000000438684802,0.006137726128702876,0
17.380000000000003,-0.003753619105791898,0.004731690367338903,-1.4596471644215403e-09,0.22351836267853104,0.24612729289116533,0.3268342466407182,0.858127568875287,0.0005305524176202344,1.0000031025092426,20.625388480252724,1,0.13299705379422969,0.7111869257714041,0.7229207503806633,1.399567318962067,-0.005189842070356572,1.000000399768105,2.6651207001552284,1,-0.6405067509930367,0.7742721278017046,1.012036400531225,2.268667938593585,0.001170290000004699,0.9999999868284404,1.0022161916515406,1,-0.03727463847369115,1.5142814488572824,1.516174818301251,1.6018601989728656,0.00041971353015175306,1.0000000487820284,0.32521352267263665,1,-5.323458012188581,1.2121029246710397,5.469535971000096,2.9179097622924703,0.004569257481448389,1.0000001468086168,0.006134883226573948,0
17.400000000000002,-0.003753619112458508,0.004731690366316882,-1.4629114118008824e-09,0.0350796457341241,0.363670486908914,0.3656564539331851,1.501683381954489,0.0005376261694137376,1.0000030221102947,21.045582160186974,1,-0.014081959830800437,0.7225196241046615,0.7240275505683672,1.6038261102626947,-0.005047005366875946,1.0000003993536024,2.6623573490769594,1,-0.7315703683375845,0.6901164462044019,1.013641927455612,2.391199095252636,0.0012805074920888145,1.0000003265105208,0.9977112916214734,1,-0.13923813247470054,1.5173932646768316,1.525805390585707,1.6686492078500148,0.0004333744355309225,1.0000000480857165,0.32057144332433213,1,-5.335418380357694,1.1611187704817323,5.4701410733931155,2.9274923714144756,0.004391759226878862,0.9999998087441211,0.006132127910704107,0
17.42,-0.0037536191179580024,0.004731690365295229,-1.4662675292681504e-09,-0.1650755142846533,0.36632791317301083,0.40690551305054606,2.015141843132653,0.0005390351531674572,1.000002894347036,20.62737104648613,1,-0.16017490453798597,0.7038489468100111,0.7251255802779318,1.8074618095440431,-0.004849302194295336,1.000000398781221,2.658541472581886,1,-0.8114078624116866,0.5954918828638495,1.0150499757738285,2.5133662086013207,0.0013622602977300506,1.0000001519143804,0.9932318360071279,1,-0.2405411564687374,1.51375655827387,1.5353734476769523,1.7346028294983369,0.0004461873042239027,1.0000000473780037,0.31585335764221767,1,-5.346863054511887,1.1100224877272695,5.470720058749195,2.9370729275606324,0.004201143276293455,1.0000000516069116,0.0061294602647352855,0
17.44,-0.0037536191215361654,0.0047316903643049675,-1.4696978011766865e-09,-0.32653492070065027,0.2829073881382827,0.44018975931243,2.4405706780164858,0.0005361285052276186,1.0000028176312157,19.774560079492574,1,-0.2992555061777779,0.6560817981073495,0.7261696332817159,2.010494969227535,-0.004590802502297297,1.000000398075903,2.6538393522483625,1,-0.8788613204947063,0.4918696994733489,1.0162401875836944,2.6352207370495173,0.001415744198991621,0.9999999688129408,0.9888442148346767,1,-0.34075407639009186,1.5035126086347768,1.5448384366074008,1.7997436591023774,0.00045962192234009006,1.0000000466631604,0.31108773593602357,1,-5.357791093306107,1.0588190447444659,5.4712728586159045,2.9466515200351266,0.003999767033713534,1.000000141247283,0.006126880362117583,0
17.46,-0.003753619123504561,0.004731690363362176,-1.4731827462565947e-09,-0.4267737694137564,0.14649756547848666,0.4608637119470683,2.815894740293501,0.0005329323739203223,1.0000028038760065,18.76521027925667,1,-0.42563673760757154,0.5813071110899666,0.7271171518739642,2.2129704187118397,-0.0042877568355187915,1.0000003972677114,2.6484514088299886,1,-0.9329599976930958,0.3808395414408353,1.0171954801006409,2.7568180288272464,0.0014419893050963745,1.0000003077517796,0.9846122346899887,1,-0.43946762674084183,1.4868260337024037,1.5541617383248223,1.86409681261087,0.00047432569413162284,1.000000045945202,0.3063013468804558,1,-5.368201598475501,1.0075134155960657,5.471799412776397,2.9562282378707656,0.0037895097696877423,0.9999998066907161,0.006124388262171499,0
17.48,-0.0037536191241168714,0.004731690362476011,-1.476704787096994e-09,-0.45707452704011553,-0.013952305596242678,0.46712760485655824,-3.1136802215870936,0.0005306391134511033,1.0000027979758217,17.765918326248237,1,-0.5341926917948785,0.4826924334957493,0.727929873258357,2.4149549454599417,-0.00395989345123781,1.0000003963904607,2.6426030713559068,1,-0.9729303117546455,0.26408705361297835,1.0179022136401235,2.8782165718893093,0.0014431981881520895,1.000000181276784,0.980596452311555,1,-0.5362934195547147,1.463882325582235,1.5633067128334353,1.927689564579651,0.00049051722766111,1.0000000452278752,0.301519167506817,1,-5.378093714832557,0.9561105797947949,5.472299667103648,2.9658031700227756,0.003571835910395711,1.000000059265152,0.0061219840088427985,0
17.5,-0.003753619123447049,0.004731690361651754,-1.4802469749074232e-09,-0.415403036808024,-0.17236055614164386,0.45855920707928877,-2.758288621486306,0.000529671527194212,1.0000027330249113,16.889232170572143,1,-0.6205519136486645,0.36434273277231566,0.7285752616073665,2.616534261323409,-0.003624011071823839,1.000000395480258,2.636535054139463,1,-0.9982035340349696,0.14337113007054134,1.0183503202664326,2.999477244703801,0.0014224859224388215,0.9999999554277954,0.9768536439820747,1,-0.6308642132507076,1.434885535648305,1.5722387226133572,1.9905510191858136,0.000508364732422689,1.0000000445146482,0.29676432077018733,1,-5.387466630264568,0.9046155220300115,5.472773572800181,2.9753764053436607,0.0033481368777225256,1.0000001354637296,0.006119667632180673,0
17.52,-0.0037536191214958604,0.004731690360890732,-1.4837919055325083e-09,-0.3046386828543846,-0.30239357283210494,0.4357487953478326,-2.3772099140493164,0.0005294803009879775,1.000002585757655,16.23821914653005,1,-0.6812573263027173,0.23112866789330758,0.7290276891751393,2.81780940351684,-0.0032893304385663794,1.0000003945740616,2.6304937438802902,1,-1.0084212855547052,0.020500932257429043,1.018533393519968,3.1206625723176535,0.0013829793848046225,1.000000285337704,0.9734363479973311,1,-0.7228339785865521,1.4000561218329997,1.5809251379065126,2.0527118140621723,0.0005281498082862988,1.0000000438087073,0.29205804910445854,1,-5.396319575730824,0.8530332318968483,5.473221086463347,2.984948032546603,0.0031199658514519187,0.9999998049451682,0.006117439152185633,0
17.54,-0.0037536191182495357,0.004731690360189267,-1.4873215225608485e-09,-0.13504516357661034,-0.3744482781196057,0.4008080813100057,-1.940806548470444,0.0005286961784655735,1.0000024051680203,15.947035858638115,1,-0.7138895066465312,0.0884915180027276,0.7292693412890863,3.018892717256874,-0.002952640094384802,1.0000003937082818,2.624721877629777,1,-1.0034389272057451,-0.10268722741958485,1.0184487436399696,-3.0413493171769304,0.001327282197238878,1.0000002101615284,0.9703924117011663,1,-0.8118777963769334,1.359628964153606,1.5893353270707806,2.114203855943313,0.0005503594504711262,1.0000000431129588,0.287419725061164,1,-5.404651825258299,0.8013687036273615,5.473642170733767,2.9945181401974317,0.002889300861360236,1.000000066831065,0.006115298584397794,0
17.560000000000002,-0.0037536191137923277,0.004731690359536607,-1.490817669726023e-09,0.06753804299410053,-0.3551179853710541,0.3590583574441475,-1.4095857706694275,0.0005270310494437807,1.0000023018314677,16.221736495690994,1,-0.7171513048814,-0.057768349889082256,0.7292908283739972,-3.063281757954311,-0.0025939675226704243,1.0000003929174404,2.6194496018007998,1,-0.9833269045067277,-0.22435306636460994,1.0180974244324816,-2.920124193108955,0.0012564890999625183,0.9999999471864905,0.9677644682098377,1,-0.8976916189750774,1.313851549735973,1.5974406347000456,2.1750600871279455,0.0005758618983249337,1.000000042430034,0.2828668930896585,1,-5.412462695935221,0.7496269358230189,5.474036795723453,3.004086816802546,0.0026589849853531386,1.0000001294671184,0.006113245946210869,0
17.580000000000002,-0.0037536191088825433,0.0047316903589104155,-1.4942652053857516e-09,0.24698828033441736,-0.2186534619099839,0.32206280046628516,-0.7434755755881405,0.000527673214067199,1.000002396251892,17.30496808822908,1,-0.6909126815142499,-0.20171296968668845,0.7290914858299486,-2.862221535015332,-0.0021754687640281978,1.0000003922328886,2.6148859248054546,1,-0.9483700761023179,-0.3426755227092666,1.0174842409108944,-2.798784290203909,0.0011695935006093754,1.0000002599900981,0.9655892041171037,1,-0.9799919245753002,1.2629823250101249,1.6052143491512942,2.2353142819123004,0.0006060927257782772,1.0000000417623003,0.2784153350353071,1,-5.419751547902718,0.697812931187792,5.474404941188854,3.013654151269485,0.002433021274356627,0.9999998035102416,0.006111281262406329,0
17.6,-0.0037536191064532457,0.0047316903582739905,-1.4976653195603387e-09,0.31721283181374876,0.01229405446455747,0.3075664331269032,0.041983692276729254,0.0005344989048740567,1.000002709387462,19.072413707092938,1,-0.6362152345582855,-0.3374920191562857,0.7286793430123872,-2.660992025814752,-0.0016626668588827756,1.0000003916816356,2.6112109033863797,1,-0.8990650232297285,-0.455875900708355,1.0166177451203902,-2.6772678121864426,0.0010640790110097403,1.000000238010718,0.9638965559689908,1,-1.058515290286011,1.2072892100338817,1.6126316580329252,2.295000870959587,0.0006420637798112207,1.000000041111873,0.2740791531910112,1,-5.426517784344714,0.6459316962611285,5.474746595699347,3.0232202341716734,0.0022140562763143558,1.000000074292662,0.006109404568547286,0
17.62,-0.0037536191097852635,0.004731690357599217,-1.5010534604566542e-09,0.2318698249513227,0.2370266000379252,0.3251307721411885,0.819429073024291,0.000542295464575717,1.0000030705358558,20.572334211437596,1,-0.5552363462192338,-0.45956574432960684,0.7280707756886934,-2.4594796843430857,-0.0010710674582133752,1.0000003912854494,2.6085696631247868,1,-0.8361152954321092,-0.5622408949902409,1.0155102002761351,-2.5555150047407786,0.0009384033931027735,0.9999999444284351,0.9627096187414641,1,-1.133017906817498,1.1470482678338567,1.6196695926571465,2.354154786033952,0.0006818650089814014,1.00000004048063,0.2698708662556743,1,-5.432760851476739,0.59398824115053,5.4750617448556875,3.032785158455615,0.00199826273058601,1.0000001232669486,0.006107615912909506,0
17.64,-0.0037536191164981563,0.004731690356902379,-1.5044717199472202e-09,0.04622285253521103,0.3610454532652322,0.36337712677713013,1.4707476309661498,0.000543965899591279,1.000003287032325,21.048496990379107,1,-0.45121334305804695,-0.5629193924279764,0.7272899169801448,-2.2575814691528966,-0.00046256873821509605,1.0000003910602944,2.607068629548825,1,-0.7604244963171847,-0.6601453979312268,1.0141774727311461,-2.4334689698734007,0.0008032484569535073,1.0000002324507216,0.9620455214202276,1,-1.2032750546892481,1.0825425201397572,1.6263069806838721,2.412811322251074,0.0007229070151136707,1.0000000398702271,0.2658015140038889,1,-5.438480238533964,0.5419875792635173,5.475350362814411,3.042349016855421,0.0017813907829183069,0.9999998023882086,0.006105915357994237,0
17.66,-0.0037536191225233267,0.004731690356220988,-1.5079265284351218e-09,-0.1549182085526331,0.3692798795297414,0.404829050087872,1.9901943420229409,0.000541325425299315,1.0000032989817293,20.664370940215235,1,-0.3283286422113774,-0.6432626731195206,0.7263678766042331,-2.055208779372566,9.730595034745617e-05,1.0000003910158404,2.606772268802894,1,-0.6730870893380814,-0.7480749844345078,1.0126388494051517,-2.3110764797754686,0.0006770535247026209,1.0000002642352037,0.961915891639261,1,-1.2690805591931085,1.0140608999178626,1.632524407425068,2.4710060307128607,0.0007651490968214242,1.000000039282115,0.26188076652978975,1,-5.443675477758981,0.4899347270382178,5.475612424875235,3.0519119000891624,0.001565155106601464,1.0000000816381194,0.0061043029779517454,0
17.68,-0.0037536191264629314,0.004731690355577919,-1.5113992239278347e-09,-0.3192117236325678,0.2896139263562324,0.43869671159591067,2.419291312621799,0.0005375384346850696,1.0000031268894758,19.82653120394416,1,-0.19155765796165972,-0.6972073925330687,0.7253417074678262,-1.8522911050758326,0.0005618851700100657,1.000000391154933,2.6076995544902792,1,-0.5753768161625786,-0.8246479307773789,1.0109168028855893,-2.1882887407083578,0.0005701198228019503,0.9999999472984735,0.9623262250822966,1,-1.3302462388601788,0.9418973305526094,1.6383041643788578,2.528774635583685,0.0008094192390490155,1.0000000387175554,0.25811703551120707,1,-5.448346144391398,0.43783470367272087,5.475847916268768,3.0614738982036713,0.0013527294931721323,1.0000001168730432,0.006102778851293417,0
17.7,-0.0037536191284442814,0.004731690354978401,-1.5148675362622148e-09,-0.42304728016555493,0.15527722463328725,0.46011082047513713,2.796515518616498,0.000533644682231141,1.000002840606954,18.820593604831668,1,-0.0464824042547455,-0.7224161008647009,0.724253071401101,-1.6487792147819984,0.000911047587680639,1.0000003914732163,2.609821442321395,1,-0.46873262280535094,-0.8886365510575069,1.0090367235149973,-2.0650621231263298,0.0004829776882476519,1.000000203455497,0.9632750384028315,1,-1.386601359831896,0.866349921197197,1.6436301924824248,2.586152964110754,0.0008562228046630222,1.000000038177638,0.2545175864294934,1,-5.452491856660847,0.38569253085447763,5.47605683037918,3.071035101703122,0.0011462353269600448,0.9999998015808458,0.006101343053662474,0
17.720000000000002,-0.003753619128916152,0.004731690354417613,-1.518313580547645e-09,-0.4572067998359468,-0.00455645785933596,0.46716855270465285,-3.1325115561573607,0.0005300512748669246,1.000002544572983,17.81759884135325,1,0.1009247157474392,-0.717714485654107,0.7231466379803877,-1.4446476635291385,0.0011477079405305716,1.000000391959049,2.613060326898067,1,-0.3547419837250426,-0.9389875652894579,1.0070266210399696,-1.9413588756160332,0.00041163628561369947,1.0000002882269492,0.9647533857663985,1,-1.4379921064351686,0.7877202676657072,1.6484880288235289,2.6431768897026644,0.0009057126234185075,1.0000000376632976,0.25108865113265555,1,-5.456112275782683,0.3335132324906746,5.4762391657897895,3.0805956018038994,0.0009468590574591966,1.0000000888557983,0.006099995653188473,0
17.740000000000002,-0.0037536191282278976,0.004731690353886671,-1.5217246366531871e-09,-0.41938055287073295,-0.16372652489701967,0.459391059706269,-2.777797089378989,0.0005271139062349293,1.0000023406345546,16.931768125206293,1,0.244540566311223,-0.68316052359942,0.7220682847499073,-1.2398964320979702,0.0012900744110592654,1.0000003925937446,2.6172916302865743,1,-0.23512153371398473,-0.9748411546476681,1.004916786186387,-1.8171478166070087,0.00035142795223055463,0.9999999557440299,0.9667446714886156,1,-1.48428107654119,0.7063128482497285,1.6528647571085864,2.699882288390014,0.0009578332958274286,1.0000000371753308,0.24783553843939668,1,-5.459207105955413,0.281301834439941,5.4763949245863754,3.0901554903946438,0.0007552208066273006,1.000000110295532,0.006098736708506561,0
17.76,-0.00375361912645931,0.004731690353375616,-1.5250913216764e-09,-0.312161127453175,-0.29599547012780186,0.43730971693205895,-2.3987759259511887,0.0005244717662745298,1.0000022855282487,16.26567144753876,1,0.3783459557645838,-0.6200642848575343,0.721063175105878,-1.0345515434286818,0.0013642953385210117,1.0000003933521247,2.62234749798863,1,-0.11169496522337125,-0.9955483016270654,1.0027394048809175,-1.6924049868884543,0.0002986203050621527,1.0000001737154254,0.9692246032612423,1,-1.5253468089255997,0.6224345041195369,1.656748961624496,2.7563050073788498,0.0010124427881988286,1.000000036714411,0.24476273976320906,1,-5.46177609435946,0.22906336424531284,5.476524111538074,3.099714859936579,0.0005716325874720236,0.9999998010894317,0.00609756626864073,0
17.78,-0.0037536191233774525,0.004731690352873742,-1.5284047210630761e-09,-0.14527049367691014,-0.37199210843257763,0.4029247942988693,-1.9662521256116017,0.0005210322805612774,1.0000023728891314,15.950697824650995,1,0.49668488275331685,-0.5309539102686537,0.7201737977549594,-0.8286645388262398,0.0013987254699111102,1.0000003942033904,2.628022602764886,1,0.01363178182086496,-1.0006859580105454,1.0005281231867658,-1.5671142425348803,0.0002512885326017121,1.0000003093681236,0.9721612251482571,1,-1.5610833485614135,0.5363939944053739,1.660130685183053,2.8124808440907056,0.001069431185305598,1.0000000362811043,0.24187402923017765,1,-5.463819031156432,0.1768028508681107,5.476626733937788,3.1092738033531364,0.00039638477480560477,1.0000000959342616,0.006096484373638942,0
17.8,-0.0037536191186637556,0.0047316903523662674,-1.5316541371801148e-09,0.0566218364786812,-0.3584044197467327,0.3613166410749489,-1.4412588341496768,0.0005170955168639228,1.000002554629463,16.1884353800194,1,0.5945162103627697,-0.4194856976719834,0.719438060887668,-0.6223107474796414,0.001420443408406167,1.0000003951123007,2.6340820048592377,1,0.1388979221442477,-0.9900695390859495,0.9983175651194084,-1.4412677664350864,0.0002099354705142696,0.9999999695058496,0.9755150250568378,1,-1.5913998545700165,0.4485016164135616,1.6630013917933013,2.868445534311672,0.001128888079095665,1.0000000358758838,0.2391725586917801,1,-5.465335749488796,0.12452532442239816,5.476702802343401,3.1188324139677115,0.0002301877785815554,1.0000001035448358,0.006095491055037712,0
17.82,-0.003753619112951052,0.004731690351825993,-1.534830011430113e-09,0.2393697422228642,-0.22834083099587943,0.3236410893858373,-0.7828956103871485,0.0005159827423991422,1.000002782651662,17.2249123080834,1,0.6676445991095422,-0.29029935314739125,0.7188875408205332,-0.41558635240090064,0.0014529918895091313,1.0000003960406318,2.6402708786957696,1,0.26211759656824424,-0.9637622153935134,0.9961428089578827,-1.3148664766363776,0.00017866719182936742,1.0000001438870199,0.9792391508174683,1,-1.6162202545809878,0.35906888175644985,1.6653539345044939,2.924234748800095,0.001191243634976648,1.000000035499142,0.23666094734241364,1,-5.466326125480494,0.07223581590985584,5.476752332436457,3.128390785749378,7.443772267917084e-05,0.999999800914744,0.006094586335691722,0
17.84,-0.0037536191098409967,0.004731690351208531,-1.5379424121752302e-09,0.3174698622150595,-0.00046410394925263873,0.3075212771073687,-0.00145717351529145,0.000521771743755639,1.0000030017666712,18.973643246719107,1,0.7129174710341275,-0.14882305609355667,0.7185459886527903,-0.2086043383916835,0.00150461333708465,1.000000396948846,2.6463256406394864,1,0.3813116675824782,-0.9220804680636925,0.9940388292698432,-1.1879203081595284,0.0001612496240412933,1.0000003270362552,0.983279808364384,1,-1.6354829484715585,0.2684082395317298,1.6671825257996282,2.979884098334794,0.0012565961698308818,1.0000000351512048,0.2343413654978027,1,-5.466790078238449,0.019939356955129713,5.476775344921012,3.1379490143859248,-7.11444544215783e-05,1.0000001028622938,0.006093770229144025,0
17.86,-0.0037536191130420633,0.004731690350482629,-1.5410426010362827e-09,0.23984228405106403,0.2276241344661763,0.323494509157455,0.7803640240603588,0.0005291791793041624,1.0000030993083544,20.515958117500038,1,0.7283758927980923,-0.0010366951600024234,0.7184281984650973,-0.0014894982684512884,0.001552914386478989,1.0000003977978908,2.6519859393929046,1,0.4945410643140802,-0.8655953998273936,0.99203991068374,-1.0604483354904142,0.0001486712373240275,0.9999999881181878,0.987576792126618,1,-1.6491405637841368,0.17683283804125086,1.6684827039082293,3.0354291425892335,0.0013230854425535837,1.000000034832342,0.23221561249755004,1,-5.466727569854828,-0.03235902045794599,5.476771854634593,-3.1356781090043766,-0.0002131435831638726,1.0000000966316496,0.006093042740414636,0
17.880000000000003,-0.003753619119518398,0.004731690349670357,-1.544186583167669e-09,0.0572475609393133,0.3580816639545835,0.361110077882935,1.439434200228179,0.0005319064553687628,1.0000030326607496,21.04868619552899,1,0.7133495816457119,0.14679500228295522,0.7185392906069894,0.20562724198633378,0.0015754991710599075,1.0000003985511032,2.657007354747993,1,0.5999410674871698,-0.7951293586404059,0.9901790345822274,-0.932478715326941,0.00012958853584560634,1.000000114554074,0.9920641555607562,1,-1.657159764521982,0.0846563168380329,1.6692513063347332,3.0909053938782693,0.0013885664967357547,1.0000000345427784,0.23028518882267174,1,-5.4661386054092835,-0.08465428424904725,5.476741859519764,-3.1261198715595704,-0.00035830549608407335,0.9999998010570591,0.006092403870269553,0
17.900000000000002,-0.003753619125093543,0.004731690348815237,-1.5473894984904986e-09,-0.14472877485880623,0.37197718083941983,0.4027321451948436,1.9649910740692589,0.0005323262552210396,1.0000029063075626,20.699855925637483,1,0.6684896507312565,0.28840516881197253,0.7188744440459313,0.41261487020406434,0.0015687261014107109,1.0000003991759654,2.6611731024730485,1,0.6957557951323464,-0.7117475268792873,0.988487257959189,-0.8040484527163055,0.00010483825116876271,1.0000003406213975,0.9966711009201368,1,-1.6595211145662543,-0.007807378877113659,1.6694864668723912,-3.1368369815804797,0.0014528158102674505,1.0000000342827042,0.2285513618262247,1,-5.465023232969686,-0.13694140250386652,5.476685351289934,-3.1165614841631064,-0.0005072821664490533,1.0000001096289168,0.0060918536190966216,0
17.92,-0.003753619128782087,0.004731690347945128,-1.5506425534339736e-09,-0.3117891431219889,0.2961598349622414,0.43716811157709407,2.3978655474212327,0.0005324530759730014,1.0000028245771875,19.877814780376045,1,0.5957368628912246,0.4178076290724371,0.7194191278715585,0.6193483347362894,0.0015352614613935204,1.0000003996456606,2.664304403534236,1,0.7803720409075521,-0.6167442624533053,0.9869931146893812,-0.6752029691669084,7.853874053069125e-05,1.0000000109259886,1.0013230722321382,1,-1.6562189966195513,-0.10024416927318856,1.6691876153336034,-3.0813919155379885,0.0015162295071991148,1.0000000340522837,0.2270152247461744,1,-5.463381543592363,-0.1892153437372821,5.4766023259623555,-3.1070028518492827,-0.0006592057460425084,1.0000000895669265,0.006091391987099475,0
17.94,-0.00375361913085167,0.004731690347073652,-1.553934818684542e-09,-0.4191939332802268,0.16397746197944574,0.45931614033326035,2.7770725867618253,0.0005319212219768409,1.0000028072622196,18.8757960383332,1,0.49822755064858626,0.5295641608121028,0.7201498118582931,0.8257142365448226,0.0014796572937167234,1.0000003999403453,2.666268969220238,1,0.8523515362095669,-0.5116241478805599,0.9857220471936823,-0.5459954559709902,5.267030421068458e-05,1.0000000862232514,1.0059430295368212,1,-1.6472615872029333,-0.1923400039260682,1.6683554735924286,-3.0259092609888905,0.0015789948924412535,1.0000000338516624,0.22567774938332988,1,-5.461213671323171,-0.2414710771569764,5.476492783604351,-3.097443879940323,-0.0008140642512191563,0.999999801516151,0.006091018973555084,0
17.96,-0.0037536191315738626,0.004731690346208602,-1.5572576436370146e-09,-0.4572034650573817,0.004832732451458275,0.4671660160295278,3.1318474890730457,0.00053033509608036,1.0000028033258275,17.86944639930861,1,0.38014351641439503,0.619021857188847,0.7210351001878417,1.0316158487775648,0.0014103819869538833,1.000000400048037,2.6669869123790493,1,0.9104606655219428,-0.39807789921716846,0.9846958804681211,-0.41648602003273244,2.7316988127988593e-05,1.0000003495559788,1.0104528844764096,1,-1.6326708878573324,-0.28378102641717357,1.6669920563349068,-2.9703535462118347,0.00164112637760272,1.000000033680975,0.22453983261122354,1,-5.4585197931990415,-0.2937035729270901,5.476356726174836,-3.0878844738462567,-0.0009724067863455892,1.0000001162234098,0.006090734577064386,0
17.98,-0.0037536191310465245,0.004731690345355514,-1.5606032137144982e-09,-0.4232269083233814,-0.15502549810337315,0.4601810365407436,-2.797231331787197,0.0005283537167081649,1.0000027446237894,16.97478213893303,1,0.24651565103165396,0.6825088122181227,0.7220372140012984,1.2369772022756926,0.0013404937427696423,1.0000003999650675,2.666433783573039,1,0.9536966711469472,-0.277953498206836,0.9839323570293048,-0.2867406369854645,1.1147182050273128e-06,1.0000000371212625,1.0147750653078185,1,-1.612482812357901,-0.37425374702523256,1.6651006786514009,-2.9146892665237165,0.0017025973163971053,1.0000000335403505,0.22360233702483473,1,-5.4553001292494825,-0.34590780243183283,5.476194156554647,-3.0783245391809024,-0.0011348673947749824,1.0000000823618593,0.006090538796807235,0
18.0,-0.0037536191292673387,0.0047316903445178155,-1.5639630717334714e-09,-0.3195763426104361,-0.2894465354585299,0.43883481236882377,-2.420183652268367,0.0005269683127700065,1.0000026025525495,16.293986468419046,1,0.1029933633903656,0.7174797074917515,0.7231137317105035,1.4417460587405702,0.0012860156733585748,1.0000003996961013,2.664640675933651,1,0.9813094438115602,-0.15322312476141364,0.9834447498292689,-0.15682993334297332,-2.7863825999184928e-05,1.0000000593376668,1.018834166561272,1,-1.5867473293571588,-0.4634452310873469,1.6626859699088643,-2.858880871020534,0.0017634289255963605,1.000000033429919,0.2228661265479893,1,-5.4515549424980385,-0.3980787385392704,5.476005078546138,-3.068763981929899,-0.0013018491252807832,0.9999998022912918,0.006090431634225307,0
18.02,-0.003753619126222305,0.004731690343695588,-1.567327510831884e-09,-0.1554542497650779,-0.3692871033376454,0.40502052388132365,-1.9914271423658572,0.000526408512715878,1.0000024196713009,15.955804233982004,1,-0.04440694992383393,0.7226065830169819,0.7242194869329582,1.645895683492342,0.0012631081904067348,1.000000399253735,2.6616915664441922,1,0.9928181108438617,-0.025946667659087038,0.9832415672692938,-0.02682782810886555,-6.123810149256113e-05,1.0000003533608117,1.0225586283948003,1,-1.555528659436706,-0.5510433107825446,1.6597538934025413,-2.8028927524194325,0.0018237697609698484,1.0000000333498145,0.22233209686935596,1,-5.447284538963284,-0.45021135586567,5.475789497595159,-3.059202708609035,-0.001473221372852097,1.0000001226353237,0.006090413094236704,0
18.04,-0.003753619121974228,0.004731690342883584,-1.5706857466133567e-09,0.045594829175625184,-0.3613548265821967,0.36358649293892,-1.4725358345287145,0.0005264200271784552,1.0000023024452824,16.15734646815906,1,-0.1895612055342188,0.6978136777262333,0.7253085238069764,1.849425414964252,0.001285660908910151,1.000000398657737,2.657718246569267,1,0.9880217999903795,0.10176723672817355,0.9833263611212633,0.10318992775943514,-9.98937437059314e-05,1.000000065800729,1.0258823840528224,1,-1.5189055251911006,-0.6367368283743282,1.656311771852188,-2.746689240989038,0.0018840067572721074,1.00000003330018,0.22200119912191077,1,-5.442489267659603,-0.5023006310408498,5.47554742244428,-3.049640626361405,-0.0016479183537500494,1.0000000750278641,0.0060904831850452056,0
18.060000000000002,-0.0037536191171315806,0.0047316903420668134,-1.5740282595117644e-09,0.23137794496673295,-0.2377323943092811,0.32528554758802736,-0.8219329602556674,0.000528380932829148,1.000002373933285,17.14698211448079,1,-0.32649252854761046,0.6442583600174137,0.7263360164581778,2.052360099770096,0.0013637734438668972,1.0000003979339982,2.6528933208162644,1,0.9670041652959067,0.2278015593079087,0.9836976440154429,0.23314726903357244,-0.0001432277034666197,1.000000034308741,1.028746411593123,1,-1.4769714525974653,-0.7202159191871822,1.6523683194239285,-2.69023460317133,0.0019447485925152953,1.0000000332811685,0.22187445639659642,1,-5.437169520598867,-0.5543415429748809,5.475278868083417,-3.040077642757367,-0.0018237878838887295,0.9999998033812533,0.0060906419159431485,0
18.080000000000002,-0.0037536191143457878,0.0047316903412164425,-1.5773584329968268e-09,0.3171829057588378,-0.013233541385109893,0.3075769233535298,-0.04491536378253973,0.0005351527097883856,1.0000026713053856,18.873975399670343,1,-0.44961125208796476,0.5642626023340007,0.7272600702224609,2.2547485135244405,0.0014955578748062797,1.0000003971132718,2.647421812519727,1,0.9301314986822362,0.35007147431483554,0.9843489202463536,0.36296934088147237,-0.00019226799889145334,1.0000003517036578,1.0311001266825084,1,-1.4298351213370382,-0.8011723428304189,1.6479336793457384,-2.63349304410919,0.0020058390651610325,1.0000000332929462,0.2219529738829893,1,-5.4313257327934465,-0.6063290731261167,5.474983857558295,-3.0305136647211732,-0.0020000293052462835,1.0000001288544993,0.006090889293188257,0
18.1,-0.0037536191172040313,0.004731690340308608,-1.580711892000368e-09,0.24744650728488313,0.21790520257745166,0.3219215890659868,0.7408885672642787,0.000542762318714844,1.0000030399296012,20.45611110799352,1,-0.5539315589751787,0.4612010992769665,0.7280433379862113,2.456660912191433,0.0016492632882932749,1.0000003962297876,2.641531917529153,1,0.8780445011548632,0.4665640315985341,0.9852688358118573,0.4925839830380036,-0.0002566248435646942,1.0000000960374165,1.0329025415032245,1,-1.3776207609850681,-0.8792998715182325,1.6430194582549398,-2.576428715051677,0.0020649573647238293,1.0000000333356915,0.22223794293963975,1,-5.424958382261436,-0.6582582057700184,5.47466241328313,-3.0209485972403334,-0.00218170792248183,1.0000000675765606,0.0060912253159456685,0
18.12,-0.0037536191239345824,0.004731690339362619,-1.584135041784833e-09,0.06816882379232846,0.3547649001472723,0.35885081326747525,1.4077102666544772,0.0005443010733984922,1.000003276306753,21.046087705363508,1,-0.6352583724697922,0.33935302924313465,0.7286544125506024,2.6581858752832948,0.0017847895497185154,1.0000003953198089,2.635465392339797,1,0.8116440334259489,0.5753757893223143,0.9864414429388138,0.6219231397132009,-0.000345034393197641,1.000000011556319,1.0341231497705936,1,-1.3204685891196963,-0.954294744704427,1.6376387558447523,-2.5190057371058403,0.002120313749437285,1.0000000334095958,0.22273063910575908,1,-5.418067990033758,-0.7101239282680005,5.474314544602359,-3.0113823452125827,-0.0023734779908568125,0.9999998047843087,0.006091649975622081,0
18.14,-0.0037536191302984436,0.004731690338424029,-1.5876392108534615e-09,-0.134490012893418,0.3744114422956234,0.4006110234299308,1.9395129367906228,0.0005432015536549155,1.0000033078807269,20.733862877072752,1,-0.690339983405563,0.20372475311872348,0.7290689637821687,2.8594266246964906,0.0018883362152984345,1.000000394420196,2.629467973795984,1,0.7320713849403646,0.6747473961633671,0.9878465481732884,0.7509241480121107,-0.0004550874561109963,1.0000003444566983,1.0347425840075337,1,-1.2585352863944554,-1.0258561996377404,1.6318062130338562,-2.4611882418110382,0.0021725126231676942,1.000000033514862,0.22343241335669345,1,-5.4106551201615956,-0.7619212313363174,5.473940256439572,-3.0018148160672538,-0.0025734243939412272,1.0000001348710827,0.006092163256542769,0
18.16,-0.003753619134621262,0.004731690337525812,-1.5912064604307885e-09,-0.3042512558680521,0.30254230637727336,0.43560149992695363,2.3762825590045136,0.0005435978977567517,1.000003150386125,19.928496532886932,1,-0.716983452697841,0.059850619187035374,0.7292705861633694,3.060496967951231,0.0019635958717488557,1.0000003935670223,2.6237801488959667,1,0.6406837847363637,0.7630942714987968,0.9894601374400106,0.8795308568955141,-0.0005807449695207122,1.0000001269498573,1.0347529091266154,1,-1.1919945025326202,-1.0936870878509162,1.62553807135157,-2.4029404158668277,0.0022224548867008946,1.0000000336517012,0.2243446752888873,1,-5.402720379724388,-0.8136451093154631,5.4735395612686055,-2.992245919082969,-0.0027781107057130556,1.000000060019755,0.006092765134735811,0
18.18,-0.003753619136930711,0.0047316903366823055,-1.5948121642739288e-09,-0.4152005209247221,0.17259936919664626,0.45847835326600417,2.7575587026442934,0.0005455960398230344,1.0000028703116863,18.93091884166007,1,-0.7141310019146135,-0.08642129820556649,0.7292513499533938,-3.0216683223600387,0.0020222846180575067,1.0000003927942767,2.618628511379616,1,0.5390260195557696,0.8390327224267641,0.9912548784078792,1.007694558741212,-0.0007165147554915371,0.9999999915398635,1.0341575811395294,1,-1.1210373859247633,-1.1574945879147687,1.6188522267692569,-2.3442265559783078,0.0022705255463635627,1.00000003382033,0.22546886753740022,1,-5.394264418839285,-0.8652905604397004,5.473112480114823,-2.982675564143686,-0.0029851220938645396,0.9999998064982349,0.006093455577610214,0
18.2,-0.0037536191376800238,0.004731690335896392,-1.5984344323410199e-09,-0.4570544708569036,0.01421868056207457,0.4671194395817,3.113019977377913,0.0005476890828369841,1.0000025706224174,17.921563236798885,1,-0.681896430855026,-0.22915207601771434,0.7290120585839064,-2.8205767309329133,0.0020801119052724485,1.000000392132678,2.6142178545784125,1,0.4287991047756059,0.9014010444570857,0.9932006783906956,1.1353747216478323,-0.000856974312731422,1.0000003317347266,1.0329711261646555,1,-1.045873127943991,-1.2169910250058757,1.6117682812004883,-2.2850111407168123,0.0023167725861996634,1.0000000340209645,0.22680643060361028,1,-5.385287930670824,-0.9168525871060104,5.472659040566528,-2.973103661298606,-0.0031927690376500296,1.0000001406755419,0.006094234546828804,0
18.220000000000002,-0.003753619137234083,0.004731690335165615,-1.602055439264144e-09,-0.4269352133789172,-0.14625325417207802,0.46092910487592936,-2.8165982421263593,0.0005492663550432404,1.0000023552951929,17.018371642065432,1,-0.621561169581341,-0.3625372600032406,0.728562213565073,-2.619294324906611,0.00214989338017264,1.0000003916086102,2.610724067712581,1,0.3118269815930882,0.9492753681541092,0.9952652769035274,1.2625395148515914,-0.0009965044616395862,1.00000015775098,1.0312185477400613,1,-0.9667295113064218,-1.271894807968814,1.6043075945004959,-2.2252589208284945,0.0023610771110820768,1.0000000342538136,0.22835875642634182,1,-5.375791651439574,-0.9683261961424344,5.472179275554608,-2.9635301206905447,-0.003399648794789337,1.000000052369421,0.006095102003818664,0
18.240000000000002,-0.0037536191356886245,0.004731690334485241,-1.6056598577856088e-09,-0.32688010182694605,-0.2827433078053586,0.4403245671519229,-2.441441983463909,0.0005524964413468972,1.0000022860785989,16.323249572922297,1,-0.5355300113575953,-0.48112853394278443,0.7279196912749326,-2.417708940992164,0.0022349820986466307,1.0000003912431739,2.6082878262236036,1,0.19002219189413344,0.9819802177810045,0.9974148558672004,1.389166128480899,-0.0011290149692701568,0.9999999747654174,1.0289344978817818,1,-0.8838534498420844,-1.3219314945255765,1.5964933364462608,-2.1649350292587157,0.0024032554082696286,1.0000000345190694,0.23012712851153994,1,-5.365776360428958,-1.0197063990764725,5.471673222925566,-2.9539548525742463,-0.0036043905035946697,0.9999998085203171,0.006096057915990674,0
18.26,-0.0037536191328501364,0.0047316903338486755,-1.6092323198817204e-09,-0.1655932932838026,-0.3663317931449084,0.4070962587575557,-2.0163446582759152,0.0005594625846303437,1.000002361508613,15.962411028659833,1,-0.4272470277154041,-0.5800455259121585,0.7271101376422282,-2.215719750650046,0.0023332479894371504,1.0000003910514015,2.6070093434659958,1,0.06535141625018132,0.9990939286985453,0.9996146519751584,1.5152408970962203,-0.0012477044869334322,1.000000313901135,1.0261622585420433,1,-0.7975115049153042,-1.3668349949255871,1.5883505374784366,-2.1040051129218362,0.002443221184789675,1.0000000348168971,0.23211264796600678,1,-5.355242879989632,-1.0709882124045027,5.4711409256022865,-2.9443777673566056,-0.0038054167669611333,1.0000001462586798,0.006097102261366843,0
18.28,-0.0037536191283787487,0.004731690333244464,-1.6127552138808093e-09,0.03446218709267968,-0.3639686636385198,0.3658689682682783,-1.503435027349604,0.0005668723810652757,1.000002535092592,16.128483542556665,1,-0.3010727709415526,-0.6551712308799015,0.726166073788092,-2.013241258425076,0.002442812536844559,1.0000003910417077,2.6069447175356806,1,-0.0601983389496496,1.000449219928596,1.0018295573829203,1.6407592428743352,-0.0013447350144945708,1.0000001877667637,1.0229525835886861,1,-0.7079903613271545,-1.4063489233533422,1.5799061367525602,-2.042435488789121,0.0024813029413589052,1.0000000351474225,0.23431615019770008,1,-5.344192075542018,-1.1221666578632679,5.470582432565796,-2.934798775618121,-0.004000612979552498,1.00000004463768,0.006098235029850212,0
18.3,-0.0037536191226995893,0.004731690332648241,-1.6162108684800863e-09,0.22301995853201192,-0.2468216275622355,0.3269971771518326,-0.8606034940046549,0.0005735236029384542,1.0000027577813237,17.071211550589997,1,-0.16212474954543651,-0.7033241588273499,0.7251257130346337,-1.8102068878155952,0.0025576761105108588,1.0000003912154776,2.608103184046779,1,-0.18465224100229946,0.9861293317461312,1.0040246962956298,1.7657254588725064,-0.001410712366743915,0.9999999617632748,1.019362451618979,1,-0.6155972425037227,-1.4402281047853713,1.5711890258208048,-1.98019332673188,0.0025184680661387584,1.000000035510718,0.23673811978246304,1,-5.332624855578612,-1.1732367627041864,5.469997801204896,-2.925217787908401,-0.004187272735216105,0.9999998108473517,0.006099456220571238,0
18.32,-0.0037536191190756458,0.004731690332016469,-1.6195983974526956e-09,0.31634753756472156,-0.02600166163434437,0.3077365257380658,-0.08840453419000198,0.0005834624652533422,1.0000029797111196,18.773473562687826,1,-0.01608441940471491,-0.7224000157640046,0.7240315295491456,-1.606571991847876,0.0026655165881475404,1.0000003915668132,2.6104454210653647,1,-0.30607828568218587,0.9564602139927713,1.0061659653897808,1.8901523540200493,-0.0014388538838525403,1.0000002915408404,1.0154537777799955,1,-0.5206602412035928,-1.4682402433781254,1.5622300861744869,-1.9172468592099772,0.0025551951263560846,1.00000003590679,0.2393786003610637,1,-5.320542171667202,-1.2241935599705163,5.469387099300102,-2.915634713706946,-0.004364631367907085,1.000000151611652,0.006100765836046885,0
18.34,-0.0037536191216240838,0.004731690331311928,-1.6229579368788605e-09,0.2546693940746886,0.20786996840698965,0.3204156548290732,0.7009621713717451,0.0005944655815529997,1.0000030939272808,20.3926346377179,1,0.1310244511905762,-0.7114756563836148,0.7229286159011111,-1.4023161362983791,0.0027367608054460145,1.000000392082561,2.6138837406089577,1,-0.42261570988557523,0.9119992909328709,1.008220530847932,2.0140607766822374,-0.0014363944236458605,1.0000002164276485,1.0112921285363128,1,-0.42352853875883933,-1.4901677570681704,1.5530622125519586,-1.8535656148816475,0.0025890599569063704,1.0000000363355628,0.2422370855840808,1,-5.3079450184563655,-1.2750320887767685,5.468750397217601,-2.9060494598551463,-0.0045383993653463454,1.0000000368367834,0.006102163875843931,0
18.36,-0.003753619127969632,0.004731690330547823,-1.6263416175842788e-09,0.07898037547434697,0.35108753221259537,0.35659941845980664,1.375524270339097,0.0005999314309859282,1.0000030420619568,21.04048004904001,1,0.27307926870106664,-0.6708684433971599,0.7218628630044006,-1.1974445013176396,0.002747500593408359,1.0000003927426324,2.618284216070531,1,-0.53250089144925,0.8535213366876039,1.0101572898848032,2.1374790401015953,-0.0014163779311959076,0.9999999530440301,1.0069454741446542,1,-0.32457248328051413,-1.5058097807778719,1.543720308009685,-1.7891206834010294,0.002617485405276449,1.0000000367968576,0.24531238309034822,1,-5.294834433683331,-1.3257473945892964,5.468087753137062,-2.8964619318979126,-0.004714132635503525,0.9999998134756524,0.006103650334102535,0
18.380000000000003,-0.0037536191336904417,0.004731690329763251,-1.6297633618090474e-09,-0.12420396597217707,0.37657687359629083,0.3984631497995753,1.913717543652516,0.0006014791439897791,1.000002918227073,20.76625188228466,1,0.4041151045398695,-0.6021451844260935,0.7208790327926512,-0.9919882684876558,0.0027083601996194455,1.0000003935206208,2.6234708045849198,1,-0.6340905787626008,0.7820019772251577,1.0119472912048477,2.2604422899928998,-0.001381036113429196,1.000000265410811,1.0024830014665775,1,-0.22418349468484497,-1.5149843366880598,1.5342412658365334,-1.723885022502314,0.0026409936343139693,1.0000000372903683,0.24860245604338724,1,-5.2812114981822464,-1.3763345295076532,5.4673992180378805,-2.886872036980089,-0.004890729090574786,1.0000001567259769,0.006105225199782106,0
18.400000000000002,-0.0037536191375275476,0.004731690328982426,-1.6332112253315129e-09,-0.29660135303587765,0.3087581389081129,0.4339939561174663,2.354510969484973,0.0006019262335731389,1.000002831828693,19.978507890089716,1,0.5185833566703079,-0.508076608772171,0.720018816328361,-0.786003863680014,0.0026432639114267824,1.0000003943847304,2.6292315364574494,1,-0.7258823884153597,0.6985992968281362,1.0135640956065968,2.3829918264630283,-0.0013287095591736063,1.0000002432448682,0.9979740011796135,1,-0.12277376155419065,-1.517530664888772,1.5246639475424817,-1.6578337949330628,0.002660769445130181,1.0000000378156375,0.2521042498445718,1,-5.267077335892772,-1.4267885525475443,5.466684847654208,-2.8772796835966186,-0.005065930765555669,1.0000000289790918,0.006106888454843102,0
18.42,-0.0037536191396908016,0.004731690328213623,-1.6366711282685825e-09,-0.4110738214953284,0.18114045300273807,0.4575956540368505,2.737949312139989,0.0006013642774058604,1.0000028106859955,18.985926527539725,1,0.6116001712522601,-0.3925359173446634,0.7193189636322721,-0.5795709861891069,0.002572427179459754,1.000000395299008,2.6353267198234316,1,-0.8065325844677284,0.6046339748874355,1.0149840848378537,2.505174383454295,-0.001259921858689067,0.9999999490471215,0.9934868459639236,1,-0.020775692180895998,-1.5133117018376783,1.5150291368007172,-1.5909447305103404,0.0026773460318015993,1.0000000383720262,0.25581350811641884,1,-5.252433113870233,-1.4771045299256915,5.4659447039284,-2.867684780407814,-0.0052389841545701825,0.9999998164010561,0.006108640071321597,0
18.44,-0.003753619140483187,0.004731690327458225,-1.6401327557376277e-09,-0.45677031510998156,0.02359803130011316,0.4670286124853269,3.094168378860294,0.0006001010678654889,1.0000028082768981,17.973912642779062,1,0.6791713642128503,-0.26034317643454663,0.7188095834690754,-0.37278944610064807,0.0025085534798051238,1.0000003962248416,2.641498944435872,1,-0.874871206665992,0.5015683181277892,1.016186725391007,2.627041381830054,-0.001178148476656578,1.0000002363826668,0.9890881054913465,1,0.08135891981988527,-1.5022166873433498,1.5053794620975784,-1.5231985174866385,0.002690799916172844,1.000000038958687,0.25972457946341365,1,-5.23728004229706,-1.5272775353460692,5.465178852643764,-2.8580872358110936,-0.005410158960807541,1.000000161593553,0.006110480009439015,0
18.46,-0.00375361914002244,0.004731690326715196,-1.6435883921223082e-09,-0.4305189084510479,-0.13741506235908726,0.46163593910195927,-2.8359236630868656,0.0005991349140167503,1.0000027556723294,17.062470875288426,1,0.7183807515896901,-0.11706097148389823,0.7185127149688537,-0.16577491448986117,0.002456114940677058,1.0000003971226719,2.647484479417379,1,-0.9299146501658435,0.39098448900961286,1.0171547856142822,2.7486481701843215,-0.0010883541524361765,1.0000002677849729,0.9848417862184192,1,0.18316005583191491,-1.4841638731069562,1.495759287368007,-1.454579221771701,0.0027010326411486254,1.0000000395745325,0.26383021637604215,1,-5.221619374495298,-1.5773026502871887,5.464387361617679,-2.8484869579437713,-0.005580145900343658,1.0000000210770559,0.006112408217200161,0
18.48,-0.003753619138308119,0.004731690325981674,-1.647031301057686e-09,-0.3340868386794041,-0.2758938415775876,0.441778520225428,-2.462582566263138,0.0005993724938508234,1.0000026191916815,16.353353599396605,1,0.7275301609370636,0.031249593864108714,0.718441261619322,0.041346222587776815,0.00241211964097844,1.0000003979538221,2.6530254808384464,1,-0.9708758185379972,0.27456217071590744,1.0178745081067995,2.870053263012386,-0.0009949783005822092,0.9999999500945995,0.9808086373584506,1,0.2841409985258317,-1.4591032971889268,1.4862145679165335,-1.3850747292392516,0.0027079422771756653,1.0000000402182054,0.26812136901748407,1,-5.2054524069397985,-1.6271749642902564,5.463570299769222,-2.838883854822251,-0.005749670140246921,0.9999998196189285,0.006114424631420142,0
18.5,-0.0037536191353396958,0.004731690325252317,-1.6504549207353725e-09,-0.17569892928218636,-0.36313721026644596,0.4091475350462624,-2.041039444167703,0.0006010153373952359,1.000002434932588,15.970395822895174,1,0.7062219630456247,0.17830023219204702,0.7185983579503883,0.2484426354079242,0.0023687519173762775,1.0000003986823431,2.65788228819366,1,-0.9971719727277533,0.15405585442474723,1.0183357412611505,2.9913175804689502,-0.0009010876513808732,1.0000002053886101,0.9770455400200266,1,0.3838002620169915,-1.427019579239615,1.4767926680872623,-1.3146772047760755,0.0027115686225010287,1.0000000408880467,0.27258697827585454,1,-5.188780479271173,-1.6768895752480457,5.462727736914676,-2.8292778345348597,-0.005919134161526003,1.000000166206669,0.006116529179854094,0
18.52,-0.003753619131164054,0.004731690324517751,-1.6538527101636613e-09,0.023222060025185783,-0.3662557454526118,0.36815325842641217,-1.5339791335049309,0.000603432037531103,1.0000023049193716,16.101811764977494,1,0.6553785472177484,0.3178594639704018,0.7189772117539667,0.4553841170356102,0.0023178636244832024,1.000000399276753,2.661845020369659,1,-1.0084303859992976,0.031271885704528074,1.0185320323881812,3.1125036915013524,-0.0008072649970498778,1.0000002896511941,0.9736049896822466,1,0.48162395967631255,-1.3879346812221003,1.4675421374673012,-1.2433835601628553,0.0027123041311144856,1.000000041582066,0.2772137737193568,1,-5.171604974308123,-1.72644158969467,5.461859744540997,-2.819668805448777,-0.0060881818173464065,1.0000000131431972,0.006118721783677641,0
18.54,-0.003753619126266902,0.004731690323760627,-1.6572197546541045e-09,0.21430285468809415,-0.25560229328120243,0.3287600335061379,-0.8988798123590753,0.0006069873840990183,1.0000023538241956,16.99792707209244,1,0.577197397233022,0.44403346431761326,0.7195614320742458,0.6620475855797241,0.002255525838706014,1.000000399711555,2.664743699425981,1,-1.0044918932708116,-0.09195463190295446,1.0184606846222148,-3.0495102453428,-0.0007107940830643543,0.9999999563573679,0.9705346547267463,1,0.5770886368805185,-1.3419105680806978,1.4585124437558563,-1.1711959212355758,0.0027111493312954836,1.0000000422979125,0.2819860835941399,1,-5.153927318059242,-1.7758261230966532,5.460966398241224,-2.8100566762457766,-0.006255570248032526,0.9999998231241725,0.0061210023593294225,0
18.560000000000002,-0.003753619123018708,0.004731690322950974,-1.6605626110277605e-09,0.3149528959352565,-0.038739308328144054,0.3079881266657603,-0.13182010039987688,0.0006144503511602695,1.0000026335489611,18.67303070805561,1,0.4750448201506023,0.5515282386116598,0.7203258195780582,0.8683226669641076,0.0021780306812157696,1.000000399968436,2.6664562394861764,1,-0.9854123941602114,-0.2137830050535248,1.01812277836157,-2.928289998385461,-0.0006091446342560976,1.0000001733760664,0.9678769939340193,1,0.6696645866679168,-1.2890516927254965,1.449753663407344,-1.0981220821341144,0.0027091089569952313,1.0000000430328504,0.2868856694448499,1,-5.1357489797341564,-1.8250383001454584,5.46004778074804,-2.800441355158575,-0.006421702145177103,1.000000170558017,0.006123370818998156,0
18.580000000000002,-0.003753619125214096,0.004731690322061266,-1.6639191227109384e-09,0.26146895143871707,0.19753718268834033,0.31897590484704164,0.6607086777700801,0.0006243384814157187,1.0000030074372386,20.326480055799905,1,0.35329541633577544,0.6358792365459226,0.7212375692940747,1.074116542031362,0.0020673581616288943,1.0000004000370735,2.6669138238286734,1,-0.9514623353015529,-0.3323901343568108,1.0175231521183323,-2.806957845782533,-0.0005074484305509435,1.0000003084740239,0.9656689204255786,1,0.7588196542185924,-1.22950722018053,1.4413161303569169,-1.0241759274814113,0.0027046634511180257,1.0000000437837395,0.2918915972178219,1,-5.117071471754702,-1.8740732550514485,5.459103976404981,-2.790822748372405,-0.00659332249431287,1.0000000051900875,0.006125827070707307,0
18.6,-0.00375361913175375,0.004731690321105947,-1.6673431177394171e-09,0.08963530028317876,0.347042579231551,0.3543629585847472,1.3429767160612645,0.0006274951289089718,1.0000032633938927,21.032591337257266,1,0.21712760439580134,0.6936372643786287,0.7222578143159845,1.279357826528376,0.0019142660146023224,1.000000399915503,2.666103352692088,1,-0.903124161732451,-0.445993660116834,1.016670343562255,-2.685452095614706,-0.000411712668269799,0.9999999678346333,0.9639415030436914,1,0.8440235216401251,-1.163472898635163,1.4332500291917516,-0.9493778038526126,0.002694980661263414,1.000000044547022,0.29698014646900606,1,-5.097896349766036,-1.9229261318386182,5.458135056048488,-2.7812007609589275,-0.006776537398368377,0.9999998269112353,0.006128371021635272,0
18.62,-0.0037536191382936766,0.004731690320131704,-1.670855862305129e-09,-0.11390651898244196,0.3784506309119546,0.39629908849682444,1.8876783620423123,0.0006198477296020543,1.0000033150417944,20.797558586066884,1,0.07228762886438167,0.7225030256249929,0.7233434120560144,1.4839993334082775,0.001740938733275118,1.000000399610013,2.664066753961052,1,-0.8410876920392111,-0.5528750066513364,1.0155765088827147,-2.5637131494402765,-0.00031905952161986656,1.0000001412705093,0.9627196943725518,1,0.9247524465746768,-1.0911924809323785,1.4256049340221566,-0.8737548384616646,0.0026799725186847,1.0000000453187161,0.3021247740688938,1,-5.078225212645553,-1.97159208463973,5.4571410796455995,-2.7715753000285135,-0.006969597534588917,1.0000001746407035,0.006131002584135793,0
18.64,-0.0037536191428629182,0.004731690319176452,-1.6744461412039613e-09,-0.2888609494757035,0.31477855099076796,0.4323560325000126,2.3326004124739983,0.0006098365382131681,1.0000031728413927,20.028235319358355,1,-0.07516462968968646,0.7214063314742496,0.7244488653654704,1.688019606635215,0.001567684851947178,1.0000003991346946,2.6608979640135306,1,-0.7662433407653152,-0.6514022398934393,1.0142573121923038,-2.4416842487348167,-0.00022504912733864864,1.0000003239086177,0.9620220745456167,1,1.00049440767875,-1.0129585981460516,1.4184293203766696,-0.7973411854777274,0.0026609723713769103,1.0000000460944225,0.3072961493144034,1,-5.058059702509174,-2.0200662779930862,5.4561221094652765,-2.761946274969666,-0.0071689514601053295,0.999999997230329,0.006133721678805074,0
18.66,-0.003753619145386207,0.004731690318259873,-1.6780934627980137e-09,-0.40682211352301756,0.18957180369714857,0.4566757851470949,2.718276299336422,0.0006024307733050731,1.0000028998605501,19.04110280764029,1,-0.21911499677738505,0.6905295481901857,0.7255282702201569,1.8914232492333283,0.0014117925206989655,1.000000398510652,2.656737680437338,1,-0.6796730865755002,-0.7400526196226531,1.0127317704155607,-2.319312218269502,-0.00012825423011872614,0.9999999843439467,0.9618606078060595,1,1.0707545884456953,-0.9291129897777068,1.4117700515248057,-0.7201781699211867,0.0026391366745522568,1.0000000468693402,0.31246226860170434,1,-5.037401504716266,-2.0683438871420847,5.4550782136710705,-2.7523135963244245,-0.007372277635925987,0.9999998309741184,0.006136528234227825,0
18.68,-0.0037536191463101677,0.0047316903173901925,-1.6817786807274415e-09,-0.45634816801689715,0.03294423625901972,0.4668967609721436,3.0753146688488027,0.000597151899503631,1.0000025973677804,18.026724409589857,1,-0.353647624967594,0.6312778779150189,0.7265372158754685,2.09424015054776,0.0012870894030120393,1.0000003977648806,2.651765870146808,1,-0.5826390681706239,-0.8174346838843639,1.0110220557320957,-2.196548210561491,-3.027143469933486e-05,1.0000001099439606,0.9622404131662867,1,1.135061108413915,-0.8400460034552989,1.405671838721514,-0.6423143137051001,0.0026153293807328853,1.0000000476382986,0.31758865821039156,1,-5.0162523478736425,-2.1164200983376076,5.454009465240066,-2.7426771752758627,-0.007577982815416998,1.0000001784482617,0.006139422185418234,0
18.7,-0.0037536191460110077,0.004731690316570367,-1.6854856516555772e-09,-0.43396564226515866,-0.12853453597986822,0.462299971303258,-2.8551870483927333,0.0005928467203587387,1.0000023711719317,17.10730244026479,1,-0.4732807955248348,0.5462013343573423,0.7274345632795586,2.2965237247227663,0.0011992013969607928,1.0000003969289675,2.6461931168627864,1,-0.47656968529232974,-0.8823096507225728,1.009153255861601,-2.073348444937164,6.539289788136854e-05,1.000000335635461,0.963159552834605,1,1.1929708888451875,-0.7461952908372611,1.4001766865211709,-0.5638052312445702,0.0025902756727835307,1.000000048395801,0.3226386723360821,1,-4.994614003839218,-2.16429010914338,5.452915941042151,-2.7330369235606526,-0.007784608581602399,0.9999999892765349,0.006142403471603295,0
18.720000000000002,-0.003753619144614349,0.004731690315801157,-1.6891998602837355e-09,-0.3411752727909588,-0.2689184986411593,0.4431915655114474,-2.483578426819669,0.0005891644639205975,1.0000022879002601,16.384549078592727,1,-0.5731778708294013,0.4388747562077593,0.7281840339059812,2.4983483111466667,0.0011452477122190915,1.0000003960376895,2.640251263997369,1,-0.3630430919867679,-0.9336118636317798,1.0071530895914584,-1.9496749317786368,0.00015457895684520894,1.0000000055183658,0.9646088451774981,1,1.2440755201106382,-0.648043645989172,1.395323336979934,-0.48471338288988286,0.0025646650646852535,1.0000000491360834,0.3275738897948668,1,-4.972488287725756,-2.2119491287443496,5.4517977216366935,-2.7233927535093096,-0.007990516643548735,0.9999998353063859,0.006145472033595498,0
18.740000000000002,-0.0037536191419577348,0.004731690315081672,-1.6929058875223002e-09,-0.18574094236044972,-0.3597185669354782,0.4111680014290417,-2.0654725649429633,0.0005865751858569869,1.0000023511607976,15.980047221145641,1,-0.6493274162677516,0.3137429661857647,0.7287555617980821,2.699805901955321,0.0011170011922595265,1.0000003951275644,2.634183762955923,1,-0.243767995831532,-0.9704679450352464,1.005051575136194,-1.8254961701155759,0.00023328019884213765,1.0000000801864064,0.9665717098946808,1,1.2880069819383901,-0.546115957601404,1.3911467271413789,-0.4051076783051894,0.0025392322174844556,1.0000000498531911,0.33235460818740603,1,-4.949877057904489,-2.259392378257945,5.450654891648779,-2.713744578125952,-0.008193633486621952,1.0000001819746605,0.006148627810992084,0
18.76,-0.0037536191376818595,0.004731690314406567,-1.6965849892504326e-09,0.011912643149270364,-0.36822081310647914,0.3704341673410337,-1.5641142058746111,0.0005862553258143299,1.0000025164155375,16.07765404934485,1,-0.6986883321529667,0.17593837323989456,0.7291263771160006,2.901002357308158,0.001106879632523838,1.0000003942354174,2.628236116180642,1,-0.12056172249235038,-0.9922142607557838,1.0028806504846912,-1.7007878041155362,0.0002993121629735478,1.0000003433612183,0.9690240564937942,1,1.3244430569966068,-0.44097527627163396,1.387677474708929,-0.32506292746142507,0.0025148783425934696,1.0000000505410644,0.33694042905929744,1,-4.926782216008946,-2.3066150910482732,5.449487540938827,-2.7040923111801547,-0.008391124693962379,0.9999999813413092,0.006151870739172072,0
18.78,-0.0037536191320459884,0.00473169031375824,-1.7002165985866013e-09,0.20526491315524575,-0.26405955737991377,0.3305727053573224,-0.936689867760315,0.000589281343610414,1.00000273354517,16.92750812351502,1,-0.7192973115372023,0.031078127192631786,0.7292818016793896,3.1020532575556334,0.0011146118223512096,1.0000003933970076,2.622646717492885,1,0.00467442877537602,-0.9984122417948518,1.000673746410743,-1.5755332222879,0.0003549665443983413,1.000000030808527,0.9719342656996922,1,1.353112274486992,-0.3332180313626103,1.3849414070973836,-0.24465914366564526,0.002492808409586309,1.0000000511936382,0.34129092179390264,1,-4.903205706939428,-2.3536125130433576,5.448295767322941,-2.6944358671629454,-0.008579378963936637,0.9999998399011755,0.0061552007457874565,0
18.8,-0.0037536191279529765,0.0047316903130992585,-1.7037932219590712e-09,0.31301475388986716,-0.05141536152119067,0.3083377084818965,-0.175087101956528,0.0005973556588105838,1.0000029568899056,18.572990938286075,1,-0.7103370363513953,-0.11495243019003712,0.7292157457838254,-2.980105779404752,0.001146078751630026,1.000000392645746,2.617638306327798,1,0.1299824281122957,-0.988861062588115,0.9984653133875829,-1.4497240782172531,0.00040390911291451713,1.0000000526795252,0.9752632966085004,1,1.3737982246847473,-0.22346846686026917,1.3829591506511223,-0.1639807105739351,0.0024740718829247164,1.000000051804952,0.3453663469112194,1,-4.879149518868129,-2.4003799030551654,5.447079680400476,-2.6847751604953882,-0.008756716876817986,1.0000001852143143,0.006158617746620463,0
18.82,-0.00375361912980152,0.0047316903123927915,-1.7073461771981158e-09,0.26783724978777135,0.1869239033856656,0.31761303853301537,0.620153773646118,0.0006075495706151067,1.0000030866285943,20.257552494516823,1,-0.6721642860615229,-0.25622364120257407,0.7289308987072065,-2.77898235404923,0.0011978861399487587,1.000000392011528,2.6134101862756625,1,0.25337714262354005,-0.963607148801284,0.9962903059571533,-1.323360701487136,0.00043905574137938853,1.0000003468195966,0.9789648635523848,1,1.3863430983008356,-0.11237240019027321,1.381745800654669,-0.083115428671564,0.0024578578908513293,1.0000000523692623,0.34912841492767976,1,-4.854615683245759,-2.446912533102017,5.445839397920965,-2.675110103657658,-0.00892859615038273,0.9999999734372265,0.006162121642211126,0
18.84,-0.00375361913595972,0.004731690311649056,-1.7109242898306898e-09,0.10012693389929606,0.34262963495945625,0.35214874834986803,1.3100513784753123,0.0006111276422456959,1.000003050426146,21.02202313929342,1,-0.6062976596989349,-0.38698659892112447,0.7284386143914503,-2.5776436282887167,0.001264504540792919,1.0000003915196976,2.610131317114964,1,0.3728780119302973,-0.9229499847905961,0.9941836216405318,-1.1964523759491525,0.00044890527245912713,1.0000000594906964,0.9829857426976746,1,1.3906503252949212,-0.000590439681569931,1.3813106792623275,-0.002153455267432648,0.0024423551478682673,1.0000000528811597,0.3525410642957812,1,-4.82960627480931,-2.4932056887320257,5.4445750301099745,-2.665440607413179,-0.0091005445718855,0.9999998447512092,0.006165712319683623,0
18.86,-0.003753619141816516,0.004731690310908619,-1.71454021943504e-09,-0.10359889888680439,0.38002698056544815,0.3941206308333722,1.8613715353915121,0.0006080510965195132,1.000002930217569,20.827362967311245,1,-0.5153650381917504,-0.5018933086238305,0.7277585116923662,-2.375979508867973,0.0013562108409503947,1.0000003911901538,2.6079343587723978,1,0.48654230397720716,-0.8674437124618151,0.992179504973575,-1.0690174821266627,0.0004359716907363959,1.0000000279758632,0.987266267789992,1,1.3866862163463167,0.11120917804888235,1.3816571705446203,0.07881382702576446,0.0024275397274211145,1.000000053335683,0.3555712200300361,1,-4.804123411588329,-2.5392546693462683,5.443286678736311,-2.655766583860423,-0.009269928879614808,1.0000001881620924,0.006169389660497224,0
18.880000000000003,-0.003753619145798771,0.004731690310198231,-1.7181772194244105e-09,-0.28103030309940746,0.32059585897848675,0.43068580297243664,2.3105345139335878,0.0006030371888133445,1.0000028395230582,20.07732505627526,1,-0.4030113873631258,-0.5962056778701225,0.7269177921747798,-2.173892154994333,0.001480137971640088,1.000000391036611,2.606910740967506,1,0.5924993503317075,-0.7978940711593229,0.9903109443787522,-0.9410834752981189,0.0004098493527850288,1.0000003457759794,0.9917410132622104,1,1.374480546487559,0.22235795032358066,1.3827826531221308,0.1596949680310829,0.0024141979655003796,1.0000000537284244,0.35818949535062067,1,-4.778169254907838,-2.585054788522555,5.441974449723558,-2.6460879469841028,-0.009432536198221207,0.9999999655768123,0.0061731535473019865,0
18.900000000000002,-0.0037536191480534134,0.00473169030952647,-1.7218146648040333e-09,-0.4024469818120452,0.19788294736901949,0.4557156851073349,2.6985336567590714,0.0005983349530721012,1.0000028142892383,19.09616443542016,1,-0.27376816210732613,-0.6659867398852252,0.7259502750547294,-1.9712998615504904,0.0016274133556630173,1.0000003910660304,2.607106869638095,1,0.6889850322216698,-0.7153503244306726,0.9886090671330435,-0.8126866676001162,0.00037902960790212287,1.0000000906854611,0.9963396666207388,1,1.3541260588926625,0.33219447904869037,1.3846785448610992,0.2403996083866554,0.002402800636952325,1.0000000540556229,0.36037081888254135,1,-4.751746009388244,-2.630601374341502,5.440638457382711,-2.636404611491558,-0.009586117669260562,0.9999998498488045,0.006177003866922354,0
18.92,-0.003753619148906379,0.0047316903088929566,-1.7254357417666177e-09,-0.45579099909795545,0.04224322270180292,0.4667218233424229,3.056460920868547,0.0005940225601571781,1.0000028129433178,18.07976518941026,1,-0.13288653170893866,-0.7082671350774881,0.7248951667554849,-1.7681405038822964,0.0017767348312804484,1.000000391278243,2.6085216199299985,1,0.7743756772042563,-0.6210919520442065,0.987102540711654,-0.6838718057976306,0.0003500864061229806,1.0000000064895906,1.0009880936595688,1,1.3257769069089431,0.4400716584928922,1.3873304502077453,0.32083960849769716,0.002393458704988717,1.000000054314244,0.3620949594008909,1,-4.724855922942798,-2.675889769715647,5.439278823095627,-2.626716492141746,-0.009729833074733348,1.0000001908133263,0.0061809405103707875,0
18.94,-0.003753619148484534,0.004731690308293216,-1.7290268058446634e-09,-0.4372790702813235,-0.11962924121588382,0.4629213922659028,-2.87438298301245,0.0005899965245194383,1.0000027662330866,17.152653802805855,1,0.013862028581361973,-0.7211796025815475,0.7237955894403386,-1.5643743961307974,0.0019031958500875608,1.0000003916657947,2.611105297503863,1,0.8472204430965868,-0.5166100518080379,0.9858169984447575,-0.5546914419616394,0.00032830500764840267,1.0000003400418631,1.0056095899411492,1,1.289646091976415,0.5453634982095348,1.3907184015067242,0.4009301134910364,0.0023860647820969413,1.0000000545020389,0.3633469252677109,1,-4.69750128677361,-2.7209153327221913,5.437895673676078,-2.617023503543575,-0.009863551797682522,0.9999999577725228,0.0061849633706879984,0
18.96,-0.003753619146798412,0.004731690307719647,-1.7325760739289597e-09,-0.3481490778439091,-0.2618378131776519,0.44456635531844757,-2.5044270897063923,0.0005867580831336093,1.0000026356846978,16.4166112384928,1,0.1604125446647716,-0.7040542576107993,0.7226969027978609,-1.3599864022854922,0.001987119295768445,1.0000003922140408,2.6147602717018152,1,0.9062712214165036,-0.40358358926188015,0.9847745080200521,-0.425205099311057,0.0003175234236747656,1.0000001233930902,1.0101262989749553,1,1.2460019906813335,0.6474714172433336,1.394817185841273,0.48059052402056535,0.002380398966408459,1.0000000546175836,0.3641172239264449,1,-4.6696844353670235,-2.7656734369394815,5.436489140291828,-2.607325560131222,-0.009987462795461022,0.9999998551858871,0.006189072339746248,0
18.98,-0.003753619143861544,0.004731690307161245,-1.7360730405341362e-09,-0.1957220674921892,-0.3560991689385618,0.4131618830261032,-2.0896516728437255,0.0005845692211592816,1.0000024509368193,15.991092871470409,1,0.30065354374463876,-0.6574679490783598,0.7216448689345069,-1.1549871392556186,0.002020395120404753,1.0000003929015218,2.6193434790829317,1,0.9505090957299643,-0.2838508435820431,0.9839931002272533,-0.29547824422018043,0.0003202780237006993,0.9999999885056343,1.0144607648556156,1,1.1951640937763939,0.7458298714150714,1.399596746193855,0.5597453486990389,0.002376231164354045,1.000000054660296,0.364401974129984,1,-4.641407746488486,-2.8101594717867626,5.435059357888935,-2.597622576220211,-0.010101747891547245,1.0000001931638176,0.006193267305418365,0
19.0,-0.003753619139703664,0.0047316903066023,-1.7395084552472573e-09,0.000534798207308609,-0.3698893485453939,0.3727155204497073,-1.593863334473167,0.0005823052966218073,1.0000023092858605,16.0556628185748,1,0.42868496560339453,-0.5832421770963188,0.7206837274883777,-0.9494131284138345,0.0020094548850962467,1.0000003937006428,2.624670951113271,1,0.9791664466760032,-0.15937661178130683,0.9834863737794152,-0.16558108506931454,0.0003385217049697805,1.0000003295048394,1.0185375756724957,1,1.1374981020416497,0.8399112066025805,1.405022643159155,0.6383249202503846,0.002373466080856408,1.0000000546304306,0.36420287097199455,1,-4.612673641177035,-2.8543688428669487,5.43360646534246,-2.5879144661230296,-0.010206165988158954,0.9999999500367258,0.0061975481498708915,0
19.02,-0.0037536191347135595,0.004731690306019015,-1.7428757950743723e-09,0.19591323964673849,-0.27221543215674876,0.33243647454847824,-0.9740648528489161,0.0005798751498284516,1.00000233618316,16.859592374921014,1,0.5390757807174265,-0.4843860056645761,0.719854264381468,-0.7433257897476153,0.0019736633114887645,1.0000003945786617,2.6305244110932806,1,0.9917439067517059,-0.032215935215519624,0.9832631898734222,-0.03558722827128168,0.0003737443237725893,1.000000156549546,1.022285044832628,1,1.0734105374625966,0.9292296651993602,1.4110565614459532,0.7162659638783748,0.002372239772104679,1.0000000545290517,0.36352701092593465,1,-4.583484583739211,-2.8982969723123495,5.432130607174946,-2.5782011442079704,-0.010299911204805367,0.999999860754003,0.006201914748482861,0
19.04,-0.0037536191309910597,0.0047316903053749495,-1.746179817928295e-09,0.31053640946950223,-0.06404259329712864,0.3087851705937063,-0.21822743345502757,0.0005831148079483222,1.000002596682745,18.473120444081815,1,0.6271086606367797,-0.36498312905592617,0.7191919744794665,-0.5368092316922094,0.0019329231829281347,1.0000003954989591,2.6366597281122974,1,0.9880215305283664,0.09552471356486447,0.9833274683123795,0.0944277689564067,0.0004249709058557676,0.9999999742097935,1.0256368686330528,1,1.0033430331935207,1.0133445079553873,1.4176568448278695,0.7935120115217026,0.002372206036261736,1.0000000543579886,0.36238659037002646,1,-4.5538430817419755,-2.9419392991333817,5.430631937001395,-2.5684825243176155,-0.010384230891234515,1.000000195209845,0.006206366967942284,0
19.060000000000002,-0.003753619132440729,0.004731690304632592,-1.749456632078178e-09,0.27376830605033814,0.17601130930691522,0.3163270492678804,0.5792695296647341,0.0005906783066063035,1.0000029734379539,20.18558702933233,1,0.6889983866193019,-0.23002560161212574,0.7187254279730536,-0.3299668760058067,0.001894642215389542,1.0000003964225852,2.6428172347704417,1,0.9680637519412946,0.2217277139741945,0.9836780989978967,0.22438790572850278,0.0004817026109534022,1.000000314173623,1.0285336768364775,1,0.9277664626761674,1.0918622470338837,1.424779049560645,0.8700136607865782,0.002370659840871736,1.0000000541197742,0.36079849504335165,1,-4.523751686005391,-2.9852912795706854,5.429110615024586,-2.558758517948226,-0.010468054933347437,0.9999999423816804,0.006210904663013714,0
19.080000000000002,-0.0037536191386687593,0.004731690303793646,-1.7527647302312266e-09,0.11045451579461939,0.33782169383835625,0.34995529607401193,1.2767170631070648,0.000593894846442367,1.0000032484179147,21.008516965246564,1,0.7220710777525249,-0.08520041184463306,0.7184749151880095,-0.12291702889487921,0.0018583693907197063,1.0000003973100466,2.6487336435586877,1,0.9322179365852458,0.34430490163326555,0.9843089741574007,0.3542182675717998,0.000527739036214966,1.0000001890990864,1.0309244423087665,1,0.8471750583075477,1.1644380166011088,1.4323765114434979,0.9457286931719563,0.0023643249312079164,1.00000005381757,0.3587837990958187,1,-4.4932129905957305,-3.0283483874501154,5.4275667918767425,-2.5490290340439503,-0.010560927963490686,0.9999998665443327,0.0062155276755542326,0
19.1,-0.003753619145310514,0.00473169030289723,-1.7561351713102358e-09,-0.0932747792033109,0.3812797257812122,0.3919258850168286,1.8347740848598848,0.0005922591616784282,1.0000033204829426,20.85550808646921,1,0.7248929586448642,0.0633613005052871,0.7184514539501586,0.08421240895341683,0.0018344712877346341,1.0000003981231174,2.654154115935456,1,0.8811065820577229,0.46123732674399875,0.9852091185255687,0.4838465290487164,0.0005555549698519513,0.9999999637333193,1.0327677485057647,1,0.7620806546040882,1.230776132728241,1.4404008964715411,1.0206220714322267,0.0023526338609484525,1.0000000534550804,0.35636720281093903,1,-4.462229632817358,-3.0711061145391105,5.426000603873467,-2.539293982125314,-0.010663246648567637,1.0000001969481687,0.006220235838342374,0
19.12,-0.003753619150090086,0.0047316903019779775,-1.7595655284370626e-09,-0.27309926906503107,0.32618738089052796,0.4289820865402342,2.288296534706341,0.0005893105993880328,1.000003194214069,20.125692207302148,1,0.697340176054405,0.20935948288962225,0.7186562502867075,0.29128977801019673,0.0018360733206737971,1.0000003988266657,2.6588444380518554,1,0.8156134669488844,0.5706130483465787,0.9863629175795876,0.6132043686134288,0.0005629457816290268,1.0000002942281394,1.0340327369681297,1,0.6730071706346252,1.2906299140188517,1.448802714219327,1.0946658158276654,0.002335990102189223,1.0000000530364657,0.3535764370748374,1,-4.4308042932020575,-3.1135599709047255,5.424412184653501,-2.529553273455786,-0.010773008081556243,0.9999999348195182,0.0062250289786413456,0
19.14,-0.0037536191528135415,0.004731690301053312,-1.7630431697890359e-09,-0.39793631372858546,0.20605441956212436,0.45471486181321774,2.6787069975496602,0.0005866927277129846,1.0000029291837944,19.151061648799814,1,0.6406049164618675,0.3466098493657881,0.7190806454036877,0.4981857087703644,0.001862674437492603,1.000000399390359,2.6626023931109426,1,0.7368642761804128,0.6706619469149976,0.9877504524788845,0.742228761309704,0.0005495078623611121,1.0000002200699223,1.0346997418115298,1,0.5804854245497814,1.343800849539874,1.45753180281765,1.1678387739760934,0.0023144759184946725,1.0000000525662467,0.3504416442098911,1,-4.3989396954959785,-3.1557054852743436,5.422801670374243,-2.5198068201801336,-0.010889871197614052,0.9999998725477045,0.006229906919134314,0
19.16,-0.0037536191539188375,0.004731690300130114,-1.766556928083779e-09,-0.4550854702832071,0.0514778669998127,0.4665035572925749,3.0375930397624877,0.0005841628707843639,1.0000026247486655,18.133000797069567,1,0.5571373905953511,0.4693221379568562,0.719706540695399,0.7047790257125899,0.001887619470996143,1.0000003997901035,2.6652673557761695,1,0.6462024146007723,0.7597866912430818,0.9893479264225115,0.8708631233143079,0.0005210259014175025,0.9999999571967706,1.0347605185033013,1,0.4850483511436839,1.390137209470482,1.4665377813482947,1.2401263096461015,0.0022880257563101633,1.0000000520492138,0.34699475885222103,1,-4.366638606644461,-3.197538205399182,5.421169198906495,-2.5100545347902274,-0.011014489237390616,1.0000001983760372,0.006234869478079562,0
19.18,-0.0037536191538007557,0.004731690299211149,-1.770099020484417e-09,-0.4404447514065837,-0.11071499053944209,0.46349984804014566,-2.8935259722216364,0.0005812837225364445,1.0000023882440743,17.198496807300536,1,0.4505276109028235,0.5723566420206011,0.720507256528717,0.9109621579634524,0.0018442648170109792,1.0000004000090927,2.6667272849170565,1,0.5451608634097527,0.8365891881966686,0.9911281715705128,0.9990582819274887,0.0004950804553375805,1.000000270057629,1.0342178668814876,1,0.3872266711416542,1.4295321969959096,1.4757704611185192,1.311519929671478,0.0022567680848931126,1.0000000514903362,0.3432689083396567,1,-4.333903836775076,-3.239053698420618,5.419514908477537,-2.500296330069865,-0.01114763237727116,0.9999999273622234,0.006239916469686411,0
19.2,-0.003753619152610749,0.0047316902982985085,-1.773663543726961e-09,-0.3549921464332105,-0.2546673732241064,0.4459023051297248,-2.5251436540548133,0.0005785538842558511,1.000002291016767,16.449511027387437,1,0.3253347835555443,0.6514455973405346,0.7214487453527304,1.1166457856186356,0.0016375833907419303,1.0000004000384097,2.6669227313130963,1,0.4354310271096005,0.8998920545648068,0.9930612328159848,1.1267732429131228,0.0004967971972780984,1.0000002486339572,1.0330846690101116,1,0.28754504041637624,1.4619217392458106,1.485180212353373,1.3820168657311676,0.0022212762292515976,1.0000000508946765,0.33929784314477157,1,-4.3007382391788065,-3.2802475512391807,5.41783893696265,-2.490532119230993,-0.011289692554389772,0.9999998787546092,0.006245047704992775,0
19.220000000000002,-0.0037536191502160116,0.004731690297394468,-1.7772435272588039e-09,-0.20562287235548363,-0.35229507991351205,0.41512847186973634,-2.1135927597402824,0.0005772444911308993,1.000002341885752,16.003493182751996,1,0.18687515003349658,0.7033689459145744,0.7224910849267905,1.3217625672590414,0.0012151486903778249,1.000000399877307,2.665848714222515,1,0.3188295556724781,0.9487548541480731,0.9951150092085677,1.253975719634368,0.0005382832053062796,0.9999999547337718,1.031383191148292,1,0.1865186895687613,1.487282010728648,1.4947182859521453,1.4516196265676407,0.0021827093881836347,1.0000000502673112,0.3351154082459307,1,-4.2671447102887585,-3.3211153708857584,5.416141421825152,-2.480761816127793,-0.011440307463283316,1.0000001994911911,0.0062502629935123,0
19.240000000000002,-0.0037536191462544093,0.004731690296498853,-1.7808281325276676e-09,-0.010885720453863199,-0.37127645639900214,0.3749966061449355,-1.6232433461899785,0.0005783748046711847,1.0000024986215923,16.03577865565333,1,0.040981004448581014,0.7260775727980269,0.7235902339235206,1.5262698398632857,0.0006335524398691767,1.0000003995333222,2.6635554814235305,1,0.19726409382732207,0.982485029281139,0.9972558938313832,1.3806424108074509,0.000603923319070258,1.000000242266792,1.029145503903192,1,0.08465054944634821,1.505626775270581,1.5043370910549771,1.5203355343994938,0.0021428200171787763,1.0000000496132608,0.3307550724056801,1,-4.233126189656256,-3.36165278489507,5.41442250089272,-2.470985335523081,-0.011597924520687287,0.9999999200216141,0.006255562145656313,0
19.26,-0.003753619140838833,0.004731690295601587,-1.7844032297771595e-09,0.18628060005979508,-0.2800766732532396,0.3343507341166299,-1.0110168176045016,0.0005827239229425758,1.0000027100059183,16.794141675107365,1,-0.10625570311228195,0.7187608235903868,0.7247000181402622,1.7301511183889153,1.861073112681735e-05,1.00000039902199,2.6601465988148814,1,0.07269882266895816,1.0006436500691824,0.9994493575013169,1.5067590784346074,0.0006668149509039775,1.0000002741315897,1.0264137154929414,1,-0.017571153985898584,1.5170046226753402,1.5139904284680499,1.5881762573632583,0.002103824917522373,1.0000000489374306,0.3262495363919059,1,-4.198685659923775,-3.401855441681573,5.4126823148087775,-2.46120259331406,-0.01175963365782409,0.9999998851552152,0.006260944975055031,0
19.28,-0.003753619136504228,0.004731690294674129,-1.787963981297186e-09,0.30754393391184004,-0.07661356668046097,0.3093315944451657,-0.2612425723272156,0.0005918872983389056,1.0000029334619118,18.373466848950002,1,-0.2487422480837864,0.6818585428492546,0.7257741955907564,1.9334162827163899,-0.0005227455690555457,1.0000003983659265,2.655772843717553,1,-0.05287942701748247,1.0030462905803852,1.001660489481999,1.6323204895742043,0.000710000441884638,0.9999999564829529,1.0232386001649747,1,-0.11967486194478404,1.521496165576313,1.5236336780168078,1.6551573476113945,0.0020675268811958117,1.0000000482445641,0.3216304278212857,1,-4.163826146794257,-3.441719010918228,5.4109210117852,-2.4514135061717615,-0.011923807725607567,1.0000002002918666,0.006266411298864522,0
19.3,-0.003753619137820723,0.004731690293684955,-1.7915411511075507e-09,0.279273918793947,0.16480315472014298,0.3151204734140971,0.5380384865771831,0.000603569067691029,1.0000030773214232,20.110485349935566,1,-0.380634950038372,0.6170207658925343,0.7267684228650212,2.1361005509058524,-0.0009525865851208643,1.0000003975935203,2.650623468734065,1,-0.17749380275511775,0.9897594542819224,1.0038545305752835,1.7573302279094722,0.0007212119464708969,1.000000211650918,1.0196775265425668,1,-0.22120723632937805,1.5192112518624974,1.5332239410132305,1.7212977899076183,0.0020326091261835366,1.0000000475392101,0.31692806789838457,1,-4.12855071899771,-3.481239183919284,5.409138748008382,-2.441617989770367,-0.012096455453152919,0.999999912809324,0.006271960934708516,0
19.32,-0.003753619143940441,0.004731690292646839,-1.7951872800792135e-09,0.12063162943623382,0.332614916950619,0.3477827267649416,1.2429433022112804,0.0006106718087012835,1.0000030574887129,20.99187731697925,1,-0.49657027345655014,0.5270203410143963,0.7276420374828672,2.338262447669528,-0.00128687974883693,1.0000003967375017,2.644916678788236,1,-0.299208245148873,0.9610930258057063,1.0059974087439554,1.8818003658033948,0.0006903208753619749,1.0000002960757892,1.0157927193982863,1,-0.32173434297048364,1.5102862388079958,1.542720155051851,1.7866195675352048,0.0019954559704119254,1.0000000468256935,0.3121712895609638,1,-4.092862488256275,-3.5204116740272458,5.4073356733072595,-2.4318159580391154,-0.012284755775731054,0.9999998917393845,0.006277593697443439,0
19.34,-0.003753619150133426,0.004731690291608415,-1.7989206257430779e-09,-0.08291687544934645,0.38220695568586077,0.3897127667782744,1.8078625005040712,0.0006134484138583204,1.000002942067786,20.881863412282026,1,-0.5918696405406784,0.41562508323717323,0.7283596228833635,2.5399809847387753,-0.0015427362912016531,1.0000003958334862,2.638889908101551,1,-0.4161560807544131,0.9175892629685259,1.0080562576149539,2.0057510246959325,0.0006236122235906481,0.9999999625695855,1.0116498946770192,1,-0.4208425051884672,1.4948813660217264,1.5520831858292095,1.851147265166213,0.001955150124272781,1.0000000461080938,0.3073872925728134,1,-4.056764609247235,-3.559232217002755,5.405511924280598,-2.422007326052883,-0.012485780600502193,1.0000002007767979,0.006283309399902178,0
19.36,-0.0037536191544924966,0.004731690290607391,-1.8027255018621124e-09,-0.2650514277818942,0.331555509713968,0.42724256189882176,2.2658728853397885,0.0006158130527255453,1.0000028475433693,20.1732781992233,1,-0.6627124068489237,0.287436667928591,0.7288923150274365,2.741352224293583,-0.0017346731800160393,1.0000003949185126,2.6327900839539615,1,-0.5265661157643523,0.8600088588588546,1.0099998846245661,2.129209842047409,0.0005358393068375757,1.0000001791548436,1.0073170483758558,1,-0.5181388684709494,1.4731782556366388,1.5612758776147975,1.9149077084255133,0.001912582766849402,1.0000000453902294,0.30260152953999614,1,-4.020260279562825,-3.597696571417394,5.403667635798311,-2.412192011547634,-0.012693420765847842,0.9999999057367835,0.006289107853473327,0
19.380000000000003,-0.003753619157078454,0.0047316902896623395,-1.8065789701877943e-09,-0.39327718823566793,0.214091995708233,0.4536722440698951,2.6587889213457143,0.0006198203249318802,1.000002818019045,19.20577851881505,1,-0.7062732104234779,0.14770354579548708,0.729218828520018,2.942485361526704,-0.0018824314729045037,1.0000003940296156,2.6268641039723732,1,-0.6287860658687946,0.7893145915055391,1.0117991883847215,2.2522113527015883,0.000439320322875955,1.0000003141328524,1.0028633275999748,1,-0.6132517159730176,1.4453775599522212,1.5702630741501509,1.9779296298701754,0.0018685421361369222,1.000000044675644,0.2978376264878045,1,-3.983352739667037,-3.6358005190506364,5.401802948076601,-2.402369934106343,-0.012903385246720132,0.999999898496688,0.006294988865218715,0
19.400000000000002,-0.00375361915822288,0.00473169028878154,-1.8104601151591737e-09,-0.454223423989681,0.060656205940748345,0.4662430115333345,3.0187051509614395,0.000625564362826876,1.0000028172887703,18.18643374819984,1,-0.7208212989636077,0.002114903375271051,0.7293261923468405,-3.1396868375475546,-0.0020052635920169907,1.0000003932024564,2.621349709118491,1,-0.7213032525836007,0.706653041414292,1.0134275286989058,2.3747963089614257,0.0003421112806800248,0.9999999730620064,0.9983580103158509,1,-0.705830572787937,1.4116967695656604,1.5790116239576675,2.0402433648548177,0.0018236106975407877,1.0000000439676011,0.29311734039211845,1,-3.946045272850164,-3.673539865291375,5.399918007108536,-2.3925410144441353,-0.013112741247893984,1.00000020094522,0.00630095223330194,0
19.42,-0.0037536191580620415,0.004731690287968096,-1.8143499411205077e-09,-0.4434603047568715,-0.1017825373391261,0.4640389100060263,-2.9126254265516134,0.0006321604771906406,1.0000027762440111,17.244830417711924,1,-0.7057804541472431,-0.1434176973458835,0.7292101882433853,-2.93867126822901,-0.002112776810225549,1.0000003924700236,2.616466823772242,1,-0.8027625748593284,0.6133348060715305,1.0148610467852202,2.4970109629184964,0.0002493137839850179,1.0000001458043961,0.9938695448903161,1,-0.7955461345977305,1.3723681892981159,1.5874903723888618,2.1018805797044102,0.0017783796690905257,1.000000043269083,0.2884605528651158,1,-3.908341205181985,-3.710910439544114,5.398012963907414,-2.3827051741511,-0.013319074243481145,0.9999998988152019,0.006306997742438448,0
19.44,-0.003753619156614013,0.004731690287221018,-1.8182302313068943e-09,-0.36170877673358653,-0.2473982552408426,0.4472052699172883,-2.5457472142324176,0.0006397254374063422,1.0000026519190133,16.48321384831783,1,-0.6617488230078599,-0.2829847202468113,0.728875488797542,-2.7375308906790305,-0.002198862475986298,1.000000391861471,2.6124098073655095,1,-0.8719818216524259,0.5108135833083668,1.0160789378614887,2.6189063259117598,0.0001641610325086682,1.0000003280859409,0.9894646503672117,1,-0.8820900533681774,1.3276370843398504,1.5956701417896764,2.162874031119794,0.001733533141708315,1.0000000425827948,0.2838852987053759,1,-3.8702439054638926,-3.7479080956393194,5.39608797407844,-2.372862335637102,-0.013520049000197074,0.9999999054164227,0.006313125160583193,0
19.46,-0.0037536191538941896,0.00473169028653477,-1.8220829814570572e-09,-0.2154541053136625,-0.34830027175307965,0.41707456532905596,-2.1373316943233363,0.000647601395634148,1.000002467514336,16.017141917300226,1,-0.5904784360763647,-0.41090302014617114,0.7283354810487908,-2.5361480602974655,-0.0022458731775100533,1.000000391401177,2.6093411797655244,1,-0.9279644265364884,0.40066443197426993,1.017063678465,2.7405374141741423,8.891173613183927e-05,0.9999999879292468,0.9852075202259706,1,-0.9651746097394827,1.2777599949861618,1.603523701815181,2.223257355061984,0.0016898828069807665,1.0000000419111736,0.27940782364014966,1,-3.8317567851796404,-3.784528712246778,5.39414319780575,-2.3630124221645787,-0.013713093425937973,1.0000002007968694,0.006319334238243016,0
19.48,-0.0037536191499135483,0.0047316902858978655,-1.8258905624436716e-09,-0.022362545183306777,-0.372381530364071,0.3772824175443209,-1.6523112701969396,0.000654564261837531,1.0000023153300508,16.017798750143363,1,-0.4948146029592938,-0.5219340955122762,0.7276117733759103,-2.334414261279427,-0.0022337751134199114,1.0000003911078899,2.6073859319986123,1,-0.9699097840671015,0.28456145559977464,1.0178012102633527,2.8619624877586225,2.538642856747038e-05,1.0000001126452325,0.9811591293306587,1,-1.044532298748435,1.2230032153428287,1.611025732110698,2.2830648834390534,0.0016484700151450297,1.0000000412563996,0.2750426635693511,1,-3.792883298444261,-3.8207681932910496,5.392178800437568,-2.353155357952257,-0.013894992865942236,0.999999892055549,0.006325624711464156,0
19.5,-0.0037536191449781603,0.004731690285289806,-1.8296371652980203e-09,0.1763567640254936,-0.28764467699589424,0.3363155919047351,-1.0476126032989206,0.0006605295953450603,1.0000023208407334,16.73093940090107,1,-0.3785958797991903,-0.6114899303895097,0.7267334145211406,-2.1322342810794663,-0.002145627881936244,1.0000003909939743,2.60662649469979,1,-0.9972212506212541,0.16425509805329966,1.0182810825948874,2.983242288294543,-2.400827605302643e-05,1.000000337808727,0.9773766320795371,1,-1.1199153524668917,1.1636414292114896,1.6181527792302266,2.3423314871865815,0.0016107859185185238,1.0000000406204108,0.27080273871869814,1,-3.7536269419498187,-3.8566224683681556,5.390194954524235,-2.343291068290662,-0.014061674597775265,0.9999999124876284,0.006331996307906515,0
19.52,-0.003753619140919906,0.004731690284676012,-1.8333162900112387e-09,0.30402517230342946,-0.08912297758498552,0.30997338051683127,-0.304179590705328,0.0006681311770914962,1.0000025607040817,18.274025522920525,1,-0.2465160042762465,-0.6758197537068941,0.7257358452994139,-1.9295300274549754,-0.0019770806516884506,1.0000003910648687,2.607099125231399,1,-1.0095119419414598,0.041549191339168415,1.0184965550949479,3.1044392802730556,-5.675248195380476e-05,1.0000000070135435,0.9739128408935602,1,-1.1910952201651788,1.0999564947947642,1.624883207503806,2.4010924444190285,0.0015785615808416983,1.0000000400049187,0.2666994577300048,1,-3.7139912549062593,-3.8920874931633307,5.388191844382901,-2.333419479183294,-0.014210738475490474,1.0000002003319843,0.006338448752846449,0
19.540000000000003,-0.0037536191416522287,0.004731690284016009,-1.8369508292953585e-09,0.28433146890112176,0.1533003243835573,0.3139899001028787,0.49642632280477383,0.0006785786632867439,1.0000029378249182,20.03234324674348,1,-0.10395022095067864,-0.7121706586220939,0.7246595966015348,-1.7262438549633032,-0.001757183509907022,1.0000003913187636,2.608791757034315,1,-1.006608418325088,-0.08172214361847052,1.0184446566944427,-3.0575684099843783,-7.704287712976225e-05,1.0000000806919,0.9708157746945163,1,-1.2578620237974503,1.0322363687638614,1.631197140605257,2.459383328958775,0.0015516443838951934,1.0000000394114241,0.2627428280923529,1,-3.6739798189771293,-3.927159249871376,5.386169667784634,-2.323540515519112,-0.014348419047830397,0.9999998854685385,0.006344981770984071,0
19.560000000000002,-0.0037536191474978548,0.004731690283302923,-1.8405905172387549e-09,0.130637402835853,0.32700066704809855,0.34562756713998327,1.2087012282822627,0.0006846564461442223,1.0000032311837321,20.97223134242411,1,0.04325016742698094,-0.7189147843121475,0.7235487506656076,-1.5223412558895184,-0.0015379323111041352,1.0000003917465057,2.6116433713246914,1,-0.9885523193333562,-0.20371767048117428,1.018126200755122,-2.936346525525507,-9.388624388048132e-05,1.0000003432463187,0.9681282679660884,1,-1.320024004019689,0.9607741595114551,1.6370764034209966,2.5172399104985335,0.0015274584792726008,1.0000000388412356,0.25894157007814,1,-3.633596258211111,-3.961833747620992,5.3841286223479425,-2.313654099712056,-0.014483961962535537,0.9999999196991045,0.006351595084786014,0
19.580000000000002,-0.003753619154161416,0.004731690282569415,-1.8442627082622398e-09,-0.0725415671075545,0.3827977220165752,0.38747819740872214,1.7806191820798287,0.0006829311022080314,1.000003324056366,20.906630832090002,1,0.18898941609368125,-0.6956358626556015,0.7224492071036783,-1.317812777896613,-0.0013495671028931947,1.0000003923317629,2.6155450855537707,1,-0.9555999760686236,-0.322612228714703,1.0175457746640266,-2.8150172882297437,-0.00010680710559095655,1.000000030014971,0.9658876281308768,1,-1.3774069696768598,0.8858672990368989,1.6425044816799987,2.5746980736959544,0.0015050237281921102,1.0000000382954846,0.2553032311267388,1,-3.5928442389697377,-3.99610702290251,5.382068895106826,-2.30376015418896,-0.014616562215785512,1.0000001995513053,0.00635828841441643,0
19.6,-0.003753619159043122,0.004731690281845665,-1.847960352015926e-09,-0.2569012110797568,0.33668871092529024,0.4254649395048647,2.2432537401482087,0.000677452011037123,1.0000032143916733,20.220315031308825,1,0.3271774912495519,-0.643168572008441,0.7214068189765795,-1.1126750034098407,-0.0012023787915887846,1.0000003930514716,2.6203431446853354,1,-0.9082199932669107,-0.43661988960921555,1.0167116998242662,-2.6935189242064683,-0.00010897153402758525,1.0000000508863638,0.9641253269974565,1,-1.429853761706641,0.8078168228547851,1.6474664805092964,2.631793763230035,0.0014850080632528172,1.0000000377751448,0.2518342982706177,1,-3.551727469850843,-4.029975139999015,5.379990671728662,-2.2938586032300003,-0.014741913329182708,0.9999998790646104,0.006365061477251595,0
19.62,-0.0037536191618164315,0.0047316902811433345,-1.8516653492624269e-09,-0.3884827459682739,0.22198259305205909,0.45258570163103423,2.6387731688080964,0.0006720167178096261,1.000002958185903,19.260534133610374,1,0.45198904644119536,-0.5635854818487219,0.7204654599659753,-0.9069704410315823,-0.0010982142114465217,1.0000003938765913,2.625843942671891,1,-0.8470887582617621,-0.5440170151187946,1.0156359466636335,-2.5717917193739757,-9.356415698330483e-05,1.0000003444026284,0.9628667184683226,1,-1.4772237405648478,0.7269267474201037,1.651949073770996,2.6885629417691628,0.0014679826660491048,1.0000000372810463,0.24854030764101195,1,-3.510249701608001,-4.063434191421737,5.377894143718016,-2.283949372307571,-0.014858023377584802,0.9999999270394287,0.006371913984175063,0
19.64,-0.0037536191629155115,0.004731690280461689,-1.8553620350150735e-09,-0.4532155793518905,0.06976259006533836,0.46593688091180147,2.999793052006079,0.000667701437994735,1.0000026526931598,18.24024782934703,1,0.558119643777917,-0.4601284987300191,0.7196651028081994,-0.7007662408137179,-0.0010309023858588284,1.0000003947731664,2.6318211086535537,1,-0.7730838019249546,-0.6431651362292823,1.0143340084687273,-2.4497787701445444,-5.4472649980866245e-05,1.0000000564869573,0.9621307781306789,1,-1.5193923046155862,0.643503534751763,1.6559404557373232,2.745041556414498,0.0014540812503810072,1.0000000368138926,0.24542595083733074,1,-3.4684147270668277,-4.096480298349885,5.375779508638571,-2.2740323873201693,-0.014964813930162704,1.0000001984560722,0.006378845635116822,0
19.66,-0.003753619162747998,0.0047316902797947015,-1.8590399766468813e-09,-0.4463314934838469,-0.09285064276111778,0.4645323172964281,-2.9316816332105273,0.0006640595941581289,1.0000024064741928,17.291804541990732,1,0.6410263182573542,-0.3370846035798252,0.7190400077542078,-0.4941517042801106,-0.0009874933894315444,1.0000003957036816,2.63802454419488,1,-0.6872749107787945,-0.7325335346519742,1.0128247369765648,-2.3274267334852192,1.3235548004804703e-05,1.0000000240646034,0.961929860848164,1,-1.556250445496685,0.5578556341787895,1.6594302982220077,2.801265514739007,0.0014431205572269098,1.0000000363742767,0.24249517806154788,1,-3.426226381038886,-4.129109611074735,5.373646968642476,-2.2641075742928765,-0.015063095761915685,0.9999998728539148,0.006385856116039049,0
19.68,-0.0037536191614978196,0.004731690279135271,-1.8626926945319866e-09,-0.36829590964309056,-0.2400518997929484,0.44846450658395975,-2.5662278054048953,0.0006610109538562368,1.0000022954178343,16.51787285031837,1,0.6971391229265189,-0.1996091290057601,0.7186171235814138,-0.2872346364153443,-0.0009522446587280534,1.0000003966286675,2.644191116131973,1,-0.5909128726161704,-0.8107213682341783,1.011130138576148,-2.2046865717195105,0.00011253527235783929,1.000000341331342,0.9622694732735299,1,-1.587704345358755,0.4702930914056175,1.6624097125170434,2.8572706699219683,0.0014347283158083952,1.0000000359626944,0.23975129622727118,1,-3.383688540233069,-4.161318309447219,5.37149672916424,-2.2541748593274717,-0.015153955934765874,0.9999999344969744,0.006392945098004112,0
19.7,-0.0037536191590811594,0.004731690278476747,-1.866314781537315e-09,-0.22519915329287687,-0.34413577536677786,0.4189847103392676,-2.1608368058454586,0.0006601528731478589,1.0000023336668185,16.032263415114265,1,0.7240309448901876,-0.05350354643410216,0.7184147985712456,-0.08013667645945977,-0.0009110864945320727,1.0000003975084784,2.6500565220542946,1,-0.48541573301798224,-0.8764791284802208,1.0092751296959097,-2.0815142866573924,0.0002442720046381169,1.0000000858392242,0.9631480583908807,1,-1.6136750200354197,0.3811272155088149,1.664871216049,2.9130928137174372,0.0014284643436751573,1.000000035579559,0.2371970601254941,1,-3.3408051231638156,-4.193102603328013,5.369328997995883,-2.24423416868351,-0.015238281068861196,1.0000001970480243,0.006400112238399953,0
19.720000000000002,-0.003753619155138047,0.004731690277811032,-1.8698989761103957e-09,-0.03386225624667859,-0.3732162569894526,0.37955458506736134,-1.6809963848347378,0.000663456567767857,1.0000024816504398,16.002118255411972,1,0.7205347605405577,0.09504170819582679,0.7184418847433541,0.12701216734992304,-0.0008544313959839361,1.0000003983051522,2.6553676806311755,1,-0.37235244969004944,-0.9287291598220152,1.0072872502618533,-1.9578716363740436,0.0004077593519876659,1.0000000009284966,0.9645568066802349,1,-1.6340980113801418,0.29067029494535584,1.6668087042363313,2.9687676759732105,0.0014239736989867012,1.0000000352252136,0.23483475691437802,1,-3.297580090055693,-4.224458733039798,5.367143984949571,-2.234285428973978,-0.015316175786536856,0.9999998668462956,0.006407357184261659,0
19.740000000000002,-0.003753619149664169,0.0047316902771220555,-1.873435850029137e-09,0.16618471778445612,-0.29490500971204525,0.338314750549871,-1.0837190848989735,0.0006701946200733082,1.000002687118799,16.670710288602937,1,0.6868005314421585,0.2397259107528392,0.7186972954373886,0.3340794797527709,-0.0007776524620807024,1.0000003989842332,2.6598948875134156,1,-0.2534238572730945,-0.9665849069178625,1.0051963330405713,-1.8337268259275916,0.0006021477313757994,1.0000003341273789,0.9664795398060162,1,-1.64892313122561,0.1992353539967814,1.6682174281637376,3.0243309298397953,0.0014211731613390174,1.0000000348999427,0.23266628460254699,1,-3.254017442743386,-4.255382969821133,5.364941902978477,-2.2243285674411695,-0.015386497922425432,0.9999999420599295,0.006414679577057743,0
19.76,-0.00375361914485597,0.0047316902763769935,-1.87692428092745e-09,0.29999962175714295,-0.10152418905655439,0.3107059229569116,-0.3468426949840557,0.0006796392056064123,1.0000029095455347,18.175880887970372,1,0.6242878627564438,0.37442288422510933,0.7191700463305107,0.5409365479646263,-0.0006839107356667546,1.000000399516442,2.6634429462926223,1,-0.13044089842363277,-0.9893684948559445,1.0030341275419203,-1.709055156739719,0.0008242188676468925,1.0000001173452793,0.9688926420210178,1,-1.658114258808466,0.10713594134293535,1.669093977414774,3.0798182028144527,0.001420058977714311,1.0000000346039837,0.2306932245046399,1,-3.210121224565829,-4.285871616281846,5.362722972214627,-2.2143635118879303,-0.015449034393779395,1.0000001953293967,0.006422079056742034,0
19.78,-0.003753619145343402,0.004731690275537596,-1.880397480953644e-09,0.2889156654717843,0.14154024397785298,0.31294680280825826,0.45460646788767084,0.0006912461158976369,1.000003066026747,19.95194636335836,1,0.5356949245662427,0.4934560976528767,0.7198397795873995,0.7474642533522522,-0.0005963430117509632,1.0000003998790812,2.665860540722352,1,-0.005300142498186696,-0.9966261934209032,1.0008338803407468,-1.583839611468105,0.0010584327984815892,0.9999999820216439,0.9717650168560779,1,-1.6616491930113815,0.014685942713291808,1.6694362619391114,3.1352650926714083,0.001419270782997075,1.0000000343375361,0.22891690760254133,1,-3.165895520254414,-4.315921006861347,5.360487422865524,-2.2043901891420985,-0.015511861966165668,0.9999998610512754,0.006429555261745836,0
19.8,-0.0037536191510894597,0.0047316902746073475,-1.8839160830300128e-09,0.14043637785239463,0.320980827216821,0.3435075531066724,1.1740899399938198,0.0006959209345286105,1.0000030631572496,20.949765621072004,1,0.4248284573001449,0.591849000162385,0.7206777434039682,0.953558414679491,-0.0005469333049038557,1.0000004000570695,2.667047130427348,1,0.1200433006901315,-0.9881412700270913,0.998629864099937,-1.4580713554446911,0.0012797577322851321,1.0000003229179852,0.9750581429251529,1,-1.6595195603214477,-0.07780059022346154,1.6692434913271128,-3.0924781278851086,0.0014161363621933848,1.0000000341007713,0.2273384751002229,1,-3.1213444558162515,-4.345527508290969,5.358235483188959,-2.1944085234307655,-0.015586894202740214,0.9999999497163147,0.006437107825817316,0
19.82,-0.0037536191573576275,0.0047316902736318925,-1.887511061511582e-09,-0.06217089770092491,0.3830330667818569,0.3852382795170607,1.7530922738786565,0.0006893567205747553,1.0000029537513193,20.92968476206429,1,0.29642344521731373,0.665537714207525,0.7216481618537091,1.1591343007502157,-0.0005507589838522259,1.0000004000435392,2.6669569271880853,1,0.24360526229908427,-0.9639437055739447,0.9964568574448949,-1.3317501515154548,0.0014755649419175964,1.0000001501543185,0.9787262620642284,1,-1.6517307789965265,-0.17000960244517152,1.6685161733434934,-3.0370052760763553,0.0014096301752308986,1.00000003389384,0.22595893306128312,1,-3.0764721984131427,-4.37468752005943,5.355967366558306,-2.184418438634213,-0.015675074217125242,1.0000001933029152,0.006444736378222065,0
19.84,-0.0037536191618852428,0.004731690272651048,-1.891176783751225e-09,-0.24865555389780117,0.3415615133790271,0.42366129882706177,2.220459906247345,0.0006798162297161508,1.0000028559466365,20.266560849036853,1,0.15592382893497747,0.7115363129183437,0.7227098888546775,1.3641300652368473,-0.0006105810518816402,1.0000003998400677,2.665600451045961,1,0.3634040627223645,-0.9243162417520802,0.9943495992440404,-1.2048846610917605,0.0016431964251479127,0.9999999677108761,0.9827167085388104,1,-1.6383020796419039,-0.2616271972881301,1.6672561277528695,-2.9814660871780267,0.0014000496546263497,1.0000000337168802,0.2247792005260413,1,-3.031282956235389,-4.40339747488043,5.353683278908299,-2.1744198606493517,-0.015772116655675513,0.9999998554780394,0.0064524405463962054,0
19.86,-0.0037536191646262438,0.004731690271686429,-1.8948978679558803e-09,-0.3835487572152268,0.22970080058493517,0.451463238333806,2.618666473001942,0.0006715624323209747,1.0000028219752644,19.31506232492387,1,0.009237219798015233,0.7280485608728201,0.7238182515936811,1.5685090016710517,-0.0007185606999034122,1.000000399456433,2.663042887633635,1,0.4774936682572006,-0.8697962515362716,0.9923422181970057,-1.0774925926260854,0.0017813674078960525,1.0000003078558286,0.9869703946115617,1,-1.6192665821040018,-0.352339804900263,1.6654664957289556,-2.925824967394639,0.0013877045959466438,1.0000000335700228,0.22380015126561964,1,-2.985780978369555,-4.431653839162698,5.35138342707029,-2.1644127171342196,-0.015875249491490627,0.999999957454003,0.006460219956203406,0
19.880000000000003,-0.0037536191659250755,0.004731690270749839,-1.8986599428089113e-09,-0.4520506000702809,0.07877384777510153,0.46559008076158814,2.980856723957687,0.0006648040200224925,1.0000028214067767,18.294200639850747,1,-0.13752301678633969,0.7145237072928304,0.7249270032434155,1.772260591464858,-0.0008616191554929475,1.0000003989099608,2.6593997382747014,1,0.583997864206012,-0.8011729811367979,0.9904676393975002,-0.9496006802736521,0.0018894158300430865,1.0000001833103178,0.9914224713882891,1,-1.5946714282048537,-0.4418343650968587,1.6631517497730843,-2.8700462868694423,0.0013727827060974374,1.0000000334533974,0.22302264949068032,1,-2.9399705546603863,-4.459453113483156,5.349068020231982,-2.154396936876523,-0.015983094849642075,1.0000001909717953,0.006468074230306091,0
19.900000000000002,-0.003753619165927067,0.004731690269848721,-1.9024498877293072e-09,-0.44904311558325194,-0.08393999898405498,0.4649835067146223,-2.9506982325913285,0.0006586477704665828,1.0000027857545346,17.33921857385681,1,-0.2782956363583014,0.6716572631236273,0.7259902817355623,1.9754003756059515,-0.001023686013126004,1.0000003982245713,2.6548304756451384,1,0.6811447246076211,-0.7194798043179053,0.9887569820680184,-0.8212444783905642,0.0019681348970128592,0.9999999581779758,0.9960031784050978,1,-1.5645779694532211,-0.5297985324085447,1.6603177093378922,-2.81409436982611,0.0013555082942054335,1.0000000333671368,0.2224475795138594,1,-2.8938560155675153,-4.48679183306376,5.346737269354121,-2.1443724495658754,-0.016094659484196666,0.9999998501354219,0.006476002986136516,0
19.92,-0.003753619164656501,0.004731690268987352,-1.906254461572776e-09,-0.3747367652405998,-0.2326470012476494,0.4496834348456033,-2.5865937646181103,0.0006527824444070545,1.000002667889639,16.553310944751036,1,-0.4073181633401391,0.6013404188994922,0.7269644850234125,2.1779687514121244,-0.0011880139165771327,1.0000003974295884,2.6495305890472696,1,0.7673005469127359,-0.6259812594102436,0.9872389645599458,-0.6924679584852441,0.002020369813007684,1.0000002891194502,1.000638885817702,1,-1.5290620084493027,-0.6159209112758873,1.656971562313575,-2.7579334889114353,0.0013362637904287865,1.0000000333113805,0.2220758696985136,1,-2.8474417320170073,-4.513666568251864,5.344391386659459,-2.134339185798548,-0.01620877169976716,0.9999999652607388,0.006484005833942787,0
19.94,-0.0037536191621352,0.004731690268166245,-1.9100594873117105e-09,-0.2348404774186983,-0.33981918862513616,0.4208625689194902,-2.184125447051273,0.0006481418683362933,1.000002484627451,16.048662589399143,1,-0.5193530758829934,0.5065637054259052,0.7278099921755895,2.3800288349103376,-0.0013400328459917306,1.0000003965583821,2.643722547445019,1,0.8410023352345602,-0.5221548029786224,0.9859393330915799,-0.5633229014131058,0.0020507900293775124,1.0000002157840597,1.0052533222243292,1,-1.4882140921628886,-0.6998913295557322,1.6531218917376984,-2.7015278645829452,0.001315681031976658,1.0000000332862766,0.22190851144937387,1,-2.80073211524766,-4.540073925003737,5.342030585481883,-2.1242970771907976,-0.016323699995284293,1.0000001883397338,0.006492082375185261,0
19.96,-0.0037536191583564704,0.004731690267380715,-1.9138499691290223e-09,-0.045364700512047454,-0.37379762640218195,0.38181570118131,-1.7093288884987674,0.0006461015345810726,1.0000023230407646,15.988488217204479,1,-0.6098863895479861,0.391281662298441,0.7284926756316514,2.581663548135161,-0.0014693338497693803,1.0000003956469292,2.637646194287873,1,0.9009878689368729,-0.4096674051955006,0.9848803311269678,-0.4338680859487773,0.002065703573876558,0.999999953428617,1.0097689695039982,1,-1.4421398546359054,-0.7814011588436736,1.648778707380071,-2.6448416706756417,0.0012947422918249045,1.0000000332919858,0.2219465726711895,1,-2.7537316166522126,-4.566010545371346,5.339655080633084,-2.114246056584114,-0.016436673286291763,0.9999998450318922,0.00650023220181569,0
19.98,-0.0037536191535568818,0.004731690266617802,-1.9176111757529535e-09,0.1557908646906494,-0.30186958278487797,0.34034778375373353,-1.1193721886593808,0.0006471428687298404,1.0000023079634681,16.613194284618693,1,-0.6752934842696341,0.2602457694851003,0.7289851647588887,2.782972093839568,-0.0015696641874688192,1.0000003947323524,2.6315490156568386,1,0.9462223930897862,-0.29034732046447126,0.9840802260381379,-0.3041682844155743,0.0020735905623152375,1.0000002669277708,1.0141085940695593,1,-1.390960406069459,-0.8601436905432683,1.643953482536537,-2.5878390471650947,0.0012748587827940139,1.0000000333286805,0.22219120382020194,1,-2.706444727613071,-4.591473107991879,5.337265090078291,-2.1041860583337884,-0.016543441902179348,0.9999999731241567,0.006508454896822964,0
20.0,-0.003753619149314292,0.004731690265850888,-1.9213349218907827e-09,0.29549232438111583,-0.11381467808442795,0.3115269361935836,-0.38925053853531344,0.0006521082130444472,1.0000025261189969,18.078940469551142,1,-0.7129687090829409,0.11881289111445191,0.7292678328422911,2.984065973052019,-0.0016399612055213659,1.000000393851495,2.6256766338048143,1,0.9759210200070699,-0.16615157976612407,0.983552909797744,-0.17429308645781952,0.002083417704512694,1.0000002465232305,1.0181968681921307,1,-1.3348127645796426,-0.9358145769533877,1.6386591965864368,-2.530484120199359,0.0012573758784657533,1.0000000333965455,0.22264363618457444,1,-2.6588759793317265,-4.616458328579632,5.3348608396117685,-2.094117018330584,-0.016640299551395055,1.0000001854109055,0.0065167500348200305,0
20.02,-0.0037536191494632076,0.004731690265044699,-1.9250389650393718e-09,0.2930368437362584,0.129527755382036,0.31199057376638717,0.41256587427559654,0.00066099758446286,1.000002901027302,19.869240242158433,1,-0.721416613046658,-0.02726381850795426,0.7293294861034019,-3.098120621259215,-0.0016951485784736763,1.0000003930395687,2.6202637907487234,1,0.9895660389866057,-0.03912995340105657,0.983307593687749,-0.04431557973775224,0.0020966177474130753,0.9999999533228887,1.021962007999658,1,-1.2738503259455631,-1.0081123469530178,1.6329103787835584,-2.472741028286996,0.001241764540615727,1.000000033495776,0.22330517283489598,1,-2.6110299426516157,-4.640962960421477,5.332442567794212,-2.0840388725663965,-0.01673195213300133,0.9999998401755403,0.006525117179103067,0
20.040000000000003,-0.0037536191550251834,0.004731690264192789,-1.928770034312355e-09,0.1500365607467061,0.31455174033615735,0.34142186950143555,1.139088163817352,0.0006663759104857963,1.000003211835742,20.924351963267586,1,-0.7003035903325524,-0.17205499421348364,0.7291677420909387,-2.897094076575355,-0.0017624877046539973,1.0000003923289023,2.6155260144057175,1,0.9869184895652824,0.08861369009426627,0.9833486109355688,0.08568908389642872,0.0021063390098623423,1.000000241571052,1.025337415794022,1,-1.2082433654988765,-1.0767390062227593,1.6267231428343665,-2.4145739610858072,0.0012263192200023536,1.0000000336265757,0.22417717183171745,1,-2.5629112278752957,-4.664983794877346,5.330010516639536,-2.0739515550457517,-0.016828781004743762,0.9999999810318021,0.00653355587457876,0
20.060000000000002,-0.003753619161858972,0.0047316902633306,-1.93255636059958e-09,-0.05179372320976869,0.3829077800572742,0.3829909590959997,1.7252655201046507,0.0006642500281523973,1.000003325782045,20.950940165174085,1,-0.6504693631273897,-0.3096799081939014,0.728789104970022,-2.695917793864285,-0.0018466664593463089,1.0000003917478146,2.6116520969540757,1,0.9680235518517293,0.21496156987645457,0.9836753142964593,0.21564519480225997,0.0021120641955619966,1.0000002745197938,1.0282632776008087,1,-1.1381795649761024,-1.1414007322869333,1.620115226636529,-2.355947221820291,0.0012118107122382439,1.000000033789153,0.22526102032630047,1,-2.5145244845772945,-4.688517661885283,5.3275649170843895,-2.0638549994236377,-0.016930671625818156,1.0000001821899553,0.006542065643708637,0
20.080000000000002,-0.003753619167028666,0.0047316902624943095,-1.9363892468649002e-09,-0.24030297857972846,0.3461698680578413,0.4218292022599083,2.197483852030627,0.0006578333149634174,1.0000032333303241,20.311986416819163,1,-0.573898176813643,-0.4345300361902351,0.7282087356899208,-2.4944755055456187,-0.0019285096210199285,1.0000003913196212,2.608797474662697,1,0.9332095453586726,0.33782258431933654,0.9842820771278504,0.34547800175392074,0.0021181558956228736,0.9999999576243075,1.0306879412808192,1,-1.0638645557322037,-1.2018086749495407,1.6131060509190414,-2.2968253027107512,0.0012002957775414786,1.0000000339837145,0.22655809736822288,1,-2.4658744014124667,-4.7115614304693665,5.325105994366792,-2.0537491415284044,-0.017031612485213128,0.9999998355740648,0.0065506459871634195,0
20.1,-0.003753619170058923,0.004731690261700681,-1.9402458060341354e-09,-0.378464977751931,0.23724298148200215,0.45030273544588345,2.5984679116903533,0.0006508009945021769,1.0000029867881617,19.36936377625238,1,-0.47364999223630005,-0.541485236885223,0.727449908915676,-2.2926609787901846,-0.0019803762051355833,1.0000003910617907,2.607078605320275,1,0.8830805755070548,0.4551721431466461,0.9851584158936729,0.47511519341999225,0.002127520757365915,1.0000002134521366,1.032569105953342,1,-0.9855224681727167,-1.2576798727420544,1.6057167769041503,-2.237172969926315,0.0011933739939735239,1.000000034210459,0.22806972578204054,1,-2.416965705918831,-4.734112009249701,5.322633977023732,-2.0436339192601993,-0.017127393674512797,0.99999998897115,0.006559296384681814,0
20.12,-0.0037536191713586735,0.004731690260951972,-1.944104277736003e-09,-0.4507194522291826,0.08768579619363767,0.46520108798161824,2.9618992694255324,0.0006444973298148434,1.0000026811244307,18.348300383786906,1,-0.3537524798172309,-0.6261161816533284,0.7265431700213375,-2.090382151737988,-0.0019748793245098965,1.0000003909852686,2.6065684573433043,1,0.81850310909205,0.5650901166094421,0.9862892235472652,0.6044883073694863,0.002140673487025149,1.0000002988844638,1.033874772012222,1,-0.9033964752845656,-1.3087382955853224,1.5979703575247057,-2.1769553676138536,0.0011922379935342881,1.0000000344695679,0.22979711843962008,1,-2.3678031643147506,-4.756166346954176,5.320149099093701,-2.0335092718495305,-0.017215860753873862,1.0000001786819899,0.006568016296565499,0
20.14,-0.003753619171334532,0.004731690260243301,-1.947947823877083e-09,-0.45158668514556344,-0.0750558932490537,0.46539155381363695,-2.9696700874861155,0.0006384485312565214,1.0000024258209697,17.387074130192037,1,-0.2190553855588975,-0.6848662870566212,0.7255252129333243,-1.8875648789287336,-0.0018933421663073794,1.0000003910939865,2.6072932442261467,1,0.7405869866493991,0.6657958772799475,0.9876551004311253,0.7335340238567847,0.0021564169233877105,0.9999999660547084,1.0345839000954546,1,-0.8177493155263552,-1.3547160232066242,1.5898915852134436,-2.116138144864031,0.0011979705288552044,1.0000000347611986,0.23174132379873932,1,-2.3183915812905025,-4.777721432931626,5.317651599685096,-2.023375139468156,-0.01729589125482966,0.9999998312347604,0.006576805167462115,0
20.16,-0.003753619170210623,0.004731690259567125,-1.9517637271995736e-09,-0.38102253822388227,-0.22519031485335905,0.4508617415841057,-2.6068394130188404,0.0006317954588403972,1.0000023011115302,16.589516997817913,1,-0.07504994766731486,-0.7152060251444634,0.7244375045223607,-1.6841561444884805,-0.0017328270696808244,1.0000003913845847,2.6092305643879907,1,0.6506615704943798,0.7556795580654162,0.9892327705239123,0.8621953077732243,0.002173067643150736,1.0000001831230558,1.034686759322616,1,-0.7288637773838765,-1.395354568445241,1.5815071353348746,-2.054687606584919,0.0012115989375017584,1.0000000350854747,0.23390316487930948,1,-2.268735799793401,-4.798774297665345,5.315141722291547,-2.0132314630881964,-0.017366786888579674,0.9999999969296252,0.006585662432015089,0
20.18,-0.003753619167939008,0.004731690258914952,-1.955540934912847e-09,-0.24436784075105594,-0.3353589717655532,0.42270869250219034,-2.2071933663822003,0.0006245415980168888,1.0000023265513824,16.066306914611797,1,0.07234246569218575,-0.7157522947821087,0.723324689603666,-1.4801265948466673,-0.0015073067477379856,1.0000003918463696,2.6123091298854915,1,0.5502478715152035,0.8333288354661887,0.9909955688079354,0.9904223716280012,0.002189079231917615,1.0000003189106863,1.0341849617221834,1,-0.6370431253155711,-1.4304063543173242,1.5728456034451257,-1.992570889261933,0.0012340096200011987,1.0000000354424736,0.2362831579727865,1,-2.2188407008053894,-4.819322013286445,5.31261971427146,-2.003078184469,-0.0174278544804752,1.0000001748925718,0.006594587520628574,0
20.2,-0.0037536191641547104,0.0047316902582759755,-1.9592673429838503e-09,-0.05685640678137537,-0.3741351571164164,0.38406739249106286,-1.7373093155711348,0.0006180753395498992,1.0000024655784845,15.976833229148651,1,0.21700648892519742,-0.6863457318618907,0.7222328207624439,-1.2754722397721394,-0.0012419200383871464,1.000000392461541,2.616410273646559,1,0.4410275891617557,0.8975507547031819,0.9929139836325555,1.1181734420471208,0.0022037853077931427,0.9999999783369657,1.0330911947511892,1,-0.5426114446257715,-1.4596363525787104,1.5639375352707985,-1.9297561632162927,0.0012659604912815597,1.000000035832211,0.23888140616096432,1,-2.168711203112505,-4.839361694087691,5.3100858266546975,-1.9929152462571127,-0.017477868852217908,0.9999998271645066,0.006603579863801732,0
20.220000000000002,-0.0037536191587723773,0.00473169025763125,-1.9629292271478027e-09,0.14519325175638434,-0.3085446390600314,0.3424170967698975,-1.154578280522745,0.0006164759932301307,1.000002665061539,16.55827082145378,1,0.3528855950279738,-0.628079611263026,0.7212074704512055,-1.0702151763611698,-0.0009650463479338136,1.0000003932057036,2.62137135694583,1,0.32481003568246586,0.947388327097944,0.9949562366063135,1.2454153217612831,0.0022188164772134755,1.000000151299677,1.0314286775469546,1,-0.4459138801669796,-1.4828238889794292,1.5548154483999606,-1.8662128635551092,0.0013082572061120577,1.0000000362546213,0.24169747519480242,1,-2.118352263065769,-4.85889049703809,5.307540315021766,-1.9827425922149438,-0.01751447611904343,1.0000000048946223,0.006612638894713807,0
20.240000000000002,-0.0037536191536597947,0.004731690256944775,-1.9665203163793388e-09,0.290517393064814,-0.12599139102285936,0.31243991227988155,-0.43141093771474176,0.0006245288459491018,1.0000028855451422,17.983096318700476,1,0.47424150533375387,-0.5432754997364475,0.7202918025251085,-0.8644032160624461,-0.0006999916781703292,1.000000394048664,2.626991093542194,1,0.20349790083838235,0.9821318354167635,0.9970888815936558,1.3721237470479364,0.0022368377342182875,1.0000003341116501,1.029230378129596,1,-0.3473167403459459,-1.4997646170568248,1.5455138447938457,-1.801911951146854,0.0013614068708712975,1.0000000367095387,0.24473025776459717,1,-2.067768874333093,-4.877905622298625,5.30498344334115,-1.9725601673060473,-0.01753580045538863,1.0000001708277093,0.006621764049950095,0
20.26,-0.003753619153393519,0.004731690256171169,-1.9700673184810946e-09,0.29669538203759893,0.11726153279484422,0.3111253440828064,0.37027665416263517,0.0006372944957602592,1.0000030529951325,19.78397147640682,1,0.5759082559075224,-0.43540311045029984,0.7195246878032475,-0.6581083489273472,-0.00046022305757141416,1.0000003949555938,2.6330372918706737,1,0.07905275386237656,1.0013249674223355,0.9992774063977142,1.498283544319076,0.0022520508301850555,0.9999999942121646,1.0265380374674506,1,-0.24720743445926327,-1.5102726588357451,1.5360692110141607,-1.7368262011770683,0.001423353013506808,1.0000000371966735,0.24797782352725778,1,-2.0169660676422185,-4.896404313740414,5.302415489368099,-1.9623679164297376,-0.01754841175412979,0.9999998233697562,0.006630954766069764,0
20.28,-0.0037536191587587346,0.004731690255301737,-1.9736300311060107e-09,0.1594402512180313,0.3077002675113549,0.33937132737594766,1.1036487447672432,0.0006472091617901576,1.0000030673675624,20.89561092693385,1,0.6535278407913125,-0.30894481630234255,0.7189389379956794,-0.451424005011359,-0.0002660713993199336,1.000000395888461,2.639256406176697,1,-0.04653891519114416,1.0047660523166282,1.001486832364096,1.6238885982315294,0.0022490154450745016,1.0000001188450016,1.0234010483853195,1,-0.1459942086126364,-1.5141829065957026,1.5265199909665894,-1.6709305185651044,0.0014893607695590453,1.0000000377155882,0.25143725452910065,1,-1.965948910515501,-4.914383859467118,5.2998367370662836,-1.9521657820278397,-0.017566344906610975,1.0000000128535251,0.0066402104709659135,0
20.3,-0.0037536191651148737,0.004731690254373942,-1.9772452598820767e-09,-0.041400823474583834,0.3824080574143542,0.38073403577785414,1.6970976981871069,0.0006501749946251113,1.0000029651396618,20.9701023298632,1,0.7037541214884432,-0.16920884259223792,0.718559764989138,-0.24446116993286407,-0.00011957252922271163,1.0000003968076387,2.645384258533919,1,-0.1712984312606971,0.9925047942987459,1.0036823023420696,1.748941667339811,0.002223520322245582,1.0000003442241285,1.0198752267376696,1,-0.04410564302804427,-1.5113534742424417,1.516906526504785,-1.6042022932694642,0.00155703801045809,1.0000000382656704,0.2551044692152412,1,-1.9147225069983982,-4.931841592341616,5.297247459882673,-1.9419537051438338,-0.01759375494412943,1.0000001664938465,0.006649530577613348,0
20.32,-0.003753619169822487,0.004731690253423868,-1.9809123863803735e-09,-0.23183214003621902,0.35050350640768696,0.41996587273711977,2.1742956075098525,0.0006469381149994732,1.0000028646415415,20.356400612557678,1,0.7244125794777857,-0.022098879398020313,0.7184035723973814,-0.03734354454940868,-3.013132707450278e-06,1.0000003976737073,2.651158048483057,1,-0.29328589512512204,0.9648349802272177,1.005829628914676,1.8734540675591178,0.0021817917026267127,1.0000000134294893,1.0160215123085468,1,0.05801012849951212,-1.5016682802199055,1.5072709860027598,-1.5366217924112284,0.0016260518696815166,1.0000000388461054,0.2589740356920079,1,-1.863291997382013,-4.948774890515162,5.294647922691371,-1.931731628169705,-0.017627739415429902,0.9999998198565259,0.006658914484060502,0
20.34,-0.003753619172727129,0.004731690252469757,-1.984619970099577e-09,-0.3732210316093605,0.24460170287473648,0.44910240118945877,2.578154965972613,0.0006411271729117104,1.000002826106794,19.423311137031675,1,0.714605621158557,0.12614869216838062,0.7184771586136546,0.16979802587887552,9.98181392279042e-05,1.0000003984493138,2.6563287580071613,1,-0.41062895006164835,0.9222836829605646,1.00789579943026,1.9974452277082597,0.0021289617089332424,1.0000000867241532,1.011904695091879,1,0.15988651724006475,-1.4850397365281724,1.4976572703841093,-1.4681725735393187,0.0016957804536761258,1.0000000394558461,0.26303897475739685,1,-1.8116625579183452,-4.965181177957599,5.292038390267493,-1.9214994951101239,-0.017666696148890076,1.000000020793728,0.006668361574152765,0
20.36,-0.003753619174181309,0.004731690251520162,-1.9883582610263906e-09,-0.44921383291284517,0.09649249422027728,0.4647697358261209,2.9429010431330003,0.0006354002645141394,1.00000282525779,18.402449578128454,1,0.6747563907565933,0.2692460190023604,0.7187773793309873,0.37683155303729865,0.0001963475560041303,1.0000003991009694,2.6606731289602408,1,-0.5215490640825371,0.8655974927956908,1.0098494390790647,2.120942144030311,0.002067586785273208,1.0000003491852825,1.0075922016368817,1,0.2610399362042513,-1.4614115100077067,1.4881108810850328,-1.3988419181172655,0.0017650793306055012,1.0000000400935833,0.2672905559269434,1,-1.7598394005277362,-4.98105792498877,5.2894191295217725,-1.9112572509679278,-0.017710865930752884,1.0000001618978545,0.006677871217227686,0
20.380000000000003,-0.0037536191743323794,0.004731690250580135,-1.992119718317864e-09,-0.45395627169171726,-0.06620396842707828,0.4657579641856047,-2.9886180414684267,0.0006299128281016683,1.0000027947041434,17.435278802061646,1,0.6065880975753188,0.4011378747135982,0.7192912925548985,0.5836299828468846,0.000285185384140558,1.0000003996006661,2.6640044403490166,1,-0.6243851548835501,0.7957262981097278,1.0116612285265942,2.2439787623459195,0.001999582263411312,1.0000000357182561,1.0031528973287633,1,0.36097165297932216,-1.4307613126683367,1.478678748116059,-1.3286212831563424,0.0018326096939970194,1.0000000407577136,0.2717180914779469,1,-1.7078277724986777,-4.996402648811641,5.286790408759631,-1.901004841434518,-0.01776117812881169,0.9999998166303864,0.006687442767762204,0
20.400000000000002,-0.003753619173227748,0.004731690249652883,-1.9958972807820885e-09,-0.387149516177614,-0.21768849132849308,0.45200218836723643,-2.6269907187867423,0.0006241894849388552,1.0000026834945648,16.62638216601403,1,0.5130402700800036,0.5162728132210938,0.7199967783470097,0.7900769882268857,0.0003584591723736396,1.000000399927206,2.6661813741115106,1,-0.7176144813273573,0.7138051020786954,1.0133042750902694,2.3665953064599203,0.001926639054519127,1.0000000559435378,0.9986559615683251,1,0.4591700731287465,-1.3931036678233328,1.4694090170465657,-1.2575067635527573,0.0018970815864834678,1.0000000414463102,0.2763087347094935,1,-1.6556329561798115,-5.011212914046782,5.284152496586496,-1.8907422128554454,-0.01781848502438583,1.0000000287026545,0.006697075565275613,0
20.42,-0.003753619170896371,0.0047316902487394095,-1.9996832228280637e-09,-0.25377860610282027,-0.33076442014039553,0.4245261279206609,-2.230075660637771,0.000618925496422842,1.0000025021308385,16.08504858334013,1,0.39812758941190657,0.6098466985414374,0.7208635928669358,0.9960721457203825,0.00040569775026980175,1.000000400067161,2.667114406377776,1,-0.7998708036872636,0.6211343102497121,1.0147544366566057,2.488837567845362,0.0018501506889101625,1.0000003490957585,0.9941698696665069,1,0.5551134825560219,-1.348492588507619,1.460350792611062,-1.185499555221411,0.001957427663260586,1.0000000421570934,0.28104728988486316,1,-1.6032602686639414,-5.025486333267764,5.281505661035052,-1.8804693123510274,-0.017883024121205453,1.0000001570470194,0.006706768934435438,0
20.44,-0.003753619167311024,0.004731690247837162,-2.0034688517564514e-09,-0.06833231462759712,-0.3742417178866291,0.38631120712705125,-1.7649842066536243,0.0006163489370453072,1.0000023322477578,15.966950660817387,1,0.2667505389191266,0.6780063091478005,0.7218547884951801,1.2015352226776896,0.00041886796483149363,1.000000400015406,2.666769373244588,1,-0.8699598738859771,0.5191588643800124,1.01599059902082,2.6107561699370456,0.0017718251507907196,1.0000000607561106,0.9897614807469567,1,0.6482732686406535,-1.2970240945879792,1.4515538369484398,-1.1126064073144,0.0020129941175924928,1.0000000428874063,0.2859160425170624,1,-1.5507150614641805,-5.0392205675376145,5.278850169102212,-1.8701860880704346,-0.017953789489293145,0.9999998136964535,0.006716522185680136,0
20.46,-0.0037536191626618225,0.0047316902469370925,-2.0072450221050864e-09,0.13440472940345735,-0.3149419779969891,0.34452037788064815,-1.1893866754911089,0.000618625769510809,1.0000022974379903,16.505741250363595,1,0.12446966625536639,0.7180039731512838,0.7229284117476027,1.4064093811988445,0.0003977540846156633,1.0000003997752152,2.6651681013133826,1,-0.9268723555232911,0.4094465353155426,1.0169949085070544,2.7324058179679245,0.0016942561634491705,1.000000027488668,0.98549522942094,1,0.7381176285638661,-1.2388384857480395,1.4430682217693842,-1.0388400501744373,0.00206380779840919,1.000000043634193,0.2908946193017313,1,-1.4980027201820576,-5.052413326945533,5.2761862873859355,-1.859892489606246,-0.018027795659642507,1.0000000365677777,0.006726334617323301,0
20.48,-0.0037536191582908966,0.004731690246018289,-2.0110071359893955e-09,0.2850899922594533,-0.1380530499173663,0.3134392761738943,-0.47334691280271896,0.0006262058616343358,1.0000024930284965,17.888382863724615,1,-0.022743395906100757,0.7282978790643035,0.7240393790602864,1.6106631933573292,0.0003507581990445173,1.0000003993579343,2.6623862283792206,1,-0.9697942935266128,0.2936656258486238,1.0177529613733893,2.853844543362882,0.001620383014346476,1.0000003441817829,0.9814324172157926,1,0.8241157589065461,-1.1741222799383135,1.4349439366669994,-0.9642195841520388,0.0021105766424907814,1.0000000443939834,0.29595988858930383,1,-1.4451286641670793,-5.065062371142818,5.273514285814013,-1.8495884683661052,-0.01810129341815243,1.0000001519490311,0.006736205519573512,0
20.5,-0.003753619157880237,0.004731690245050108,-2.014773231064082e-09,0.2998922508174631,0.10474766735961435,0.3103473685371033,0.32773950575682925,0.0006375721046096145,1.000002863110191,19.69635093638569,1,-0.1687648553942008,0.7085963667426775,0.7251414283536394,1.8142914441911844,0.0002782238178476851,1.0000003987822808,2.6585485387378442,1,-0.998115257273692,0.17356227728931461,1.018253947827717,2.9751329480123103,0.0015477544818082952,1.0000000881441373,0.9776305971546809,1,0.9057425032092211,-1.103109721481386,1.4272304596078857,-0.8887708104296864,0.0021529588870609754,1.0000000451628879,0.30108591868296825,1,-1.392098346166804,-5.077165509878043,5.27083444431926,-1.839273976711813,-0.018177739218324256,0.9999998110593796,0.006746134177313843,0
20.52,-0.003753619163116117,0.0047316902440268,-2.018591691368976e-09,0.16864434192084068,0.3004228324229222,0.33735418250569377,1.0677720640374597,0.000647248615571782,1.0000031902540345,20.86372330108773,1,-0.3075752097081264,0.6598477476018385,0.7261890578710952,2.0173147711025337,0.00016319837179141437,1.0000003980733412,2.6538222750090372,1,-1.01143427129224,0.050937523601952604,1.018490750246303,3.096333441821012,0.0014649806609398882,1.0000000022701,0.974143043584873,1,0.98248341468021,-1.026083760533333,1.4199762876160817,-0.8125264787618609,0.0021881717113889023,1.0000000459366005,0.3062440030047367,1,-1.3389172519668362,-5.088720603532666,5.268147048492194,-1.828948965521344,-0.018268882868966566,1.0000000443766397,0.006756119867192576,0
20.540000000000003,-0.003753619170105658,0.0047316902429873344,-2.022496599883572e-09,-0.03099055753875169,0.38152639106092956,0.37846658658684657,1.6685921337801195,0.0006520523732971115,1.0000033255218514,20.98737118446641,1,-0.4335024008364867,0.5841797730833934,0.7271393763900887,2.219778265470366,6.450855662020602e-06,1.0000003972613427,2.648408951577254,1,-1.0095636270601485,-0.07237580336319359,1.0184600132979404,-3.0656758347824997,0.0013655242622073894,1.0000003347631246,0.9710182952546711,1,1.0538401704332727,-0.9433764083599668,1.4132284178979246,-0.7355264408904794,0.0022148771069214973,1.000000046710413,0.31140275428770503,1,-1.2855909000219137,-5.0997255636582635,5.265452372785389,-1.8186133847293975,-0.018376980028865002,1.0000001466119712,0.00676616185424188,0
20.560000000000002,-0.00375361917558352,0.004731690241976174,-2.026482765447868e-09,-0.22323773605673441,0.3545553109500198,0.4180709682004491,2.1509019382940977,0.0006551919820556718,1.0000032509044694,20.40002121175927,1,-0.5414428625053713,0.48479465249583936,0.7279537836788869,2.4217491885552347,-0.00017278728625956912,1.000000396380281,2.642535206567246,1,-0.9925306413220445,-0.1945362432116712,1.018162186038662,-2.944460540634689,0.001250760871434655,1.0000001173935975,0.9682997557097546,1,1.1193362508338958,-0.8553683803430234,1.4070318041032397,-0.657817704592863,0.0022341766525637336,1.000000047479243,0.31652828673494804,1,-1.2321248410787633,-5.110178353514178,5.262750680387617,-1.808267186253664,-0.018495739938649065,0.9999998087233475,0.006776259393694545,0
20.580000000000002,-0.0037536191789050077,0.0047316902410187225,-2.0305269392978387e-09,-0.3678096885524344,0.251771057827738,0.44786229484026135,2.557735995835602,0.0006591196794338698,1.0000030148725814,19.47712337613267,1,-0.6270537403562931,0.3658265372002516,0.7285994291927165,2.6233139440445883,-0.0003576205986963165,1.0000003954664705,2.6364431367837793,1,-0.9605773928739426,-0.31371689380462925,1.0176015193525139,-2.8231427288175928,0.0011233966358564224,0.9999999810811427,0.9660253400866573,1,1.1785227753021785,-0.7624879506271987,1.4014288095883813,-0.579454361248153,0.0022475656552804453,1.000000048237674,0.32158449454856486,1,-1.1785246577894708,-5.120076988604132,5.260042232475477,-1.797910324636737,-0.01861946190201291,1.0000000521168726,0.006786411732873129,0
20.6,-0.0037536191804344574,0.004731690240124825,-2.034604761579073e-09,-0.4475256897273161,0.10518934274958447,0.4642965401893996,2.923870455935643,0.0006628044221295198,1.0000027099440547,18.456860099028003,1,-0.6869115027097311,0.23216876439915882,0.7290504249203865,2.8245744661810512,-0.0005374832492009433,1.0000003945570555,2.630380369822674,1,-0.91415843353954,-0.4281285631586294,1.0167860222499325,-2.701660374429468,0.00098614225519166,1.0000003212283137,0.9642271602049525,1,1.2309843659617268,-0.6652089607332587,1.3964586585501533,-0.5004973695727359,0.0022563329603660027,1.0000000489800143,0.3265334278293766,1,-1.1247959643146848,-5.129419537212304,5.257327292050783,-1.7875427565138415,-0.018744245731514828,1.0000001410442998,0.0067966181103991715,0
20.62,-0.0037536191805822815,0.004731690239296123,-2.038695468518925e-09,-0.4561438723347395,-0.05738747288794442,0.4660838883634,-3.0075353717355267,0.0006659917477181191,1.0000024462205694,17.484028009861944,1,-0.7186337759389188,0.0892780758022005,0.7292887893144081,3.0256441648746955,-0.0007129950743140877,1.0000003936885842,2.624590560722851,1,-0.8539364334054202,-0.5360428262939873,1.0157273809938328,-2.5799534420187387,0.0008432107716963175,1.0000001479236533,0.9629312387286014,1,1.2763448937623523,-0.5640479485683685,1.3921568953847954,-0.42101419027784426,0.0022616437665870246,1.0000000497003647,0.33133576525139635,1,-1.070944405916805,-5.13820412094008,5.254606124409084,-1.7771644402564883,-0.01886704030584536,0.9999998066920623,0.006806877753681942,0
20.64,-0.003753619179610675,0.004731690238530584,-2.042781515991521e-09,-0.39311044373087806,-0.2101436454790191,0.4531065578273397,-2.6470448500996313,0.0006689222429242902,1.0000023080644622,16.664072943513222,1,-0.7209624665422897,-0.05703731439179896,0.7293050874985133,-3.0565417478672208,-0.0008988780377575566,1.0000003928957497,2.61930499865518,1,-0.7807756878551968,-0.635814906745805,1.014440839852471,-2.457964647277097,0.0007012155609773605,0.9999999645661491,0.9621572424365828,1,1.3142729499340449,-0.4595603931298861,1.3885548683407871,-0.34107826949152187,0.0022646365154002173,1.0000000503927067,0.3359513783188158,1,-1.0169756585432146,-5.146428915243631,5.251878996962479,-1.7667753358550122,-0.018985005189786682,1.0000000597762169,0.006817189875298431,0
20.66,-0.0037536191774913217,0.004731690237824357,-2.0468461986097863e-09,-0.26306635824603813,-0.3260371795182353,0.42631692225045087,-2.2527759439916686,0.0006715366895132464,1.0000023205011945,16.10501092895737,1,-0.6938071146062293,-0.20083933073562718,0.7290987547426793,-2.855489560305823,-0.0011157217483436716,1.000000392210176,2.614734506106654,1,-0.6957333874171382,-0.725906270357335,1.0129450414560701,-2.3356402180567346,0.000569741030962931,1.0000003040146257,0.9619182316888744,1,1.3444868804397663,-0.35233610274145105,1.3856792534742437,-0.2607683735511422,0.002266481208449259,1.0000000510509965,0.3403399763574593,1,-0.9628954283997392,-5.154092149972491,5.2491461790946,-1.7563754049335638,-0.01909509832300718,1.0000001352548427,0.006827553668424847,0
20.68,-0.0037536191738685282,0.004731690237170547,-2.0508711413153025e-09,-0.07978538439137473,-0.374118836996138,0.3885485875272373,-1.7923653052003345,0.0006748141475565664,1.0000024503075753,15.95890980331976,1,-0.6382480189880351,-0.3362851535063008,0.7286781158421644,-2.654263487661724,-0.0013811440673677606,1.000000391659276,2.6110618389882068,1,-0.6000485335003045,-0.8049067754933823,1.0112618242570925,-2.2129306518000966,0.0004625640238762442,1.000000179066526,0.9622204551889089,1,1.3667592236618047,-0.24299380921257163,1.383551634006146,-0.18016778420132096,0.0022684525226077334,1.0000000516692724,0.34446181576597423,1,-0.9087094515147911,-5.16119210990983,5.246407942221004,-1.74596461087993,-0.019193556153112388,0.9999998049687465,0.006837968301830957,0
20.7,-0.0037536191685929674,0.004731690236553707,-2.0548354909971644e-09,0.12343532621952796,-0.32105963309088714,0.3466574534398845,-1.2238121791744023,0.0006800858859003236,1.000002643681815,16.45565582111222,1,-0.5564990952821544,-0.457849792718095,0.7280601009954357,-2.4527489861068252,-0.0017013229084919502,1.0000003912652768,2.608435179436404,1,-0.4951283752626069,-0.8715561713569319,1.0094159733655266,-2.089791462941914,0.0003970255932569939,0.9999999531964128,0.9630632005134961,1,1.380920402559903,-0.13217506477685223,1.3821881487580523,-0.09936337017694218,0.00227204672979185,1.0000000522417678,0.34827845189294115,1,-0.8544234932947085,-5.167727135313866,5.243664560652396,-1.7355429191379792,-0.01927517074382722,1.0000000673425404,0.006848432916015647,0
20.720000000000002,-0.0037536191632048872,0.004731690235940769,-2.058723553612085e-09,0.27921605897981816,-0.14998680171709308,0.31452422823570636,-0.5150607560285773,0.0006889080719919681,1.0000028614162222,17.79496033457752,1,-0.4518308462920331,-0.5605399782813578,0.7272696568945041,-2.2508424529548634,-0.002064716194169925,1.0000003910444089,2.6069627260814356,1,-0.3825322503936682,-0.924764679175211,1.007434924443122,-1.9661839076500751,0.0003894646697868446,1.0000002835897348,0.9644386390780193,1,1.386861542040481,-0.02053757069633848,1.38159922196945,-0.018444558352129718,0.002278859534060976,1.0000000527630262,0.35175350724348164,1,-0.800043348070781,-5.173695622459363,5.240916315272744,-1.7251102975401822,-0.01933417345027315,1.0000001292527767,0.006858946622664791,0
20.740000000000002,-0.0037536191621493973,0.004731690235285067,-2.0625495339432476e-09,0.3026150741495576,0.09199786138095835,0.30965738748036625,0.28495294308061153,0.0007014180182489139,1.000003038169549,19.60653656161455,1,-0.32845438525157783,-0.6400929334557817,0.7263388571121929,-2.048455344982809,-0.0024471422789166756,1.0000003910062538,2.6067083587802653,1,-0.26395273875621983,-0.9636323296613104,1.0053484237365837,-1.8420756680866177,0.00044219380327070685,1.000000210076878,0.9663316476059154,1,1.384536309715331,0.09125190632284991,1.3817893886254513,0.062497766890308656,0.0022892783717878683,1.0000000532280138,0.3548534246656216,1,-0.7455748386377787,-5.1790960241781745,5.238163501030611,-1.714666715563935,-0.019371984209838836,0.9999998035561348,0.006869508506594761,0
20.76,-0.003753619167006153,0.004731690234569823,-2.0663641622439832e-09,0.17763116901302808,0.29271569719884777,0.3353700949406418,1.0314447664706914,0.0007115536716163153,1.000003069963821,20.828735390544804,1,-0.191368279487289,-0.6931531986619809,0.7253057127368818,-1.8455178877874494,-0.002803929727872773,1.0000003911532551,2.607688367995165,1,-0.1411940802483523,-0.9874666685075937,1.0031881404310075,-1.7174414790063677,0.0005336947611388697,0.9999999472518755,0.9687195317635701,1,1.3739617121447967,0.20252485311980717,1.382757227641026,0.14337241106174192,0.002301770075510425,1.0000000536322267,0.3575481775630538,1,-0.6910238157833806,-5.183926850398282,5.235406425430604,-1.7042121416576723,-0.01940030469759889,1.0000000748038596,0.006880117625586334,0
20.78,-0.0037536191733223614,0.004731690233825987,-2.0702013783790996e-09,-0.02057648007739959,0.3802511163990955,0.37618662946644005,1.6397410019991987,0.0007136836593977751,1.0000029761665914,21.002830524603016,1,-0.04617116500147905,-0.7174203082363623,0.7242126928875217,-1.6419822337032008,-0.003032405698575605,1.0000003914803905,2.6098692696447143,1,-0.016147871980749212,-0.9957983880976712,1.0009872403638138,-1.592263698288135,0.0006341413740726056,1.0000002604336855,0.9715715069913771,1,1.35521781608312,0.31261837560279515,1.3844953886052325,0.22408903569068991,0.002315828500869201,1.0000000539717877,0.3598119176944344,1,-0.6363961578093679,-5.188186668681741,5.232645391613135,-1.6937465429660121,-0.01942339472033505,1.0000001230476157,0.006890773011888106,0
20.8,-0.0037536191780886165,0.004731690233086195,-2.0740566304341956e-09,-0.21453032502798813,0.35831041991042256,0.41614254029211234,2.127303824926179,0.0007093624269849836,1.0000028736758038,20.442975666771556,1,0.10115535402361744,-0.7117599851930536,0.7231049929494914,-1.4378248559824338,-0.0030190852823884498,1.000000391975091,2.613167273449153,1,0.10923384971659879,-0.9883943981421319,0.9987799529892326,-1.4665328183664617,0.0007177565742972701,1.00000024014333,0.9748482087844726,1,1.328446404594967,0.4208824202940869,1.386990704129946,0.304559293302022,0.0023323603544537323,1.0000000542435277,0.36162351804256343,1,-0.5816977700453024,-5.191874104759222,5.22988069505953,-1.6832698880891224,-0.019436765286162967,0.999999802456469,0.006901473682586745,0
20.82,-0.0037536191810239113,0.004731690232363812,-2.0779130282741476e-09,-0.36223894295316655,0.2587336857043594,0.4465809618237595,2.537216213022219,0.000702488740693351,1.0000028305265012,19.530923043553017,1,0.24448710633111742,-0.6762718306096582,0.7220286307447102,-1.2330479339123133,-0.0027497972199340185,1.0000003926176315,2.6174508764425473,1,0.23296792725686838,-0.9652678037917876,0.9966011137303857,-1.3402479089976127,0.0007779358846565519,0.9999999468063177,0.9785022643455102,1,1.293848618478049,0.5266866681961171,1.3902244045465346,0.3846978968052708,0.0023520904363777766,1.0000000544450487,0.36296699148017086,1,-0.5269345843528002,-5.194987843057834,5.2271126320778585,-1.67278214791634,-0.01943666584721352,1.000000082148356,0.006912218652719304,0
20.84,-0.003753619182465951,0.0047316902316603794,-2.0817561051725275e-09,-0.44565920249094,0.11375636829498259,0.46377939638557003,2.9048141642783505,0.0006956758040288654,1.000002828962246,18.511620897431296,1,0.3778125253001195,-0.6123074289361136,0.7210285183846291,-1.0276796188736508,-0.00232840974249783,1.0000003933820163,2.622546775280552,1,0.35307147971526587,-0.9266842332764724,0.9944856285032642,-1.2134169688508858,0.0008325565413914532,1.0000002350178747,0.9824800272310521,1,1.2516816688933,0.629426933304264,1.3941724267193516,0.464423602638245,0.002375237579648828,1.0000000545747665,0.36383177698249297,1,-0.47211255861820833,-5.19752662722218,5.2243415038466825,-1.662283295055142,-0.01942180044261394,1.000000116649195,0.00692300694434146,0
20.86,-0.0037536191825798277,0.004731690230972616,-2.085575268907791e-09,-0.4581476392748446,-0.048629117666228024,0.46636485479946144,-3.026412659549956,0.000689724416736586,1.0000028031729475,17.53338535961548,1,0.4954919927733735,-0.522434457309557,0.7201466121359434,-0.8217732284485879,-0.0018846466179934396,1.0000003942370261,2.628246840424439,1,0.467594954224578,-0.8731639950900436,0.992467856825511,-1.0860571169887376,0.0009031352060702454,1.0000002683994222,0.9867227205944932,1,1.2022547377271644,0.7285309225438469,1.3988057996661674,0.5436600829452115,0.0024016693309020522,1.0000000546319323,0.3642128814381716,1,-0.417237676232528,-5.199489260630481,5.221567616664342,-1.6517733033359316,-0.019392385071492924,0.9999998016714952,0.006933837589923162,0
20.880000000000003,-0.003753619181447996,0.004731690230294825,-2.0893623454629195e-09,-0.3988944476862627,-0.20258057543759103,0.4541667347301532,-2.6669848058672074,0.0006843663473450693,1.0000026987481827,16.702659403071465,1,0.5925091031666695,-0.4103448276064047,0.7194201472637765,-0.615405391199027,-0.0015002635356992696,1.0000003951473104,2.6343154034302567,1,0.5746562601351085,-0.8054796298867993,0.9905809694845146,-0.9581945765600475,0.0009983277785903676,0.9999999517201403,0.9911665058592497,1,1.1459242059513808,0.8234632439206374,1.4040910928723842,0.6223366661831828,0.0024310412033127266,1.0000000546166312,0.36411087460799574,1,-0.36231594555817426,-5.200874606907209,5.218791281187676,-1.6412521475612367,-0.01934940174061129,1.0000000893643965,0.0069447096302731985,0
20.900000000000002,-0.003753619179096629,0.004731690229618998,-2.0931104098217967e-09,-0.27220751173464597,-0.3212013560932214,0.42806885573333575,-2.2752615427666107,0.000679492341030149,1.0000025199738696,16.126314965577745,1,0.6647006530988918,-0.28070805707044516,0.7188799913531473,-0.408673095815629,-0.0012017169900711007,1.0000003960747141,2.6404980946988226,1,0.6724752635398193,-0.7246485057724027,0.9888563244661448,-0.8298644539359369,0.001115288990680142,1.0000002077956187,0.9957426288998765,1,1.0830883655718195,0.9137295832408707,1.4099909130513106,0.700388933078732,0.002462913817352853,1.0000000545297614,0.3635317429297219,1,-0.30735339938287803,-5.201681590433784,5.216012811483126,-1.6307198034128065,-0.0192940617519499,1.0000001100676559,0.006955622108290549,0
20.92,-0.0037536191754957084,0.004731690228933962,-2.0968134546370254e-09,-0.0911761847502897,-0.37378282111878425,0.3907639740700757,-1.8193913008558746,0.0006761198283253011,1.0000023428612166,15.952951394594642,1,0.7089521672357806,-0.13897468818095388,0.718549214510828,-0.20168966701355756,-0.0009791690117921426,1.0000003969798874,2.646532583261524,1,0.7594078057262642,-0.6319202136754568,0.987322870766337,-0.7011103230006098,0.001246902289099151,1.0000002939562724,1.0003781802403202,1,1.014181777485361,0.9988800045894178,1.4164644341996901,0.777759161971788,0.0024969059395576845,1.000000054372992,0.3624866142451768,1,-0.25235609436156736,-5.201909196858896,5.213232524097116,-1.620176247503104,-0.01922714649404998,0.9999998012024607,0.006966574060673498,0
20.94,-0.003753619170812422,0.0047316902282232,-2.1004666660509597e-09,0.11233715769986015,-0.3268920134252284,0.34881264040020005,-1.2577442874707707,0.0006759344039609966,1.0000022892281195,16.408502799313613,1,0.7233469326026315,0.008861731208289153,0.7184419841843256,0.0054201810528499185,-0.0008041077571686011,1.0000003978240786,2.6521605231135728,1,0.8339783301783509,-0.5287586773940979,0.986006583001699,-0.5719836140012539,0.0013872071185802146,0.9999999616618325,1.0049973062258377,1,0.9396694361096061,1.0785113635982886,1.4234679453449954,0.8543966239820748,0.002532891185966289,1.0000000541487055,0.3609913706583206,1,-0.1973301104472641,-5.201556473608355,5.21045073768618,-1.6096214576356676,-0.01914806523778719,1.0000000964405518,0.006977564510359318,0
20.96,-0.0037536191661704894,0.004731690227459938,-2.1040702886596097e-09,0.2729359368329815,-0.16175278624059228,0.3156871391601596,-0.5563780908309255,0.0006801039994110441,1.000002461652956,17.703689948293118,1,0.7072588866397691,0.15653227346636145,0.71856286730728,0.21252596001956692,-0.0006433218706729401,1.0000003985709707,2.6571398050285286,1,0.8949101565380791,-0.4168190863696747,0.98492993711319,-0.44254280704347115,0.0015337060037595017,1.0000001792111823,1.009522656152202,1,0.8600408929660791,1.1522688534708516,1.430955400329612,0.9302577333536445,0.0025708247699461843,1.0000000538599256,0.3590661704065356,1,-0.14228155031194423,-5.200622530393693,5.207667775211814,-1.5990554132272807,-0.01905516829003123,1.0000001033134298,0.006988592462741102,0
20.98,-0.0037536191650549213,0.004731690226607377,-2.1076461045183015e-09,0.30486138098778853,0.07905758399662818,0.30906405164647904,0.2420938871454274,0.0006884294554690609,1.000002824368938,19.515293564725813,1,0.6613831345279578,0.2977755139350867,0.7189065925075894,0.4194973705600716,-0.0004785454745111487,1.0000003991884385,2.661256256192685,1,0.9411524375295081,-0.29791997060911785,0.984111446702729,-0.3128524378000469,0.001681780940440774,1.0000003159439936,1.0138769428564822,1,0.7758044768426299,1.2198467303066438,1.4388789573553278,1.0053060605920299,0.0026090489570470576,1.0000000535102351,0.3567349013357835,1,-0.08721653875738694,-5.199106539718168,5.204883970736501,-1.588478094882663,-0.01895283232525937,0.9999998010501127,0.006999656905508212,0
21.0,-0.00375361916976843,0.004731690225650406,-2.1112490289007524e-09,0.1863800126568453,0.28459261207943587,0.3334373119582607,0.9947687668333183,0.0006941554717239307,1.0000031665590752,20.790782937471704,1,0.5877020202688048,0.4266199842375557,0.7194582991275464,0.6262102703646445,-0.0003187613110907377,1.0000003996500757,2.6643338376880332,1,0.9719028822780289,-0.1740109525170769,0.9835652779192198,-0.18298192643142422,0.0018194575296989909,0.9999999761360466,1.0179846231693996,1,0.6874817293701759,1.2809882856635075,1.4471895077352,1.0795122228198024,0.002643749341755982,1.0000000531036881,0.35402458676470644,1,-0.03214122211492848,-5.1970077373794865,5.202099669686022,-1.5778894818211444,-0.01885622415241156,1.0000001033656136,0.007010756805479199,0
21.02,-0.0037536191767645944,0.004731690224621772,-2.1149261343958448e-09,-0.010167642459716651,0.37857377838534345,0.37391187892253885,1.6105837885639327,0.0006927790682558116,1.0000033233454764,21.016220926211407,1,0.48938907374566587,0.5376505456309197,0.7201942570414184,0.8325522974798693,-0.0001793771031276585,1.0000003999364295,2.6662428636022573,1,0.9866254309942113,-0.04713691089147243,0.9833009381600849,-0.053004252659910864,0.0019405319769118746,1.0000001497128301,1.02177361598003,1,0.5956021536907351,1.3354851500870304,1.4558371841563662,1.15285368089811,0.0026732598112911474,1.0000000526447146,0.3509647632029831,1,0.022938232365705434,-5.19432542297086,5.199315211712875,-1.5672895510545448,-0.018774116986308275,1.0000000963972229,0.00702189110238295,0
21.040000000000003,-0.0037536191824701277,0.004731690223566251,-2.1186850954202363e-09,-0.2057036161979971,0.3617541305820804,0.4141935106579273,2.1035077142092193,0.0006874466555727859,1.000003267162071,20.484867045151876,1,0.37065725815412265,0.6262444385651569,0.7210829804025863,1.0384278106898082,-6.577028800045869e-05,1.0000004000359124,2.666906083337626,1,0.9850622270328485,0.0806005283402461,0.9833230536908822,0.07700547045914069,0.0020480467254126327,1.0000003335643963,1.0251769273792315,1,0.5006983517369833,1.3831760208133492,1.4647718188694756,1.2253144568245105,0.0026983056739118927,1.0000000521380288,0.34758685856606913,1,0.07801563713693752,-5.191058960380198,5.1965309237219,-1.556678280155914,-0.018705095022159782,0.9999998012146961,0.007033058708835564,0
21.060000000000002,-0.0037536191860507995,0.0047316902225121695,-2.1225127619026174e-09,-0.35649193126602585,0.2654755608160289,0.4452659694947718,2.5165877355857456,0.0006808228357396758,1.0000030424608817,19.58430666317405,1,0.23656133192992346,0.6887653600954019,0.722086680829866,1.243761911861035,1.5639459649451612e-05,1.0000003999452158,2.6663014396190823,1,0.9672394293472195,0.20708311989907932,0.983631263708998,0.20697148292090592,0.002145930831802354,0.9999999945350081,1.02813421473527,1,0.4033016032382622,1.4239449109662068,1.4739433551135266,1.2968847757597266,0.0027195892671264764,1.0000000515885388,0.34392359188810023,1,0.13308478498338963,-5.1872077782843355,5.19374712699193,-1.5460556485947377,-0.01864701157050676,1.0000001101286145,0.0070442585143351815,0
21.080000000000002,-0.0037536191878170264,0.00473169022147318,-2.126393396431614e-09,-0.4435917307466893,0.12218193572328612,0.46322194133254996,2.885719984323185,0.0006744107515513237,1.0000027391651738,18.56638153297481,1,0.09276646321991334,0.722707272383173,0.7231629875115327,1.4485033749049856,5.5068762930103033e-05,1.0000003996693052,2.664462035235061,1,0.9334666379221895,0.3302166075287353,0.9842202299278269,0.336818888739603,0.0022366980169269053,1.0000001197873238,1.0305932117469458,1,0.303937919180983,1.4577190177366262,1.483302220116247,1.3675606549596917,0.0027372058048047154,1.000000051001262,0.34000841415429883,1,0.18813944966242188,-5.182771370637555,5.190964141445375,-1.5354216374813863,-0.018599214778020824,1.0000000893299963,0.007055489388252876,0
21.1,-0.0037536191881859184,0.004731690220455591,-2.1303140432249457e-09,-0.4599424312649147,-0.03993830319925382,0.46660267098878055,-3.045262620842344,0.0006684226823510422,1.0000024677066108,17.583061739094948,1,-0.05470368081652022,0.7267833397414636,0.7242668258030908,1.6526263916851898,4.512751973091814e-05,1.00000039922102,2.6614734662508,1,0.8843299534055225,0.4479706489861736,0.9850797562037326,0.46647514285146774,0.002321665882494785,1.0000003461600067,1.032510945775758,1,0.20312458390121674,1.4844663024241003,1.4927996539724335,1.437343459738347,0.0027507339190170426,1.000000050381252,0.3358750134825415,1,0.24317338655555354,-5.17774929715492,5.188182286142149,-1.5247762292678289,-0.01856169696252941,0.999999801695954,0.007066750181726727,0
21.12,-0.0037536191874509134,0.00473169021946314,-2.134264110061068e-09,-0.4044757447959306,-0.195007291293976,0.4551844898058012,-2.686824196374447,0.0006621625579330315,1.0000023163481118,16.74189339992059,1,-0.19972621375492913,0.7009589812050903,0.7253523543587247,1.8561311312819415,-1.5285276392620898e-05,1.0000003986203156,2.65746877042602,1,0.8206789383552189,0.5584169295436836,0.9861950139641702,0.5958714658818192,0.002400972264222307,1.0000000162041793,1.0338547011225114,1,0.10136718313195613,1.5041928686428132,1.502387990647816,1.5062394417560472,0.0027595247594341954,1.0000000497335315,0.33155687643175485,1,0.2981803333308501,-5.172141183790008,5.185401878734862,-1.5141194076742934,-0.018534363781402573,1.0000001167188417,0.007078039729082163,0
21.14,-0.0037536191856038853,0.004731690218498857,-2.1382329006350287e-09,-0.281176242820683,-0.31626487642174916,0.4297848148342257,-2.2975504092572674,0.0006552549911875441,1.0000023156198679,16.148719169298797,1,-0.33633355338202414,0.6464311376211591,0.7263748706191924,2.0590431771408255,-0.00011994117136652027,1.000000397893219,2.652621460911522,1,0.7436079745893791,0.6597644308976476,0.9875468656599521,0.7249441444891819,0.0024743686763447053,1.0000000899977994,1.0346026939013615,1,-0.0008428975963207285,1.5169402177998526,1.5120208926777985,1.5742592731143503,0.002763089644638535,1.0000000490630332,0.3270868877951025,1,0.35315401061634044,-5.165946723206943,5.18262323482566,-1.503451157767571,-0.018516552440294303,1.0000000821229509,0.007089356848814607,0
21.16,-0.0037536191823057145,0.004731690217563866,-2.1422069708398883e-09,-0.10247759076620051,-0.3732427991561236,0.3929615359800102,-1.8460907609169777,0.0006492390849369506,1.0000024359594843,15.948791482695913,1,-0.45895275942066455,0.5655582625810899,0.7272926064345582,2.261411957826367,-0.0002558948008630681,1.0000003970705764,2.647137176553575,1,0.6544327043219679,0.7503909678427791,0.9891122745819237,0.8536356819903749,0.0025419742649433223,1.0000003532773962,1.0347444382897337,1,-0.10303052880463108,1.5227824517671869,1.5216535437665437,1.6414175870785261,0.0027614257583986,1.0000000483745461,0.32249697403093175,1,0.4080881226845128,-5.159165675247011,5.1798466674343056,-1.49277146616886,-0.018506475665256466,0.999999802493127,0.007100700344021015,0
21.18,-0.0037536191773462225,0.00473169021665221,-2.1461687670087937e-09,0.10114230200764272,-0.332447831652605,0.3509900955626519,-1.291226747993301,0.0006478701185092106,1.0000026231641759,16.36392035538173,1,-0.5626212863829517,0.4617471712826075,0.7280683506305017,2.4633083183451427,-0.0004046714207180348,1.0000003961866715,2.6412444764463325,1,0.5546623904247414,0.8288702886470186,0.9908647863296773,0.9818957722182668,0.0026049530212972514,1.0000000405009912,1.0342807996668977,1,-0.2047384784776889,1.5218234817077527,1.53124280315668,1.707732533672228,0.0027552823217013374,1.000000047672671,0.31781780646783286,1,0.46297635814772253,-5.151797867389332,5.177072487006721,-1.4820803214571516,-0.018500368234345015,1.0000001231258568,0.007112069002809332,0
21.2,-0.0037536191719649333,0.004731690215741543,-2.1501027815812312e-09,0.26628522872379684,-0.1733511715119707,0.31693068428186066,-0.5973490748009228,0.0006541573797970837,1.0000028375514816,17.614210746563547,1,-0.6431728185655814,0.3393037648281715,0.7286708504037367,2.6648213918824375,-0.0005455163224279854,1.0000003952777883,2.635185255348224,1,0.44596912597656435,0.893994241584727,0.9927750644782554,1.1096820780106158,0.002665460951879654,1.0000000610063295,1.0332237460536957,1,-0.3055286753876149,1.5141942910535662,1.5407473236480187,1.7732253564694374,0.002746129662132445,1.0000000469617856,0.3130785703152533,1,0.5178123906641157,-5.143843195205141,5.17430100383648,-1.471377714781627,-0.018492581726105083,1.0000000747875093,0.007123461600662215,0
21.220000000000002,-0.003753619170404234,0.004731690214793824,-2.1540188417656925e-09,0.3066582868559792,0.06593203339339021,0.3085686475323536,0.19910596824330273,0.0006661180857932164,1.000003021889403,19.422249433698564,1,-0.697388728148011,0.20325492728142006,0.7290759547340216,2.8660549287726895,-0.0006698594753019649,1.000000394380777,2.6292051788589874,1,0.3301548634887757,0.9447897238330958,0.9948114627276067,1.2369608018103784,0.002719401452882368,1.0000003547072132,1.0315958240291674,1,-0.4049831337282481,1.5000502906824027,1.5501276334597098,1.837919993113504,0.002734339714328655,1.0000000462460192,0.3083067951873845,1,0.5725898796541231,-5.135301622804473,5.17153253572501,-1.4606636398044215,-0.01848217537416114,0.9999998036049554,0.007134876905622835,0
21.240000000000002,-0.0037536191749600045,0.004731690213795209,-2.1579641988275777e-09,0.1949162056269268,0.2760543532839001,0.33155318280907187,0.9576792760738021,0.0006766046210672286,1.0000030709350995,20.749435807011526,1,-0.7231122405822124,0.05914875807614836,0.7292674742667624,3.067123218858447,-0.0007960072534949256,1.000000393531668,2.6235444523809246,1,0.2091172225515472,0.9805303353134374,0.9969406246569562,1.3637070457502705,0.0027515115240369986,1.0000000668308877,1.0294293940490116,1,-0.5027045795643542,1.4795687954345347,1.559346191629648,1.9018426976298992,0.0027171624462413676,1.000000045529236,0.30352823950312063,1,0.6273024710288141,-5.126173183274291,5.168767411720444,-1.4499380903077026,-0.018479423683804192,1.000000129339512,0.007146313679799468,0
21.26,-0.0037536191814791153,0.0047316902127812885,-2.161974042499959e-09,0.0002636050406491725,0.37649830610796026,0.371636108596078,1.5810718038681986,0.0006796111652964841,1.0000029867118423,21.027246655004042,1,-0.7193235558687103,-0.08716004602336229,0.729237754341204,-3.015038574676552,-0.000943167170970523,1.0000003927643724,2.6184291489758893,1,0.08481497767413637,1.0007428468067112,0.9991280997680336,1.4899049843169105,0.0027548148224778753,1.0000000335685484,1.0267656520783501,1,-0.5983168192181374,1.452946643234897,1.5683674349561685,1.965021694687732,0.0026929051781510536,1.000000044815023,0.29876682024437035,1,0.6819437979309734,-5.116457979110238,5.166005957228,-1.4392010587603559,-0.018490066595597925,1.0000000673352967,0.0071577706738096165,0
21.28,-0.0037536191865918263,0.004731690211793612,-2.1660426438585567e-09,-0.19673307736728443,0.3648962331767062,0.4122174679632517,2.0794860092189276,0.0006750418719512318,1.0000028829557617,20.52554592106782,1,-0.6861749907106288,-0.2297332258898628,0.7289879548824232,-2.8139376887862717,-0.0011179568485200058,1.0000003921094864,2.6140632425665182,1,-0.04076596371304711,1.005208749185574,1.001338943707619,1.6155478646333328,0.002734221631123887,1.0000003504908477,1.0236534852495447,1,-0.691464888214841,1.4203979712867136,1.577157801894086,2.0274868767020773,0.0026628562251323454,1.0000000441066872,0.2940445805399292,1,0.7365074814875111,-5.106156182643444,5.1632484851225176,-1.4284525388146205,-0.018509384714153563,0.9999998050296807,0.007169246624227544,0
21.3,-0.0037536191898420355,0.004731690210853773,-2.1701479042610106e-09,-0.3505500819724155,0.2720102047516874,0.4439129659786666,2.4958366469850106,0.0006672681912520754,1.0000028351817434,19.637203969159618,1,-0.6249857646591245,-0.3627742516883582,0.728528019000326,-2.6126401425774137,-0.0013257281238375528,1.0000003915932192,2.610621460527638,1,-0.1656453996734205,0.9939612697944716,1.003538291023842,1.740637832582631,0.002694557129508612,1.0000000946543504,1.020148281920295,1,-0.7818150169909234,1.382152157837511,1.5856857260382557,2.089269530959743,0.002628792187452154,1.0000000434072538,0.28938169123313046,1,0.79098713157255,-5.0952680364600855,5.16049530252224,-1.417692526904993,-0.01853156640882504,1.0000001353499655,0.007180740254740663,0
21.32,-0.0037536191915404173,0.004731690209969344,-2.174268310534133e-09,-0.44131088497727317,0.1304811710492902,0.4626225045728883,2.866579906796308,0.0006593837250251853,1.000002832483257,18.62109776888021,1,-0.5381964820017308,-0.48084979187303645,0.7278763311128277,-2.411033990466916,-0.001569825558350865,1.0000003912364586,2.6082430578240325,1,-0.2878799286726044,0.9672783256993689,1.0056918991288424,1.8651856113848748,0.0026392605913538197,1.0000000084989835,1.0163106855982085,1,-0.8690544467332144,1.33845193281644,1.5939216156845588,2.150402092583812,0.0025921092562429236,1.0000000427194724,0.2847964822912601,1,0.845376347581958,-5.083793853812983,5.157746716282297,-1.4069210220719208,-0.018552621910809756,1.0000000597781238,0.007192250275514728,0
21.34,-0.003753619191874844,0.004731690209141273,-2.1783855396612095e-09,-0.4615215280895785,-0.031299774351665144,0.4667980122226851,-3.064093089461135,0.0006516946510976478,1.000002811109137,17.63300998367236,1,-0.4292838087115636,-0.5791011445626083,0.7270590709409377,-2.209018940486294,-0.0018447590305107984,1.000000391053992,2.6070266138185056,1,-0.4055918744816292,0.925671935571024,1.007766657266448,1.9892100628841018,0.002571646747386231,1.0000003408960163,1.0122052969814017,1,-0.9528911259216515,1.2895516566561809,1.6018378253336512,2.2109179264229017,0.0025539924247892044,1.0000000420458242,0.28030549504045854,1,0.8996687192197402,-5.071734019026266,5.155003034546305,-1.3961380255727198,-0.0185697855971075,0.9999998067650484,0.007203775380282615,0
21.36,-0.003753619190941179,0.004731690208366473,-2.1824832462102872e-09,-0.40985267061948005,-0.18740975315903474,0.4561620672397686,-2.7065750121218044,0.0006428929161002533,1.0000027135686425,16.781708575370946,1,-0.30263645588697197,-0.6534391032972441,0.7261092705611412,-2.0065103670953657,-0.0021316819379974265,1.0000003910538964,2.607025975454359,1,-0.5169957416075914,0.8698746258994535,1.0097310540889906,2.1127376529534523,0.0024953428293076492,1.000000123470811,1.0078994130346324,1,-1.0330533150712788,1.2357157638022915,1.609408620159097,2.2708511374404363,0.002515606691668379,1.0000000413885324,0.2759235492309026,1,0.9538578272959964,-5.059088987893203,5.152264566911165,-1.3853435406688275,-0.018580876806273215,1.0000001411476966,0.007215314242397346,0
21.380000000000003,-0.0037536191887572734,0.004731690207637962,-2.1865460952258386e-09,-0.2899747946069428,-0.31121657093584654,0.43146751023097,-2.319662326919564,0.0006315949919034889,1.0000025380547033,16.17212390071773,1,-0.1633944800043785,-0.7007153385397408,0.7250655890666754,-1.8034428835856495,-0.0023993155594865044,1.0000003912371258,2.6082475048821228,1,-0.620422019295591,0.8008233535216774,1.0115555993560619,2.235801841498249,0.0024144725350881435,0.9999999866171457,1.003461832309274,1,-1.1092891237816838,1.1772173650635205,1.616610135107049,2.3302364073768396,0.002478165490526007,1.0000000407495737,0.27166382503034303,1,1.0079372445359476,-5.0458592880673905,5.149531624247672,-1.3745375725468936,-0.018583877374258616,1.0000000521279675,0.007226865511026086,0
21.400000000000002,-0.0037536191852996746,0.004731690206944133,-2.190559801260039e-09,-0.11369280748047465,-0.3724919455995631,0.395142976162171,-1.872493379321407,0.0006193202157503094,1.0000023547947603,15.946286690135393,1,-0.017255173865418673,-0.7188630608306004,0.723970831385056,-1.5997733168771315,-0.0026120511377794482,1.0000003915973206,2.6106488042781213,1,-0.7143382521605651,0.7196414327302856,1.0132131980653258,2.358442416438466,0.0023337269701269175,1.0000003263733919,0.9989617413557138,1,-1.181366000961094,1.1143370009836593,1.6234203303190624,2.3891088552770743,0.002442942820906497,1.0000000401306943,0.2675379616121892,1,1.0619005363993472,-5.032045519447437,5.146804518405201,-1.3637201283567923,-0.018576425898280135,0.9999998088083122,0.007238427808739355,0
21.42,-0.003753619180705867,0.004731690206266832,-2.194511535165422e-09,0.08985170975230522,-0.33772233187882755,0.35318894306872367,-1.324294065202425,0.0006140491196691946,1.0000022833470876,16.321753776596722,1,0.12974953724121627,-0.7069996829205129,0.7228702551883603,-1.3954829195539389,-0.002742477183377829,1.0000003921208545,2.6141390295356683,1,-0.7973673757245845,0.6276189061132508,1.0146794773166743,2.480704788739732,0.0022591772002592894,1.0000001527927085,0.9944676959386238,1,-1.2490701961499548,1.047361536914242,1.6298189440411406,2.4475039198778834,0.0024113430808859948,1.0000000395334259,0.2635561728216096,1,1.1157412619092884,-5.017648354553885,5.144083562139916,-1.3528912174426182,-0.018554963571009102,1.0000001467235227,0.0072499997320434875,0
21.44,-0.003753619175901177,0.004731690205576695,-2.1983932920605076e-09,0.25926710894219224,-0.1847694384319678,0.31825198985743747,-0.637992089119206,0.0006201597176986891,1.0000024322570884,17.526519006295832,1,0.27149732894648576,-0.6654846187909067,0.7218097287764716,-1.1905786694481324,-0.0027699789006660584,1.000000392787173,2.618581153533542,1,-0.8683033749483591,0.526191739512649,1.0159330667119475,2.6026392632352393,0.00219845924491117,0.9999999686888478,0.9900467046638665,1,-1.3122062073607519,0.9765831893898077,1.6357874428700234,2.5054572627080067,0.002384949375793036,1.0000000389591062,0.2597273751285765,1,1.1694529744894324,-5.00266853889693,5.141369070984415,-1.3420508518436367,-0.01851449866065953,1.0000000443969512,0.007261579857120963,0
21.46,-0.003753619174139995,0.004731690204831876,-2.2022172583777144e-09,0.3079952946053456,0.05263708821932017,0.3081706932644953,0.15598577488658488,0.0006317075750854672,1.0000027850731992,19.32752678820612,1,0.4020323835966717,-0.5959264139191256,0.7208338005717859,-0.9850935276446272,-0.0026929812551623033,1.0000003935694997,2.6237966643628385,1,-0.9261243636111235,0.41692015869846977,1.0169558305263884,2.724300296144036,0.0021552667100317316,1.0000003075079482,0.9857634164092394,1,-1.3705962288523241,0.9022986728710986,1.6413089657537565,2.5630046902331927,0.0023643985110114985,1.0000000384088976,0.2560593167393561,1,1.2230292228092985,-4.987106891332481,5.1386613705187525,-1.3311990463478987,-0.018454370625712948,0.9999998111562372,0.0072731667519631464,0
21.48,-0.003753619178256066,0.004731690204006322,-2.206030995897945e-09,0.2032240895219865,0.26710302829945004,0.3297192780333959,0.9201582188227148,0.0006429684943368467,1.0000031406808991,20.704691101936767,1,0.5158240463769336,-0.5011352421327817,0.7199837609242234,-0.7790855223620397,-0.0025565932656850276,1.0000003944357758,2.6295718382085367,1,-0.9700032037471201,0.301466383265596,1.017733050823824,2.845745739012477,0.002121840697492195,1.000000182121863,0.9816794090791968,1,-1.4240796105224525,0.8248084559904053,1.6463682613841562,2.620182087445477,0.0023474283932577973,1.0000000378838045,0.2525586970496855,1,1.2764635516390868,-4.970964304403631,5.135960802160056,-1.3203358161691923,-0.018385896370627423,1.0000001520686117,0.007284758987218056,0
21.5,-0.0037536191851446294,0.0047316902031214365,-2.2098816518031916e-09,0.010709196126296104,0.37401974622274925,0.3693604582555308,1.5511796746923538,0.0006492163256960682,1.0000033190391915,21.035874154571925,1,0.6080147443977845,-0.38501943606228917,0.7192957986824297,-0.5726356296715054,-0.0024096338885423916,1.0000003953498937,2.635665958235106,1,-0.999315789385054,0.1815719553792803,1.0182535779374642,2.967036070087033,0.0020904280809977437,0.9999999553743442,0.9778525721105026,1,-1.472512338835296,0.7444161168494777,1.6509516393355672,2.6770253601260277,0.0023316062445618234,1.000000037384691,0.24923127286232258,1,1.3297495027166828,-4.9542417446690035,5.1332677098257316,-1.309461174800873,-0.018318304989847017,1.0000000365973267,0.007296355136284943,0
21.52,-0.003753619190961563,0.004731690202215253,-2.2137789500858984e-09,-0.18762107890608398,0.36773174118238017,0.41021465293772097,2.0552145073855983,0.0006500074322248337,1.0000032818597673,20.565004859143304,1,0.6746438725751778,-0.2524279729747427,0.718799348593628,-0.36584451755614306,-0.0022733426120344477,1.0000003962732207,2.641821471472852,1,-1.0136471103000042,0.05903481047102844,1.0185099523266257,3.088233635549003,0.00206068254980896,1.0000002849746792,0.9743365694770129,1,-1.515766547423664,0.661427787351118,1.6550469355222994,2.7335703989466555,0.002316664551707091,1.0000000369122932,0.24608195454392945,1,1.382880615626891,-4.936940253021162,5.130582427974789,-1.2985751360108309,-0.018250669038972104,0.9999998138051056,0.007307953772646216,0
21.540000000000003,-0.003753619194662608,0.004731690201310484,-2.2177106921705825e-09,-0.3444136394172487,0.2783333049874474,0.4425214167427243,2.4749417213403837,0.0006477662510534667,1.0000030693098778,19.689629351029435,1,0.7128345849641949,-0.10894449595477736,0.7185157262760813,-0.15882825040421839,-0.0021527031367477452,1.0000003971663165,2.6477754433368332,1,-1.0127951920716318,-0.06431380395011066,1.0184984809656916,-3.0737834073422916,0.0020326815333528963,1.0000002109352246,0.97118037262601,1,-1.5537300638462677,0.5761516768240479,1.658643470543145,2.7898530599952447,0.002302901342114082,1.0000000364672346,0.24311489742909728,1,1.4358504286918106,-4.919060944994073,5.127905286162009,-1.2876777156083596,-0.01818059729659874,1.0000001571744972,0.0073195534689492765,0
21.560000000000002,-0.003753619196497099,0.004731690200414603,-2.221662484189202e-09,-0.43881649182647703,0.13864916093099514,0.4619801453492727,2.8473757927544714,0.0006448278492278038,1.0000027685712871,18.675795816103754,1,0.720931856372891,0.039357890893420594,0.7184571250138653,0.04828686321154943,-0.002043138364541675,1.0000003979907564,2.6532717096192546,1,-0.9967729807751583,-0.18663248545494998,1.0182192723395205,-2.9525806143181796,0.002004066224113431,0.9999999471888928,0.9684278533638991,1,-1.5863059975703968,0.488897665360981,1.6617320069124024,2.8459091511715524,0.002290364852984892,1.0000000360500387,0.2403335914925067,1,1.4886524798726162,-4.900605011059622,5.125236614070848,-1.2767689313681998,-0.018107517877405045,1.0000000287414545,0.0073311527939116375,0
21.580000000000002,-0.003753619196894937,0.0047316901995277634,-2.2256240773954605e-09,-0.46288474508016036,-0.02272040117947149,0.46695013482963127,-3.0829197257258736,0.0006422159223002047,1.0000024901125146,17.683258886180575,1,0.6985827981718757,0.1861886183785569,0.7186260352863061,0.2553700078601597,-0.0019340984602410195,1.0000003987109547,2.658073030738259,1,-0.9658082072344208,-0.30609285233317224,1.0176762366171666,-2.831279852809764,0.001970229074542631,1.0000002595019952,0.9661174215898156,1,-1.6134123731546013,0.39997695750162165,1.66430471257153,2.901774424413797,0.0022788906815911702,1.0000000356611425,0.23774094980542507,1,1.5412803076828236,-4.881573716914103,5.122576742609606,-1.2658488026167256,-0.01803210490189552,0.9999998167507234,0.007342750307440636,0
21.6,-0.003753619196187225,0.004731690198648209,-2.229588968311047e-09,-0.41502477094673895,-0.1797978252213125,0.45709963557990746,-2.7262521797396104,0.0006399517247534708,1.0000023258491721,16.822123773302128,1,0.6467538276691611,0.3253237078780875,0.7190151270382853,0.4622918597774876,-0.0018142995524787326,1.0000003992958728,2.6619724852462103,1,-0.9203412301489992,-0.4209026861176587,1.0168770514814212,-2.7098188307948576,0.001925725608208493,1.000000238680706,0.9642816916529446,1,-1.6349818117380481,0.30970178715192037,1.6663551306424944,2.9574845741876183,0.002268222020385512,1.0000000353009093,0.23533939485098146,1,1.5937274521124256,-4.8619684037546955,5.119926003362819,-1.2549173499885953,-0.017955508986926338,1.0000001620330918,0.007354344555940672,0
21.62,-0.003753619194391828,0.0047316901977745435,-2.233551848682125e-09,-0.2986016531540473,-0.30607005049733743,0.43311849845123673,-2.3416151385423354,0.0006377848100221826,1.000002311820311,16.19651623058338,1,0.5676835294480201,0.4508860944485456,0.7196076044432913,0.6689304983755506,-0.0016766019118776216,1.0000003997205036,2.6648033568482794,1,-0.8610208217075768,-0.5293289823046382,1.015833092486841,-2.5881371648332783,0.001865745604032863,0.999999944475542,0.9629471824554507,1,-1.6509612633317177,0.21838516490674123,1.667878154656966,3.0130752414301254,0.00225810613463796,1.000000034969641,0.23313094002380774,1,1.6459874555624072,-4.84179048854592,5.117284727570846,-1.2439745953471057,-0.017878790588937397,1.000000020841784,0.0073659340686383955,0
21.64,-0.0037536191911930732,0.004731690196905133,-2.2375055992035486e-09,-0.12481732003434495,-0.37154779136304383,0.3973107727560258,-1.898625459739767,0.0006357552223104824,1.000002422422682,15.9453591695276,1,0.4647744216283307,0.5576067606334855,0.7203780108461453,0.8751768897459792,-0.0015201804913108905,1.000000399967031,2.666446873586015,1,-0.788697825203561,-0.6297208308613244,1.0145593248718145,-2.46617714529653,0.0017867944379834698,1.0000002318413699,0.9621340702022988,1,-1.6613117919639315,0.12634065932017027,1.6688700092711297,3.0685820218911197,0.002248407073114133,1.0000000346675897,0.231117264315682,1,1.6980538637893907,-4.821041464275865,5.1146532449374975,-1.2330205618537662,-0.01780229751625954,0.9999998199884255,0.007377517354738156,0
21.66,-0.0037536191863430136,0.004731690196033467,-2.2414392590250354e-09,0.0784765719443904,-0.34273402618872095,0.3554105023330254,-1.3569828031146638,0.0006360093907615238,1.0000026033568605,16.281854879577086,1,0.34243083641454247,0.6410529044733527,0.7212934318618694,1.0809396408603822,-0.0013490291876518496,1.0000004000256002,2.666837334989191,1,-0.7044165862801979,-0.7205320181601476,1.0130741538072379,-2.343884503505169,0.0016877349076669548,1.0000002647800603,0.9618559474978585,1,-1.6660084152329484,0.033882204043757545,1.6693282369736828,3.124040477951465,0.0022392593348797476,1.000000034394967,0.22929978042832733,1,1.7499202268599883,-4.799722900201573,5.112031882567261,-1.2220552742643158,-0.01772470245642148,1.0000001666366996,0.007389092901006873,0
21.68,-0.003753619180815513,0.004731690195138992,-2.245342608890588e-09,0.25189783517708664,-0.1960173525213942,0.31964946233950675,-0.6783377771361203,0.0006424218668627094,1.0000028138902712,17.440538290701046,1,0.20585329996881388,0.6978121378106247,0.7223150201472311,1.2861487889148182,-0.0011695883935423559,1.000000399894658,2.6659643869612593,1,-0.6094040422754345,-0.8003432009100163,1.011399233555778,-2.221209175927294,0.0015701767863511417,0.9999999473872415,0.9621195622713901,1,-1.665039999310788,-0.05867607701718662,1.669251691123542,-3.103699153451197,0.0022310826026389185,1.0000000341519546,0.22767969682144604,1,1.8015801001143779,-4.777836442083349,5.10942096560005,-1.2110787595754435,-0.01764241668261592,1.0000000129108337,0.007400659170821055,0
21.7,-0.00375361917858806,0.00473169019418525,-2.2492274813490365e-09,0.30887826230653015,0.03917007368956933,0.30786768692084704,0.11271805785470985,0.0006548500315040236,1.000003004116477,19.231187926125244,1,0.060801858480540934,0.7256251784844516,0.7233997490361904,1.4907584693749536,-0.000999797442098961,1.0000003995808664,2.6638724427449314,1,-0.505056346499993,-0.867883450184979,1.0095592347363538,-2.098106057611669,0.001432491080986519,1.0000002027403367,0.9629245782564179,1,-1.658409210034286,-0.15102003424446678,1.668640532168709,-3.0482307130962405,0.002223615880593161,1.000000033938711,0.22625807370278064,1,1.8530270451382347,-4.755383812407123,5.10682082347858,-1.2000910474713296,-0.017554431822618267,0.9999998235130845,0.007412214607754706,0
21.720000000000002,-0.003753619182603008,0.004731690193155608,-2.25314401684773e-09,0.21130319105791737,0.25772692575341793,0.3279321449955359,0.8821921422368562,0.0006675722168649376,1.0000030700587599,20.65660453697651,1,-0.08665835766908084,0.7234632036573917,0.7245023010201974,1.694748390082475,-0.0008808548390631368,1.00000039909862,2.660657466091917,1,-0.392922909375187,-0.9220509049743112,1.0075815594019208,-1.974535734832255,0.0012644654299737497,1.0000002886352797,0.9642633728701431,1,-1.6461325203602244,-0.2428356541655059,1.6674962191450236,-2.992703944239593,0.0022147849804217894,1.000000033755381,0.2250358731306916,1,1.9042546307428423,-4.732366810592242,5.104231797415371,-1.1890921684694933,-0.017470722817603822,1.0000001709780293,0.007423757640685905,0
21.740000000000002,-0.003753619189128943,0.004731690192085036,-2.257136163738571e-09,0.0211727655109227,0.37112100617970883,0.36708060064181697,1.5209064122126712,0.0006770813442343703,1.0000029965794757,21.042245932941707,1,-0.23041632808343201,0.6915495395085681,0.7255770020629344,1.8981241372824724,-0.0008413892896340055,1.0000003984692243,2.656461495777221,1,-0.2746877609495493,-0.9619322124256905,1.0054959977813434,-1.8504651996405055,0.0010644265621707954,0.9999999558755722,0.966120877770079,1,-1.6282402740835635,-0.3338092262228775,1.6658215081778078,-2.9370832557317925,0.0022031796575068016,1.0000000336021004,0.2240140034971565,1,1.9552564339552376,-4.708787313185185,5.101654229472868,-1.178082151461707,-0.01740030447550851,1.0000000049611717,0.007435286680727631,0
21.76,-0.0037536191944461212,0.004731690191020651,-2.2612056541429504e-09,-0.1783601649573182,0.37024338835429077,0.4081820815859743,2.03070543672533,0.0006825481658991576,1.0000028923989042,20.60347039716241,1,-0.36456728500022895,0.6313283401683684,0.7265797024509539,2.100916404445431,-0.0008752257915509879,1.0000003977198042,2.651465361812343,1,-0.1521481808705882,-0.9868203689066389,1.003334344729446,-1.7258685335148174,0.0008449451643685867,1.0000001729166839,0.9684744741799677,1,-1.604776805384876,-0.4236275221185726,1.663620474302964,-2.8813330211075434,0.002189241436186257,1.0000000334790038,0.2231933578926276,1,2.0060260410182744,-4.684647274041925,5.099088448595495,-1.1670610253978093,-0.017341538609548308,0.9999998273191177,0.007446800116921377,0
21.78,-0.0037536191978987327,0.004731690189990884,-2.2653337721292854e-09,-0.3380723446803448,0.284429288233355,0.44109101068870793,2.4539202558939657,0.0006814100410394341,1.0000028400742977,19.74183537402421,1,-0.4836477837141007,0.545385159059554,0.727469530360141,2.3031792491727114,-0.000958125784342285,1.0000003968819924,2.645879948513031,1,-0.02719060384696291,-0.9962305176129668,1.0011299738928563,-1.600727523405068,0.0006213540761436184,1.0000003096359775,0.9712939579073963,1,-1.5758006134851605,-0.5119779955100087,1.6608985361622615,-2.825417564408996,0.0021736415972439227,1.000000033386227,0.22257484602808575,1,2.0565570483983664,-4.6599487244976245,5.096534773579221,-1.1560288214382952,-0.017290090570962865,1.0000001750502039,0.007458296318319045,0
21.8,-0.003753619199770084,0.004731690189009541,-2.2695003897010846e-09,-0.4360959704824988,0.14667357797085998,0.4612971479589837,2.828122381495694,0.0006758880860210887,1.0000028358521382,18.730711338366074,1,-0.5828457324382424,0.4373257826322337,0.7282104723211449,2.5049875117174247,-0.0010677120783056054,1.0000003959905133,2.639936755653365,1,0.09823610884014923,-0.9899132100294897,0.9989173594840662,-1.4750321924789118,0.00040751540029949657,0.999999969684744,0.9745415963491328,1,-1.5413845912811452,-0.5985490099868196,1.6576624772701194,-2.7693011497653854,0.0021567417646496966,1.000000033323913,0.2221594200285538,1,2.1068430638004636,-4.63469377352179,5.093993518696711,-1.1449855732304115,-0.017242756255105848,0.9999999970053954,0.007469773637640654,0
21.82,-0.0037536192002624903,0.00473169018808344,-2.2736874865508794e-09,-0.4640179202572252,-0.014207996943566004,0.4670626884506234,-3.1017354621410993,0.0006711231906633586,1.0000028185210992,17.734003463826948,1,-0.6581794459560375,0.3116204318573605,0.7287727190742264,2.706433552750104,-0.0011903183128512634,1.0000003950818093,2.633878728589742,1,0.22214983938354183,-0.9678646058170876,0.9967315514312407,-1.348781229162164,0.00021526386522782189,1.0000001430340475,0.9781723029702081,1,-1.5016163063356434,-0.6830301034970017,1.6539204710400717,-2.7129479777787604,0.0021387124091379116,1.000000033292214,0.2219480940847858,1,2.1568777071905365,-4.608884607858597,5.091464995774833,-1.1339313166627145,-0.017197220618380405,0.9999998314004966,0.007481230414356254,0
21.84,-0.003753619199483806,0.004731690187215171,-2.277877924478089e-09,-0.4199770603949432,-0.17217450976435134,0.45800018014996535,-2.745858553506962,0.0006679673088672546,1.0000027279064287,16.86328631218405,1,-0.7066416124646786,0.17342061716867455,0.7291337401904006,2.9076234918431174,-0.001313041172825746,1.0000003941926263,2.627950842325919,1,0.34256651411661987,-0.9303330755322284,0.9946076129050055,-1.2219822911328264,5.3863122045719873e-05,1.0000003271686277,0.9821339535097406,1,-1.4565983320586784,-0.7651122976930864,1.6496821114692357,-2.6563221884653405,0.00211965575759045,1.0000000332912937,0.22194195764556995,1,2.206654611825269,-4.582523492151717,5.088949514551136,-1.1228660897115976,-0.01715147996910363,1.0000001788467727,0.00749266497785431,0
21.86,-0.0037536191974512755,0.004731690186403173,-2.2820545670168557e-09,-0.30704073942467836,-0.30082425355753223,0.43473774565870305,-2.363420139998626,0.0006646322481774468,1.0000025562538502,16.222006917163814,1,-0.7263055276446942,0.028355755942849333,0.7292790836440266,3.1086730874028214,-0.0014253427687062972,1.000000393358622,2.622390812670761,1,0.45753309359462696,-0.8778216890486437,0.9925800297051028,-1.094652160598184,-7.077401030194944e-05,0.9999999883535493,0.9863678656348893,1,-1.406448626280728,-0.8444884609908909,1.644958449014096,-2.5993878714020515,0.0020996859315608792,1.0000000333213273,0.2221421821072963,1,2.2561674252887953,-4.55561276905342,5.086447382509017,-1.1117899324091136,-0.017103446983182155,0.9999999890561118,0.007504075651006027,0
21.880000000000003,-0.0037536191941416634,0.004731690185640961,-2.286200338416644e-09,-0.13583143067990777,-0.3704054818363681,0.399459935200145,-1.9244991653083061,0.0006597399827910515,1.000002367866712,15.946123947986019,1,-0.7163920302577077,-0.1176837098982612,0.7292028878770993,-2.9734819360127216,-0.0015226942528150478,1.00000039261308,2.6174205336993435,1,0.5651616759468745,-0.8110861243619736,0.9906821026167647,-0.9668167296951903,-0.0001560954663828569,1.0000001136832755,0.9908094595861586,1,-1.3513009536168867,-0.9208537344877402,1.639762031149443,-2.5421090843474428,0.002079012543595223,1.0000000333825032,0.22255002088339368,1,2.3054098105365175,-4.528154859317661,5.0839589044853675,-1.1007028869199447,-0.017050510915727846,0.9999998357507559,0.0075154607536143,0
21.900000000000002,-0.0037536191896633316,0.0047316901849151355,-2.290298494259102e-09,0.06704379667356718,-0.34746943149990034,0.35764459521291875,-1.3892869917482469,0.0006549706993425367,1.0000022796073846,16.244452860560724,1,-0.677296331977306,-0.25877032850107384,0.7289080955068485,-2.772349158154028,-0.0016065501933064299,1.0000003919857456,2.613238304476023,1,0.6636640068373452,-0.7311276200977391,0.9889453357759794,-0.838510798960199,-0.00020186349686686047,1.0000003406321598,0.9953891101096632,1,-1.2913053471119325,-0.9939060303503574,1.6341069475795864,-2.4844498817545015,0.002058053646211668,1.00000003347502,0.2231668007346322,1,2.3543754469460016,-4.500152261876452,5.0814843822402525,-1.0896049978054199,-0.016988749250728595,1.0000001823617226,0.0075268186047415,0
21.92,-0.0037536191847700904,0.004731690184200869,-2.294335563549077e-09,0.24420393272676127,-0.207059984037102,0.32111184115539076,-0.7183296183945,0.0006557976248196063,1.0000024048489105,17.356840926626997,1,-0.6105744585783949,-0.3891646539749934,0.7284063649585114,-2.5709958315683434,-0.0016826819297259862,1.000000391501784,2.6100118943178496,1,0.7513855741699333,-0.6391807212176615,0.9873988365698014,-0.7097776776141822,-0.0002092548639215313,1.0000000112307301,1.0000331830204985,1,-1.2266286037820648,-1.0633466127247546,1.6280088809088586,-2.426374354240229,0.0020373463680757624,1.0000000335990853,0.22399390209323622,1,2.4030580313750947,-4.471607553899843,5.079024115303541,-1.07849631264246,-0.016912277149530208,0.9999999811259168,0.007538147523860629,0
21.94,-0.003753619182449863,0.004731690183459092,-2.2983152915545535e-09,0.3093057145219293,0.025580215018980126,0.30765620934517124,0.06940368207675174,0.0006645770712742625,1.0000027454274703,19.13408809458949,1,-0.5188894431995515,-0.5035351692282322,0.7277176794393607,-2.3693120953626545,-0.0017676327089421026,1.0000003911808795,2.607872530162799,1,0.8268383767458396,-0.5366957289062858,0.9860687470812252,-0.5806685811095625,-0.00018352198348959645,1.0000000853761593,1.0046652435100094,1,-1.1574548075828253,-1.1288807713289621,1.6214851619010753,-2.367846678554821,0.002016250851978802,1.0000000337549098,0.22503273124973153,1,2.4514512792268457,-4.442523390839438,5.076578407249869,-1.0673768826280465,-0.016817320878564797,0.9999998403630044,0.007549445833840542,0
21.96,-0.003753619185970336,0.004731690182660588,-2.30227649444803e-09,0.219128289380414,0.2479562375609333,0.3261971701229823,0.8438631331745176,0.0006750050476225478,1.0000031127295073,20.605801647918135,1,-0.4059178845336434,-0.5971668463903662,0.7268696505670227,-2.1672005283827698,-0.0018955081084689547,1.0000003910364865,2.6069099106852103,1,0.8887314017019117,-0.4253159546746923,0.9849777244198812,-0.4512418232517053,-0.0001396669010695416,1.0000003494660368,1.0092074859046616,1,-1.0839858716327715,-1.190218597738804,1.6145548187797938,-2.3088311795351353,0.0019918350219882727,1.0000000339427038,0.22628469118430555,1,2.4995489255207386,-4.412902506453454,5.074147575392667,-1.0562467610135398,-0.016711032019354807,1.000000185589485,0.007560711865360512,0
21.98,-0.003753619192756078,0.004731690181821825,-2.30626340073925e-09,0.03163029155824674,0.36781127635116595,0.3648049555237212,1.4903031899464665,0.0006810829118505625,1.0000033126956123,21.0467359616879,1,-0.27621814527075533,-0.666151739413847,0.7258965233731989,-1.9645800888503722,-0.0020833776367300797,1.0000003910752577,2.6071683848748153,1,0.9359978405636935,-0.30685008386941914,0.9841444694060449,-0.32156180677367185,-9.214758468358483e-05,1.000000037509818,1.0135822779916,1,-1.0064420892639079,-1.2470758744002968,1.6072386171947457,-2.249292416956118,0.0019625711602422333,1.000000034162673,0.22775115300076296,1,2.5473447259723554,-4.382747712813465,5.0717319433898576,-1.0451060001621697,-0.016601857620284963,0.9999999732273769,0.00757194395164556,0
22.0,-0.003753619198726241,0.004731690180979717,-2.310283925104073e-09,-0.16896552319062558,0.3724296740836865,0.4061274199261978,2.0059894489473926,0.0006814886347418998,1.0000032950957067,20.64116733629674,1,-0.13506243387312145,-0.7075546168852392,0.7248379123991764,-1.761389604266322,-0.002312823148585728,1.0000003912966684,2.608644456030005,1,0.9678181242025582,-0.18324017171865695,0.9835833198298257,-0.1916978495144324,-4.383156582735954e-05,1.0000000585574993,1.0177137508347431,1,-0.9250626812540734,-1.2991750868866228,1.5995591131133613,-2.1891952979804037,0.0019295227079007575,1.0000000344150126,0.2294334181374019,1,2.59483245808279,-4.352061900296542,5.069331826162875,-1.0339546525292465,-0.016488694831478995,0.9999998452299357,0.0075831404168550925,0
22.02,-0.0037536192025941365,0.004731690180156026,-2.314321583332668e-09,-0.33153254852696634,0.29029110746958725,0.4396261623081509,2.4327914795347017,0.0006779180428777157,1.0000030954999675,19.793950890800026,1,0.011763647161410547,-0.7195463673542893,0.7237372903493924,-1.5575906336485499,-0.0025498006889090293,1.0000003916928693,2.6112857956442905,1,0.9836379544271107,-0.05652599987296561,0.9833039405663068,-0.06172287559230563,7.4960410607781465e-06,1.0000003531947241,1.02152946053437,1,-0.8401063249313324,-1.3462465703319721,1.5915407113439926,-2.1285052025846505,0.0018937595417462935,1.000000034699899,0.23133265963746696,1,2.642005922235396,-4.320848037563495,5.066947531063225,-1.0227927728238657,-0.01636783634389059,1.0000001885249472,0.007594299569749273,0
22.040000000000003,-0.003753619204534299,0.004731690179355261,-2.3183570193804903e-09,-0.4331474614684295,0.15454304948752803,0.4605732894658792,2.8088364626596967,0.0006729351599214858,1.0000027982286148,18.78592477531315,1,0.15818879401858466,-0.7014979386000985,0.7226402608824389,-1.3531695401361066,-0.0027572310399029496,1.0000003922487972,2.6149919817428087,1,0.9831806634146223,0.07119330086445905,0.983311117306842,0.06828800569163238,6.447139790738205e-05,1.0000000662854163,1.0249620365690104,1,-0.7518516490870372,-1.3880298004119138,1.5832097141174037,-2.067188127708624,0.0018556538168495785,1.0000000350174763,0.23344984240378563,1,2.6888589427983,-4.289109171522158,5.064579363633034,-1.0116204183524713,-0.016237097987071424,0.9999999653730077,0.007605419700746398,0
22.060000000000002,-0.0037536192049912546,0.0047316901785728355,-2.3223757352960894e-09,-0.46491059365845516,-0.0057782203447068565,0.467130959310124,-3.120517598880628,0.0006684495442932236,1.0000025135109016,17.78531951218567,1,0.29810365251062804,-0.6540281077057724,0.7215926759413415,-1.1481386163252933,-0.0029038408452842224,1.0000003929425747,2.619617164331827,1,0.9664534310164675,0.19779931500455067,0.9836046552028124,0.19825899054017065,0.00012993727542516965,1.0000000336356871,1.0279507452392556,1,-0.6605976760196632,-1.424274837825547,1.5745943617019138,-2.005210857212829,0.0018151564218156682,1.0000000353678444,0.2357856289292825,1,2.7353853692319055,-4.256848427275092,5.062227630108385,-1.0004376486757487,-0.01609574266832935,0.9999998503438395,0.007616499080971245,0
22.080000000000002,-0.003753619204328331,0.004731690177800918,-2.32636834102129e-09,-0.4246890498771419,-0.16455893319165885,0.45885599003762495,-2.7653589266574428,0.0006649565216421154,1.0000023366588664,16.905298057372157,1,0.4256190545490139,-0.5789995939188226,0.720638675757281,-0.9425361209496835,-0.0029730909572798425,1.0000003937462196,2.62497479760391,1,0.933747120122307,0.3211949585227062,0.9841793864023544,0.32811509276036127,0.00020702796235485852,1.000000351485071,1.0304429077444248,1,-0.5666641888132716,-1.4547439335501489,1.5657248662053143,-1.9425411597420088,0.0017720580320954103,1.000000035751041,0.23834027390358986,1,2.78157907719999,-4.224069008050687,5.0598926379200915,-0.9892445252954919,-0.015943906110091784,1.0000001911634595,0.007627535964844538,0
22.1,-0.0037536192025860596,0.00473169017703131,-2.3303283261388863e-09,-0.31525990355861133,-0.2954989082075548,0.43631688315680883,-2.3850255858451996,0.0006616668622819369,1.0000023092011168,16.248738309302425,1,0.5353235445408568,-0.47946002252268116,0.7198187433826617,-0.7364251310122959,-0.0029673242487579018,1.0000003946266705,2.6308444699602713,1,0.8856297373259671,0.43934448203613585,0.9850252872388627,0.4577836297968549,0.00029838783710090823,1.0000000966239642,1.0323951165436112,1,-0.47039199865393044,-1.4792133001927716,1.556633436431474,-1.879148015866719,0.0017261685282967199,1.000000036167026,0.2411135069428695,1,2.8274339696834874,-4.190774195116427,5.057574695416228,-0.9780411114497917,-0.015782158884916995,0.9999999575752548,0.007638528596434762,0
22.12,-0.0037536191994849725,0.004731690176255595,-2.3342491906400142e-09,-0.14669097631498776,-0.36907977645714685,0.40158401534716054,-1.9500457111067313,0.000657727481004345,1.0000024097762095,15.948758625830838,1,0.6225274668212645,-0.3595270135579789,0.7191678744398216,-0.5298911810542194,-0.0029033824280868784,1.000000395547107,2.6369807133269334,1,0.8229337724931809,0.5503117292969931,0.9861277010709464,0.5871956372160216,0.00040619838679332385,1.0000000110223173,1.0337742020439182,1,-0.3721430837902219,-1.497475052248898,1.547354290839545,-1.8150018759276862,0.001677501349888691,1.0000000366156603,0.24410440137832098,1,2.872943978096725,-4.156967347672908,5.055274111130965,-0.9668274720147696,-0.015611020852280113,0.9999998556966143,0.007649475217346887,0
22.14,-0.0037536191947531283,0.0047316901754612065,-2.338122216671845e-09,0.05560613397973564,-0.351929984168722,0.3598889346986853,-1.4211241939545936,0.0006543459238663088,1.0000025843345028,16.209737489723707,1,0.6834802685709332,-0.22422005074356838,0.7187139631691971,-0.32303874318889453,-0.0028008442177877256,1.0000003964685247,2.6431234979972285,1,0.746737899291598,0.6522956112367192,0.987467658273444,0.7162871702483545,0.0005326774343758129,1.0000003442036594,1.0345579140453836,1,-0.27230056868641717,-1.5093393147295888,1.5379236557003115,-1.750074949883953,0.0016265470685355161,1.0000000370966842,0.24731122837498318,1,2.91810306340649,-4.122651902727161,5.052991192723264,-0.9556036735938955,-0.01543012560639216,1.0000001935008422,0.007660374072450492,0
22.16,-0.003753619189122508,0.004731690174622986,-2.3419398911470046e-09,0.23623334854223707,-0.2178775768441972,0.3226430467744635,-0.7578785306078537,0.0006554266765383066,1.0000027906712006,17.275603648755798,1,0.715548137392609,-0.07924548516342853,0.7184764973035777,-0.11598668881230004,-0.0026694630137021097,1.0000003973514915,2.649009943848303,1,0.6583437140964384,0.7436618987411641,0.989022280832975,0.8450004567558496,0.0006793889962243088,1.0000001276334713,1.0347352976036752,1,-0.17126850899959048,-1.5146364951987878,1.528379746170465,-1.6843415298846924,0.0015744144186131733,1.0000000376096947,0.2507312983650434,1,2.9629052172551282,-4.087831374945745,5.050726246668371,-0.9443697850000763,-0.015237339158223503,0.9999999498464742,0.007671223410989846,0
22.18,-0.003753619186275074,0.004731690173699626,-2.345715152934219e-09,0.30929951027921326,0.011894887987197789,0.30754745696855684,0.026105440184843648,0.0006628052312566797,1.0000029852250405,19.0361658294013,1,0.7173407741691049,0.06925536741567612,0.7184656400664148,0.09113704554402492,-0.00250976704950662,1.00000039815799,2.654386599025966,1,0.5592483407529867,0.822970618914386,0.9907652566286833,0.9732848714176943,0.0008418466209501864,0.9999999911644928,1.0343067597497533,1,-0.06947144521409573,-1.5132197088974428,1.5187627287208616,-1.617778343448052,0.0015214693178280602,1.0000000381541183,0.2543607890132015,1,3.0073444630879687,-4.0525093564887955,5.048479582921941,-0.9331258779439304,-0.015031885498772895,0.99999986127978,0.007682021485931826,0
22.2,-0.003753619189712438,0.004731690172665188,-2.3495011010517264e-09,0.2267082373114194,0.23779891519702356,0.3245262116271267,0.8051695540042401,0.0006704152814397378,1.0000030674985947,20.5517154818146,1,0.6887789593800786,0.21498202995405252,0.7186817645305696,0.298201305025328,-0.0023309777168995607,1.0000003988532054,2.659021368833347,1,0.4511138263279593,0.8889985449987582,0.9926673737578067,1.1010977100930779,0.0010027924959495993,1.0000003314565122,1.033283835835447,1,0.03264631433256865,-1.504967340689915,1.5091146561134987,-1.5503649310493126,0.0014650291460618985,1.0000000387291834,0.2581945564981243,1,3.0514148572838073,-4.016689516824237,5.046251524916904,-0.9218720258223028,-0.014822954883351764,1.0000001955333924,0.007692766555807698,0
22.220000000000002,-0.0037536191962212855,0.004731690171546784,-2.353352332885167e-09,0.042099117239263475,0.3640871676715825,0.36253967569028966,1.459335895487055,0.0006729346770012991,1.000003005853062,21.048608479584168,1,0.6310983575348698,0.35175949163206083,0.7191154660585606,0.5050777395909644,-0.002134108756003644,1.000000399407215,2.662714766479252,1,0.3357342964166154,0.9407564844865247,0.9946971041063024,1.2284047687022135,0.0011470424072509385,1.0000001585144378,1.0316886584122344,1,0.13462172121247487,-1.4897857203188813,1.4994793580201258,-1.4820840522857708,0.0014028630980405645,1.0000000393338904,0.26222593534776584,1,3.0951104902893913,-3.980375602521741,5.044042404575285,-0.9106083004914036,-0.014622165284735198,0.999999942198912,0.0077034568804612,0
22.240000000000002,-0.0037536192017706693,0.004731690170390824,-2.357282220550455e-09,-0.15941274576593523,0.3742881419579551,0.40405186672907684,1.9810311744338447,0.0006710790629105773,1.0000029021184802,20.677438353591686,1,0.5467893013945069,0.4738158145768028,0.7197480186463365,0.7116466496046201,-0.001893512531127191,1.0000003997964428,2.665309619321932,1,0.21500183094955147,0.9775012769727099,0.9968212025251002,1.3551807295000715,0.001269595871884131,0.9999999745541851,1.0295531826963649,1,0.2359743657184006,-1.4676118786797112,1.4899023000228242,-1.4129221279338664,0.0013361081177376028,1.00000003996698,0.26644653338960256,1,3.1384254877595334,-3.9435714370292523,5.041852545406147,-0.8993347725944815,-0.014431916885238047,0.999999867084491,0.0077140907100263605,0
22.26,-0.003753619205483851,0.004731690169227707,-2.3612808973741406e-09,-0.3247684284806166,0.2959201219217875,0.4381261235836335,2.4115270034401433,0.000667035318821869,1.0000028453456247,19.84544412783041,1,0.4394766616781003,0.5760375130781947,0.7205522715922255,0.9178023282562408,-0.0015830607360743662,1.000000400004711,2.6666980723194675,1,0.09087196608104504,0.9987425971416052,0.9990053022741353,1.4814093413277925,0.0013655545008100863,1.000000313597646,1.0269182800808938,1,0.33620824572491487,-1.4384163434641561,1.4804304196700815,-1.3428696996919485,0.001266730887357055,1.0000000406269036,0.27084602475334174,1,3.181354011700529,-3.9062809204333546,5.039682260447544,-0.8880515138186489,-0.01425107814713926,1.0000001972578907,0.007724666280416201,0
22.28,-0.003753619207596987,0.0047316901680738875,-2.365335967455945e-09,-0.42994683894441593,0.16226245527888825,0.4598083001714335,2.7894948053417155,0.0006620418458304167,1.0000028392081626,18.841007420551684,1,0.31374775916524944,0.6541894204602563,0.7214939391229662,1.1234576086337857,-0.0011881609914576633,1.0000004000239149,2.666826099495997,1,-0.03467036498290585,1.0042448190461635,1.0012145041842941,1.6070834128075069,0.0014279095291792245,1.0000001885813263,1.023832649264566,1,0.43481396127802063,-1.402205922715316,1.47111192140707,-1.2719218954018627,0.0011963193885563342,1.0000000413117918,0.2754119456229189,1,3.2238902616147556,-3.8685080292020158,5.037531856866824,-0.8767585975322113,-0.01407918823922306,0.9999999346446856,0.007735181814228778,0
22.3,-0.0037536192083316095,0.004731690166939851,-2.369436628672783e-09,-0.46554167442190464,0.0025765436560379754,0.46715619016923593,-3.139288772019064,0.0006567009367629375,1.0000028255145168,17.836843877917588,1,0.1749392274545158,0.7050887199992139,0.7225331922827389,1.3285474013701506,-0.0007056362104846219,1.0000003998542764,2.6656951760918517,1,-0.15964375203100467,0.9940243238615304,1.0034139495537056,1.7322046443562753,0.0014489590762410615,0.9999999617088171,1.020351609260996,1,0.5312713649810078,-1.3590264145413427,1.4619960241262853,-1.2000788952873478,0.0011261746081983174,1.000000042019425,0.28012950020897437,1,3.2660284756459292,-3.830256815908429,5.03540163798831,-0.8654560986207941,-0.01391648351516619,0.9999998731015506,0.007745635522620007,0
22.32,-0.0037536192078138804,0.00473169016583311,-2.37357236816671e-09,-0.42914318601415324,-0.15694189786863635,0.45966965727409126,-2.784779943623998,0.0006511603705470324,1.0000027418176394,16.947828106499454,1,0.02889554756645997,0.7267263721582735,0.7236264585453026,1.5330310883790499,-0.00014276426810183953,1.000000399504166,2.6633611061496785,1,-0.28210151892305685,0.9683427167465594,1.0055693638761432,1.8567833198969075,0.0014219796856631255,1.0000002912047607,1.016535858416277,1,0.6250526901042681,-1.308965170970226,1.4531326619674718,-1.127346389152827,0.0010574639645101148,1.0000000427472078,0.28498138586832944,1,3.307762931724514,-3.791531408935154,5.0332919033455905,-0.8541440933154685,-0.01376333254659802,1.000000198671605,0.007756025607421746,0
22.34,-0.0037536192060508167,0.00473169016475832,-2.3777318230652766e-09,-0.32324467228015635,-0.29008506838504183,0.4378588791024452,-2.4064660329792797,0.0006450199373564561,1.0000025745872778,16.276384161368206,1,-0.11828742847538455,0.718332864110311,0.7247283310802913,1.736893721276952,0.00048034363981693245,1.0000003989895354,2.6599302364683384,1,-0.40016079137337246,0.9276964686488256,1.007647563113985,1.9808378817404373,0.0013439214414729325,1.0000002172567062,1.0124502052232456,1,0.7156261674061757,-1.2521534343709846,1.444572138545202,-1.0537360107816294,0.0009912841453479618,1.0000000434921472,0.28994764743951795,1,3.3490879487131147,-3.7523360121584752,5.031202948002971,-0.842822659134595,-0.013619812806562338,0.9999999271957646,0.007766350263537063,0
22.36,-0.0037536192030215828,0.0047316901637163645,-2.3819024348378792e-09,-0.1573819688548772,-0.36756405472310577,0.4036848287128668,-1.9753098097312543,0.0006379990759241493,1.0000023820882062,15.952920752772366,1,-0.2605211459332822,0.6803886245978545,0.7257934888066685,1.9401460495003733,0.0011231262128167465,1.000000398333006,2.6555533726675233,1,-0.5120291173383115,0.8728035171450271,1.0096169200606446,2.104394413361213,0.0012201989591721402,0.9999999531299123,1.0081622213806058,1,0.8024601277825681,-1.1887683567442926,1.436364735166686,-0.9792657339546393,0.0009287144017942898,1.0000000442508359,0.29500557186071147,1,3.3899978875515635,-3.712674904612692,5.029135061527325,-0.8314918749385664,-0.013485289401291596,0.9999998793214258,0.007776607681324239,0
22.380000000000003,-0.0037536191988148645,0.004731690162702283,-2.386070533429846e-09,0.04418286260576129,-0.35611040194937993,0.3621424483532392,-1.452545112998932,0.0006318281024344492,1.0000022780893565,16.177365637437358,1,-0.3919737279168383,0.6145822776949195,0.7267785295010397,2.142823470746866,0.001718729412487798,1.000000397562661,2.6504177406166347,1,-0.6160284548528465,0.8045873520296329,1.0114477953106518,2.2274860520157995,0.0010701791356990977,1.0000002650318551,1.0037407044363422,1,0.8850275711418115,-1.1190346063269438,1.428560275027974,-0.9039602133107691,0.0008709499418916752,1.0000000450194453,0.3001296345661531,1,3.4304871524011915,-3.6725524401338356,5.027088526689784,-0.8201518211669309,-0.013357703510311432,1.0000001997722954,0.00778679604825487,0
22.400000000000002,-0.003753619194027377,0.004731690161700839,-2.390223662225577e-09,0.2280127035472769,-0.22845615435970715,0.3242391778707512,-0.7970204616252479,0.0006313658520835915,1.000002379733069,17.196629419345495,1,-0.5073004544484081,0.5237219856532235,0.727643626750574,2.3449840650330365,0.002193651176508376,1.0000003967106432,2.6447376218054495,1,-0.7106164416135309,0.7241590834151819,1.0131129417797817,2.3501523419398085,0.0009263292407136504,1.0000002440488638,0.9992540218248639,1,0.9628111626587336,-1.043225463293242,1.4212076479096911,-0.8278510527847704,0.0008194530637710165,1.0000000457937264,0.30529150841718167,1,3.4705501917884103,-3.6319730469832208,5.025063618734287,-0.8088025804765725,-0.013232734307059948,0.9999999198639511,0.007796913549242404,0
22.42,-0.0037536191913613735,0.004731690160682335,-2.3943627545063018e-09,0.3088774960423147,-0.0018596994474073198,0.3075392444010732,-0.017187902726315762,0.000639044719952694,1.0000027058476113,18.937438729211177,1,-0.6018478042054428,0.41160643838689004,0.7283539629006364,2.546705929705441,0.0025162154003873327,1.0000003958117625,2.6387450828080836,1,-0.7944049314296258,0.6327979412389899,1.0145878756149245,2.4724385217896976,0.0008154859895745419,0.9999999492514062,0.9947690607182684,1,1.0353085962505229,-0.961663307820379,1.414354304732625,-0.7509769836971322,0.0007751827805547952,1.0000000465690222,0.3104601474809763,1,3.5101814997469147,-3.590941227451318,5.023060609304699,-0.797444238754627,-0.013106326965301982,0.9999998857342616,0.0078069583681488215,0
22.44,-0.0037536191944177516,0.004731690159622377,-2.3985217761576805e-09,0.2340507315771507,0.22727493510999092,0.32291954192442096,0.7660920683858973,0.0006485057495390954,1.0000030827874509,20.494280927930266,1,-0.6718255318098625,0.28286269229399275,0.7288809632947716,2.7480839878785575,0.002709865660933958,1.0000003949022886,2.6326819240362056,1,-0.8661758340531741,0.5319305794022189,1.015851173908468,2.594394743996371,0.0007337784120056924,1.0000002359493105,0.9903513619575078,1,1.1020382423490895,-0.8747194097564078,1.4080457322258269,-0.6733839296630566,0.0007364016998682632,1.0000000473402944,0.3156019626864144,1,3.549375616956234,-3.5494615574408286,5.021079777520189,-0.7860768845312803,-0.0129830343284769,1.0000002005582183,0.007816928695708644,0
22.46,-0.0037536192012171997,0.004731690158540507,-2.402744440476584e-09,0.052589884988815574,0.3599639899616979,0.3602845148024381,1.427979478509868,0.0006541848652366456,1.0000033041933907,21.047763978006305,1,-0.7144429794907668,0.14275818178860125,0.7292033662514191,2.9492263090158737,0.0028268790237727165,1.0000003940187479,2.626791652230724,1,-0.9248943537961026,0.4231094816968911,1.0168846835725867,2.716075267965548,0.0006601971676461534,1.0000002685220546,0.9860652680199639,1,1.162544975078304,-0.782812940343395,1.4023249022098119,-0.5951249384875673,0.0007004084528807715,1.0000000481021631,0.32068108785736066,1,3.588127131876344,-3.5075386860267486,5.019121409033058,-0.7747006057979978,-0.01287062338408631,0.999999912660862,0.007826822735587132,0
22.48,-0.003753619207488552,0.004731690157481129,-2.4070385034116737e-09,-0.14968922358028178,0.37583645198631177,0.4019544560234698,1.955809996347692,0.000656560456324134,1.0000033066924778,20.712224762827905,1,-0.7280071989236261,-0.003006029750557978,0.7293080666229672,-3.132935318499574,0.00291978884833696,1.0000003931965442,2.621310294084389,1,-0.9697197673756448,0.3079907254558129,1.017673675443267,2.8375376917834294,0.0005848769324078871,0.9999999503894923,0.9819729861747006,1,1.2164060537562493,-0.6864091447161195,1.3972317042581908,-0.5162599834081893,0.0006667096999976301,1.0000000488489607,0.32565973710315804,1,3.6264306818808825,-3.4651773349943564,5.017185779658624,-0.7633154897635998,-0.012768421633709597,0.9999998923298973,0.007836638700587397,0
22.5,-0.0037536192116732845,0.004731690156474634,-2.4113832580024974e-09,-0.3177691923217572,0.3013368781234173,0.4365896767999274,2.390111448225377,0.0006571875950592707,1.000003120837237,19.896287106337585,1,-0.7119815082794879,-0.14851410055268366,0.7291906352351607,-2.9319085773206304,0.0030156921307344137,1.0000003924685714,2.6164571432554213,1,-1.0000138757289414,0.1883113211163991,1.0182069656166792,2.958842220371518,0.0005079666929939672,1.00000020488904,0.9781332842815159,1,1.2632369153083087,-0.5860166369572831,1.3928023979114563,-0.4368556246057376,0.0006356635377598358,1.0000000495747996,0.3304986637995573,1,3.6642809543882935,-3.422382298357218,5.01527315171311,-0.7519216251624974,-0.01267202511480455,1.000000201028128,0.007846374811361525,0
22.52,-0.0037536192138551043,0.004731690155532457,-2.4157524162495003e-09,-0.4264869870089281,0.1698534388044252,0.459001066777168,2.7700860380555206,0.0006569901712666056,1.0000028279562694,18.89594706343864,1,-0.6670038398793605,-0.2878600578186265,0.7288554954127568,-2.730757019237088,0.003116634344700198,1.0000003918639886,2.612426590527447,1,-1.0153472382712043,0.06586628708999269,1.0184770137184986,3.080050934862091,0.0004330129731311628,1.000000290282019,0.9746005751483044,1,1.3026967213240257,-0.48218380715302883,1.3890690958337644,-0.35698451556367966,0.0006073816029250427,1.000000050273657,0.3351577140647301,1,3.701672687988985,-3.3791584418546488,5.013383778928988,-0.7405191031680034,-0.012577680811576038,0.9999999055979094,0.00785602929945122,0
22.540000000000003,-0.0037536192144870337,0.0047316901546548586,-2.420123257178275e-09,-0.46590827985739486,0.0108771372161515,0.46713786321156475,3.125127565576601,0.0006562024342652414,1.0000025377654684,17.888571714881706,1,-0.5948647248393651,-0.4153721395178723,0.7283157776748286,-2.5293633910118616,0.0032096717443332633,1.000000391407178,2.609381187093919,1,-1.0155032780609752,-0.057514433223092125,1.0184799966312035,-3.081958252478316,0.0003644506467487386,0.9999999567163912,0.9714243731078092,1,1.3344934972673002,-0.37549436215702303,1.3860592846685826,-0.2767247570641269,0.0005817627920213479,1.0000000509394693,0.33959646265025073,1,3.738600673568045,-3.335510702427579,5.011517909589956,-0.7291080173411327,-0.012482577619540703,0.9999998990978824,0.007865600409902437,0
22.560000000000002,-0.003753619213950103,0.004731690153836939,-2.4244775488450887e-09,-0.43334078534489046,-0.14930499359521954,0.46044189802610036,-2.804129880600384,0.0006544934614161216,1.0000023487024852,16.99086941085447,1,-0.4984451703472636,-0.5258307295263183,0.7275928676255127,-2.327619384590913,0.00327462654689947,1.0000003911168716,2.6074458100454576,1,-1.0004803240691542,-0.17998913744694048,1.0182158514516455,-2.9607511125557138,0.0003061891662803292,1.0000001728055665,0.968648922827565,1,1.3583887025171333,-0.2665620563265148,1.383795398428421,-0.19615910945647838,0.0005586847309109138,1.0000000515662373,0.3437749156114232,1,3.775059755423329,-3.291444087672401,5.009675787644178,-0.7176884634645861,-0.012384431456516236,1.0000002011812796,0.007875086402402982,0
22.580000000000002,-0.0037536192123077674,0.004731690153071767,-2.4287997585359378e-09,-0.33100010098902455,-0.28456834363564276,0.4393662472366829,-2.427752996054413,0.0006511829307675646,1.0000023077380145,16.30491763867972,1,-0.381615173804923,-0.6146735804702749,0.7267156560876575,-2.1254298592769216,0.003289486284685062,1.0000003910054345,2.606702896576362,1,-0.9704916260190675,-0.29972755496540027,1.01768828357568,-2.8394496900017883,0.00026114450015462073,1.0000003089681744,0.9663129183580978,1,1.3742010794490247,-0.15602470325288814,1.38229445945306,-0.11537407851286947,0.0005381376004530028,1.000000052148139,0.3476542589333088,1,3.811044832379244,-3.246963675273261,5.007857652954977,-0.706260539437779,-0.012281166924805229,0.9999998986862842,0.00788448555115106,0
22.6,-0.0037536192093207965,0.004731690152350655,-2.4330744649928016e-09,-0.16791177612765384,-0.3658496386681549,0.40576677513862064,-2.0003123328345906,0.0006476395163563562,1.0000023980089476,15.958530616396066,1,-0.2490943244237252,-0.6781816686278794,0.7257195030852943,-1.9227167196133887,0.0032348090161097775,1.0000003910783157,2.6071887711614448,1,-0.9259633417501322,-0.4149340099952049,1.0169047371212439,-2.717991825628588,0.0002312065921746229,0.9999999682361297,0.9644492592442933,1,1.3818096478698418,-0.04453759224829559,1.3815677995810969,-0.034458895972978555,0.0005203290335985823,1.0000000526796442,0.35119762776183105,1,3.846550858896281,-3.2020746124129773,5.006063741079276,-0.694824345245056,-0.012170596435638868,0.9999999060274933,0.007893796143399913,0
22.62,-0.0037536192046880535,0.004731690151659628,-2.4372842437857256e-09,0.03276778400962294,-0.36000803175302554,0.36441033369920633,-1.4835868495886684,0.0006479099827227073,1.0000025660723613,16.14716307474996,1,-0.10627697449242018,-0.713638650244889,0.7246449366750143,-1.7194223129756143,0.003106735908773287,1.0000003913336883,2.6088912551503247,1,-0.8675304630337904,-0.5238704988721924,1.0158763279014087,-2.5963172171104683,0.00021729537703689267,1.0000001406323358,0.9630847836558076,1,1.381155737231919,0.0672335382818069,1.3816208712171225,0.0464955785190485,0.0005058051468255886,1.0000000531556301,0.3543708677605242,1,3.8815728461761094,-3.156782115162662,5.004294282589815,-0.6833799830642912,-0.012049825355741447,1.0000002010174307,0.007903016476119374,0
22.64,-0.003753619198932646,0.0047316901509715,-2.4414124394009362e-09,0.21953932149377509,-0.2387935854714325,0.32590406062982513,-0.8358054192137213,0.0006526029592369944,1.0000027679298922,17.11968882689583,1,0.040974129080895094,-0.7194566479470739,0.7235361069171231,-1.5155122041815545,0.0029326992382315504,1.0000003917623863,2.611749241556892,1,-0.79603061367321,-0.6248796039008184,1.0146177405046932,-2.4743681746841553,0.00021981130666574514,1.0000003242451256,0.9622399984446702,1,1.3722439818965009,0.1786197966335256,1.382453154634417,0.12739800249888175,0.0004954878004630171,1.0000000535714888,0.35714325867080293,1,3.9161058632628163,-3.1110914678509625,5.002549502517888,-0.6719275577491141,-0.011914456344411255,0.999999891936937,0.007912144849981007,0
22.66,-0.0037536191954204955,0.004731690150240636,-2.445460794368165e-09,0.3080315828938378,-0.01567967459895213,0.30763366212864346,-0.060530577482213924,0.0006627068752290382,1.000002965246637,18.837696739581233,1,0.18656010719087912,-0.6952612018981852,0.7224390220229404,-1.3109771430382349,0.002749093879721087,1.00000039234808,2.615653867087793,1,-0.7124956250755557,-0.7164071356335792,1.0131470884093632,-2.3520903762437646,0.0002347876754498362,0.999999984771264,0.9619288285647762,1,1.3551422424043273,0.2889565153290197,1.3840581662903186,0.20815770724835575,0.0004898959345894025,1.0000000539232254,0.3594881697541766,1,3.950145038140188,-3.0650080224142915,5.000829623725533,-0.6604671778147093,-0.011760548652852833,0.9999999131077506,0.007921179562502621,0
22.68,-0.003753619198090148,0.004731690149429984,-2.4494721858475677e-09,0.24114522495278515,0.21637797851537907,0.3213765083815797,0.7265639923477047,0.0006740594872537731,1.0000030629620131,20.43320363759506,1,0.32439643200660345,-0.6419288874681822,0.7213996408519697,-1.1058340375169657,0.002571104169077384,1.000000393067682,2.620451213179302,1,-0.6181407746174612,-0.7970243548959968,1.0114857284366265,-2.229433616543229,0.00024634353265131243,1.000000109249145,0.962158381962744,1,1.329980456006185,0.39759051886087315,1.38642357563761,0.28868583261207464,0.0004876229256057196,1.0000000542075425,0.3613836170689687,1,3.9836855588226485,-3.018537197728484,4.999134878546077,-0.6489989551761703,-0.01159229852408168,1.0000002005368405,0.007930118907915909,0
22.700000000000003,-0.003753619204348948,0.0047316901485533955,-2.453499034580503e-09,0.06310028128058971,0.3554314975795059,0.3580353330299339,1.3961740150530566,0.0006812644662701593,1.0000030141433365,21.043982715816902,1,0.4486718700993941,-0.561572444173034,0.7204618940923867,-0.9001258113797425,0.0024070437881730145,1.0000003938921007,2.6259473385303247,1,-0.5143515638868607,-0.8654495755810756,1.0096580219614952,-2.1063525574625954,0.00023929352864759614,1.0000003358034395,0.9629287315431166,1,1.2969484596291725,0.5038870954317198,1.3895314235218272,0.3688964172939024,0.0004872099060793677,1.000000054421906,0.3628127067854794,1,4.016722674437676,-2.9716844789204147,4.997465511610233,-0.6375230018629493,-0.0114182698631231,0.9999998853605611,0.007938961181175722,0
22.720000000000002,-0.0037536192099168458,0.004731690147648768,-2.4575555401459837e-09,-0.13979301299651714,0.3770678037287127,0.3998301569151685,1.9302836207311023,0.0006843516726747767,1.0000029118198863,20.745445503664953,1,0.5541042735823314,-0.45747039661956457,0.7196657220642544,-0.6939200746215133,0.0022785501665979814,1.000000394787327,2.6319155132955516,1,-0.40266791926353696,-0.9205688915862713,1.007691058937585,-1.9828074763098487,0.00021064140612674743,1.000000005960506,0.9642327212666594,1,1.2562928646131162,0.6072365013483042,1.3933584130025025,0.44870740896083877,0.0004892184060880122,1.0000000545645926,0.363763951043212,1,4.049251696300749,-2.9244554166590633,4.995821764252786,-0.6260394289122617,-0.011240010520590765,0.9999999203274358,0.007947704675249087,0
22.740000000000002,-0.0037536192136555496,0.0047316901467390265,-2.4616314334147127e-09,-0.3105332015189003,0.30653774389776156,0.435013024090699,2.368515273127572,0.0006842447126901688,1.0000028508085719,19.946481928193215,1,0.6361803006030828,-0.33394105033675103,0.7190452441575762,-0.48730656681049667,0.0021980511895989124,1.0000003957158121,2.6381054137247553,1,-0.2847657189939177,-0.9614557093848516,1.0056143434327776,-1.8587649819216359,0.00016025880363637173,1.0000000794537525,0.9660558038621213,1,1.2083130951697174,0.7070598504551551,1.3978762738356094,0.5280415549721028,0.0004946221810566848,1.0000000546347145,0.3642314302411791,1,4.081267998982081,-2.8768556264278615,4.994203868527735,-0.6145483483649841,-0.011055692526658117,1.00000019974027,0.0079563476826007,0
22.76,-0.0037536192157527114,0.004731690145832146,-2.465714513209122e-09,-0.4227680062616998,0.1773136508418998,0.4581497301569969,2.750586468217759,0.0006819709541385669,1.000002842427681,18.950775638002725,1,0.6913657110851936,-0.19616422051211813,0.7186271614704208,-0.2803934203233035,0.0021589398795917123,1.0000003966380937,2.644253958193737,1,-0.16243559126117132,-0.9873887052361159,1.0034594253533804,-1.7341986861807934,8.705243423738323e-05,1.0000003433603906,0.9683759253145409,1,1.1533567280004662,0.8028142695468725,1.4030522011266644,0.6068271611051606,0.0005039410528243365,1.0000000546322212,0.364214808314649,1,4.11276702136215,-2.8288907877775844,4.992612051261504,-0.6030498742138439,-0.010864338139777094,0.9999998789675756,0.007964888505176885,0
22.78,-0.0037536192164690715,0.004731690144929806,-2.4697960078999548e-09,-0.4660121233406474,0.01912102127146334,0.46707572746383796,3.1063376643334832,0.0006788906284220386,1.0000028319763914,17.940531060857264,1,0.7172735715809426,-0.04995777775043947,0.718429488763526,-0.07330240452589881,0.002144894806547469,1.0000003975145924,2.6500972817285406,1,-0.037558987904516596,-0.997867767473616,1.00125947951294,-1.6090898214489586,-9.589947971196642e-06,1.0000000312606576,0.9711634769545158,1,1.0918142865337022,0.8939972337409636,1.4088493477306876,0.6849987092201091,0.0005173439195848557,1.0000000545578813,0.36371920813294134,1,4.1437442676747285,-2.780566643557273,4.991046537106993,-0.5915441222869162,-0.010666119008746477,0.999999927675109,0.00797332546526477,0
22.8,-0.003753619215940496,0.004731690144031216,-2.4738693888554097e-09,-0.437284298757664,-0.14165210755420155,0.46117299879320767,-2.823434809832458,0.0006760664061601647,1.0000027551607469,17.0344264420792,1,0.712779621666641,0.09848035762882812,0.7184606977446062,0.13383660114155027,0.0021426647959905923,1.0000003983074768,2.6553831778553088,1,0.08791838108606127,-0.9926274350067197,0.9990488363183273,-1.4834277843611081,-0.00012859788344564787,1.0000000519353518,0.9743813376841338,1,1.024113651477452,0.9801500308794693,1.4152273519252625,0.7624973257364571,0.0005348342820183122,1.0000000544132432,0.3627549551280632,1,4.174195308537882,-2.731888999121829,4.989507549454736,-0.5800312099447843,-0.010461876254599017,1.0000001986289804,0.007981656912159185,0
22.82,-0.003753619214174728,0.004731690143133796,-2.4779289006966743e-09,-0.33852754373290533,-0.2789549625188711,0.44083814188757364,-2.4489170345656954,0.0006735662326720723,1.000002592868574,16.33431078072694,1,0.6780771232785435,0.24285124044997486,0.7187193254029104,0.34089159165746014,0.002150327132382234,1.0000003989824846,2.659883231063047,1,0.2120155670490748,-0.9716473093789268,0.9968624674912976,-1.3572105829621561,-0.0002664857820448836,1.000000346660429,0.9779850302256557,1,0.9507142494291227,1.060860338277027,1.4221428852158737,0.8392710995550193,0.0005564036125334168,1.0000000542005807,0.36133720421751897,1,4.204115781974693,-2.682863721516672,4.987995310252176,-0.5685112558265885,-0.010252707578675723,0.9999998727681092,0.007989881222979939,0
22.84,-0.003753619211175229,0.004731690142232673,-2.481968900368281e-09,-0.17827689652294526,-0.36394506274729727,0.407825619225212,-2.0250859938444807,0.0006704801414199365,1.00000239723074,15.96554019498255,1,0.6146674569745798,0.37703957375470704,0.7191940683963698,0.5477345266085375,0.002178490098239217,1.0000003995105764,2.663403842417701,1,0.3327475538566897,-0.9351589058651337,0.9947354317506246,-1.2304451632168036,-0.00041711402065396254,1.0000000599542374,0.9819230156780985,1,0.8721011738183263,1.1357639267797037,1.429550206265768,0.9152752545204482,0.000582205418748816,1.0000000539228202,0.3594854686664764,1,4.233501394424937,-2.6334967386404964,4.9865100391594845,-0.5569843796763437,-0.01003956031756702,0.9999999351391279,0.007997996798351316,0
22.86,-0.003753619207008894,0.004731690141318984,-2.485983601266395e-09,0.02137509171801448,-0.36362909937292287,0.36668283722148015,-1.5142707073176476,0.0006667811802886893,1.0000022785539668,16.11914865683224,1,0.5252871095067276,0.4953881580601058,0.7198643517654727,0.7542471690433545,0.0022461585024713365,1.000000399869313,2.6657954199872718,1,0.44815814952524885,-0.8836484249392541,0.9927022877737138,-1.103147590974776,-0.0005716975368811837,1.0000000272530802,0.986137147366465,1,0.7887793789427507,1.2045455346046123,1.4374017080264418,0.9904721865169618,0.0006127675894970542,1.0000000535834608,0.3572230718967507,1,4.262347921748002,-2.5837940383873987,4.98505195204484,-0.5454507023169068,-0.009822589255276827,1.0000001972047319,0.008006002054871135,0
22.880000000000003,-0.0037536192021438517,0.004731690140375869,-2.4899684545123812e-09,0.21083700160852842,-0.24887932133368887,0.3276238432529129,-0.8742080857082606,0.000666687025599259,1.0000023568003158,17.045124429514562,1,0.41377599808612314,0.5929471561361817,0.7207013298096752,0.9603263433867972,0.0023739326174575595,1.0000004000438736,2.666959156487372,1,0.5563540326206637,-0.8178549746047509,0.9907964852863816,-0.9753430671320878,-0.0007190955749563127,1.0000003454788442,0.9905632924199699,1,0.701268069914445,1.2669389755871554,1.4456484460427486,1.0648313785660632,0.0006490195179619104,1.0000000531864823,0.3545765482677155,1,4.290651210217488,-2.533761667770116,4.983621259188835,-0.5339103460123756,-0.009600307699398427,0.9999998667719838,0.008013895415970066,0
22.900000000000002,-0.0037536191990053137,0.00473169013937364,-2.49393044193455e-09,0.30676942008965874,-0.029532834879810798,0.3078216298360568,-0.10383132951535753,0.0006743909852504582,1.000002666404392,18.73775535716951,1,0.2848957978572273,0.6656853950116103,0.7216692513591302,1.1658883363629169,0.002569793236708286,1.0000004000276543,2.6668510289090746,1,0.6555392564956017,-0.7387638604178072,0.9890497505176845,-0.8470657574130878,-0.0008492921170972454,1.0000000911671352,0.9951321473457142,1,0.6100953904287152,1.322726562480753,1.4542406367755027,1.138329207773148,0.0006910641028096111,1.0000000527362543,0.35157502803257745,1,4.318407177507013,-2.483405732025979,4.982218166646719,-0.5223634354857434,-0.00937102217052132,0.9999999427076657,0.008021675303311538,0
22.92,-0.0037536192014196914,0.004731690138285477,-2.4979084139661878e-09,0.24797374842571995,0.20513010050262453,0.3198979904783324,0.6866836035830324,0.000685515250354049,1.0000030507838107,20.36926935247268,1,0.1441096895826812,0.7106540551886201,0.7227271073986912,1.3708722374868563,0.002807936102702171,1.0000003998224345,2.6654828966569397,1,0.7440493954901246,-0.6475946811619752,0.9874914814278238,-0.7183584174371084,-0.0009636847771952789,1.0000000058256084,0.9997703065143871,1,0.5157934874933247,1.3717379359828072,1.4631281222995054,1.2109486576926505,0.0007358288379849897,1.0000000522374461,0.348249641139494,1,4.345611813664536,-2.43273239370665,4.980842886652937,-0.5108100981286658,-0.009139674382291543,1.0000001954697806,0.008029340136278807,0
22.94,-0.0037536192080677615,0.004731690137127736,-2.5019559583838724e-09,0.07361122204856202,0.35049070539159943,0.3557984928749176,1.3639936564320423,0.000695219140528529,1.0000032934018346,21.037833534131764,1,-0.0026634928724592445,0.7260967340375525,0.7238304732872791,1.5752421156821306,0.0030514582531137057,1.000000399438119,2.6629207930740035,1,0.8203844281113026,-0.5457841255048983,0.9861481569616583,-0.5892717962851541,-0.0010713607400673147,1.0000003396348536,1.0044014756115425,1,0.4188940091118521,1.4138483957671064,1.4722608053715984,1.2826789622112034,0.0007797782746293739,1.000000051694942,0.3446329470006467,1,4.372261182071885,-2.3817478717503806,4.979495642880548,-0.4992504609686049,-0.008915235487691553,0.999999860988699,0.008036888340408537,0
22.96,-0.003753619214558691,0.0047316901359478955,-2.506092628990625e-09,-0.1297325815733665,0.3779723392274547,0.3976870748801523,1.904505682283988,0.0006993310439015849,1.0000033165482187,20.7775255223037,1,-0.1493073836445627,0.7115035571103757,0.7249334401045757,1.7789880194646908,0.0032893823352884793,1.0000003988920867,2.6592805772366654,1,0.883239397272935,-0.4349635576412914,0.9850427776506673,-0.459863836884163,-0.0011742285002061333,1.0000001239026433,1.0089478353590065,1,0.31992406996138384,1.448976831925886,1.4815890344408305,1.3535152096617944,0.000822386796795287,1.0000000511137568,0.340758378445377,1,4.398351420389549,-2.330458440534595,4.978176655427129,-0.4876846489797215,-0.008699902567218613,0.99999995036873,0.008044318349277947,0
22.98,-0.0037536192190346235,0.004731690134783174,-2.510305950088887e-09,-0.3030572393258258,0.31151030439931965,0.433403993380299,2.346776033781943,0.0006956292854168548,1.0000031452350835,19.996352977396715,1,-0.2897658455806667,0.6676103474564006,0.7259905428542769,1.982125820825649,0.0035159728161850575,1.0000003982081995,2.654721329526599,1,0.9315318746680296,-0.316931685354899,0.9841943746482326,-0.3301986870990608,-0.001271866941070491,0.9999999879389023,1.0133315790250264,1,0.21940270224452632,1.4770833524533975,1.4910639275300825,1.4234579100594658,0.000864063118999164,1.0000000504989566,0.33665971034778325,1,4.423878741488028,-2.2788704289103046,4.976886131949753,-0.4761127869462012,-0.008491945823842256,1.0000001934268745,0.008051628604752939,0
23.0,-0.0037536192214776597,0.004731690133652243,-2.5145749705558773e-09,-0.41877680594356803,0.1846327845353249,0.45726052543200907,2.7310213339986054,0.0006898317370601003,1.000002857678574,19.00574527183805,1,-0.4182892248953146,0.5963465493115115,0.7269586027963036,2.1846959823198975,0.0037127008750219505,1.0000003974156537,2.6494376915382154,1,0.9644252998919282,-0.1936228175213476,0.9836176018634809,-0.20034552688649301,-0.0013661045324174167,1.000000329020141,1.0174765518515294,1,0.11783779299841875,1.4981666957608133,1.5006376525467375,1.4925125364433371,0.000904940789538885,1.0000000498555857,0.33237057132714604,1,4.448839434363913,-2.2269902192191986,4.975624270224813,-0.4645350007310799,-0.008289815351969902,0.999999855427417,0.008058817563513383,0
23.02,-0.0037536192223447144,0.004731690132562533,-2.518880656571937e-09,-0.4658326376624327,0.027302205198677803,0.46697367447321425,3.0875435446224024,0.0006855403064286064,1.000002562824372,17.992926492060533,1,-0.529659914051654,0.5007375225777302,0.7277984038222685,2.3867614172745464,0.0038664545005652586,1.0000003965476607,2.6436510713646486,1,0.9813473633041178,-0.06707142584932194,0.9833224184880034,-0.07037724200466063,-0.0014603132569133055,1.0000001570962118,1.0213099327250266,1,0.015723495857190056,1.512261508617856,1.5102636687504696,1.5606890589270286,0.0009449874293602859,1.0000000491886023,0.3279240152776644,1,4.473229865038923,-2.174824246292087,4.974391260950158,-0.4529514174281729,-0.00809255603268654,0.9999999581101815,0.008065883705084693,0
23.040000000000003,-0.003753619222026017,0.00473169013151638,-2.523207239500669e-09,-0.4409477548156264,-0.13398427172108848,0.4618643146584354,-2.8426828943119435,0.0006833059584640553,1.0000023619594307,17.078677328367586,1,-0.6193901230398036,0.3847679960597955,0.7284761663335192,2.5884046111716836,0.003975707209459561,1.0000003956399952,2.637599968022749,1,0.9820027521258495,0.06062609152026843,0.9833138733816925,0.059631014516508395,-0.0015573531050023471,0.9999999737752445,1.0247638985314287,1,-0.0864619054848513,1.5194355596644913,1.5198969279476835,1.6280014831671015,0.0009841634867241108,1.0000000485028244,0.3233521622408901,1,4.497046477441396,-2.122378996427796,4.973187288693001,-0.4413621652517877,-0.007899438716943633,1.000000191079249,0.008072825538090881,0
23.060000000000002,-0.003753619220612895,0.004731690130514181,-2.5275405544575302e-09,-0.34579680421577225,-0.27324112698937786,0.4422736657615407,-2.469947798847857,0.0006823691220349912,1.0000023074261641,16.364732454019816,1,-0.6838867219626203,0.25321394639420725,0.7289647829951224,2.789724147539229,0.0040482193264553806,1.0000003947295475,2.6315303172991498,1,0.9663797751994547,0.18735140343192078,0.983591999683165,0.1896033285090341,-0.0016576602035274566,1.0000003136428763,1.027777207103482,1,-0.18825771301536018,1.5197869483004591,1.5294940365982876,1.6944674015922851,0.001022506900474756,1.0000000478028859,0.31868590584089385,1,4.520285794270967,-2.0696610063527636,4.972012531856962,-0.42976737344325194,-0.007709662132964831,0.9999998500969484,0.008079641604197024,0
23.080000000000002,-0.0037536192178994256,0.004731690129554719,-2.531865451885565e-09,-0.18844291618560075,-0.3618415195447858,0.4098589255429267,-2.0496188690926305,0.0006812140625281801,1.0000023870957873,15.974120388061346,1,-0.7205797048304058,0.11145016233625936,0.7292447862637318,2.9908307851771605,0.0040985674905982495,1.0000003938529194,2.625686129152334,1,0.9347506114094546,0.311004862893594,0.9841518230381533,0.3194645510694285,-0.0017587525613660452,1.0000001896873842,1.0302966350164415,1,-0.2892221455519074,1.5134413587285434,1.5390133818320235,1.7601075642163435,0.0010602304631068522,1.0000000470932022,0.3139546818853759,1,4.542944417846461,-2.0166768621615314,4.970867162095154,-0.4181671722333867,-0.007522081591884905,0.9999999659197533,0.008086330479964102,0
23.1,-0.0037536192135548653,0.004731690128631871,-2.5361635148761497e-09,0.010043956409990954,-0.3669569915082014,0.3689568129674465,-1.5445797923587372,0.0006790236966810907,1.0000025485151036,16.0935029363805,1,-0.7280121380618567,-0.03475953583728747,0.729305030970775,-3.091342084565362,0.004145445603822806,1.0000003930450916,2.6203006106257796,1,0.8876651740510842,0.4295455821960013,0.984983481947191,0.4491417972518454,-0.0018548142278104964,0.999999963457517,1.0322782119384732,1,-0.38893332446841644,1.500549399210128,1.548415224953357,1.8249454744137872,0.001097915951307954,1.000000046377944,0.30918629323581565,1,4.565019030936891,-1.9634331982384763,4.969751343124715,-0.4065616929158846,-0.007334742824949553,1.0000001884306235,0.008092890776826176,0
23.12,-0.0037536192079271873,0.004731690127726851,-2.5404150840249717e-09,0.20194521272304805,-0.25868061114523394,0.3293955855543286,-0.9121970044200293,0.0006786279528267239,1.0000027457234457,16.973193400961428,1,-0.7058904013037508,-0.17948284209222143,0.7291430834539989,-2.890301636703031,0.004208196641730784,1.0000003923381917,2.6155879454561535,1,0.8259388308695375,0.5410298298490069,0.9860724539083564,0.5785658706679387,-0.0019366230406912628,1.000000293677734,1.0336882032586605,1,-0.48698995433967834,1.481284057500885,1.557661765522514,1.8890070137026291,0.001136758917465094,1.0000000456610179,0.30440678608316424,1,4.586506397576214,-1.9099366961615403,4.968665229066861,-0.3949510682616034,-0.007144228099364648,0.9999998450057377,0.008099321138746323,0
23.14,-0.0037536192040358313,0.004731690126801438,-2.5446149748940827e-09,0.3051107659165074,-0.04337024079594105,0.30810347502796037,-0.14704141648981126,0.0006850768334280838,1.0000029444681957,18.637980155291025,1,-0.6550941738670383,-0.3168440281234413,0.7287653128929074,-2.6891119646147645,0.004296748555618162,1.000000391760378,2.611735852702142,1,0.7506344498564138,0.6436467024385201,0.9873998776288969,0.7076725701246919,-0.0019963690666066035,1.0000002206957217,1.0345038064285434,1,-0.583011738580787,1.4558382952193916,1.5667171769128492,1.9523200973832209,0.001177881922885838,1.000000044946056,0.2996403725559566,1,4.607403363862242,-1.856194083588862,4.967608965242698,-0.38333543364668043,-0.00694692025516103,0.9999999737850711,0.008105620237186535,0
23.16,-0.00375361920613336,0.004731690125820112,-2.548797155754387e-09,0.254532434753626,0.19357017989047182,0.31848776337560136,0.6464810560999511,0.0006943201195359352,1.0000030566272637,20.302644894196487,1,-0.5776460833059969,-0.4412474442683318,0.7281866791270208,-2.4876573371539883,0.004393575100230661,1.0000003913348527,2.608899018520577,1,0.6630394383384814,0.735750165442484,0.9889429643482107,0.8364038407058764,-0.002036459672694054,0.9999999570935691,1.0347135368406364,1,-0.6766395688003386,1.4244227966780887,1.5755476160096826,2.0149143573273998,0.0012196195914128437,1.0000000442364092,0.29490939441668274,1,4.627706858738871,-1.8022121331298713,4.966582698390657,-0.371714927762267,-0.006745173130708573,1.0000001854851932,0.008111786769075261,0
23.18,-0.003753619212332731,0.004731690124795167,-2.5530106342788045e-09,0.0841161438895081,0.3451650452728343,0.35357715029555103,1.3314489705832497,0.0006977751970331714,1.000003021553728,21.02932114841253,1,-0.47664135511948436,-0.5475933314983971,0.7274302157448387,-2.285831877002102,0.004468960183180322,1.0000003910790245,2.607193496094219,1,0.564638595987076,0.8158867379429608,0.990675490625119,0.9647087537321131,-0.00206082738865579,1.0000002695046533,1.0343172733622688,1,-0.7675355244679241,1.387263881537636,1.5841212255337869,2.0768208507525956,0.001258751566399961,1.0000000435351484,0.29023432186883824,1,4.647413894759079,-1.7479976612010226,4.965586585520774,-0.3600896899720869,-0.006545518535614001,0.9999998401618507,0.008117819463152338,0
23.200000000000003,-0.0037536192181436253,0.004731690123767182,-2.557267791188783e-09,-0.11951114220665109,0.37856669113416,0.39552652277488787,1.8784829669257275,0.0006964100641630112,1.0000029216478017,20.80844174870325,1,-0.3561383318539419,-0.6314795732167773,0.7265262274370083,-2.0835437064522258,0.004507988483418168,1.0000003910038266,2.606692177488033,1,0.4570837041463399,0.8828183001046168,0.992568340682757,1.092544302552792,-0.002064393012474949,1.000000249281926,1.0333260154148338,1,-0.8553827168952082,1.3446015856012634,1.5924081330179958,2.138071808958586,0.0012949058831933505,1.000000042845067,0.2856337807065712,1,4.666521568828109,-1.693557526863952,4.96462078162291,-0.3484598580470345,-0.006348662555980403,0.999999981693672,0.008123717079851545,0
23.220000000000002,-0.0037536192221243525,0.004731690122762502,-2.5615530681831478e-09,-0.29534223144239935,0.3162674371320207,0.4317620280774846,2.3249028746130938,0.000693544403585579,1.000002856645255,20.04587915341084,1,-0.2210114995706664,-0.6893826477037975,0.7255112108275407,-1.880718718688313,0.004500030320645852,1.0000003911132191,2.607421461420226,1,0.342160816725801,0.9355397130727662,0.994590074471832,1.2198759852305692,-0.0020411067523480476,0.9999999548029379,1.0317614141341074,1,-0.9398850085216597,1.2966879099909208,1.6003804256888106,2.198700421966401,0.0013291930399125017,1.0000000421686905,0.2811246029023586,1,4.685027062929698,-1.6388986306472193,4.963685429501212,-0.3368255696816585,-0.006151872034807183,1.000000182247624,0.008129478404191775,0
23.240000000000002,-0.003753619224414139,0.004731690121790218,-2.565847396530929e-09,-0.4145124751513314,0.19182003317030052,0.456331342701845,2.711404584595221,0.0006899106494586409,1.0000028456931414,19.06084458533188,1,-0.07676976657051916,-0.7188106823425217,0.724426506588791,-1.6773038345384121,0.0044340702497183745,1.0000003914038933,2.6093592893700186,1,0.22175621165970621,0.97329115255197,0.9967075201402399,1.3466781777820942,-0.001988289559129172,1.0000002417201612,1.0296550008547882,1,-1.0207666352094305,1.2437852355376036,1.6080121097028708,2.258740646348112,0.0013624305772189074,1.0000000415082848,0.2767218982760911,1,4.702927644835269,-1.5840279133539725,4.962780661796306,-0.32518696388917623,-0.00595293591106229,0.9999998355729616,0.008135102242977038,0
23.26,-0.003753619225293897,0.004731690120850986,-2.570135268671614e-09,-0.46536627283533455,0.03542614294695079,0.4668285561390343,3.068765097664998,0.000685932362470843,1.0000028380507464,18.045759053222916,1,0.07065577599980125,-0.718421334524585,0.7233167146271496,-1.473269595528951,0.004305088786716574,1.0000003918652134,2.6124347563306896,1,0.09782191332736269,0.9955652451976724,0.9988863778407814,1.4729343125405288,-0.0019066017798258109,1.0000002747798846,1.0270472128131314,1,-1.09777175610475,1.1861648964730611,1.6152790651697018,2.3182270368386053,0.0013949940209666103,1.0000000408658716,0.27243914322883755,1,4.720220668794242,-1.5289523548554633,4.961906604406834,-0.31354418123386035,-0.005750607977065789,0.9999999896330248,0.00814058742421777,0
23.28,-0.003753619224896446,0.004731690119941375,-2.5744040712139676e-09,-0.4443235089778551,-0.126299019945509,0.4625121856089319,-2.8618478771103413,0.0006823615460321771,1.0000027680172514,17.123634998632767,1,0.21514855353498563,-0.6880974312220682,0.7222279179954939,-1.2686119290192601,0.004119685349436989,1.000000392479426,2.6165295070577277,1,-0.027658394457536668,1.0021092545929573,1.0010918166210954,1.5986368747154587,-0.001799028080283778,0.9999999567158185,1.023986282542088,1,-1.1706639528171168,1.1241059056765013,1.6221589982315463,2.37719460252204,0.0014270057773632327,1.0000000402432419,0.2682882794908262,1,4.736903576204876,-1.4736789728702002,4.961063378222038,-0.3018973636966499,-0.0055442614485419275,1.0000001787230453,0.008145932795607429,0
23.3,-0.0037536192232496815,0.004731690119054964,-2.5786429172502956e-09,-0.35279463092699176,-0.26742553762466403,0.44366911884182825,-2.490812764574351,0.0006795762154773418,1.0000026111181815,16.396203843326084,1,0.3506595605786707,-0.628974083558057,0.7212057743364356,-1.0633529272015767,0.0038973231555553705,1.0000003932221655,2.621481103070611,1,-0.15270236033552131,0.992922689455661,1.0032890510661845,1.7237872348601473,-0.0016698900478359958,1.0000002111154709,1.0205270262177226,1,-1.2392256968635278,1.05789382262168,1.628631390798162,2.4356786858771042,0.0014584750048365945,1.0000000396419728,0.26427981889977886,1,4.75297389626629,-1.4182148217293762,4.960251099788552,-0.29024665450105125,-0.005333601523539195,0.9999998312463402,0.008151137221729332,0
23.32,-0.0037536192203700813,0.004731690118182136,-2.582842221999712e-09,-0.19838982466439492,-0.3595358165100902,0.4118633523019034,-2.0738726512296237,0.0006768910398445826,1.0000024132828615,15.984293772894604,1,0.47146660622004877,-0.5434125039866684,0.720293549482776,-0.8575405072013148,0.0036666064173398413,1.0000003940632718,2.627088479072996,1,-0.27536028649495126,0.9682507952042749,1.0054438880028196,1.8483953384809009,-0.0015240002735754452,1.0000002966974593,1.0167295763812283,1,-1.3032578015565583,0.9878197542944878,1.6346774492139136,2.4937148624449104,0.0014894066531957507,1.000000039063443,0.260422952819396,1,4.768429246611467,-1.3625669911292955,4.959469881318284,-0.27859219795639295,-0.0051184012368293156,0.9999999975905495,0.008156199580801833,0
23.34,-0.0037536192162969826,0.0047316901173087835,-2.5869935046159837e-09,-0.001198704562377328,-0.36998155956081724,0.371229768192971,-1.5744695323739017,0.0006729750016051867,1.0000022810279272,16.070249215436966,1,0.5724278241466937,-0.43491805485454765,0.7195301828994695,-0.6512468657107922,0.003457986513020988,1.0000003949679241,2.6331194947500243,1,-0.3937443368146455,0.9285744419265782,1.007523236033198,1.9724792757465184,-0.0013653184446037196,0.9999999629468362,1.0126581027119297,1,-1.3625788720839096,0.9141794787452207,1.6402800532444386,2.551338859126436,0.0015199668144936951,1.0000000385088497,0.2567256640704565,1,4.783267333920539,-1.3067426048716735,4.958719829953802,-0.266934139369144,-0.004898060772393037,1.0000001749170404,0.00816111876224042,0
23.36,-0.00375361921141118,0.004731690116413029,-2.591090566281609e-09,0.19289237849127694,-0.2681721946267126,0.3312192441379699,-0.9497168035763964,0.0006687640277154887,1.000002336296532,16.90395910560484,1,0.6492163676110351,-0.3080030864643397,0.7189484859988884,-0.4445657094934527,0.00329576450696985,1.0000003958980648,2.639320432483201,1,-0.5060553189232838,0.8745969404502905,1.009495572326294,2.0960647546831863,-0.001195535897539643,1.0000001786278643,1.0083795584336048,1,-1.4170247654123085,0.8372726806921215,1.6454237064132384,2.6085864897053925,0.0015507237331956344,1.0000000379792258,0.2531948389547152,1,4.797485954514051,-1.2507488195928302,4.958001046194943,-0.2552726252419162,-0.004671006016245963,0.9999998271888408,0.008165893666013871,0
23.380000000000003,-0.003753619207858911,0.004731690115460242,-2.5951383735099004e-09,0.30306640599574297,-0.05715361447894516,0.30848528112165896,-0.19010484131928593,0.0006701274613039012,1.0000026276469283,18.538420941222604,1,0.698522987359367,-0.16799867243170177,0.7185735810197164,-0.2376083284845119,0.0031862150521476114,1.0000003968140574,2.6454270496534393,1,-0.6106068445550471,0.8072283088961365,1.0113313611655719,2.219184499738457,-0.0010158574640540328,1.000000314694883,1.0039624830431173,1,-1.4664480697732019,0.7574022885979809,1.6500944862696347,2.66549360666998,0.0015823356841949711,1.0000000374754565,0.24983637737218317,1,4.81108299492498,-1.1945928234824574,4.957313623837627,-0.24360780421985664,-0.00443575214107294,1.000000005553637,0.008170523203725173,0
23.400000000000002,-0.0037536192095865206,0.004731690114415257,-2.5991736402053434e-09,0.26081393227826555,0.18172235601789538,0.3171560771431703,0.6059647101000684,0.0006762117493182883,1.0000030171107135,20.23299319164075,1,0.7182141269933715,-0.020823076415056742,0.7184216924664384,-0.030498673128088336,0.003099316166024061,1.0000003976764789,2.6511765251115365,1,-0.7058467738023698,0.72756748058073,1.01300341976078,2.3418775899738185,-0.0008368168297880457,0.9999999735554446,0.9994758854131228,1,-1.510717611830314,0.6748739027993276,1.6542799895619607,2.722096064840761,0.001613577972374305,1.0000000369982949,0.24665529955153695,1,4.824056432447912,-1.1382818349929873,4.956657659057134,-0.23193982801587798,-0.004196326737521585,1.0000001708356385,0.008175006304822818,0
23.42,-0.0037536192159908013,0.004731690113283608,-2.6032540949294525e-09,0.09461317469706343,0.3394632550234588,0.351378233129505,1.2985086026810924,0.0006799695643315821,1.0000032804992611,21.017861126554674,1,0.7074353229894023,0.1272817556551847,0.7184993669443379,0.17663230335609012,0.0029952300885427267,1.0000003984480288,2.6563201926495097,1,-0.7903759308645527,0.6368828964690839,1.0144872412960422,2.4641887476112205,-0.0006753584198957727,1.0000001452792695,0.9949882227029027,1,-1.5497179981874154,0.5899953045122893,1.657969281702589,2.7784296877941848,0.0016416717239590489,1.0000000365483772,0.2436558480622382,1,4.836404335662002,-1.0818231015396462,4.956033261618616,-0.22026884906890215,-0.003960695407646154,0.9999998234068914,0.008179341934302704,0
23.44,-0.0037536192226314937,0.004731690112107448,-2.6074080399125787e-09,-0.10912242312384207,0.37885781912708,0.39335079866229167,1.8521772947417892,0.000682694205918086,1.0000033247483695,20.83764098703473,1,0.6666529661704979,0.2700316801671571,0.7188031477198097,0.3836527211585216,0.0028614844063926123,1.0000003990953454,2.660635636587993,1,-0.8629641408467564,0.5365918680572918,1.0157612835854106,2.586167607733092,-0.0005371641712706778,1.0000003285546024,0.9905664793802584,1,-1.5833491967235966,0.5030760358662092,1.6611528682401593,2.834530244999214,0.0016657337920334095,1.0000000361262376,0.24084158321324636,1,4.8481248649251825,-1.025223898187787,4.955440544974972,-0.20859501762311275,-0.0037313550973245807,1.0000000135096698,0.00818352910658072,0
23.46,-0.003753619227330666,0.004731690110922757,-2.6116301484694487e-09,-0.2873794095557833,0.32081872896231345,0.4300868981032677,2.3028624278819976,0.0006855629823671654,1.0000031687208313,20.094605469695892,1,0.5976315783262878,0.4013842214483786,0.7193197539098676,0.5904358916457202,0.0027066990543351175,1.0000003995905942,2.663937294933792,1,-0.9225636793329083,0.42823903486718556,1.0168072059161088,2.7078679839775837,-0.00042017546607452815,0.9999999885068885,0.9862753467384375,1,-1.6115261622935557,0.414427041557336,1.6638226690825773,2.890433447082808,0.0016862473832621795,1.0000000357323207,0.23821547068509225,1,4.8592162728434065,-0.9684915263261918,4.954879614050044,-0.19691848266419257,-0.0035074041691445213,1.0000001664853058,0.008187566885360067,0
23.48,-0.0037536192299687217,0.004731690109747869,-2.6159052276750194e-09,-0.40996723535767604,0.19888712197845573,0.45536130957837695,2.691708318366466,0.0006876469492011639,1.000002887394997,19.11570377999531,1,0.503348151858833,0.515809005223829,0.7200267518661819,0.7968661041111914,0.0025501505109871135,1.000000399912793,2.666085287842828,1,-0.968320249825451,0.3134741788015446,1.0176100558523864,2.8293471228967166,-0.00032173046519459286,1.0000001121154107,0.9821764981257819,1,-1.6341785104096336,0.3243603631818968,1.6659719871308605,2.946174947410315,0.0017037405809137908,1.0000000353669944,0.23577996240316704,1,4.869676904717876,-0.911633312328591,4.954350565281043,-0.18523939329432873,-0.003288247139865747,0.9999998199064833,0.008191454380793299,0
23.5,-0.0037536192309991587,0.004731690108590472,-2.6202197629492108e-09,-0.4646076427505325,0.04350526205943279,0.4666400461289577,3.049977754700862,0.0006884297897590808,1.000002588696752,18.09872009498594,1,0.38784932744124856,0.6085301469475926,0.720893657281268,1.0028437584703116,0.002415532466725714,1.0000004000487566,2.666991709976835,1,-0.9995816112019879,0.19402959989671315,1.0181584171685851,2.950664952300487,-0.00023922147791865262,1.0000003381535671,0.9783279503231674,1,-1.6512502416183206,0.2331888777316988,1.667595481279147,3.001790345905256,0.0017186384304748352,1.0000000350305611,0.23353707369289364,1,4.879505198969804,-0.8546566062045787,4.953853489174287,-0.17355789899925553,-0.0030739071151800012,1.0000000214460414,0.008195190746078222,0
23.52,-0.003753619230819896,0.004731690107453981,-2.624563522567701e-09,-0.4474089920998742,-0.1185846897345751,0.46311755017080874,-2.8809540432499303,0.0006887239953386931,1.000002376475229,17.169027827393794,1,0.25606074088901476,0.6757283943867148,0.7218833902089385,1.2082895786691317,0.0023238649788405183,1.0000003999936067,2.666624044685708,1,-1.0159039699648411,0.07169720753769138,1.018444521422919,3.0718833291473167,-0.00016941726434975904,1.0000000076430386,0.9747835270554907,1,-1.6626995184015236,0.14122607206121554,1.6686891462011237,3.057315195984523,0.0017313716965679272,1.0000000347232691,0.2314884612588033,1,4.88869968754267,-0.7975687802407471,4.953388471371172,-0.16187414950251922,-0.002864599881356102,1.000000161872934,0.008198775172673044,0
23.540000000000003,-0.003753619229559319,0.004731690106340996,-2.6289277674272984e-09,-0.3595210342781865,-0.2614989258973331,0.4450269964783027,-2.511539983670477,0.0006892436073835109,1.0000023083484026,16.428463238864847,1,0.11356038769318823,0.7146941008086221,0.7229539915368479,1.4131477252334559,0.002287486362559422,1.0000003997508442,2.6650056276921976,1,-1.0170562327729542,-0.051694561229174006,1.0184643220231047,-3.0901200185399946,-0.00010894158594085616,1.0000000801532865,0.9715924274985159,1,-1.668498495664109,0.0487858452146038,1.6692502975885848,3.112785014341606,0.0017424322777443197,1.0000000344453255,0.2296355037907796,1,4.897258996282659,-0.7403772276332551,4.952955592591717,-0.150188294577907,-0.0026604012821105105,0.9999998166931618,0.008202206885512696,0
23.560000000000002,-0.003753619227041859,0.004731690105253824,-2.633302401220533e-09,-0.20811870969893526,-0.357022976212542,0.41384261902264663,-2.097884522609875,0.0006895102774272939,1.000002377131774,15.995773682220921,1,-0.03367084092742451,0.7239257935893461,0.7240605021572897,1.617387715377309,0.002307772515920544,1.000000399331997,2.662213313541325,1,-1.0030221892922901,-0.1743039165468548,1.0182175312494244,-2.9689110112405546,-5.421970958772718e-05,1.00000034344282,0.9687988337268465,1,-1.6686332055130764,-0.04381766960129473,1.669277561840434,-3.114950014232863,0.0017524105167395507,1.000000034196907,0.22797937988612677,1,4.905181845296578,-0.683089361112823,4.952554927884521,-0.1385004838971448,-0.0024609734423660322,1.0000000293501758,0.008205485139617316,0
23.580000000000002,-0.003753619222918925,0.004731690104191343,-2.637673379626143e-09,-0.012350925688128383,-0.37270281960930113,0.3735052721421848,-1.603991097164337,0.0006888138465077406,1.0000025317471457,16.049041523280135,1,-0.17950818395969986,0.7031727463332634,0.7251569067875101,1.8210051432602845,0.0023774795232578377,1.0000003987559027,2.658372685572621,1,-0.9740006645715055,-0.294298922331515,1.0177076230117164,-2.847611807558455,-5.581308617766909e-07,1.0000000306660821,0.9664415409977543,1,-1.6631034970665364,-0.13627027156221053,1.6687708703337016,-3.0594837943978432,0.0017620820009968186,1.0000000339781703,0.22652113497395737,1,4.912467049286465,-0.6257126115628653,4.952186545130384,-0.12681086695775642,-0.0022651695777120597,1.0000001570058301,0.0082086092185196,0
23.6,-0.0037536192173929627,0.004731690103141525,-2.6420237967880733e-09,0.18368821170490698,-0.2773532947786221,0.3330960595357882,-0.9868268187387177,0.0006889389652761077,1.0000027241945477,16.83706181791861,1,-0.317939227920886,0.6534231805642778,0.7261980516118816,2.0240212637767874,0.002486511181110633,1.000000398047692,2.653651278970508,1,-0.9304036438815558,-0.40988067986002863,1.0169418025619317,-2.7261603225481945,5.7777949275474666e-05,1.0000000503389554,0.9645536312481728,1,-1.6519230320219218,-0.22825785516782052,1.667731459363342,-3.0039661480822804,0.0017724960005136216,1.00000003378926,0.22526173314789108,1,4.9191135178607155,-0.5682544266312203,4.951850502572516,-0.11511959328916546,-0.002070558617642872,0.9999998137720174,0.008211578433675214,0
23.62,-0.0037536192131259584,0.004731690102073545,-2.6463475032742316e-09,0.30064541514501747,-0.07087294969632257,0.3089659237145232,-0.23307113800321594,0.0006947786426898566,1.0000029231245846,18.438850543376418,1,-0.44330655824434545,0.5768422636224078,0.727141455693654,2.2264815549681316,0.0026232729929938814,1.0000003972375526,2.6482503503797625,1,-0.8728523369455483,-0.5193064289234192,1.015930942278214,-2.6044962819625037,0.00012440516467827634,1.0000003444342749,0.9631621814298176,1,-1.6351193364307839,-0.3194665771492274,1.6661618757570373,-2.948361568342872,0.0017844856076402898,1.0000000336303143,0.22420209572432018,1,4.925120255821498,-0.5107222693356972,4.951546847169516,-0.10342681344782155,-0.0018745165035533489,1.0000000372095499,0.008214392122499765,0
23.64,-0.0037536192145784892,0.004731690100955013,-2.6506747554267546e-09,0.26681931001245596,0.169594727934331,0.3159002401680871,0.5650873531917598,0.0007038346541677284,1.000003048447092,20.16011204493605,1,-0.5505280881660968,0.4766658261537315,0.7279489495697062,2.4284534002974953,0.0027601497377042804,1.0000003963593598,2.6423957325526066,1,-0.8021711159341945,-0.6209124897884617,1.0146894770403014,-2.4825619670652075,0.00019322479388570436,1.0000000571337,0.962287993469308,1,-1.612733908622961,-0.4095830347639517,1.6640659815930667,-2.8926345077090323,0.0017971514114677217,1.0000000335014696,0.22334313137691897,1,4.930486363428774,-0.4531236166644722,4.951275621702692,-0.09173268039116905,-0.0016792372516159265,1.0000001518917057,0.008217049645760902,0
23.66,-0.0037536192206235287,0.0047316900997984475,-2.655055496639247e-09,0.1051059387505994,0.3333899107424632,0.34919700564811296,1.2651338006340347,0.0007078615180348911,1.0000030278461585,21.00331788114143,1,-0.6352883896312711,0.35705672199912375,0.7285880990898336,2.6300230424803623,0.0028612057612009607,1.0000003954492396,2.636328264534552,1,-0.7193792339880422,-0.7131369397290996,1.0132352515368328,-2.3603029662373536,0.0002545262667498995,1.0000000235138,0.9619453419210106,1,-1.5848223826166206,-0.49829446296921004,1.6614489560346526,-2.8367493678404707,0.0018089646944484403,1.0000000334028643,0.22268576204867402,1,4.935211036639756,-0.39546595817317004,4.951036877558332,-0.08003734784845112,-0.0014902300441842502,0.9999998111476781,0.008219550393937255,0
23.68,-0.003753619226622944,0.004731690098649754,-2.6595048912138146e-09,-0.09856037452673783,0.37885359703258353,0.3911551672186442,1.8255666864148694,0.0007087705726697183,1.000002931403226,20.865111496029094,1,-0.69419627128286,0.2229311217108067,0.7290333874833335,2.8312919839186903,0.0029181000871894873,1.0000003945441298,2.630294198996063,1,-0.6256802111903884,-0.794541877470385,1.0115893340310105,-2.237668937700805,0.0003085582280298254,1.000000341191232,0.9621417388235031,1,-1.551454745780932,-0.5852889582279012,1.658317316826235,-2.7806704992696343,0.001820433507642945,1.000000033334642,0.22223094580052802,1,4.939293567320113,-0.33775679457755997,4.950830667859476,-0.06834096719525996,-0.0013074846375224296,1.0000000450117101,0.008221893795926211,0
23.700000000000003,-0.003753619230817397,0.0047316900975428455,-2.664006058231052e-09,-0.2791637927347211,0.325176042343898,0.428375443799784,2.280643988564603,0.0007101293921567091,1.000002862738607,20.14258978119595,1,-0.7249054552961056,0.07976195187549191,0.7292671190915656,3.032372987686082,0.002942624710451776,1.0000003936803858,2.6245359058988327,1,-0.5224487661919276,-0.8638350793690862,1.0097757981816446,-2.1146143589465454,0.0003589646568233741,1.0000000864616145,0.9628777143117256,1,-1.5127156090978453,-0.6702557370642113,1.6546789570596476,-2.7243621975395276,0.001832856933450185,1.0000000332969543,0.22197969516311852,1,4.942733343428868,-0.2800036363403673,4.95065703415904,-0.05664368804649985,-0.0011277087892441803,1.0000001465386628,0.008224079317201259,0
23.720000000000002,-0.0037536192332793157,0.004731690096493013,-2.6685358161474687e-09,-0.4051385728543156,0.2058485283495592,0.45434905744531834,2.671926453848718,0.0007120136165229183,1.000002848940929,19.17040245886867,1,-0.7261964348650801,-0.06663363380717739,0.7292800293167249,-3.0497995134349165,0.0029500453429851404,1.0000003928924677,2.6192831171827216,1,-0.41121517648374384,-0.919890794268443,1.0078214551552178,-1.9910992548972577,0.00040685542832532277,1.000000000386,0.964146618769575,1,-1.468704527956344,-0.7528854378316949,1.6505431783729851,-2.6677887006569345,0.0018471647854626985,1.0000000332899635,0.22193308931979794,1,4.94552984917956,-0.22221400225417154,4.950516005173821,-0.04494565984051568,-0.0009480721541851821,0.9999998088243013,0.008226106458032153,0
23.740000000000002,-0.0037536192342910273,0.004731690095505554,-2.6730732996548857e-09,-0.46355690189386417,0.05155529494085778,0.4664080219297949,3.0311759156925855,0.0007133830566816475,1.0000028436841308,18.151887292814532,1,-0.6980184664899243,-0.21031625316116084,0.7290715997558218,-2.8487326404016278,0.0029536950226431843,1.0000003922117313,2.614744875836679,1,-0.2936469709922424,-0.9617693623968583,1.0057555348281184,-1.8670899032421542,0.0004512161299533956,1.00000033381937,0.9659344590372918,1,-1.419536370873595,-0.832870474485632,1.645920724715684,-2.6109141952606154,0.0018639427172900725,1.000000033313842,0.22209227870226328,1,4.9476826651760835,-0.164395418021779,4.95040759942538,-0.033247032387016415,-0.0007665410836064248,1.0000000527442943,0.008227974755608875,0
23.76,-0.003753619233994799,0.004731690094580404,-2.677599849051156e-09,-0.4502067399928609,-0.11082564003530476,0.46368079307273496,-2.900008476054398,0.0007137278704170316,1.000002780309926,17.214923567120692,1,-0.6414912475277559,-0.34544956679113953,0.728650075780051,-2.647491420278771,0.0029612178924623292,1.0000003916653424,2.611102282460615,1,-0.17152789766919457,-0.9887352814617237,1.003609318834154,-1.7425595040076678,0.0004904167778678833,1.0000001179307398,0.9682197839721658,1,-1.3653417328897353,-0.909905451424936,1.6408238212245663,-2.553702832312263,0.0018836377078049883,1.0000000333687722,0.22245848195289017,1,4.94919146852201,-0.10655541483422631,4.950331826899155,-0.02154795591517419,-0.0005815087635867985,1.0000001409551822,0.008229683786966329,0
23.78,-0.0037536192324368334,0.0047316900937133454,-2.68209804317926e-09,-0.3659801655657062,-0.25544718374345415,0.44634766036853957,-2.5321388517598367,0.0007145273411726862,1.0000026292221194,16.461565919430534,1,-0.558866273506123,-0.4665227466975796,0.7280321872753918,-2.4459620194135443,0.0029703507274371046,1.000000391275308,2.6085020526233476,1,-0.046734167494202505,-1.0002732845451614,1.0014157259829581,-1.6174887958517663,0.0005230803194320809,0.9999999815059766,0.9709736377061468,1,-1.3062673894849584,-0.9836876485955075,1.6352662181879285,-2.4961187530222504,0.001906740929061795,1.0000000334549468,0.22303297882640016,1,4.9500560329037295,-0.04870152794661124,4.950288689716874,-0.00984858101831587,-0.00039153531970059053,0.9999998068055677,0.008231233171414413,0
23.8,-0.0037536192296284488,0.004731690092895759,-2.6865513059161285e-09,-0.2176336275450865,-0.35429157691101953,0.4157967635278113,-2.121666843364664,0.0007186559459664547,1.0000024300986117,16.00859595578995,1,-0.45344830740485176,-0.5685639736695345,0.7272425796956202,-2.24404136371744,0.0029710264033195244,1.00000039105765,2.6070509998897013,1,0.07879194460828064,-0.9961019448612352,0.9992088509491667,-1.4918665995174731,0.0005489243048069656,1.0000003224572351,0.9741596016447932,1,-1.2424767855016978,-1.0539175861420476,1.629263238702805,-2.438126126556099,0.0019339434297408634,1.0000000335725656,0.22381710444284722,1,4.950276228647122,0.009158704747934482,4.950278182188784,0.001850941411763443,-0.00019514583815938782,1.0000000603950499,0.00823262257239678,0
23.82,-0.003753619225597012,0.00473169009211334,-2.6909439733050844e-09,-0.023413463817844357,-0.3751112191665,0.37578266333647425,-1.6331591059996609,0.000724343741234882,1.000002285352073,16.029893339414546,1,-0.32947796484811825,-0.6473385084975741,0.7263129574127583,-2.041641201849439,0.002953387779159978,1.0000003910218078,2.6068120519598894,1,0.20307096290661297,-0.9761842881523806,0.9970234590393264,-1.3656902670489892,0.0005698055993227289,1.000000150698395,0.9777339449543483,1,-1.1741505518678186,-1.1202996783657067,1.6228318284426886,-2.379689201059432,0.0019662282871013835,1.0000000337218364,0.22481224321218846,1,4.9498520227476925,0.06701774414575559,4.950300290163951,0.013550460222308517,9.484749258436554e-06,1.0000001351501102,0.00823385169882466,0
23.84,-0.0037536192206532445,0.004731690091343158,-2.695262469142707e-09,0.17433674689566,-0.2862096456771594,0.335024802117902,-1.0235351246436017,0.0007293047613231334,1.0000023181321183,16.77255575979938,1,-0.19197724593362986,-0.699524504066574,0.7252809362052289,-1.8386917789124009,0.002902713809213879,1.000000391170227,2.607801513611935,1,0.32411724362794964,-0.94073488074175,0.9948944427851534,-1.2389660145471584,0.0005910082138146876,0.9999999672470832,0.9816458994173236,1,-1.1014870415724585,-1.1825429876730609,1.6159906071543937,-2.320772369041872,0.0020048214251163054,1.0000000339029715,0.22601981027617343,1,4.948783478874868,0.12486805136141212,4.950354989288506,0.025249823835182397,0.0002248883262186506,0.9999998050946755,0.00823492030538472,0
23.86,-0.0037536192166562525,0.0047316900905483555,-2.6995030132158197e-09,0.2978443353858888,-0.08450439498925036,0.30954681316868665,-0.27593434302193104,0.0007364630546530627,1.0000025896142177,18.33943619604632,1,-0.04656104011092201,-0.7228594037442474,0.724188639579132,-1.635144952611196,0.002794320324485253,1.0000003914980753,2.6099871691083547,1,0.43997175409069006,-0.8902228752834096,0.9928562494550811,-1.1117091169869981,0.0006212801721818947,1.0000003072683277,0.9858381166693666,1,-1.0247028754826222,-1.2403620897675138,1.6087599229255798,-2.261340247108075,0.0020503519617746132,1.0000000341161819,0.22744121215618368,1,4.947070757350759,0.18270208915757088,4.95044224335006,0.03694887934148031,0.00045314680197480354,1.0000000679518553,0.008235828189761816,0
23.880000000000003,-0.0037536192175881278,0.004731690089686894,-2.7036923119175965e-09,0.2725323810066675,0.1572014916810444,0.3147255288003885,0.5238326670236387,0.0007463882057253863,1.0000029816045524,20.083974419059597,1,0.10078079759522614,-0.7162496529317006,0.7230810847094342,-1.4309766024998918,0.0025840897623767866,1.000000391993223,2.613288153208424,1,0.5487360411037092,-0.8253705403429907,0.9909422880791529,-0.9839439383413975,0.0006627343103024837,1.0000001838164345,0.9902473458131025,1,-0.9440334872140859,-1.2934780609767949,1.6011619048058405,-2.2013577689162935,0.0021007376504784854,1.0000000343616686,0.2290777909065092,1,4.9447141151049285,0.24051232337546255,4.950562010497365,0.04864747091469477,0.0006911549064432686,1.0000001291326446,0.008236575185771883,0
23.900000000000002,-0.003753619223582739,0.004731690088752435,-2.70788345051046e-09,0.1155849849369517,0.326946623045088,0.34703735527537405,1.2312810399378034,0.0007527433831280556,1.0000032651731816,20.985473510137115,1,0.24392432115692167,-0.6798367606924709,0.722004390442984,-1.2261881818667475,0.002223712329427782,1.0000003926365217,2.6175768122374192,1,0.648606703614942,-0.7471468844789793,0.989184318493568,-0.8557037678906543,0.0007098449437975645,0.999999957796374,0.9948052498532355,1,-0.8597336539014114,-1.3416195979017782,1.5932205017736047,-2.1407902989418885,0.0021528059507826785,1.0000000346396138,0.2309307586068383,1,4.941713905606035,0.29829122436387834,4.950714258064966,0.060345440868140136,0.0009323454027691098,0.9999998036943353,0.008237161161685061,0
23.92,-0.003753619230223869,0.00473169008777814,-2.7121055408527335e-09,-0.08782540622342848,0.3785555921353568,0.3889404278668565,1.7986044433838677,0.0007547922132304998,1.000003331008006,20.890647746710503,1,0.3768667729277445,-0.6150136812300103,0.721003866172215,-1.0208072830848247,0.0017049764405938745,1.000000393402383,2.622682552163776,1,0.7379095649596157,-0.6567561078699782,0.987611832206193,-0.7270304639549696,0.0007679931433998154,1.0000002884404715,0.9994394203879134,1,-0.7720779968998025,-1.3845242789369945,1.5849615215803572,-2.0796037794971225,0.00220617294431745,1.0000000349501685,0.23300112394635267,1,4.938070578767106,0.3560312684062352,4.95089896000471,0.07204263307524203,0.001175416413997016,1.0000000754027367,0.008237586023535729,0
23.94,-0.003753619235012078,0.004731690086793683,-2.716353434610401e-09,-0.2706930292463736,0.3293443589325576,0.42662638764756167,2.2582067741444902,0.0007551827355416287,1.0000031910518694,20.189683241664763,1,0.4939857025049845,-0.5243871622711758,0.7201220703559903,-0.8148870932238558,0.0010557518266435014,1.000000394259655,2.6283976998224277,1,0.8151326460138958,-0.5556207660464894,0.9862514594746129,-0.5979738998900958,0.000849017354272359,1.0000002162622805,1.00407457319328,1,-0.6813614336578708,-1.4219399765016336,1.5764126817089197,-2.017764900748068,0.0022614607554175634,1.0000000352934413,0.2352896084395982,1,4.933784680825673,0.413724939147603,4.951116083735472,0.0837388930418954,0.0014218830955667091,1.000000122912319,0.008237849707381624,0
23.96,-0.0037536192377163454,0.004731690085810462,-2.7206116824988157e-09,-0.40002519960699173,0.21271103208908068,0.4532925077042177,2.652024850132674,0.0007547798795066698,1.000002916899529,19.224836243642006,1,0.5902896935475838,-0.41168416927768003,0.7193969154330057,-0.6085046577046067,0.00032646935763414855,1.00000039517278,2.6344852008026094,1,0.8789569854382944,-0.4453597149243923,0.9851264232305433,-0.46859119143174255,0.0009591998085042026,0.9999999531626566,1.0086337556122036,1,-0.5878995592401942,-1.453626427699015,1.5676036523514163,-1.955241290168701,0.0023186354709311924,1.0000000356694825,0.23779654970871877,1,4.928856854202972,0.47136472902040333,4.951365587935156,0.09543406646887972,0.001672326043585336,0.9999998026067659,0.008237952167889584,0
23.98,-0.003753619238773818,0.004731690084828253,-2.7248676921602655e-09,-0.46221498980579656,0.05958267398128469,0.4661306237769824,3.012330135673853,0.0007539358160097486,1.0000026152227308,18.20517949059285,1,0.6616474816371718,-0.2816036477608092,0.7188598931289448,-0.40175794835367334,-0.0004174045080401695,1.0000003961031623,2.6406877488319433,1,0.9282843435522019,-0.32776111459368007,0.9842560590702398,-0.3389457132349435,0.0010937156433558398,1.0000002661992196,1.0130393303901453,1,-0.49202893304884165,-1.479356969331729,1.5585660848605565,-1.8920017297973897,0.002377098653074945,1.0000000360782686,0.24052179062556756,1,4.9232878373419755,0.5289431406661405,4.9516474253216005,0.10712799873313619,0.0019262301120788346,1.0000000827358893,0.008237893371383479,0
24.0,-0.003753619238599678,0.004731690083842305,-2.7291140170231792e-09,-0.45271956756887716,-0.10301726221773728,0.46420064111757753,-2.919039127672022,0.0007534332805176918,1.000002392143529,17.261240096151226,1,0.704982244487552,-0.13961849151490982,0.7185345007968453,-0.19476177414711726,-0.0011191277897096578,1.0000003970107365,2.6467382428612134,1,0.962260865282743,-0.20475099005867003,0.9836554313849006,-0.20910594121212586,0.0012359053292999213,1.000000246987321,1.017213864968938,1,-0.39410724319860707,-1.4989204407099677,1.5493336273630998,-1.8280164045023954,0.0024359791213953144,1.000000036519683,0.24346455362433814,1,4.917078464522953,0.5864526883515091,4.951961544783487,0.11882053494610596,0.0021825064509267554,1.0000001164989891,0.00823767329315407,0
24.02,-0.00375361923736923,0.004731690082847602,-2.7333466679282936e-09,-0.37217515069675994,-0.2492683735203389,0.44762962865250466,-2.552639026845078,0.0007541908129107049,1.000002310437483,16.4954088492301,1,0.7184190425490854,0.008263713988442712,0.7184349902070342,0.012357379768578905,-0.0017613439483659303,1.0000003978558696,2.652372463781718,1,0.9802958556980929,-0.07835805938896637,0.9833350502828312,-0.07914418064392593,0.0013654229388592573,0.9999999532038016,1.021082007763966,1,-0.2945133178832547,-1.5121232544567542,1.5399419261228693,-1.7632571818850382,0.002494315181338731,1.000000036993495,0.24662329976325742,1,4.9102296656557405,0.643885899377497,4.95230789243629,0.1305115201714696,0.002439874349812354,0.9999998018336904,0.008237291919716495,0
24.040000000000003,-0.003753619234936581,0.004731690081839987,-2.7375620881503818e-09,-0.2269346566385656,-0.35134245121963376,0.4177220863544743,-2.145251242870168,0.0007565610745222778,1.0000023680476287,16.022641896172473,1,0.7013758165556703,0.155769230225043,0.718565616242857,0.21946732706516517,-0.002362336741142844,1.0000003986015662,2.6573437750147986,1,0.9820749475152036,0.049324292986335165,0.9833006495122688,0.050864782050422615,0.0014692604352675035,1.0000002408332367,1.0245737504676014,1,-0.19364695007232044,-1.5187916314379417,1.5304286095792643,-1.6976979241844905,0.0025512042819152685,1.0000000374993359,0.24999557236701045,1,4.9027424660465675,0.7012353154802312,4.952686411888119,0.14220079968446478,0.002697177078167086,1.0000000899396937,0.008236749257191896,0
24.060000000000002,-0.003753619230949773,0.004731690080813652,-2.741754236189678e-09,-0.03437777104349729,-0.37720737387341696,0.3780536821482998,-1.6619988119226548,0.0007599543335518544,1.000002515655685,16.012731212864598,1,0.6545918077193909,0.2966414856087455,0.7189204852964652,0.42643647885366015,-0.002941898771527971,1.0000003992154654,2.6614364358705447,1,0.9675671516143916,0.17617789640779408,0.9835530099852838,0.18084511996348737,0.0015430649513106713,1.0000002749773371,1.0276270275928319,1,-0.09192849918768949,-1.5187739909417157,1.520833251678356,-1.6313148322156914,0.0026060181056044586,1.0000000380366738,0.2535778254673037,1,4.89461798613708,0.7584934942230535,4.953097043615025,0.1538882192305161,0.0029537963131199066,1.0000001099028168,0.008236045345111596,0
24.080000000000002,-0.0037536192254955768,0.00473169007975456,-2.745914653317673e-09,0.16485760704426597,-0.29472955844947,0.3369921003487637,-1.0598329040206065,0.0007639762695460002,1.0000027032454442,16.71060991561749,1,0.5800914327104549,0.4249233817423993,0.7194839392111823,0.6331399804206418,-0.003500120912449379,1.0000003996713094,2.664475395431531,1,0.9370255430245842,0.30010041193569165,0.984087880940409,0.31072149191261894,0.0015870014513288512,0.9999999576705929,1.0301886020899296,1,0.010201768712344978,-1.5119434811719696,1.5111973114786352,-1.5640868207676086,0.002658697817314429,1.0000000386047858,0.2573652393126226,1,4.885857441214246,0.8156530103804832,4.953539722936737,0.16557362512785925,0.003210060770622006,0.9999998013763336,0.008235180272106894,0
24.1,-0.0037536192208848145,0.0047316900786319276,-2.7500438452062598e-09,0.2946739236249352,-0.09801109679351729,0.31021535961562585,-0.31861610585561656,0.0007709092446864028,1.0000029012620988,18.240866105383496,1,0.48108608907056316,0.5352229252831374,0.7202313768559665,0.8394653635387904,-0.0040207169480777055,1.000000399950024,2.66633349302747,1,0.8909815709593126,0.4190455074676905,0.9848960421479858,0.44042058141008567,0.001602179267403248,1.0000002127359298,1.0322144740488512,1,0.11228464210725968,-1.4982006278042184,1.5015640472461187,-1.495995923138032,0.002709363953254594,1.000000039202729,0.26135152778875625,1,4.876462141090291,0.8727064573155748,4.954014377195949,0.17725686366327498,0.003466111885092923,1.0000000970027363,0.008234154187336484,0
24.12,-0.00375361922167891,0.004731690077411142,-2.7541768913251496e-09,0.27793251532295854,0.1445798127695337,0.31362809913285006,0.48231342192563326,0.0007807670934231477,1.0000030383422103,20.00546288684707,1,0.3618205153948547,0.6229480104246465,0.7211304587766886,1.0453174586743343,-0.004494041603360239,1.0000004000404903,2.666936602121342,1,0.830233206430089,0.5310614360710865,0.9859635069266955,0.5698725672295515,0.001583489690361829,1.000000299334624,1.0336705371826747,1,0.21384326700488643,-1.4774760701807,1.491978401725977,-1.4270277171644576,0.0027558106321734365,1.0000000398293105,0.26552873712646957,1,4.866433489754831,0.9296464483521604,4.9545209294747385,0.18893777951188234,0.0037172941778119057,1.0000001031342522,0.008232967302020788,0
24.14,-0.003753619227544168,0.00473169007610056,-2.7583735675348192e-09,0.1260183282800087,0.3201478422222894,0.3449028145208963,1.1970504641179063,0.0007847184528507134,1.0000030328377878,20.9650523465312,1,0.2273736825108852,0.6844988052866167,0.7221426430882265,1.250622346066269,-0.004915495859681337,1.000000399939942,2.666266280034474,1,0.755827371412669,0.6343269588976594,0.9872718508223965,0.6990124802363337,0.00152312183865463,0.9999999662735872,1.034533267119023,1,0.314384831109403,-1.4497333461758846,1.4824868423914492,-1.3571717656050517,0.002793777577389039,1.0000000404830554,0.2698870362773042,1,4.8557729850024804,0.9864656181414065,4.955059313140927,0.20061621627376883,0.003956158880492666,0.99999980123542,0.00823161988777329,0
24.16,-0.003753619233784757,0.004731690074748401,-2.7626623167950615e-09,-0.07694225004650658,0.37796188312945966,0.3867141990729327,1.7713712634165135,0.0007787241589894042,1.0000029409855835,20.914820978343872,1,0.08342644314851307,0.7174096029682681,0.7232249654555704,1.455330197232053,-0.005258376738419495,1.0000003996539106,2.6643594045427395,1,0.6690373007371441,0.7271836924258096,0.9887986302098173,0.8277814155017205,0.0014250713514465502,1.0000001824521552,1.0347902366637183,1,0.41340266531999165,-1.414971676898162,1.4731371513162876,-1.28642207826746,0.002821841743253043,1.0000000411621766,0.27441450988037847,1,4.844482218034795,1.0431566240210903,4.9556294720380425,0.21229202004178982,0.004181516404719701,1.0000001039138262,0.008230112279089277,0
24.18,-0.003753619238301342,0.0047316900733956,-2.767036043219498e-09,-0.2619793264680776,0.3333153685661634,0.4248489879926867,2.2356118024145397,0.0007700504476814897,1.000002869082388,20.23632593599063,1,-0.06399079673044245,0.7204357104159208,0.7243319580679474,1.6594168981409037,-0.00550619270312987,1.0000003991957824,2.6613052156454993,1,0.5713356449025154,0.8081641365551155,0.9905178620327098,0.9561275542709854,0.0013010663484785553,1.000000319345757,1.0344403420434052,1,0.5103787937949873,-1.3732286917165766,1.4639781853568583,-1.2147775861706975,0.002840692614699624,1.0000000418645443,0.27909696190100663,1,4.832562873037041,1.0997121473690057,4.956231346377485,0.22396504011222246,0.004395669782843997,1.0000000962040203,0.008228444866184742,0
24.200000000000003,-0.00375361924107409,0.004731690072065245,-2.771478227036467e-09,-0.39462698792935696,0.21946686942517937,0.452200327660311,2.632046775739863,0.0007636890274617322,1.0000028522123605,19.279338734504126,1,-0.20875726278454546,0.6935845073569755,0.7254175971157588,1.8628844532062712,-0.00566290436149244,1.0000003985860548,2.6572403654363512,1,0.4643642321658499,0.8760148478580593,0.992400565075005,1.084006978940984,0.0011629390946091998,0.9999999787235123,1.033493632792468,1,0.6047869564684918,-1.3245830239163199,1.4550595990654853,-1.1422426040857807,0.002850987312512906,1.0000000425876603,0.28391773589498026,1,4.820016726734495,1.1561248949503151,4.956864867901675,0.23563512764324362,0.004600381672540254,0.9999998014111731,0.008226618081729394,0
24.220000000000002,-0.0037536192423859166,0.004731690070770648,-2.7759730297869517e-09,-0.4605715443153655,0.06758405644516034,0.46581407065375346,2.9934699938626523,0.0007588667762574487,1.0000028489127522,18.258856073728218,1,-0.34491581540544497,0.6380929068423736,0.7264371984838695,2.0657602853466965,-0.005743032211234682,1.0000003978512415,2.652341609722561,1,0.3499014604192008,0.9297144334991418,0.9944153470603728,1.211384279573972,0.0010212834786829728,1.0000001506880831,1.03197084847272,1,0.6960961176289602,-1.269156697721046,1.4464315182057519,-1.0688272709410576,0.0028531200426208762,1.0000000433286342,0.2888575610277045,1,4.806845647929001,1.2123876002561966,4.957529961112979,0.2473021349927938,0.004796743643922155,1.0000001106620138,0.008224632391871885,0
24.240000000000002,-0.0037536192423879037,0.00473169006952023,-2.7805055729645395e-09,-0.45492916545880213,-0.09515700462678087,0.4646797267991671,-2.938024555398072,0.0007546466082296614,1.0000027920309043,17.3081987060841,1,-0.46691144007355884,0.5563558134986729,0.7273491960838759,2.2680955496181165,-0.005768804735086824,1.0000003970225797,2.646817197862516,1,0.2298282841020188,0.9684862500408707,0.9965290146497054,1.3382329519668834,0.0008852066823917248,1.000000334515454,1.0299027010252768,1,0.7837744609839812,-1.2071172189409594,1.4381441648247335,-0.9945479566034321,0.0028474426315772076,1.0000000440841652,0.293894434911478,1,4.793051597014971,1.2684930248322177,4.958226544445506,0.2589659156330467,0.004985703129591084,1.0000000891231016,0.008222488291355988,0
24.26,-0.003753619241132597,0.004731690068318791,-2.785060733900488e-09,-0.3780813126124127,-0.24295389183157132,0.4488718941333666,-2.5730209391287375,0.0007512173627307365,1.000002647115668,16.530208486266055,1,-0.5698059346619666,0.4518117434145752,0.7281167366426615,2.469962606378722,-0.005764420169585456,1.0000003961346347,2.640897564680604,1,0.10609371225682834,0.9918058834214486,0.9987071889621911,1.4645355942751335,0.000762040339113491,0.9999999947486509,1.0273289398593215,1,0.867293855594707,-1.1386792750426233,1.4302474370497253,-0.9194276188601089,0.002834415848740712,1.0000000448505333,0.2990035550328851,1,4.7786366254745545,1.3244339595957786,4.95895453056839,0.27062632422768895,0.005168380233246161,0.9999998019033148,0.008220186300947261,0
24.28,-0.003753619238628013,0.004731690067167007,-2.7896226483317688e-09,-0.23599134292533458,-0.34816054530526686,0.41961495227660073,-2.168614298779675,0.0007491221807098729,1.0000024475741933,16.038140284003934,1,-0.6494625585585061,0.3287926172157021,0.7287090445550267,2.6714518172492063,-0.005749755936836491,1.0000003952238559,2.6348257051394586,1,-0.019319353039741027,0.9994036492183895,1.0009149123313479,1.590283916265366,0.0006575392730228628,1.0000001182970888,1.0242972517514946,1,0.9461347583842261,-1.0641059469130725,1.422790447184978,-0.8434960927057429,0.0028147108633898676,1.0000000456235967,0.30415731080085345,1,4.763602875351281,1.380203226141959,4.959713826060886,0.28228321674284895,0.0053462850265625665,1.0000001172366073,0.008217726966502397,0
24.3,-0.003753619234891703,0.004731690066060046,-2.7941748500463076e-09,-0.045207658150833344,-0.37896701379470876,0.3803135498447222,-1.6904777457422309,0.000748395781600952,1.0000022914391633,15.997803191138749,1,-0.7026962573965607,0.192344992674353,0.7291025264006075,2.8726678216906065,-0.005735352948047845,1.0000003943271425,2.6288476166120316,1,-0.14442722247684148,0.9912624805364009,1.0031172341841568,1.7154785804411092,0.0005764094589766738,1.0000003445738346,1.0208620488199147,1,1.0197914981090999,-0.9837093348979695,1.4158210231194905,-0.7667902936951007,0.002789340237795913,1.0000000463988021,0.30932534788590244,1,4.747952578701975,1.435793678037233,4.960504330386686,0.29393645055904805,0.005521613513597813,1.0000000819027162,0.008215110859449608,0
24.32,-0.0037536192301631435,0.004731690064984694,-2.7987010881545815e-09,0.15528920993493908,-0.3028719671759251,0.3389941738384515,-1.095670229133558,0.0007490773527894806,1.000002302393651,16.65153682423604,1,-0.7273865920643747,0.04802985694336106,0.7292815960803412,3.073725438897782,-0.005719540163032803,1.0000003934804669,2.623203112456812,1,-0.2672768835321449,0.9676116619420279,1.0052797659781016,1.840128897655691,0.0005235459309209615,1.000000014087967,1.0170831950656287,1,1.0877778635566007,-0.8978505066643738,1.4093851802130841,-0.6893543178591055,0.0027598551260449963,1.0000000471712072,0.3144747149527348,1,4.731688057027162,1.491198202100758,4.96132593359508,0.30558588446451473,0.005697506961361656,0.9999998027110661,0.008212338578350502,0
24.34,-0.0037536192260299575,0.004731690063913635,-2.8031918674308043e-09,0.2911564913622392,-0.11133144792517216,0.31097323724347553,-0.3610475561225722,0.0007534858577465764,1.0000025527537957,18.143545100648904,1,-0.7225516391762461,-0.09829224804432903,0.7292392093142122,-3.0084399819426304,-0.005692028109289,1.0000003927175836,2.618117223376983,1,-0.38597537105927676,0.9289169220493937,1.0073691958681394,1.964252400941836,0.0005032952431440872,1.0000000862372018,1.0130247173782367,1,1.1496328964370186,-0.8069386848033323,1.4035265746667647,-0.6112394225095904,0.0027281726560621712,1.000000047935515,0.3195700997220086,1,4.714811720679423,1.5464097196730042,4.96217851282077,0.3172313780053026,0.005876722761076758,1.0000001236271907,0.008209410750013755,0
24.36,-0.003753619226424862,0.004731690062810856,-2.8076646509025277e-09,0.28301384588257716,0.13178606488656758,0.3126165222900876,0.44057003819501606,0.0007619686731861829,1.0000029446959608,19.924698900551213,1,-0.6883819271044425,-0.24068436236546642,0.7289770983000134,-2.8073358040080123,-0.005651318006184523,1.0000003920688503,2.613792335671719,1,-0.49871672292217445,0.8758674179941285,1.0093537550040275,2.08787431673984,0.0005100481785746639,1.0000003494549239,1.0087535413252138,1,1.2049267681063789,-0.7114296082844936,1.398285954870709,-0.5325038721102398,0.002694803066767071,1.0000000486861245,0.3245741633040303,1,4.697326068250772,1.6014211878719755,4.963061934150702,0.3288727896538151,0.006056758064296272,1.000000074554304,0.008206328026856492,0
24.380000000000003,-0.0037536192321919537,0.004731690061670685,-2.8121656156076397e-09,0.13639490832410892,0.3130314585199198,0.34280156171604265,1.1624367457630294,0.0007663983710017836,1.0000032476411915,20.941814904714786,1,-0.6262340197070485,-0.3733583583258355,0.7285057007874721,-2.606028450940935,-0.005606416200812374,1.0000003915601765,2.610401176444733,1,-0.6038063181348038,0.8093601371059668,1.011203640401169,2.2110269491985486,0.0005268074295587957,1.0000000364643633,1.0043382838274149,1,1.253266600251796,-0.6118230232391207,1.3937006186238405,-0.4532126305909778,0.002658224694589791,1.000000049417197,0.3294479800325418,1,4.679233685941074,1.6562256008361562,4.963976067209927,0.34050997652541604,0.006231866306383722,0.9999998038331478,0.008203091084878239,0
24.400000000000002,-0.003753619239026668,0.004731690060528969,-2.8167207529079807e-09,-0.06591780089379097,0.3771032320541506,0.38448011634055973,1.7438462334367149,0.0007652819478124373,1.0000033354483389,20.93730435623354,1,-0.5385837892013995,-0.49089621774321157,0.7278437967322163,-2.40440662068235,-0.005551166402602243,1.0000003912121098,2.6080807320665644,1,-0.6996824978553705,0.7304822104700605,1.0128914020950124,2.333749012343887,0.0005452160763728928,1.0000000555109338,0.9998481224338595,1,1.2943020762665243,-0.5086592853210093,1.3898038726653295,-0.3734369002950856,0.0026183534287423284,1.0000000501227349,0.33415156512258826,1,4.660537246905481,1.7108159909516134,4.964920789371261,0.3521427976700042,0.006402755195618502,1.000000129823639,0.008199700632111605,0
24.42,-0.0037536192441019293,0.004731690059420603,-2.8213193177095003e-09,-0.25302915875094006,0.33711769706757827,0.42304271761768114,2.212841020068028,0.0007632021991190747,1.0000032122882967,20.282223159323983,1,-0.4289398776096459,-0.588461099320723,0.7270178585925766,-2.2023708436546032,-0.005473337063724186,1.000000391039077,2.606927178948227,1,-0.7849354533624175,0.6404915862555328,1.0143922762282656,2.4560849343906006,0.0005658993535890201,1.000000349259888,0.9953517526946538,1,1.327730682229621,-0.40251508811437614,1.3866245249306086,-0.29325352067694244,0.002576681242185775,1.0000000507966729,0.3386444865026794,1,4.641239510578414,1.765185430064102,4.96589597281686,0.36377111521571576,0.006573482667842895,1.0000000670895095,0.008196157413931355,0
24.44,-0.003753619247041093,0.00473169005836062,-2.8259373727797937e-09,-0.3889528321885149,0.22614179609651783,0.4510696451080439,2.611982972676186,0.0007612845271109694,1.0000029462137614,19.33367108085832,1,-0.3017184753956876,-0.6619916380039094,0.7260611113557303,-1.999837424508937,-0.005370552686302338,1.0000003910487911,2.6069919401673016,1,-0.8583234285924818,0.5407964535222951,1.0156844628964892,2.578084131835822,0.0005904006221844205,1.0000000615527247,0.9909164376261022,1,1.3533024148415214,-0.2939983658149387,1.3841864375046709,-0.21274422293836806,0.0025345989780264024,1.000000051432983,0.3428865529508337,1,4.621343321977064,1.8193270306780436,4.966901478763144,0.3753947930578893,0.0067469141997557,0.9999998052677825,0.008192462210250391,0
24.46,-0.0037536192482514738,0.004731690057349771,-2.8305528977558975e-09,-0.4586382023965874,0.07558088132813034,0.46545509293284437,2.974595373892631,0.0007590545207546057,1.000002642419349,18.312727306892683,1,-0.16208146449592634,-0.7083725283582116,0.7250123191819291,-1.7967419518079923,-0.005251518126862822,1.0000003912418534,2.6082790219023715,1,-0.9187863276967269,0.4329337452678323,1.01674936075822,2.699800262805104,0.0006194934276451602,1.000000027102622,0.9866071638416443,1,1.3708238013089489,-0.18374245303915518,1.3825081453958432,-0.13199474852737375,0.0024930132181588526,1.0000000520257832,0.34683855519918977,1,4.600851610985936,1.8732339471410868,4.967937158705915,0.38701369600316055,0.0069246099881652,1.0000001358161352,0.008188615834022462,0
24.48,-0.003753619248167514,0.004731690056382022,-2.8351492321367078e-09,-0.45684905683907046,-0.08722827685742505,0.4651159778526211,-2.9569581976042487,0.0007569262362192805,1.0000024090052164,17.355640461368424,1,-0.015741255363901835,-0.7255741386377053,0.7239143267154229,-1.5930422275260903,-0.00513233077901438,1.0000003916115718,2.6107438116809494,1,-0.9654568413237677,0.31854698676981374,1.0175717598496015,2.821290471101398,0.0006531109919277045,1.000000344218388,0.9824859373756365,1,1.3801610924332193,-0.07239961824360074,1.381602550777879,-0.05109385355936899,0.002452422377007594,1.0000000525694552,0.3504630347320929,1,4.579767391622248,1.9268993768131382,4.969002856258476,0.3986276895344202,0.007107439670777778,1.0000000595201597,0.00818461913199091,0
24.5,-0.003753619247004093,0.00473169005544916,-2.8397138787574633e-09,-0.3837130429339828,-0.2364916759726279,0.45007454723939105,-2.593275808504487,0.000755335171723536,1.000002313764635,16.56581135787331,1,0.13126269742823315,-0.7127538702854059,0.7228123920087713,-1.3887204572633707,-0.005031472901148447,1.0000003921440308,2.6142935382402643,1,-0.9976692138182138,0.19936369582409036,1.0181399918912055,2.9426146286998307,0.0006914304190759847,1.0000000889543061,0.9786111764098365,1,1.381242514469677,0.03936588304486649,1.3814767044175957,0.029867774304945794,0.0024130005430365396,1.0000000530587578,0.353725052497494,1,4.558093761282314,1.980316561219705,4.970098408305609,0.41023663980141784,0.007295949158389269,0.9999998070126979,0.008180472985731942,0
24.52,-0.003753619244639888,0.004731690054542223,-2.844235888694105e-09,-0.24481795806057421,-0.34473777083421836,0.4214777467181339,-2.1917512783311954,0.0007540534446574716,1.0000023599289118,16.054911552279652,1,0.2728087631833439,-0.6703124194390598,0.721752361556726,-1.1837845439182222,-0.004964004097103013,1.000000392818438,2.6187895871640823,1,-1.0149657689738605,0.07717249104612925,1.0184460412412728,3.0638345810291336,0.0007355581079218393,1.0000000019235944,0.9750371556328497,1,1.3740594967660493,0.15088506537839141,1.3821316829134376,0.11079865636407786,0.002374678026651935,1.000000053488939,0.35659292772209944,1,4.535833899968812,2.0334787871893027,4.971223645594508,0.42184041369346,0.007490621716795032,1.0000001415951854,0.008176178312159957,0
24.540000000000003,-0.003753619240731753,0.004731690053649715,-2.8487032229657094e-09,-0.055915554355439,-0.38038522695210936,0.382566044529409,-1.71860241025512,0.0007521613431756578,1.0000025003315363,15.984865837032507,1,0.4029503624926659,-0.5998991904724827,0.7207787530610956,-0.9782683440649288,-0.004935617039744898,1.0000003936077737,2.624051824952225,1,-1.0171012934213994,-0.04619997718184784,1.0184856196489533,-3.0981719119245903,0.0007877254303435861,1.000000334655708,0.9718135233682514,1,1.3586668289980883,0.26149159543835293,1.3835625663799644,0.19160768757582938,0.0023372693721508157,1.0000000538558376,0.35903891690038703,1,4.512991069499468,2.086379387974879,4.972378392672838,0.43343887896359135,0.007692227061834227,1.000000051858249,0.008171736063339218,0
24.560000000000002,-0.0037536192352753154,0.004731690052751743,-2.8531024686903605e-09,0.14562307872544208,-0.31063112623594896,0.3410342520484523,-1.1310661515735687,0.0007496487746039126,1.0000026830637223,16.595030280439573,1,0.5161745619404775,-0.5043629711219235,0.719932825853893,-0.7722307811900719,-0.004938594224820315,1.0000003944797489,2.6298649927027644,1,-1.0040453496736463,-0.16891219111482528,1.0182582063652994,-2.9769706962637237,0.0008520509939315272,1.0000001181828233,0.9689848908641147,1,1.3351817416878762,0.37052910706343134,1.3857585169747915,0.27220529060903553,0.002300636815947184,1.0000000541559708,0.36103980500109817,1,4.489568612698067,2.13901174435933,4.9735624665320035,0.4450319043133171,0.0079021404566601,0.9999998090651296,0.00816714722554629,0
24.580000000000002,-0.0037536192302424585,0.004731690051811371,-2.8574287241900365e-09,0.28728047480867114,-0.12445232671195616,0.31182241643574077,-0.40324846743016163,0.000752053453591053,1.0000028793243834,18.047213827502887,1,0.6076495081577369,-0.38764661481708934,0.7192507329022603,-0.565753763982528,-0.004957754957522695,1.000000395398051,2.6359870069808897,1,-0.9759825588942033,-0.28913096399044014,1.0177670542715767,-2.85568381368538,0.0009328551652085457,0.9999999807693464,0.9665904748750495,1,1.303781943991136,0.4773582606669794,1.3887029550689205,0.3525045237971602,0.002264444563759056,1.0000000543866077,0.36257738468271744,1,4.465569952567979,2.191369285745068,4.974775673528521,0.4566193589507591,0.008121045119882174,1.0000001471516338,0.008162412816672269,0
24.6,-0.003753619230202199,0.004731690050783978,-2.8617109814645103e-09,0.28775238454927604,0.11882859741766404,0.3116920402557535,0.39857364958583413,0.0007605703999579009,1.0000030266572548,19.841378232738293,1,0.6734473954745065,-0.25462776719755803,0.7187618619887476,-0.3589389359761361,-0.004986230034600239,1.0000003963238462,2.6421589747812018,1,-0.9333108584013141,-0.40505461876252724,1.0170191580124461,-2.7342490151708962,0.0010271537265306233,1.0000003209674138,0.9646637787957025,1,1.2647026908666332,0.5813633713561558,1.3923738311754368,0.43242210936354153,0.002226717559947556,1.0000000545458205,0.36363880303887447,1,4.440998591449671,2.2434454912282282,4.976017810145766,0.46820111085972843,0.008343847007226473,1.0000000441159176,0.008157533878804694,0
24.62,-0.0037536192356297047,0.004731690049663501,-2.8660091700057067e-09,0.1466922837036615,0.3055938680085503,0.3407321268986804,1.127403568796053,0.0007650281604456885,1.0000030366166788,20.915425757577044,1,0.7107299065395772,-0.11091133596750549,0.7184874472662436,-0.15190336383963016,-0.005027635285551562,1.0000003972175515,2.6481170099423252,1,-0.8766377034526874,-0.5149360890203387,1.0160251774421327,-2.6126058158237786,0.00112571137927484,1.000000148661728,0.9632323039435936,1,1.2182329854293559,0.6819584513991863,1.3967439917474986,0.5118793610795535,0.002184195810684192,1.0000000546325143,0.36421676155001936,1,4.415858110165315,2.2952338906574923,4.9772886774045775,0.47977702602552746,0.008561638488431176,0.999999811421827,0.008152511468017128,0
24.64,-0.0037536192418689395,0.004731690048488206,-2.8703584331428444e-09,-0.054768002797776646,0.37597346042506324,0.3822352899727092,1.7160031195082404,0.0007634409158603932,1.0000029504319188,20.95787938980556,1,0.7178845393483756,0.03741695070765578,0.7184395203270638,0.055225668455389385,-0.005082306677820218,1.0000003980406518,2.653604344448131,1,-0.8067741494624747,-0.6171058669755712,1.0147993297787707,-2.490696256987019,0.001227468717936491,0.9999999642874159,0.9623172844582557,1,1.164711048871361,0.7785925402657045,1.4017816100825071,0.5908029967405484,0.0021356979974717577,1.0000000546464363,0.3643095744869156,1,4.390152167150424,2.3467280656743483,4.978588089073597,0.49134697159243007,0.008772558203183262,1.0000001524766775,0.008147346654532771,0
24.66,-0.0037536192464708035,0.00473169004729367,-2.8747575791208957e-09,-0.24385492133485384,0.34074648081265646,0.42120540769289705,2.1898778299881507,0.0007606017605382756,1.0000028757354211,20.32725389577056,1,0.6946028960023668,0.18406334541306416,0.7186202970632947,0.26231646580473905,-0.005151109855056437,1.0000003987575203,2.6583834684067305,1,-0.7247267226599321,-0.7099946946991365,1.0133592556486806,-2.368465663281576,0.001336435668282297,1.000000303598864,0.961933437248987,1,1.104519208414915,0.8707542284188613,1.4074506584571287,0.6691258045782547,0.002081649480147826,1.000000054588162,0.3639210804590522,1,4.363884497569798,2.3979216507333807,4.979915860453025,0.5029108177085221,0.00897873316340917,1.0000000363054335,0.008142040526716991,0
24.68,-0.0037536192493184857,0.004731690046098263,-2.8791950833044477e-09,-0.3830132868523752,0.23273230586898605,0.4498995225510214,2.591820950619436,0.0007582976048802348,1.0000028555807163,19.387759388870503,1,0.6418956434849147,0.32281042647657227,0.7190220481299403,0.4692390002203125,-0.0052469639474759895,1.0000003993371518,2.662247678441227,1,-0.631686967233106,-0.79215585519753,1.0117258402667157,-2.245863389170529,0.0014548371657372914,1.0000001797290676,0.9620887245169459,1,1.038078365115677,0.9579753165911858,1.4137114264708401,0.7467871520254415,0.002022608887750592,1.0000000544590608,0.36306040474737833,1,4.337058912418642,2.4488083341039264,4.9812718014625785,0.5144684366095333,0.009181190648850184,0.9999998140790569,0.008136594190407232,0
24.700000000000003,-0.0037536192506926695,0.004731690044910958,-2.883660788020187e-09,-0.4564240831790669,0.08357029558997317,0.46505349120284856,2.9556944260137983,0.0007557523679239932,1.0000028537948853,18.366737273461656,1,0.5620431307671732,0.4477971491560298,0.7196274587426609,0.6758709137182775,-0.005388520814938327,1.000000399754663,2.665031085517791,1,-0.5290185472958722,-0.8622868707208051,1.0099229871801827,-2.122843560486666,0.001582500730235579,0.9999999529530997,0.9627841331897821,1,0.9658422053479114,1.0398335863026549,1.4205210723449326,0.8237333424232551,0.0019591505552341974,1.0000000542612397,0.3617415974875536,1,4.309679297609778,2.49938185885176,4.982655717194355,0.5260197018744156,0.00937982075126594,1.00000015756188,0.008131008772283774,0
24.720000000000002,-0.0037536192507556052,0.004731690043736961,-2.8881463418756192e-09,-0.4584867023044401,-0.07923412811318203,0.4655092421820218,-2.9758525202226047,0.0007522973045040057,1.000002803198304,17.403514743477498,1,0.4584850383790385,0.553779146653125,0.7204104567598005,0.88210308754332,-0.0055871344364894155,1.0000003999924634,2.666616422769575,1,-0.41824178556911135,-0.9192503589825677,1.0079773471001126,-1.999365804402939,0.0017174802472782644,1.0000002830265686,0.9640134781791969,1,0.8882913134431095,1.1159546895101582,1.427834186774089,0.8999178234843133,0.0018919085390996576,1.0000000539974765,0.35998317590691853,1,4.281749613045771,2.549636023799331,4.9840674094945845,0.5375644882962958,0.009574179636438732,1.0000000284391726,0.00812528542871253,0
24.740000000000002,-0.003753619249581441,0.004731690042579359,-2.892643583430471e-09,-0.38907532957741586,-0.22988582078526387,0.45123698061819767,-2.6134167915220403,0.0007482965694348728,1.0000026647706852,16.602166314133544,1,0.3356564292176353,0.636355559030476,0.721337457806603,1.08784445730833,-0.005837290195022999,1.0000004000410267,2.666940178174403,1,-0.3010155403875304,-0.9620937367580525,1.005918000932287,-1.8753959562445115,0.0018569098561113113,1.0000002106464927,0.9657632393934651,1,0.8059273302199078,1.186013193313308,1.4356033530963883,0.9753012545471619,0.0018214668024979933,1.0000000536711413,0.35780760921339644,1,4.253273891674736,2.5995646844648395,4.985506677849109,0.5491026720020044,0.009763974492921221,0.9999998170326095,0.00811942535524081,0
24.76,-0.003753619247177194,0.004731690041438642,-2.897143776183636e-09,-0.25341528274682773,-0.3410797339264538,0.42330918065489653,-2.214675605675522,0.0007450121065145135,1.000002465648201,16.07289920643711,1,0.19878071978220263,0.6921514924787471,0.7223689475802602,1.2930258233795127,-0.00611524041074827,1.00000039989922,2.665994800225252,1,-0.17911636042589937,-0.9900673980926877,1.0037760957160415,-1.7509067294055618,0.0019974508866511882,0.9999999470506097,0.9680124450608654,1,0.7192672837923567,1.2497328389781905,1.4437796893679762,1.0498514454428336,0.0017483705890047722,1.0000000532861157,0.355240771820302,1,4.224256238529192,2.649161753981069,4.98697331958394,0.560634130656367,0.009949392174189445,1.0000001623991852,0.008113429792532394,0
24.78,-0.0037536192435509153,0.004731690040311459,-2.9016373370889526e-09,-0.06649505118520209,-0.3814678524449234,0.3848092009362516,-1.7463851435260367,0.0007444092452101239,1.0000022992228912,15.973855805399063,1,0.053632107961163446,0.7189487181481995,0.7234613014539197,1.4976024954332687,-0.006385357328501611,1.0000003995741953,2.6638279685491257,1,-0.054414913959835116,-1.00264093558788,1.0015844333874266,-1.6258783321656707,0.0021357975275286788,1.0000002597394146,0.9707326127087388,1,0.6288381978914293,1.3068860936054973,1.4523133608210317,1.1235431845527604,0.0016734391104790457,1.000000052846704,0.3523113593848334,1,4.194700829749283,2.6984212039953217,4.9884671293145555,0.5721587437133925,0.010131483743290069,1.0000000205295987,0.008107300027144012,0
24.8,-0.0037536192388951187,0.004731690039187885,-2.906114090692191e-09,0.13587470933791096,-0.31800658145724764,0.3431101166315472,-1.166025563679009,0.0007480366264018858,1.0000022890940616,16.54105918297665,1,-0.09371921886784357,0.7157609420956826,0.7245687330166595,1.7015557068550957,-0.0066093846484891776,1.0000003990808728,2.660539152335478,1,0.07115023238660953,-0.9995169234890485,0.999377014565452,-1.5002990134043541,0.002270564214950158,1.0000002406105792,0.9738877692571105,1,0.5351720616847708,1.3572930861827723,1.4611540553710802,1.1963579754057847,0.0015981660369624809,1.00000005235754,0.3490502668725254,1,4.164611911592263,2.7473370655513922,4.989987897012392,0.5836763926443824,0.010312499811808044,0.9999998202778062,0.008101037388149416,0
24.82,-0.00375361923454839,0.004731690038045566,-2.9105685964668504e-09,0.2830596057275989,-0.13735820576280527,0.31276279606393337,-0.4452066553918991,0.000755472767866966,1.000002517281021,17.951964523293018,1,-0.23716611871508775,0.6828534800544953,0.7256452657820716,1.9048928233846598,-0.006757037585300841,1.0000003984410797,2.6562738643478885,1,0.19560131246078394,-0.9806417446969761,0.9971885410312836,-1.3741655178543026,0.0024029636283593825,0.9999999466595638,0.9774346171273102,1,0.4388012238100148,1.400820026059953,1.4702514166611562,1.2682836996225042,0.0015244299378505642,1.000000051823494,0.34548996023564954,1,4.13399379942952,2.795903429953493,4.991535403895591,0.5951869607031749,0.010494564013770021,1.0000001669809293,0.008094643241427531,0
24.84,-0.003753619234314197,0.0047316900368521925,-2.9150190304118306e-09,0.29214615753847734,0.10572309623714875,0.31085866107618937,0.35632570996727775,0.0007658987392154628,1.0000029064901674,19.755487121664142,1,-0.3708160377586818,0.6217101198664007,0.7266466334867978,2.1076464357580935,-0.006827199376582822,1.0000003976824199,2.6512161324735812,1,0.31695225126506343,-0.946212927702613,0.9950538812987392,-1.2474834233048324,0.002527048455653534,1.0000002342208205,0.9813228347268274,1,0.3402542518323108,1.4373772024351013,1.4795554316698856,1.339314219934883,0.001452225549697238,1.000000051249582,0.34166387908998685,1,4.102850876732787,2.8441144496124973,4.9931094206175395,0.6066903312983531,0.010674143978379647,1.000000012589245,0.00808811898084965,0
24.86,-0.0037536192397209034,0.00473169003560182,-2.919513921850053e-09,0.15690900380062706,0.29783942766620924,0.33869810715701826,1.0919246772748326,0.0007731822835433023,1.0000032277670956,20.885655843539563,1,-0.4892251435893964,0.5349521598335658,0.7275320383376768,2.309872467368484,-0.006854321115339442,1.0000003968369622,2.6455797474392395,1,0.43324133531866477,-0.8966824754223077,0.9930075009841566,-1.1202673286023164,0.0026254405787816903,1.0000002687680267,0.9854954759980942,1,0.2400522781367548,1.4669166604888932,1.489016782211577,1.4094489391739073,0.0013793063082194823,1.0000000506408835,0.3376058893204853,1,4.071187594052229,2.8919643388748013,4.9947097194121355,0.6181863866596685,0.010843424987365841,0.999999823809506,0.008081466016597146,0
24.880000000000003,-0.0037536192466772825,0.0047316900343330566,-2.924085914807889e-09,-0.043486642777274924,0.3745764263100902,0.3799805080239099,1.6878104784558419,0.0007745323814622613,1.0000033378855901,20.976310754125812,1,-0.5876071967338328,0.42621602833842875,0.7282657183777438,2.511647472273247,-0.0068667064377895826,1.0000003959398216,2.639598811373029,1,0.5425651148326547,-0.8327557121623423,0.9910828608079683,-0.9925408867383515,0.002689899751054982,0.9999999516502572,0.9898895578193121,1,0.13870583596295044,1.489429644386314,1.4985871600589895,1.4786923442130342,0.0013058619861969223,1.0000000500024686,0.333349790455642,1,4.03900846798726,2.939447374831227,4.996336084588078,0.6296750105225668,0.011002337669411862,1.0000001712998543,0.008074685772777838,0
24.900000000000002,-0.0037536192520246075,0.004731690033088208,-2.92872846243894e-09,-0.23444776985681703,0.34421010144271513,0.4193358929821198,2.166696598837556,0.0007754280460701467,1.0000032322508172,20.37124522097353,1,-0.6620113375708724,0.2999965950612631,0.7288182702175219,2.7130653011455523,-0.006876461167505697,1.0000003950277077,2.633518051605586,1,0.64311285947301,-0.7553852523980662,0.9893118108166169,-0.8643366721384659,0.0027238377557664774,1.0000002069366005,0.994436852432876,1,0.03671217537179296,1.5049438894529736,1.5082195228821775,1.5470535456086114,0.001234137739298158,1.0000000493393326,0.32892888477913956,1,4.006318080147423,2.9865578981037872,4.997988302508039,0.6411560903626881,0.011155668292196023,1.0000000046306934,0.008067779692155464,0
24.92,-0.0037536192552185925,0.004731690031889993,-2.9334180180404235e-09,-0.37680101628214424,0.2392506372201609,0.44868827893476626,2.5715419739081886,0.0007794250426458273,1.0000029751727988,19.441489199053034,1,-0.7094647542800232,0.1614634339549084,0.7291676952629551,2.9142332756394396,-0.006891960976478045,1.000000394137493,2.6275832877631067,1,0.7332007715700216,-0.665759812973823,0.9877239967122218,-0.7356958498132316,0.0027326067449497875,1.0000002942397255,0.99906487086432,1,-0.06544696228577868,1.5135208359087462,1.517868299381859,1.6145458114453515,0.0011660141325918923,1.0000000486563418,0.32437561292501804,1,3.973121076102961,3.0332903136123512,4.999666152924963,0.652629516649735,0.011307039890983904,0.9999998276221146,0.008060749234142897,0
24.94,-0.003753619256627809,0.00473169003074574,-2.938130975495279e-09,-0.4539253554170779,0.09156674719710377,0.46460846674160633,2.9367531792659447,0.0007859664886187171,1.000002670155682,18.420814589053503,1,-0.7280776335102274,0.016257089934750453,0.7293001605315287,3.115268012526496,-0.006917524064106558,1.0000003933048465,2.6220323094282647,1,0.8113050653298051,-0.5652877437190698,0.9863462833788041,-0.6066676365689232,0.0027211920018451615,0.9999999616938688,1.0036980314825346,1,-0.16730714143021216,1.515252826679163,1.5274895577027194,1.6811861091058968,0.0011027195896074061,1.0000000479581872,0.3197212482680771,1,3.939422164326967,3.0796390913217992,5.001369408249781,0.6640951819331429,0.011458638623251272,1.0000001753491181,0.008053595870906349,0
24.96,-0.0037536192567013257,0.004731690029654977,-2.942847970085344e-09,-0.4598428810901653,-0.07115928700696275,0.4658607961601646,-2.994720600612819,0.0007935323371348837,1.000002426980146,17.451773704528684,1,-0.7171088562409558,-0.1297279663008989,0.7292104682430895,-2.9668942769543274,-0.00694943648667648,1.0000003925629373,2.6170862481264923,1,0.8760929595848107,-0.4555753341916805,0.9852022114505266,-0.47730855775656494,0.002695066023909425,1.0000001783351455,1.0082590008202401,1,-0.26842263627177076,1.510260341852441,1.5370411389300405,1.7469946662630236,0.0010450866439391576,1.0000000472493473,0.3149956489976828,1,3.905226115130111,3.1255987669689045,5.0030978346448425,0.675552980501608,0.011612011709224983,0.9999999966665548,0.008046321086011513,0
24.98,-0.0037536192556867987,0.004731690028614107,-2.9475529560521463e-09,-0.39417442527665164,-0.22312162898035096,0.4523632202011723,-2.6334619246313733,0.0008022807680381561,1.0000023182938211,16.63921878572427,1,-0.6769916355068325,-0.2705673648403934,0.7289022334707335,-2.7657610620378854,-0.006973306902742548,1.0000003919412492,2.612941661854541,1,0.9264506147524633,-0.33840015826778813,0.9843115052198461,-0.3476815076841154,0.0026603946971610415,1.000000316159349,1.0126701806521679,1,-0.36836748051775925,1.4986893120113167,1.5464827573543967,1.8119945566386895,0.0009937211518594303,1.0000000465340602,0.3102270682534736,1,3.870537759587982,3.171163942768482,5.004851192790259,0.687002808312822,0.011768523044150148,0.9999998317095918,0.00803892637454802,0
25.0,-0.003753619253483517,0.004731690027617977,-2.952230879031681e-09,-0.26179520146445784,-0.33717438298874036,0.4251155914553516,-2.237418334105782,0.000811910005067966,1.0000023527447712,16.09199762999761,1,-0.6093187946586252,-0.40053172943437687,0.7283877602708805,-2.5643998587696086,-0.006967353224112611,1.000000391464607,2.6097640457502607,1,0.9615070789966982,-0.2156799314586952,0.9836896485846585,-0.21785462976595205,0.0026234873567190526,0.9999999762932531,1.0168553027728358,1,-0.4667362031689348,1.4807085431785814,1.5557760708716926,1.8762113140974284,0.0009491230770511592,1.0000000458163028,0.30544201792042097,1,3.8353619884606847,3.2163292880984056,5.006629238187775,0.6984445630274704,0.011929641659633911,1.0000001791223057,0.008031413243536713,0
