t,energy,barycenter_x,barycenter_y,mercury_x,mercury_y,mercury_r,mercury_angle,mercury_peri_angle,mercury_Keff,mercury_deltaC,mercury_state,venus_x,venus_y,venus_r,venus_angle,venus_peri_angle,venus_Keff,venus_deltaC,venus_state,earth_x,earth_y,earth_r,earth_angle,earth_peri_angle,earth_Keff,earth_deltaC,earth_state,mars_x,mars_y,mars_r,mars_angle,mars_peri_angle,mars_Keff,mars_deltaC,mars_state,jupiter_x,jupiter_y,jupiter_r,jupiter_angle,jupiter_peri_angle,jupiter_Keff,jupiter_deltaC,jupiter_state
0.0,-0.0037536188042332852,0.004731690644025039,0.0,0.30749903826,0.0,0.30749903826,0.0,0.0,1.000000312000968,0.0,0,0.718433595696,0.0,0.718433595696,0.0,0.0,1.0,0.0,0,0.98329,0.0,0.98329,0.0,0.0,1.0000000907192488,0.0,0,1.3813658577210002,0.0,1.3813658577210002,0.0,0.0,1.0,0.0,0,4.9502843052,0.0,4.9502843052,0.0,0.0,0.999999852521419,0.0,0
0.02,-0.0037536188045340056,0.004731690644022078,-1.0249234187048595e-15,0.2296266075294026,0.22788970186777968,0.3235544373947874,0.7817256213452264,-5.680116435515385e-06,1.0000002538123138,3.6871577881898596,1,0.703192415175161,0.14770495849733753,0.7185487821494403,0.20711571809887253,-0.0006762723338981273,1.0,0.3049159825915936,1,0.9751357888365749,0.12742802249447782,0.9834333989503008,0.12999747629096634,0.00014579860537708526,0.9999998000000425,0.11894203399728083,0,1.3772310786711484,0.11168927632103628,1.3817566384245563,0.08096035336986321,-3.3808227057074893e-06,1.0,0.042896209685773026,0,4.949962103481579,0.05785972908683499,4.95030052281807,0.011699716445515011,0.00027158080196282265,1.0000001915148309,0.0009321738468518305,0
0.04,-0.003753618804927289,0.004731690644014543,-5.8900638272990635e-15,0.046947823983505436,0.3580423341336363,0.3612181315220532,1.4404610123600787,-1.0539994070363746e-05,1.000000113105546,6.120709798142827,1,0.658129582146099,0.28914418113294954,0.7188892296560576,0.41409933035412433,-0.001378222740119005,1.0,0.5750555798170879,1,0.9508154475872804,0.2527428392128468,0.9838611316686731,0.25991938952931637,0.0002610925028937311,1.0000000908708084,0.22432715798401415,1,1.3648584751095847,0.22271027689471914,1.3829259917161782,0.16182927255661836,-1.0806014040131323e-05,1.0,0.080867968264732,0,4.948995546683873,0.11571191925619032,4.950349182923036,0.023399272224481873,0.0005363955273604866,0.9999999515796814,0.0017589192039864777,0
0.060000000000000005,-0.0037536188050075036,0.004731690644006347,-1.3003080600107464e-14,-0.15498061115529846,0.37167653907754034,0.40285036834132604,1.965699218985259,-1.0580163560984915e-05,0.9999999717560392,7.458085203398436,1,0.5851949517557065,0.41833481467879174,0.7194399019242891,0.620825049759752,-0.0020880581615187314,1.0,0.8140735472549135,1,0.9107526314764661,0.3738716869409847,0.9845658240837679,0.38969164692759384,0.00033312942493569746,1.0000001174938666,0.31758600158922073,1,1.344342704857438,0.3324020866963407,1.3848649892654472,0.24251648582646895,-2.396067572029566e-05,1.0,0.11440028567989269,0,4.947384779867706,0.17354903300999375,4.950430296488447,0.035098509353083444,0.0007936608345913987,0.9999998580145173,0.002492139410025794,0
0.08,-0.0037536188049241423,0.004731690643997929,-1.990353953700008e-14,-0.321946188201559,0.29567387586342503,0.4372741457552021,2.398339062314188,-7.152913096496425e-06,0.9999999120131688,8.132186580344403,1,0.48753292567165546,0.529844006338554,0.7201766799991303,0.8271792134448835,-0.0027671326668900387,1.0,1.0252398113431624,1,0.855642840464683,0.4888215526658057,0.9855352992168918,0.5192430865999917,0.0003607716856989184,0.9999998024506918,0.39999284569254745,1,1.315839743958749,0.44011832402264534,1.387558896969674,0.3229340060589771,-4.346873050384423e-05,1.0,0.14392556496974226,0,4.945130044748433,0.23136353569190482,4.950543867557885,0.04679727159612017,0.0010441495797303517,1.0000001936569207,0.003142391814119292,0
0.1,-0.0037536188048707423,0.004731690643988719,-2.6072189112519295e-14,-0.4292557059053792,0.16336237795178127,0.4593986587727787,2.777384978902306,-3.2807678657036957e-06,0.9999999686405072,8.457567726401818,1,0.3693318837856967,0.619025927547189,0.721067607177326,1.0330652664549373,-0.0033764322094556472,1.0,1.211493184764346,1,0.7864379952650041,0.5957162414751573,0.9867528221994613,0.6485068779032082,0.0003487004246992793,1.0000000618711233,0.47268446421315413,1,1.2795642807701135,0.5452339434690122,1.3909874130691182,0.4029971900505347,-6.964852942034111e-05,1.0,0.16983045446963008,1,4.9422316796225285,0.2891478969116363,4.950689893299179,0.05849540334473803,0.0012879254379351017,0.999999943895452,0.003719039984933353,0
0.12000000000000001,-0.0037536188048756967,0.004731690643979249,-3.205530459127193e-14,-0.46718467930754687,0.004120826328765141,0.4672191941036553,3.1320552335099574,-5.307013411860293e-07,1.0000001086873682,8.628810925436955,1,0.23562744581126063,0.6822169821074106,0.7220744317095183,1.2384077556338637,-0.0038850777603221497,1.0,1.3754871324950058,1,0.704325687236421,0.6928302121524469,0.9881974687774285,0.7774217923069789,0.0003047553725129153,1.0000001413734851,0.5366769827169492,1,1.2357862066215393,0.6471515049633554,1.3951249977006062,0.4826257067241508,-0.00010250841605964415,1.0,0.19246180525677142,1,4.938690119269131,0.3468945919700829,4.950868365962059,0.07019274941134278,0.001524617266402663,0.9999998637325802,0.004230388704972026,0
0.14,-0.0037536188048304968,0.004731690643971093,-3.795032864351011e-14,-0.433142498263772,-0.15581816048719488,0.46020175637521243,-2.797080175446856,1.1846107885225158e-06,1.0000002506623682,8.778807309042525,1,0.09207170387650454,0.7168808452670641,0.7231543721562105,1.4431552029297472,-0.004275005482876963,1.0,1.519628136951184,1,0.6107038491534507,0.7786183612606143,0.9898445862134579,0.9059332985001172,0.0002383429899476878,0.9999998097688743,0.5928809185591922,1,1.1848263270458967,0.7453067706911652,1.399941279845784,0.5617443864439736,-0.00014169774088180324,1.0,0.21213184869925403,1,4.934505894827211,0.4045961032842891,4.951079273684242,0.0818891551655348,0.0017538633618879329,1.0000001954921771,0.004683803696662446,0
0.16,-0.0037536188046244194,0.0047316906439657195,-4.2727214995263996e-14,-0.3294355108562967,-0.2903106908595412,0.4388218688927708,-2.420038489963219,2.659908787674338e-06,1.0000003119521657,9.024783800937774,1,-0.05531833201453245,0.721698683256055,0.7242620204389895,1.647281784420723,-0.004543114855310558,1.0,1.646107114606814,1,0.5071517235799736,0.8517411372823831,0.991666320525993,1.033994458803362,0.00015979251659515404,1.0000000313469601,0.6421143581937084,1,1.127051438485058,0.8391735238092658,1.4054015266998088,0.6402839317798258,-0.00018649352127777206,1.0,0.22912267457773813,1,4.9296796336496405,0.4622449218110067,4.9513226003710455,0.09358446672357533,0.001975608247806266,0.999999936300116,0.005085817808332638,0
0.18000000000000002,-0.0037536188042636707,0.004731690643963389,-4.476638244127473e-14,-0.1652611399641472,-0.37020962198536045,0.40497569884089535,-1.9912213649645907,4.229776539541708e-06,1.0000002568930522,9.508925357732288,1,-0.20041990495801504,0.6966034961214159,0.725351290097538,1.8507878178973969,-0.004699852363776644,1.0,1.7569246018912346,1,0.39539808111508673,0.9110845787826781,0.9936321894322898,1.1615666167387955,7.963033886713313e-05,1.0000001617697205,0.6851143561752614,1,1.0628689285962922,0.9282675377598082,1.4114671591548986,0.7181814783724646,-0.00023577059632203936,1.0,0.24369007427964817,1,4.924212059134629,0.51983354846751,4.951598324894676,0.10527853112643702,0.0021903699106035146,0.9999998696665481,0.005442225193044147,0
0.2,-0.0037536188039166696,0.004731690643962705,-4.3272460267806956e-14,0.035829051363663704,-0.3623082168084832,0.36351872636840865,-1.4721726823057038,5.075458361013004e-06,1.0000001175231847,10.440399543090596,1,-0.33725916099923064,0.642760644683,0.7263773217787532,2.053699131250414,-0.00476391756789344,1.0,1.8539105987010447,1,0.2772876598027562,0.9557750825972526,0.9957096829420782,1.288619874364788,8.463851304389072e-06,0.9999998217742732,0.722546725217299,1,0.9927210631417261,1.012149660239186,1.4180962966372994,0.7953810019092791,-0.00028791812942595353,1.0,0.2560668113755362,1,4.918103990533825,0.577354495548499,4.951906419396397,0.11697119645407243,0.0023996084190460072,1.0000001970176924,0.005758164839147022,0
0.22,-0.0037536188038209597,0.004731690643961993,-3.9587473923963223e-14,0.22160387179177715,-0.23868264751432097,0.3252192784633832,-0.8213042754925212,4.2219276037869364e-06,0.9999999749400138,12.078233208383335,1,-0.4602508345763654,0.5624990357648726,0.7272982697188487,2.256065434433849,-0.004755074144115402,1.0,1.9387399962521175,1,0.15474676519448033,0.9851889066692902,0.9978648742778097,1.4151333654480958,-4.2795531426091364e-05,1.0000000000504214,0.7550144083907505,1,0.9170791192139582,1.09042800938047,1.4252443145066687,0.8718335733071191,-0.0003408882602237783,1.0,0.26646538360144606,1,4.911356342737069,0.6348002881383892,4.952246846285607,0.12866231162059028,0.0026058586887307096,0.9999999288057075,0.006038194656449005,0
0.24000000000000002,-0.0037536188038898768,0.004731690643961869,-3.6054709565136456e-14,0.3073041491318584,-0.014207932897202907,0.3075520561500401,-0.04404764925865756,2.510642667444568e-06,0.9999999121107673,14.380071285120184,1,-0.5644145529917906,0.4591990662472747,0.7280769062143367,2.4579578462378207,-0.00469497719598083,1.0,2.012944471950812,1,0.02974889713571045,0.9989565863498302,1.0000630241748312,1.5410953349631704,-6.811013778547869e-05,1.0000001781800179,0.7830646204721461,1,0.8364375142616596,1.1627593097629867,1.4328643987600764,0.947497467770947,-0.00039338708159548534,1.0,0.27508034095198924,1,4.903970126033943,0.6921634655186948,4.952619556264842,0.14035172520365666,0.002810333708899295,0.999999875807019,0.006286357183521803,0
0.26,-0.003753618803831917,0.004731690643963798,-3.259957408185965e-14,0.23743850470996566,0.21678329829889253,0.3219577361751456,0.7417295923257052,4.74965335754058e-07,0.9999999655949383,16.470174124388723,1,-0.6455614044670502,0.3371443121178566,0.7286819956504211,2.6594657301703917,-0.004620983438444164,1.0,2.077921643871025,1,-0.09571883519005991,0.9969625848787735,1.0022691684860854,1.6665030362285875,-7.675065145724711e-05,0.9999998381710804,0.8071949327861199,1,0.7513080645212171,1.2288494212405563,1.4409080922974504,1.0223381373572862,-0.000446719162077554,1.0,0.2820902219926862,1,4.895946445852723,0.7494365825696622,4.953024496783395,0.15203928397625874,0.0030085528613016522,1.0000001982310494,0.0065062378632781475,0
0.28,-0.003753618803897761,0.004731690643966445,-2.8883362715448335e-14,0.058127464985298846,0.3534266161635873,0.3589276712613832,1.4083229661214625,-1.032760509256037e-06,1.0000001042708075,17.509387829287256,1,-0.7004462830068694,0.2013442324019288,0.7290894149834654,2.8606929902700147,-0.004567296634173952,1.0,2.1349421561507813,1,-0.2196878729239951,0.979340604155113,1.0044486901834608,1.7913624728653517,-8.084211928148258e-05,0.9999999687526409,0.8278584553685262,1,0.6622144868526175,1.2884531335936806,1.449325829834991,1.0963280722165616,-0.0005018123413318265,1.0,0.2876591651686027,1,4.887286502476308,0.8066122111638813,4.953461624720932,0.1637248348647762,0.0031964588755403677,0.999999921424101,0.006701016737549719,0
0.3,-0.0037536188042364043,0.004731690643969012,-2.714918134055777e-14,-0.14448306515963422,0.372888239255511,0.40070124598294254,1.9398868817935369,-1.3865862134990878e-07,1.000000247444753,17.59569982089618,1,-0.7268830627208898,0.05733502907151407,0.729283004932591,3.0617539915102077,-0.004537450679770498,1.0,2.1851552318405623,1,-0.34023843833535233,0.94646505073435,1.0065678572841201,1.91568802445804,-7.991347550207733e-05,1.0000001902000342,0.8454682435560397,1,0.5696872363030466,1.3413733138520036,1.4580674320461018,1.1694465731504433,-0.0005568586802403671,1.0,0.29193825545054586,1,4.87799159073148,0.863682941551727,4.953930898264998,0.17540822787210705,0.0033763213102521224,0.9999998821442637,0.006873514301026429,0
0.32,-0.0037536188046113812,0.00473169064397303,-2.897519463945786e-14,-0.31417372362789936,0.3008866022460394,0.4356878871287105,2.3764697708526095,2.2277571110059056e-06,1.0000003118057827,17.144209733721027,1,-0.7238208168584063,-0.0890345372654735,0.7292551253599054,-3.0204160712933943,-0.004518924868532161,1.0,2.2295931266765177,1,-0.4555274654018,0.8989391859961191,1.0085943087268905,2.0395019642901753,-7.03217567137306e-05,0.9999998585552855,0.8604010553948357,1,0.4742587487095145,1.387459500936945,1.467082548070225,1.2416794379375682,-0.0006096864319177771,1.0,0.2950666592907419,1,4.868063099652168,0.920641383740617,4.954432265030983,0.18708931539708662,0.003551814016766595,1.0000001991303258,0.007026232161365043,0
0.34,-0.0037536188048317588,0.0047316906439799685,-3.369993086671519e-14,-0.42506256012056015,0.17084572456439615,0.4585516646471428,2.7576085219084066,5.1108374493156765e-06,1.00000025990308,16.46080072156531,1,-0.6913801125671623,-0.2318259502742823,0.7290069093796838,-2.8193244136528244,-0.0044964017293457215,1.0,2.269174833488138,1,-0.5638139814074948,0.837580490582793,1.0104974945384004,2.1628338818557857,-5.185762385859068e-05,0.9999999382247828,0.8730006220188492,1,0.376459135588171,1.426606046196763,1.4763210585394528,1.3130185801515926,-0.0006587606223448313,1.0,0.29717257965991367,1,4.857502512119836,0.9774801688671642,4.954965660997535,0.19876795088456914,0.0037255680029642064,0.9999999141669917,0.007161389100426553,0
0.36000000000000004,-0.003753618804892179,0.0047316906439898,-3.968787104513538e-14,-0.46687505118934486,0.01238046836101648,0.46717440715795866,3.1129703626295293,7.800031947264881e-06,1.0000001219381287,15.730291765752822,1,-0.6308489718380532,-0.36523620180125477,0.7285482192743266,-2.618037012391753,-0.004456020813304128,1.0,2.304709312501412,1,-0.6634818014114172,0.7634037493204465,1.0122490693312807,2.285720038405749,-2.65619939598614e-05,1.0000001975336017,0.8835804924298845,1,0.2768123589439586,1.458749897434488,1.4857334370993323,1.383461604068095,-0.0007030139295583533,1.0,0.29837407131978433,1,4.846311404480514,1.034191950560611,4.955531012530065,0.21044398834383096,0.003899451737341632,0.9999998886682416,0.00728095306109474,0
0.38,-0.003753618804888034,0.0047316906440011035,-4.583009319270026e-14,-0.4367299395020996,-0.14817823891672322,0.46096222673153536,-2.8167158356293847,9.426143937646862e-06,0.9999999781908773,15.07456547348914,1,-0.5446385209112095,-0.48381943667075455,0.7278973048125099,-2.416441817975318,-0.004388749336788868,1.0,2.336898478070709,1,-0.7530594900670553,0.677602324581322,1.0138232381348002,2.408202677866028,3.5380904259299244e-06,0.9999998824246301,0.8924264756044222,1,0.17583289564704302,1.4838681188614193,1.4952710661330393,1.453011352111662,-0.0007416468367357364,1.0,0.29877975079253416,1,4.834491446137287,1.0907694062969633,4.956128237701633,0.22211728227747884,0.004074993459038744,1.0000001997140966,0.0073866695184401044,0
0.4,-0.003753618804930456,0.0047316906440122136,-5.2115646867467724e-14,-0.3366549438831304,-0.28476581467225287,0.4403333359832156,-2.441595048105136,1.0232691184216982e-05,0.9999999123059167,14.599076643240998,1,-0.43619880059710736,-0.5826987620803898,0.7270801673249323,-2.2144383274268296,-0.0042944824542621544,1.0,2.3663401357911815,1,-0.8312376147843771,0.5815280326974576,1.0151970557970111,2.530329307062888,3.707474183271423e-05,0.9999999092190411,0.8997987822852485,1,0.0740228857600391,1.5019752321044662,1.5048865063523504,1.5216754384964741,-0.0007740048152723637,1.0,0.2984894250776852,1,4.822044399118508,1.1472052387436615,4.95675724684591,0.2337876877166095,0.004253635169327501,0.9999999070458782,0.007480086642879943,0
0.42000000000000004,-0.0037536188050190473,0.004731690644022542,-5.908424791090106e-14,-0.17534176544251454,-0.3684623207025558,0.40707978803748035,-2.016489586482673,1.3374389941058048e-05,0.9999999626208188,14.433257112187995,1,-0.3098958229663874,-0.6577616948668754,0.7261296400806998,-2.0119415565512355,-0.004184018435781829,1.0,2.3935310159253174,1,-0.8968833648629664,0.47666997589580673,1.0163506808286418,2.6521519563865823,7.365145490164893e-05,1.0000002000000239,0.9059339279459813,1,-0.028130252930480187,1.513120454409615,1.5145337220116983,1.5894657811117225,-0.0007994509314556641,1.0,0.2975946585131192,1,4.808972117621893,1.2034921770945268,4.957417942534299,0.24545506028821798,0.004436958044504867,0.9999998953686159,0.007562577617885474,0
0.44,-0.0037536188049622473,0.004731690644032607,-6.638786742563241e-14,0.024755363070565736,-0.3662051713301805,0.3658306630604849,-1.503504475709601,1.9724656352364724e-05,1.0000000998580192,14.772692728164255,1,-0.1708518586428011,-0.7058323303791131,0.7250842031025376,-1.8088855949680316,-0.004067390879483637,1.0,2.418870340587595,1,-0.9490526433761617,0.36463261973224265,1.0172675855890114,2.773726430181747,0.00011486038492139847,0.9999999091909835,0.911046428592155,1,-0.13015577116978375,1.5173849001565338,1.5241682643373455,1.6563981419454543,-0.0008171499539950565,1.0,0.2961792931594624,1,4.795276547534314,1.2596229783945552,4.958110218732201,0.2571192562746715,0.004627009818818986,1.000000199981437,0.007635360434039064,0
0.46,-0.0037536188045870344,0.004731690644042159,-7.170306015602534e-14,0.21335898619294194,-0.2491409861179575,0.32695071291661804,-0.8605078115157784,2.347643521739894e-05,1.000000244161038,15.869810148306934,1,-0.02475219222198239,-0.7248129912251823,0.7239865435565989,-1.6052266066552288,-0.003946114701782471,1.0,2.4426645533127127,1,-0.9869997527751968,0.24711334605043395,1.0179347252130875,2.895111554195764,0.00016468548095553993,0.9999998824501051,0.915330316616456,1,-0.2316011288503421,1.5148788014291505,1.5337474155288415,1.7224916844729352,-0.0008258572440703722,1.0,0.29431993433139797,1,4.780959725927881,1.3155904288544553,4.9588339585257595,0.2687801324454112,0.004826372127977525,0.999999900072043,0.007699515444425925,0
0.48000000000000004,-0.00375361880424063,0.004731690644047673,-7.30672033294466e-14,0.3066996171274646,-0.028388181753482747,0.3077095642904811,-0.08811802536736627,2.4287589643932218e-05,1.0000003115618907,17.70926940092191,1,0.12237679510635716,-0.7137880655762855,0.72288189159377,-1.4009450921891953,-0.0038310157538657685,1.0,2.4651326259762367,1,-1.0101847941096027,0.12587965714098395,1.018342665702161,3.016368425947033,0.00022647488712288326,1.0000001975385293,0.9189604992296666,1,-0.33203316776027897,1.5057387931977761,1.5432302941031772,1.7877685532876937,-0.0008248382012331145,1.0,0.29208640979062134,1,4.766023780532942,1.371387345155107,4.959589031951843,0.28043754497527756,0.00503567704206477,0.9999999022347702,0.007756000932218485,0
0.5,-0.003753618804482348,0.004731690644045428,-7.380619553021273e-14,0.24501034889123327,0.20538003400800953,0.32042916424181384,0.7012870904556839,2.4264524005869678e-05,1.0000002628409281,19.449038886669026,1,0.26441140632291954,-0.6730831603093224,0.7218162010828966,-1.1960472425454123,-0.003756702055390286,1.0,2.4864124277358237,1,-1.0182788863194838,0.0027461606442541883,1.0184856672090035,3.1375596670015833,0.00029561164526961507,0.9999999381948338,0.9220939778357394,1,-0.4310389564164855,1.4901252990343827,1.5525779265087296,1.8522534753330793,-0.0008165635217572807,1.0,0.2895422085251108,1,4.750470929189494,1.4270065757419035,4.960375303380345,0.29209134768115835,0.00524917190493906,1.0000001999319232,0.007805666912963355,0
0.52,-0.003753618804890592,0.004731690644038082,-7.821846469135973e-14,0.06934475439155102,0.3484682055467098,0.3566465257205552,1.3757250469356754,2.2751493130193766e-05,1.000000126348223,20.202774013150393,1,0.39538737738623436,-0.6042737264877763,0.7208342311452249,-0.9905652604747921,-0.0037545368394128874,1.0,2.50656884443203,1,-1.011167288695903,-0.1204485714703937,1.0183617296527636,-3.0244366412034,0.00036546535949817996,0.99999985857755,0.9248709428245289,1,-0.5282263474933407,1.4682200445130211,1.5617533045132275,1.915973387256994,-0.0008046121902475404,1.0,0.2867449020731353,1,4.734303479278594,1.482441002107294,4.961192646660286,0.3037413933707694,0.005461235863168921,0.9999998932565359,0.007849267380109801,0
0.54,-0.00375361880499925,0.004731690644029845,-8.512223044487843e-14,-0.1337859212463467,0.37385103895873073,0.39852668889007997,1.9137570733632667,2.23604587310871e-05,0.999999981507043,20.022330763877548,1,0.509758719611429,-0.510139122136074,0.7199776052114568,-0.7845565601069011,-0.0038190154733413065,1.0,2.525603568165533,1,-0.9889504794586388,-0.241865201411981,1.0179726172226289,-2.9031864849436873,0.0004381131240422284,1.0000001902097682,0.9274157507044858,1,-0.6232242876326907,1.4402237177850754,1.5707214262798417,1.9789571048831793,-0.0007895717927364262,1.0,0.283746549126309,1,4.717523827131267,1.537683540060134,4.962040941098279,0.31538753710328493,0.005672752144218464,0.9999999092558259,0.007887471172165112,0
0.56,-0.003753618804916938,0.004731690644021445,-9.193926002459829e-14,-0.3061336791492784,0.3059557186932801,0.43406122328146285,2.3544098617467744,2.4581924979922308e-05,0.9999999125985217,19.317964604648093,1,0.6026462036046972,-0.3945606696909994,0.7192829502142154,-0.5781017750736627,-0.003925693775976447,1.0,2.5434664834652105,1,-0.9519432095323206,-0.35968682587111184,1.017323847988477,-2.7818125047061897,0.0005187874548990736,0.9999999687215383,0.929837788643148,1,-0.7156829175719183,1.4063537901311258,1.5794493036118917,2.041235028066235,-0.0007709126608031653,1.0,0.28059408590715385,1,4.700134457414607,1.5927271409838433,4.962920059599436,0.3270296360834891,0.005885731249524581,1.000000199565634,0.007920871601883593,0
0.5800000000000001,-0.003753618804856605,0.004731690644012261,-9.800797326486865e-14,-0.42057856857603104,0.17827428022787334,0.45765905690699404,2.737734658310429,2.8138612258988236e-05,0.9999999597196002,18.39951603445117,1,0.6700621934886362,-0.2623655198239334,0.7187802071174461,-0.3713015763643397,-0.004049176064693757,1.0,2.5600684766599295,1,-0.9006715149270929,-0.47214212276094664,1.0164246402454036,-2.660253510183109,0.0006111271390152386,0.999999838189586,0.9322322354548936,1,-0.8052734979433418,1.3668425033413723,1.587905948775419,2.1028388713508144,-0.0007485912491880036,1.0,0.2773297057493589,1,4.682137942499333,1.6475647930836637,4.963829866934731,0.3386675484260024,0.006100727118877031,0.9999998866101554,0.007949994991297948,0
0.6,-0.0037536188048624946,0.004731690644002726,-1.0383989675066818e-13,-0.4662714327892651,0.020662080604004374,0.4670835214023948,3.0938620419285865,3.150544240879205e-05,1.000000095451157,17.453375896966914,1,0.709098725308704,-0.11912179001050505,0.71849120654949,-0.16427240339889543,-0.004171116861957667,1.0,2.5752953129851632,1,-0.8358676365314065,-0.5775283769549142,1.0152878213141359,-2.5384505363370047,0.000716717080284202,1.0000001781943182,0.9346807271150246,1,-0.891688193407103,1.321935025926344,1.5960623512329175,2.163801423415392,-0.0007230426405542043,1.0,0.27399122555696764,1,4.663536941809974,1.702189522621012,4.964770221989204,0.3503011327058271,0.006317310556930751,0.9999999164206586,0.007975308243715696,0
0.62,-0.0037536188048250705,0.004731690643994367,-1.096124059574155e-13,-0.4400330917655732,-0.1404415347084679,0.4616791725287927,-2.836304660890684,3.4309799471608475e-05,1.0000002408128261,16.600441168448196,1,0.7180671067045845,0.02910588042027892,0.7184286004159735,0.04285870316978817,-0.004285805211087214,1.0,2.589022042043359,1,-0.7584627658159475,-0.6742342935075024,1.0139296996554836,-2.416347594866308,0.0008358580735946824,1.0000000000189317,0.937251932860505,1,-0.9746397448884557,1.2718877766634091,1.6038914455952882,2.224156336335718,-0.000694928881763654,1.0,0.27061243553029607,1,4.644334201156849,1.7565943951331913,4.965740979557294,0.36193024798245227,0.006534667859000974,1.0000001988831495,0.007997225562265887,0
0.64,-0.003753618804639345,0.004731690643988691,-1.1443276881628606e-13,-0.34361749694098226,-0.27904127543019247,0.44180751461094275,-2.4630228428930425,3.7589247712031804e-05,1.0000003112206084,15.943279738468842,1,0.696579902634997,0.17602798408624631,0.7185952231898343,0.24995990088872938,-0.0044014286761204224,1.0,2.601127246621132,1,-0.6695775113821837,-0.7607624715199856,1.0123698983462672,-2.2938924253258217,0.0009677637636113781,0.9999998217885638,0.9400020460777702,1,-1.0538610564065822,1.2169669111724875,1.6113680721821217,2.2839379429934357,-0.0006649686223664186,1.0,0.26722343304789253,1,4.624532552049689,1.81077251663728,4.96674199129547,0.37355475397735205,0.006751990778735282,0.999999880143432,0.008016114412270412,0
0.66,-0.003753618804294114,0.004731690643986127,-1.1668530724984194e-13,-0.18523065892562998,-0.36643893436663766,0.4091600536907727,-2.0415199341096706,4.291172978875246e-05,1.0000002657051632,15.606483670958891,1,0.6455697752550486,0.3154142887278407,0.718983931287232,0.45690064870799657,-0.004534228099197712,1.0,2.611506371108756,1,-0.5705099674307864,-0.8357513662197343,1.010631147947307,-2.1710372423031052,0.001111053220991949,1.0000001617882348,0.9429752014347093,1,-1.1291047197895596,1.15744696485371,1.618468932144749,2.3431811004861283,-0.000633793784435088,1.0,0.26385094140695126,1,4.604134910991914,1.8647170348169508,4.967773105959353,0.38517451131271796,0.006968820705875934,0.9999999237179162,0.008032300814195039,0
0.68,-0.0037536188039340966,0.004731690643985402,-1.1541483914412343e-13,0.013727659900567034,-0.369735489477343,0.3681480393492949,-1.5344672862877398,4.941018799831741e-05,1.0000001307513153,15.779008679594558,1,0.5672438952244122,0.441374641406103,0.7195779372806096,0.6635577504992719,-0.004696640380969355,1.0,2.620083371922375,1,-0.46272126356854976,-0.8979965121438171,1.0087390363032191,-2.047739473783125,0.0012655511426989418,1.0000000313158592,0.9462038626121182,1,-1.200142497639299,1.0936096438382532,1.6251725391262883,2.4019210575719474,-0.0006017387112680627,1.0,0.26051861276173605,1,4.58314427875365,1.9184211401913647,4.968834168668611,0.3967893817729634,0.007185481855040027,1.000000197885551,0.008046074042801232,0
0.7000000000000001,-0.0037536188038155525,0.0047316906439847616,-1.1178601447281444e-13,0.20490042984632148,-0.25925282369846336,0.32873997510000397,-0.8993173277999175,5.3395680837271536e-05,0.9999999848868927,16.711955314664273,1,0.4649770450056883,0.5486209040697932,0.7203516196509995,0.8698209755595775,-0.004885828228466281,1.0,2.62682003017416,1,-0.34781848718668235,-0.9464707200157412,1.0067217119715548,-1.9239624816185956,0.001432450413150475,0.9999998097785978,0.9497091930067021,1,-1.2667647821696788,1.0257427545083984,1.631459168838443,2.4601933446386552,-0.0005685626720207905,1.0,0.2572473146126247,1,4.56156373962274,1.9718780672664578,4.969925018448413,0.40839922839915066,0.007403222057135454,0.9999998738666119,0.008057690797233293,0
0.7200000000000001,-0.003753618803890988,0.00473169064398456,-1.0818602957929357e-13,0.30567869986466634,-0.04251084506710906,0.3079660223837738,-0.13214690256011222,5.3899186662806075e-05,0.9999999129884395,18.42017323009238,1,0.34315056937308336,0.6326961526847135,0.7212717530265876,1.075597928891945,-0.0050865909578994,1.0,2.6317224484815553,1,-0.22753490025912101,-0.9803428996277807,1.004609541990605,-1.7996762481608433,0.0016094068107103824,1.0000001413957575,0.9535013675942706,1,-1.3287800450044798,0.9541392614655547,1.6373108051204581,2.5180336847353244,-0.0005338808813342945,1.0,0.25405539960056245,1,4.539396460633239,2.02508109566994,4.971045484832582,0.42000391471690046,0.007621704034782123,0.9999999311360368,0.00806737889669721,0
0.74,-0.003753618803839326,0.004731690643986374,-1.0477729794899915e-13,0.2523126237931397,0.19369887383562986,0.31896958630223693,0.6604617244266259,5.390441406956298e-05,0.9999999568926983,20.10277598283554,1,0.20694754098165055,0.6901600455643717,0.7222990784175152,1.2808179127149888,-0.00529317409790276,1.0,2.634844493638725,1,-0.10370742415139467,-0.9989951006413701,1.002434723091709,-1.6748580088468552,0.0017808518445669402,1.0000000618411777,0.9575798778946277,1,-1.386014290711877,0.8790964634574544,1.6427110788681365,2.5754779198556763,-0.0004993906427795784,1.0,0.2509589587966243,1,4.516645690773133,2.078023551271703,4.97219539260137,0.43160330291490634,0.007834280459338318,1.0000001965744194,0.008075340549382772,0
0.76,-0.003753618803884322,0.004731690643989079,-1.01048509837387e-13,0.08057025569081984,0.3431670614421338,0.3543782722902585,1.34271383560044,5.4014940845520695e-05,1.0000000910523714,20.834073436048737,1,0.062116597602687236,0.7187227494658212,0.7233901188759113,1.485434627971865,-0.005497402986107388,1.0,2.63628818149595,1,0.021748564791258262,-1.0020373074213504,1.000230835873322,-1.5494928199423839,0.0019283885146037475,0.9999998024556086,0.9619338861270254,1,-1.4383105247939392,0.8009152766352425,1.6476452129426287,2.632561944584136,-0.00046817346981748505,1.0,0.24797205866114422,1,4.493314760174996,2.130698807289714,4.973374577144925,0.44319725462345066,0.008034819318566875,0.9999998677896402,0.008081755248714928,0
0.78,-0.003753618804211883,0.004731690643991646,-9.910345113994801e-14,-0.1229094723422411,0.37455617016553755,0.3963314168229546,1.8873467110988604,5.098297699978543e-05,1.0000002374017511,20.621080258462552,1,-0.08528223429180674,0.7173235398031113,0.7244991261601299,1.689427667650751,-0.005664771040640188,1.0,2.6362010748812534,1,0.1468669972226627,-0.9893194818443878,0.99803235364317,-1.4235740568251871,0.002047473315438968,1.000000117519348,0.9665426468405101,1,-1.4855282451093876,0.7198996145832393,1.6520999863173715,2.6893216574539185,-0.00044108727518244855,1.0,0.24510696116627442,1,4.469407079289164,2.183100285379232,4.974582883219256,0.45478563438046743,0.008224935486431507,0.9999999386632671,0.00808678234809422,0
0.8,-0.0037536188045920703,0.0047316906439954535,-1.0068595263090785e-13,-0.2978370869436956,0.3108708504767064,0.43239959735702727,2.332187541564789,4.540172192856023e-05,1.0000003107821027,19.871278451934923,1,-0.22913669696360542,0.6861537212947102,0.7255800558808759,1.8928027952213264,-0.0057706534191409005,1.0,2.634771202503801,1,0.26966119048269405,-0.9609403249504092,0.9958741229892251,-1.2971038062742084,0.00213891837556511,1.0000000908427558,0.9713760142338065,1,-1.527542964217516,0.6363558548251683,1.6560636952439078,2.74579293345672,-0.00041761126974854357,1.0,0.2423743270857297,1,4.444926138038538,2.23522145670613,4.975820152053597,0.46636831009075086,0.00840803970766114,1.0000001949518318,0.008090563338315758,0
0.8200000000000001,-0.0037536188048343175,0.00473169064400209,-1.0533631258913267e-13,-0.4158070406417539,0.18564000234606706,0.4567262166711135,2.7177821162429265,4.1932058080770686e-05,1.0000002684943872,18.90148960259824,1,-0.3635346040084255,0.626626489302574,0.7265884742788373,2.09559108099626,-0.005818026186495236,1.0,2.6322206211884063,1,0.3881558832070569,-0.9172522297646223,0.9937908101007452,-1.1700931212970807,0.0022025653473980635,0.9999998000000316,0.9763950593639082,1,-1.5642457687623705,0.5505923818219474,1.6595261082902506,2.8020116049887993,-0.0003972291718221623,1.0,0.23978340328021142,1,4.419875504958743,2.2870558430054775,4.977086217399618,0.47794515185569864,0.008586297868083782,0.9999998619221453,0.008093223861453131,0
0.8400000000000001,-0.0037536188049111744,0.004731690644011693,-1.114230235854663e-13,-0.4653712908095211,0.028961940253457184,0.4669507401580968,3.074739870193351,4.103608576702116e-05,1.0000001351452572,17.902512245309936,1,-0.4829992603003861,0.5412986108521075,0.7274833173392985,2.2978470683645997,-0.005819944736700781,1.0,2.628797319715349,1,0.5004207303019214,-0.8588619288471444,0.9918163173201712,-1.0425621229803304,0.002237987187211381,1.0000000907473114,0.9815528231919436,1,-1.5955429208235303,0.46291919680912424,1.6624784257061278,2.8580134487831734,-0.0003795764966899685,1.0,0.23734219491701827,1,4.394258826325291,2.3385970176236794,4.978380906495466,0.48951603140019945,0.008761095950710673,0.9999999462876806,0.008094875499504361,0
0.86,-0.0037536188049024435,0.004731690644022896,-1.177126972284892e-13,-0.44304517497695933,-0.13260700452894345,0.46235449338540807,-2.8558443204642927,4.180346701472759e-05,0.9999999883287768,16.996743294366684,1,-0.5827000208630038,0.4337502820314385,0.7282284600186153,2.499646130203959,-0.005793369126114296,1.0,2.6247661459539113,1,0.604604630788308,-0.7866264059867549,0.9899831832861172,-0.9145399312947995,0.0022457396949839958,1.000000117606007,0.9867952260080188,1,-1.62135550515785,0.3736475851622263,1.6649132450253135,2.913834179847299,-0.0003643195507738811,1.0,0.23505762342558947,1,4.3680798252669835,2.389838606542557,4.979704041072604,0.5010808219675199,0.0089336269239884,1.000000193020359,0.008095617363925516,0
0.88,-0.0037536188049398355,0.004731690644034019,-1.241159952591886e-13,-0.35031270361891265,-0.2731318236263204,0.44324317294834426,-2.484323255115651,4.3729054321600435e-05,0.9999999134754799,16.286063980408485,1,-0.6586320457577491,0.30843024954717,0.7287940510218869,2.7010811675703916,-0.0057546744780759915,1.0,2.6203995581963695,1,0.6989701364027043,-0.7016437442459971,0.9883219807255487,-0.7860644077416143,0.0022279170894475204,0.9999998024723712,0.992062145717818,1,-1.6416191255045922,0.2830898323028909,1.6668245323433657,2.969509451836315,-0.00035104939656242556,1.0,0.2329356694569966,1,4.341342300865501,2.4407742893849655,4.981055437725557,0.512639398367878,0.009105211824552758,0.9999998562734237,0.008095537507101673,0
0.9,-0.0037536188050322217,0.004731690644044375,-1.3116591146555834e-13,-0.1949125367216074,-0.36413021228636516,0.4112118856988324,-2.066311814672682,4.62346856722078e-05,0.9999999541414926,15.892209954501789,1,-0.7077611210068789,0.17047346135012642,0.7291575809032151,2.9022588083610175,-0.0057143616059181345,1.0,2.615968481131555,1,0.7819270831393311,-0.6052387216830272,0.9868607266187271,-0.6571816980786682,0.002188814876260082,1.0000000617392992,0.9972886680784202,1,-1.6562836525736269,0.19155897961071278,1.6682075993411964,3.0250748626546047,-0.00033917748538343334,1.0,0.23098150073701115,1,4.314050127240968,2.4913978004016517,4.98243490774027,0.5241916370838441,0.009277554498424805,0.9999999539971972,0.008094714175104345,0
0.92,-0.0037536188049924046,0.004731690644054386,-1.3863606443398346e-13,0.002768333877965117,-0.3728824532262981,0.370463246035947,-1.565048596941941,4.789146038211201e-05,1.0000000866638095,15.99921283255904,1,-0.7281308756528052,0.025498321048046398,0.7293046655518702,3.103295250612907,-0.005672987802932998,1.0,2.611733528783191,1,0.8520645123795931,-0.49894313795974177,0.9856243204687619,-0.5279455706083198,0.0021352640768788687,1.0000001414714954,1.0024065012504884,1,-1.6653130256270612,0.09936861233412154,1.669059086471112,3.0805659639743883,-0.0003278151379999657,1.0,0.22919958936103643,1,4.286207252623266,2.5417029294389337,4.983842256152269,0.5357374164085354,0.009453089797077744,1.0000001907830618,0.008093216919422282,0
0.9400000000000001,-0.003753618804642483,0.004731690644064035,-1.443858053951086e-13,0.19625392902675423,-0.26898273572234366,0.3305784360629758,-0.9376875260104383,4.7139963072110535e-05,1.0000002339294778,16.85754759333618,1,-0.7189308072884151,-0.12060974258524243,0.7292295359183191,-2.9788734287280874,-0.005619858252485796,1.0,2.607936805072441,1,0.908179913246188,-0.3844710520134711,0.9846340271002078,-0.39841655426895056,0.002076569120384216,0.99999980981171,1.0073455343806696,1,-1.6686851086425132,0.00683267173979058,1.6693769523551003,3.1360182738747264,-0.0003157112405498092,1.0,0.22759382458484897,1,4.257817698409608,2.591683522887262,4.985277279197789,0.5472766164731666,0.009635052522390004,0.9999998508524254,0.008091107583480346,0
0.9600000000000001,-0.003753618804257189,0.004731690644070178,-1.4613657506323818e-13,0.3042459649142997,-0.05651918530669649,0.3083181588478224,-0.17604761614428052,4.547220694862525e-05,1.000000310246587,18.511221528030593,1,-0.680524278759086,-0.26192204162093957,0.7289352296448156,-2.777754541149212,-0.005540655879973491,1.0,2.604794426986142,1,0.9493048316990983,-0.26368932197698636,0.9839070221711802,-0.2686608904244909,0.0020217886940055345,1.0000000312100572,1.0120354966104732,1,-1.666391601396021,-0.08573471643801102,1.6691604673023326,-3.0917180139623084,-0.0003018300026217181,1.0,0.22616762056822504,1,4.228885558208425,2.6413334846107435,4.986739760242344,0.5588091184949042,0.009824823894066182,0.9999999617796017,0.00808844117682916,0
0.9800000000000001,-0.0037536188044319362,0.004731690644068662,-1.4665482370168625e-13,0.25931992554514616,0.18178578338699639,0.3175838001999363,0.6193270856402925,4.416306214528073e-05,1.0000002712072389,20.203731725520395,1,-0.6144361672808808,-0.3926916132338551,0.7284334791957262,-2.5764151323287074,-0.005436511147100755,1.0,2.602489874072551,1,0.974725959946955,-0.13858405092832674,0.9834560225456661,-0.13874931805075733,0.001970498229445523,1.0000001618511858,1.0164076678141902,1,-1.658438005814834,-0.17801940540411684,1.6684102032577168,-3.036236782644027,-0.0002869476246777168,1.0,0.22492401114373967,1,4.199414996870331,2.690646776858139,4.988229472464858,0.5703348027096499,0.010016600092128144,1.0000001882434844,0.00808526664592007,0
1.0,-0.003753618804851866,0.0047316906440615465,-1.5060652377996142e-13,0.09177429859045738,0.3375473325094349,0.35212999271987666,1.309329943620267,4.069121697022464e-05,1.0000001395279041,20.974992245748915,1,-0.5233002680229187,-0.5075733354879797,0.7277442954267963,-2.3747451729278106,-0.0053143772952370825,1.0,2.60116825846171,1,0.984000938526542,-0.011223739245201703,0.9832890084728204,-0.008755713737395492,0.0019163793402506152,0.9999998218372096,1.0203966667722908,1,-1.6448436481894615,-0.26970739050591275,1.667128022599087,-2.980687823413811,-0.0002725484904826276,1.0,0.22386572690664103,1,4.169410249508958,2.739617421155459,4.989746194622268,0.5818535483229705,0.010204242795689407,0.9999998456677396,0.008081627556500043,0
1.02,-0.0037536188049900323,0.004731690644053294,-1.5727523450248526e-13,-0.1118769809881845,0.37501617828352407,0.3941209498615002,1.86067920453984,3.671667228719421e-05,0.9999999918310157,20.785827006053243,1,-0.41076702522290315,-0.6018329066501846,0.7268952650130303,-2.172647095546104,-0.005165092473730655,1.0,2.6009316109790697,1,0.9769682747544602,0.1162798930125966,0.9834090298424069,0.12124436958062396,0.0018599470106841832,0.9999999999118129,1.023942159054871,1,-1.6256417576035405,-0.3604849797552077,1.665317089056442,-2.925035600001105,-0.0002582837747491836,1.0,0.2229952579622771,1,4.138875620511169,2.788239499177262,4.991289713810777,0.5933652368162612,0.010389775490944364,0.9999999696225637,0.00807756270882187,0
1.04,-0.0037536188049100833,0.004731690644044892,-1.6401593624926214e-13,-0.2893010948265982,0.3156386071178414,0.4307056586190997,2.3098203941334723,3.499283265573878e-05,0.9999999140594051,20.040371533537474,1,-0.28137282686940734,-0.6715380789201196,0.7259205696285034,-1.9700396922599257,-0.004979822914552869,1.0,2.60183529403547,1,0.9537509979200919,0.24181232556910584,0.9838141214138064,0.2511752082322152,0.0018033509802438748,1.0000001782429309,1.0269904211074443,1,-1.6008796003292687,-0.4500389790665334,1.6629818904646936,-2.8692445413776917,-0.00024311739525527705,1.0,0.22231490758326022,1,4.107815482533704,2.83650715359615,4.992859813415533,0.604869752826663,0.010576977177046634,1.0000001854056506,0.008073106683181414,0
1.06,-0.0037536188048433103,0.004731690644035735,-1.6999205862400224e-13,-0.4107601456576929,0.19294510122549322,0.45575299548708026,2.6977692627153194,3.5283634206689695e-05,0.9999999514673259,19.06314026115278,1,-0.14037306707393132,-0.7137251466618075,0.7248597327090329,-1.7668615481607783,-0.004761833689019467,1.0,2.6038856979800302,1,0.9147539063012862,0.3632967437587096,0.984497339436912,0.38096242082328524,0.001744938336720918,0.9999998382525669,1.0294957641540259,1,-1.5706186692994963,-0.5380568998058575,1.6601282574101752,-2.813279027487139,-0.00022635418109443376,1.0,0.22182683951972584,1,4.076234275488211,2.8844145889127133,4.99445626838155,0.6163669830077623,0.010767760600983195,0.999999840727581,0.008068290317551682,0
1.08,-0.0037536188048484798,0.004731690644026164,-1.7566243598610143e-13,-0.464181886199449,0.03727835265431019,0.46677394539103645,3.0556267919169673,3.6107472579399995e-05,1.0000000822876123,18.050141779814982,1,0.006457481406132394,-0.7265334085125995,0.7237561229552261,-1.563073869477141,-0.004525004114392707,1.0,2.60703941307708,1,0.860654510018996,0.4787334715863236,0.9854469109870098,0.5105344461747908,0.0016802643584465904,0.999999968615742,1.031421736111993,1,-1.5349349272396051,-0.6242271965677121,1.6567633838664153,-2.7571033812951975,-0.00020762297204310838,1.0,0.22153311900072403,1,4.044136505516546,2.93195607226533,4.996078846228846,0.6278568153136239,0.01096267782566627,0.9999999775136563,0.008063141132467281,0
1.1,-0.003753618804818939,0.0047316906440176,-1.813119966664889e-13,-0.44576785005870634,-0.12467938503846793,0.46298528633248687,-2.8753054942113305,3.6697482050600206e-05,1.0000002303977005,17.12595962697683,1,0.15305173561051943,-0.7093003451883467,0.7226552563792993,-1.3586625475398146,-0.004289143153431,1.0,2.6112040806287866,1,0.7923880167834048,0.5862372288470282,0.9866464889287369,0.6398239383676598,0.0016040545597935743,1.000000190242845,1.0327420515319505,1,-1.4939191015964775,-0.7082395434236048,1.6528958535489933,-2.700681867086055,-0.000186724383669766,1.0,0.2214357465090504,1,4.011526743955997,2.979125934218434,4.9977273086259295,0.6393391387845113,0.011161624939122974,1.0000001822740572,0.008057683711098171,0
1.12,-0.0037536188046523892,0.004731690644011627,-1.86165752952272e-13,-0.35673584667222885,-0.2670434834081273,0.44463794438685833,-2.5054607801164934,3.736283867422112e-05,1.0000003096143233,16.392392446864058,1,0.29329757562960523,-0.6626107802392575,0.721602950650305,-1.1536393021441917,-0.0040744809710970414,1.0,2.616241113333121,1,0.7111269256933952,0.6840712221236147,0.9880755045170659,0.7687690365589499,0.0015118069478462699,0.9999998586533142,1.0334412190349649,1,-1.4476770289008736,-0.7897851571750841,1.648535671775444,-2.643978695245943,-0.00016352428834662453,1.0,0.22153668398850335,1,3.9784096262943462,3.0259185695290705,4.9994014124885116,0.6508138435352405,0.011364247382551818,0.9999998360397767,0.008051940038144372,0
1.1400000000000001,-0.0037536188043223668,0.004731690644008824,-1.8859826894646048e-13,-0.20437602931250953,-0.361540753056997,0.4132346569469427,-2.0908263793010327,3.8645498665458054e-05,1.0000002738423943,15.968882300162035,1,0.4212959976001236,-0.5882944909023413,0.7206434002022626,-0.9480417677519962,-0.0038958156594480304,1.0,2.621970425014107,1,0.6182559736562729,0.7706772395676947,0.989709605876233,0.8973144748281291,0.001401893250499492,0.9999999380929668,1.033514850167302,1,-1.396330045521612,-0.8685571764274175,1.6436943021628143,-2.586958034616409,-0.00013785577006335744,1.0,0.2218378740261579,1,3.9447898511143737,3.072328437891773,5.00110091061021,0.662280820840983,0.011570273823003078,0.9999999854403772,0.008045929800824934,0
1.1600000000000001,-0.003753618803954542,0.004731690644008035,-1.8756263903130233e-13,-0.008105215437014517,-0.37564535025626294,0.3727781118493466,-1.5952117202843905,3.983289953142736e-05,1.0000001438971173,16.03498111795873,1,0.5316188936120835,-0.489368712249331,0.7198172544413644,-0.7419324247165296,-0.0037570155951358298,1.0,2.6281772169582016,1,0.5153433097350653,0.8447011129299834,0.9915211672065927,1.0254125059583703,0.0012770787274794808,1.0000001975552553,1.0329696492234535,1,-1.3400154209119306,-0.9442511056738352,1.638384707785326,-2.529584033767879,-0.00010939508216314874,1.0,0.22234125157373816,1,3.9106721790277867,3.11835006466199,5.002825551593073,0.6737399633034551,0.011779964738729628,1.0000001788536657,0.008039670655185627,0
1.1800000000000002,-0.003753618803811991,0.004731690644007462,-1.8402250209770266e-13,0.18743859736363522,-0.2783185757570702,0.3324706260795796,-0.9755878985164623,3.855868687948814e-05,0.9999999953919003,16.84015392705723,1,0.6195537574114142,-0.36992472145716615,0.7191597916914224,-0.5353963361661039,-0.0036477580388073845,1.0,2.634620731540151,1,0.40410884931685565,0.9050131219183988,0.9934798508969861,1.1530236224825485,0.0011449426124630372,0.9999998825367857,1.0318230992227158,1,-1.2788868285650272,-1.0165653340501029,1.632621397131644,-2.471820852361839,-7.760660491859171e-05,1.0,0.2230487461569866,1,3.876061431599249,3.163978041558968,5.004575078169312,0.6851911649939889,0.011994327483111302,0.9999998316117544,0.008033178460815806,0
1.2,-0.003753618803887601,0.004731690644007205,-1.8033014317908602e-13,0.3024070315870756,-0.07039087505694708,0.3087739407255897,-0.21980492732638468,3.5270391319615186e-05,0.9999999147399303,18.45552792330704,1,0.681321971892553,-0.2349610528242501,0.718699288409083,-0.3285377254072218,-0.0035518898654594957,1.0,2.641044641985858,1,0.28639078181830185,0.950723129600823,0.9955532026091007,1.28011706650737,0.0010142582204312896,0.9999999090955558,1.0301028736951559,1,-1.2131148489280819,-1.085201738774159,1.6264204751383333,-2.413632702538502,-4.2522214157561385e-05,1.0,0.2239622739946848,1,3.8409624902610386,3.209207027348788,5.00634922335593,0.6966343209533377,0.012212571400106917,0.9999999933901667,0.008026467486188979,0
1.22,-0.0037536188038488176,0.004731690644008888,-1.7696347859308403e-13,0.26602451950726896,0.16965105994083746,0.3162799899547918,0.5778520815637417,3.2747494212057756e-05,0.9999999488715031,20.17114377037056,1,0.7142577654768727,-0.09016959130826216,0.7184556893589148,-0.12147551492015117,-0.003470842692813373,1.0,2.6471885661398513,1,0.16411117716993717,0.9811904389252841,0.9977072631049803,1.4066711252727278,0.0008836058724478539,1.0000001999999868,1.0278460154261353,1,-1.1428874972253027,-1.1498663835037728,1.6197996928591598,-2.354983899560231,-6.602913597437615e-06,1.0,0.2250837208093655,1,3.8053802952194746,3.254031748508837,5.008147711600197,0.7080693252160817,0.012426220514992559,1.000000175149895,0.008019550584127821,0
1.24,-0.0037536188038737534,0.004731690644011649,-1.7325897661013556e-13,0.10295621640900347,0.3316087251706142,0.34990448976161104,1.2755161362165912,3.0530656594536405e-05,1.000000077925916,20.99715700693077,1,0.7169365526216377,0.05831558875371651,0.7184396494732959,0.08566196327214853,-0.003414051544215069,1.0,2.6528006897090375,1,0.03924156536147784,0.9960285381632586,0.9999071910731449,1.5326732269645496,0.0007468857426594446,0.9999999093145024,1.0250979246953293,1,-1.0684107675363699,-1.2102703220239461,1.6127784860957208,-2.2958389306902673,2.726551075544651e-05,1.0,0.2264149156154071,1,3.7693198443566693,3.298446999875179,5.00997027448019,0.719496070218731,0.012625785523213461,0.9999998274505297,0.008012439341529332,0
1.26,-0.0037536188041843695,0.004731690644014231,-1.7109274066950952e-13,-0.1006821197949637,0.37523337873605733,0.39189386143615645,1.8337030172898348,2.773863470190881e-05,1.000000226808143,20.846211623923583,1,0.6892441963229895,0.20419370983935237,0.7186519866064497,0.2927428233009768,-0.003381933379277517,1.0,2.657649967324503,1,-0.08623073986917489,0.9951050492233655,1.0021178752485684,1.6581198701907507,0.0006107094322876121,0.9999998823379931,1.0219111885609737,1,-0.9899091826497532,-1.2661305177651239,1.6053780214593372,-2.236162551452541,5.903529762424734e-05,1.0,0.22795759489264034,1,3.732786192129268,3.3424476452703296,5.011816657406058,0.7309144500509626,0.012811009239810945,1.0000000013504293,0.008005144219636797,0
1.28,-0.003753618804572213,0.004731690644017842,-1.7242977878861865e-13,-0.2805187711637596,0.320266915788654,0.428976910101011,2.287268177253575,2.5209255428936925e-05,1.00000030888562,20.117679576912085,1,0.6323825160172061,0.3412820469532512,0.7190836139230554,0.49963770118281947,-0.003378963508500297,1.0,2.6615373227359913,1,-0.2103349251209492,0.9785373017522878,1.0043045093414327,1.783016394571421,0.00048515432209636765,1.0000001975168022,1.0183443232970062,1,-0.9076263372292692,-1.3171708896292793,1.5976212567852075,-2.175919896934512,8.952514603871123e-05,1.0,0.22971335550509198,1,3.6957844484620317,3.3860286181089996,5.013686608798669,0.7423243620007706,0.012984382313311766,1.0000001711686142,0.007997674683002071,0
1.3,-0.0037536188048363367,0.004731690644024181,-1.7700077514781754e-13,-0.40543360414619667,0.20020170743761773,0.4547375948393937,2.6776632747808997,2.4281460817192873e-05,1.0000002763985676,19.14388039610733,1,0.5488106624655689,0.46379407468660827,0.7197159626854639,0.7062256946304994,-0.0034197127481279703,1.0,2.664305411641566,1,-0.3311470545026827,0.9466840243666572,1.0064331291567328,1.9073766040296485,0.00037511678352191005,0.9999999383266728,1.014460533026332,1,-0.8218254196745727,-1.3631234943298522,1.5895329954082236,-2.1150766079535357,0.00011905178497898597,1.0,0.2316835952417279,1,3.6583197776366614,3.4291849219830883,5.015579874258948,0.7537257057610083,0.013146872876836625,0.999999823562696,0.007990039310432621,0
1.32,-0.0037536188049265874,0.004731690644033536,-1.8315470667884526e-13,-0.46270264487182255,0.045625739553687476,0.46655257767168745,3.0364929160233713,2.4364554276881384e-05,1.0000001482507646,18.12636292913137,1,0.4421263484580866,0.5665957206761828,0.7205218626947549,0.9123998299586324,-0.0035188694119675503,1.0,2.6658461154329913,1,-0.4468181612461864,0.9001336808089574,1.0084711088984732,2.031222276641102,0.0002814862020228805,0.9999998584795738,1.0103264474789588,1,-0.7327896955878695,-1.403729854797709,1.5811399314983905,-2.0535989807920663,0.00014757999986195243,1.0,0.23386944048334787,1,3.6203973971771513,3.4719116312252933,5.017496196890198,0.765118382832923,0.013298469860521347,1.0000000093085524,0.00798224589642873,0
1.34,-0.0037536188049179494,0.004731690644044624,-1.8959443390254016e-13,-0.44820433928819586,-0.11664379286350048,0.4635721112089286,-2.894718860730717,2.4391820341900886e-05,0.9999999990096927,17.19217009203268,1,0.3168948237365771,0.6454263494083126,0.7214668259730533,1.1180717494089403,-0.0036788692743129872,1.0,2.6661053131419914,1,-0.555599799161431,0.8396899863693889,1.0103876125396296,2.154582587858774,0.00020255389931443998,1.000000190166887,1.0060108694692373,1,-0.6408229330190426,-1.4387424431566331,1.5724706890861504,-1.9914541433971233,0.00017498337150343753,1.0,0.23627166033167615,1,3.582022576730864,3.514203891449641,5.019435318496711,0.7765022964216811,0.01343903290616915,1.0000001669161307,0.007974301546620297,0
1.36,-0.003753618804951571,0.004731690644055769,-1.9613824453479367e-13,-0.36289321623726734,-0.26076287924178665,0.44599296747582295,-2.526470056432817,2.417414791414529e-05,0.9999999155167232,16.443251003145562,1,0.17843648532970732,0.6970740493621829,0.7225106555846292,1.3231753796953742,-0.0038834575105718043,1.0,2.6650847200982635,1,-0.6558669091346992,0.766355117047818,1.0121539971962081,2.277493466792556,0.00013501681149681805,0.9999999688584488,1.0015836017003936,1,-0.546249746731646,-1.4679263252585786,1.56355585377746,-1.9286102592631311,0.00020119333660053597,1.0,0.23889056635272565,1,3.5432006369443347,3.5560569200689147,5.021396980288586,0.7878773515453669,0.01356877592002366,0.999999819954413,0.007966212764506233,0
1.3800000000000001,-0.003753618805042381,0.004731690644066141,-2.0325321287151255e-13,-0.21362814102734287,-0.3586606388383802,0.4152291148219995,-2.115104684806966,2.4335782916891972e-05,0.9999999463552912,15.99698623880325,1,0.03258585866992053,0.7194983644233801,0.7236092825025848,1.527669429566834,-0.0040998601084102845,1.0,2.6628408177485774,1,-0.7461379494731595,0.681311082518291,1.0137441671051832,2.399996903828994,7.492498540582773e-05,0.9999998381081595,0.9971143678024997,1,-0.4494158356708545,-1.4910609716825889,1.5544279947270965,-1.8650367604480833,0.00022632173888413042,1.0,0.24172589701663863,1,3.503936948333039,3.597466006789801,5.023380923025286,0.799243455237535,0.013688629393064476,1.0000000172519272,0.007957985526594333,0
1.4000000000000001,-0.003753618805019787,0.004731690644076096,-2.108773225484306e-13,-0.018895586834239836,-0.37801749701922877,0.3750915548721794,-1.625003064454861,2.5443181761989235e-05,1.0000000735808492,16.028614985867247,1,-0.11456469826258893,0.711897329898914,0.7247167244838717,1.7315386575035623,-0.004287051684276047,1.0,2.6594811189354846,1,-0.8250923117741249,0.5858996806319707,1.0151348788279184,2.5221402256486596,1.8664029764669092e-05,1.000000178131339,0.9926718342321688,1,-0.3506880847189948,-1.5079422373133673,1.545121674216465,-1.800704611245559,0.0002508540402788466,1.0,0.24477668648866313,1,3.4642369301455767,3.638426514087002,5.0253868864041555,0.810600516823729,0.013800697036322234,1.0000001623991825,0.00794962534525935,0
1.4200000000000002,-0.0037536188046996483,0.004731690644085827,-2.1704383082465917e-13,0.1784605007856433,-0.2872486503360592,0.3344126659587343,-1.0130558081267826,2.7071621938101672e-05,1.000000223162557,16.786044904126996,1,-0.2569237088848396,0.6747191188239477,0.7257870628810302,1.934793937627941,-0.004405127482675558,1.0,2.655158184768703,1,-0.8915850962597947,0.4816013905924602,1.0163059994642287,2.643975351097998,-3.53488956288011e-05,1.0000000001575402,0.9883227381487596,1,-0.25045449878411874,-1.5183845079139546,1.535673442482129,-1.7355866037884213,0.0002758712964351105,1.0,0.24804111956204178,1,3.4241060492238353,3.678933877657782,5.027414606801316,0.821948448199979,0.013908504808910612,0.9999998166313978,0.00794113732109818,0
1.4400000000000002,-0.0037536188042806224,0.004731690644092529,-2.1922177614874805e-13,0.3001636867555853,-0.08409931659798715,0.30932958119457477,-0.26342624994915853,2.840866005707395e-05,1.0000003080608324,18.365319955346777,1,-0.3886501997828224,0.6096214599025526,0.7267763433534632,2.137471220712243,-0.00442695577038634,1.0,2.6500619152604648,1,-0.9446593532298353,0.370013499002677,1.0172407186465642,2.765558039096172,-8.745106936177727e-05,0.9999998217256935,0.9841311221752361,1,-0.14912393425227657,-1.5222230074395255,1.5261218163840227,-1.6696576851897669,0.0003023918520983631,1.0,0.251516373553691,1,3.3835498188602737,3.718983606857286,5.029463812316997,0.8332871635567687,0.014014468869220842,1.000000025167968,0.007932526187339656,0
1.46,-0.0037536188043843476,0.00473169064409176,-2.1958563439783418e-13,0.2724123003149379,0.1573189771460709,0.3150574399342905,0.5360333134075449,2.9188717377305108e-05,1.0000002788745113,20.104565056924443,1,-0.5043845989336315,0.5193840832787487,0.7276443221464615,2.3396295273404406,-0.004360322822971666,1.0,2.6444106739157855,1,-0.9835559121487442,0.2528276922043442,1.0179257113442783,2.88694713335644,-0.00014467353184117763,1.0000001617067096,0.9801576738996544,1,-0.047125590193409936,-1.5193162545922898,1.5165072373873578,-1.6028953113000386,0.00032876360245036925,1.0,0.25519844334114156,1,3.3425737976532717,3.7585712851151136,5.031534221004657,0.8446165774881353,0.01411319516630779,1.0000001576249262,0.007923796345906316,0
1.48,-0.0037536188048120575,0.004731690644084949,-2.2307372962715455e-13,0.11410165457379046,0.32536572953333853,0.34770154555161986,1.241260866651915,2.7877299774826765e-05,1.000000152586721,20.988801372233105,1,-0.5994533613232009,0.40778075776856193,0.7283560072082219,2.541348130023859,-0.00424289696314287,1.0,2.6384417791780326,1,-1.0077209194297736,0.13180729320438314,1.0183512571257054,3.0082037975726417,-0.00021946812150783407,1.0000000314527506,0.9764591655135626,1,0.05509177990290571,-1.5095486508781268,1.5068719917763471,-1.5352798262073941,0.00035172384586960127,1.0,0.2590819515800201,1,3.301183588363,3.7976925703345388,5.033625554439275,0.8559366037611995,0.014197315047997348,0.9999998135989155,0.007914951895062732,0
1.5,-0.0037536188049790637,0.004731690644076683,-2.2948526759436483e-13,-0.08933499783470064,0.3752208033696982,0.38964943258309376,1.8064090853715602,2.576364529506167e-05,1.0000000026826275,20.880517183249335,1,-0.6700417835616921,0.2794180943612537,0.7288829611199749,2.742723108424286,-0.004101236741456727,1.0,2.6324018144027077,1,-1.0168111928757724,0.008764274379379136,1.0185113340183454,3.12939075137179,-0.0003151975509304306,0.9999998097358327,0.9730879817167525,1,0.1570609759366107,-1.4928331745511774,1.4972600935976565,-1.4667948790515797,0.00037108705092030734,1.0,0.2631599509034127,1,3.2593848367695366,3.8363431952725597,5.0357375468470025,0.8672471581532178,0.014269450328400577,1.0000000330441323,0.007905996660978258,0
1.52,-0.0037536188049024123,0.004731690644068265,-2.361448710186398e-13,-0.2714990131643218,0.3247702200947143,0.4272123550423003,2.264526559933423,2.690508115345428e-05,0.9999999163894048,20.17266636377864,1,-0.7133312154367876,0.13954837280123494,0.7292043254580473,2.94386344095546,-0.003949477510292283,1.0,2.6265371171384766,1,-1.0106974779023665,-0.11446385994693364,1.0184036765393976,-3.0326137829451043,-0.00042930965495966344,1.0000001412976949,0.9700917153140719,1,0.25829781855361544,-1.4691141460632273,1.4877171486556096,-1.3974278683152725,0.0003883339045925799,1.0,0.26742372117501706,1,3.21718323053112,3.8745189678977634,5.037869935061683,0.8785481603565252,0.014335762292377442,1.0000001526009266,0.007896934233332856,0
1.54,-0.0037536188048315176,0.004731690644059159,-2.420312214534981e-13,-0.39983727249596496,0.20742516238892392,0.4536791115233473,2.657463597877634,3.224962471353069e-05,0.9999999439199181,19.205340579905545,1,-0.7275982581273099,-0.006136599090691598,0.7293075477241497,-3.138298552713182,-0.0037956675214507974,1.0,2.621084696900502,1,-0.9894656609164867,-0.23603725309396603,1.0180297890275765,-2.911375590506201,-0.0005603734934859038,1.0000000619729787,0.9675127893911788,1,0.3583030142525992,-1.4383700213677415,1.4782901855942339,-1.3271703968275006,0.00040459253777826555,1.0,0.27186256486245164,1,3.1745844980414475,3.912215771727516,5.04002245102802,0.8898395332892628,0.014400672845083486,0.9999998108617708,0.007887767992374447,0
1.56,-0.003753618804834889,0.004731690644049558,-2.4754590738362836e-13,-0.46094531606950806,0.05401929240134408,0.4662863245981708,3.0173401260478845,3.945292146927489e-05,1.000000069254532,18.185850801942326,1,-0.7122745433017198,-0.15172396224549647,0.7291888029263339,-2.937270453529809,-0.003632805596347097,1.0,2.61626366437159,1,-0.9534159618318861,-0.35413688471830707,1.0173949254074799,-2.7900170432481386,-0.000710507671569646,0.9999998024340024,0.9653880028589843,1,0.45656445259068956,-1.4006161594868876,1.4690274419512555,-1.2560187338959852,0.0004205317653037057,1.0,0.27646360655226276,1,3.131594407287399,3.949429566145858,5.042194820946462,0.9011212023265467,0.0144671648631576,1.0000000408679413,0.007878501130500936,0
1.58,-0.003753618804810015,0.0047316906440407975,-2.530718690163525e-13,-0.4503686960810357,-0.10848614234951444,0.46411588876255483,-2.9140819384167713,4.6164447321485145e-05,1.0000002194627218,17.243873150366305,1,-0.6679663723374316,-0.29130433255372445,0.7288530922643564,-2.736116154581374,-0.0034283363070650957,1.0,2.612267112360224,1,-0.9030600948918083,-0.466987717834833,1.0165080465960024,-2.668476604099704,-0.0008856205837788362,1.0000001174071642,0.9637478463051428,1,0.5525599637128851,-1.355907500431452,1.4599781047267142,-1.183974277711727,0.0004365970153799893,1.0,0.2812116044087528,1,3.088218764708043,3.986156386701552,5.044386765952209,0.9123930949860187,0.014537608728239665,1.0000001473351432,0.007869136673042397,0
1.6,-0.0037536188046634585,0.004731690644034545,-2.579238905786596e-13,-0.36880143763493034,-0.25427798952902175,0.4473111033250965,-2.5473513670865753,5.36888466936898e-05,1.0000003071403631,16.481643287469467,1,-0.5964339726985743,-0.4191962865031576,0.728314004229207,-2.5347191573252745,-0.0031318077277320885,1.0,2.6092546459196257,1,-0.8391163566354264,-0.5728817387786558,1.0153817647062786,-2.5466948749886575,-0.001088856392090023,1.0000000909662192,0.9626156978346205,1,0.6457605557178158,-1.3043410794636143,1.4511920053166625,-1.1110440062842146,0.000453161871615377,1.0,0.2860887825900209,1,3.044463414055271,4.022392345386111,5.046598002634033,0.9236551408380232,0.014614210948572412,0.9999998084243005,0.00785967749828421,0
1.62,-0.003753618804351112,0.00473169064403149,-2.605259757926248e-13,-0.22268793324463093,-0.355481121887602,0.417200383662989,-2.139156014900414,6.488611460937717e-05,1.0000002812690167,16.014613308416898,1,-0.5005305531844305,-0.5301647054455731,0.7275931625390621,-2.3329721993376595,-0.0027104189883893127,1.0,2.607346867743334,1,-0.762502564117212,-0.6702007899278887,1.0140322634199093,-2.4246153702679076,-0.0013086940412798903,0.9999998000001168,0.9620076887967729,1,0.7356341398318038,-1.2460582944493763,1.442719268362023,-1.0372409028946248,0.00047064033420642537,1.0,0.29107469480924886,1,3.000334235255807,4.058133630891425,5.048828243219799,0.9349072715213966,0.014699338813230801,1.0000000486269986,0.007850126356036213,0
1.6400000000000001,-0.003753618803975506,0.004731690644030609,-2.5974448286669727e-13,-0.02962248387758804,-0.37999440781670735,0.3774100836212111,-1.6544493252229209,7.696812876142866e-05,1.0000001569028707,16.013790233484706,1,-0.3841018636796139,-0.619626643973571,0.7267194288961644,-2.1307812638921697,-0.0021796835210675467,1.0,2.606622743931999,1,-0.6743267211061938,-0.7574390572451307,1.01247915103434,-2.302185325871941,-0.0015175836187540917,1.0000000906237705,0.9619336161348958,1,0.8216497369194649,-1.1812468353996932,1.4346099150213885,-0.9625843405037019,0.0004896458029975209,1.0,0.2961461300953294,1,2.955837143274605,4.093376508846884,5.0510771952392615,0.9461494208525909,0.014795968818661017,1.0000001418359197,0.007840485884612032,0
1.6600000000000001,-0.003753618803809587,0.00473169064403011,-2.5629151578776543e-13,0.16930235708501032,-0.2957699419427476,0.33641028664422357,-1.0501370910706753,8.517280116145637e-05,1.0000000064089118,16.724965711645652,1,-0.2518476987169714,-0.6838380052720485,0.7257279023382316,-1.928069248812078,-0.0015868608538270907,1.0,2.6071173390586733,1,-0.575875270567867,-0.833225053679474,1.0107452218758874,-2.179356498566846,-0.0016857048672362818,1.0000001177180906,0.9623975191041024,1,0.9032821416489328,-1.110142180111612,1.4269134230847207,-0.8871004085282123,0.0005112257196572888,1.0,0.3012770717289254,1,2.9109780869800344,4.1281173220363785,5.053344559775906,0.9573815249941068,0.014908020490918234,0.9999998062903666,0.00783075862656999,0
1.6800000000000002,-0.003753618803883912,0.004731690644029816,-2.5251155333361197e-13,0.2974955081933849,-0.09763847007250107,0.3099893361745929,-0.30696697621015234,8.815112123375202e-05,0.9999999173575492,18.266936155551086,1,-0.10914781934164565,-0.7200539282490044,0.7246586941002823,-1.724779237793852,-0.0009745657303939115,1.0,2.6088189892686677,1,-0.46859881799874653,-0.8963428989351564,1.0088561600825472,-2.056085914774345,-0.0017946941157815826,0.9999998024941456,0.9633971036191151,1,0.9800170009651544,-1.0330285580591654,1.4196782502048713,-0.8108221647390713,0.0005366420848384252,1.0,0.3064387206776859,1,2.86576304801064,4.162352490594915,5.055630026825091,0.9686035222101919,0.015038009875337842,1.0000000563090106,0.007820947043463786,0
1.7000000000000002,-0.0037536188038581513,0.004731690644031356,-2.491886905153784e-13,0.2784573942715209,0.14478664526702129,0.31391832179187673,0.49379483278053954,8.919336313272659e-05,0.9999999415665722,20.027191643374675,1,0.03814383320107848,-0.7266555867908809,0.7235554484115381,-1.52087720302954,-0.00038561050947367764,1.0,2.6116677854212695,1,-0.35409523406273863,-0.9457526165348034,1.0068402172087616,-1.932336569196648,-0.0018473967895807038,1.0000000616074456,0.964922906805073,1,1.051356241735095,-0.9502392869724253,1.412951330571198,-0.7337897914169763,0.0005653667355236432,1.0,0.31159960091427646,1,2.8201980396432687,4.196078512185297,5.057933272173754,0.9798153509994884,0.015179719283526225,1.0000001361119688,0.007811053527282688,0
1.72,-0.003753618803864333,0.00473169064403416,-2.4550587257587964e-13,0.1251937022511161,0.31880840287824574,0.3455184737287929,1.2064827346447151,8.966105547837902e-05,1.0000000649490763,20.97044280966612,1,0.18393098741885064,-0.703236239262422,0.7224636315478227,-1.3163539239738542,0.00013542355781097042,1.0,2.615556247794317,1,-0.2340900599318352,-0.9806090929094363,1.0047278530885282,-1.8080780879253275,-0.0018590474420586058,1.0000001415694377,0.9669578450933561,1,1.116823760056965,-0.8621563932846601,1.4067775443150912,-0.6560506311678802,0.0005947381284019269,1.0,0.31672575348358983,1,2.7742891056637236,4.229291962156995,5.060253969704757,0.991016948228907,0.015322897389962434,0.99999980446335,0.007801080404939265,0
1.74,-0.003753618804158398,0.004731690644036774,-2.431319034990054e-13,-0.07784605649073115,0.37497279180110143,0.38738203446646,1.7787343279226315,8.762922220972085e-05,1.0000002157104428,20.907055334137365,1,0.32212528678101476,-0.6506400200655709,0.7214286631557036,-1.1112259622385052,0.0005729958760301512,1.0,2.620332232048741,1,-0.1104141781905208,-1.000279284732459,1.0025513358875986,-1.6832873650665747,-0.0018354444434764087,0.999999809854637,0.9694770950813315,1,1.1759712635483577,-0.7692094409791776,1.401199156046077,-0.5776590968446625,0.0006238643565152855,1.0,0.321781015635831,1,2.728042319241935,4.2619894936872385,5.062591804002313,1.0022082513988924,0.015467117464280075,1.0000000639018058,0.007791029944755281,0
1.76,-0.003753618804550953,0.00473169064404021,-2.442299834592987e-13,-0.2622529908725528,0.3291479825940166,0.4254064948454072,2.2415507526644145,8.459368642198469e-05,1.0000003061246616,20.221674541604127,1,0.4469051937991939,-0.5709483102528053,0.7204939884375678,-0.9055355551995607,0.000930026736944999,1.0,2.6258039775400825,1,0.015021218359136829,-1.0043572102688016,1.0003443104152898,-1.5579491422457525,-0.0017774649995561185,1.0000000310731394,0.9724481435802128,1,1.228384137399655,-0.671873512402786,1.3962552549352611,-0.4986764524178558,0.0006534886559681592,1.0,0.3267273970923617,1,2.681463781810961,4.294167837901608,5.064946463065623,1.0133892008612821,0.015615994644320993,1.00000013017236,0.007780904369951201,0
1.78,-0.00375361880483532,0.004731690644046256,-2.486864880690831e-13,-0.3939857978807447,0.2146171954264766,0.45257369631345007,2.637136266269504,8.266796867682705e-05,1.0000002835809156,19.262066230131357,1,0.5529719728068775,-0.4674106539262084,0.7196991755972217,-0.6993493297363959,0.0012123385206971424,1.0,2.631747211160863,1,0.14025223594875447,-0.9926762194925374,0.9981413223332064,-1.432056497433058,-0.0016885939075049208,1.0000001619325734,0.9758309415790671,1,1.2736871881356275,-0.5706663081843657,1.3919812174938588,-0.41917044413142496,0.0006842174051902866,1.0,0.3315255503480888,1,2.634559621948204,4.3258238039750925,5.06731763079526,1.0245597393533663,0.015771040164769018,0.9999998029461455,0.007770705866764862,0
1.8,-0.0037536188049421696,0.0047316906440553474,-2.548950633896041e-13,-0.4589279106110093,0.06246068238873646,0.465972986151982,2.9981383887156245,8.214462379698914e-05,1.0000001611971074,18.241515024345677,1,0.6357898709962907,-0.3443200648273425,0.7190781287253624,-0.49275582016972075,0.0014293207366404684,1.0,2.6379141549885086,1,0.26329223410659947,-0.9653180132425654,0.9959772964507484,-1.3056112270153875,-0.0015748765913945874,0.9999998219002316,0.9795781651890186,1,1.3115501079195941,-0.4661443626107253,1.3884081978727911,-0.3392147762818648,0.000716154178531534,1.0,0.3361353236183613,1,2.587335994259662,4.356954279215796,5.069704986256625,1.0357198112049335,0.01593184101133935,1.0000000713933541,0.007760436586542737,0
1.82,-0.0037536188049348412,0.004731690644066314,-2.6150349247133775e-13,-0.45228081560342087,-0.10020625751467009,0.4646147289928191,-2.9334256009083437,8.244239229005502e-05,1.0000000101867275,17.292497505452097,1,0.6917971778181956,-0.20683601515910885,0.7186575153571512,-0.28586184924234925,0.0015962027396038115,1.0,2.644044138968783,1,0.3821637689402321,-0.9226178809432117,0.9938869784875604,-1.1786241004882838,-0.001443538103321957,0.9999999997732044,0.9836356073610149,1,1.3416924972537925,-0.3588984039885303,1.3855626593747976,-0.2588884382075272,0.0007490085035782448,1.0,0.34051639115236154,1,2.53979907826863,4.387556229132067,5.072108205006724,1.0468693619853726,0.016097065046889195,1.000000124026504,0.007750098646766856,0
1.84,-0.003753618804963327,0.004731690644077465,-2.6817697368342053e-13,-0.37447940872565966,-0.247591052323126,0.44858818948335494,-2.568137493936227,8.322833818441358e-05,0.9999999184206839,16.517676381352402,1,0.7185755101968846,-0.060762100126872304,0.7184555023115238,-0.07878791155771507,0.0017328547791342428,1.0,2.6498753454122363,1,0.49493203745875153,-0.865165655931725,0.9919043504059163,-1.0511149645232507,-0.0013018998589856888,1.0000001783057584,0.9879427251827984,1,1.363888285960303,-0.24954792435086992,1.3834659626478067,-0.17827489403237662,0.0007823086748162726,1.0,0.34462896606914456,1,2.4919550773097265,4.41762669748339,5.074526960461411,1.0580083384200416,0.016265092710358305,0.9999998017411572,0.007739694131866618,0
1.86,-0.003753618805052257,0.004731690644087852,-2.753674024913444e-13,-0.23156819587544444,-0.3520066654326838,0.4191389826130208,-2.1630088639449463,8.464429159285896e-05,0.9999999392964022,16.03073843218681,1,0.7149665542920094,0.08771109450692817,0.7184808788780711,0.12833721823173022,0.001859543804107087,1.0,2.6551570530019366,1,0.5997392014433205,-0.7938019516381137,0.9900620304731881,-0.9231126753917678,-0.0011566842151622132,0.9999998383341311,0.9924333625452165,1,1.3779694025798832,-0.13873505659806418,1.3821340225191712,-0.09746115169770536,0.0008156903105098251,1.0,0.34843458901417557,1,2.4438102174284118,4.44716280631511,5.076960924984868,1.0691366884566473,0.01643451469294659,1.0000000787717858,0.007729225093218588,0
1.8800000000000001,-0.003753618805045816,0.004731690644097765,-2.831450351958864e-13,-0.04028553202544802,-0.3815778087929968,0.37971707872138466,-1.6835556163128127,8.673320363198477e-05,1.0000000606665829,15.998599104068399,1,0.6811285201790056,0.2322844889227322,0.7187326238646309,0.33538236004086647,0.0019915096653419194,1.0,2.6596616351885216,1,0.6948388436534085,-0.709609342876987,0.9883906709112944,-0.7946548428806023,-0.001012839227092186,0.9999999684788583,0.9970366602643685,1,1.38382856255223,-0.027117887799512543,1.3815770431717305,-0.0165367320694964,0.0008491491858206863,1.0,0.3518969396162551,1,2.395370746286561,4.47616175597732,5.079409770487703,1.0802543614698914,0.016604767043765616,1.0000001176841382,0.00771869354829453,0
1.9000000000000001,-0.0037536188047562072,0.004731690644107539,-2.8970055521160276e-13,0.15997854072314402,-0.30386512092338436,0.3384418809397386,-1.0867736871779845,8.88398866123835e-05,1.0000002119075513,16.664509634511045,1,0.6185284677836689,0.3668350724543872,0.7191999437428664,0.5422199484225538,0.002134421784623559,1.0,2.6631955345624396,1,0.778629702040749,-0.6138982942459233,0.9869183678772825,-0.6657873747218257,-0.0008722304779101463,1.0000001902855644,1.0016781542396689,1,1.3814210751262643,0.08463663553272444,1.3817993414429388,0.06440743609152086,0.0008831487650735554,1.0,0.3549826017419568,1,2.3466429320749542,4.5046208251284074,5.081873167652174,1.091361308597748,0.016776736900815062,0.999999800850294,0.007708101479901605,0
1.9200000000000002,-0.003753618804311163,0.00473169064411473,-2.9233560017161153e-13,0.294402747806443,-0.11095736199537147,0.3107371354536729,-0.35027048752178574,9.060977106112722e-05,1.0000003050142234,18.167847935151098,1,0.5298710163106115,0.48569069215683114,0.7198627775152734,0.7487318472335401,0.0022786632667961583,1.0,2.665608497321355,1,0.8496877507096292,-0.5081878085038268,0.9856701017684576,-0.5365638181332226,-0.0007348759000549185,0.9999998587514108,1.006281038753089,1,1.3707656038295433,0.19586003281804115,1.3827992675441223,0.1452801627819942,0.0009182063610869544,1.0,0.3576617542233956,1,2.2976330624331007,4.532537370722655,5.0843507819528195,1.1024574828216107,0.016950842605053557,1.0000000860254101,0.007697450837187378,0
1.9400000000000002,-0.0037536188043419197,0.004731690644114755,-2.9263223788600357e-13,0.2841163382122108,0.13210404672503964,0.3128627723024231,0.4513267423689915,9.254571062380943e-05,1.00000028580908,19.94591762741391,1,0.41896824557627893,0.5838800855004765,0.7206927372255273,0.9548146261824262,0.002387271369907179,1.0,2.6668004962270047,1,0.9067956591362666,-0.3941809650088988,0.9846672304337639,-0.407044501524584,-0.0006059501708138761,0.9999999379611806,1.010767586173255,1,1.351943852769013,0.3058896556940495,1.3845692331804307,0.22599114915881194,0.0009532853521542755,1.0,0.35990878273086646,1,2.248347443376427,4.559908827981221,5.08684226935963,1.113542837492102,0.01711932811523727,1.0000001111553118,0.00768674353834059,0
1.9600000000000002,-0.0037536188047704424,0.0047316906441083,-2.956593303515831e-13,0.1361729453990132,0.31195296599970945,0.34336705384319377,1.1713299301840874,9.312016296633776e-05,1.0000001654673352,20.94794294800748,1,0.29055933663705913,0.6573453111282428,0.7216544333221646,1.160384026807586,0.0024143968688315567,1.0,2.666725917659969,1,0.9489686694106539,-0.27373572814629316,0.9839270460262024,-0.2772954806692774,-0.0004962014966748854,1.0000001975768138,1.0150607513580026,1,1.3250991903687883,0.41407590356469826,1.387095850532945,0.30645211861494376,0.0009860381270269769,1.0,0.3617028025980398,1,2.1987923982311197,4.586732710347263,5.089347286547631,1.1246173242375896,0.017269468417902153,0.9999998002749677,0.007675981471419467,0
1.9800000000000002,-0.0037536188049647617,0.004731690644100018,-3.017924452008991e-13,-0.06626345125898414,0.37448059517430515,0.3851073750200244,1.7507805200568176,8.693084743170411e-05,1.0000000140142309,20.930793192938538,1,0.15009128737734523,0.7031068305554331,0.7227071060083164,1.3653784224919248,0.002349889006613548,1.0,2.6653946382217306,1,0.9754759989804918,-0.1488316157400631,0.9834623940511348,-0.14738731435323715,-0.0004080209752054632,0.9999998826489978,1.0190857976174916,1,1.29043426059987,0.5197891045975885,1.3903601565639165,0.3865778967109027,0.0010158335805740893,1.0,0.3630280795492621,1,2.1489742665776728,4.613006609424905,5.091865505747127,1.135680894845071,0.01739914551615559,1.0000000931427344,0.007665166498565751,0
2.0,-0.003753618804894921,0.004731690644091601,-3.0837051662180315e-13,-0.252810725067468,0.3333811042150444,0.42357427793242375,2.218407283628054,7.871483431143934e-05,0.9999999195782902,20.268957898832173,1,0.003473651099001342,0.7193751107026098,0.723806462261148,1.5697611065755375,0.002203594592703188,1.0,2.662870551319801,1,0.9858569974107944,-0.021533019682541083,0.9832813831754281,-0.017393717239528678,-0.0003359619760010056,0.9999999089721142,1.022771931981446,1,1.248207668071007,0.6224258960403749,1.394337912008034,0.46628739425161625,0.0010431171027215024,1.0,0.3638743119424198,1,2.0988994032024455,4.638728194899057,5.094396609695072,1.1467335039604665,0.017512197424759717,1.000000104450369,0.007654300470059314,0
2.02,-0.003753618804822027,0.004731690644082549,-3.141714319254696e-13,-0.38789250333677555,0.2217575276254871,0.45143289802655406,2.6167236038057924,7.361606391047954e-05,0.9999999371105158,19.317738666068617,1,-0.14317937356247695,0.7056062961600631,0.7249066089240563,1.7735213584872733,0.002000700869680343,1.0,2.659267753614284,1,0.9799314506925083,0.10604986258689608,0.9833872065667151,0.11260988162590899,-0.000274001528295131,1.0000001999998536,1.026053930403863,1,1.19872985516644,0.72141496184274,1.3989999837091212,0.5455044706037928,0.0010680111550085904,1.0,0.36423676484184003,1,2.0485741770543053,4.663895214435907,5.096940283186061,1.1577751091029913,0.017611323121565964,0.9999998000160897,0.007643385235117681,0
2.04,-0.0037536188048192852,0.004731690644072914,-3.195351969131899e-13,-0.4566505768633881,0.07093282078797364,0.4656195756585838,2.978915652177651,7.114647214163089e-05,1.0000000564091418,18.296578486925956,1,-0.28380684220018115,0.6625028740278092,0.7259619998020389,1.9766743492195649,0.0017762622819898202,1.0,2.654744131556834,1,0.9578036375646646,0.23180140425160656,0.9837780730215858,0.24254783773527688,-0.0002179369455353747,0.999999909438065,1.0288736619010714,1,1.1423583120865668,0.8162220152346011,1.4043127946989147,0.6241586663304423,0.001090239615695445,1.0,0.3641162603538891,1,1.998004970205561,4.688505493567135,5.099496211025486,1.1688056700505194,0.01769789288859179,1.000000100112482,0.00763242264304105,0
2.06,-0.003753618804798752,0.004731690644063991,-3.249267174765258e-13,-0.45393099061807035,-0.09181664463254953,0.46507139008629916,-2.9527278758039732,6.942173883143323e-05,1.0000002080559032,17.340901217947675,1,-0.4126477548649525,0.5919629680364127,0.7269293119702012,2.179259967552845,0.001561843394271325,1.0,2.649493426071278,1,0.9198599803379992,0.3536410815373709,0.9844472473539299,0.3723457980798123,-0.00016536435624566625,0.9999998822259376,1.0311814476560428,1,1.0794922754864351,0.9063539478561441,1.4102388221595832,0.7021857926953118,0.0011093476866923867,1.0,0.3635190260681905,1,1.947198176818656,4.712556935560544,5.102064078380422,1.179825148572996,0.017772906489520873,1.0000000975799335,0.007621414538855137,0
2.08,-0.003753618804674937,0.004731690644057464,-3.2976052444233517e-13,-0.3799100695433021,-0.2407098272826726,0.44982436722396346,-2.588806500340541,6.745678862329014e-05,1.0000003038095906,16.553910070670018,1,-0.524467288270598,0.4969838418601964,0.7277691686344503,2.3813407016043717,0.00137726401642724,1.0,2.6437362739064234,1,0.8667603811793948,0.4695630023981449,0.9853831988832747,0.501932167848576,-0.00011566819918104409,1.0000001974949806,1.0329372016203868,1,1.010567078047991,0.9913621019541324,1.4167371275928948,0.779528371270563,0.001124896714621299,1.0,0.3624564113026707,1,1.8961602021203101,4.736047521278732,5.104643571284092,1.1908335084087172,0.017837562952228794,0.9999998000740701,0.00761036275674461,0
2.1,-0.003753618804377126,0.004731690644054135,-3.325248063013042e-13,-0.24024626361541435,-0.348239865021095,0.4210446802051052,-2.1866398211622324,6.569045271223481e-05,1.0000002879524217,16.04764753129554,1,-0.6147554136393838,0.38152636634574955,0.728447648860788,2.582998739817302,0.001228430746323112,1.0,2.6377106661457455,1,0.7994235770505161,0.5776733247035648,0.9865698527423586,0.6312394924048278,-7.049775783623231e-05,0.9999999384585413,1.0341113085095384,1,0.9360483097011844,1.070844655963899,1.4237639047820227,0.8561359239869033,0.0011366605818226593,1.0,0.36094448653245753,1,1.8448974613842146,4.758975309025916,5.107234376893477,1.2018307153642047,0.017893656204359575,1.0000001069236097,0.007599269113199568,0
2.12,-0.003753618803995866,0.00473169064405316,-3.3198357257679945e-13,-0.050857577021913264,-0.38276332726963674,0.3820134205850154,-1.7123002199470796,6.52989142500929e-05,1.0000001697114702,15.985044459915253,1,-0.6798927222985093,0.2503477052920937,0.7289375434676594,2.7843324593020373,0.0011107694828011445,1.0,2.6316622689344547,1,0.7190070653275002,0.6762245672608992,0.9879869345722634,0.7602057154186017,-3.299764421762302e-05,0.9999998583816655,1.0346852081815003,1,0.8564259424267822,1.1444481446413293,1.4312730318654592,0.9319651197976655,0.0011448554705339518,1.0,0.35900354580818433,1,1.7934163789233175,4.7813384343829854,5.109836183332873,1.2128167375252776,0.017944100728020086,1.0000000905548907,0.00758813540146561,0
2.14,-0.0037536188038119417,0.004731690644052736,-3.2863121945947427e-13,0.15051831014799957,-0.31151775812515037,0.3405096710877602,-1.1229476781840153,6.651860525316863e-05,1.0000000178895538,16.606406077863866,1,-0.7172799707909931,0.10880947779403977,0.7292193313869645,2.9854524604783723,0.001016151323829629,1.0,2.6258349672529846,1,0.6268823333811688,0.7636459742800087,0.9896103956215532,0.8887752809987636,-6.373533365794818e-06,1.0000001901239142,1.0346516711350462,1,0.7722085560566206,1.211868161249857,1.4392166145926641,1.006979788508555,0.0011503160886261851,1.0,0.3566575379544395,1,1.7417233870925475,4.803135110030644,5.112448678342906,1.2237915455991362,0.017993515221638032,0.9999998004488171,0.007576963388614521,0
2.16,-0.00375361880387731,0.004731690644052413,-3.2478100070454374e-13,0.2909038885566827,-0.12402355230793786,0.311577316788641,-0.39332100501567996,6.763412472528155e-05,0.9999999208298029,18.069570194087976,1,-0.7254291743043453,-0.03733163456565202,0.7292818615994068,-3.096708014837098,0.0009369629092979151,1.0,2.620461898880204,1,0.524606258824751,0.8385692852330022,0.9914129025545212,1.0169000547371665,5.0219021213534276e-06,0.9999999689953741,1.0340147670388282,1,0.6839177837583861,1.2728493100796245,1.4475455082790625,1.0811508145063609,0.0011539280907765627,1.0,0.3539334608715562,1,1.6898249253020787,4.82436362555946,5.115071544727395,1.2347551130939385,0.018046517234380645,1.000000113565326,0.007565754816191326,0
2.18,-0.003753618803864688,0.004731690644053811,-3.2147114831238e-13,0.2893870592369253,0.11930067005595751,0.3118969282274607,0.40861717785368445,6.808497558433662e-05,0.9999999350099799,19.86185236964813,1,-0.704015023652377,-0.1821442566366793,0.729122729983776,-2.8956563115780334,0.0008569539093286116,1.0,2.6157571664370436,1,0.4138896268345393,0.8998494720209556,0.9933643778081354,1.1445400440761488,-1.1594146601884765e-05,0.9999998380268109,1.0327895441875155,1,0.5920830743757537,1.3271844923577245,1.4562098102140297,1.1544559226335571,0.0011542496101835775,1.0,0.3508607586038156,1,1.6377274390407446,4.8450223472659895,5.117704454045064,1.2457074150260998,0.018099587138372796,1.0000000833863714,0.007554511403460077,0
2.2,-0.0037536188038599016,0.00473169064405665,-3.1781001441633094e-13,0.1470353213052717,0.3048169536919652,0.34125015827297434,1.1357623998849553,6.821911965324486e-05,1.0000000521788308,20.92204823955849,1,-0.653886046866948,-0.31974741587380134,0.7287483450914191,-2.694456741294216,0.0007538126347077732,1.0,2.611908361700632,1,0.2965637364239538,0.9465802185491696,0.9954325847548099,1.2716639139384407,-7.382167117894952e-05,1.0000001780682741,1.0310014417323794,1,0.4972368458664842,1.3747136178849721,1.4651593257859035,1.226879375616636,0.0011476879214353689,1.0,0.34747074912279213,1,1.5854373789091367,4.865109717935792,5.12034707354402,1.2566484254299848,0.018142268686542437,0.999999801139737,0.0075432348480206635,0
2.22,-0.0037536188041321266,0.004731690644059305,-3.1525910354490705e-13,-0.054588019479983284,0.3737604845611758,0.38282389719378707,1.722509339101471,6.441756223349006e-05,1.0000002041573781,20.9523821194219,1,-0.5770353990477257,-0.44453428056687344,0.7281736958490339,-2.4929938704265244,0.0006293427138018858,1.0,2.6090699981648116,1,0.17454604320965247,0.9781041207183869,0.997583738481829,1.398249315260527,-0.00018398934743660468,1.0000000002961487,1.0286854475531297,1,0.39991008148762125,1.4153218395234035,1.4743439962154623,1.298411615271075,0.0011329505201252688,1.0,0.343796083560918,1,1.532961199663127,4.8846242566143285,5.122999082051342,1.2675781184700783,0.018173942432885618,1.0000001200271076,0.007531926825441268,0
2.24,-0.0037536188045253563,0.004731690644062589,-3.161004444307558e-13,-0.24317488092509518,0.3374875539584861,0.42171170482263265,2.1950707190970564,5.737996655598576e-05,1.0000003025113506,20.315148167476593,1,-0.47653158734899664,-0.5513884043702688,0.7274218268431182,-2.291162196682879,0.0005042803217124835,1.0,2.6073579284148174,1,0.04980571981279613,0.9940177629957839,0.9997831109760765,1.5242830224909105,-0.0003335994707784133,0.9999998216629088,1.025885089317645,1,0.3006283997135071,1.4489374080693262,1.4837142632265423,1.3690488586296454,0.0011103793911182566,1.0,0.3398702258016783,1,1.4803053592686823,4.903564558364026,5.125660167272893,1.2784964711944284,0.018200644390203774,1.0000000760857335,0.007520588997501775,0
2.2600000000000002,-0.003753618804834519,0.004731690644068342,-3.204147017155101e-13,-0.3815644214198487,0.2288638458779764,0.45025225648297557,2.5962126758730175,5.123691708012353e-05,1.0000002900098954,19.372964794185904,1,-0.35640996970744043,-0.6358860915033291,0.7265230159939536,-2.088870257304585,0.00040062573469192106,1.0,2.606844848559234,1,-0.07567008727730097,0.9941719720930394,1.001995623778736,1.6497608803258503,-0.0005123342364188637,1.0000001616251066,1.0226513306967953,1,0.19990861063730236,1.4755292417546149,1.4932213824151928,1.4387926556059456,0.0010802117618198361,1.0,0.3357269421964155,1,1.4274763179661287,4.921929294005805,5.128330016843031,1.2894034637336744,0.018227040058492648,0.999999802145735,0.007509223021814506,0
2.2800000000000002,-0.003753618804956683,0.004731690644077161,-3.266761861020484e-13,-0.45412451249800073,0.07945116118936472,0.46522246427413966,2.9596681343306344,4.724420343573672e-05,1.0000001739274411,18.351606947873908,1,-0.22152663842161285,-0.6944781243659658,0.7255136694593306,-1.886044359923748,0.00033599547900290327,1.0,2.607557027787115,1,-0.19990864922625867,0.9786676635728293,1.0041864231241564,1.7746875885682942,-0.0007088724208686861,1.0000000315896267,1.0190413249166284,1,0.0982557568240393,1.4951042986857952,1.5028176967739266,1.5076494287861535,0.0010426968084071995,1.0,0.3313998118402169,1,1.3744805373424154,4.939717209846434,5.131008315401577,1.3002990785916608,0.018255767783689248,1.000000126298716,0.0074978305553825425,0
2.3000000000000003,-0.0037536188049496692,0.004731690644087991,-3.33437270849668e-13,-0.45533332758540185,-0.08330491350436452,0.465483670325825,-2.971987339296285,4.43706981785506e-05,1.0000000218108054,17.389593445204728,1,-0.07737741046219715,-0.7246437323633964,0.7244349585040771,-1.68263179360897,0.00032153811029205675,1.0,2.6094724297983056,1,-0.32098217001201956,0.9478477723758452,1.0063214269632892,1.8990763492356653,-0.0009114029442690419,0.999999809693159,1.015117116401647,1,-0.0038393754353081245,1.5077048311583485,1.5124568702422059,1.5756300100461365,0.0009983948625335187,1.0,0.3269217896860121,1,1.3213244794119177,4.956927127393666,5.133694744628695,1.311183300199503,0.01828836498706173,1.000000068664544,0.007486413254853035,0
2.3200000000000003,-0.0037536188049772613,0.004731690644099133,-3.4023391742854514e-13,-0.38510895290633756,-0.23362503803557655,0.45101878933717415,-2.609355719664427,4.125163653349941e-05,0.9999999221746114,16.59078431355948,1,0.07011386441345632,-0.7250095034582943,0.7233312306819563,-1.4786033643228693,0.00036065721116556606,1.0,2.6125204173510386,1,-0.4370360349509569,0.9022857943254976,1.0083678336038358,2.0229483971323643,-0.0011087565754464537,1.0000001411995643,1.0109443561987215,1,-0.10590229877480573,1.5134055899944268,1.52209408174991,1.6427491832386694,0.0009482437632380722,1.0,0.32232484114274146,1,1.2680146057065536,4.973557943060198,5.136388983791813,1.32205611471412,0.01832586357134273,0.9999998034652172,0.007474972775988924,0
2.3400000000000003,-0.003753618805061894,0.004731690644109546,-3.475067456015779e-13,-0.24873731385288256,-0.34417430399795995,0.42291737840994975,-2.2100484958825817,3.716153209784333e-05,0.9999999329958195,16.06570329465798,1,0.21483163507658853,-0.6954261476235762,0.7222482404568924,-1.273955096225481,0.00044930123217123426,1.0,2.6165832379298997,1,-0.5463145294079763,0.8427714727858445,1.01029458556366,2.146332436363175,-0.0012912413549339265,1.0000000621047502,1.0065910559707116,1,-0.2074764532829529,1.512311036548589,1.5316861818551342,1.709025240576488,0.0008935286645108384,1.0,0.31763964987007354,1,1.214557376375413,4.989608627856451,5.139090710274195,1.3329175099533737,0.01836921513969368,1.0000001323702148,0.0074635107727918345,0
2.3600000000000003,-0.003753618805067914,0.0047316906441194195,-3.5542402354593605e-13,-0.06135068659865807,-0.38354616083286114,0.38429882549086286,-1.7406868171569432,3.209708846276183e-05,1.0000000479777142,15.973409793794817,1,0.3507215281952417,-0.6369968065813807,0.7212312594073448,-1.0687089500769722,0.0005785226364077134,1.0,2.621499463585904,1,-0.6471838769843986,0.7702941455735977,1.012072785317612,2.2692640045410455,-0.0014508170455767816,0.9999998024124912,1.002126405512722,1,-0.3081244578619553,1.504552609906962,1.5411918147881485,1.7744795591579259,0.000835904165386747,1.0,0.31289539296743124,1,1.1609592492941878,5.005078227072527,5.141799599914828,1.3437674754591908,0.018419868994443655,1.0000000611345616,0.007452028896337853,0
2.38,-0.0037536188048121343,0.004731690644129203,-3.623325597890137e-13,0.14091490555290204,-0.31871878852572333,0.34261243464307417,-1.158660815884354,2.7128496299893572e-05,1.0000002002138786,16.550908502394037,1,0.47204963225694,-0.5520521145174028,0.7203231412988679,-0.8629124369438946,0.000738209084841339,1.0,2.627069479709452,1,-0.7381525409614573,0.6860242277269802,1.013676061519847,2.391784784725363,-0.00158077557500908,1.000000117294924,0.997619674210669,1,-0.40742902408034926,1.4902860872118795,1.5505715087677747,1.8391362028650227,0.0007775424272492905,1.0,0.30811957586033223,1,1.107226679184714,5.019965859949998,5.144515326451213,1.3546060027335405,0.018480520756301296,0.9999998050960931,0.007440528793698068,0
2.4,-0.003753618804348529,0.004731690644136843,-3.65449857875344e-13,0.2869871761812103,-0.13681547658040197,0.312509657287098,-0.43610415924903956,2.578605401598665e-05,1.0000003011201375,17.972455064600634,1,0.5736562817048364,-0.4440695113291468,0.7195624336157244,-0.6566370520477932,0.000915535275954724,1.0,2.63306289883463,1,-0.8178888072648596,0.5912932526842676,1.0150808847561963,2.5139418829990716,-0.0016758835670499842,1.000000091089639,0.9931392099291968,1,-0.5049935730718853,1.4696890661823232,1.5597877360835048,1.9030215532557309,0.0007209120606409588,1.0,0.3033379195618939,1,1.0533661167447024,5.034270719343203,5.147237557937337,1.3654330854482353,0.01855388872687974,1.000000138231984,0.007429012107686386,0
2.42,-0.003753618804304741,0.0047316906441376635,-3.6574562822799805e-13,0.2942389115367221,0.10639423986004484,0.311024037998286,0.3656725417028411,2.7045156727593705e-05,1.000000291980497,19.775243419466257,1,0.6511912869872838,-0.3175373333584159,0.7189816413822834,-0.4499755284220983,0.0010916263596432677,1.0,2.639227883020946,1,-0.8852357211135157,0.48757283357560477,1.0162668297798299,2.6357870838711697,-0.001739118130072711,0.999999800000298,0.9887515428518204,1,-0.6004425955121294,1.4429585909241414,1.568804943403402,1.9661639686328074,0.0006665303438736082,1.0,0.2985742938387362,1,0.9993840077875066,5.047992071370116,5.1499659501950426,1.3762487183656171,0.01863463050491512,1.0000000535077165,0.007417480477245424,0
2.44,-0.0037536188047270786,0.004731690644131606,-3.6831128424896775e-13,0.15774865604116656,0.2974012114943142,0.339170527694419,1.0997625231904873,2.8503256688508293e-05,1.0000001781131906,20.89280019970282,1,0.7013173183901823,-0.17776773022621697,0.7186057230361302,-0.2430379813217446,0.0012438849299288668,1.0,2.645302395431891,1,-0.9392234834572798,0.3764528428750566,1.01721678794678,2.757376084247947,-0.001785719324258967,1.0000000905001862,0.9845205965612248,1,-0.6934217931543195,1.4103089351358535,1.5775895649675566,2.028593467329364,0.0006118152354713257,1.0,0.29385069007037534,1,0.945286792391425,5.0611292550539755,5.152700151702222,1.3870528946277183,0.0187086114642655,0.9999998070357786,0.0074059355340519925,0
2.46,-0.0037536188049478243,0.004731690644123343,-3.7414515929867775e-13,-0.04284422126241552,0.37280694493086397,0.3805321893424063,1.6938996535037567,2.9263709278337385e-05,1.0000000257760717,20.971853478569418,1,0.7218690886698534,-0.03066615902824699,0.718450897962924,-0.035947078568269925,0.00136753210823237,1.0,2.6510259359256585,1,-0.9790794294289569,0.2596190472687967,1.0179171482927385,2.8787677183448714,-0.0018268187386612479,1.0000001178301177,0.9805070002018154,1,-0.7835980381740032,1.3719695509317338,1.5861100341845653,2.0903414460938197,0.0005557888606116244,1.0,0.2891872268557693,1,0.8910809040590303,5.073681681957764,5.155439821142378,1.3978456061670201,0.01877058637738117,1.0000001438747361,0.0073943788946683655,0
2.48,-0.0037536188048885697,0.004731690644114926,-3.8063649454578297e-13,-0.23336506802123477,0.34146133945599216,0.41981822765727334,2.1715243977178145,2.9336493135200367e-05,0.9999999236120595,20.36031278580682,1,0.7119581126493312,0.11753133337538521,0.7185238647306038,0.1711674911404359,0.0014780233424653312,1.0,2.656151700742798,1,-1.0042357117478908,0.13883037873256965,1.018357940609032,3.0000231959580574,-0.0018658800522979022,0.9999998025160147,0.976767490451056,1,-0.8706591838228331,1.3281831867020848,1.594336774864498,2.1514404394999875,0.0004997185682895587,1.0,0.28460218239230145,1,0.8367727688883103,5.085648835811536,5.158184628493235,1.4086268465484983,0.018823117246635115,1.0000000457960931,0.007382812158626031,0
2.5,-0.003753618804813454,0.0047316906441059094,-3.863550104843405e-13,-0.3750190564924409,0.2359302891117953,0.4490310361758494,2.5755911358164467,3.0092785250416532e-05,0.9999999310690175,19.427833096213273,1,0.6720160479481238,0.26053912443189325,0.7188214821828282,0.37817494782023175,0.0015916867341563036,1.0,2.66045844717459,1,-1.0143347994070009,0.015895974929412374,1.0185329292907017,3.1212053457427964,-0.0019060429809545838,1.0000000614755622,0.9733543944819583,1,-0.9543137567050131,1.279204173407886,1.6022421694918636,2.211923905974411,0.000444798979535507,1.0,0.2801120506991502,1,0.7823688047551506,5.097030272130912,5.160934247011534,1.4193966115583119,0.018868015074838117,0.9999998092812005,0.007371236910103028,0
2.52,-0.003753618804801861,0.0047316906440962704,-3.915747934235547e-13,-0.4513663056269975,0.08800935724623715,0.46478140733823997,2.9403861948402703,3.1686988806690554e-05,1.0000000438078425,18.4066931117516,1,0.6037736631657628,0.3923058068425793,0.7193309254869134,0.5849494148354686,0.0017160460076370984,1.0,2.6637611394166005,1,-1.0092328792043554,-0.10734791592386851,1.0184396672921818,-3.040807450399296,-0.001951221324202548,1.0000001416673119,0.9703151814457389,1,-1.0342905577363795,1.2252968753439861,1.6098005196173233,2.27182603758331,0.00039162287346677173,1.0,0.27573161868374196,1,0.7278754205058454,5.107825617827131,5.163688350376029,1.4301548986623558,0.01890534568194902,1.0000001492895307,0.007359654715142898,0
2.54,-0.0037536188047881665,0.004731690644087205,-3.968275361088125e-13,-0.4565039001801759,-0.07467855813884713,0.4658523723814491,-2.991212974008909,3.310743285649141e-05,1.0000001962273293,17.43865671857015,1,0.5101768637368788,0.5072849859867741,0.7200303032091919,0.7913756273607668,0.0018455346840390969,1.0,2.6659196890481933,1,-0.9890012179076362,-0.2290610972027958,1.0180795155088034,-2.919580786192844,-0.0020047303884649266,0.9999998098976554,0.9676920642710711,1,-1.1103381959025387,1.1667342989541012,1.6169880020690213,2.331181595549507,0.0003403858889958248,1.0,0.2714740571348583,1,0.6732990151601207,5.118034570810883,5.166446613055364,1.440901706658083,0.018934461708354465,1.00000003801191,0.0073480671159950415,0
2.56,-0.003753618804684826,0.004731690644080403,-4.016353222224822e-13,-0.3900916565448188,-0.22634598439358877,0.45217373273322164,-2.6297964697586202,3.387863618317671e-05,1.00000029963663,16.628354085116836,1,0.39524542018428105,0.6006784581487251,0.7208896943965545,0.9973540334709246,0.001961042105926197,1.0,2.6668452542634142,1,-0.9539255084427523,-0.3474225986493764,1.0174576279606513,-2.7982368308937158,-0.002068610241821553,1.0000000309362065,0.9655216460171904,1,-1.1822245760582695,1.1037968517526102,1.6237826214563977,2.3900257704465555,0.00029109375397813896,1.0,0.26735102007113976,1,0.6186459771258117,5.1276568995907805,5.169208711293841,1.4516370355880353,0.01895474819959425,0.9999998118288009,0.007336475626282677,0
2.58,-0.0037536188043991153,0.004731690644076804,-4.045383819595294e-13,-0.25705595608899845,-0.33982194846031877,0.4247609161232144,-2.2332532709231923,3.43931338373003e-05,1.0000002938632642,16.084905910583057,1,0.26388360660825727,0.6686395082733992,0.7218725399091867,1.2028050257581164,0.0020351929648242052,1.0,2.6665037641959666,1,-0.9045031865663865,-0.4606538106641878,1.0165829012465448,-2.6767138587885952,-0.002142938065392578,1.0000001620138832,0.9638346305312046,1,-1.2497363590657793,1.0367712422551734,1.6301641602269816,2.4483940648764166,0.00024370974888975795,1.0,0.2633727506436136,1,0.5639226834260159,5.136692442865701,5.171974324026081,1.4623608868131257,0.018966157424441844,1.0000001544677886,0.007324881728991989,0
2.6,-0.0037536188040198123,0.004731690644075721,-4.0424347896861335e-13,-0.07177641602594532,-0.3839415582079529,0.3865779886758071,-1.7687471516194282,3.535629919743674e-05,1.0000001822666758,15.963601544016678,1,0.12165450614701538,0.7084273037408904,0.722937305135057,1.4076721176509641,0.002043351886647189,1.0,2.6649165653236144,1,-0.8414386684643707,-0.5670415150016962,1.0154678857291939,-2.554952316230915,-0.0022254267256097728,0.9999998219633393,0.9626555681167,1,-1.312678409898455,0.9659495109273467,1.6361141277837026,2.5063221964897147,0.0001983188628545404,1.0,0.2595481915787415,1,0.5091354989392579,5.145141109110166,5.174743133521875,1.4730732632288972,0.018969858622972784,1.0000000301675,0.007313286878316628,0
2.62,-0.0037536188038173645,0.0047316906440753505,-4.010299037293663e-13,0.13116351064445786,-0.3254836442587861,0.3447538217926172,-1.193959805413584,3.7329566402633564e-05,1.0000000297834177,16.49782409241993,1,-0.025468909684413787,0.7185070278076151,0.7240393222493059,1.6119239614087089,0.0019767954268417086,1.0,2.6621583094328525,1,-0.7656364296760046,-0.6649607266730361,1.0141286584542324,-2.432895581358434,-0.0023114239063072406,0.9999999996345961,0.9620025840292071,1,-1.3708732470078475,0.8916281816734071,1.6416157100308426,2.5638460196522277,0.00015537946255900667,1.0,0.2558850975424326,1,0.4542907756527224,5.153002876151744,5.177514825126074,1.4837741696773574,0.018969101824145723,0.9999998146745437,0.007301692505613442,0
2.64,-0.0037536188038657463,0.004731690644075021,-3.971120307588727e-13,0.2826502242679667,-0.14934018321732168,0.31353546059761317,-0.4786677548816993,3.942634710754016e-05,0.9999999251414455,17.876337002353505,1,-0.17136266125514585,0.6985940395944855,0.7251327174048392,1.8155551835287118,0.0018487254466160608,1.0,2.65835238907383,1,-0.6781918216000177,-0.7528972262627127,1.0125846589127359,-2.3104907214641863,-0.0023952031364293507,1.0000001783685002,0.961887114789008,1,-1.4241605041773346,0.8141075232257884,1.6466537192964015,2.6210014647323874,0.00011578154320548023,1.0,0.25239014713939606,1,0.39939485192795593,5.160277790738639,5.180289083940546,1.4944636134320308,0.01896840217670381,1.0000001594013048,0.007290100028697656,0
2.66,-0.0037536188038731493,0.004731690644076284,-3.93796974196281e-13,0.2986608991341581,0.09337863482521527,0.3102438117056446,0.32244254710132814,4.066723833087497e-05,0.9999999292305145,19.685918593149797,1,-0.31000819109432926,0.6496435836339856,0.726172330514248,2.0185860776029325,0.0016766751042670083,1.0,2.6536643606976558,1,-0.5803795050352827,-0.829469616459131,1.0108584842187225,-2.187689241380755,-0.0024779109978230415,0.9999998384157729,0.962313672708508,1,-1.4723964142435502,0.7336909098387648,1.6512145403360203,2.6778244925129044,7.940804981725454e-05,1.0,0.2490690527806614,1,0.3444540517778169,5.16696596809682,5.183065587283535,1.5051416035757648,0.018965603859073366,1.0000000222752927,0.007278510862149792,0
2.68,-0.003753618803859329,0.004731690644079131,-3.9019048408972523e-13,0.1683043351004401,0.2896932202338998,0.3371248967265521,1.0632778255542914,4.263765527862954e-05,1.0000000396712505,20.86000577732839,1,-0.4357355236806883,0.5737901416195837,0.7271155497940817,2.2210612446753553,0.0014648960466859355,1.0,2.6482938672542136,1,-0.4736393760969801,-0.893450683283212,1.008975631713151,-2.064447819032933,-0.0025687052477291854,0.9999999683419898,0.9632796365613407,1,-1.5154533224525344,0.6506842708610657,1.6552860738812818,2.734351054764863,4.3816225942941774e-05,1.0,0.2459266669471752,1,0.2894746841528753,5.173067591477403,5.185844006143821,1.5158081483725947,0.018948975976496498,0.9999998178139197,0.0072669264223972395,0
2.7,-0.0037536188041024173,0.004731690644081842,-3.8746696823244164e-13,-0.03103496646191243,0.37161019225759756,0.37822721530275555,1.6649150014656027,4.527376895385869e-05,1.0000001921996755,20.98913967188227,1,-0.5434443274433817,0.4742423073762231,0.7279239985720454,2.423047330117587,0.0012301330936891994,1.0,2.6424655768556438,1,-0.35955987112435106,-0.9437877825962532,1.0069641916724146,-1.940729034937685,-0.0026666515710273907,1.0000001903281923,0.9647750741760159,1,-1.5532192358716996,0.5653956190337676,1.6588576988365935,2.7906170611543417,7.491446124776252e-06,1.0,0.2429670828543904,1,0.23446304223638234,5.178582911697273,5.1886240221122035,1.526463255094968,0.018914929120299417,1.000000164082263,0.007255348123477425,0
2.72,-0.003753618804500528,0.004731690644084995,-3.8803509017082405e-13,-0.22338355605324725,0.3452981906060282,0.4178894873828722,2.1477477180502924,4.842502056770325e-05,1.000000298061552,20.40449131345286,1,-0.6287961385857269,0.3551400923002518,0.72856500499508,2.624630024924077,0.0009985309486096605,1.0,2.6364196266802415,1,-0.239858565673891,-0.9796219095706237,1.0048545061401102,-1.816502074447484,-0.002762351035194054,0.9999998588495753,0.9667826060821849,1,-1.5855974142026508,0.47813464778383435,1.66192024628712,2.846658365351949,-2.9066745788094176e-05,1.0,0.2401937277331109,1,0.17942540274937435,5.1835122466752015,5.191405330682555,1.5371069328909182,0.018869019655780788,1.000000014347792,0.007243777373211569,0
2.74,-0.0037536188048335477,0.004731690644090462,-3.9220189596012034e-13,-0.36826079327689637,0.2429567277453293,0.44776670871163615,2.5548471235276917,5.390705326452693e-05,1.0000002956572787,19.482435075287356,1,-0.688372939493195,0.22138195356940474,0.729012808897484,2.825910475645631,0.0007834090149931923,1.0,2.6304020019176333,1,-0.11636003038519166,-1.0003050470597443,1.0026787820681602,-1.6917433741064438,-0.002847928647261588,0.9999999378294242,0.9692773231804753,1,-1.6125060062926764,0.38921238830935123,1.6644659666067239,2.902510762316946,-6.499475553075431e-05,1.0,0.23760944994677513,1,0.12436802526670684,5.187855980962592,5.194187632837339,1.547739193745784,0.018816775125748596,0.999999821241955,0.007232215573056432,0
2.7600000000000002,-0.003753618804966288,0.004731690644098998,-3.984946053692262e-13,-0.4483833127757924,0.09660996515337934,0.4642958590071645,2.9210606454650945,6.213670628866239e-05,1.0000001863858698,18.461945607276725,1,-0.7197989054448605,0.07842876493920586,0.7292494875233448,3.0270012566133393,0.0005839502306711586,1.0,2.6246551299362872,1,0.009029025506831302,-1.0054153329249298,1.0004706519421205,-1.5664372020337187,-0.0029183400843654605,1.0000001975982777,0.972226779284422,1,-1.633877735480588,0.2989409176918076,1.6664884975198764,2.9582099883685826,-9.960891662964319e-05,1.0,0.23521660443934905,1,0.06929715154325347,5.1916145652685675,5.196970630666693,1.5583600520538683,0.01876198800109389,1.0000001685032467,0.007220664115334601,0
2.7800000000000002,-0.0037536188049665776,0.004731690644109677,-4.05390998547972e-13,-0.4574533977056051,-0.065933435148559,0.4661785870751785,-3.010415828381268,7.165453840076177e-05,1.0000000338308876,17.488195979194636,1,-0.72182337700663,-0.0679083754753123,0.7292655897630024,-3.0551632572052965,0.0003941726405691778,1.0,2.619408806875798,1,0.13434720413749235,-0.9947695421653712,0.9982646876278781,-1.4405761558958399,-0.0029704113687116463,0.9999998827612661,0.9755910820058897,1,-1.6496596358067803,0.20763310943952207,1.6679828382140818,3.013791724584853,-0.00013239519356643783,1.0,0.23301714028957707,1,0.01421900485037838,5.1947885159812,5.199754026508769,1.5689695242327308,0.018707513295055194,1.0000000063975587,0.0072091243781593406,0
2.8000000000000003,-0.003753618804993936,0.004731690644120812,-4.123333618988312e-13,-0.39487227053418084,-0.2188681806644024,0.45329115796767194,-2.650145307461311,8.115697798732531e-05,0.9999999267620231,16.666702414526384,1,-0.6943639939481925,-0.21168999324106297,0.7290604726869592,-2.8540901594198775,0.00021026504212575127,1.0,2.6148719720907243,1,0.2576082368305648,-0.9684323532070305,0.9960958732240823,-1.3141615557221047,-0.003002304306651689,0.9999999088487164,0.9793231056603454,1,-1.6598128404941133,0.11560241774991326,1.6689453285386566,3.069291604056046,-0.000162977393210295,1.0,0.23101268642228806,1,-0.04086021067655542,5.197378414685824,5.202537523001942,1.579567628550782,0.018655883755854037,0.9999998249532182,0.0071975977211737865,0
2.8200000000000003,-0.0037536188050681834,0.004731690644131242,-4.1968685471349687e-13,-0.2652186978915918,-0.33517963920640326,0.42657684937507784,-2.2562787537832856,8.86238702625458e-05,0.9999999274812075,16.105301491561985,1,-0.6385095141596273,-0.3470735405006115,0.7286423220148427,-2.6528444256612174,3.1186250270249914e-05,1.0,2.6112258938571555,1,0.3768328220127611,-0.9267218653753716,0.9939990431468589,-1.1872037080074047,-0.0030129767383576833,1.0000001999996242,0.9833688493764534,1,-1.664312424199468,0.02316268683890033,1.6693736327235495,3.124745222713004,-0.00019106161554741994,1.0,0.22920462539670924,1,-0.09593431067912721,5.199384907679835,5.205320823265678,1.5901543850875783,0.018609725575087933,1.0000001726572507,0.007186085483258822,0
2.8400000000000003,-0.003753618805089077,0.004731690644141072,-4.277090834281516e-13,-0.08215032532573951,-0.3839485747995516,0.38885033613869635,-1.7965130295615896,9.248626290402393e-05,1.000000035569957,15.955631195728111,1,-0.5564822866122889,-0.4685360862392197,0.7280278514969422,-2.4513121958594626,-0.00014013504152865993,1.0,2.608617848426296,1,0.49008200357371406,-0.8702108622565166,0.9920082937495627,-1.059722018429503,-0.003001650966726272,0.9999999095616711,0.9876679612764772,1,-1.6631473006875033,-0.06937202272044665,1.669266728474601,-3.1029971541673294,-0.00021631396303961492,1.0,0.22759415165306388,1,-0.1509971312050846,5.200808705483813,5.208103631023476,1.6007298158147256,0.01857230262483033,0.9999999984371893,0.00717458898197437,0
2.8600000000000003,-0.00375361880486795,0.0047316906441508535,-4.3496022755773467e-13,0.1212542230064615,-0.3318089446150685,0.3469297916243143,-1.2288714122231674,9.386963872282222e-05,1.000000188132883,16.447208887041434,1,-0.4515607915773375,-0.5710882273549333,0.7272417043064487,-2.249390417861633,-0.00029272949715727415,1.0,2.607155414766373,1,0.5954914760200638,-0.7997233776108332,0.9901563792420157,-0.931744932820459,-0.0029669123816088447,0.9999998821139388,0.992154441868412,1,-1.6563201770801252,-0.16168759808250022,1.6686249027192384,-3.0475293476469076,-0.00023820147746794661,1.0,0.22618231985610276,1,-0.20604252932588202,5.201650582348905,5.210885650141284,1.6112939448669887,0.01854836570921702,0.9999998289418289,0.007163109514328068,0
2.8800000000000003,-0.003753618804389919,0.004731690644158882,-4.385866669842642e-13,0.27788159997106004,-0.1615810282011369,0.3146497074056245,-0.5210072433659946,9.567544693305935e-05,1.0000002963956724,17.78151991902963,1,-0.3279632214715992,-0.650472764207175,0.7263155699296475,-2.0469909054316804,-0.00040917747693243993,1.0,2.6069021066115723,1,0.6913060761929538,-0.7163262198818225,0.9884741065603014,-0.8033096902609856,-0.0029066413146613813,1.000000197473064,0.9967575230914706,1,-1.643847565025238,-0.2534700359371063,1.667449754377477,-2.9920010908909935,-0.0002561296229639082,1.0,0.22497008884047504,1,-0.2610643837425754,5.20191137575967,5.213666581493672,1.6218467989642265,0.01854369433303032,1.0000001765376938,0.007151648358964898,0
2.9000000000000004,-0.0037536188042746155,0.004731690644160484,-4.3894922419074334e-13,0.302621976679543,0.08027155968854018,0.3095555513436551,0.27894764485960577,9.825518597863275e-05,1.0000002973616648,19.594280182173424,1,-0.19069390499738448,-0.7033413031142841,0.7252870265741554,-1.84404398557621,-0.0004843307310184155,1.0,2.6078743784090435,1,0.7759136116460755,-0.6213152480433235,0.9869897485870834,-0.6744618768525432,-0.0028236525928137836,0.9999999385904393,1.0014027572784574,1,-1.6257598485543474,-0.34440560951605886,1.665744199634633,-2.9363767809800283,-0.00027073055293674896,1.0,0.2239583623678569,1,-0.3160565953802522,5.2015919859320965,5.216446114945783,1.6323884069366301,0.01855756605121216,0.9999999904792963,0.007140206780073351,0
2.92,-0.003753618804682368,0.004731690644154893,-4.410820667044568e-13,0.17866530362930894,0.2816934376080906,0.33511475450296735,1.0263135075578333,0.00010134169538294965,1.0000001904687623,20.823914721709798,1,-0.04535556635964737,-0.7274016068430499,0.7241981241115083,-1.6405015856430214,-0.0005355330976803927,1.0,2.6100400636219447,1,0.8478770943072029,-0.5161963580669918,0.9857284869209377,-0.5452547668768528,-0.002731165674759258,0.9999998582838253,1.0060133331319339,1,-1.6021014080431821,-0.4341810484498446,1.6635124719986676,-2.8806207707876363,-0.00028428839636975874,1.0,0.2231480260463289,1,-0.3710130879717811,5.20069337530671,5.219223927952919,1.6429187970017751,0.01857789380019784,0.9999998332014677,0.007128786030090287,0
2.94,-0.0037536188049270554,0.004731690644146672,-4.4659154846415916e-13,-0.019190815082767047,0.370161026921855,0.3759100720110491,1.6355557756387586,0.00010379770873580526,1.0000000379165064,21.004451861323698,1,0.1020680217436057,-0.7215283960705291,0.7230937409163484,-1.4363396200936982,-0.0005680646405950452,1.0,2.6133184373487466,1,0.9059644119817756,-0.40266133542052984,0.9847118865022683,-0.41574845525621645,-0.002638187501541052,1.00000019008085,1.0105114845471457,1,-1.572930799347392,-0.5224837392802031,1.660760133220158,-2.824697365989284,-0.0002977365921901488,1.0,0.22253997955852306,1,-0.4259278086316926,5.199216568037977,5.221999701922891,1.6534379957704595,0.018598449751090113,1.0000001801384275,0.007117387346817548,0
2.96,-0.003753618804882577,0.00473169064413823,-4.529779329409678e-13,-0.21325507983067926,0.34898574934046633,0.41592615590664517,2.1237421846150912,0.00010395931828229605,0.9999999284730015,20.447890319660626,1,0.24545254108639963,-0.6858306135169233,0.7220197783818775,-1.2315595169977047,-0.0005736073187131221,1.0,2.61758210286832,1,0.9491744774453102,-0.28255894384803815,0.9839574308389685,-0.2860088134392316,-0.002544318557724981,0.9999999691323144,1.0148200314500664,1,-1.5383209868518979,-0.6090019546372631,1.657494105987629,-2.768570821916019,-0.00031056046798356686,1.0,0.2221351629419973,1,-0.48079472841918797,5.197162649481779,5.224773128697588,1.663946030791796,0.01862224725441333,0.9999999825364884,0.007106011952019068,0
2.98,-0.0037536188048049595,0.004731690644129271,-4.586192536848444e-13,-0.3613101479292406,0.2499292881738357,0.44645953837912034,2.5339827036599147,0.00010276352789808448,0.9999999258219502,19.5369543315903,1,0.37878826327361986,-0.6216690862529315,0.7210212535806118,-1.026188719776257,-0.000550467113946089,1.0,2.6226608555939266,1,0.9767589540941469,-0.15786183048549063,0.9834781459283993,-0.15610628130874918,-0.0024475964239486893,0.99999983794554,1.0188640251038392,1,-1.498359628807285,-0.6934251193147168,1.653722706606053,-2.7122053377021786,-0.00032241356275429354,1.0,0.22193457635200955,1,-0.5356078428893167,5.19453276567946,5.227543903324587,1.674442931684506,0.018652244779948573,0.9999998377253854,0.007094661056190143,0
3.0,-0.0037536188047836484,0.004731690644119641,-4.636985240225044e-13,-0.4451919688438685,0.10523781056480772,0.4637650384410261,2.9016933355184604,0.00010178777249422934,1.0000000315059636,18.51750714790675,1,0.4964392723561403,-0.5316201933919684,0.7201403618760029,-0.8202800547958665,-0.0005054179003369723,1.0,2.6283476087687485,1,0.9882387745211991,-0.030630026576487966,0.9832823178973982,-0.02611451715270401,-0.0023466080550293175,1.0000001780051238,1.0225724185347873,1,-1.453149412783268,-0.7754441217296494,1.6494556752113716,-2.655565057257758,-0.00033336376163749313,1.0,0.22193929342116744,1,-0.590361172633354,5.191328122836751,5.2303117196231605,1.6849287297091105,0.018689140858840155,1.0000001834537466,0.007083335862622344,0
3.02,-0.0037536188047770204,0.004731690644110434,-4.688046825740422e-13,-0.45819298548976833,-0.057086103372424604,0.4664592403263891,-3.029593035032956,0.000101385206883809,1.0000001840289365,17.53831150106415,1,0.5933945619591767,-0.41938360345661385,0.7194146027388725,-0.6139099082333037,-0.00044818848610604075,1.0,2.6344063432856983,1,0.9834148354749856,0.09702800589883122,0.9833733111101698,0.10389105277079491,-0.0022405149934207696,1.000000000434757,1.0258797005627218,1,-1.4028084383952732,-0.8547516795783423,1.644704209814584,-2.598614079245203,-0.00034370543459752716,1.0,0.2221504680324588,1,-0.6450487638094187,5.187549986798849,5.23307626956809,1.6954034572719057,0.01873215621259649,0.9999999746213502,0.007072037567980703,0
3.04,-0.0037536188046909777,0.004731690644103369,-4.735691006008125e-13,-0.3994543286250953,-0.21120935246720504,0.4543644927059838,-2.6703940255364556,0.00010109988829487143,1.000000294639804,16.705914208705927,1,0.6654978097755013,-0.289635296168925,0.7188750688881269,-0.40717522074164136,-0.0003855847423804296,1.0,2.6405818798910983,1,0.96237246084764,0.22299570441330055,0.9837494944257149,0.2338347393303285,-0.0021286885690491703,0.9999998216002097,1.0287274323164333,1,-1.347470643698484,-0.9310427688626914,1.6394810052755784,-2.541316476161757,-0.00035380933673802176,1.0,0.2225693341113517,1,-0.6996646886634617,5.183199682523072,5.235837243931644,1.705867147639659,0.018779771648014643,0.9999998425064143,0.00706076736124173,0
3.06,-0.003753618804419646,0.0047316906440995,-4.76595325704654e-13,-0.2732181562503315,-0.33026444326891496,0.4283547248786672,-2.279103905312207,0.00010078546062644003,1.0000002989755907,16.127006737770888,1,0.7096426278760399,-0.14783068955112758,0.7185449972238057,-0.20018939153982196,-0.0003164336094906357,1.0,2.6466110906178177,1,0.9254794608288522,0.3451889630755234,0.984404278809811,0.3636421030996052,-0.002010253615327064,1.000000161543426,1.0310656265236218,1,-1.2872862707418649,-1.0040151258055743,1.6338002965588305,-2.4836363235428114,-0.00036399758224074213,1.0,0.2231971984827449,1,-0.7542030460404355,5.178278593549198,5.238594333268907,1.7163198348113153,0.018830287470295592,1.0000001864783987,0.007049526422357318,0
3.08,-0.003753618804045925,0.004731690644098279,-4.765424166386367e-13,-0.0924509675548971,-0.383577794373381,0.39110229677101876,-1.823939258084129,0.00010108393862341106,1.000000194513361,15.949711576492188,1,0.7239212591222279,3.3613188476660106e-05,0.7184386705044601,0.006922728318609669,-0.0002280077220039853,1.0,2.6522349921873594,1,0.873377864105961,0.46159575517598594,0.985326264581707,0.49324142725953857,-0.0018844004605397433,1.0000000317264877,1.0328539164852666,1,-1.2224223646439092,-1.0733698314771702,1.6276779055776747,-2.42553774085256,-0.0003743948259915128,1.0,0.22403542732043877,1,-0.8086579618856781,5.172788161468062,5.241347229019998,1.7267615535392489,0.018882517579142676,0.9999999667464227,0.007038315920816583,0
3.1,-0.0037536188038223475,0.004731690644097956,-4.734624151070399e-13,0.11122043814976108,-0.3376858697167335,0.3491262239372479,-1.2633079952207293,0.00010259580791581894,1.00000004203828,16.39948989895461,1,0.7077170740109695,0.14768761081690301,0.7185607402328332,0.21403049289239412,-9.512575964354327e-05,1.0,2.657211025575804,1,0.8069696430264336,0.5703137095230452,0.9864994917143693,0.6225651061946585,-0.0017500385523685441,0.9999998096505767,1.034062472001989,1,-1.1530632991984706,-1.1388119893082984,1.6211312913107183,-2.3669849457188996,-0.00038477189810960926,1.0,0.22508542504376608,1,-0.8630235897366532,5.166729885388912,5.244095624264798,1.7371923395810664,0.01893685262153957,0.9999998475369792,0.007027137013928453,0
3.12,-0.0037536188038534007,0.004731690644097644,-4.694664795801273e-13,0.2727043616808855,-0.17349683434224608,0.3158443781294019,-0.562975644964594,0.00010417028159170579,0.9999999302735456,17.688791459683724,1,0.6617346616828115,0.2888708620749174,0.7189060145717933,0.4210034451646828,0.00011352296382963319,1.0,2.661324748220365,1,0.7273969719308131,0.6695846363392982,0.9879037820523533,0.7515509095884285,-0.0016060248739084495,1.000000141101366,1.0346726292076365,1,-1.0794113206162328,-1.2000515060474677,1.6141796036513427,-2.3079423225086213,-0.00039479851912810153,1.0,0.22634860300319876,1,-0.9172941112050768,5.160105321405402,5.246839212123884,1.7476122302135952,0.0189953653304317,1.0000001892075912,0.007015990845014698,0
3.14,-0.003753618803882667,0.004731690644098762,-4.661332084210379e-13,0.3061040081970541,0.06712107110761746,0.3089647852724611,0.23534495321215043,0.00010450463401413868,0.9999999242535524,19.501095317731572,1,0.5879654621862542,0.41761491524244604,0.7194597244074464,0.6277172692767741,0.0004108936450171731,1.0,2.664400153993563,1,0.636017742088067,0.7578251540443883,0.9895151616777007,0.8801430869561282,-0.001456973999318546,1.0000000622364917,1.0346771969386854,1,-1.0016870994583582,-1.2568039868520735,1.6068437389552805,-2.2483745042594645,-0.0004057948626347427,1.0,0.2278263374391137,1,-0.9714637364495343,5.15291608206064,5.2495776787037265,1.7580212641168393,0.019055090195686623,0.9999999589241829,0.007004878542181958,0
3.16,-0.0037536188038578026,0.004731690644101607,-4.625813621039754e-13,0.18879393536138572,0.2734207523255268,0.333154132596046,0.9889680560840151,0.00010373821131339082,1.0000000274812535,20.784783197306467,1,0.48959128156165616,0.5285095572775232,0.7201982502563032,0.8340593636707556,0.0007660590212380036,1.0,2.6663077743352734,1,0.5343771921475667,0.8336527597456619,0.9913063594396868,1.0082932919928433,-0.0013118566056753642,0.9999998023910748,1.0340803487258157,1,-0.920130278859204,-1.3087917550628325,1.599146385292745,-2.188246470584792,-0.0004211792917014337,1.0,0.2295199174422019,1,-1.0255267046390963,5.145163835811471,5.25231069995483,1.7684194789224676,0.01910162879140296,0.9999998528091096,0.0069938012159442816,0
3.18,-0.003753618804073616,0.004731690644104389,-4.597025884955919e-13,-0.0073403735903347506,0.36845718196428123,0.3735953931680663,1.6058704043110015,9.856273628451426e-05,1.0000001798898388,21.017719614036537,1,0.37083215236090594,0.6169386521967055,0.7210902500045443,1.0399337361266805,0.001103058096955565,1.0,2.6669697305527302,1,0.42417659688875053,0.8959068993616163,0.9932473713880285,1.1359613283794088,-0.0011617025063129498,1.0000001171826274,1.0328969250429063,1,-0.8350000048237117,-1.355745006883046,1.5911120591154173,-2.127523675631141,-0.00044213807151136434,1.0,0.23143048283656764,1,-1.0794772844087348,5.1368503064932085,5.255037957438764,1.7788069097509478,0.019125396066995932,1.0000001916369998,0.006982759951058086,0
3.2,-0.0037536188044771895,0.004731690644107429,-4.600087671891018e-13,-0.20299459202684123,0.3525154268937161,0.41394006794802557,2.099527367308663,9.167218551021364e-05,1.000000292794804,20.49030794788417,1,0.23674836841561359,0.6792739027236081,0.7220980712735542,1.245264968495676,0.0013055279716603686,1.0,2.6663621322390036,1,0.3072399904398055,0.9436648068558728,0.9953060684373215,1.2631156934816115,-0.0009823402717873703,1.0000000912130151,1.0311512125388345,1,-0.7465754218692883,-1.3974031106361524,1.5827671549960198,-2.066172203456306,-0.0004675469245716179,1.0,0.23355895050398495,1,-1.133309774305718,5.127977272787522,5.25775914816287,1.7891835916430525,0.019127428958008282,0.9999999511670248,0.006971755798029729,0
3.22,-0.003753618804826996,0.0047316906441126185,-4.640064374394903e-13,-0.35417180202123505,0.25684007888645394,0.44511742745558336,2.51300191598216,8.570861201521224e-05,1.000000300498269,19.591154340253023,1,0.09300880743993296,0.713018248676852,0.7231793560733599,1.4500011662029666,0.0012828126070764737,1.0,2.664515022001548,1,0.18547988086558007,0.9762520749453294,0.9974488368962837,1.3897338823873888,-0.000762834989326515,0.9999998000005752,1.0288759350617456,1,-0.6551561146515918,-1.4335160594146488,1.5741399953614497,-2.004158940642515,-0.0004963669395639114,1.0,0.23590592735319107,1,-1.1870185032248763,5.118546567692666,5.26047397893052,1.799549561160951,0.019110294564120667,0.9999998583144523,0.006960789772372809,0
3.24,-0.0037536188049744667,0.00473169064412086,-4.703008815720722e-13,-0.44179066335389083,0.11388775262883598,0.46319309892794475,2.88228133263008,8.142100908173426e-05,1.0000001985176916,18.573162792462405,1,-0.054361211745216693,0.7168943455450929,0.7242888377181116,1.654115872149053,0.0010444217969648485,1.0,2.6615111098549202,1,0.060862841046595305,0.9932480839288635,0.9996412100375833,1.5158024544496214,-0.000524887765534143,1.0000000903765585,1.0261123223910043,1,-0.5610624733815771,-1.463846084537769,1.5652608665114665,-1.941451773306117,-0.0005279822341330107,1.0,0.2384716092000031,1,-1.2405978308320664,5.108560077993403,5.263182161685608,1.809904856313719,0.01907534090007185,1.0000001937627756,0.006949862858284712,0
3.2600000000000002,-0.0037536188049870096,0.004731690644131372,-4.77343858884538e-13,-0.4587178373428909,-0.04813900298726469,0.4666959522677135,-3.0487495578385064,7.83598512563399e-05,1.000000046194197,17.588837529269025,1,-0.19923932535499392,0.6908771395947317,0.725380306791701,1.8576088309785397,0.0006767409792311353,1.0,2.6574825471555537,1,-0.06462426048147654,0.9944865657516435,1.0018484346558572,1.6413169167154638,-0.00030863726451726704,1.0000001179420883,1.022910258192406,1,-0.4646359577805164,-1.4881694352172723,1.5561620423590374,-1.8780198139411266,-0.0005619244901829839,1.0,0.24125566514789223,1,-1.2940421479762168,5.098019743729993,5.265883412508521,1.820249516281254,0.019023311185272253,0.9999999434872388,0.006938976013709087,0
3.2800000000000002,-0.003753618805008122,0.004731690644142481,-4.844328063691172e-13,-0.40383171257404,-0.20336988162759026,0.4553943157922689,-2.6905483405558845,7.526204911086774e-05,0.9999999321627767,16.745865893769828,1,-0.33566060228238986,0.6361726494382562,0.7264086145722735,2.060505524514378,0.00026566383952568174,1.0,2.652603963256418,1,-0.18900674530547573,0.9800517268352037,1.0040359814432054,1.7662814934905247,-0.000145391397460242,0.9999998025379788,1.01932696237869,1,-0.36623923116190416,-1.5062783271528777,1.5468777957590947,-1.8138336592502735,-0.000597695195711703,1.0,0.244257107021287,1,-1.347345877090057,5.086927557665817,5.268577451871561,1.83058358131019,0.018955006393605135,0.9999998640442843,0.006928130177354547,0
3.3000000000000003,-0.003753618805073822,0.004731690644152929,-4.918721679958438e-13,-0.28104743993163056,-0.32507538194869096,0.43009493101358354,-2.301736683861738,7.112789726444329e-05,0.9999999227767795,16.14991220017871,1,-0.45805667705397735,0.5551474855503991,0.7273315505261482,2.2628555903319936,-0.000134086208840211,1.0,2.6470830706653805,1,-0.3103527880652724,0.9502704355471546,1.0061700388286174,1.8907088002428725,-4.8036082603608875e-05,1.0000000613436493,1.0154249054621964,1,-0.2662561331008756,-1.517983059336598,1.5374443947844803,-1.7488656795650594,-0.000634661924717088,1.0,0.24747414349627592,1,-1.400503472579733,5.075285564752321,5.271264005149245,1.8409070927463282,0.018871738495374504,1.00000019558155,0.006917326277290155,0
3.3200000000000003,-0.0037536188051116174,0.004731690644162736,-5.00009755821651e-13,-0.10266926340867488,-0.38282691499790417,0.39333396916894614,-1.8510381577687542,6.631134296776668e-05,1.0000000234977908,15.945718287789354,1,-0.5614711737202969,0.451215290779983,0.7281115075182781,2.464730341242572,-0.0004906903636173233,1.0,2.641150726368916,1,-0.42680184373842905,0.9057009979391007,1.0082179963084184,2.0146194139318645,-1.4938523049005542e-05,1.000000141765118,1.011270041565321,1,-0.1650914561990872,-1.523114294037138,1.527900080665259,-1.6830903402801198,-0.0006719289190040878,1.0,0.2509040187610336,1,-1.4535094212042337,5.063095861590975,5.273942803157914,1.8512200931896574,0.01877587334283468,0.9999999358969929,0.006906565238916695,0
3.3400000000000003,-0.00375361880491905,0.004731690644172493,-5.075792217090758e-13,0.10107617075845875,-0.34310697187716077,0.3513422704582284,-1.2972832046927698,6.273015578868835e-05,1.0000001757176098,16.354536344938772,1,-0.6417451277608371,0.3286871659885359,0.7287169043006562,2.66621958180933,-0.0007845885578883051,1.0,2.635051079831618,1,-0.5365905627727229,0.847119044783837,1.0101489012513445,2.138041346576492,-3.486430344947888e-05,0.9999998099407651,1.0069304714555967,1,-0.06317048989500929,-1.5215254896460784,1.518285024211628,-1.616484555296036,-0.0007081048913151833,1.0,0.2545428367812501,1,-1.5063582424458648,5.050360595892529,5.276613582381579,1.861522626851264,0.018671753318942542,0.9999998699895275,0.006895847990065404,0
3.3600000000000003,-0.00375361880443578,0.004731690644180837,-5.117174045610184e-13,0.26713160320604484,-0.185065431424051,0.31711875585859817,-0.6045732434922264,6.212360840327451e-05,1.0000002908615724,17.598129920451264,1,-0.6956679893979063,0.19259340208600498,0.7291233447636236,2.8674278829916378,-0.0010057915195627615,1.0,2.629031936292326,1,-0.6380760355656234,0.7755010393056802,1.0119338752722176,2.261009441944343,-9.07649367016117e-05,1.000000030799259,1.0024753240766642,1,0.03906170769606569,-1.5130954695798922,1.5086412584307147,-1.5490280714268843,-0.0007413162162380599,1.0,0.2583853753103929,1,-1.5590444888725992,5.0370819659341475,5.279276083083774,1.8718147401978475,0.018565965798315827,1.000000197090442,0.006885175462632132,0
3.3800000000000003,-0.0037536188042548396,0.004731690644183227,-5.122282806246936e-13,0.3091014583255367,0.05395537966544706,0.3084740851034922,0.19163495805318315,6.333723172816099e-05,1.0000003019289563,19.40634161071706,1,-0.7210913361799003,0.04848368213384128,0.7293144918050155,3.0684704585740055,-0.001163484463693978,1.0,2.6233354869040997,1,-0.7297563031501235,0.6920058817106566,1.0135464808838868,2.383564714665232,-0.00016830123268284328,1.000000162095115,0.997973742070287,1,0.14114135028317237,-1.497731102862331,1.4990125855645626,-1.4807038788412041,-0.0007710436072467072,1.0,0.26242489098303773,1,-1.6115627464927846,5.02326222001566,5.281930041608043,1.8820964821599084,0.01846121960276769,0.9999999284083132,0.006874548592227078,0
3.4000000000000004,-0.003753618804635052,0.004731690644178162,-5.139525957598146e-13,0.19867634323140831,0.26489085172852556,0.33124544882400636,0.9512167478642768,6.449543762946164e-05,1.0000002024798,20.742377871165683,1,-0.7170035828597222,-0.09778744876498723,0.7292826367624269,-3.0137165406569344,-0.0012938396263748298,1.0,2.6181895928161456,1,-0.8102881458571961,0.5979550368059107,1.014963037439904,2.505753640590393,-0.0002655600504706313,0.9999998220265324,0.9934939472740528,1,0.24258731675290643,-1.4753700640053737,1.4894444474292536,-1.4114986386469721,-0.0007999313724577475,1.0,0.2666529132019647,1,-1.6639076351025177,5.0089036559155895,5.284575183949326,1.8923679019541204,0.0183484599926634,0.9999998761407618,0.006863968316329498,0
3.4200000000000004,-0.003753618804903407,0.004731690644169994,-5.191177349095355e-13,0.004505234967645212,0.3665087041714135,0.3712821308115657,1.5758306495036347,6.572322330747076e-05,1.000000050382229,21.02869943069673,1,-0.6835647825149742,-0.24028344083339653,0.7290289654546666,-2.812639360012661,-0.0014287732789795388,1.0,2.613799782583101,1,-0.8785022167795793,0.49481155152911416,1.0161629017651554,2.627627414621544,-0.0003803808272037926,0.999999999495988,0.9891023883508624,1,0.3429029360362971,-1.4459836307107075,1.4799837439155512,-1.3414031314523576,-0.0008294371567873965,1.0,0.2710590347627338,1,-1.7160738086264382,4.994008620347837,5.2872112386076955,1.9026290470798009,0.018221353454469624,1.0000001982870603,0.0068534355672121095,0
3.44,-0.0037536188048786488,0.004731690644161547,-5.253896276369296e-13,-0.19261361032417348,0.35589698442653,0.4119279547594458,2.0750858857688597,6.65730799730692e-05,0.9999999341397728,20.53158002338911,1,-0.6221011575795853,-0.3732107988025997,0.7285635228033905,-2.611363076883007,-0.0015802349493064928,1.0,2.610342073123012,1,-0.9334156228561264,0.38415826663750013,1.0171287086456542,2.7492412055125373,-0.0005027426068539658,1.0000001784311565,0.984862972773898,1,0.4415781987084945,-1.4095794674849047,1.4706786166858277,-1.2704127281191118,-0.0008581942133978899,1.0,0.27563070861934674,1,-1.7680559554519855,4.978579508421895,5.289837947944995,1.9128799653263633,0.01808407165714545,0.999999921033065,0.006842951262715654,0
3.46,-0.003753618804796712,0.004731690644152641,-5.309537531861253e-13,-0.3468605976417408,0.2636980194304134,0.4437369839343202,2.4918986534194962,6.693081033665142e-05,0.9999999213923524,19.644933865515043,1,-0.5350594148354725,-0.4911402985993387,0.7279048633781526,-2.4097748845110805,-0.0017514030693318724,1.0,2.607956712221106,1,-0.9742420744146596,0.2676754655046544,1.0178465571446362,2.8706534062708293,-0.0006230797578521958,0.9999998384974924,0.9808363849094335,1,0.5380924250858551,-1.3662043328596054,1.46157820237327,-1.1985278595090698,-0.0008846003753910538,1.0,0.280353056052986,1,-1.8198487987553205,4.962618763106731,5.292455063167776,1.9231207065406764,0.01794251225120534,0.9999998824882413,0.006832516303083596,0
3.48,-0.003753618804765407,0.004731690644143011,-5.359020519013491e-13,-0.4381980278000277,0.12256652795945336,0.4625780390559327,2.8628260426095835,6.722360990541642e-05,1.0000000195575198,18.628841463504134,1,-0.4259213337182487,-0.5892181769422866,0.7270793932020058,-2.2077737319168245,-0.0019394506459821377,1.0,2.6067429503550197,1,-1.0003997259985844,0.14711814634083278,1.0183061521326535,2.9919248759517263,-0.000735737698492087,0.9999999682051364,0.9770794834793375,1,0.6319174113734207,-1.315946637888122,1.4527323390898994,-1.1257544714332344,-0.0009076186362182788,1.0,0.28520869381168396,1,-1.8714470968181267,4.946128874696151,5.295062338630126,1.9333513226281234,0.017800930944764662,1.000000199169509,0.006822131571582876,0
3.5,-0.0037536188047657265,0.004731690644133688,-5.408616263191668e-13,-0.4590498573860062,-0.03908827259513519,0.46688889772235714,-3.067881057862193,6.736291288598407e-05,1.0000001715142857,17.639704842543026,1,-0.29907972013971956,-0.6633607880547121,0.7261204171632348,-2.0052743546689737,-0.002134938236616924,1.0,2.6067549642881795,1,-1.0115168202779274,0.024293055665189352,1.01850090808462,3.1131181790629974,-0.000838111295168343,1.000000190370729,0.973644768825421,1,0.7225210643411382,-1.2589387741418723,1.4441912234923118,-1.052104455824915,-0.0009266070427516592,1.0,0.2901775904484954,1,-1.9228456433360832,4.929112380275371,5.297659529813564,1.9435718671924977,0.017662313816267147,0.9999999137829337,0.006811797934351133,0
3.52,-0.003753618804695175,0.004731690644126377,-5.4555578804516e-13,-0.40802905925736677,-0.1953491480260445,0.45638320409972327,-2.7106058968541147,6.658577545336042e-05,1.0000002888410529,16.786468381788723,1,-0.15967771181986912,-0.7104258208630951,0.7250669090132228,-1.802210864764965,-0.0023231322955924363,1.0,2.6079990843248617,1,-1.0074352247977632,-0.09896441752275177,1.0184280158379866,-3.0488884821970244,-0.0009292390338167843,0.9999998589478076,0.9705799367715466,1,0.8093715210471722,-1.195359121359338,1.4360050210073467,-0.9775960437933137,-0.0009411413373800577,1.0,0.29523696314494463,1,-1.9740392677195484,4.911571863189428,5.300246392884924,1.9537823952928135,0.017528964293455726,0.999999889021909,0.006801516239184523,0
3.54,-0.003753618804439215,0.004731690644122212,-5.48699974345368e-13,-0.28873342496903637,-0.31961577117054707,0.4318022297511527,-2.324182681218925,6.34357199120814e-05,1.0000003032669547,16.173883857183952,1,-0.01341468372576427,-0.7283528434814274,0.7239620294096295,-1.59853974784304,-0.00248683913830351,1.0,2.610432510647687,1,-0.9882119209175935,-0.2208134156356665,1.0180884708619682,-2.9276607996261634,-0.0010095253107287798,0.9999999376976976,0.9679275164018057,1,0.8919417333386043,-1.1254336391163873,1.428223431959779,-0.9022541434366946,-0.0009509084637704478,1.0,0.3003612267651051,1,-2.0250228353862774,4.893509952513408,5.302822684754187,1.9639829633163852,0.017402913279514914,1.0000001997363903,0.0067912873144700256,0
3.56,-0.003753618804072236,0.004731690644120842,-5.488751814164416e-13,-0.11283281260481975,-0.3817043901635219,0.39555135965861765,-1.8778307133359629,5.697251830663917e-05,1.0000002063977529,15.943434167067403,1,0.13367635423017019,-0.7162658806618835,0.7228514298009061,-1.3942421068042081,-0.0026096853248610886,1.0,2.6139637231656327,1,-0.9541184713549926,-0.3394307996696787,1.0174870632641575,-2.806320961411352,-0.0010798670963423833,1.0000001976196466,0.9657245269669325,1,0.9697144775520601,-1.0494369442846987,1.420895217409984,-0.8261106043356954,-0.0009556009577365278,1.0,0.30552200664767837,1,-2.0757912480461846,4.874929322524926,5.305388163386819,1.974173628959663,0.01728642172987,0.9999999066694066,0.006781111968881601,0
3.58,-0.0037536188038296498,0.004731690644120566,-5.459495702742068e-13,0.09079699437402428,-0.34808508989737164,0.35358309709618935,-1.3308377566608152,5.004118539018956e-05,1.0000000546003325,16.31202573873953,1,0.27547302219792225,-0.6745311385291141,0.721781395265482,-1.1893249911730366,-0.002680487191734265,1.0,2.618454745464518,1,-0.90563845809722,-0.4530342969595367,1.0166323319036226,-2.6848071823822415,-0.0011399243485933816,0.9999998828735908,0.964002146389998,1,1.0421877286259675,-0.9676927775192662,1.4140676904513587,-0.7492043906572066,-0.0009547500382391196,1.0,0.3106882249995836,1,-2.126339443978047,4.855832692178708,5.3079425881151145,1.9843544514005678,0.017182896885338788,0.9999998957314126,0.006770990991870058,0
3.6,-0.0037536188038419394,0.004731690644120279,-5.419146034690847e-13,0.26114202639943934,-0.19629690303986322,0.3184753140244363,-0.6458487920719775,4.851769679610022e-05,0.9999999362035693,17.509212669232348,1,0.40602055493044825,-0.6047640542966289,0.7207968998882455,-0.983821670164067,-0.0026954567907007403,1.0,2.6237253114986343,1,-0.8434628460015517,-0.5599055466468548,1.0155364834267813,-2.5630597707223477,-0.0011884065404951338,0.9999999087253622,0.9627854140701799,1,1.1088803156684603,-0.8805737684328253,1.4077861819134687,-0.6715816459739755,-0.0009476706484880718,1.0,0.3158262668622439,1,-2.176662398297945,4.836222824582823,5.310485718355303,1.9945254917990394,0.017097452685352225,1.0000001999868058,0.006760925155039772,0
3.62,-0.0037536188038893538,0.004731690644121262,-5.385457704787378e-13,0.31158503297473994,0.04076433431278345,0.3080840665400384,0.14776720090541598,4.919331473545237e-05,0.9999999201009464,19.309734513082777,1,0.5197905631284429,-0.50978168111071,0.7199396599789359,-0.7777907565543637,-0.00265426329202183,1.0,2.6295594352972707,1,-0.7684831948472299,-0.6584129584929098,1.014215273578902,-2.4410218849758794,-0.0012290528546465315,1.000000199999299,0.9620929610158488,1,1.1693377539445728,-0.788500421244672,1.4020934952134838,-0.5932956338861494,-0.0009346205100336899,1.0,0.3209002306874249,1,-2.2267551232194056,4.8161025264764294,5.313017306608574,2.004686813583252,0.017031690859666833,0.9999998997037545,0.00675091521517476,0
3.64,-0.0037536188038582944,0.004731690644124093,-5.350390269720506e-13,0.208283522300402,0.25608244135393377,0.32938663929836287,0.9130021530191422,5.0591749219128426e-05,1.0000000156623632,20.696378753834775,1,0.6119290586758107,-0.39349902218807714,0.7192462604799568,-0.5713141140485086,-0.0025821393278454385,1.0,2.635714074717244,1,-0.6817826172212648,-0.7470342673002939,1.0126878407762612,-2.318640287708049,-0.001274439935146874,0.9999999096853205,0.9619367582638836,1,1.223138127049657,-0.691939260426725,1.397029364115831,-0.5144065352702476,-0.0009186165774295302,1.0,0.3258722783328618,1,-2.2766126683053383,4.795474647708274,5.315537090391859,2.0148384804407193,0.0169750017805275,0.9999999026061215,0.0067409619186322755,0
3.66,-0.003753618804048098,0.004731690644126947,-5.320379553586108e-13,0.01632544567641518,0.3642920039136402,0.368966325844714,1.5453901611525551,5.382740382740778e-05,1.0000001672819177,21.037188359393816,1,0.6784804268149272,-0.26077122956139254,0.7187464594409796,-0.3644935515576566,-0.0025074612000157573,1.0,2.6419291021221833,1,-0.5846243629944394,-0.8243786209188045,1.0109764922290976,-2.1958661070006533,-0.0013304303842242263,0.9999998820019965,0.9623218843668839,1,1.2698978751438008,-0.5914000987088098,1.3926299089196468,-0.4349810920905632,-0.0009026899856070282,1.0,0.33070309184301,1,-2.326230120712645,4.774342080715366,5.318044803085426,2.0249805537435384,0.016917156540335397,1.0000001999203587,0.006731066002128852,0
3.68,-0.003753618804450792,0.0047316906441298955,-5.320752519133443e-13,-0.18212828354538496,0.3591100462757083,0.40988627707914815,2.0503852206636046,5.641860915780137e-05,1.0000002867342312,20.57162321516293,1,0.7165742320483538,-0.11718726292396626,0.7184617816366355,-0.15744645545600808,-0.002437139018718817,1.0,2.6479388661360916,1,-0.4784379063249683,-0.8892079867055004,1.0091064590402172,-2.0726555935854076,-0.001392632938937149,1.0000001974510524,0.963246313973738,1,1.3092773322868085,-0.4874324182581776,1.388927105664741,-0.3550921106349062,-0.0008876071420725974,1.0,0.33535244834534916,1,-2.3756026054307724,4.752707760004027,5.32054018789353,2.0351130939677926,0.016857971694564603,0.9999998928970139,0.006721228189523674,0
3.7,-0.0037536188048173918,0.004731690644134815,-5.358708268787815e-13,-0.33939153401666083,0.2704854841019339,0.44231598937159505,2.4706481553972224,5.6921526772923255e-05,1.0000003045116108,19.69827114728289,1,0.7245631736266228,0.031175728690365917,0.7184044932909655,0.04969944483702535,-0.0023691932965010415,1.0,2.6534845660236326,1,-0.36480242128537366,-0.9404576020664868,1.0071056088566797,-1.9489708488359878,-0.0014559619790099592,0.999999938722367,0.9647007319573964,1,1.3409858490723814,-0.3806208869250548,1.3859483022435564,-0.2748178218795261,-0.0008733543116883481,1.0,0.33977989998182495,1,-2.424725285513236,4.730574661634019,5.3230229952851795,2.045236162542442,0.016799375770009308,0.9999999096351433,0.006711449192068688,0
3.72,-0.003753618804984009,0.004731690644142755,-5.421774140756952e-13,-0.4344288635367097,0.131257717886418,0.46191871030298426,2.8433055054622036,5.636629386607265e-05,1.000000210269638,18.6845434840363,1,0.7021031447923669,0.17802481672041592,0.7185770185286973,0.2568119114520943,-0.002297494871503878,1.0,2.6583266102325966,1,-0.24542755924905793,-0.9772551319520548,1.0050041050558358,-1.8247805195473297,-0.00151716959360125,0.9999998581860531,0.9666683862151842,1,1.3647863398049564,-0.2715800653526544,1.3837157907963533,-0.19424109558611707,-0.0008599459179008199,1.0,0.3439454995094053,1,-2.4735933623012105,4.707945802704119,5.325492977976553,2.055349821959638,0.016741751088618695,1.0000001995371546,0.006701729711833305,0
3.74,-0.0037536188050058448,0.004731690644153092,-5.493574345427632e-13,-0.4592034467366463,-0.02995056434391648,0.4670372770126676,-3.087009262131295,5.587192899366325e-05,1.0000000588464486,17.69091625085161,1,0.650169990887084,0.31713569768103883,0.7189718327947475,0.4637602934289874,-0.002211277257477392,1.0,2.6622561777859755,1,-0.12213148711750729,-0.9989381339666975,1.0028340156489763,-1.7000604497450913,-0.001574104125486267,1.0000001900376947,0.9691249965935287,1,1.380499104608481,-0.1609483970454467,1.3822464463165414,-0.1134485236718704,-0.0008474869348876502,1.0,0.34781053720042737,1,-2.5222020756401093,4.684824240838717,5.327949889434895,2.065454135415821,0.016684284164944597,0.9999998862599695,0.006692070443761412,0
3.7600000000000002,-0.0037536188050214967,0.0047316906441641614,-5.565730168410887e-13,-0.41205942528152883,-0.1871653799719639,0.4573299758468206,-2.7305889502550995,5.522216746869802e-05,0.9999999383531587,16.827719314068975,1,0.5710118306819654,0.442633236360668,0.7195718400871591,0.6704215201544251,-0.0020968976357718535,1.0,2.665105225063992,1,0.0031837882276141163,-1.0050693753290252,1.000628874717898,-1.5747942711476235,-0.0016249731962836354,0.9999999692692694,0.9720387395461482,1,1.388004794425037,-0.049381607177844705,1.381551446224587,-0.0325293967798716,-0.0008361117326843212,1.0,0.35133828696647773,1,-2.570546704090169,4.661213073675991,5.330393484165657,2.0755491665577885,0.016625677714318585,0.9999999168073412,0.006682472075075528,0
3.7800000000000002,-0.0037536188050824168,0.004731690644174632,-5.64106053535518e-13,-0.29628589926061344,-0.3139064402613444,0.4334745302599657,-2.346464315193987,5.334290728781444e-05,0.9999999189031918,16.19891187590809,1,0.46804020682284336,0.549252642509767,0.7203512077769656,0.8766856431188668,-0.001941979794219824,1.0,2.666754288362113,1,0.12855969728603517,-0.9954495006246131,0.9984231985738296,-1.4489739113602011,-0.0016681550307134777,0.999999837864347,0.9753703304130408,1,1.3872464120621868,0.0624543362234873,1.3816360820446247,0.04842539768220744,-0.0008258906789378766,1.0,0.35449475173013584,1,-2.6186225651313766,4.63711543835826,5.3328235186078174,2.0856349793695026,0.016564695058368075,1.0000001988378,0.006672935282893421,0
3.8000000000000003,-0.003753618805131289,0.004731690644184411,-5.723503268550978e-13,-0.12294470668884072,-0.38023313678623527,0.397751031004822,-1.9043377727550057,4.981887919983775e-05,1.000000011814222,15.942845103923009,1,0.34566734441809976,0.6325674822519385,0.72127660233302,1.0824606207511884,-0.0017399935665196784,1.0,2.6671376158864715,1,0.2520107696717238,-0.9701265213180259,0.996251960257682,-1.322599997548587,-0.0017018597647831051,1.000000177941888,0.9790732259788706,1,1.3782302751573237,0.1738905241255498,1.382499669684787,0.1293245243814382,-0.0008167029017800297,1.0,0.35724937983123234,1,-2.6664250153631337,4.612534511025529,5.335239752321902,2.095711638193939,0.016500763204858118,0.9999998798031371,0.0066634607309506285,0
3.8200000000000003,-0.0037536188049657267,0.004731690644194118,-5.80189542243037e-13,0.08039039848486139,-0.35263956815628,0.3558434750070721,-1.3639833994883133,4.664156037802126e-05,1.0000001630225712,16.271983390374437,1,0.20909997544089198,0.6891735282848384,0.7223087453549725,1.2876761120287985,-0.001492822535711398,1.0,2.6662453942504163,1,0.371556341785035,-0.9294015939491294,0.9941500285513011,-1.1956821327436078,-0.0017236032346221212,1.000000000573365,0.9830939646446338,1,1.3610259048824542,0.2842624837613626,1.3841355607443058,0.2100773618179118,-0.0008080756048262697,1.0,0.35957571852449105,1,-2.713949450698668,4.587473506312783,5.337641949250543,2.1057792079699063,0.01643496330465482,0.9999999241113513,0.006654049065946454,0
3.8400000000000003,-0.0037536188044885854,0.004731690644202735,-5.848498768612487e-13,0.2547476311545062,-0.20719412913885307,0.3199084844274417,-0.68678440509311,4.7022294073075005e-05,1.000000284542136,17.422269586749554,1,0.06410223806423537,0.716820947940945,0.7234041938475653,1.492286131021329,-0.0012113227331639294,1.0,2.6641230784099266,1,0.4852538407187602,-0.87383057972838,0.9921515815075733,-1.068239023054991,-0.0017297218123414838,0.9999998215375964,0.9873726578794838,1,1.3357648445429777,0.39291743988865846,1.3865312534558962,0.2905951416883714,-0.0007992101784775177,1.0,0.3614519740577566,1,-2.7611913065538203,4.56193567685113,5.3400298776496555,2.1158377548529184,0.01637086333164396,1.0000001978234034,0.006644700914233443,0
3.8600000000000003,-0.003753618804242748,0.004731690644205892,-5.855810628063729e-13,0.3135486249431886,0.02755594506038293,0.3077938951337046,0.10378247286188577,4.952769221608227e-05,1.0000003056623175,19.211654476755633,1,-0.08325901496024211,0.7144910511988086,0.7245172426720108,1.696270501265914,-0.0009238312707942777,1.0,2.6608680559726623,1,0.5912330391526065,-0.8042209372291231,0.9902895078978476,-0.9402984357734487,-0.0017190697524664222,1.0000001614616676,0.9918436991575512,1,1.302638452185332,0.49922127448156706,1.3896686009612818,0.37079203032769137,-0.0007900720810403095,1.0,0.3628614532121094,1,-2.8081460580298074,4.535924312773306,5.342403304312115,2.1258873468476227,0.016310210764704916,0.9999998735367472,0.006635416880580223,0
3.8800000000000003,-0.003753618804584896,0.004731690644201394,-5.869254735002549e-13,0.21759783284540807,0.24698961297536928,0.3275804424744706,0.8743462932693746,5.263200814767198e-05,1.0000002140935658,20.646975405292164,1,-0.2268734772921593,0.6824173371836123,0.7256018561422428,1.8996351252605852,-0.000685320894320514,1.0,2.6566240472151854,1,0.6877305487140134,-0.7216235935824232,0.9885948055420601,-0.8118969622036769,-0.0017030517997169187,1.0000000318633335,0.9964366794995855,1,1.2618947484996743,0.6025650145126643,1.3935241179971924,0.45058612432470113,-0.0007824704891415467,1.0,0.3637928659131057,1,-2.8548092200890505,4.509442741222676,5.3447619852841655,2.1359280523294153,0.016243773495387543,0.9999999315356011,0.006626197550575292,0
3.9000000000000004,-0.0037536188048788157,0.004731690644193316,-5.917271880817587e-13,0.028108606170895334,0.36179088623541067,0.36665029995294307,1.5145585336717768,5.909417093798592e-05,1.0000000631185055,21.043287035867316,1,-0.3608394140530525,0.6220535535643708,0.7266135528014102,2.1024111646528816,-0.0005377266480439284,1.0,2.6515737384160833,1,0.7731237116762678,-0.6273195763467336,0.9870959795118389,-0.6830795719822668,-0.0016937290895218326,0.9999998096080859,1.0010774320926115,1,1.2138344331238882,0.7023707003191623,1.3980693690328219,0.5299003456016561,-0.0007772370895904124,1.0,0.3642404858591971,1,-2.90117634772382,4.482494325864466,5.347105674000581,2.1459599373163076,0.016161716253747932,1.0000001964955723,0.006617043493374093,0
3.9200000000000004,-0.003753618804874711,0.004731690644184868,-5.978802522510485e-13,-0.1715431838607317,0.36213683578378303,0.4078164489792407,2.02543384076507,6.933694020937368e-05,0.9999999405874922,20.610540145725665,1,-0.47969845185110055,0.5359937231729239,0.7275111630222129,2.304653273972074,-0.00048368202249984604,1.0,2.6459301801049575,1,0.845962965784477,-0.5228013564585842,0.9858184643040774,-0.5538989745268178,-0.0016919251353347572,1.0000001410030996,1.005689280315284,1,1.1588062062581088,0.7980965162225485,1.4032714046084491,0.608663207353024,-0.0007731202964829714,1.0,0.36420417042991465,1,-2.947243036118598,4.455082466399937,5.349434136692141,2.155983066523403,0.016064538834714093,0.9999998674707282,0.006607955262671194,0
3.9400000000000004,-0.003753618804787291,0.004731690644175999,-6.033680499673011e-13,-0.3317647796844409,0.27718625596084484,0.44085564198871047,2.449259714765657,8.020700375362691e-05,0.9999999177996733,19.751279154024886,1,-0.5786452043688919,0.42785054320895427,0.7282583982307843,2.5064370200425716,-0.0005032185987749488,1.0,2.6399274140946534,1,0.9050017133840158,-0.4097490435098273,0.9847841015125385,-0.42441478225293866,-0.0016955959153076734,1.0000000623682033,1.010194465808514,1,1.0972015495566165,0.8892410992218449,1.409093246357228,0.6868094264869573,-0.000768655462857867,1.0,0.36368922911494816,1,-2.99300492080544,4.4272105980836285,5.3517471515525585,2.1659975054853695,0.01595595955490849,0.9999999390683274,0.006598933401527842,0
3.9600000000000004,-0.003753618804747877,0.0047316906441663975,-6.081923159539926e-13,-0.4304811121342642,0.13994778858470608,0.4612169822188725,2.8237285565882444,8.838698087243802e-05,1.0000000080149742,18.740385206729673,1,-0.6537058526114262,0.3020992955398287,0.7288252036483583,2.707855633334343,-0.0005645884543102625,1.0,2.6338106098236427,1,0.9492227316913857,-0.29000178551371014,0.9840106818269702,-0.2946924766710137,-0.001703922569324989,0.9999998023697534,1.0145157031927545,1,1.0294491288662626,0.9753469759579846,1.415494415492876,0.7642803839428071,-0.0007627304330755645,1.0,0.36270616013831436,1,-3.0384576778113686,4.3988821912415155,5.354044503367381,2.1760033209955236,0.015838791950675248,1.00000019485641,0.0065899784507947165,0
3.98,-0.003753618804754194,0.004731690644156987,-6.129931631737584e-13,-0.4591761930726654,-0.02073609560510982,0.4671443516418186,-3.1061286730879556,9.477505288988265e-05,1.0000001587383252,17.74257691311892,1,-0.7018816105532313,0.163894574543197,0.7291888663170022,2.9090162303143807,-0.000639060460121243,1.0,2.627826431650144,1,0.9778602188269288,-0.1655249391582244,0.9835115622579447,-0.16480220229284823,-0.0017163458728766414,1.0000001170702746,1.018577816888936,1,0.9560089803672192,1.0560031120206914,1.4224314836048937,0.841024435784851,-0.000754439006477025,1.0,0.36127027493048036,1,-3.0835970237990424,4.370100750789157,5.356325981153496,2.1860005809196035,0.01571497879643908,0.9999998616146915,0.006581090955372673,0
4.0,-0.003753618804696306,0.0047316906441494215,-6.176109970668087e-13,-0.4159218137459846,-0.1788254126228597,0.458239395066082,-2.7504994736795445,0.00010107216108344098,1.0000002822658371,16.86969168510895,1,-0.7212544628092376,0.018866923176131666,0.7293348351657851,3.1100356414403088,-0.0007119583535772025,1.0,2.622214349806794,1,0.9904166826431555,-0.0383737774938675,0.983295373458396,-0.03481742089500162,-0.0017318943477592555,1.0000000913363474,1.0223094073517005,1,0.8773666338999114,1.1308465893615447,1.4298586286568962,0.9169970793591827,-0.0007429503874325472,1.0,0.3594012287437175,1,-3.128418716202447,4.340869815750083,5.358591377612455,2.1959893540361968,0.015586123898827424,0.9999999466975952,0.006572271465456851,0
4.0200000000000005,-0.00375361880445674,0.004731690644144971,-6.208462563495054e-13,-0.30370649013952017,-0.3079518243323854,0.4351173008007711,-2.368595865667733,0.00010623353018032195,1.000000306718513,16.225013169844285,1,-0.7110536552108238,-0.1270939158336253,0.7292572334980135,-2.9721493102180343,-0.0007794752369898241,1.0,2.617198129309375,1,0.9866740428487315,0.08934532527318029,0.9833658289909172,0.09518653577291492,-0.0017487191983931504,0.9999998000009486,1.0256444861921978,1,0.7940273135738443,1.199563454871032,1.437728182963137,0.9921609840824682,-0.0007274311311394106,1.0,0.35712247993023827,1,-3.172918553358694,4.311192958775609,5.36084048922964,2.20596970997572,0.015453879732610856,1.0000001929085138,0.006563520533563944,0
4.04,-0.0037536188040997957,0.004731690644143452,-6.212357017698622e-13,-0.1330084343747906,-0.378417028911357,0.3999373299626811,-1.9305897923925346,0.00010892545087643453,1.0000002178676701,15.943891607353669,1,-0.6716821690067881,-0.2680627911044541,0.728959070605757,-2.771045119937168,-0.0008444148186857747,1.0,2.612977758989672,1,0.9666985226510212,0.21551516193876838,0.9837216439264036,0.2251339712831018,-0.0017630658709845656,1.0000000902528874,1.0285240164051297,1,0.7065103374888217,1.261888805202102,1.4459911618371775,1.0664859007132839,-0.0007069480179760904,1.0,0.3544607017261231,1,-3.217092374636663,4.281073785667805,5.36307311670886,2.2159417192564943,0.01532038569900924,0.9999998559779151,0.006554838709484647,0
4.0600000000000005,-0.0037536188038390927,0.004731690644143187,-6.184792261665351e-13,0.06985505219391303,-0.35677317043431117,0.358124097011717,-1.3967630308325074,0.00010939551995901698,1.000000067414418,16.234297938067186,1,-0.60470290875815,-0.3983038792997809,0.7284521487497945,-2.569718011905998,-0.0009107920490859163,1.0,2.609722383666406,1,0.9308391414188628,0.3380482668748324,0.9843565655656588,0.3549503407553319,-0.0017689144026836864,1.0000001180540021,1.0308972955310536,1,0.6153438172920143,1.317606189240213,1.4545977631850486,1.1399484657182861,-0.0006803046996048651,1.0,0.3514451698213791,1,-3.2609360605622926,4.250515934906513,5.365289065620263,2.2259054534955025,0.015189091101749486,0.9999999544113165,0.006546226535024555,0
4.08,-0.003753618803829223,0.004731690644142937,-6.144086975301555e-13,0.24794904589034628,-0.217750107866938,0.32141448384158544,-0.7274113408428752,0.00010900377244037291,0.9999999429054792,17.337317433327012,1,-0.5127847425684826,-0.5124903125762953,0.7277566621312396,-2.3680571968952635,-0.0009787965630961453,1.0,2.6075642548267584,1,0.8797198683475675,0.45492663450254045,0.985259514217167,0.48456372950354537,-0.0017585052228856592,0.9999998025600377,1.0327231261839496,1,0.5210597359524524,1.3665464202070972,1.4634978294078174,1.212531918473628,-0.0006460681458625733,1.0,0.3481071473034167,1,-3.304445532940015,4.219523077180669,5.367488146127718,2.2358609859914784,0.015065610472985479,1.00000019065497,0.006537684539778013,0
4.1000000000000005,-0.0037536188038948476,0.004731690644143804,-6.109722103242454e-13,0.31497810109005947,0.01434615021625719,0.3075993587073238,0.05967654561436248,0.00010854826454226517,0.9999999167909295,19.11234685932426,1,-0.3996089940651206,-0.605912461363701,0.7269004920324866,-2.165964464036099,-0.0010518098153046395,1.0,2.6065937280517932,1,0.8142257409980339,0.5642394651046126,0.986414828930747,0.613906245558101,-0.0017272452711781588,1.000000061211707,1.0339707285454598,1,0.4241894599441994,1.4085858946070537,1.472641264803956,1.284225747223586,-0.0006040506855509076,1.0,0.3444792860492408,1,-3.3476167549699736,4.1880989149242644,5.369670167396106,2.245808392478779,0.014954163442433431,0.9999998505693303,0.006529213239189448,0
4.12,-0.0037536188038618462,0.004731690644146594,-6.075270495009555e-13,0.22659267519392712,0.23761751523824257,0.3258239581927221,0.8352494500970534,0.00010840925844679043,1.0000000042664738,20.594413294907962,1,-0.26973763871729795,-0.6746682910302962,0.7259182035422657,-1.9633581328604923,-0.001148558171312991,1.0,2.6068554241510262,1,0.7354834752846182,0.6642179255417554,0.987802616309467,0.7429152857656284,-0.0016799121036508203,1.0000001418628564,1.034620349401949,1,0.32525972109567675,1.4436445157671407,1.4819784123132536,1.3550252779894643,-0.0005572141730983074,1.0,0.34059505985953714,1,-3.3904457313602347,4.1562471818561635,5.37183492659017,2.25574774998975,0.014848302698218713,0.9999999621972697,0.006520813135861024,0
4.140000000000001,-0.0037536188040224344,0.004731690644149527,-6.04424496564171e-13,0.03982954996570259,0.359001007850266,0.3643319468923206,1.483341918295551,0.00010854669161335234,1.0000001544312704,21.047266144083682,1,-0.12844541970291415,-0.7158288122745381,0.7248497587114874,-1.7601765458203367,-0.0012746536666375266,1.0,2.6083457254738844,1,0.6448372810756903,0.753266065475441,0.9893991907778156,0.8715346555410175,-0.0016185856948851933,0.999999809983966,1.0346635354858889,1,0.22478908454813407,1.471683316542971,1.491460398071165,1.4249312326235513,-0.0005078838363417567,1.0,0.33648823925096755,1,-3.4329285084339705,4.123971642522449,5.37398221335497,2.265679133846658,0.014739053847976719,1.0000001880993494,0.006512484720550076,0
4.16,-0.0037536188044233598,0.004731690644152416,-6.041772984688443e-13,-0.16088007330131177,0.36496928590074035,0.40571764579944486,2.0002437292911006,0.00010879529433208128,1.000000279906445,20.648620224721654,1,0.018480561964961572,-0.7275713562695125,0.7237389888807384,-1.5563809494056684,-0.0014090927645431645,1.0,2.6110118019386364,1,0.543820735971066,0.8299872150336669,0.9911775710456214,0.9997155102787307,-0.001536777454945656,1.0000000306622963,1.0341031553323847,1,0.12328490326336515,1.4927018695516074,1.501039423353247,1.493949277747009,-0.00045556652476010285,1.0,0.3321924180732078,1,-3.475061174233261,4.091276091842148,5.376111825683097,2.2756026180490005,0.014626669437469896,0.9999998453975064,0.006504228468933508,0
4.180000000000001,-0.0037536188048074015,0.004731690644157067,-6.077720791919372e-13,-0.3239986994681145,0.28379013463925873,0.43935566160934686,2.427746286781168,0.0001083870631747809,1.0000003076796822,19.80421702705474,1,0.16496851431113205,-0.7092734234976196,0.7226318662836192,-1.3519575800730745,-0.0015281363839325793,1.0,2.6147523635459846,1,0.4341256524046651,0.8932053994026949,0.993108020125081,1.127417087392853,-0.0014281261256101497,1.0000001621762693,1.0329531121219477,1,0.02124074624300663,1.5067355643862643,1.5106689988818176,1.5620895624249849,-0.00039957520213060744,1.0,0.3277406035987454,1,-3.516839858619537,4.058164354657584,5.378223570826553,2.285518277337074,0.01451453111272227,0.9999999700431186,0.006496044839328621,0
4.2,-0.0037536188049907696,0.004731690644164708,-6.14069992771471e-13,-0.42636867841490506,0.14862444167650737,0.4604711298742719,2.8041077747627567,0.00010749480735127914,1.0000002215901092,18.796574413126546,1,0.3049096106915669,-0.6615603823933366,0.7215746217904747,-1.146918798685284,-0.0016160882051700467,1.0,2.6194203329837893,1,0.31756890924054365,0.9419815222410229,0.9951586263254767,1.2546072309369851,-0.0012902273867400427,0.9999998220898109,1.031237739110232,1,-0.08086572322160339,1.5138528216055829,1.520304138954548,1.6293662545827319,-0.00033991395898561554,1.0,0.3231648663481339,1,-3.55826073336924,4.024640285288661,5.380317259897484,2.295426187705122,0.0144047971352163,1.0000001852457008,0.006487934274456642,0
4.220000000000001,-0.003753618805024112,0.004731690644174857,-6.213558313705736e-13,-0.4589755709112682,-0.011459631548779381,0.46720493554115033,-3.1252235984229237,0.00010707916004173684,1.0000000717320898,17.79486125707203,1,0.4324162673897201,-0.5863015036670871,0.7206117824512754,-0.9413031420687235,-0.0016662605523080202,1.0,2.62482758213567,1,0.19605819936151947,0.9756242697371031,0.9972959053514866,1.3812627142626803,-0.0011242803274098562,0.99999999935738,1.0289909814277158,1,-0.1825744504611588,1.5141523036887055,1.5299015198661348,1.695797090682618,-0.00027700465349764176,1.0,0.3184960457658667,1,-3.5993200122646134,3.9907077670902606,5.382392705071393,2.305326426156699,0.014298280780631764,0.9999998404706378,0.006479897204336464,0
4.24,-0.003753618805037682,0.004731690644185876,-6.287175641217502e-13,-0.419614430522916,-0.17034618822773093,0.4591018308810705,-2.7703117654478784,0.00010736487582220675,0.9999999453059886,16.91256639629804,1,0.542079739471676,-0.48655081100594016,0.7197842174158967,-0.7351741939405166,-0.00168021945907519,1.0,2.630751772574057,1,0.07155758003281813,0.9936958686616092,0.9994854041567784,1.5073693692659365,-0.0009345980628647215,1.000000178493727,1.026255395957599,1,-0.28344430956408984,1.5077601727621175,1.5394196035379548,1.7614029462984107,-0.0002114111903328234,1.0,0.3137635132301283,1,-3.640013951180082,3.9563707120121814,5.384449718819673,2.3152190704231073,0.014194968905013247,0.9999999779364319,0.006471934047906736,0
4.26,-0.003753618805090406,0.004731690644196367,-6.363655262464629e-13,-0.3109806198233886,-0.3017685831316653,0.43671682309710197,-2.3905324640826686,0.0001074850967824313,0.9999999158774524,16.25242181557024,1,0.6292142858679416,-0.3664319981103949,0.7191272896540069,-0.5286182376485393,-0.0016658486527217765,1.0,2.636945194669084,1,-0.05394638348277749,0.9960129833537474,1.0016922923025564,1.632922037210379,-0.0007280020498998042,0.9999998385792894,1.0230810111352686,1,-0.3830540798529663,1.4948274349075785,1.5488187293521882,1.82620743218281,-0.00014365222891494283,1.0,0.30899498923828334,1,-3.6803388481646975,3.9216330601617613,5.386488114017395,2.32510419876107,0.014094437470682872,1.0000001820985458,0.006464045213157683,0
4.28,-0.003753618805148347,0.004731690644206121,-6.446930662928896e-13,-0.14299376278118053,-0.37626584354983467,0.4020942478762861,-1.9565113102377882,0.00010643197322372901,1.0000000005705503,15.946916293772185,1,0.6900745262803639,-0.23097005341510302,0.7186692147909256,-0.3217407321318286,-0.0016338278807341874,1.0,2.643145324173036,1,-0.17847720996343155,0.9826431518010654,1.0038819293292507,1.7579243609964987,-0.0005126421224244556,0.9999999680682983,1.019524096512486,1,-0.4810031189601717,1.4755274018347506,1.558061178148517,1.890236519018,-7.40462634158456e-05,1.0,0.30421641110652864,1,-3.7202910435211924,3.8864987793698202,5.388507704592871,2.3349818898389327,0.013996322017984493,0.9999998357965308,0.006456231096533783,0
4.3,-0.003753618805011661,0.004731690644215767,-6.527963933300462e-13,0.0592344883699493,-0.36047604176232423,0.36041040327853546,-1.429056573689763,0.00010430944412434928,1.0000001501035085,16.19949826725313,1,0.7220330696087105,-0.08587594951208141,0.7184297242901581,-0.11466174148094298,-0.0015926388323082355,1.0,2.6490866299744535,1,-0.30009929009701186,0.9538972391480904,1.0060203990399057,1.8823884417636192,-0.0002962197466243932,1.0000001904131741,1.0156458901200818,1,-0.5769117723077211,1.4500532925058631,1.5671112121684576,1.9535181928788625,-2.5382940155130067e-06,1.0,0.2994518505754958,1,-3.759866919881552,3.850971864760174,5.390508306656168,2.3448522227896254,0.013901165655852416,0.9999999858647034,0.006448492082316064,0
4.32,-0.0037536188045446148,0.004731690644224607,-6.579810481188719e-13,0.2407833925257225,-0.2279213668400081,0.3229872292103114,-0.7675562821684506,0.00010244850726770765,1.000000277465111,17.25514692360666,1,0.7237071751084844,0.06270561985125772,0.7184191167556037,0.0924894625735788,-0.001544150101052065,1.0,2.6545130027177852,1,-0.4169464634232207,0.9103184296789727,1.0080750035211916,2.0063343840483716,-8.390305756328937e-05,0.9999998590461077,1.0115113268692506,1,-0.6704215572402702,1.4186159899115975,1.575935093230626,2.016082142573127,7.137813934904006e-05,1.0,0.29472348277743826,1,-3.7990629022788274,3.8150563383226874,5.392489739213438,2.354715277650856,0.013811436482228802,1.0000001786628705,0.006440828542481085,0
4.34,-0.0037536188042378007,0.004731690644228487,-6.589837182879865e-13,0.3158690420832163,0.001193586011365118,0.3075104536959954,0.01562619238039097,0.00010140552247183993,1.0000003085453557,19.012510835170044,1,0.6950260718239123,0.20847240364799163,0.7186377601470088,0.29958032927434736,-0.0014881639887400233,1.0,2.6591900563231947,1,-0.5272481039970456,0.8526682890320078,1.010014709872909,2.129789751711309,0.00011845017075266409,0.9999999375660009,1.0071878047170908,1,-0.7611951579146389,1.3814419617159939,1.5845010781724544,2.077959478151185,0.00014747896366334429,1.0,0.29005160427134397,1,-3.8378754582151235,3.7787562484901636,5.394451820174479,2.3645711361517012,0.013728829695030103,0.9999998313825912,0.00643324083794006,0
4.36,-0.003753618804535919,0.004731690644224606,-6.599902915849221e-13,0.23523529989057612,0.22799545002816782,0.3241369133760151,0.7958041796857743,9.922944956145228e-05,1.0000002252590663,20.538668957938512,1,0.637234371299452,0.3452495304350675,0.7190760854055444,0.5064811484690078,-0.001435106463705155,1.0,2.662916379781724,1,-0.6293525477475848,0.7819104126127292,1.011810547295217,2.252788948422662,0.0002946765062365197,1.0000001976409205,1.0027440174125857,1,-0.8489162647087748,1.3387713481780876,1.592779394202059,2.139182474757439,0.0002221571307337233,1.0,0.28545468780752675,1,-3.8763010977249994,3.7420756697184223,5.396394355451893,2.374419880924374,0.013645418424902477,0.9999999938153713,0.006425729322483996,0
4.38,-0.0037536188048520897,0.004731690644216671,-6.644207753425668e-13,0.051462529516916794,0.3559254812069702,0.3620285385854999,1.4517613481230744,9.70622822645606e-05,1.0000000760694137,21.048628486019304,1,0.5528313571381347,0.46726731187456433,0.7197150772283301,0.7130710047218475,-0.0013928320806251356,1.0,2.665533026789328,1,-0.721747790749171,0.6991921399942687,1.0134359679541618,2.375372541295351,0.00042961932420232293,0.9999998829859718,0.9982488714012769,1,-0.9332892894266026,1.2908562168764937,1.6007422138837446,2.199784342322722,0.00029100319096503997,1.0,0.28094945398664695,1,-3.914336373434022,3.7050187020682253,5.3983171410347905,2.3842615923806436,0.013549880391326662,1.000000174944119,0.0064182943469291275,0
4.4,-0.0037536188048692453,0.004731690644208211,-6.704263880163985e-13,-0.15015198479525182,0.3676022363210102,0.4036006515313136,1.9748056491259167,9.882102191203905e-05,0.9999999477878488,20.685250767631114,1,0.44545028687654187,0.5694166398720004,0.7205271988744031,0.9192431992355472,-0.0013450373734304273,1.0,2.666931166940788,1,-0.8030794645200818,0.6058247646433407,1.0148671695446496,2.497586562150351,0.0005230222184710915,0.9999999086020519,0.9937704942022585,1,-1.0140389846983369,1.2379589811572287,1.6083636283279703,2.2597990347888812,0.0003525484558160699,1.0,0.27655094500704636,1,-3.9519778806142516,3.6675894707893058,5.400219980010716,2.3940963485015834,0.013439734821687059,0.9999998272358123,0.006410936258557213,0
4.42,-0.0037536188047787478,0.00473169064419939,-6.758447967936121e-13,-0.31609907055280007,0.290291183942594,0.43782133004331386,2.406090557962574,0.00010251106763277064,0.9999999150596879,19.856509079519537,1,0.31968571999830553,0.6474686844016905,0.7214776948382648,1.1249098567751181,-0.0012690965771071643,1.0,2.667056534594335,1,-0.8721661511762578,0.5032626094355229,1.0160833633497723,2.619481791685562,0.000581084822803563,1.0000001999988777,0.9893753382072198,1,-1.090909992568076,1.1803509771952048,1.6156196005282943,2.3192610908492006,0.00040658872172489625,1.0,0.2722725996055756,1,-3.9892222572375173,3.629792125907689,5.402102686523619,2.4039242269032015,0.013316425280458866,1.0000000017758386,0.006403655399233523,0
4.44,-0.0037536188047316383,0.00473169064418983,-6.805545710308891e-13,-0.4220950933917598,0.15728251474426427,0.45968368926443115,2.784426171116076,0.00010543937489477971,0.9999999969290073,18.852621084971336,1,0.1808798693559702,0.6982485757770502,0.7225262114727842,1.3300054989862686,-0.0011527591264889226,1.0,2.6659109496065314,1,-0.9280121385103689,0.39308127627931133,1.0170669968328434,2.741113023827898,0.0006110086940115509,0.9999999098090134,0.9851273765367436,1,-1.1636663436997494,1.1183111925909819,1.62248791043095,2.3782054948543085,0.00045296368923178527,1.0,0.2681263364889754,1,-4.026066184025673,3.5916308418163725,5.403965081625524,2.413745305600353,0.013180949093955275,1.000000170948183,0.006396452105994087,0
4.46,-0.003753618804741407,0.004731690644180329,-6.851940889673891e-13,-0.45860601564955095,-0.0021256548987930914,0.4672215733260855,3.1388749853903786,0.00010721222387658265,1.0000001457571517,17.84735642070615,1,0.03488075714103393,0.719756332917467,0.7236286268746069,1.53448944843723,-0.0009974968964810407,1.0,2.6635510743361626,1,-0.9698177338370347,0.2769553173530156,1.0178039388765234,2.862538319352321,0.0006197702314645156,0.9999998818901109,0.9810874020278516,1,-1.2320909255264745,1.0521251376682672,1.6289481008735103,2.436667558331207,0.0004915623348706666,1.0,0.26412265023369247,1,-4.062506384497785,3.5531098168689286,5.405806990982709,2.423559662936585,0.013033651696235382,0.9999998233627645,0.006389326712169578,0
4.48,-0.003753618804694602,0.004731690644172536,-6.897186814736056e-13,-0.42314450301010204,-0.16173218278723134,0.4599215055905811,-2.790045474602403,0.00010832796448141962,1.0000002749430272,16.955971905405338,1,-0.11221446700265009,0.7112320201886313,0.7247389840150106,1.7383470223065651,-0.0008177027975360123,1.0,2.6600845479204462,1,-0.996987257513783,0.15663551865154646,1.018283626852284,2.9838182546407115,0.0006130929725935271,1.000000197428946,0.9773124527833694,1,-1.2959849352275756,0.9820838495252135,1.6349814246878256,2.494682821927303,0.0005224766998468892,1.0,0.26027071605658314,1,-4.098539625014791,3.51423327297564,5.407628244534532,2.4333673774430773,0.012874732558592525,1.0000000097334925,0.006382279546733519,0
4.5,-0.0037536188044736563,0.004731690644167823,-6.930276665040314e-13,-0.3181192027549136,-0.2953627561404438,0.4382793317619857,-2.4123037562842398,0.00010829177638525231,1.0000003093151113,16.280761979305506,1,-0.25431821146455613,0.6731655435774495,0.7258114307074243,1.9415895532785903,-0.000636321830684638,1.0,2.6556639262776067,1,-1.009134827733029,0.03392593655984323,1.0184991745090266,3.10501516944671,0.0005956470980489155,0.999999938854324,0.9738553129303577,1,-1.355167331235088,0.90848301846923,1.640570793070996,2.5522869758517173,0.0005460920989579734,1.0,0.2565784988319261,1,-4.134162714822127,3.475005455202537,5.409428676963046,2.4431685277793016,0.012704635797205611,1.0000001666813936,0.006375310931719137,0
4.5200000000000005,-0.0037536188041279502,0.004731690644166117,-6.936287481884573e-13,-0.15291418701993847,-0.37378985208619975,0.4042289626951221,-1.982150184567104,0.00010625816209987054,1.000000228872751,15.95148545959364,1,-0.3856016657262132,0.6072543295853873,0.7268020820570954,2.144253337147752,-0.0004769375372367266,1.0,2.650478952450761,1,-1.0060880293256464,-0.0893392103438958,1.0184474429345698,-3.05699289181017,0.0005713076578146532,0.999999858088349,0.9707640485088463,1,-1.4094742948542307,0.8316222262926553,1.6457007260295262,2.609515796696631,0.0005631613992094018,1.0,0.25305286335186034,1,-4.1693725060908955,3.4354306313742895,5.411208128589634,2.452963192765627,0.012524447572373842,0.9999998197695842,0.006368421179166732,0
4.54,-0.0037536188038487456,0.004731690644165851,-6.910591890396667e-13,0.04851784780444555,-0.36376401565413535,0.36270784927506083,-1.4609351414972642,0.00010265130291505628,1.000000080424273,16.16705597942193,1,-0.5007249827136617,0.5163142031954912,0.7276707369809087,2.3463976468790717,-0.0003542324966433563,1.0,2.6447477027943367,1,-0.9878895301451367,-0.21131871966129026,1.0181290764056392,-2.935771703354648,0.0005435499517007056,1.0000001899944482,0.9680815998236244,1,-1.4587587117389862,0.7518042858359082,1.6503573059430672,2.6664050988596304,0.0005749462954895664,1.0,0.24969968261808512,1,-4.204165893957001,3.395513091681349,5.412966446668207,2.4627514515727587,0.012336603993534489,1.0000000176757247,0.006361610589391188,0
4.5600000000000005,-0.003753618803817677,0.004731690644165659,-6.869747826154793e-13,0.23324770569011322,-0.23772201665386253,0.32462756673270116,-0.8072995160435796,9.945991299600159e-05,0.9999999503498488,17.175241660566503,1,-0.5950409262699922,0.4041500715132613,0.7283823972003066,2.548101971757743,-0.00026723504818238213,1.0,2.638707121162889,1,-0.9547966744142619,-0.3301875963013764,1.0175485034799936,-2.814443454425317,0.0005162308327328141,0.9999999694062393,0.9658454284521661,1,-1.5028896813675454,0.6693346715272573,1.65452813492557,2.7229906994277577,0.000583372573453828,1.0,0.24652394193423086,1,-4.238539816557299,3.3552571482911575,5.414703486417103,2.4725333842888753,0.0121458073901236,1.0000001621505115,0.006354879451688441,0
4.58,-0.0037536188038997153,0.004731690644166417,-6.834684727896612e-13,0.3162161486288936,-0.01190776919461949,0.30752464900943777,-0.02843547613963026,9.774172888927451e-05,0.9999999143380353,18.911806661717563,1,-0.6647664987613545,0.2753936185577686,0.7289085504601702,2.749462640810535,-0.0002060788849471852,1.0,2.632603382830172,1,-0.9072790467798109,-0.4441602034558916,1.0167139018167417,-2.6929462732862053,0.0004898060632997186,0.9999998377832318,0.9640872019752899,1,-1.5417520611258253,0.5845210309846409,1.6582022934663527,2.779308395599062,0.0005903500638364461,1.0,0.24352983994513483,1,-4.272491255062262,3.314667134963202,5.416419107757444,2.4823090729535573,0.011956825984244369,0.9999998164619646,0.006348228047865315,0
4.6000000000000005,-0.003753618803864757,0.004731690644169129,-6.800879304158514e-13,0.24351606149971194,0.21811395187702398,0.32251466375355703,0.755949512629719,9.636003854703955e-05,0.9999999933436219,20.479457442711137,1,-0.7071188085929253,0.13531528965587708,0.7292281892728311,2.950588971400987,-0.0001746772757790952,1.0,2.626682443535574,1,-0.8460139655931957,-0.551513311992269,1.0156371186551483,-2.571220286942578,0.00045506491442586097,1.0000001778785665,0.9628325057873323,1,-1.5752460500489984,0.4976727680686388,1.6613702946016282,2.8353939489378726,0.0005957307178967551,1.0,0.2407208908989131,1,-4.306017233704212,3.273747406666662,5.418113163755437,2.4920786013296685,0.011766063414866593,1.0000000255899513,0.006341656658683707,0
4.62,-0.003753618803998585,0.0047316906441721525,-6.768891003261501e-13,0.06300138591513113,0.3525545392288815,0.35973377093419595,1.4197722776740362,9.571196652242418e-05,1.0000001413943214,21.047220236460703,1,-0.7204128196489372,-0.010382411097604951,0.729328555305975,-3.131586243072101,-0.00018326956168668524,1.0,2.6211810366501873,1,-0.7718798317675165,-0.650608965915636,1.0143335457352025,-2.4492083864151084,0.0004051604676974298,1.0000000007119727,0.962100578555409,1,-1.603286815976834,0.4091006877845386,1.6640240457466617,2.891283068364369,0.0005985583610015783,1.0,0.23810002887380516,1,-4.339114819800973,3.2325023391989838,5.419785498877975,2.5018420519469595,0.011565900893716008,1.0000001573627153,0.006335165569999933,0
4.640000000000001,-0.0037536188043970904,0.004731690644175,-6.763660811981431e-13,-0.13936481272515097,0.37003035854173566,0.40145998347306494,1.949094327339471,9.637849837555033e-05,1.0000002723414239,20.7204137138826,1,-0.7041196321276474,-0.15578367480174754,0.7292056047500423,-2.93056992934254,-0.0002321799371826886,1.0,2.6163182912635845,1,-0.6859472331680585,-0.7399170489871747,1.012821965716502,-2.326856999774805,0.00034470036684455823,0.9999998214750688,0.9619040681428923,1,-1.6258041693570067,0.31911669343158133,1.6661568312534265,2.947011403127108,0.0005997111462615194,1.0,0.23566970556467373,1,-4.371781123777251,3.190936328805067,5.421435964944656,2.5115995054019447,0.011356714831353655,0.9999998134451463,0.006328755072266585,0
4.66,-0.0037536188047924963,0.00473169064417939,-6.79741853082394e-13,-0.3080745881510314,0.296687463554296,0.43624919138249774,2.384278369927805,9.721624436333307e-05,1.000000309988573,19.90819906723476,1,-0.6588846342138508,-0.29498391317753203,0.7288641714994957,-2.7294251074641487,-0.00032755616948269514,1.0,2.6122880970580993,1,-0.5894676871498207,-0.8180373944080453,1.0111243607069642,-2.204116851114737,0.0002812623625194926,1.000000161379832,0.96224880633962,1,-1.642742286901808,0.22803352692756632,1.6677632938066804,3.002614550503226,0.0006007154768102657,1.0,0.2334319731334812,1,-4.40401329918575,3.1490537917985395,5.423064426458956,2.521351042390536,0.011142823102826892,1.000000033463633,0.006322425455411033,0
4.680000000000001,-0.003753618804995357,0.004731690644186731,-6.859890260002555e-13,-0.41767231811811883,0.16592133587870517,0.45885280349286883,2.7646738814441942,9.740754357013505e-05,1.0000002324293995,18.908579565854826,1,-0.5865053441342971,-0.42231398043510815,0.7283178203011956,-2.5280342076014346,-0.0004877392835998256,1.0,2.6092523262050498,1,-0.4838598982285909,-0.8837212272426869,1.0092656687302868,-2.080943706194653,0.0002221617026828233,1.0000000320001639,0.9631336097575227,1,-1.654059487861492,0.1361645440687743,1.6688394114890557,3.0581280669348416,0.0006027612747729604,1.0,0.2313885533430643,1,-4.435808542727826,3.1068591641864023,5.424670756231705,2.5310967446901875,0.010927994790335674,1.000000152325591,0.0063161770047214134,0
4.7,-0.003753618805044602,0.00473169064419667,-6.933837184974756e-13,-0.45808209870767413,0.007264545881890022,0.4671929764463679,3.11978780682245,9.700157712274334e-05,1.0000000847945423,17.90010896061623,1,-0.4898691721599077,-0.5325580094161395,0.7275883937615407,-2.326288831472893,-0.000736321211872327,1.0,2.60733501094008,1,-0.3706934162187488,-0.9358916702059499,1.0072734900825753,-1.9572991018603558,0.00017469678302859634,0.9999998095656863,0.9645501180864142,1,-1.6597280647776549,0.04382351699236452,1.669382480146696,3.113587480080654,0.0006066918275375023,1.0,0.22954089920449386,1,-4.4671640942733335,3.0643569012973972,5.426254832041776,2.5408366951903627,0.010715026857376445,0.9999998107239092,0.006310009998483128,0
4.720000000000001,-0.0037536188050520678,0.004731690644207616,-7.00904612127573e-13,-0.4265280614393813,-0.1529869370104137,0.46069689955444315,-2.8097086478692153,9.555874467835875e-05,0.9999999529907381,16.999946408261373,1,-0.37285182217400753,-0.6211585616471876,0.7267052573735331,-2.124093996595403,-0.0010905850994592657,1.0,2.6066175762426154,1,-0.25166960522644527,-0.9736629807990749,1.0051777448732324,-1.8331510457180584,0.00014526859125702204,1.0000001409047659,0.9664826749918184,1,-1.659734169746067,-0.048675543781849503,1.6693911028369923,-3.114157004673258,0.0006131257693584642,1.0,0.22789025334637306,1,-4.498077236879191,3.021551477413782,5.42781653524657,2.550570977758406,0.010506122625152757,1.0000000412842946,0.006303924706216719,0
4.74,-0.0037536188050976034,0.004731690644218134,-7.086458156391195e-13,-0.3251379379805776,-0.2887413917998291,0.4398027494356475,-2.4339167345126813,9.138096377477809e-05,0.9999999137128465,16.31006694807262,1,-0.24017776192688214,-0.6844024255388091,0.7257042503950499,-1.9213720423488165,-0.0015456752167086509,1.0,2.6071352169049113,1,-0.12859987769660258,-0.9963581260585065,1.0030102822624667,-1.7084746684993968,0.00013650319521073351,1.000000062499885,0.9689082275276144,1,-1.6540777566631557,-0.1410185554038255,1.6688651854555006,-3.058699260603277,0.0006225326898920217,1.0,0.22643770370118996,1,-4.5285452968067235,2.978447385406437,5.429355750309358,2.560299677137645,0.010303190087788643,1.0000001470471194,0.006297921386901445,0
4.76,-0.0037536188051663353,0.004731690644227876,-7.170527192845721e-13,-0.1627822187886051,-0.3709997788181109,0.40633888569157156,-2.0075114226509045,8.362340246330808e-05,0.999999989816144,15.9576302989854,1,-0.09724522780704467,-0.7195800060437729,0.7246263539737416,-1.7180660551223335,-0.002054689331280153,1.0,2.6088744368678727,1,-0.0033812112888404193,-1.00352424592623,1.0008044459280692,-1.5832528087968345,0.00014147315239172812,0.9999998023485268,0.9717961422608923,1,-1.6427725796513073,-0.23289152457762008,1.6678059380144328,-3.0031890674789588,0.000635306360024977,1.0,0.2251842343277259,1,-4.558565643538169,2.935049136373605,5.430872364856721,2.570022878899483,0.010108152167918437,0.999999808302565,0.006292000287281077,0
4.78,-0.0037536188050530015,0.004731690644237454,-7.254036780979245e-13,0.037699333096228964,-0.36664823340275005,0.3650136665930045,-1.4923986827566085,7.759906318214365e-05,1.0000001370171463,16.137015080693796,1,0.05008035278886354,-0.7251110029078224,0.7235160911629508,-1.514142645081177,-0.002518398105457862,1.0,2.611771679514373,1,0.12203094855422654,-0.9949455140702069,0.9985946083014959,-1.4574765113736672,0.00013957149009512492,1.0000001169578656,0.9751077803570154,1,-1.6258462477062305,-0.3239807129847582,1.6662158817802464,-2.9475908680685565,0.0006518816615621376,1.0,0.2241307696170394,1,-4.588135689792139,2.8913612592832694,5.432366270289479,2.579740669510462,0.00992354530311279,1.0000000490395449,0.006286161640575155,0
4.8,-0.0037536188046018663,0.004731690644246474,-7.310809943539276e-13,0.2253403221744248,-0.2471540519917508,0.3263339139941591,-0.8466259671944282,7.832721096503605e-05,1.0000002696615709,17.097739299511932,1,0.19569885950362417,-0.7006291766621356,0.7224196899230542,-1.309593872107106,-0.002811930123467393,1.0,2.615713672274538,1,0.2456521873108946,-0.970652878653446,0.9964156900491633,-1.3311454338508042,0.00010715123821902326,1.0000000914596356,0.9787960576439488,1,-1.6033403353261422,-0.413972813895159,1.6640988629166655,-2.8918690614087765,0.0006727675763431507,1.0,0.22327821220809918,1,-4.617252891537809,2.8473883006191185,5.433837362533165,2.5894531367382183,0.009753366267429056,1.000000141535664,0.006280405665788038,0
4.82,-0.003753618804243683,0.004731690644251051,-7.324162977495607e-13,0.31600333959989857,-0.02495192856118695,0.3076450712124234,-0.07248480056340036,8.081755901682874e-05,1.0000003105654125,18.810431126023293,1,0.3335262008897147,-0.6470196570150887,0.72138308576536,-1.1044380969386627,-0.002876077453849888,1.0,2.6205413774075814,1,0.36550067822247945,-0.9309301460751821,0.9943026578477179,-1.204268168962577,4.002208352947818e-05,0.999999800001418,0.982806069473864,1,-1.5753105484728733,-0.5025551476836594,1.6614600713638021,-2.8359879889133164,0.000697749209365212,1.0,0.22262747514516215,1,-4.645914748007902,2.8031348240303875,5.4352855392750605,2.5991603706053876,0.009601353502751077,0.99999980618495,0.006274732568056938,0
4.84,-0.0037536188044870493,0.00473169064424784,-7.331535552268509e-13,0.2514073685319038,0.20796315212695354,0.3209633198684015,0.7156757475212357,8.281913191015472e-05,1.0000002359272764,20.416693050451887,1,0.457753464999331,-0.5664036497643217,0.7204499220772774,-0.8987195985138464,-0.002786318687003983,1.0,2.6260570982067195,1,0.4796303342442838,-0.8763158700838162,0.9922899575950116,-1.076862450705113,-4.853621183127916e-05,1.0000000901291728,0.9870770115830527,1,-1.5418269447906299,-0.5894158841455491,1.6583060565456558,-2.7799119219718147,0.000724500604431691,1.0,0.22217950837425915,1,-4.674118801709542,2.7586054099851807,5.436710688209873,2.608862463412471,0.00946330148485925,1.0000000567170964,0.006269142541499074,0
4.86,-0.003753618804821801,0.00473169064424007,-7.371880883511039e-13,0.07442734807288054,0.34886574477199905,0.35745143572599786,1.3873413359677311,8.578645125832295e-05,1.0000000891780891,21.042808183435444,1,0.5631027977496725,-0.46206758272479037,0.7196596835705292,-0.692507013500287,-0.0026610769888028144,1.0,2.632032731170141,1,0.5861649845218091,-0.8076005789678027,0.9904108648799481,-0.9489551696739352,-0.000140700721489729,1.0000001181658595,0.9915436289094982,1,-1.5029742065240383,-0.6742442997240317,1.6546447411451184,-2.7236050619602175,0.0007507609360781286,1.0,0.22193531976847827,1,-4.701862638432061,2.7138046554262605,5.43811268194234,2.618559506776941,0.009330068821831235,1.000000135799957,0.0062636357740047666,0
4.88,-0.003753618804864179,0.004731690644231598,-7.430284686138489e-13,-0.12852831430740785,0.37223038424642513,0.3992964924791905,1.9230749090411228,9.06230938956985e-05,0.9999999557092278,20.75390351090129,1,0.6450670169316266,-0.3383366072198867,0.719045981281164,-0.485890709645152,-0.0025628300094545473,1.0,2.6382183943291535,1,0.6833328710268789,-0.7258189992572837,0.9886968120651511,-0.8205821675173655,-0.00021786506167423834,0.9999998025821915,0.9961365395300553,1,-1.4588519640210622,-0.756731078056831,1.6504854559686666,-2.6670315507677724,0.000776324951132502,1.0,0.22189599024363205,1,-4.729143887252737,2.668737173428621,5.43949139282558,2.6282515901989534,0.009199208385892613,0.9999998043744194,0.006258212448744628,0
4.9,-0.0037536188047705373,0.0047316906442228125,-7.483904988780932e-13,-0.2999313150935926,0.3029576769893777,0.43463851424068484,2.3622799838480755,9.575812650595006e-05,0.9999999131844266,19.959135504615396,1,0.7001196086335273,-0.2003958574858841,0.7186350314112295,-0.2789790986880386,-0.002508127571710531,1.0,2.644352306671383,1,0.7695006242311424,-0.6322370624362798,0.9871767592040968,-0.691787810496481,-0.0002700285300712741,1.0000000610797353,1.0007825552143674,1,-1.4095751671463959,-0.8365686626062218,1.6458389856951738,-2.610155479535049,0.0008013051640837566,1.0,0.22206268209963925,1,-4.755960220541638,2.62340759285931,5.440846700413023,2.6379388027362554,0.00907184329021594,1.0000000643047844,0.006252872742736979,0
4.92,-0.0037536188047155674,0.004731690644213303,-7.529862150468247e-13,-0.4131058651905219,0.1745206892086692,0.4579776742900403,2.744826207840851,9.971093630204027e-05,0.999999986348295,18.96433892694597,1,0.7258824810590965,-0.05406661692039037,0.7184444194246019,-0.0718939524330468,-0.002496853408915063,1.0,2.6501722429137686,1,0.8432057861942582,-0.5283336267599279,0.9858766161045657,-0.5626243479760324,-0.0002966745679932614,1.0000001419605262,1.0054056140335104,1,-1.3552745012343665,-0.913451670479189,1.640717610048699,-2.5529409026698024,0.0008253451219039147,1.0,0.22243664046090275,1,-4.782309353965413,2.5778205580403037,5.442178488107374,2.6476212339683087,0.00894837298324247,1.0000001298490864,0.006247616827205627,0
4.94,-0.0037536188047278445,0.004731690644203719,-7.574587658487619e-13,-0.45741010815170097,0.016690555969191723,0.4671195534794643,3.100677936514925,0.00010258120562737488,1.0000001326277626,17.95302764821169,1,0.7212407815575862,0.09445192321454396,0.7184822466772883,0.13523506505106409,-0.002523887346999085,1.0,2.6554277982984935,1,0.9031869093906972,-0.41577703281743783,0.984818714028669,-0.43315106924617924,-0.00030257802439486895,0.9999998100272582,1.0099281718600475,1,-1.2960968432999629,-0.9870773768974985,1.6351351454067242,-2.495351863360019,0.0008477974457236339,1.0,0.22301918770295115,1,-4.808189046489303,2.5319807284143163,5.443486640110009,2.6572989739522295,0.008828096126863522,0.9999998028738419,0.006242444870183285,0
4.96,-0.003753618804690889,0.004731690644195708,-7.618849127977168e-13,-0.4297726427093072,-0.14413213489064766,0.4614303677810865,-2.8293253276606927,0.00010514966722756686,1.000000266904776,17.04439309580098,1,0.686397156907707,0.2388617524624357,0.7187467302597926,0.3422763408006758,-0.0025810710651512636,1.0,2.6598924670801574,1,0.9484102638298902,-0.29639682452823657,0.9840213380646257,-0.30343327144004195,-0.00029423789180644107,1.0000000305253192,1.0142728163694517,1,-1.2322057531690382,-1.0571462801516756,1.629106990058526,-2.43735243128618,0.0008679350152100239,1.0,0.22381171031823158,1,-4.833597100376812,2.4858927782127247,5.4447710404254055,2.6669721129610644,0.008709687709344872,1.0000000717905868,0.006237357039556561,0
4.98,-0.0037536188044895854,0.004731690644190712,-7.652546131498017e-13,-0.3320454718323945,-0.2819286333472339,0.44129125444230655,-2.4554031432122336,0.00010762470600867687,1.0000003110453481,16.340202698556467,1,0.6228617801947166,0.37305060418319486,0.7192262881501069,0.5491023776551526,-0.002656049871277946,1.0,2.663374638716916,1,0.9780922391058657,-0.17215118465039306,0.9834983350765032,-0.17354105694454627,-0.0002782191467456324,1.0000001622573453,1.0183639732785286,1,-1.163781992979964,-1.123362757215077,1.6226501727718978,-2.3789067533936317,0.0008850994335251424,1.0,0.2248156375670099,1,-4.858531361187283,2.4395613961251184,5.44603157300602,2.676640741250387,0.008591614388055861,1.0000001236924807,0.006232353505124871,0
5.0,-0.003753618804155083,0.004731690644188804,-7.6605301962962e-13,-0.17260596136635983,-0.36792365949557376,0.4084285158460534,-2.0326413266620835,0.00010943102049990181,1.0000002393646743,15.965142084752923,1,0.5333788425893653,0.49136614032932563,0.719900104304366,0.7555956168899334,-0.0027310160948571124,1.0,2.6657267548952466,1,0.9917166362493147,-0.045090838442805835,0.9832588113919665,-0.04354798822341468,-0.000260422608087605,0.999999822153175,1.0221296314308583,1,-1.091024067094079,-1.1854358204298727,1.615783403735754,-2.319979119352493,0.0008988550254335283,1.0,0.22603241187128997,1,-4.882989717772278,2.3929912849705532,5.447268122612274,2.686304948892952,0.008472551000723737,0.999999801685595,0.006227434439178188,0
5.0200000000000005,-0.003753618803860133,0.0047316906441885465,-7.636725453397109e-13,0.026776411890621958,-0.36916000706663293,0.3673292652618852,-1.5235097379545888,0.00011001167987367395,1.000000093572774,16.10908662406357,1,0.4217944978922082,0.5888648337670692,0.7207391344426775,0.9616536812165957,-0.0027824330074005467,1.0,2.6668520409998817,1,0.9890462041308516,0.08267964428730586,0.9833069314789431,0.08647036318048641,-0.00024466241412972865,0.9999999992187725,1.0255030270890229,1,-1.0141487727376648,-1.243079985770913,1.6085271270327164,-2.260534043681815,0.0009091807856636458,1.0,0.22746345129031964,1,-4.906970102271082,2.3461871613704774,5.448480576405617,2.6959648257421938,0.008352037823750009,1.0000000791626433,0.006222600015753403,0
5.04,-0.0037536188038088648,0.004731690644188435,-7.595872715537855e-13,0.21706863522681455,-0.25624250985173636,0.3281013268754176,-0.8855920828955562,0.00010961874412118862,0.9999999585039915,17.02244435245476,1,0.2928749525070889,0.6615228179241485,0.7217074845272808,1.1671937568919013,-0.002783042602412867,1.0,2.666708439709708,1,0.9701279787612376,0.20904208378607794,0.9836418249097697,0.21643792953637644,-0.00023201982179557506,1.0000001785562118,1.0284242285549272,1,-0.9333917497114704,-1.2960162632541568,1.6009035743769486,-2.2005363663192425,0.00091652283732759,1.0,0.22911010211155644,1,-4.930470490105779,2.2991537554235877,5.449668826030555,2.7056204617473387,0.00823136102832714,1.0000001173398945,0.006217850408884884,0
5.0600000000000005,-0.003753618803900836,0.004731690644189083,-7.559968276393825e-13,0.3152337080358555,-0.03794876605973241,0.3078636039753177,-0.1165371455244695,0.0001088832901332133,0.9999999127530338,18.70854873835538,1,0.15208612453316622,0.7063991067257784,0.7227640724331149,1.3721559100696201,-0.002714229841517893,1.0,2.665309616710531,1,0.9352922182915824,0.33190531539445844,0.9842576058249655,0.3462796721669158,-0.00022410718541610394,0.9999998386611639,1.030841561985874,1,-0.8490080154627143,-1.343973280018038,1.5929368200383378,-2.139951371812866,0.0009207287747205949,1.0,0.23097357854751338,1,-4.953488899976518,2.2518958103831017,5.450832766931281,2.71527194792847,0.00811226845689286,0.9999998008115613,0.006213185790398075,0
5.08,-0.0037536188038683935,0.004731690644191716,-7.52663122799424e-13,0.2588994764250213,0.19753057277470584,0.31947657060591983,0.674991895798106,0.00010828166530760082,0.9999999829417674,20.35070044540696,1,0.005347838550015038,0.7217452215729451,0.7238644750476068,1.5765052172757459,-0.0025906238208879408,1.0,2.6627231479533675,1,0.885144975780235,0.44924503852914505,0.9851435107461975,0.4759230708073741,-0.00022967029826261213,0.9999999679314755,1.0327128074620264,1,-0.7612724695836177,-1.3866885461052048,1.5846528295570308,-2.0787449260685884,0.0009190040331775507,1.0,0.23305488955491688,1,-4.976023393856623,2.204418082336582,5.451972288234026,2.72491937681352,0.007990112211039967,1.0000000864092733,0.00620860632890385,0
5.1000000000000005,-0.003753618803979559,0.004731690644194835,-7.493962048132907e-13,0.08573141876946598,0.34483854501662226,0.35517754455424394,1.3544897430483493,0.00011005167236122497,1.0000001282283129,21.03578206821775,1,-0.14122414098899944,0.7070589361668285,0.7249628675391645,1.780232690345515,-0.0024439791830941195,1.0,2.659066196195531,1,0.8205545992067014,0.5591417646818072,0.986284152326404,0.6052995426488136,-0.0002571913940794053,1.0000001904555278,1.0340061176235549,1,-0.6704803491129387,-1.4239098719808654,1.5760794903835689,-2.0168836402290617,0.0009087236829544489,1.0,0.23535475375886558,1,-4.998072076986833,2.156725339887923,5.453087265796392,2.734562839819963,0.007855924267570102,1.0000001108013932,0.006204112190528313,0
5.12,-0.0037536188043682177,0.004731690644197646,-7.486073393125903e-13,-0.11764618716418944,0.3741795158078884,0.3971090437330445,1.896776586920059,0.0001160026806623662,1.0000002640723846,20.78615013832689,1,-0.2815756502349638,0.6630831659308698,0.7260139519356182,1.983355064848876,-0.0022891091659459867,1.0,2.654499096213129,1,0.7426326715548692,0.6598158375382278,0.9876598591128327,0.7343457458383557,-0.000303990818119775,0.9999998591444754,1.0347007101357404,1,-0.5769476130211207,-1.455396945454909,1.5672466417080058,-1.9543350718586678,0.0008905418261067221,1.0,0.23787350192668158,1,-5.019633097869451,2.1088223638409485,5.454177576308697,2.7442024254226403,0.007707421816241649,0.9999998002531257,0.006199703536786498,0
5.140000000000001,-0.0037536188047737,0.004731690644201817,-7.517359131015144e-13,-0.29166756519892034,0.3090803293203946,0.43299085043073227,2.3401246045683703,0.00012054870553693061,1.0000003114281457,20.009734491285617,1,-0.40996014575324624,0.5917537092462661,0.7269747861523207,2.1859135466466064,-0.0021322431697649077,1.0,2.649217205849067,1,0.6527100924324396,0.7496586517462104,0.9892470916612316,0.863004717161766,-0.00036254215227750006,0.9999999374343342,1.034787205999928,1,-0.4810112311997506,-1.4809230738910137,1.558186109904221,-1.891067951184979,0.0008659739278776474,1.0,0.24061096508847574,1,-5.040704648263755,2.0607139468851186,5.455243107346724,2.753838220720992,0.007546494337315119,1.000000093518995,0.006195380518966601,0
5.16,-0.0037536188050017773,0.004731690644208855,-7.579199854529373e-13,-0.40838916040681633,0.18306280708067865,0.4570614618815518,2.724906735264303,0.00012150592601385935,1.0000002427399162,19.02027032151237,1,-0.5211640468837782,0.4961014576977226,0.7278064604335209,2.3879716406511187,-0.00198725148526344,1.0,2.643441748110163,1,0.5523091514093499,0.8272593840831398,0.9910189371292752,0.9912268240212719,-0.00042567932937884184,1.0000001976620996,1.034267623750839,1,-0.38302935021349566,-1.5002770951638333,1.5489317292190357,-1.8270524312703833,0.0008360938001017876,1.0,0.24356634725084253,1,-5.061284963182808,2.012404893284677,5.456283755518644,2.763470312705275,0.007374989634800567,1.0000001040873363,0.006191143274323427,0
5.180000000000001,-0.003753618805063084,0.004731690644218572,-7.654207129226265e-13,-0.45657958458811637,0.026139964871642295,0.4670044916191298,3.0815610328852814,0.00012265280328088414,1.000000097976452,18.00642992024124,1,-0.6107043145021066,0.38011582020268336,0.7284755568239173,2.5896122223885176,-0.0018734094898583246,1.0,2.6374107027062696,1,0.443112530720957,0.8914267567436831,0.9929456616525348,1.1189705185883767,-0.0004870587818824085,0.9999998830984089,1.033155092602377,1,-0.2833813049582718,-1.5132654575472397,1.5395193430284895,-1.7622603693647307,0.0008016941438588932,1.0,0.24673808272368136,1,-5.0813723208905035,1.9639000185717603,5.457299423699694,2.773098788493325,0.007194220102470526,0.9999998000111732,0.006186991926376022,0
5.2,-0.0037536188050646367,0.004731690644229437,-7.73083420196885e-13,-0.43286501290981133,-0.1351743000213822,0.46212346220665235,-2.8488872797314224,0.00012545449553322624,0.9999999613736651,17.089582000869225,1,-0.6749931501590613,0.24857658762720666,0.7289553505933732,2.7909340430288996,-0.0017974015988907615,1.0,2.6313693115156096,1,0.3269302091643596,0.9412055678884325,0.9949952990850497,1.2462028856433056,-0.0005406072734058238,0.9999999084787855,1.0314732909885573,1,-0.18246744233799575,-1.5197144645548777,1.5299867862387593,-1.6966656411379484,0.0007635180154907008,1.0,0.25012367836093413,1,-5.100965042897133,1.9152041492428893,5.458290019979864,2.782723735286639,0.00700531348145794,1.0000001004805439,0.006182926588725662,0
5.220000000000001,-0.003753618805108961,0.00473169064423997,-7.809278397552522e-13,-0.33882613870014705,-0.27492548965755365,0.4427433652723466,-2.4767589725707984,0.00012886592176082517,0.9999999124188783,16.371409936216406,1,-0.7114663651627948,0.10686147967726764,0.7292267493502977,2.9920478170304583,-0.001751463662674422,1.0,2.6255605808448728,1,0.20566522326071426,0.9758879301965409,0.9971342587811276,1.3728999843552574,-0.0005805028976659281,1.00000019999836,1.029255644045241,1,-0.08070872034445564,-1.519472675655482,1.520373846472729,-1.630244487205653,0.0007223821157003019,1.0,0.25371954134217933,1,-5.120061493952439,1.8663221224579154,5.459255457592213,2.7923452403232467,0.006809490514474318,1.0000000972083618,0.006178947370835755,0
5.24,-0.003753618805181943,0.004731690644249691,-7.894262500640625e-13,-0.18236602718511744,-0.3645570197975849,0.41049262333430503,-2.057533321442752,0.00013087726379783687,0.9999999795982234,15.974265801777149,1,-0.7186732610792488,-0.03926367499863129,0.7292789578384163,-3.090113298186419,-0.0017203226068910596,1.0,2.620216417206661,1,0.08127918101565106,0.9950193422328062,0.9993279368534314,1.499046992672105,-0.0006013358846465483,0.9999999099327496,1.0265443260678002,1,0.021453956277770584,-1.5124134476773345,1.5107222004110494,-1.5629758907161306,0.0006792791717056753,1.0,0.25752079357440155,1,-5.138660082036365,1.8172587857405489,5.460195655403504,2.8019633908725066,0.006608326320571313,0.9999998000860868,0.006175054383785871,0
5.260000000000001,-0.003753618805088702,0.00473169064425921,-7.97994482992781e-13,0.015774385154067497,-0.3712858335880727,0.3696463642064535,-1.5542465718601253,0.00013026501777835178,1.0000001238209435,16.08358474961307,1,-0.6963268034246355,-0.18386555722671571,0.7291098569424949,-2.8890568764841773,-0.0016885803829766839,1.0,2.6155494802925796,1,-0.04424167208630861,0.9983998710803865,1.0015413167864746,1.6246381696171555,-0.0005975759707102067,0.999999881778282,1.0233891178907482,1,0.12356070400426773,-1.4984375945795234,1.5010753215440293,-1.4948419839692035,0.0006355555397891234,1.0,0.26152107434926364,1,-5.156759258347564,1.7680189966794977,5.461110539025392,2.811578274320878,0.0064042130482938045,1.0000001072828897,0.006171247744091941,0
5.28,-0.0037536188046640344,0.004731690644268345,-8.041540523751056e-13,0.20845877249647338,-0.26495420606431297,0.32992176135666956,-0.924140656222711,0.00012837269074582845,1.000000261165779,16.949874844426294,1,-0.6453135163760718,-0.3210685244696463,0.7287260906835722,-2.687847556020095,-0.0016459906357568575,1.0,2.611745812352251,1,-0.1689191544857676,0.9860808426791646,1.0037395466922556,1.7496766556204717,-0.0005629867512678787,1.000000197406745,1.0198461696670174,1,0.22513397260281293,-1.4774761350822463,1.4914783563007032,-1.4258284809707358,0.0005931361178265679,1.0,0.2657123352111356,1,-5.174357517290844,1.7186076226298272,5.462000042518933,2.821189978556284,0.006201015178962893,1.0000000901753687,0.006167527574323172,0
5.3,-0.0037536188042577084,0.004731690644273569,-8.058902937341239e-13,0.3139087436546741,-0.05084571274428462,0.3081790987706197,-0.16050056273321694,0.00012787555181232408,1.0000003117136183,18.606886314352145,1,-0.5676629931054586,-0.4452782327792093,0.7281428569810527,-2.486370285398981,-0.0015954472835463672,1.0,2.6089583251886763,1,-0.2908140687096975,0.9583575170259134,1.005888481118577,1.8741741327514778,-0.0004938009693497937,0.9999999389863105,1.0159767176418422,1,0.32568024054813033,-1.4494930882862214,1.4819779672485212,-1.3559251303124833,0.0005538046293751221,1.0,0.2700846347781887,1,-5.191453396465069,1.6690295404148803,5.462864107968473,2.8307985930317674,0.006002875288563462,0.9999998004777481,0.006163894000550698,0
5.32,-0.0037536188044372306,0.0047316906442710655,-8.063998687551921e-13,0.2659632699563708,0.18685465608267085,0.31806092922295365,0.6339659620744048,0.0001281802517890298,1.0000002460513542,20.28193764973359,1,-0.4664773458564817,-0.5513975653175374,0.7273833960971197,-2.2845199822580757,-0.0015662838222970097,1.0,2.607301236030508,1,-0.40805492567587515,0.9157582698052594,1.0079551791518089,1.9981503623301415,-0.00039974725595349114,0.9999998579907131,1.0118457996057604,1,0.42469213034677133,-1.4144882673860328,1.472622139436872,-1.285126176348307,0.0005165136427319021,1.0,0.27462593538217517,1,-5.208045476652064,1.6192896360293585,5.463702675504675,2.8404042096075184,0.005807981366686554,1.0000001139152548,0.006160347148923297,0
5.34,-0.0037536188047914733,0.004731690644263508,-8.100163335217347e-13,0.09688034500631078,0.340488589614864,0.35291949148015817,1.3212501558348613,0.00012851254022678706,1.0000001023869745,21.0263087939745,1,-0.3458214585767273,-0.635028468662354,0.7264781746592941,-2.082205655299405,-0.0015921620813639371,1.0,2.6068455715685426,1,-0.5188641862401613,0.8590308140513746,1.009908365650159,2.1216326217809094,-0.00029823090872959106,1.0000001899511102,1.0075210051179828,1,0.5216509753201166,-1.372500011844613,1.4634599325791118,-1.2134308191984524,0.00047878168904743294,1.0,0.27932190366052717,1,-5.224132381806091,1.569392804343984,5.464515673058961,2.850006920327837,0.005610017426439772,1.0000000829995004,0.006156887143910218,0
5.36,-0.0037536188048579913,0.00473169064425504,-8.15684542479489e-13,-0.10674635286978465,0.3758817343567845,0.3949028628837101,1.8702166657074046,0.00013088172254860323,0.9999999643168481,20.81721126794751,1,-0.21057568510771676,-0.6926529269816273,0.7254637881030037,-1.8793541708062211,-0.0016788135354635387,1.0,2.6076158868671255,1,-0.6215818481762353,0.789125980815441,1.011718852869582,2.244655081387143,-0.00019534246313151742,0.9999999695432238,1.0030712843037148,1,0.6160298613668543,-1.3236077880681674,1.4545411796096432,-1.1408436776855424,0.00044100061167448286,1.0,0.2841557297789494,1,-5.239712779044219,1.5193439488114782,5.465303027484585,2.8596068151601486,0.005408411086438285,0.9999998011855363,0.006153514105272893,0
5.38,-0.0037536188047608684,0.004731690644246292,-8.209832553368601e-13,-0.28330650433244403,0.31505312913141154,0.43130850995982195,2.317824809246274,0.00013470102561436375,0.9999999121821234,20.060005783643817,1,-0.0662537553278066,-0.7217859451754426,0.7243816035063556,-1.6759134928527182,-0.0018164534825883432,1.0,2.6095883669427353,1,-0.7146863046791301,0.7071795421747307,1.0133599027192735,2.3672581365095313,-9.095318669053698e-05,0.9999998377021945,0.9985658301441281,1,0.707297156886938,-1.2679345783713942,1.4459161525780715,-1.067375237576226,0.0004048702702375249,1.0,0.2891079758728074,1,-5.254785378638516,1.469147981174072,5.466064675404265,2.8692039832337195,0.005206145470435213,1.0000001203671307,0.0061502281421612634,0
5.4,-0.0037536188047016784,0.004731690644236824,-8.254640460753082e-13,-0.40354147129966633,0.19154007007282892,0.4561034535293219,2.7049293524623117,0.00013774114485958026,0.999999976319295,19.076363802291883,1,0.08120985000528512,-0.721093241749949,0.7232761639552954,-1.471855235882481,-0.001990522272746393,1.0,2.612690514220027,1,-0.7968124783265119,0.6144925095718795,1.0148075362954703,2.48948769757136,1.4481058105802305e-05,1.00000017781516,0.9940730496775266,1,0.7949205309389635,-1.2056489696361397,1.4376351875811744,-0.9930422589648471,0.00037161685774599203,1.0,0.2941564611672465,1,-5.269348934010446,1.4188098211737077,5.466800561669219,2.8787985141765597,0.005005663801908664,1.0000000756921266,0.006147029348703224,0
5.42,-0.0037536188047134194,0.004731690644227205,-8.29778086519628e-13,-0.4556055197856377,0.035599768916845465,0.46684464391171704,3.062456524976339,0.00013991295989479208,1.000000119407806,18.06030812871658,1,0.22569695480876936,-0.6904665706738805,0.722193402383008,-1.2671763742068511,-0.0021830961309811043,1.0,2.616802635126771,1,-0.8667672909683868,0.5125102811161656,1.0160407990996145,2.6113944536488582,0.00011958691914309088,1.00000000085058,0.9896596692742917,1,0.8783714435477897,-1.1369668468826077,1.429748261906684,-0.9178681292069715,0.00034184172617093535,1.0,0.2992761929730898,1,-5.2834022417267175,1.3683343962655303,5.4675106358696,2.8883904983967787,0.004808378866797011,0.9999998022083301,0.006143917803239453,0
5.44,-0.003753618804684382,0.004731690644218982,-8.340936448469893e-13,-0.435814559706169,-0.1261312216102134,0.4627716567539,-2.8683669923944723,0.00014232695458904758,1.0000002581863776,17.135520205202845,1,0.36115901701623304,-0.6310503929105505,0.721178730287516,-1.0618999551920894,-0.0023748323858874577,1.0,2.6217613047242567,1,-0.9235425676637804,0.4028009474961161,1.0170419811196771,2.7330331240519987,0.00022317213004151193,0.9999998214126269,0.985389969720485,1,0.957130073277256,-1.062152593707521,1.4223045285449125,-0.8418831462278011,0.00031563540259099525,1.0,0.30443935273667094,1,-5.296944141494892,1.3177266413343307,5.4681948504214954,2.897980026993585,0.004615027734520121,1.000000126628295,0.006140893570476074,0
5.46,-0.0037536188045044416,0.004731690644213697,-8.374967386259868e-13,-0.3454821285553994,-0.26775258192014634,0.4441543685373328,-2.4979477704110353,0.00014510985367880946,1.0000003119016267,16.403712850883025,1,0.4818765218889976,-0.5452151506845526,0.7202750798199651,-0.8560746900088497,-0.0025482581478912672,1.0,2.6273649137577513,1,-0.9663254943696878,0.28703300549579075,1.0177967939230657,2.8544617075551066,0.00032513998510232475,1.0000001612979186,0.9813250892988746,1,1.0306906261437387,-0.9815197022529352,1.4153518154443039,-0.7651247143348971,0.0002926738083337887,1.0,0.30961534872465,1,-5.309973516158025,1.2669914984133763,5.4688531597460806,2.907567191613036,0.004425963215809196,1.0000000682648247,0.0061379567051614925,0
5.48,-0.0037536188041811876,0.004731690644211591,-8.384818447199072e-13,-0.19205631712123883,-0.36091969315233596,0.4125273441706424,-2.0821429467380588,0.00014698773475439183,1.000000249297373,15.98503431705685,1,0.5827124720568739,-0.4364747198885293,0.7195209903243783,-0.6497733453275669,-0.0026908323629794696,1.0,2.6333812857707364,1,-0.9945067525979198,0.16695267311926396,1.0182945093039057,2.975740733112913,0.00042716992937183787,1.000000032136979,0.9775224073853179,1,1.0985669471799768,-0.8954307007019249,1.4089360974218514,-0.687637435214977,0.0002724387232865822,1.0,0.31477095716387593,1,-5.32248929168834,1.216133916405104,5.469485520149419,2.9171520843097545,0.0042414366375044645,0.999999803544509,0.006135107256011656,0
5.5,-0.0037536188038735058,0.004731690644211302,-8.363017309914733e-13,0.004707267092206734,-0.37303887448390494,0.37196256075219597,-1.584558304965856,0.00014616990881543984,1.0000001068021889,16.060539520125012,1,0.6593468755536365,-0.3093486615673934,0.7189488389743267,-0.4430899284012035,-0.002796035010936974,1.0,2.63955719611376,1,-1.0076864435050106,0.0443609504488178,1.0185280622968715,3.096932512914937,0.0005327021766184248,0.9999998095233784,0.9740350209735543,1,1.1602983326723832,-0.8042963163516148,1.403100948809731,-0.6094730785401506,0.00025463996717439957,1.0,0.3198705809048831,1,-5.334490437179628,1.1651588508031177,5.470091890494225,2.92673479746159,0.0040620635796455576,1.000000132688827,0.006132345269066272,0
5.5200000000000005,-0.0037536188038011864,0.004731690644211241,-8.322346718020457e-13,0.19952643695859373,-0.27328668703951764,0.3317951187798601,-0.9622113973620179,0.00014209870119931956,0.9999999673321043,16.880091951650133,1,0.7084789368305576,-0.16917344958480926,0.7185833164325438,-0.23613574264660941,-0.0028617346917528316,1.0,2.645629443236019,1,-1.0056778936775037,-0.07890946994163449,1.0184941204788585,-3.0650849090725374,0.0006462031812282894,1.0000001408063641,0.9709112969560244,1,1.215455419831494,-0.7085738075040248,1.3978869858571854,-0.5306904185133887,0.00023961949072094456,1.0,0.32487663020638047,1,-5.345975964838667,1.1140712634152319,5.470672233821276,2.936315423934226,0.0038894484365813984,1.000000060729363,0.006129670790082518,0
5.54,-0.003753618803898193,0.0047316906442118195,-8.285425297238636e-13,0.3120253794238481,-0.06362619490466215,0.30859675790095864,-0.20431184748609127,0.0001367825439278642,0.9999999120428845,18.50551199298265,1,0.727984615149397,-0.02187056853524633,0.7184402413409806,-0.029034481629233343,-0.00289189688415959,1.0,2.6513369262546576,1,-0.988509407182713,-0.20101736795202788,1.0181931200432706,-2.9438772691253337,0.0007703520743480303,1.0000000626315366,0.9681944822117501,1,1.2636460137808418,-0.6087644193250236,1.3933313133148761,-0.45135492540745065,0.00022794100674881866,1.0,0.32974999050514625,1,-5.356944929976343,1.062876122087562,5.471226517743425,2.945894057936191,0.003725174195304334,0.9999998051919559,0.006127083865963729,0
5.5600000000000005,-0.0037536188038745613,0.004731690644214352,-8.252504582473286e-13,0.27257511106817944,0.17593742843410176,0.3167258352181376,0.5926186696379777,0.00013175355959655656,0.9999999731065823,20.210120137338414,1,0.7170194012818342,0.12631718948361573,0.7185257975361304,0.17808339135030557,-0.0029124171528573284,1.0,2.656432880015559,1,-0.95642399542773,-0.32013617826810326,1.0176292630588855,-2.8225666654956627,0.0008983801444517627,0.9999998023273953,0.9659223583776474,1,1.304520698966743,-0.5054099477869389,1.389466997348494,-0.3715383027007861,0.000218361442581163,1.0,0.33445055410348495,1,-5.3673964309981645,1.0115784004297292,5.471754705774975,2.955470795973419,0.003565291388045824,1.000000138539125,0.0061245845465079905,0
5.58,-0.003753618803962389,0.004731690644217552,-8.219381121901681e-13,0.10785547875532041,0.3358001487426847,0.35068452113889775,1.2876043401750947,0.00012717968085048132,1.0000001149910536,21.0138561042082,1,0.6760594507504715,0.2691072021383558,0.7188362496653136,0.38508666209997483,-0.002959024346520153,1.0,2.6606967686276826,1,-0.9098770806464846,-0.434477136779843,1.0168104736579866,-2.701091080010421,0.001018775980033913,1.0000001168454002,0.964126932265524,1,1.3377780730864854,-0.39908842825095386,1.3863225745533791,-0.29131786199785387,0.00020819005180532462,1.0,0.3389378284967513,1,-5.377329609393543,0.96018307754111,5.4722567453572015,2.965045734882697,0.003401684145586239,1.0000000530976811,0.006122172888301774,0
5.6000000000000005,-0.003753618804336326,0.0047316906442203665,-8.208750519600461e-13,-0.0958374825709279,0.3773175358591629,0.3926814692123087,1.8433669864290618,0.00012571430761148443,1.0000002551356344,20.846565974647557,1,0.6068782654782587,0.4004606842653646,0.7193581228793905,0.5918494234649461,-0.003038291491431307,1.0,2.6639452364590084,1,-0.8495321335308226,-0.5423123302999466,1.0157483300464651,-2.579390448400969,0.0011279445688489643,1.00000009158288,0.9628341519379757,1,1.363169440801324,-0.29040899884782073,1.3839215964694889,-0.21077575244818225,0.00019648859784301097,1.0,0.3431716122727166,1,-5.386743649723681,0.9086951377372033,5.472732576861507,2.974618969056743,0.003231808720325527,0.9999998071480605,0.006119848957429384,0
5.62,-0.00375361880475497,0.00473169064422431,-8.237447182701807e-13,-0.2748516644017613,0.32085824110863603,0.429592651881781,2.295353620212649,0.0001270655651164629,1.000000311992079,20.1095128235211,1,0.5124605364007598,0.514852782298266,0.7200688497452464,0.7982568215933402,-0.0031400061592474653,1.0,2.6660406028749506,1,-0.7762541734408411,-0.6419975690666675,1.0144579661326394,-2.4574074170593807,0.001225005599121124,0.9999998000019834,0.9620636379212124,1,1.3805028125782386,-0.18000602402133087,1.3822822423410674,-0.1299980696814559,0.00018343979509956182,1.0,0.34711272902930085,1,-5.3956377796090775,0.8571195702754723,5.473182146376949,2.9841905911745994,0.003056735898256603,1.0000001441699191,0.006117612827499415,0
5.640000000000001,-0.0037536188050063587,0.004731690644231045,-8.29857016437785e-13,-0.3985646382193067,0.19993667418427016,0.45510374546998256,2.6848696371554532,0.00012925671180344427,1.0000002524763878,19.13226279000405,1,0.3968589683937065,0.6075145223443426,0.7209378604602871,1.0042101558584993,-0.003249940605474936,1.0,2.6668970106509198,1,-0.6911010330837727,-0.7319949699177382,1.0129579260830055,-2.335088097634583,0.0013068981845824879,1.000000090005415,0.9618284267292996,1,1.3896460698673936,-0.06853259653943457,1.3814170215463484,-0.049073853759092484,0.0001690988618385176,1.0,0.3507237979470143,1,-5.404011269718218,0.8054613690813115,5.473605406202889,2.9937606935061787,0.0028772709056981162,1.0000000453818705,0.006115464576242746,0
5.66,-0.0037536188050777703,0.0047316906442405205,-8.374325538573757e-13,-0.4544894624831081,0.04505517586511194,0.46663959584067605,3.043341688604201,0.00013103061484712766,1.0000001112199401,18.11436598892234,1,0.265003428085432,0.6746344629835449,0.7219280330922729,1.2096310686948326,-0.0033515644276506293,1.0,2.666483796766946,1,-0.5953122713877412,-0.810895095691121,1.0112699732206958,-2.2123828237071943,0.0013694186970959728,1.0000001182776599,0.9621347286498834,1,1.3905291829202389,0.043346434530059826,1.3813325668929375,0.03190600133501462,0.00015330661924639553,1.0,0.353970005248936,1,-5.411863433757667,0.7537255324748268,5.474002312376824,3.003329368230439,0.002693597844630485,0.9999998094097234,0.006113404283312823,0
5.680000000000001,-0.003753618805080303,0.0047316906442513,-8.452388094992713e-13,-0.4386226935493875,-0.11701804608152583,0.46337417429238514,-2.88778626553381,0.00013220630537140227,0.9999999704179622,17.181955323402786,1,0.12247425831846626,0.7135111813407955,0.7229974101851299,1.4144646396082134,-0.0034279475119244353,1.0,2.664825917183116,1,-0.4902956114452412,-0.8774384449850412,1.009418854417654,-2.089246902631956,0.0014087436651247897,0.9999998026044401,0.9629817038073084,1,1.383145399719059,0.15496173887325862,1.3820295237513798,0.11284989378314327,0.00013585326208557675,1.0,0.35681984348851675,1,-5.419193628462641,0.7019170628984456,5.474372823566385,3.0128967073580837,0.002505710227056495,1.000000149572288,0.006111432029253575,0
5.7,-0.003753618805121207,0.0047316906442618325,-8.532054186424776e-13,-0.35201383568022,-0.2604268026171186,0.4455231997940972,-2.5189909929276566,0.00013273737407116569,0.9999999120012296,16.436889284092878,1,-0.024747106756414613,0.7226514008007157,0.7241010821228354,1.6186812854091084,-0.0034651719138792175,1.0,2.6620015780399324,1,-0.3776107875993584,-0.9305360279409309,1.007432017942867,-1.9656413526293834,0.0014220747570927409,1.0000000609477342,0.9643612633531267,1,1.3675513616562158,0.2656468966413304,1.3835025398480316,0.19366668108277413,0.00011660455624422971,1.0,0.35924578799807694,1,-5.426001253588105,0.6500409666451656,5.474716901068552,3.022462802606114,0.0023137323513917714,1.0000000375941562,0.006109547894782421,0
5.720000000000001,-0.0037536188051927083,0.004731690644271556,-8.617739768318478e-13,-0.20167394734567412,-0.3570311971768504,0.4145314044953662,-2.1064919192891587,0.0001323506880614227,0.9999999699616531,15.997241116167292,1,-0.17053699129179034,0.7018121998220085,0.7251931368773625,1.8222774553031482,-0.0034555493584189053,1.0,2.658137413444234,1,-0.2589507097276642,-0.969288701461187,1.005339282945947,-1.8415336131833353,0.0014084024309904304,1.0000001420581281,0.9662579035671034,1,1.3438661416458282,0.3747457144666502,1.3857403565446216,0.27426683340901464,9.560762531005742e-05,1.0,0.3612248824762371,1,-5.4322857519007055,0.5981022535871677,5.475034509495318,3.032027745299831,0.00211819236997554,0.9999998119733615,0.006107751959408767,0
5.74,-0.0037536188051240163,0.00473169064428099,-8.705325956620547e-13,-0.006414830021570058,-0.3744396671639693,0.3742763726829641,-1.6144663296399209,0.00013148385432579194,1.0000001105728422,16.039751478390087,1,-0.3088854597614757,0.6519889444656012,0.7262285824705167,2.0252751829556366,-0.003398594238548522,1.0,2.6534016795191544,1,-0.13611989565801422,-0.9930048751793509,1.003172460279737,-1.7168982144388623,0.0013695505357370458,0.9999998100706418,0.9686485827480903,1,1.3122692406811531,0.481619277279047,1.3887259980893856,0.3545635392392459,7.322123527595502e-05,1.0,0.3627392098906638,1,-5.438046609171779,0.5461059369045603,5.475325618197294,3.0415916263422784,0.0019204187033697025,1.0000001547376722,0.006106044298732042,0
5.760000000000001,-0.0037536188047278428,0.004731690644290206,-8.771693766305988e-13,0.19029047276490807,-0.2812531770309661,0.33372010942903585,-0.999817693263275,0.00013084400552991187,1.0000002520150384,16.812956010481496,1,-0.4341387127942389,0.575353112209914,0.7271651606866899,2.2277206126292772,-0.003298637203453144,1.0,2.6479959996383657,1,-0.011010186082612056,-1.001216141261384,1.0009649256310442,-1.5917173897189256,0.0013119665300948095,1.0000000303883274,0.9715026863733106,1,1.2729976168022035,0.5856525607542311,1.3924370511569222,0.4344737316131748,5.020506922729849e-05,1.0,0.3637762306247616,1,-5.443283354172157,0.4940570328143801,5.4755902036827475,3.0511545364257526,0.0017230132385914819,1.0000000297468772,0.006104424980357773,0
5.78,-0.0037536188042767427,0.004731690644296018,-8.793390278080682e-13,0.3095967707004461,-0.07628977146381778,0.3091180888660035,-0.24797175082696046,0.00013092001152542618,1.0000003119849314,18.404397514820666,1,-0.5412191736216379,0.4751459172678064,0.7279649848239356,2.42968165064591,-0.0031644076954266778,1.0,2.6421462002154827,1,0.11442616092530909,-0.993690331748996,0.9987511463459179,-1.4659816109417632,0.0012441662180393647,1.0000001623383437,0.9747821206372892,1,1.226341853582549,0.686260450958237,1.3968460242496068,0.5139190062955464,2.7130449286555418e-05,1.0,0.3643289765174213,1,-5.44799555866972,0.44196056030030867,5.475828251362074,3.060716566953952,0.001528772068502339,0.9999998148349127,0.006102894059052288,0
5.800000000000001,-0.003753618804392539,0.004731690644294252,-8.796832619978323e-13,0.2787349774026287,0.1647738262138144,0.3154751401707939,0.550927694434471,0.00013110076541902955,1.0000002555868475,20.135036922929455,1,-0.625816612753653,0.3555346366281997,0.7285959487739109,2.6312449028659963,-0.0030212047682130934,1.0,2.636092733917752,1,0.23820579762901214,-0.9704414777928477,0.9965661658314149,-1.3396900164807943,0.001164234827239813,0.9999998222166244,0.9784414781111007,1,1.1726416016882661,0.7828930461976575,1.4019207801488922,0.5928264085132932,2.688591134374316e-06,1.0,0.3643960950781637,1,-5.452182837429379,0.38982154084387954,5.476039748665162,3.0702778113728395,0.0013355295490245962,1.0000001596578874,0.0061014515732650525,0
5.82,-0.003753618804760181,0.0047316906442869625,-8.828930967395843e-13,0.11866074519419706,0.3307595982108102,0.34847376857454776,1.2535115279753049,0.00013022190379736917,1.000000115638073,20.99808819514991,1,-0.6845455654203481,0.22143889915260898,0.7290328790304768,2.832512051668788,-0.0029016912785275076,1.0,2.6300811089414626,1,0.358345717342848,-0.9317361386748366,0.9944450431546932,-1.2128507068435985,0.0010631057235975722,0.9999999990801652,0.9824283253408734,1,1.112280445698986,0.8750401490014589,1.4076250339345409,0.6711290816984885,-2.4993255672697087e-05,1.0,0.3639817451521219,1,-5.45584484821445,0.3376449981579617,5.476224671744513,3.0798383638350817,0.0011374841807823592,1.000000021852467,0.006100097546429392,0
5.84,-0.0037536188048476033,0.004731690644278489,-8.883623003885788e-13,-0.08491040694048561,0.37847549786847734,0.3904431269076232,1.8161919156129263,0.00013054081541711196,0.9999999735729157,20.873943900133224,1,-0.7150658891622698,0.0783341219902288,0.7292584197142026,3.0335958372419243,-0.0028098293719406872,1.0,2.6243526380602575,1,0.4728963380057072,-0.8780955860182826,0.9924222556546244,-1.0854809049206635,0.0009441828145065536,1.0000001786186108,0.986683678309398,1,1.045680358040053,0.9622348905698828,1.4139188817828021,0.7487667752607502,-5.5365425963925403e-05,1.0,0.3630953644919882,1,-5.458981291787679,0.2854359579222076,5.476382991536523,3.0893983163176717,0.0009344289499729415,0.9999998179898433,0.00609883199149765,0
5.86,-0.0037536188047533853,0.004731690644269767,-8.935917056220738e-13,-0.2662941449720344,0.3264888097609048,0.42784064164459235,2.2726856177752235,0.00013350811976478949,0.9999999120571791,20.158066503666102,1,-0.7161645283392637,-0.06796104016316526,0.7292636286049854,-3.0485695199936016,-0.0027283546749131034,1.0,2.619135733779226,1,0.5799756550102049,-0.810293381713918,0.9905310930414037,-0.9576069552241837,0.0008178465717355218,0.999999838743116,0.9911426658413683,1,0.9732959024258397,1.0440564647943422,1.4207593397754448,0.825686193568904,-8.690283864018272e-05,1.0,0.3617513196618175,1,-5.461591911911231,0.2331994475195358,5.476514687280884,3.098957759076941,0.0007295830326088304,1.0000001643251377,0.0060976549143497705,0
5.88,-0.003753618804690133,0.004731690644260369,-8.979781707715156e-13,-0.3934531446317681,0.20824873182766473,0.45406041363495137,2.6647098460858705,0.00013783168479611948,0.9999999668860422,19.187832212129237,1,-0.6877974180729475,-0.21150674369450273,0.7290482763010403,-2.8474915150618068,-0.002638394624415764,1.0,2.6146379140072185,1,0.6778037498672913,-0.7293479793530993,0.9888030496008887,-0.8292641284732838,0.0006928793961909012,0.9999999677946682,0.9957353822425199,1,0.8956083437141631,1.1201319820617615,1.4281008968213804,0.9018411905490533,-0.00011842165484683137,1.0,0.3599684489456192,1,-5.463676495346109,0.18094049577347146,5.4766197480375345,3.10851678211971,0.0005256380584650922,1.0000000139234335,0.0060965663172664886,0
5.9,-0.003753618804696208,0.004731690644250704,-9.021320745549594e-13,-0.4532304366824058,0.05450343904285747,0.4663891865212447,3.0242023269516807,0.00014164488113430394,1.0000001061553276,18.168496884255987,1,-0.6310910548526467,-0.3464673025133801,0.7286208538567536,-2.6462356827545412,-0.002528454726744946,1.0,2.6110386256459264,1,0.7647368266437413,-0.6365101071533156,0.9872672214499167,-0.7004962217783567,0.0005755785593189878,1.00000019049779,1.000387933361292,1,0.8131198085399046,1.1901374808436764,1.435896067998425,0.9771928264623062,-0.0001490556321220348,1.0,0.35776953020010144,1,-5.46523487185075,0.12866413268617546,5.476698169980272,3.118075475745666,0.000324392959743629,0.9999998214331542,0.006095566203505402,0
5.92,-0.0037536188046770566,0.004731690644242281,-9.063223262162357e-13,-0.4412933579623499,-0.10783792002310842,0.4639330867348344,-2.907160476448435,0.00014391954538026146,1.0000002488261124,17.228785908154816,1,-0.5483037082004593,-0.46733374236266956,0.7279982891794922,-2.4446888075480495,-0.0023984847478797115,1.0,2.60848296420694,1,0.8392998603617328,-0.5332448529428009,0.9859497265117972,-0.5713549512809997,0.0004701064134884562,0.9999998592429108,1.0050236707797011,1,0.7263476229925512,1.2537981582415922,1.4440959316506432,1.051709300463995,-0.0001780699452649915,1.0,0.3551806975963129,1,-5.466266914178032,0.07637538917651301,5.476749954596931,3.1276339306167324,0.00012714769003387312,1.0000001687320286,0.006094654581532751,0
5.94,-0.0037536188045188233,0.004731690644236729,-9.097471209793418e-13,-0.3584300631408094,-0.25295343589540353,0.4468540002394157,-2.5399106469147372,0.00014466374665095036,1.000000311880187,16.470817953472547,1,-0.4427466904905002,-0.5691373718392522,0.7272053713745067,-2.2427485239835323,-0.0022604238422236386,1.0,2.6070763595805873,1,0.9002168913001597,-0.42120856256308903,0.9848731657603482,-0.4418991386739393,0.0003791599639875141,0.9999999373026975,1.0095645958259014,1,0.6358189328536088,1.3108878984299583,1.4526506392980456,1.1253657741607632,-0.00020475230288046677,1.0,0.3522308292309476,1,-5.466772538071038,0.024079296817483945,5.476775107885131,3.137192237721854,-6.502725322577359e-05,1.00000000597234,0.006093831467401873,0
5.96,-0.003753618804205562,0.0047316906442344065,-9.109056757039373e-13,-0.21123138551796872,-0.35290128548530314,0.4165100570135532,-2.130615204315472,0.00014602825422080495,1.0000002586272343,16.010713433241953,1,-0.3186666844854439,-0.6476478955787903,0.7262738871322802,-2.040327348392091,-0.0021355604503787416,1.0,2.606880269134444,1,0.94643799563853,-0.30222087239142054,0.9840561432135592,-0.3121937015805591,0.00030451300915604513,1.0000001976831838,1.0139329022394947,1,0.542065689648809,1.3612281897641603,1.461509890619723,1.1981441036402465,-0.00022831955558768777,1.0,0.348950927429284,1,-5.466751702258651,-0.028219112427431352,5.4767736401841685,-3.1364348188525812,-0.0002510662362576397,0.9999998251593901,0.006093096884614473,0
5.98,-0.003753618803889048,0.004731690644234068,-9.089305507250026e-13,-0.017603941270199132,-0.37550407729716273,0.3765920380825847,-1.6440233540268918,0.00015070851426250717,1.0000001200544304,16.02096771382218,1,-0.18109097761644596,-0.6995492170376659,0.7252414832388324,-1.8373563201682874,-0.002041907602360989,1.0,2.607909040621014,1,0.9771620124648136,-0.1782324114008357,0.9835128608815175,-0.18230846746234272,0.0002472386983351175,0.9999998832109022,1.01805261449599,1,0.44562006334484855,1.4046865276221978,1.4706233677775784,1.2700324983958706,-0.00024776405010041116,1.0,0.3453735113749188,1,-5.4662044084514605,-0.08051480646911588,5.476745566721137,-3.1268765332330895,-0.00042956993745437333,1.0000001728715775,0.006092450861631339,0
6.0,-0.0037536188037957073,0.004731690644234098,-9.048971695655578e-13,0.18074510604692975,-0.28887086529218897,0.335697203606091,-1.0370210444442205,0.00015437988263784092,0.9999999767954251,16.748200692925238,1,-0.03563865136533235,-0.722585738618262,0.7241502696706408,-1.633788116100523,-0.001976072858111342,1.0,2.610128607469811,1,0.9918542116219676,-0.051288912834326135,0.9832528026282616,-0.05231684044769908,0.00020875079836671712,0.9999999083555631,1.021851269034007,1,0.34701032116678565,1.4411744014687702,1.4799411246709928,1.3410251253523218,-0.000261678122343669,1.0,0.34153203864882475,1,-5.4651307013391754,-0.1328027533586186,5.476690909266744,-3.1173181206892306,-0.0005984261817672407,0.9999999980117839,0.0060918934277503995,0
6.0200000000000005,-0.003753618803893291,0.0047316906442346,-9.011026516972387e-13,0.3066165719345195,-0.0888457387752593,0.3097407043808868,-0.291524798364649,0.00015415612542621772,0.9999999122107055,18.303466341723357,1,0.11169766269768609,-0.7156718606980532,0.7230451820206298,-1.4295994604136755,-0.0019265367734306647,1.0,2.6134567165038707,1,0.9902582435441619,0.0765073455989304,0.9832805189119544,0.07770564009842665,0.00018964202606605815,1.0000001999977466,1.0252615766357887,1,0.24675719263085968,1.47064496196906,1.489413927157825,1.4111216741606545,-0.00026885475118767913,1.0,0.3374603689450384,1,-5.4635306685903275,-0.18507792155346006,5.476609697782661,-3.1077594881069603,-0.0007559314912448833,0.9999998291626471,0.006091424608279594,0
6.04,-0.003753618803881832,0.0047316906442370285,-8.978439465425619e-13,0.28442787200050423,0.1533503149719834,0.31430701146059314,0.5088543383485441,0.00015274165968778096,0.9999999638812507,20.056662232165888,1,0.25479294689956555,-0.6789577246239142,0.7219721689293681,-1.224792640589758,-0.0018989407921624012,1.0,2.61776450830408,1,0.9724019139100828,0.20303771613585633,0.9835955263141626,0.20768280561459898,0.00018205553526641182,0.999999910056529,1.0282229826276983,1,0.14537072405369086,1.493090458130866,1.4989935448276854,1.4803268950057973,-0.0002707801018287935,1.0,0.3331922797360469,1,-5.461404440854214,-0.2373352801837376,5.476501964340554,-3.098200539721151,-0.0009056613890962049,1.000000176737226,0.006091044420717976,0
6.0600000000000005,-0.003753618803947179,0.004731690644240316,-8.94496824700719e-13,0.12928646666503213,0.32534532962256174,0.34628512076789086,1.218932101242656,0.0001512914749376878,1.000000101740666,20.97897633076226,1,0.38764528496170814,-0.6138451788655204,0.7209762713698787,-1.019395991455666,-0.0019095525704805158,1.0,2.6228803185524194,1,0.9385965597757121,0.32620782670360143,0.9841923295509102,0.33753939137298833,0.00017214170280522773,0.99999988166651,1.03068307774725,1,0.04334761179960395,1.5085395263891512,1.5086330087305706,1.5486501233645893,-0.0002707842338583978,1.0,0.3287610391250089,1,-5.4587521917644635,-0.28956979931728777,5.476367728151579,-3.0886411780206466,-0.00105490414042818,0.9999999900543781,0.006090752874975369,0
6.08,-0.0037536188043047454,0.004731690644243148,-8.931713333347469e-13,-0.07396742616196882,0.379335251339875,0.3881856970191176,1.7886601237321025,0.00015147364316272908,1.0000002455704127,20.899389832047937,1,0.5046350679773718,-0.5229496336769947,0.7200996648324829,-0.8134632545971926,-0.001949656979050846,1.0,2.628595677184558,1,0.8894300489093283,0.44398752839566563,0.9850605446401994,0.4672025477753987,0.00015513066093664424,1.000000197384449,1.0325988681695046,1,-0.05883100748311616,1.5170544041962317,1.5182868334737019,1.6161048172197894,-0.0002693530767815253,1.0,0.3241990373381564,1,-5.455574137942607,-0.3417764502241182,5.476206997807242,-3.07908130688798,-0.0012054784837646861,0.999999833436582,0.006090549976383755,0
6.1000000000000005,-0.0037536188047344594,0.004731690644246871,-8.957788395595745e-13,-0.25763329122923606,0.3319283010638939,0.42605102645229237,2.2497963977023026,0.0001538292101787443,1.0000003116778973,20.205758589480467,1,0.600775660130145,-0.41000595351441477,0.7193797702257809,-0.6070717449008762,-0.0019969886102771083,1.0,2.634673337214941,1,0.8257536728951717,0.5544490161784673,0.9861851202117892,0.5966032674213239,0.00013153741416508164,0.9999999391183262,1.0339377284591258,1,-0.1607013393887327,1.5187281303636326,1.5279111843733812,1.6827081097216954,-0.00026541039233476667,1.0,0.3195374813695955,1,-5.45187053900123,-0.39395020564113503,5.476019784722232,-3.0695208317266736,-0.0013560891637008248,1.0000001803228487,0.006090435726282335,0
6.12,-0.003753618805007421,0.004731690644253289,-9.017831511907992e-13,-0.3882059568162909,0.2164625393354814,0.45297272112857406,2.6444287020565267,0.00015720167965252923,1.000000261596064,19.2431749601252,1,0.6719423021353321,-0.27971970880610225,0.7188475315826857,-0.40031931320932096,-0.0020355911027546522,1.0,2.6408571235565383,1,0.7486634364512321,0.6558020882528031,0.9875466671940454,0.7256776895508971,0.00010121289819587897,0.9999998578931454,1.034678055794887,1,-0.2618183224798136,1.5136817835612237,1.537464002728302,1.7484803735858334,-0.00025838258026941366,1.0,0.3148061543238253,1,-5.447641697547903,-0.44608604003737556,5.475806105668157,-3.0599596581463997,-0.001506293037232299,0.9999999821127307,0.00609041012091258,0
6.140000000000001,-0.0037536188050928568,0.004731690644262522,-9.094231986396528e-13,-0.45182789500870507,0.06393217651606696,0.4660930589237757,3.005017714642088,0.00016050363040939417,1.0000001244668577,18.222794434503044,1,0.7150660574001044,-0.1375687286663564,0.7185259548436536,-0.19332020084338497,-0.002058849981427817,1.0,2.6468832218940994,1,0.6594764349327841,0.7464256556656128,0.9891218798718711,0.8543682531854985,6.341157154176536e-05,1.0000001899076811,1.0348096330117922,1,-0.3617566663712133,1.5020618006036128,1.5469051018102618,1.8134448074742293,-0.00024827416931948626,1.0,0.31003322983900744,1,-5.442887959190277,-0.4981789298793279,5.475565980154441,-3.0503976914751982,-0.0016566765787814786,0.9999998379744235,0.006090473151266336,0
6.16,-0.00375361880509724,0.004731690644273188,-9.173872599077537e-13,-0.4438263901981282,-0.09860327699662168,0.4644479375462101,-2.9265113610626665,0.0001637126008860599,0.9999999800839179,17.276084875499773,1,0.7282808162278253,0.010436407674057636,0.7184289997749785,0.013800027228318966,-0.002067086934647171,1.0,2.65249234560918,1,0.5597031595288549,0.8248948001400189,0.9908840287929171,0.9826246709887404,1.7283444975631775e-05,0.999999969680223,1.0343336749553822,1,-0.4601115776435766,1.484037407258703,1.5561962354983323,1.8776270511810869,-0.00023539229139813187,1.0,0.30524513695697364,1,-5.437609712541378,-0.5502238538960689,5.475299428468568,-3.0408348368026528,-0.0018082992849202922,1.000000183622765,0.0060906248043890035,0
6.180000000000001,-0.0037536188051315493,0.004731690644283721,-9.254640239916845e-13,-0.36472998320902533,-0.24534609838121543,0.44814549156691835,-2.5607303712670006,0.000167399528400568,0.999999912461734,16.505543421845964,1,0.7110137984317435,0.15802098294003156,0.718560898821158,0.22091020610550935,-0.0020638791321455374,1.0,2.657442072645121,1,0.45101666430397014,0.8900028859389779,0.9928035087310132,1.1104047045974847,-3.747782369133258e-05,0.9999998376212352,1.0332625680289436,1,-0.5564992138470906,1.4597981856894116,1.5653011417397928,1.9410548318836456,-0.00022017132042917038,1.0,0.3004664734004005,1,-5.431807389224702,-0.6022157933442841,5.4750064708360915,-3.031270999165529,-0.001962299539799011,0.9999999741994245,0.006090865065765537,0
6.2,-0.003753618805203707,0.0047316906442934304,-9.341004532370523e-13,-0.22072450756417908,-0.34854512279088173,0.4184599837475767,-2.154537556821076,0.0001715276047247616,0.9999999609487449,16.0254693636466,1,0.6640134715168166,0.2989294101080369,0.7189159493730389,0.42787962599711465,-0.0020515737387998526,1.0,2.661518565784464,1,0.33521956825683025,0.9407784462511432,0.9948484247217856,1.2376747325931852,-0.00010012325740552001,1.0000001777516676,1.0316193296875402,1,-0.6505569047368354,1.4295517950939354,1.574185564137888,2.0037576423743038,-0.00020303311741308357,1.0,0.2957199617724627,1,-5.4254814638788424,-0.654149732273462,5.474687127397656,-3.021706083763845,-0.002119563590882923,0.9999998427689815,0.006091193922067235,0
6.220000000000001,-0.003753618805157994,0.004731690644302788,-9.430507590113546e-13,-0.028847934614947383,-0.37624615256768956,0.3789027063072745,-1.673248259413907,0.0001750007436890049,1.0000000973310113,16.00422398342149,1,0.5893129820741417,0.42720741590439604,0.7194787938230575,0.6345840606971445,-0.0020263012633901277,1.0,2.66454689682478,1,0.21420985257771846,0.9764967714657445,0.9969851992483402,1.3644101116841307,-0.00016857994730899785,1.000000000989187,1.0294368257497943,1,-0.7419431778792479,1.3935218557944817,1.5828172551824116,2.065766451554319,-0.0001841858146912324,1.0,0.2910264424448258,1,-5.418632454161142,-0.7060206577916502,5.474341419077882,-3.012139996166536,-0.002280308439316553,1.000000186631746,0.006091611363308989,0
6.24,-0.0037536188047886496,0.004731690644312069,-9.501296234157297e-13,0.1709123278942878,-0.2961418325574089,0.3377161308838002,-1.0738119556629746,0.0001769485410217004,1.000000242249528,16.6860415401071,1,0.4901316032971578,0.5374674975640416,0.7202251679309603,0.8409114139827141,-0.0019736805584403662,1.0,2.6663992919106487,1,0.08994635500666698,0.9966863129279061,0.9991791840619527,1.490595339776164,-0.0002387029787473188,0.9999998213502708,1.0267567916231033,1,-0.8303376231448685,1.3519460017458715,1.5911659641151517,2.127113447090346,-0.0001633166861478396,1.0,0.286404897303769,1,-5.411260920750833,-0.7578235603322282,5.473969369820404,-3.0025726423657986,-0.0024436792194764256,0.9999999663269974,0.006092117383595296,0
6.260000000000001,-0.0037536188043049245,0.004731690644318415,-9.527645599555212e-13,0.3030978367714764,-0.10127333366974031,0.3104563494212287,-0.3349074685849851,0.00017827825050208422,1.0000003113781606,18.203324800015928,1,0.3707208098412953,0.625123487280793,0.721123066133387,1.0467666638332207,-0.0018717943788030178,1.0,2.6670007913536606,1,-0.03558523061455328,1.0011301719850227,1.0013952601976275,1.6162240352078001,-0.00030637644189325183,1.0000001612159277,1.0236287088755236,1,-0.9154406276259216,1.305074102108771,1.5992034102197414,2.187831809552485,-0.0001397496375167012,1.0,0.281872498957676,1,-5.403367467352413,-0.8095534339219663,5.473571009556735,-2.9930039281890295,-0.0026088769864594345,0.9999998478126595,0.006092711980082451,0
6.28,-0.0037536188043537848,0.004731690644317418,-9.530301894877802e-13,0.28963842010671526,0.14168606688333302,0.31322066271765825,0.4664778531046907,0.0001799774106909172,1.0000002644918882,19.975658513978434,1,0.23616493746208142,0.6865826878875859,0.7221342491017019,1.2520758457582262,-0.001710764785068477,1.0,2.666332048115328,1,-0.16040515974359415,0.9898630649564845,1.0035984126536215,1.7412987465720247,-0.000378343944292014,1.0000000322737785,1.020108590892831,1,-0.9969730093771864,1.2531666490729563,1.60690324020619,2.2479555135099645,-0.00011466177811104798,1.0,0.2774446805050261,1,-5.39495274069962,-0.8612052764502112,5.473146370636997,-2.9834337578310275,-0.0027799205766968643,1.0000001893450245,0.006093395151027565,0
6.300000000000001,-0.003753618804723596,0.004731690644310451,-9.558192995764991e-13,0.13970908619168343,0.31955587528505486,0.3441218135110018,1.1839273738909437,0.00018243617191812108,1.0000001288732014,20.956998369557237,1,0.09214864472739959,0.7193874423093525,0.723216008280028,1.456788908511745,-0.0014901452046134562,1.0,2.6644292280835176,1,-0.28257068932117485,0.9631642378537306,1.0057542797403163,1.8658306130304074,-0.0004716549719365427,0.999999809481162,1.0162577270114461,1,-1.074675575237526,1.1964933064231291,1.6142409815115568,2.3075191480228034,-9.170272295010825e-05,1.0,0.27313522107760235,1,-5.386017430560119,-0.9127740899386667,5.472695473407893,-2.9738620342927544,-0.0029638590505238625,0.9999999585079228,0.0060941668960411925,0
6.32,-0.003753618804836067,0.0047316906443019766,-9.610591402559043e-13,-0.06302575253963016,0.3798828274740684,0.3859137538375486,1.7608211424949234,0.00018417655868432456,0.9999999834367892,20.923289116584673,1,-0.05529556786851818,0.7223017104502113,0.7243230834831993,1.6608813806509473,-0.0011839035396787028,1.0,2.66138109091123,1,-0.4002049534439669,0.9215468516398373,1.0078296721023623,1.9898389168619435,-0.0005926548508270531,1.0000001407078951,1.0121414177702912,1,-1.1483086250143903,1.1353316113750846,1.6211940073979139,2.366557765206302,-7.252560902581212e-05,1.0,0.2689563416714482,1,-5.376562269739839,-0.964254880811787,5.472218326146686,-2.9642886625828977,-0.003161327319847628,0.9999998530974662,0.006095027218610804,0
6.340000000000001,-0.003753618804748694,0.0047316906442932995,-9.662338203847431e-13,-0.24887780902420986,0.33715854843149135,0.4242291431885007,2.2267264720043576,0.00018182464771001442,0.9999999128101422,20.252912169167505,1,-0.20004664920914494,0.6953418061033247,0.7254096282076684,1.8643548323387826,-0.0007652224044871076,1.0,2.657323467027577,1,-0.5115233687229077,0.8657443734835514,1.0097930377235302,2.1133505518244555,-0.0007377316794523077,1.0000000627631582,1.00782770409247,1,-1.2176514215230874,1.0699658209042566,1.6277414941562567,2.4251067619837166,-5.65947627652829e-05,1.0,0.264918806265741,1,-5.366588034086338,-1.0156426601688209,5.471714939470606,-2.954713550307032,-0.003369245189670852,1.0000001917583017,0.006095976125614679,0
6.36,-0.003753618804677041,0.00473169064428396,-9.705240083812683e-13,-0.3828241875918997,0.22456068355800723,0.451846227911217,2.6240572738451005,0.0001789280473562053,0.9999999580899559,19.298554764734472,1,-0.33614903619527847,0.6397535188653465,0.72643112714973,2.067236169766641,-0.0002510309610464375,1.0,2.6524321929923036,1,-0.614857392511104,0.7966944964510657,1.0116148767887692,2.2363994139686807,-0.0008996499817937089,0.9999998023063587,1.003386064558971,1,-1.2825016432813088,1.0006858929213045,1.6338643658679657,2.483201780715148,-4.310775256181572e-05,1.0,0.2610320249395773,1,-5.356095542493065,-1.066932444058181,5.47118533127568,-2.945136606362662,-0.0035851052512056126,0.9999999507545891,0.006097013623508915,0
6.38,-0.003753618804678054,0.004731690644274255,-9.745093187268905e-13,-0.4502771241366106,0.07332759014183637,0.46575616304551015,2.98580949763372,0.0001780153926345765,1.000000092928516,18.277469356560395,1,-0.4580511085162734,0.557940205165826,0.7273461612743953,2.2695759139240494,0.0002993737744826074,1.0,2.6469144283574595,1,-0.7086755574977067,0.7155210752656934,1.0132681189228017,2.359025737063833,-0.0010650934641183065,1.000000116732879,0.9988860058828083,1,-1.3426748341264074,0.9277865921247174,1.639545239957342,2.5408786248200497,-3.1354120603548495e-05,1.0,0.2573041572954912,1,-5.345085656905531,-1.1181192537538922,5.470629525454784,-2.935557740269126,-0.003807151245491451,0.9999998586150283,0.0060981397139232936,0
6.4,-0.0037536188046701723,0.004731690644265661,-9.785750768737111e-13,-0.4462131248510621,-0.08932310103993119,0.4649221159007465,-2.9458255670390816,0.0001787762980823829,1.0000002388650793,17.324021824093254,1,-0.5608197626617918,0.45334802807876545,0.7281179531418003,2.4714456609004976,0.0008042449714588394,1.0,2.6409985593786875,1,-0.791601787345768,0.6235145199722795,1.014728470980281,2.4812753874737474,-0.0012130148283379092,1.0000000917060805,0.9943955257801357,1,-1.3980038617229817,0.851566710147841,1.6447683767515489,2.598173190260793,-2.057871516579059e-05,1.0,0.25374221601479136,1,-5.3335592823292854,-1.1691981160336546,5.47004755068098,-2.925976862035069,-0.004033841207956739,1.0000001938677536,0.00609935438968928,0
6.42,-0.0037536188045300587,0.004731690644259846,-9.819996378557239e-13,-0.37090224617373496,-0.23760903958963692,0.4493986944897022,-2.581442761124457,0.00018056694248707962,1.0000003109811235,16.541210483713854,1,-0.640324862017841,0.33031536264806605,0.7287156550881297,2.672934935733925,0.0012086417907728045,1.0,2.6349245312623877,1,-0.8624310480718592,0.5221110344000467,1.0159747345729713,2.6031991112173536,-0.0013251226587585785,0.9999998000026449,0.9899800921594586,1,-1.4483383947791835,0.772328389678958,1.6495196325391694,2.6551214114539303,-9.929860394555011e-06,1.0,0.25035217394778136,1,-5.321517366839828,-1.2201640634582205,5.469439440076764,-2.9163938821772537,-0.004263533771489317,0.9999999430792812,0.006100657631624701,0
6.44,-0.0037536188042281505,0.004731690644257278,-9.833141245696453e-13,-0.23013928461097952,-0.34396268427888543,0.4203794583473094,-2.178253872790082,0.00018263420517760086,1.000000267313293,16.041646944195023,1,-0.6933891881348039,0.19389365682172446,0.7291154084026692,2.8741476266222326,0.0015205452368840502,1.0,2.6289357124621144,1,-0.9201424148881264,0.4128710084471306,1.0169890603465987,2.7248517308581093,-0.0013993959121502831,1.000000089881614,0.9857028060396831,1,-1.493544406614248,0.6903765422251671,1.6537864154867257,2.7117592194124014,1.4703462162720895e-06,1.0,0.24713908215466512,1,-5.308960901594483,-1.2710121346517909,5.468805231513572,-2.9068087117704504,-0.004494263285626786,0.9999998643566036,0.006102049406376858,0
6.46,-0.003753618803907365,0.004731690644256884,-9.815499107945769e-13,-0.04012869500616764,-0.3766601187962153,0.38120395159555126,-1.7021323506316501,0.00018356858388975697,1.000000133271311,15.989673188225266,1,-0.7179010247554527,0.049646927870257665,0.7293012110013545,3.075198053689364,0.0017850513805079103,1.0,2.6232711348757385,1,-0.9639096684589155,0.2974567931887189,1.0177571091614739,2.846291333049413,-0.0014461137124911557,1.0000001183894036,0.9816246946432468,1,-1.533503711032304,0.6060183488044628,1.6575576435766348,2.7681225105593157,1.4483340523630862e-05,1.0,0.24410719816300272,1,-5.295890920845442,-1.3217373745830145,5.468144968601686,-2.8972212624965494,-0.004723444350833097,1.0000001956700382,0.0061035296655286815,0
6.48,-0.0037536188037917218,0.004731690644256988,-9.775665520128651e-13,0.16081345825974014,-0.30304679651877764,0.3397704689464126,-1.1101635874639106,0.00018223173489931272,0.9999999868524025,16.62673365511792,1,-0.7128876322044222,-0.09656328406094411,0.729265541825333,-3.006978615289367,0.002045186805441016,1.0,2.6181567836380077,1,-0.9931095649925069,0.17761004576978473,1.0182681461781042,2.967578492258596,-0.0014740201032859986,0.9999998026267835,0.977803949803965,1,-1.568113535863299,0.5195628327225842,1.6608237043891059,2.8242471258571844,3.0088424955916692e-05,1.0,0.24126010922113297,1,-5.28230850195387,-1.3723348348463604,5.4674587029087345,-2.8876314465813686,-0.00494761486512805,0.9999999354941597,0.006105098346052827,0
6.5,-0.0037536188038851024,0.004731690644257442,-9.736677610006073e-13,0.2990477332009794,-0.11353226186701512,0.31126092118038506,-0.378056459492709,0.00017972984794103734,0.9999999132557599,18.104476861900984,1,-0.6785486951686637,-0.23880108982468815,0.7290096660723886,-2.8058896313021884,0.002328547348850377,1.0,2.6137968649181786,1,-1.0073279085435947,0.0551288037326667,1.0185151095744558,3.08877553005344,-0.0014854642749258249,1.0000000608157038,0.9742947290615946,1,-1.5972861393844613,0.43132049434224473,1.663576416617564,2.8801688408416397,4.9331017591859677e-05,1.0,0.2386008357560535,1,-5.268214765404659,-1.4227995739436454,5.46674649724867,-2.878039176150249,-0.005163737299383859,0.999999870313095,0.006106755372024104,0
6.5200000000000005,-0.0037536188038896677,0.004731690644259742,-9.704249123027031e-13,0.2943427708147017,0.12981816635659782,0.3122190796224617,0.4238620816095084,0.00017770784016925964,0.9999999553062789,19.892468120416872,1,-0.6162494081936734,-0.3712814074767787,0.7285436029625976,-2.6046010476474177,0.002636053113715425,1.0,2.6103662017725475,1,-1.00636351417418,-0.0681555957786205,1.0184946593772077,-3.073239519643421,-0.0014836021486195944,1.0000001421556617,0.9711463063900466,1,-1.6209484741369424,0.3416029988700739,1.6658089890605428,2.935923365108409,7.192481852236223e-05,1.0,0.23613191398394687,1,-5.253610874821057,-1.4731266575653883,5.466008423478437,-2.8684443615498596,-0.005374151407549447,1.0000001971622996,0.006108500657744123,0
6.54,-0.003753618803935136,0.004731690644263092,-9.670610666423496e-13,0.14989550090619008,0.31340660777461754,0.34199009158481225,1.1485300093553252,0.00017493573645401458,1.0000000885353286,20.932320476910814,1,-0.5284732954633582,-0.4885910228112051,0.7278857715966184,-2.403000953446437,0.002945794269011276,1.0,2.6080039380057314,1,-0.9902301188651899,-0.19040167677169695,1.018207195221663,-2.9520324179349915,-0.0014746737862449788,0.9999998101141164,0.9684025984078133,1,-1.6390419014225315,0.2507229088911367,1.6675159785411877,2.9915463419171684,9.583553140998761e-05,1.0,0.23385546586059544,1,-5.238498036978506,-1.5233111588717052,5.465244547779885,-2.8588469111273276,-0.005584744104464355,0.9999999280112427,0.006110334114131154,0
6.5600000000000005,-0.0037536188042720945,0.00473169064426594,-9.65493093460501e-13,-0.052113504838130195,0.3801208105351096,0.38363273456569397,1.732689019746383,0.0001713801997905344,1.0000002354187179,20.945677728206352,1,-0.41873530599145936,-0.585899336129104,0.7270623448498675,-2.2009890700372616,0.003243659549096862,1.0,2.6068084216521457,1,-0.9591562681965238,-0.30978101011052056,1.017656852846703,-2.83072531272171,-0.001456535785167082,1.0000000302513208,0.9661018642394692,1,-1.6515219586334102,0.1589934535900359,1.6686932688246414,3.0470733477478587,0.00012040459604818746,1.0,0.2317732635748063,1,-5.222877501815879,-1.5733481587729379,5.464454926728831,-2.849246734234614,-0.005794926151182634,0.999999876475065,0.006112255657927497,0
6.58,-0.0037536188047110654,0.004731690644269498,-9.678174060778755e-13,-0.24005060567713518,0.34217566995857684,0.42237771844771826,2.203483059591134,0.00016898727839124137,1.0000003104869797,20.299513602617345,1,-0.29145633981745234,-0.6591522683512387,0.7261063289794925,-1.998480738498079,0.0035193310084423697,1.0,2.6068332364239746,1,-0.913583174593589,-0.42450137281527944,1.016851475605992,-2.709256250897127,-0.001421419490134875,1.000000162419264,0.964276458172213,1,-1.658358180866648,0.0667283266566888,1.6693380635487218,3.10253990491069,0.00014647964680288946,1.0,0.22988679128810663,1,-5.206750562442922,-1.623232746211542,5.4636396204829465,-2.839643742199493,-0.006000642106316137,1.0000001983421738,0.006114265217205687,0
6.6000000000000005,-0.0037536188050078362,0.004731690644275635,-9.736887945227535e-13,-0.37732688349567967,0.2325337914601423,0.45068030588398694,2.6036035798249286,0.00016843981192612233,1.0000002700589024,19.353947058247027,1,-0.15180126504659824,-0.7052424184863392,0.7250563689480496,-1.7954104750141417,0.0037569522649144654,1.0,2.6080844830028322,1,-0.8541605089470177,-0.5328298208508706,1.015802543708496,-2.5875652226286405,-0.001363217484395588,0.9999998222801593,0.9629525951462983,1,-1.6595339778152787,-0.025758495025037687,1.6694488741717126,-3.1252038069035786,0.0001749634364224158,1.0,0.2281973044322967,1,-5.190118555145785,-1.6729600184468112,5.462798698384128,-2.8300378470594922,-0.006199119239576887,0.9999999206423863,0.006116362731222999,0
6.62,-0.003753618805106845,0.004731690644284591,-9.81392918320001e-13,-0.4485931956243329,0.0826742907412893,0.4653749225836265,2.966591810536565,0.0001690390880941824,1.0000001376590404,18.33250890078603,1,-0.005483752102434001,-0.7221482614767101,0.7239552995271646,-1.5917349574267945,0.003940745582572607,1.0,2.610519493897165,1,-0.7817400550691338,-0.6331155950611981,1.0145250635453933,-2.465594904256991,-0.0012794202368152797,0.9999999989415584,0.9621501210556571,1,-1.6550465665440348,-0.11815291970073621,1.6690255094229205,-3.069751704520778,0.00020652013026503706,1.0,0.22670588565686375,1,-5.1729828593923335,-1.7225250813427302,5.461932237440016,-2.820428960757192,-0.006388996815257085,0.9999998828327507,0.006118548147628901,0
6.640000000000001,-0.0037536188051127987,0.004731690644295146,-9.894981969210681e-13,-0.4484632788486403,-0.08001878258741267,0.46535023042690565,-2.965079440908814,0.0001700662299691253,0.9999999903290913,17.372607255824622,1,0.14145710920226606,-0.7090351387458793,0.7228484789694337,-1.3874352820999367,0.004062214600349129,1.0,2.6140471949194364,1,-0.6973671297127231,-0.7238127485395275,1.0130374198454644,-2.343291405263674,-0.0011707802828184917,1.0000001786809238,0.9618822869209093,1,-1.6449069604485536,-0.2101409037669498,1.6680690713413755,-3.014253627840728,0.00024167058783933158,1.0,0.2254134963626124,1,-5.155344897837666,-1.7719230496585157,5.46104032030806,-2.8108169949206383,-0.006569680686998747,1.0000001992077914,0.006120821419095264,0
6.66,-0.003753618805143893,0.004731690644305688,-9.976826222807267e-13,-0.3769493807035523,-0.2297682353875285,0.45060794702317714,-2.6020131381522256,0.00017147915701409442,0.9999999137983697,16.577854269524778,1,0.28290150307702855,-0.666311224294271,0.7217819553553136,-1.182518325850928,0.004123619167496654,1.0,2.6185303212276754,1,-0.6022696526544382,-0.8035023420603342,1.0113611886932379,-2.2206050151501717,-0.0010405761256136689,0.9999998388251455,0.962155527293537,1,-1.6291400143721624,-0.3014086170846432,1.6665819577885566,-2.958674095178787,0.0002808718185149537,1.0,0.2243210236786483,1,-5.137206136330381,-1.8211490473415497,5.4601230340343445,-2.801201860851927,-0.006740959590140994,0.9999999133992657,0.006123182500441893,0
6.680000000000001,-0.003753618805214488,0.00473169064431539,-1.0064041613966346e-12,-0.23946965307822016,-0.33918144230052033,0.4222642057878039,-2.201719264015808,0.00017364249583156445,0.9999999525990725,16.05929545051332,1,0.4129059046445122,-0.5956327268997083,0.7208005321676907,-0.9770170638979113,0.004137692015208829,1.0,2.623789652174092,1,-0.4978447442256328,-0.8709140035327989,1.0095209085981225,-2.097490944878547,-0.0008941237965033244,0.9999999676578762,0.9629692426721607,1,-1.6077845254828094,-0.391642618196222,1.6645678708126075,-2.9029775957694377,0.0003245689595661572,1.0,0.2234293226470627,1,-5.118568083919481,-1.8701982078223935,5.459180469396315,-2.7915834695898565,-0.006902718905477292,0.9999998893760784,0.006125631346775512,0
6.7,-0.0037536188051870275,0.004731690644324669,-1.0155173143372442e-12,-0.05143148642873625,-0.3767700779993693,0.38349435381667957,-1.7306241690906243,0.0001758764742441562,1.0000000841535928,15.977353858179288,1,0.525961463546668,-0.49985443189710504,0.7199458156108896,-0.7709897310920701,0.004125114722833057,1.0,2.629610340554006,1,-0.38564273482062256,-0.9249465896974266,1.007543807300625,-1.973910055697775,-0.0007368595164860375,1.0000001905399607,0.9643156000732567,1,-1.5808933892171417,-0.48053004720103626,1.6620318307756967,-2.8471285772549395,0.0003732722480018326,1.0,0.22273925201648312,1,-5.099432292861269,-1.919065674311666,5.458212720926828,-2.781961732015589,-0.007054579751027973,1.0000001997577805,0.006128167912420022,0
6.720000000000001,-0.003753618804849615,0.004731690644333967,-1.0230011282530427e-12,0.15046816193968124,-0.3095993491097466,0.341862817879912,-1.1460229402639357,0.00017521626302977955,1.000000231912126,16.570279207414288,1,0.6172412509512987,-0.3829243080885717,0.7192543384675534,-0.5645177710265902,0.004111376667115117,1.0,2.6357502793951273,1,-0.26734849406868044,-0.9646876254691121,1.0054594815616786,-1.8498295658863917,-0.0005717147556563822,0.9999998593414138,0.9661793996343266,1,-1.5485338093468641,-0.5677588441735764,1.658980196836019,-2.7910914361139434,0.0004276437772616662,1.0,0.22225170279967324,1,-5.079800358626316,-1.967746600099049,5.457219888223514,-2.772336558911589,-0.0071955740564375375,0.9999999062933574,0.006130792149754877,0
6.74,-0.0037536188043418538,0.004731690644340791,-1.0261531208088925e-12,0.2944757123994617,-0.1256229128399533,0.312162443162091,-0.4209274923837267,0.00017195477679221853,1.00000030989597,18.006845888738816,1,0.6828230734756867,-0.24972418406150593,0.7187558627195471,-0.35770259292556394,0.004119328695985578,1.0,2.641950245534904,1,-0.14476002743966823,-0.989431134026583,1.0032995279253767,-1.725223719590319,-0.00040078298468433925,0.999999937171091,0.968537992177696,1,-1.5107875608013006,-0.6530180011351859,1.6554206942175784,-2.7348305109005397,0.0004881273356843235,1.0,0.22196762034481216,1,-5.059673919906762,-2.0162361488547282,5.4562020788303185,-2.762707860532095,-0.007325396747532665,0.999999896094681,0.006133504006929034,0
6.760000000000001,-0.003753618804317865,0.004731690644340574,-1.0264011862659572e-12,0.2985316059032955,0.11773696271674342,0.3113135119804299,0.38100239418151666,0.00017004172371590993,1.0000002727273758,19.806631181880224,1,0.7198748040854519,-0.10586216690790949,0.7184719698842026,-0.15066124284005344,0.004147515855601322,1.0,2.647945247654511,1,-0.019764350472328128,-0.9986934156257151,1.0010971265705875,-1.600074393809632,-0.0002349188038453219,1.000000197704173,0.9713612184006949,1,-1.467751303308633,-0.7359978558325421,1.6513624435236318,-2.6783100774200044,0.0005533722270943402,1.0,0.22188802041284397,1,-5.039054658624153,-2.0645294949332524,5.455159407023252,-2.753075545047088,-0.007449473697988584,1.00000019999127,0.00613630342438613,0
6.78,-0.0037536188046853537,0.0047316906443339605,-1.0287612775550237e-12,0.15984065963265096,0.30687015550148117,0.3398962541499175,1.1126891181127665,0.0001679859557534152,1.000000142034248,20.90417674844733,1,0.7267906221435254,0.042573854828225545,0.7184150289648075,0.05647880773259838,0.004173492313687092,1.0,2.6534769762199155,1,0.1056892654369599,-0.992226284738971,0.9988865721465552,-1.4743716222118042,-9.404790739542996e-05,0.9999998833234516,0.9746114420638882,1,-1.4195369432776548,-0.816390435892849,1.6468159832856681,-2.6214943526328227,0.0006206373494646899,1.0,0.2220139993626125,1,-5.017944299938632,-2.112621823679317,5.4540919792613645,-2.7434395179672437,-0.007577127614915683,0.9999998993359198,0.006139190333236075,0
6.800000000000001,-0.0037536188048246655,0.004731690644325508,-1.0337715926345137e-12,-0.04122518963981592,0.38001934053720937,0.38134258083619726,1.7042096148396244,0.0001663401875317882,0.9999999938651586,20.965852385785627,1,0.7032691938270218,0.1892890986162153,0.7185875783699355,0.26358549028442796,0.004185436525709185,1.0,2.658306310735173,1,0.22961848157671264,-0.9700272413052253,0.9967027517286741,-1.3481140314323503,1.3888174228909742e-05,0.9999999082323847,0.9782437158636283,1,-1.3662720405831494,-0.8938898622701359,1.6417933020823083,-2.5643475165237706,0.0006891783611570648,1.0,0.22234673828277712,1,-4.996344612258202,-2.1605083317345057,5.452999886742468,-2.7337996851158333,-0.007710525731522213,0.9999999029779133,0.006142164658101692,0
6.82,-0.0037536188047430827,0.0047316906443168605,-1.0388833890373483e-12,-0.2311422447772821,0.3469534798010968,0.4204939168149364,2.180024294330378,0.00016657690234088093,0.9999999144377067,20.345014913323887,1,0.6503284997071846,0.3280663471792349,0.7189821850723404,0.47052824618644606,0.004180262272943485,1.0,2.662224690168431,1,0.35003920350753215,-0.9323460421113806,0.9945805942840336,-1.221309165559687,9.21211120648282e-05,1.0000001999970372,0.982206089388407,1,-1.3081002560854205,-0.9681928213007829,1.6363078913842848,-2.506833739932546,0.0007594559147484191,1.0,0.22288750000779742,1,-4.974257407246283,-2.2081842273452135,5.451883217329354,-2.724155954237516,-0.007847663736436255,1.0000001999078898,0.006145226319879904,0
6.840000000000001,-0.0037536188046646433,0.004731690644307597,-1.0430727462318323e-12,-0.3717049088337774,0.24035903611595927,0.4494724297839943,2.5830362885365177,0.00016847188489156858,0.9999999499696577,19.408926939411234,1,0.5702562735232978,0.45304611618356566,0.7195818052159654,0.6771840387677232,0.004153412477523845,1.0,2.6650641788417224,1,0.4649985747530263,-0.8796871572837717,0.9925544953296016,-1.093973658386934,0.00014479802034776884,0.9999999101803516,0.9864400740814678,1,-1.245181834791691,-1.0389991150767774,1.6303747980682937,-2.4489172159445447,0.0008315100054184729,1.0,0.2236376182702231,1,-4.951684539828273,-2.2556447306728296,5.45074206247529,-2.7145082340778965,-0.007987614368471901,0.9999998925379765,0.006148375235716963,0
6.86,-0.0037536188046611418,0.0047316906442978765,-1.046906485113741e-12,-0.4467687730186206,0.09195152130700922,0.4649486689580031,2.947338334360771,0.00017066769767842883,1.0000000797854474,18.387566131399346,1,0.46649941146173884,0.5589870519089845,0.7203606109020061,0.8834429270341055,0.004100352404911365,1.0,2.6667053599935246,1,0.5726090773560089,-0.8128076485361232,0.9906577175194801,-0.966133234825621,0.00017524856527069774,0.9999998815547947,0.9908812843333665,1,-1.1776941183939205,-1.106012300163349,1.6240106733730506,-2.390562204169022,0.0009049151256337128,1.0,0.2245984787938389,1,-4.928627908197851,-2.3028850741063756,5.449576516565971,-2.704856433688531,-0.008130573279349289,0.9999999100148695,0.006151611318310567,0
6.88,-0.003753618804661322,0.004731690644289128,-1.0508395369146495e-12,-0.4505717387795396,-0.07071017080306242,0.4657338283581071,-2.984299909847214,0.00017225681394018595,1.0000002283470149,17.421534611557405,1,0.3434997201416064,0.641492808973733,0.7212852248524326,1.0892128899979354,0.004020652971732648,1.0,2.6670825416226904,1,0.6710830340667067,-0.7327100937306628,0.9889217810309562,-0.8378225273222597,0.0001867744892553162,1.0000001973620583,0.9954602689686806,1,-1.1058320795089223,-1.168940424964218,1.617233823241724,-2.331733090775306,0.0009790327942303207,1.0,0.2257714918188924,1,-4.905089453822735,-2.349900502577196,5.448386675383079,-2.695200462314484,-0.00827704217453956,1.000000199507772,0.0061549344757928824,0
6.9,-0.0037536188045388065,0.004731690644283033,-1.05423699284235e-12,-0.38286836618927184,-0.22184400693520967,0.4517764796308799,-2.622474361763388,0.00017354621961915916,1.0000003092083833,16.615176285614226,1,0.2064865346458456,0.6971944813376806,0.7223162841985667,1.2944236586042148,0.003920184838518174,1.0,2.6661860394065173,1,0.7587666917024118,-0.6406303076419363,0.9873758601782107,-0.709084693592206,0.00018274237130218375,0.9999999392503711,1.0001035379135872,1,-1.0298088683452862,-1.2274968762413458,1.6100642605699624,-2.27239446515083,0.0010531799230367755,1.0,0.22715805519579324,1,-4.88107116145003,-2.396686273875605,5.447172635351707,-2.6855402295027426,-0.008427350555784153,0.9999998859102982,0.006158344612427265,0
6.92,-0.0037536188042507066,0.004731690644280224,-1.0556997984134675e-12,-0.24871332049935452,-0.3342240988580992,0.42411776770764026,-2.224977351298774,0.00017534611048684637,1.000000275317411,16.07809447227434,1,0.06123876784765205,0.723881170998379,0.7234102389252101,1.4990293992365573,0.003811206768523961,1.0,2.66406153787431,1,0.834172975803492,-0.5380197688691966,0.9860462028152313,-0.5799708278427083,0.00016670867216787185,0.9999998577956459,1.004734778039894,1,-0.9498563607108524,-1.2814013453520239,1.6025237581895275,-2.212511214740749,0.0011267681574495877,1.0,0.22875950720336288,1,-4.856575059110683,-2.443237658969409,5.445934493500788,-2.6758756452776677,-0.008581330535871817,0.9999999171944002,0.0061618416301484425,0
6.94,-0.0037536188039274903,0.004731690644279774,-1.0541528587537652e-12,-0.06275047057213526,-0.3766023620452596,0.3857755593762615,-1.7587799755233444,0.00017739320113041807,1.0000001463947985,15.966907069807114,1,-0.08617024841554251,0.7205750109649839,0.7245212837806493,1.7030101829044537,0.003711125203570954,1.0,2.6608067501384745,1,0.8960119539714346,-0.4265228517090593,0.984955589412478,-0.4505391658811129,0.00014289058165418533,1.0000001898641608,1.0092762405258144,1,-0.8662256942127613,-1.330380924567516,1.5946359012514673,-2.1520486401408476,0.001199489940716679,1.0,0.23057706912120848,1,-4.831603218122387,-2.4895499423241723,5.4446723481787895,-2.6662066203463715,-0.008737954038255348,1.000000198791551,0.00616542543058601,0
6.96,-0.003753618803788881,0.004731690644279937,-1.0502310826554506e-12,0.13989236674087543,-0.3158245427609179,0.34399066480341595,-1.181448170220592,0.00017792694193323965,0.9999999974588788,16.516348489235874,1,-0.2296321096986194,0.6875504759882917,0.72560332442124,1.9063722569165795,0.0036408748924846132,1.0,2.6565657688784943,1,0.9432180387184653,-0.30794916985866644,0.984122848679147,-0.32085409397248077,0.00011633880165624659,0.9999999698172367,1.013650270041798,1,-0.7791877770947496,-1.3741713433293683,1.5864261378951494,-2.090972592644929,0.0012715175769943156,1.0,0.23261177776466566,1,-4.806157753090825,-2.535618422225785,5.443386301110579,-2.656533066261574,-0.008895029987275926,0.9999998794633861,0.006169095916532791,0
6.98,-0.003753618803875047,0.004731690644280357,-1.046232545043324e-12,0.28940226254033147,-0.137556096969349,0.313155484978533,-0.46355099095307656,0.00017630473738576723,0.9999999151734591,17.91035902147958,1,-0.36325509413836854,0.6263007812578858,0.7266118865997369,2.1091472028089426,0.0036203078558403163,1.0,2.651521610795715,1,0.9749730065832345,-0.18424155286943142,0.9835624464612455,-0.1909849817323824,9.229096237657147e-05,0.9999998375403539,1.0177809310503596,1,-0.689033751477226,-1.41251835362021,1.5779218278841642,-2.029249635570377,0.001343126902499148,1.0,0.23486440511779072,1,-4.780240821909445,-2.5814384111059887,5.442076461401996,-2.6468548951361375,-0.009050519037386986,0.9999999245051298,0.006172852991362275,0
7.0,-0.0037536188038987135,0.004731690644282546,-1.0429890458241164e-12,0.3022125988545475,0.10543761761507828,0.3105005174607503,0.33789015432396635,0.00017427887782318902,0.9999999474193177,19.71824387558396,1,-0.4815983738713512,0.5394563915216011,0.7275058887777796,2.3113901074723793,0.003649460036481093,1.0,2.6458875018817385,1,0.9907240116271265,-0.057440381511891535,0.9832841674824232,-0.06100486768702614,6.968225991188582e-05,1.0000001776880902,1.0215956588675579,1,-0.5960753901063469,-1.4451792726375543,1.5691522865240186,-1.9668472279300384,0.0014125577600408428,1.0,0.2373353621786399,1,-4.7538546257582714,-2.627005235871343,5.440742946768787,-2.637172018127183,-0.009207984920959816,1.000000197760361,0.006176696555581225,0
7.0200000000000005,-0.003753618803925037,0.0047316906442859494,-1.0396223812381145e-12,0.16954976902597005,0.2999340422385262,0.3378386545151517,1.0763944662097682,0.00017193495916175973,1.0000000754330236,20.87263029937521,1,-0.5798808101086114,0.430662091919881,0.7282492200241637,2.5131768942809027,0.0036983943432008256,1.0,2.6398974359579355,1,0.9901959247527178,0.07035480982464887,0.9832929058335632,0.06901097364723813,3.813621393581727e-05,1.0000000011277936,1.0250269125990938,1,-0.5006454028980919,-1.4719246891803484,1.5601488098966663,-1.9037339324486002,0.001475943848638805,1.0,0.2400245881989896,1,-4.7270014091031705,-2.672314238235767,5.439385871004156,-2.6274843443578764,-0.00937526136180354,0.9999998732074546,0.006180626503106063,0
7.04,-0.0037536188042382756,0.004731690644288843,-1.0378234729935265e-12,-0.030350050887074258,0.3795653124260127,0.37904259269380797,1.6753755540917734,0.00017043709056046641,1.000000224725124,20.983901782924818,1,-0.6541585067669203,0.3044197812557155,0.728812088208237,2.714600989008526,0.0037437002526546225,1.0,2.6337964693267937,1,0.9733975244335786,0.19702541568893456,0.9835885527145127,0.19898654329395463,-7.014206695317651e-06,0.9999998212880005,1.0280137995753904,1,-0.4030976263559266,-1.49254033761139,1.5509446809675886,-1.8398796625399063,0.0015320958103314053,1.0,0.2429314266558629,1,-4.699683459695227,-2.717360775055679,5.438005334405486,-2.617791783511147,-0.009552383160047823,0.9999999319354751,0.006184642721127873,0
7.0600000000000005,-0.0037536188046874,0.004731690644292235,-1.0398496300134674e-12,-0.22213870502756453,0.35148276602638556,0.4185779019359396,2.1563456088445774,0.0001718911978552644,1.0000003084245552,20.389525159821225,1,-0.7014671046285887,0.1659042960356544,0.7291720967327744,2.9157694962382137,0.003778833497539794,1.0,2.6278311314018628,1,0.9406212994103726,0.3204743921766201,0.9841659862346501,0.32884664511029416,-6.344309761279561e-05,1.0000001611338596,1.030503485638157,1,-0.30380706566786014,-1.5068291401329053,1.5415751771298574,-1.7752559654414843,0.0015820712726016836,1.0,0.24605448698463628,1,-4.671903108568735,-2.762140218667463,5.436601434755595,-2.608094247769709,-0.009734478463591498,1.000000196415836,0.006188745090209619,0
7.08,-0.003753618805005809,0.004731690644298045,-1.0455737838033219e-12,-0.36594361227678485,0.24803138208502526,0.44822322298810485,2.562351321145409,0.0001766793637589918,1.0000002778277444,19.46360343028987,1,-0.7199262488127357,0.02075935686646927,0.7293150227089384,3.1167990182096452,0.003802422797989379,1.0,2.6222402566381366,1,0.8924368729009095,0.4386662713451615,0.985015183384978,0.4585183816911401,-0.00012925616485079993,1.0000000324105627,1.0324524143793294,1,-0.20316975627218536,-1.5146134142959107,1.532077566218404,-1.7098363299763664,0.0016267705408698958,1.0,0.24939149089226484,1,-4.643662730038471,-2.8066479572283525,5.435174275920125,-2.5983916509959184,-0.009917889060748758,0.999999867152416,0.006192933481430255,0
7.1000000000000005,-0.003753618805117369,0.004731690644306721,-1.0533206251661653e-12,-0.444790140623332,0.10115745904151077,0.4644780847497083,2.928044358200397,0.00018324085240916697,1.0000001507385643,18.44274265097476,1,-0.7088047313322899,-0.12511965163197855,0.72923529314932,-2.9653740636364363,0.0038187005776264436,1.0,2.6172464532387427,1,0.8296783016059183,0.5496654232626641,0.986121445251479,0.5879325813102106,-0.0002040386767160072,0.999999809439037,1.0338272921521627,1,-0.10160240897075819,-1.5157372378460776,1.5224910764998767,-1.6435965234336871,0.0016666705400967582,1.0,0.252939103771972,1,-4.614964741697287,-2.8508793950606854,5.433723968289054,-2.5886839078591035,-0.010100410842118403,0.9999999394736634,0.006197207753088002,0
7.12,-0.003753618805130357,0.004731690644317151,-1.0615579595918412e-12,-0.4525266122349474,-0.061397236290126174,0.4660735685370244,-3.0034926168218274,0.0001896711775761028,1.000000001108498,17.470897865029574,1,-0.6685455474422788,-0.26580972655191865,0.7289361577533994,-2.7642568773226435,0.0038392430864902256,1.0,2.613048332783202,1,0.7534257330939567,0.6516715246202394,0.987465721582102,0.7170251127089341,-0.00028754162430875887,1.0000001406093584,1.0346057829648327,1,0.0004581996286903275,-1.5100689571018608,1.512856839908122,-1.5765149602795163,0.0017020977843589956,1.0,0.2566927526913443,1,-4.585811604413835,-2.894829952998599,5.43225062758847,-2.578970933528436,-0.010280466191402313,1.0000001947601065,0.006201567749434813,0
7.140000000000001,-0.0037536188051571816,0.0047316906443276765,-1.0698655503182941e-12,-0.388649506614799,-0.21383608515295993,0.45290529140190583,-2.6428335528119877,0.00019634096098174801,0.9999999160052676,16.653260964796253,1,-0.6007506137096447,-0.3955850113682803,0.7284295612211019,-2.5629164159691777,0.003879450678893456,1.0,2.6098135221724306,1,0.6649821015791952,0.7430513361974768,0.9890250225829089,0.8457380499577012,-0.00037922816893566885,1.0000000628947496,1.0347768913687005,1,0.10255613115170205,-1.497503818112358,1.5032178070131412,-1.5085731007094394,0.0017334034834210294,1.0,0.26064643302388585,1,-4.556205822330225,-2.9384950687363696,5.430754374152318,-2.569252643613687,-0.01045664437959614,0.9999998613078637,0.006206013302567103,0
7.16,-0.003753618805221564,0.004731690644337366,-1.0786684045971384e-12,-0.2578624409307659,-0.32909185319393736,0.42594212449167507,-2.2480389555856384,0.00020610712535272212,0.9999999449492973,16.098103369523994,1,-0.5081253150903762,-0.5091362007451118,0.727735725010949,-2.361242717764355,0.003955317595635849,1.0,2.607672569948402,1,0.5658456925479705,0.8223660739825397,0.9907729038481927,0.9740206591077246,-0.00047768919568194883,0.999999802285417,1.0343410287027597,1,0.20421752435558266,-1.4779666918738088,1.4936186302788501,-1.4397558754642918,0.0017610707034969991,1.0,0.26479250659298975,1,-4.526149942858298,-2.981870197177556,5.429235332715701,-2.5595289541941835,-0.01062741103564699,0.9999999471077509,0.006210544237626091,0
7.180000000000001,-0.0037536188052149626,0.004731690644346591,-1.0879136133623568e-12,-0.07407786666057427,-0.37616066496174666,0.38805075130103656,-1.786618919798416,0.00021759217472924018,1.0000000710984458,15.958332971103488,1,-0.3943835204106365,-0.6017783170349007,0.7268824418662153,-2.159138386737912,0.004082289263008425,1.0,2.60671434936401,1,0.4576795043535535,0.8883938651181046,0.9926800081609385,1.1018301880637384,-0.0005796194282333575,1.0000001166203014,1.0333097732609495,1,0.3049522084807017,-1.4514148559762705,1.4841055118260351,-1.3700521321005823,0.0017858454785056222,1.0,0.26912149497790266,1,-4.495646556672877,-3.024950810784538,5.4276936327847,-2.549799781901191,-0.010790771324934627,1.0000001927957956,0.0062151603801535405,0
7.2,-0.003753618804910209,0.004731690644355867,-1.0957931610711125e-12,0.1290966812120693,-0.3217259128344953,0.34615755608764553,-1.2164689926411796,0.00022576157325148675,1.0000002210482215,16.464869245353444,1,-0.2641143668114402,-0.6696402520745964,0.7259040779859652,-1.9565224868688766,0.004264716808273614,1.0,2.606982652245832,1,0.34227837782730036,0.9401469943536586,0.9947146466843733,1.2291324507233223,-0.0006791559049450399,1.0000000918292369,1.0317053489988237,1,0.4042557281417561,-1.4178407854021753,1.4747260124912238,-1.29945509649107,0.0018089570401076812,1.0,0.2736218724230001,1,-4.464698297701042,-3.0677323999292145,5.426129410184521,-2.540065044004229,-0.01094395967752894,0.999999855683058,0.006219861563029015,0
7.220000000000001,-0.0037536188043825825,0.004731690644363098,-1.0994807495001702e-12,0.28383595330501304,-0.14932850177232676,0.3142436688575244,-0.5059600002585056,0.0002294445867430081,1.0000003075448678,17.814947572531732,1,-0.12261310171371985,-0.7098290977816768,0.7248403106416025,-1.7533339642063028,0.004491614946003962,1.0,2.608473488218054,1,0.22153485549954685,0.9768838542143422,0.9968434011036227,1.3559022047638198,-0.0007688812560919792,0.9999998000034025,1.0295598593175372,1,0.501611812158502,-1.3772748950157647,1.4655288208762383,-1.2279628414946875,0.0018320616863135083,1.0,0.2782798661553697,1,-4.433307843106988,-3.11021047324612,5.424542810708013,-2.530324658143681,-0.011084715159585755,0.9999999548256422,0.006224647629764801,0
7.24,-0.003753618804288997,0.004731690644363675,-1.0997717493632653e-12,0.30538281041396953,0.09291997368652764,0.3097839901370849,0.2944750173640615,0.0002315503505141899,1.0000002802571506,19.627115947710887,1,0.024320373529105446,-0.7205620155892765,0.7237346388362017,-1.5495344586894462,0.004730842796752556,1.0,2.6111339957723123,1,0.09740467680116767,0.9981156997130918,0.999031729477388,1.4821233266546248,-0.000848613513101955,1.0000000897577697,1.0269143215854573,1,0.5964953116394784,-1.3297881656858446,1.4565634830200214,-1.1555787498480437,0.0018552915608946116,1.0,0.28307927419736,1,-4.4014779132731725,-3.152380557989446,5.422933992216609,-2.520578540826675,-0.011217041689863483,1.0000001905260159,0.006229518432098826,0
7.260000000000001,-0.003753618804646728,0.00473169064435747,-1.101732854252857e-12,0.17902296899775041,0.2925871699262403,0.33581734834937227,1.0395764829059895,0.00023312928663672976,1.0000001550634252,20.837352695170352,1,0.1706099103937015,-0.7012584350130814,0.7226326904316597,-1.34511035239544,0.004931324124594438,1.0,2.6148632202364563,1,-0.02812727581174592,1.0036084669417673,1.0012445697587522,1.6077887947039835,-0.0009294623110053067,1.0000001185010905,1.023817551089467,1,0.6883756233399375,-1.2754945762005012,1.447880084194788,-1.0823119524462637,0.001875643262833736,1.0,0.28800129993262913,1,-4.369211271780059,-3.194238200394943,5.421303113090723,-2.510826605875928,-0.011350567594471601,0.9999998502869112,0.006234473824381215,0
7.28,-0.0037536188048086787,0.004731690644349056,-1.1064925017900684e-12,-0.019480922788505745,0.3787487376138831,0.3767287228228697,1.6461273417959394,0.0002333526922044791,1.0000000048122353,20.99959619502344,1,0.3101511367575844,-0.6525859293521303,0.7215803678340162,-1.1400739097350228,0.0050674317642148544,1.0,2.6195147806106007,1,-0.15307988180666918,0.9933800386632283,1.00344693353061,1.7329005148954828,-0.001013566237839106,0.9999998026492216,1.0203249335561813,1,0.7767206016501856,-1.2145532552718987,1.439528869892285,-1.0081777365515283,0.0018912202142850804,1.0,0.2930244110178342,1,-4.336510725385124,-3.235778966045735,5.419650319474931,-2.5010687665696487,-0.011487256225795441,0.9999999626151088,0.006239513660781566,0
7.300000000000001,-0.0037536188047383743,0.004731690644340432,-1.1115158272956283e-12,-0.21303272649341862,0.3557583790312806,0.4166244627029839,2.132405104508847,0.00023220482199220126,0.9999999169327265,20.432939763026926,1,0.4370696832814596,-0.5764543490332956,0.7206219141515354,-0.9344633694079149,0.005145404547255137,1.0,2.624901551820752,1,-0.2755069714087749,0.9676934267569494,1.0056044615107262,1.8574690132540004,-0.0010923971482524018,1.0000000606836443,1.0164971217255943,1,0.8610009462501753,-1.1471702608911933,1.4315598268971137,-0.9331979182601281,0.0019024472431268932,1.0,0.2981242474239931,1,-4.303379124000014,-3.276998440241108,5.417975753474565,-2.4913049379312735,-0.01162367581012427,1.0000001879543632,0.006244637794284125,0
7.32,-0.0037536188046545793,0.004731690644331231,-1.1156232188058723e-12,-0.3600394378892603,0.2555484220180711,0.4469284988633185,2.5415193624140455,0.00023120027984122429,0.9999999425608019,19.517943785185462,1,0.5459782921571475,-0.47595480137479035,0.7197979838181515,-0.7283418637979818,0.005180870462941223,1.0,2.6308024139181443,1,-0.39352636443316136,0.927046390136264,1.0076839347813589,1.9815129982289503,-0.0011590772098991294,1.000000142253127,1.012398747762155,1,0.9406950337000127,-1.0735998894168617,1.4240222351473792,-0.8574011495779659,0.0019100315880647308,1.0,0.30327360632366823,1,-4.269819360665981,-3.3178922283690624,5.416279561958645,-2.4815350361720854,-0.011757918052506856,0.9999998451279727,0.0062498460737313724,0
7.340000000000001,-0.0037536188046419327,0.004731690644321513,-1.119317746128834e-12,-0.44265804280991045,0.11029017968087983,0.4639608368143604,2.908686548508079,0.0002313597437436698,1.0000000667838296,18.498028890648282,1,0.6322200737185965,-0.35524283775159204,0.7191438066752369,-0.5217951237859701,0.005190110045992757,1.0,2.6369709819041596,1,-0.5053464551768203,0.8721580207014251,1.0096537438955455,2.1050588185109853,-0.0012105216024128611,0.9999998101576824,1.0080971994637957,1,1.015294140671035,-0.9941454155142142,1.4169641804672861,-0.7808231390444397,0.001914569450553664,1.0,0.3084425230728955,1,-4.235834371528251,-3.358455956282863,5.414561897050978,-2.4717589778163025,-0.011889948796718454,0.9999999704638091,0.006255138340294071,0
7.36,-0.003753618804651192,0.004731690644312622,-1.1230916370508215e-12,-0.4543321032018731,-0.05208279526730134,0.46636849747346965,-3.0226805650421507,0.00023217229439216155,1.0000002173181013,17.52067467719235,1,0.692084578837188,-0.2193685924036769,0.7186875485249375,-0.3149280106691295,0.005187138604801519,1.0,2.6431460499404875,1,-0.6092901587240344,0.8039528205704428,1.0114843121161639,2.2281398459749444,-0.0012457870639558952,1.0000000301143,1.0036614124306518,1,1.0843079855496764,-0.9091591678239903,1.410432031024048,-0.7035067705409294,0.001916675874418705,1.0,0.3135984363792685,1,-4.201427135809352,-3.3986852706811237,5.4128229143971325,-2.461976679387682,-0.01202058931140873,1.0000001850849127,0.006260514424958515,0
7.380000000000001,-0.0037536188045466648,0.004731690644306259,-1.1264578679559545e-12,-0.39429860513599274,-0.20574900613273583,0.45399297728870514,-2.663116976698059,0.00023334519690112568,1.0000003065697507,16.692052921183244,1,0.7229838382914681,-0.07406031535392349,0.7184489681156422,-0.10786000094450328,0.0051814242605733455,1.0,2.6490632917399046,1,-0.7038161328737987,0.7235427619890279,1.0131484716151142,2.3507958032191434,-0.0012654248599443928,1.0000001625001063,0.9991607300184497,1,1.147270493857078,-0.8190418557458786,1.4044698890903187,-0.6255021028760174,0.0019169225744472464,1.0,0.3187064178382513,1,-4.166600675781473,-3.4385758394912562,5.411062771735141,-2.452188057395355,-0.012150881000286827,0.9999998402144166,0.00626597414732532,0
7.4,-0.0037536188042710424,0.0047316906443032065,-1.128059017724281e-12,-0.26692087503461576,-0.3237912681143539,0.4277325173226216,-2.2709324870850085,0.00023549914149461953,1.0000002826044438,16.11924750299957,1,0.723577221071961,0.07452865619594722,0.7184384563636826,0.0992801634344096,0.005176557229188268,1.0,2.6544675923042598,1,-0.7875372703650785,0.6322077704587775,1.0146217918244858,2.4730720510412967,-0.0012709692402153444,0.9999998223437794,0.9946638701167366,1,1.2037456710797334,-0.7242410790582566,1.3991190321462137,-0.5468662350631367,0.0019157672876266097,1.0,0.3237294753409782,1,-4.131358056737385,-3.478123352255773,5.409281628008011,-2.44239302845057,-0.012281643139832108,0.9999999783593072,0.006271517315795046,0
7.42,-0.0037536188039487463,0.00473169064430265,-1.1267072344556261e-12,-0.08540971076927253,-0.37545127840124226,0.3903090351678955,-1.8141606101759442,0.00023896338657922368,1.0000001593672705,15.951611816659288,1,0.6938368389896938,0.22009640196390606,0.7186565218196637,0.3063603709458492,0.005170929906016037,1.0,2.659125266796698,1,-0.8592365171278519,0.531375012533213,1.0158828603345578,2.595018849549211,-0.0012645992227557662,0.9999999988029522,0.9902379990535282,1,1.2533334463742198,-0.6252489728112433,1.3944173574525498,-0.4676630267288672,0.0019136294796985036,1.0,0.3286289530785804,1,-4.095702386959179,-3.517323520520979,5.40747964311294,-2.432591509474763,-0.012412986477307299,1.0000001819222102,0.006277143729190519,0
7.44,-0.003753618803788208,0.004731690644302871,-1.1228682914032895e-12,0.11809733502511419,-0.32729847186812305,0.3483460332905763,-1.2510661805362304,0.0002422780360953748,1.0000000085682832,16.416075651718533,1,0.6350490356250088,0.3564772613414785,0.7190937575987791,0.5132512414771325,0.005160709304639982,1.0,2.662835373096984,1,-0.9178801128416445,0.4225973072685414,1.016913518060729,2.716690604222883,-0.0012481042048743834,1.0000001787431514,0.9859479104940987,1,1.2956753351811743,-0.5225989653472984,1.39039884403608,-0.3879626680146046,0.0019111063299795123,1.0,0.33336503580979804,1,-4.0596368176844395,-3.556172078228112,5.405656978906806,-2.4227834179638026,-0.012543825499480618,0.999999835554028,0.006282853179290192,0
7.46,-0.0037536188038633633,0.0047316906443032915,-1.1187765124043292e-12,0.2777892509234608,-0.1609060091951716,0.3154096167649404,-0.5480511351368925,0.00024340905262778875,0.9999999179553829,17.721441137052377,1,0.5497518351346887,0.477919125908927,0.7197312916082045,0.7198320697552877,0.005141324579781354,1.0,2.6654393647071117,1,-0.9626283719778674,0.3075309182284642,1.0176990504007903,2.8381451062867784,-0.0012221381912258442,0.9999998389072524,0.9818553056332555,1,1.3304597597042445,-0.41686165753932286,1.3870930472278775,-0.3078410992843847,0.0019090281261170624,1.0,0.3378973477628103,1,-4.0231645430691305,-3.594664782107137,5.403813802654212,-2.4129686719964045,-0.012672928318782199,0.9999999862890936,0.006288645452606013,0
7.48,-0.0037536188039075068,0.004731690644305342,-1.1155078596947199e-12,0.3080166328178482,0.08022898692431324,0.30915886614630755,0.25091881575322283,0.000243226837743071,0.999999940254997,19.534441427785364,1,0.44161258242799495,0.5793379564796304,0.7205416898971723,0.9259962607335501,0.005096832606576238,1.0,2.666828462992052,1,-0.9928441288251,0.18791292497424494,1.0182283325513342,2.959442773594514,-0.0011915155087847296,0.9999999675210999,0.9780181682821132,1,1.357426864475162,-0.30863986512742664,1.384524645422337,-0.22737928647410383,0.0019072721922083662,1.0,0.34218562704212246,1,-3.986288800147102,-3.632797412073869,5.40195029037357,-2.4031471890342315,-0.01280484834975535,1.0000001784712673,0.006294520329212738,0
7.5,-0.003753618803916464,0.00473169064430878,-1.1121520371304427e-12,0.18821099581446504,0.28484675746693333,0.33383982198003875,1.0023739134546124,0.0002427939499400017,1.0000000624912802,20.799265764096972,1,0.3152538680478331,0.6565362785158483,0.7214902593998697,1.1316559609332144,0.00499888226703562,1.0,2.666948310570224,1,-1.0080989614411147,0.06553832231739398,1.0184939274385147,3.080645886850719,-0.0011696337285977082,1.00000019058204,0.9744902271081024,1,1.3763726701782797,-0.198562901330535,1.3827130570634811,-0.14666235714671713,0.0019036678358850111,1.0,0.3461904614568443,1,-3.9490128687875563,-3.6705657716312885,5.400066617432304,-2.3933188841986577,-0.012950241615801078,0.9999998311541909,0.006300477579551233,0
7.5200000000000005,-0.0037536188042053787,0.0047316906443117465,-1.1101384568557027e-12,-0.008661274562646593,0.37756081638997124,0.3744141274145897,1.6165627778286369,0.00023738467973528468,1.0000002135365842,21.013545121131543,1,0.17603877984475919,0.7063754117220501,0.7225366691357833,1.336745680921887,0.004846102591349643,1.0,2.6658005281999153,1,-1.008177289930645,-0.057763045668494425,1.0184921530449376,-3.0813674890756366,-0.0011645059077963944,0.9999998594399843,0.9713204935927998,1,1.387152422923577,-0.08728021041436662,1.3816721226704427,-0.06577861232839713,0.0018968673871228123,1.0,0.3498740617963187,1,-3.911340071650877,-3.707965688274107,5.398162944163688,-2.383483672075687,-0.01311144851722153,0.9999999942406039,0.006306516964690307,0
7.54,-0.0037536188046628483,0.004731690644314999,-1.1118636393525616e-12,-0.20385246991892714,0.35975911126762194,0.41464733191797587,2.108266800593286,0.0002286974214479617,1.0000003054996798,20.475652518765354,1,0.02982830991397916,0.7268947833259025,0.7236367865071621,1.5412247513046013,0.004653841922109017,1.0,2.6634413985478487,1,-0.993078416778677,-0.1801496402447096,1.018223122715032,-2.960163035720041,-0.0011744222792120474,0.9999999370395147,0.968552859674278,1,1.3896830202146258,0.024545506764504423,1.3814098616019164,0.015181545262439068,0.0018873074701745746,1.0,0.3532010296110221,1,-3.873273774141266,-3.744993013895259,5.396239422156209,-2.3736414694487205,-0.01328374761105461,1.0000001747375513,0.006312638239471499,0
7.5600000000000005,-0.003753618804999366,0.004731690644320497,-1.1174186576035083e-12,-0.3540054394083952,0.26288557398334056,0.4455992738303237,2.5205803415652124,0.00022300089562041157,1.000000284868479,19.572203607573428,1,-0.11727570748512406,0.7173753786118138,0.7247446154785349,1.7450785385145005,0.00443764533782919,1.0,2.659978404758088,1,-0.9630165439458286,-0.2997914128695127,1.0176907411803398,-2.8388627732247653,-0.0011949251365076829,1.0000001977250672,0.9662257433552298,1,1.383944425206255,0.13624550860160725,1.3819283333638497,0.09612673849800055,0.0018756397164109906,1.0,0.35613910077596905,1,-3.8348173843556776,-3.7816436251951626,5.394296204460257,-2.3637921951623166,-0.013463204674179245,0.9999998270218765,0.0063188411534361565,0
7.58,-0.0037536188051276774,0.004731690644328909,-1.1251858819671945e-12,-0.44037316823595113,0.11932604972291168,0.4634034718149061,2.889290392564313,0.00022078901752436856,1.0000001636480003,18.553605404313334,1,-0.25918930551700425,0.6783478266154143,0.7258142463324532,1.948318487640769,0.004217428412708824,1.0,2.6555641150628606,1,-0.9184187655957224,-0.41489296791541785,1.01690265909625,-2.717404582619199,-0.0012204441635032986,0.9999998834360571,0.964371773720062,1,1.3699800161355153,0.2471523865435868,1.3832236051606686,0.17696577496342825,0.0018622681382019259,1.0,0.35865983632986576,1,-3.795974353029407,-3.8179134240944412,5.392333447759743,-2.3539357693310925,-0.013647401287565652,1.0000000022012399,0.00632512544988389,0
7.6000000000000005,-0.003753618805149952,0.004731690644339185,-1.1335598258666035e-12,-0.4559791744586569,-0.04278814273863343,0.46662042009886057,-3.0418438557228695,0.0002202246469051278,1.0000000123748083,17.57102226019498,1,-0.3900952914205542,0.6115484490801052,0.7268017431010568,2.1509810815507735,0.004011504081266778,1.0,2.6503883357435165,1,-0.8599209994856282,-0.5237166442456913,1.0158701914153925,-2.5957282655905853,-0.0012444825466549608,0.9999999081092503,0.9630175052852682,1,1.347895857528092,0.3566074055129573,1.3852858205781629,0.2576088026725232,0.0018474588741580727,1.0,0.36073922913324435,1,-3.756748173478668,-3.8537983381500256,5.390351311786344,-2.3440721130223223,-0.01383444043186381,1.000000170726978,0.006331490864839658,0
7.62,-0.0037536188051679343,0.004731690644349683,-1.1419957861302787e-12,-0.39979865948622006,-0.19760156459109918,0.4550378142252972,-2.6833029944137974,0.00022018870249374074,0.9999999190727379,16.731723206054667,1,-0.504672809494446,0.5198286494026223,0.7276668890681348,2.353125841736914,0.0038323716198646806,1.0,2.6446692267280194,1,-0.7883617873088096,-0.6246054376725818,1.014608199513363,-2.4737762965224968,-0.0012599998603683965,1.0000001999962316,0.9621831500537654,1,1.317858920291562,0.4639676212108381,1.3880993665024355,0.3379684264608056,0.0018314612148383424,1.0,0.36235820121928974,1,-3.7171423815404667,-3.8892943209746806,5.388349958830408,-2.3342011482204006,-0.014022364078660041,0.9999998231636321,0.006337937126548745,0
7.640000000000001,-0.0037536188052290343,0.004731690644359374,-1.150870631433376e-12,-0.27586464553728046,-0.3183381431656729,0.429486018349316,-2.293630441811067,0.00022137953137462188,0.999999938033008,16.141719686447953,1,-0.5983001181052392,0.4070242952912259,0.7283747299229071,2.554832529189885,0.0036848750809647586,1.0,2.6386437841303123,1,-0.7047738674843875,-0.7160056555690224,1.013134936183739,-2.351494572604697,-0.0012594082680896636,0.9999999103042174,0.9618823202405987,1,1.2800943164103435,0.5686125957819933,1.3916431326780248,0.4179607526445242,0.0018145987183624717,1.0,0.36350297240039314,1,-3.6771605555094906,-3.924397352659602,5.386329553700539,-2.324322797901237,-0.014208812832432471,1.0000000101583884,0.006344463955756741,0
7.66,-0.003753618805243124,0.004731690644368535,-1.1602515823105897e-12,-0.09671572652893196,-0.3744848548028483,0.3925485658548626,-1.841372183115565,0.0002244325895078355,1.0000000582228925,15.946932531640869,1,-0.6672251512599535,0.2777923305331049,0.7288968721019974,2.756197708740192,0.0035668417724970167,1.0,2.6325581296470983,1,-0.6103734051536498,-0.7964891527134201,1.0114718520132453,-2.228833160550442,-0.0012347348689889963,0.9999998814431363,0.9621218044637757,1,1.2348816482854792,0.6699505532452623,1.395890854635798,0.4975063339079163,0.001797378109794521,1.0,0.36416528716783103,1,-3.6368063160715884,-3.959103440199651,5.384290264196484,-2.314436986176316,-0.014390654909501062,1.0000001664459024,0.006351071066997849,0
7.680000000000001,-0.0037536188049652553,0.004731690644377772,-1.1685023608432044e-12,0.10692884576143563,-0.3325424412108251,0.35055667020118453,-1.2852042282669474,0.0002275331393840246,1.0000002097055154,16.370124264085018,1,-0.7087001773010148,0.13742190681944919,0.7292125073125884,2.9573308334139545,0.003472741533504854,1.0,2.626657976359816,1,-0.5065467553398574,-0.864774945966555,1.0096433599144927,-2.105747035947854,-0.0011780863541460305,1.0000001973395727,0.9629013913118205,1,1.1825506007621358,0.767423843068185,1.4008115274953397,0.5765309916664584,0.0017806248141431901,1.0,0.36434249418257203,1,-3.5960833262335643,-3.9934086179213413,5.382232262651706,-2.30454363849165,-0.014563573330798144,0.9999998195855708,0.006357758170634278,0
7.7,-0.0037536188044296824,0.004731690644385374,-1.1727264125072079e-12,0.2712895552735829,-0.1722722707747293,0.3166575515396591,-0.5897876420670154,0.00022894894390349942,1.000000304335177,17.629974171762687,1,-0.7210782410462615,-0.00837294100927781,0.7293091446642397,-3.1248353138358054,0.0033977450691784323,1.0,2.6211795494193777,1,-0.39483464133016616,-0.9197499493384952,1.007676556942797,-1.9821968059210908,-0.0010833732138424094,0.9999999393824452,0.9642136865060832,1,1.1234759241015213,0.8605136121984832,1.4063698756419736,0.6549664985837506,0.0017653006275969816,1.0,0.3640374801085451,1,-3.554995291248576,-4.027308947913694,5.380155729879494,-2.294642681629693,-0.014723081680037694,1.0000000180994422,0.006364524974109232,0
7.720000000000001,-0.003753618804270177,0.00473169064438673,-1.1731427461414423e-12,0.3101183714942695,0.06738214134492437,0.3086333014449747,0.2072323084667738,0.00022979440179216038,1.0000002870481508,19.440126576296752,1,-0.7038700713693979,-0.15367244618815026,0.7291830374176429,-2.9238078465743467,0.0033319317548647005,1.0,2.6163411605396716,1,-0.27691365483574504,-0.9604885098880493,1.0056009047952175,-1.8581494013696858,-0.0009543129226213639,0.9999998576982149,0.9660439401068941,1,1.0580719678440145,0.948743620434116,1.4125268647222136,0.7327511085859043,0.0017509971777478765,1.0,0.3632584660658126,1,-3.51354595853691,-4.060800520462748,5.378060860028186,-2.28473404254443,-0.01487074553225651,1.0000001619011067,0.006371371179763349,0
7.74,-0.003753618804603349,0.004731690644380998,-1.1747287170793541e-12,0.19711142621414346,0.27671347234719995,0.33191188111032804,0.9647544060651225,0.00022961601632244836,1.0000001679035249,20.757934198609103,1,-0.6577608153336654,-0.2925758107120156,0.7288392944171612,-2.7226501661810643,0.0032557359383730733,1.0,2.6123355799025885,1,-0.15457502512747978,-0.9862703612633966,1.0034478601305017,-1.733578724384954,-0.0008088015909715249,1.0000001898205493,0.9683699364953221,1,0.9867869287607336,1.031683168965224,1.419240250594975,0.8098299327074645,0.0017352819124275345,1.0,0.36201867846412666,1,-3.471739117603672,-4.093879454491087,5.375947853696538,-2.2748176462290446,-0.015015874423742746,0.9999998162933618,0.006378296479360356,0
7.760000000000001,-0.0037536188047909147,0.004731690644372639,-1.1791973647534704e-12,0.0021116988784130953,0.3759956417167143,0.37209877185714885,1.5866415603382433,0.00022660165394309357,1.0000000162299534,21.0252852191823,1,-0.5845864350114041,-0.419425374944541,0.7282916847358591,-2.521245275697324,0.003168166075164335,1.0,2.609323312330949,1,-0.029700664012849074,-0.9965965536699617,1.0012504490068423,-1.6084662501826135,-0.000658736948481435,0.9999999699542649,0.9711619625178428,1,0.9100969716842597,1.1089491448819546,1.4264651460649074,0.8861551759328118,0.0017173744129863869,1.0,0.36033591447209445,1,-3.4295785999544135,-4.1265418980013955,5.373816902255398,-2.2648934168055934,-0.015160332041099463,1.000000026011819,0.006385300551950318,0
7.78,-0.0037536188047374913,0.004731690644364047,-1.1841361224895763e-12,-0.19459421448668432,0.36347862673197356,0.4126425933575447,2.0839028658763463,0.00022224341841141303,0.9999999202842462,20.517303485675356,1,-0.48727001658553376,-0.5290241583741564,0.7275621494122927,-2.319485496652441,0.003089582924889512,1.0,2.6074268580323694,1,0.09576342572136717,-0.9912028710129528,0.999042805177951,-1.4828015668008838,-0.000505102773390453,0.9999998374595506,0.974382866526813,1,0.8285003702588072,1.1802072131631434,1.4341545698802354,0.9616862360117625,0.0016984875929281769,1.0,0.35823203393631226,1,-3.387068279007639,-4.158784028521903,5.371668191325779,-2.254961280316565,-0.015298401004877499,1.0000001570997923,0.006392383067374198,0
7.800000000000001,-0.0037536188046427355,0.0047316906443549194,-1.1881684872094844e-12,-0.34784041912881686,0.27003518907169505,0.44423064862206435,2.499521122171998,0.0002187352451563358,0.9999999358959192,19.626120864386845,1,-0.36971874320613535,-0.6168404488954338,0.7266800179502676,-2.117276624395496,0.0030372991558331153,1.0,2.606726051731032,1,0.2198361904600963,-0.9700702134611816,0.9968596727778122,-1.356582812641387,-0.0003479858437461534,1.0000001776244274,0.9779882263879612,1,0.7425117975627822,1.24517221259608,1.4422599775889269,1.0363896648182007,0.0016797270121775665,1.0,0.35573238990582007,1,-3.344212070002893,-4.190602053553304,5.369501911195554,-2.2450211647773637,-0.01542552507173452,0.9999998132922211,0.006399543690429655,0
7.82,-0.003753618804622443,0.004731690644345207,-1.191709057823953e-12,-0.43793707263410026,0.12825450198103416,0.46280220825557655,2.869853663220899,0.00021658705720405821,1.0000000539807499,18.609274786356448,1,-0.23668300945574142,-0.6791927541994308,0.7256809435821807,-1.9145417194732723,0.0030132042701149515,1.0,2.607254608398123,1,0.3405327097487824,-0.9334314130011532,0.9947358666262185,-1.2298169911899022,-0.0001882972153504689,1.0000000012663997,0.9819266511346761,1,0.6526568772430402,1.3036078314737094,1.450731774732971,1.110239014645229,0.0016617053925540419,1.0,0.35286521979117946,1,-3.301013929903707,-4.2219922110174295,5.367318259559379,-2.2350729992700824,-0.015539488846992097,1.0000000338829824,0.006406782084408327,0
7.840000000000001,-0.003753618804642974,0.004731690644336189,-1.1953285583565787e-12,-0.45747103341282824,-0.03352725551055718,0.466827715607796,-3.060979103260406,0.00021503745825443408,1.0000002058267645,17.62177379589882,1,-0.09358020967731175,-0.7134080519419123,0.7246055836202612,-1.7112244036969362,0.003001162953931875,1.0,2.6089980309713305,1,0.45589709089144004,-0.8817739662180963,0.9927056984055839,-1.102520145235108,-2.631210209153848e-05,0.9999998212258161,0.9861402417979764,1,0.5594670836620315,1.355325651416296,1.4595197998050322,1.1832145902481706,0.0016447553489601914,1.0,0.34966102640334784,1,-3.257477857294955,-4.25295076970784,5.365117440791722,-2.2251167134458534,-0.01563938236691636,1.0000001520495663,0.006414097914060903,0
7.86,-0.0037536188045507518,0.004731690644329579,-1.1986505538130743e-12,-0.40515323158967803,-0.18941078932301475,0.45604030078564883,-2.703388214514209,0.0002133237969552419,1.000000303076811,16.772104809231777,1,0.053712836035214845,-0.717946056389596,0.7234980552822847,-1.507291514243342,0.0029709063379653507,1.0,2.6118930615446887,1,0.564036507317103,-0.8158382178907774,0.9908023803517262,-0.9747173686969807,0.00013953208970368764,1.000000161051714,0.9905652331029132,1,0.4634750567504788,1.4001836551566786,1.468573768158154,1.255303124154642,0.001629086740907279,1.0,0.34615196794014447,1,-3.2136078922745033,-4.283474029743209,5.362899664933182,-2.2151522373370645,-0.015724935618911043,0.999999810586904,0.006421490846831899,0
7.880000000000001,-0.003753618804289721,0.004731690644326268,-1.2003687974160293e-12,-0.2846962171583827,-0.31275207384129694,0.43120420809923804,-2.31613451444829,0.00021137652993789637,1.0000002891423958,16.16532863673037,1,0.19909307004369617,-0.692482355207633,0.7224042065430476,-1.3027349627947664,0.0028870939263709334,1.0,2.615828872608619,1,0.6631556838920457,-0.7366106147095651,0.9890574188234268,-0.8464426360849183,0.00031296520835708897,1.0000000325473313,0.9951328322440973,1,0.3652103756457007,1.438084296727205,1.4778436724251602,1.3264973928000086,0.0016148917881640902,1.0,0.342371273121483,1,-3.169408116339076,-4.3135583230240755,5.360665146927982,-2.205179501311643,-0.015796107102520263,1.0000000417004613,0.0064289605516276915,0
7.9,-0.0037536188039730234,0.00473169064432561,-1.1992221451984086e-12,-0.10799480008629682,-0.37328287106211655,0.39477033641099596,-1.8682633332561542,0.00020906649270626562,1.000000172131768,15.944066659170408,1,0.3364822251016782,-0.6379439559119389,0.7213697550634856,-1.097572650331938,0.0027206499398101957,1.0,2.620650181464464,1,0.7515910163233526,-0.6453117710884042,0.9875000116343726,-0.7177384343535811,0.0004999776792722648,0.9999998093970036,0.9997702625640371,1,0.26519581537788905,1.4689722307177087,1.4872801372434554,1.3967957906359627,0.0016024826604313922,1.0,0.33835269521621064,1,-3.1248826522647617,-4.343200013693456,5.358414106211169,-2.1951984361291856,-0.015852627464544626,1.0000001467584303,0.006436506695848459,0
7.920000000000001,-0.00375361880378845,0.004731690644325898,-1.1954968265337484e-12,0.09559945529192716,-0.3374771263375669,0.35278823615784716,-1.3188958860418787,0.00020509232942970816,1.0000000201318369,16.32678287015946,1,0.46008585016006415,-0.5564921737883101,0.7204383636228546,-0.8918483086229484,0.002458916278909946,1.0,2.6261624058995015,1,0.8278434208308346,-0.5433792463638871,0.9861564645954187,-0.5886551881894952,0.0007092424422062241,1.000000140510754,1.0044020029871257,1,0.16394409345794614,1.4928317921022691,1.4968347273808784,1.466201878189108,0.0015925177516196891,1.0,0.3341300154072232,1,-3.080035663982899,-4.372395498601771,5.356146767182349,-2.185208973101882,-0.01589343365843176,0.9999998081816969,0.006444128942302805,0
7.94,-0.003753618803850376,0.004731690644326323,-1.1913100714244784e-12,0.26434735288294886,-0.18343422248285313,0.3179848910099858,-0.631164980832081,0.00020055492019045506,0.9999999215893166,17.54047242230957,1,0.5646486632579295,-0.4514499689917676,0.7196497359017417,-0.685630181137561,0.002108357367453077,1.0,2.632138772807738,1,0.8906089559099128,-0.4324451189866333,0.9850496453603552,-0.45925047736900343,0.000950748790701082,1.000000063026311,1.0089511676972776,1,0.06195509861469746,1.5096843104807458,1.506460208512954,1.5347239180598309,0.001585995057667794,1.0,0.32973660265215055,1,-3.0348713564512346,-4.401141207775594,5.353863362035672,-2.1752110441680133,-0.01591736274559372,1.0000000494518695,0.006451826946651717,0
7.96,-0.0037536188039161513,0.004731690644328239,-1.1879993516705767e-12,0.3116823846910055,0.05437743176775525,0.3082078411673554,0.16343173491763677,0.0001984539707732177,0.9999999338447736,19.344199781544354,1,0.6456932932172231,-0.3271737624990119,0.7190378306311962,-0.47900852368261093,0.0016871525028693169,1.0,2.638329070038913,1,0.9388062508659946,-0.3143086495131972,0.9841984999011005,-0.3295880526127452,0.0012279309849439711,0.9999998022645702,1.01334086452062,1,-0.04028641774851126,1.5195853332954292,1.5161107601658357,1.6023744083927454,0.0015825282452916689,1.0,0.3252050342393947,1,-2.9893939755201835,-4.429433604890444,5.351564135492833,-2.1652045809242435,-0.015929271010095537,1.0000001412347679,0.006459600353559583,0
7.98,-0.0037536188039097515,0.004731690644331706,-1.1846678152349632e-12,0.20571244967816785,0.26817005179981485,0.33003600292422247,0.9267146656120038,0.00019745193167033324,1.0000000497669224,20.713231845823902,1,0.699729065964222,-0.18887323387243013,0.7186292695738515,-0.27209197994430356,0.0012181626244049094,1.0,2.6444700739994063,1,0.9715998209262197,-0.19090453953512196,0.9836176616378584,-0.19973666225861,0.0015285977387323312,1.0000001165076682,1.0174953406822271,1,-0.14231271565211825,1.5226218224327424,1.5257421507165951,1.6691696192126826,0.001578487341284004,1.0,0.3205667781910336,1,-2.9436078077950456,-4.457269187748613,5.349249339352651,-2.155189512350749,-0.01594303572973174,0.9999998060804104,0.006467448790312789,0
8.0,-0.0037536188041735513,0.00473169064433476,-1.1824569101648308e-12,0.012834916495056945,0.37402775263949556,0.369784693252407,1.5563512816401965,0.00019708407241359423,1.0000002019022247,21.034664932120695,1,0.7244182241640841,-0.04238629697009611,0.7184419884864529,-0.06500290503342825,0.000728122498728305,1.0,2.650296541654522,1,0.9884184460357073,-0.06426750236360618,0.9833171639141688,-0.06976872488169468,0.001834201991786971,1.000000091952349,1.0213409354357241,1,-0.24367454070772832,1.5189093783423833,1.5353118897249582,1.735129148805563,0.0015712839390187572,1.0,0.3158519349294818,1,-2.8975171804952553,-4.484644488761598,5.346919215087651,-2.1451657653606904,-0.015965779288061466,1.0000000571249252,0.006475371863354928,0
8.02,-0.003753618804636113,0.00473169064433788,-1.183865505627324e-12,-0.18525288941157073,0.36689186306008603,0.41061201299308825,2.059299740856533,0.00019673390648961177,1.0000003017251955,20.55777611696422,1,0.7186889449496512,0.10608001222861792,0.7184842513334863,0.14212820282826202,0.0002421756555034339,1.0,2.6555536180624744,1,0.9889679338701602,0.06350594790896637,0.9833022596802089,0.06024106791339718,0.0021287092559560215,0.9999998000042561,1.0248077302215262,1,-0.3439422366773393,1.5085895358598422,1.544779341140668,1.800275514047951,0.00156125894304692,1.0,0.31108903516156655,1,-2.851126461309921,-4.511556075434848,5.3445739934430145,-2.135133267804526,-0.015995707720708758,1.0000001354873307,0.006483369160857171,0
8.040000000000001,-0.0037536188049899248,0.0047316906443430964,-1.1892301379767822e-12,-0.3415342762210727,0.27697492949229147,0.44282414695252964,2.4783273142770454,0.0001967387005823011,1.0000002911501917,19.679603822583335,1,0.6827876267646338,0.2502291153300609,0.7187541896179221,0.3491688690359858,-0.00022727132448605622,1.0,2.660011098130331,1,0.973237756673501,0.190297446704733,0.9835733264133226,0.19021716459752486,0.002399834585044655,1.0000000896338823,1.0278326270114464,1,-0.4427065364392573,1.4918271662127198,1.554105793392818,1.864633764736528,0.001549060109335221,1.0,0.306304894449107,1,-2.8044400582482125,-4.538000550854342,5.342213904122177,-2.125091949020182,-0.016031386153325083,0.9999998042863739,0.006491440255652317,0
8.06,-0.003753618805137869,0.004731690644351198,-1.1970129748517522e-12,-0.4353366661793868,0.13705576490305282,0.46215810198704677,2.8503609552692826,0.00019727901256608285,1.0000001763306658,18.66495953758701,1,0.6182668822437827,0.38395947885011383,0.7192399480834338,0.5559909260449838,-0.0006727595593925631,1.0,2.6634761472176396,1,0.9415012872530578,0.3140073639612366,0.9841258235295826,0.3200846015718588,0.0026408036078584447,1.0000001186127203,1.0303619757266982,1,-0.5395790717959617,1.46880801072693,1.5632545042049155,1.9282311226381554,0.0015348074366979725,1.0,0.30152451924981255,1,-2.75746241948401,-4.5639745541754895,5.339839178796091,-2.115041739147929,-0.01607331134452853,1.0000000647074718,0.006499584706411583,0
8.08,-0.0037536188051680358,0.004731690644361308,-1.2055070483518726e-12,-0.4587926779894789,-0.024318296076234126,0.4669909210522315,-3.0801024106139336,0.00019782369416359484,1.0000000240785543,17.67286081345491,1,0.5279100367886976,0.501638301503542,0.7199203552465815,0.7624764188742165,-0.0010901509150642377,1.0,2.665801997643691,1,0.8943096455985664,0.4325948794445867,0.9849503372949352,0.44977048525235097,0.0028489921276589514,0.9999998026717546,1.0323523685357237,1,-0.6341926418631544,1.4397363644372152,1.5721907257735095,1.991096651654789,0.0015183258982736344,1.0,0.2967710538078785,1,-2.710198033194846,-4.589474761114504,5.337450050301577,-2.104982568775542,-0.016122741138578475,1.0000001295252252,0.006507802058295861,0
8.1,-0.003753618805178254,0.004731690644371773,-1.2140601024501763e-12,-0.4103457280714422,-0.18119448838118607,0.4570007762227781,-2.723389280119928,0.00019785178709777107,0.999999922987312,16.813132932833458,1,0.41559723423949047,0.5983494069580853,0.7207659955763521,0.9685228291996438,-0.0014815072939370429,1.0,2.6668935164849117,1,0.8324794144341059,0.5441164026368734,0.9860327562547814,0.5792054434264137,0.003023851349182717,1.0000000605515555,1.0337707326625993,1,-0.7262012777300962,1.4048329214714417,1.5808817117993574,2.0532609605607512,0.0014993718945764624,1.0,0.2920657634074644,1,-2.662651427395369,-4.614497884442562,5.335046751469648,-2.0949143689149428,-0.016180860744229225,0.9999998028024301,0.006516091843631343,0
8.120000000000001,-0.0037536188052384196,0.004731690644381463,-1.2230216839270724e-12,-0.29339688298394767,-0.3070517713520939,0.4328878493544781,-2.338462982644027,0.00019780653086680114,0.9999999318805722,16.190000348599504,1,0.2861219702545924,0.6701026954304513,0.7217406101744817,1.174047419079307,-0.0018528088946631147,1.0,2.6667105013123247,1,0.7570746879702119,0.6467612749808247,0.9873545729317356,0.7083249710667349,0.0031654397636358697,1.000000142350524,1.0345946144037066,1,-0.8152801384521905,1.364332788351695,1.5892967088778625,2.1147559376532774,0.0014777738956671506,1.0,0.28742805036371716,1,-2.6148271697650176,-4.6390406744822945,5.332629514318947,-2.08483707114128,-0.016248263184692174,1.0000000721874946,0.006524453582739135,0
8.14,-0.0037536188052668565,0.004731690644390556,-1.2325210296815214e-12,-0.11922424974879559,-0.37186548967201427,0.3969759709159676,-1.8948572229132414,0.000199045442339126,1.0000000455834663,15.942904095562952,1,0.14496958187500097,0.7139956629107678,0.722802764120805,1.3789905247976955,-0.002208261173275827,1.0,2.6652685114739176,1,0.6693841092574948,0.7388838416981863,0.9888932862672472,0.8370706226795964,0.003274301984267035,0.9999998102013394,1.0348125382505786,1,-0.9011252705954584,1.3184836667131483,1.597406935177535,2.1756145162250364,0.0014535842787457294,1.0,0.28287549707010695,1,-2.5667298674698444,-4.663099919606304,5.330198569743722,-2.0747506078423075,-0.016324430647572743,1.0000001233578977,0.0065328867853301185,0
8.16,-0.0037536188050164144,0.004731690644399739,-1.2411035740789167e-12,0.08413897520369193,-0.34212133228225305,0.35504271500343126,-1.352171803857119,0.00020216753595353338,1.000000197933811,16.28588537784688,1,-0.0019292788930379769,0.7283211439660326,0.7239076989499557,1.5833176866194711,-0.002544726846396718,1.0,2.6626370352970006,1,0.5708937100100259,0.8190311642454587,0.990622880986326,0.9653910236723348,0.0033527930946662056,1.0000000299772644,1.0344241754838868,1,-0.9834532604986206,1.2675442033270174,1.6051855491907103,2.2358704696827933,0.0014273362697518127,1.0,0.27842393035752216,1,-2.518364166978371,-4.686672446737533,5.32775414818157,-2.064654912584119,-0.01640709977526911,0.9999998016309299,0.00654139095317354,0
8.18,-0.0037536188044850153,0.004731690644407633,-1.2458827372552328e-12,0.2569966308665039,-0.19440026059275176,0.3193931119676842,-0.6722135776923907,0.00020571881664238143,1.0000003002809905,17.45278954189978,1,-0.14845686690846582,0.712619113359742,0.7250092750162965,1.787020580267394,-0.0028498095332845984,1.0,2.658935150749264,1,0.463256472866143,0.8859658490230135,0.9925143634123824,1.0932426837166724,0.003405028856566083,1.0000001625808705,1.0334402144558235,1,-1.0620008052971035,1.2117825025194848,1.6126076101535474,2.295558235247416,0.001400263239886942,1.0,0.2740875018488874,1,-2.46973475387074,-4.7097551218506695,5.325296482771212,-2.0545499204485664,-0.016492745602906398,1.0000000795531427,0.006549965583930001,0
8.200000000000001,-0.0037536188042569113,0.004731690644409753,-1.2465011661744185e-12,0.31273187328283913,0.04121360767456515,0.3078839721337117,0.11948499731506461,0.00020844328719134354,1.000000293070559,19.246518962461515,1,-0.2885656934336352,0.6676736912529521,0.726061907549098,1.9901167903498926,-0.003114899739239422,1.0,2.6543250889121266,1,0.3482595850374909,0.9386836812410456,0.9945363351747131,1.220590600557407,0.003430288497456405,0.999999822407485,1.031881929360985,1,-1.1365242256947337,1.1514747939954013,1.6196500283703639,2.354712763782241,0.0013731873947517605,1.0,0.2698787794540507,1,-2.4208463526402366,-4.73234485047467,5.322825815450676,-2.0444355674266825,-0.0165826508238598,1.00000011699512,0.006558610173407262,0
8.22,-0.0037536188045571967,0.004731690644404544,-1.2477163399693403e-12,0.21403341144728744,0.2592081392268191,0.3282113518076964,0.8882092804696784,0.00021068930046065412,1.0000001804981693,20.66490505026584,1,-0.41652395769205003,0.5954591585165084,0.727022413864464,2.1926485193331415,-0.003355455453528473,1.0,2.649004225091987,1,0.22779034735595963,0.9764259606513394,0.9966555947877427,1.347408650518457,0.0034168208296367713,0.9999999986643465,1.0297804827375827,1,-1.20679894051741,1.086904247607319,1.6262915072624224,2.41336938751855,0.001344225641369293,1.0,0.2658088462507994,1,-2.371703726487323,-4.754438578198067,5.320342394872217,-2.0343117881700503,-0.01668756050564235,0.9999998007737297,0.006567324212995438,0
8.24,-0.0037536188047749487,0.004731690644396272,-1.2518909520142785e-12,0.023532816891131236,0.37164908501549326,0.3674679288606194,1.5256548252170856,0.00021211865855207335,1.00000002806818,21.04150619697895,1,-0.5271399780264734,0.49904067183120765,0.7278517124393183,2.3946803785388147,-0.0035852893088929986,1.0,2.643196036631658,1,0.10380165115816767,0.9986866258848602,0.9988377577092934,1.4736797868795284,0.00335951470249102,1.0000001788052928,1.027175995543366,1,-1.2726189202409055,1.0183599256392275,1.6325124972404401,2.4715637037312748,0.0013114780084362231,1.0,0.2618874052091042,1,-2.322311677107286,-4.776033291177721,5.31784645986006,-2.0241785159841537,-0.01681211249803207,1.0000000867927454,0.0065761071866494835,0
8.26,-0.0037536188047351928,0.004731690644387695,-1.2567481777470135e-12,-0.17580321047334066,0.3699962764677212,0.40855088995448474,2.0344366802533917,0.00021328391230502822,0.9999999244775504,20.59701244072337,1,-0.6159586292374801,0.38243647972697115,0.7285163126629651,2.596296438025244,-0.0037999635917074226,1.0,2.6371405283020772,1,-0.021722152637870272,1.0052144163221906,1.0010478635169002,1.5993960642223428,0.0032663458023995252,0.9999998389894367,1.0241164312152808,1,-1.3337961339602187,0.9461358625244359,1.6382951585834116,2.529331486866533,0.0012756303535452738,1.0,0.2581228914140699,1,-2.272675044471755,-4.797126016649445,5.315338236904862,-2.0140356858658937,-0.01695063997228741,1.0000001104469733,0.006584958572742817,0
8.280000000000001,-0.003753618804629544,0.004731690644378631,-1.2606972757400747e-12,-0.3350644845793411,0.2837070453593772,0.4413762821508975,2.4569898526011174,0.0002173426040605193,0.9999999300042736,19.732669579391178,1,-0.6794247515078363,0.2504488930455238,0.7289895463485387,2.7975966816359468,-0.0039970476121821185,1.0,2.6310845673758814,1,-0.1467982820520342,0.9960104446591794,1.0032509556659626,1.7245584860128598,0.0031461480175713394,0.999999967384339,1.0206564172851957,1,-1.3901600017855766,0.8705302613006736,1.6436233120517194,2.5867086216335746,0.0012380212011105834,1.0,0.2545225931893453,1,-2.222798706602843,-4.817713823439989,5.312817950501456,-2.003883235426462,-0.017097091642597803,0.9999998002321876,0.006593877846004051,0
8.3,-0.003753618804606875,0.004731690644368951,-1.2640999358382032e-12,-0.4325534926497334,0.14573545132435875,0.4614698536644374,2.830808724808781,0.00022517860789884514,1.0000000414324237,18.720712679048873,1,-0.7150101560778708,0.10847123503692495,0.7292525223983681,2.9986930107772194,-0.004183019101595012,1.0,2.625272445898029,1,-0.2694768723781032,0.971321641353281,1.0054126328472963,1.8491766996642125,0.003006085975270968,1.0000001906240277,1.0168560112509868,1,-1.441556862834784,0.7918447956379816,1.6484823849103045,2.6437310469405872,0.0011995672728573597,1.0,0.25109277541110386,1,-2.1726875793393026,-4.837793822480978,5.310285827974274,-1.9937211042575496,-0.01724742901928164,1.0000000938948326,0.006602864476475687,0
8.32,-0.003753618804632645,0.004731690644359819,-1.2675719848753708e-12,-0.45993038739514897,-0.01515324165154958,0.46711128617572206,-3.099217324902401,0.00023464210304689778,1.00000019392346,17.724345837476424,1,-0.7213021383038274,-0.037722309216579764,0.7292947928897856,-3.083480366816767,-0.00436781105236207,1.0,2.6199367967907414,1,-0.38787020084568896,0.9316305890161689,1.0074995660352681,1.973268570393564,0.002852958512340958,0.9999998595386224,1.0127794032210373,1,-1.4878494678015504,0.7103840064929043,1.6528593601801445,2.7004347116729,0.0011608057523169765,1.0,0.24783879432487207,1,-2.1223466160949824,-4.857363167325633,5.30774209996667,-1.9835492334686033,-0.017398670816548712,1.0000001037238326,0.006611917926608058,0
8.34,-0.003753618804550559,0.004731690644352958,-1.2708237240310893e-12,-0.41536784425694206,-0.17294313329620015,0.45792283784270077,-2.7433152839637067,0.0002441081845527358,1.0000002987449006,16.854853504393105,1,-0.6980523261259831,-0.18219741323271826,0.7291147236461363,-2.88243020150512,-0.004556562716418197,1.0,2.6152901197906453,1,-0.5001794722668504,0.87764228288736,1.0094799746283736,2.0968596558010364,0.002693426069387318,0.9999999369079686,1.0084936472099966,1,-1.5289165038240178,0.6264547831785631,1.6567427300180777,2.7568555427587857,0.0011220943808863074,1.0,0.24476520021185155,1,-2.071780807610071,-4.876419054669075,5.3051870001392505,-1.9733675655236795,-0.01754815973831489,0.9999998000071616,0.006621037647330969,0
8.360000000000001,-0.003753618804310281,0.004731690644349381,-1.272644316319127e-12,-0.3019639863629757,-0.3012277311398724,0.43454181641292844,-2.3606363095919947,0.00025268428683910475,1.0000002949025601,16.215733593978385,1,-0.6461853061863458,-0.3190846860910539,0.7287195543905494,-2.681220627088706,-0.004745804096533995,1.0,2.611517688944926,1,-0.6047189697677131,0.8102683427137983,1.011324056792603,2.2199826017671733,0.0025338804911337444,1.0000001977458663,1.0040674551756614,1,-1.5646521578639694,0.5403659192611386,1.6601224536303554,2.8130294240854163,0.001083755560568316,1.0,0.24187583142527846,1,-2.0209951816954006,-4.894958724872095,5.302620764977068,-1.9631760442285124,-0.017693143053412994,1.0000001008481512,0.006630223073575968,0
8.38,-0.0037536188039976152,0.00473169064434861,-1.2716988920247196e-12,-0.13040530978795553,-0.37022531641889755,0.3991694672588815,-1.9211900544773237,0.0002596208872105094,1.0000001846322448,15.94337153439716,1,-0.5677669121830353,-0.4428030467234157,0.7281251315771993,-2.479736478299033,-0.004923277429837353,1.0,2.6087713755879505,1,-0.699937477344658,0.7306091700399078,1.0130043720940234,2.342676479327692,0.0023807522962337583,0.9999998835487185,0.9995700688200199,1,-1.5949657233416168,0.4524277339816136,1.6629899202672909,2.8689921844763977,0.001046183588467048,1.0,0.23917390430924376,1,-1.9699948029702208,-4.912979462488181,5.30004363385655,-1.952974614819495,-0.01783033903467717,1.00000009683635,0.0066394736202546895,0
8.4,-0.0037536188037887745,0.004731690644348932,-1.268083728300784e-12,0.07254734374973608,-0.3464690737700046,0.3573204387464408,-1.3850794885910307,0.00026493500995379885,1.0000000320987668,16.247314270781324,1,-0.46593249413531906,-0.5482752662231078,0.7273553310424856,-2.2778729757540432,-0.00506561660413391,1.0,2.6071638534636086,1,-0.7844369638007447,0.6399344970634723,1.0144961763544,2.464986079948464,0.0022408850146517913,0.9999999079861601,0.9950702233497813,1,-1.619781253641632,0.3629517500234693,1.6653379177814343,2.924779593324155,0.0010099804103590653,1.0,0.23666210024202444,1,-1.9187847725941038,-4.930478596793543,5.29745584980295,-1.9427632241769575,-0.017955317524126258,0.9999998000990081,0.006648788680595937,0
8.42,-0.0037536188038389796,0.00473169064434938,-1.263824982167261e-12,0.24923898897336993,-0.20515676820537093,0.3208784891601193,-0.7129666203567777,0.00026792298508094637,0.9999999260593043,17.366954621550253,1,-0.34477602629537357,-0.6311292676378838,0.7264411924613687,-2.075539826235057,-0.00514093271878698,1.0,2.606764015287671,1,-0.8569885799901349,0.5396627151276618,1.0157777092936715,2.586961184377288,0.002121706809844718,1.0000001999953299,0.990635212028073,1,-1.6390372653481893,0.2722504186443234,1.6671606068546048,2.980427363379701,0.0009760182586478905,1.0,0.2343426483385266,1,-1.867370227992729,-4.947453502318217,5.294857662454904,-1.932541821078439,-0.018062768079611626,1.0000001076416842,0.006658167628614578,0
8.440000000000001,-0.003753618803923452,0.004731690644351183,-1.2604535470917e-12,0.31325433894326477,0.027910239346117603,0.3076589831465284,0.075383431569638,0.0002687768154162263,0.9999999282167933,19.14731867284061,1,-0.209201696653065,-0.6878783851765091,0.7254197795843206,-1.8726649184616844,-0.0051289913256686095,1.0,2.607593832006329,1,-0.9165460636599081,0.4313393083078722,1.0168304335099885,2.7086558169202846,0.00202730205382854,0.9999999104281263,0.9863300546731358,1,-1.6526864935068215,0.18063688350539292,1.6684534976613548,3.035971160803381,0.0009445853972955829,1.0,0.23221740200002036,1,-1.8157563425766217,-4.96390159937687,5.292249334512902,-1.9223103556556065,-0.018152302993035118,1.0000000897954386,0.006667609824331804,0
8.46,-0.00375361880390424,0.004731690644354641,-1.2571506335934401e-12,0.22205262571536852,0.24983415854149274,0.3264372255018319,0.8492245130513945,0.00026958343199395254,1.00000003731582,20.61312136537678,1,-0.06474076437015389,-0.7160734203069373,0.7243327851208432,-1.6691974655383826,-0.0050458048768171684,1.0,2.609626654342477,1,-0.9622566696230149,0.31661465490469737,1.0176392230414693,2.8301274864762895,0.0019499471497998562,0.999999881331535,0.9822167692508091,1,-1.6606957007145369,0.08842477487390196,1.6692134223294373,3.0914466173221875,0.0009139127062115286,1.0,0.2302879082637724,1,-1.7639483254518462,-4.979820354599581,5.2896311419441755,-1.9120687769919151,-0.018234602900515998,0.9999998005075817,0.006677114616935008,0
8.48,-0.003753618804143878,0.004731690644357772,-1.254761052005282e-12,0.034188267476778736,0.3688569703011584,0.36514772355146263,1.4945376251955662,0.0002695810435949183,1.0000001898731292,21.04596806199689,1,0.08266200172008287,-0.7144191669059332,0.7232249107678745,-1.4651104559199153,-0.0049176576520128575,1.0,2.6127871126586166,1,-0.9934697497299531,0.1972214010017665,1.0181925164143628,2.951436413798866,0.0018797334088274645,1.0000001973169923,0.9783537401498748,1,-1.6630455413742316,-0.004071973834142333,1.6694385165026269,-3.136295971179363,0.0008822653605013328,1.0,0.22855546950830816,1,-1.7119514211226394,-4.995207281463033,5.2870033577015425,-1.9018170323370374,-0.018316453289813222,1.0000001142646682,0.006686681346957264,0
8.5,-0.00375361880460798,0.004731690644360803,-1.2558435194542916e-12,-0.1662582792853286,0.3727867837840581,0.4064583765003629,2.009304180302008,0.00026801085379964216,1.0000002971176756,20.63519739987631,1,0.2268861264336162,-0.682848315361121,0.7221420835322924,-1.260402270665944,-0.004761183909566221,1.0,2.616952809136614,1,-1.0097431001067052,0.07495155873486443,1.0184824416806948,3.072644766942564,0.0018151169887410164,0.9999999395145485,0.9747951698012137,1,-1.6597304820768297,-0.09653929495849854,1.669128224331417,-3.08085040557756,0.0008496983657863638,1.0,0.22702119741817706,1,-1.6597709091858688,-5.010059940821069,5.284366245675598,-1.8915550698841554,-0.01839414016499674,1.000000082612254,0.006696309352391936,0
8.52,-0.0037536188049779678,0.004731690644365726,-1.2609982502631567e-12,-0.3284423307149275,0.2902249365312299,0.4398861297684749,2.4355028549673716,0.00026637914654311463,1.0000002966453014,19.785500791473616,1,0.3618892274165162,-0.6225464788605181,0.7211295705058648,-1.055097306239078,-0.0045960503509056535,1.0,2.621957954093042,1,-1.0108471746614103,-0.04836656037581355,1.0185048961808534,-3.0893693995907987,0.0017562314270406336,0.999999857600852,0.9715906023010751,1,-1.6507587787208966,-0.18866314848643018,1.6682833051682038,-3.0253664070927524,0.0008166350532576879,1.0,0.2256860612862282,1,-1.6074121040157467,-5.0243759414341795,5.281720069703521,-1.8812828399459929,-0.01846348767089061,0.9999998012322352,0.006705997973515801,0
8.540000000000001,-0.003753618805146976,0.004731690644373523,-1.2687741482442227e-12,-0.4295972209100857,0.1542847430709009,0.4607358543031782,2.8111928937923083,0.00026602989231133494,1.0000001887308745,18.77668863130592,1,0.481966513367376,-0.5359236555366986,0.720230054983313,-0.8492454868647186,-0.004442715982360751,1.0,2.6275990371918274,1,-0.9967672365227618,-0.17089149826191827,1.01825958311691,-2.9681716718665303,0.0017012987163807537,1.0000001897768467,0.9687845094819769,1,-1.6361525104523091,-0.2801296843081189,1.6669058372469574,-2.9698083705965517,0.000783219580598695,1.0,0.2245509349986491,1,-1.5548803544378011,-5.038152940499068,5.279065098512457,-1.8710002943456125,-0.018522901019693172,1.0000001207066092,0.006715746551920721,0
8.56,-0.003753618805186046,0.00473169064438346,-1.2773853155789716e-12,-0.4608907680875375,-0.0060438182351147795,0.4671852530176947,-3.1183259681270834,0.00026692722201329796,1.0000000361683477,17.776344198172772,1,0.582003946364371,-0.4265297984136642,0.7194817590829546,-0.6429206025827033,-0.004313747340550392,1.0,2.6336425178744336,1,-0.9677034862584809,-0.2907918303385588,1.0177500123111871,-2.8468838776605354,0.0016477863656894232,0.9999999700913076,0.9664159251443635,1,-1.6159476699041262,-0.3706254122726192,1.6649992257488317,-2.9141406578488804,0.0007494081850131194,1.0,0.22361664574255097,1,-1.502181043392657,-5.0513886441802285,5.276401605908166,-1.8607073858521266,-0.018572417573919125,1.000000075298177,0.00672555442541485,0
8.58,-0.003753618805190098,0.004731690644393873,-1.2860710760231875e-12,-0.42022035952713044,-0.16467162270200417,0.4587995272307834,-2.7631629143928484,0.000268506035420101,0.9999999277318019,16.897360994688615,1,0.6577119356626345,-0.29891523740663173,0.7189167090635994,-0.43621746680627405,-0.0042100526867574995,1.0,2.6398343644732156,1,-0.9240691700856075,-0.40626932108924213,1.0169834660056247,-2.7254436167787084,0.0015936187851107492,0.9999998373788254,0.9645181107023157,1,-1.5901943087492547,-0.4598373877727392,1.6625682163144173,-2.85832758679726,0.0007150917232222975,1.0,0.22288402266504048,1,-1.4493195875906306,-5.0640808081446655,5.273729869784887,-1.8504040679284617,-0.01861282202612183,0.9999998022718202,0.006735420921243678,0
8.6,-0.0037536188052473742,0.004731690644403555,-1.2951228631208345e-12,-0.31038865702652624,-0.2952969209801526,0.4361550711967474,-2.3826384014224806,0.00027083811944906243,0.9999999265190039,16.242649121647336,1,0.7058262773494351,-0.15844026606038858,0.7185592410257596,-0.22924796587446983,-0.004122598362585978,1.0,2.645911092460095,1,-0.8664866353161957,-0.5155819977909328,1.0159709285980898,-2.6037903292553697,0.0015382543067927502,1.000000177560679,0.9631182538585557,1,-1.558956737332151,-0.547453420969194,1.6596189131058086,-2.802333424161668,0.0006801623901602785,1.0,0.22235393918235336,1,-1.3963014371577815,-5.076227238099704,5.271050171063747,-1.840090294666212,-0.018645068620437424,1.0000001269573007,0.006745345349275956,0
8.620000000000001,-0.0037536188052878405,0.004731690644412598,-1.3047184860282002e-12,-0.14151540037319996,-0.3683767244962179,0.401336396769897,-1.9472216566164244,0.0002742779747560756,1.0000000332356644,15.945681406334712,1,0.7242640597786353,-0.011041918220762007,0.7184248384073197,-0.02213616116942116,-0.0040370019186472105,1.0,2.651611773751725,1,-0.7957812659844615,-0.6170670665096777,1.0147269775172145,-2.4818660593334965,0.0014840681425812793,1.000000001405005,0.9622372208145602,1,-1.5223137770278228,-0.6331623180713731,1.6561588012286121,-2.746122381874097,0.0006445848044898031,1.0,0.22202734231856572,1,-1.3431320752740823,-5.08782579033359,5.26836279278129,-1.8297660208604014,-0.018669684938136994,1.0000000678647964,0.006755326996330765,0
8.64,-0.003753618805066813,0.0047316906444217054,-1.3136158827364852e-12,0.06086127873269196,-0.3505206578339327,0.35960608410712325,-1.4175377560697018,0.0002786050645779279,1.0000001857847949,16.21147724699261,1,0.7122244800499268,0.13703062573947367,0.7185193770122879,0.18498731176919947,-0.003938147771063016,1.0,2.656690340328182,1,-0.7129732026936947,-0.7091635656545529,1.0132696321229266,-2.3596162198763553,0.0014366856484795373,0.9999998211637174,0.961889321522248,1,-1.4803590638079327,-0.7166541632555865,1.6521967742769021,-2.689658618223156,0.0006085226886339769,1.0,0.22190526661848012,1,-1.2898170178042108,-5.098874372258564,5.265668019740703,-1.8194312022560155,-0.01868594236142937,0.9999998036246897,0.006765365122937241,0
8.66,-0.0037536188045439213,0.00473169064442984,-1.3189536268720659e-12,0.24110899612649708,-0.21567424626504142,0.3224307452788828,-0.7532828979705555,0.00028230870241677405,1.0000002954001095,17.283723367980723,1,0.6702278328508616,0.2794979054611406,0.7188388286895617,0.39199123525650525,-0.003814473979955425,1.0,2.6609274172935447,1,-0.6192667324025846,-0.7904346125129782,1.0116201610441935,-2.236990352013451,0.0014043718506875737,1.000000160969491,0.9620820543814607,1,-1.4332014010300758,-0.7976206498450633,1.6477431683265567,-2.6329062443888445,0.0005723127132749977,1.0,0.22198883610654038,1,-1.2363618129209668,-5.109370942954693,5.26296614023919,-1.8090857959336222,-0.01869169136980857,1.000000133006839,0.0067754589638342345,0
8.68,-0.0037536188042501897,0.004731690644432698,-1.3198244580570062e-12,0.3132467983923613,0.014512852280595148,0.3075359299517175,0.031296169093804775,0.0002843662827141385,1.000000298297932,19.04747341063652,1,0.6000900217220776,0.4103337055806254,0.7193694450122189,0.598749839529446,-0.003669031597591203,1.0,2.6641409171903767,1,-0.516037225477264,-0.8595890468395809,1.0098028483458856,-2.1139428722748455,0.0013923545960027512,1.0000000326840843,0.9628158709157734,1,-1.3809651585828246,-0.8757554695053184,1.6428098014153325,-2.575829335704026,0.0005353587060661909,1.0,0.2222792596037684,1,-1.1827720407206141,-5.119313513713131,5.260257451879079,-1.798729760093577,-0.018688553815961118,1.00000006032389,0.006785607731047906,0
8.700000000000001,-0.003753618804512932,0.004731690644428064,-1.3207273816262521e-12,0.2297380314560145,0.24006642577917675,0.3247270469590011,0.8098759563418773,0.0002850911485780507,1.0000001927920583,20.558256824328538,1,0.504834343824041,0.5240344800023462,0.7200884146558513,0.8051485174134699,-0.003529607031824536,1.0,2.6661946699321795,1,-0.4048155009246253,-0.9155022175592973,1.0078447102052717,-1.9904337965979388,0.0013946017444237606,0.9999998093550617,0.964083979298288,1,-1.3237907144366503,-0.9507547685574999,1.6374100089168353,-2.518391949350781,0.0004949775340059471,1.0,0.22277782204471683,1,-1.1290533128291806,-5.128700148579078,5.257542263462477,-1.7883630518727613,-0.018689257640391727,0.9999998052887,0.00679581061420905,0
8.72,-0.0037536188047564115,0.004731690644419898,-1.3245906108072525e-12,0.04477417551422725,0.3656418639086027,0.3628387114227791,1.4630593328539763,0.0002805866058969587,1.0000000402749365,21.04803236648389,1,0.38854649615573744,0.6158601686835756,0.7209649575401167,1.0110889154102176,-0.0034233509769913224,1.0,2.6670043400319834,1,-0.28726952148843626,-0.9572355967883895,1.005775154851078,-1.8664294431312622,0.0014075733725722702,1.0000001404120822,0.9658721908339388,1,-1.2618349335196124,-1.0223176809455696,1.6315586749269673,-2.4605581607241254,0.00044959939546042256,1.0,0.22348587193794292,1,-1.075211272000026,-5.137528964895336,5.254820879445922,-1.7779856261087232,-0.018703769255375098,1.000000138845639,0.006806066778343163,0
8.74,-0.0037536188047306656,0.004731690644411337,-1.329332477428835e-12,-0.15663073214002762,0.3752423299829259,0.4043464923916343,1.9839305930244922,0.00027333945253685824,0.999999929494227,20.672156548618947,1,0.2561822604406155,0.6820343459066396,0.7219617726700126,1.216493114868365,-0.0033666052348325787,1.0,2.66654080523587,1,-0.1651833600440453,-0.9840548426665476,1.003625604007337,-1.741903105586752,0.0014382445319532568,1.0000000631578418,0.9681588200623422,1,-1.1952716776322214,-1.0901469478184074,1.6252722826058814,-2.4022921174288707,0.0004001904305342625,1.0,0.22440480335294488,1,-1.021251591703801,-5.145798133845575,5.252093590635649,-1.7675974380387274,-0.018730205464120284,1.0000000526874055,0.006816375367436638,0
8.76,-0.0037536188046196016,0.004731690644402336,-1.333221727461975e-12,-0.3216680919124152,0.2965052904611551,0.43836223353162607,2.4138778573673276,0.00026727618981158555,0.9999999249117338,19.837875670230442,1,0.11333976980472972,0.7198949312722991,0.7230367346158104,1.4213067072955812,-0.0033657548244740115,1.0,2.6648307792969264,1,-0.04043343840801422,-0.995445873848335,1.0014290778136026,-1.6168356618877022,0.001492406819530911,0.9999998022438185,0.9709146513250818,1,-1.124292338849075,-1.1539496340707434,1.6185689734516424,-2.34355809905786,0.0003480658161364055,1.0,0.22553603023566024,1,-0.9671799757100432,-5.153505880995061,5.249360681894423,-1.7571984450092402,-0.018764616711128147,0.9999998072612148,0.006826735511910078,0
8.780000000000001,-0.0037536188045917108,0.004731690644392696,-1.3364986201080953e-12,-0.42645949648157405,0.1626816454169119,0.4599614058883027,2.791516297956567,0.0002630653028030192,1.000000029193948,18.832673150378803,1,-0.033990473117593074,0.7279904052507892,0.7241447643109002,1.6255006940789007,-0.0034208425095475265,1.0,2.6619542298311103,1,0.08503788028426726,-0.9911284690882064,0.9992197319915256,-1.4912161007479154,0.001570247912832829,1.0000001163949788,0.9741029915786714,1,-1.0491063873753852,-1.2134379524061667,1.611468600076791,-2.2843205895803282,0.00029425332697271037,1.0,0.22688095186829535,1,-0.9130021576588967,-5.160650486827932,5.246622437843395,-1.7467886062069113,-0.01880477576842618,1.0000001444644497,0.006837146334475414,0
8.8,-0.0037536188046187256,0.0047316906443834635,-1.3397937273507132e-12,-0.4616600065395214,0.0029902051337847855,0.467215847722064,-3.1374296586180193,0.00025996693919064776,1.0000001816604527,17.828678700451324,1,-0.17968458564011172,0.7061200855698092,0.7252397783584374,1.8290721878851035,-0.003526462388871722,1.0,2.6580395075420378,1,0.2092511651670486,-0.9710668711959378,0.9970323515434935,-1.3650419528969817,0.0016675664665580924,1.0000000920754173,0.9776798331236095,1,-0.9699419230320779,-1.268330205528798,1.6039927758136383,-2.2245443687735706,0.00023971895433732565,1.0,0.22844090865625352,1,-0.858723900622414,-5.16723028728176,5.243879143817349,-1.736367882258023,-0.018849424945058247,1.0000000449674424,0.006847606953934063,0
8.82,-0.0037536188045504443,0.004731690644376358,-1.3429648018647988e-12,-0.4248862137109604,-0.15639759864684585,0.4596327741427191,-2.782936358808559,0.0002567142751209867,1.0000002935930405,16.940514437323806,1,-0.317741003176617,0.6553202106528744,0.7262766163001153,2.032043972106731,-0.0036712458844329558,1.0,2.653256547024521,1,0.33022096082547486,-0.9354768619802326,0.9949018087685652,-1.2383196060099255,0.0017774386666043309,0.9999998000052058,0.9815941493046287,1,-0.8870462174933538,-1.3183518569436221,1.5961649232465556,-2.164194624130775,0.00018554248436507026,1.0,0.23021712724023174,1,-0.8043509966552299,-5.173243674279954,5.24113108549994,-1.725936235098921,-0.018897449135637616,0.9999998095391088,0.006858116487366137,0
8.84,-0.0037536188043301604,0.004731690644372525,-1.3448755997735873e-12,-0.3186514977498671,-0.2892752894044546,0.4377289684138734,-2.404477561675113,0.0002525104203237571,1.0000002998596453,16.270617157940045,1,-0.4425222223600011,0.5778000863393847,0.7272128645473216,2.2344630317132994,-0.003839184716803545,1.0,2.6478086091044646,1,0.44598857563477434,-0.8848287895353064,0.9928624928973776,-1.111064480859016,0.001892040349004599,1.000000089509952,0.9857883445768861,1,-0.800686232118712,-1.3632367404806978,1.588010320615307,-2.1032370845856816,0.0001330046274371923,1.0,0.23221065379189879,1,-0.7498892663343416,-5.178689096262067,5.238378548492971,-1.7154936280143047,-0.01894738935064796,1.0000001498543687,0.006868674050661937,0
8.860000000000001,-0.0037536188040200426,0.004731690644371605,-1.3441140561676335e-12,-0.15253177803148502,-0.36633419185239646,0.4034770713822752,-1.9729659957968686,0.000247922820573854,1.0000001968138141,15.949689178904384,1,-0.5489739357953201,0.4768342723092773,0.728010511910496,2.436398200863667,-0.004012200625369082,1.0,2.641923099743069,1,0.5546560572866196,-0.8198460766994248,0.9909477200619463,-0.9833010474839496,0.0020044772544811035,1.0000001187242933,0.9901988773409476,1,-0.7111490937167103,-1.4027284179563695,1.5795561443628436,-2.041638177942022,8.367962713409053e-05,1.0,0.23442227460565387,1,-0.6953445582879992,-5.1835650587124515,5.235621818056076,-1.705040025790315,-0.018996974603432724,1.0000000371762323,0.006879278757476439,0
8.88,-0.003753618803792278,0.0047316906443719536,-1.3406211904487542e-12,0.049109961549994606,-0.35428642914944536,0.36189788320849176,-1.4495628599431898,0.00024451712058221373,1.0000000444165291,16.17822297649788,1,-0.6328149842828111,0.3566177493862916,0.7286373870783426,2.6379370865474137,-0.004172629114786321,1.0,2.6358419551513443,1,0.6544206672417684,-0.7414988229357011,0.9891891344713026,-0.8550626629564534,0.002110521647296464,0.9999998026943824,0.9947570681603439,1,-0.6187425078414809,-1.4365816931924917,1.5708315061194769,-1.9793652141554174,3.959531822774365e-05,1.0,0.23685242440582835,1,-0.640722748713946,-5.1878701246878105,5.232861179338354,-1.6945753950163427,-0.019042407581071896,0.9999998121187729,0.006889929717485079,0
8.9,-0.0037536188038284736,0.004731690644372445,-1.3363043310787859e-12,0.2326402272284305,-0.22594893461467672,0.3240465142937486,-0.7931629342123298,0.00024313686768697216,0.9999999313457194,17.20306752173343,1,-0.6906934604300242,0.22209134813507878,0.7290683424159811,2.8391824273349324,-0.004305550927001996,1.0,2.6298120044074773,1,0.7436090490064388,-0.6509922322282096,0.9876161144065594,-0.7263912169528357,0.0022100433370470384,1.000000060419438,0.9993900911606659,1,-0.5237950861748255,-1.4645642888656558,1.561867482928247,-1.9163865963124196,3.2170835832449314e-06,1.0,0.23950108255628516,1,-0.5860297408872401,-5.191602915342984,5.23009691949347,-1.6840997045484212,-0.019078101689264666,1.0000001550068556,0.006900626035784594,0
8.92,-0.00375361880392677,0.00473169064437413,-1.332847894552902e-12,0.31272786987718904,0.0010388878361435984,0.3075145661535082,-0.012757325505847333,0.00024287344066768212,0.9999999233957674,18.947108439750608,1,-0.7203058843510367,0.0787446190593435,0.7292861583812579,3.0402480368300124,-0.004407605799628126,1.0,2.6240756317285774,1,0.8207101928320343,-0.5497497557364435,0.986255201922531,-0.5973365775035102,0.0023037863944046274,1.0000001424478526,1.0040221353993,1,-0.4266565613549349,-1.4864586905504455,1.5526971398902363,-1.8526720588978107,-2.3975833534922416e-05,1.0,0.24236765350246167,1,-0.5312714646574269,-5.194762110454274,5.227329334194983,-1.6736129255093135,-0.019101447425545846,1.0000000293261195,0.006911366813807786,0
8.940000000000001,-0.0037536188039011278,0.00473169064437756,-1.3295727366302579e-12,0.23709423937672292,0.22991236315535044,0.323083832679298,0.7701639139629826,0.00024294024261059066,1.0000000251926433,20.500254844584063,1,-0.7204775788504325,-0.06759701238252779,0.7292821484366172,-3.0419308465104113,-0.004501423415689264,1.0,2.6188619784936837,1,0.8844062400297995,-0.4393910228863833,0.9851295751127056,-0.4679558317976093,0.002385209991649016,0.9999998102450878,1.0085757867761327,1,-0.327697859681572,-1.5020641595969544,1.5433555366786529,-1.7881929306104785,-4.373072200316361e-05,1.0,0.24545082973375776,1,-0.4764538759340466,-5.197346448940695,5.224558732410486,-1.6631150292393935,-0.019121366023926813,0.9999998149961197,0.006922151146591453,0
8.96,-0.003753618804116656,0.004731690644380812,-1.3270296320144759e-12,0.05529842306162851,0.36200202710966217,0.36054283144284605,1.4312052961121635,0.00024288785243196056,1.0000001775021148,21.047538982557125,1,-0.6912032200463447,-0.21099435092656135,0.7290564607014788,-2.840860852971985,-0.0046144645881707365,1.0,2.614378855462901,1,0.9336001571748062,-0.3217048364570237,0.9842585642907214,-0.3383123214323059,0.002447752961217286,1.0000000298402145,1.012973546677855,1,-0.2273109992249504,-1.51119891254884,1.5338797035753013,-1.7229224302239512,-5.762071469110859e-05,1.0,0.24874844042566044,1,-0.4215829561603652,-5.199354729384973,5.221785423360302,-1.6526059854464898,-0.019146288607791755,1.0000001599137471,0.006932978114032952,0
8.98,-0.003753618804576955,0.004731690644383765,-1.3277859714500018e-12,-0.14690878678020244,0.377360450322867,0.4022154018489555,1.9583020949317866,0.00024122186795725808,1.0000002916973505,20.707750796285517,1,-0.6336471150519805,-0.3456196346426049,0.7286180821545184,-2.6396069018393553,-0.004753537794890167,1.0,2.610805474786269,1,0.9674393533865002,-0.19861772392852917,0.9836572260961033,-0.20847450494735628,0.002496031213598219,1.0000001626615567,1.017139397662726,1,-0.12590877789710994,-1.5137024598700441,1.5243086026222525,-1.6568360049298496,-6.42492710709964e-05,1.0,0.2522572874411051,1,-0.3666647117770131,-5.200785810555207,5.219009705130847,-1.6420857644484856,-0.019172928952476503,1.0000000214295424,0.006943846775186216,0
9.0,-0.0037536188049627117,0.004731690644388396,-1.3327108513983e-12,-0.3147294880627261,0.30254661639673247,0.43680380712859646,2.392105839856574,0.0002383379975623845,1.0000003013296797,19.889689609355024,1,-0.5501031879392384,-0.4659787785628182,0.7279845318096031,-2.4380554847561138,-0.004912919044637316,1.0,2.6082860919837656,1,0.9853344033693789,-0.07215874463346297,0.9833360102848859,-0.07851467850048661,0.0025385969656963056,0.9999998224712758,1.0210004523236345,1,-0.023924213562904167,-1.509438091089982,1.5146830800343867,-1.589911696800614,-6.190328550930956e-05,1.0,0.2559729682141328,1,-0.3117051736759582,-5.201638611925511,5.216231871246237,-1.631554339093847,-0.019195556766730418,0.9999998181665903,0.006954756166817299,0
9.02,-0.00375361880515527,0.0047316906443959,-1.3404555243567984e-12,-0.4231291255904407,0.17092477823160618,0.4591455393712427,2.771774261630689,0.00023556670950117704,1.0000002007941795,18.88858279481004,1,-0.4439150854491068,-0.567124486202252,0.7271812408772591,-2.236104320093252,-0.005077924226623799,1.0,2.6069246636589294,1,0.9869721839365492,0.055578566291775065,0.983300529299567,0.05149242457974262,0.002582976737534231,0.9999999985257414,1.0244886046331003,1,0.0781903033842509,-1.4982954868666474,1.5050457900095504,-1.52213053240459,-4.976529268037392e-05,1.0,0.2598896864467528,1,-0.2567103966441124,-5.201912114194496,5.213452217224309,-1.6210116845659917,-0.01921058294227612,1.0000001645672687,0.00696570530105175,0
9.040000000000001,-0.003753618805203316,0.004731690644405636,-1.3491725098235818e-12,-0.4622282115398164,0.0119465135146141,0.46720247249500924,3.126655176650485,0.00023335484804050247,1.0000000485911045,17.88127288206697,1,-0.3193573930418536,-0.6448537533513181,0.7262406329366001,-2.0336664136142364,-0.005224079705322268,1.0,2.6067806447452186,1,0.9723229244023754,0.18247608885979474,0.9835514324452107,0.18147111418583114,0.0026350166977323424,1.0000001788673485,1.0275421096198623,1,0.17996418526429345,-1.4801934307108113,1.4954410839243657,-1.453476938063893,-2.776800662160404e-05,1.0,0.2640000532019986,1,-0.20168645879668737,-5.201605359802192,5.210671042247239,-1.6104577778642462,-0.01921605625612574,1.0000000134990121,0.006976693162327751,0
9.06,-0.003753618805200861,0.004731690644415984,-1.3579970481458759e-12,-0.4293565044995856,-0.14812514993867734,0.4604228637769506,-2.8026362242387948,0.00023086179113575785,0.9999999332853756,16.984234086883124,1,-0.18147980772181851,-0.6958828909319231,0.7252009215258881,-1.8306736904944598,-0.005321036014331007,1.0,2.6078660768777673,1,0.9416408973444117,0.30643171877546355,0.9840843895574587,0.31134625531450966,0.0026986324791655222,0.9999998390716983,1.0301070297948167,1,0.2809101899278836,-1.4550825843759438,1.4859148644072595,-1.38393917748857,3.604188156238538e-06,1.0,0.2682948813576446,1,-0.14663946100088476,-5.200717453445425,5.207888649083664,-1.5998925975156373,-0.019210855145176852,0.9999998216251614,0.006987718705800683,0
9.08,-0.0037536188052564074,0.0047316906444256806,-1.3671329693321077e-12,-0.32674408196447435,-0.28316946777731417,0.4392652535826626,-2.426156337574769,0.00022670931621642695,0.9999999219718445,16.299541344121376,1,-0.035917331615391464,-0.717992849373253,0.7241046522036085,-1.6270800446664546,-0.005341296164962932,1.0,2.6101441505384164,1,0.8954587214133645,0.4253995141205201,0.9848901857965162,0.4410447632734281,0.0027763726748947695,0.999999967247594,1.0321384902888058,1,0.3805263687492982,-1.4229482814383094,1.4765144020410863,-1.3135098052818563,4.341609209767264e-05,1.0,0.2727629764211194,1,-0.09157552629036601,-5.1992475625902115,5.205105343673594,-1.5893161234557742,-0.0191941882607346,1.000000168960047,0.006998780858598136,0
9.1,-0.0037536188053073536,0.004731690644434662,-1.3768135936897963e-12,-0.16344533578061682,-0.3641076070141258,0.4055949556917184,-1.99843310740092,0.00022040244957439095,1.0000000212337028,15.955252175439322,1,0.11132884913996165,-0.7101375236819553,0.7229970296493314,-1.4228636455244665,-0.005269624640522919,1.0,2.613529441317392,1,0.8345754953318308,0.5374282485288462,0.9859549243129719,0.5704970357168352,0.002869793358691715,1.0000001906659237,1.0336016923433191,1,0.4782984531720917,-1.383813283643063,1.467288112030993,-1.2421861281865245,9.039683096027216e-05,1.0,0.27739092769656537,1,-0.036500799270617994,-5.197194917979984,5.202321434670374,-1.5787283370306098,-0.019165106839328074,1.0000000055470941,0.007009878524167261,0
9.120000000000001,-0.003753618805112539,0.00473169064444367,-1.3860084954742113e-12,0.03730594851336824,-0.3577787569610643,0.36420020868140135,-1.481178685017413,0.0002142337167718039,1.0000001733118111,16.147324850533582,1,0.254133213093043,-0.672508060267219,0.7219240849065954,-1.218028346181722,-0.005109083840792023,1.0,2.6178899953285755,1,0.7600392144536001,0.6406973149311161,0.9872603290286825,0.6996382787874103,0.0029798027574220332,0.9999998596373278,1.03447264667973,1,0.5737027064109869,-1.337740434464867,1.4582852887269517,-1.1699706645673078,0.00014323876637982826,1.0,0.28216290899643465,1,0.018578554485114345,-5.19455881413858,5.199537233214,-1.568129221159734,-0.019121735018635445,0.9999998253663532,0.007021010588941166,0
9.14,-0.0037536188046052325,0.004731690644452004,-1.3918814018021308e-12,0.22384937762517923,-0.23598938024575375,0.32572941683810575,-0.8326413408098987,0.00021374402787392662,1.0000002897139648,17.124716218302396,1,0.38650180241759874,-0.6065471617602474,0.7209307545439492,-1.0126040562024565,-0.004881680742945089,1.0,2.6230513019573256,1,0.6731241221418903,0.733549060102245,0.9887841353962417,0.8284096902589307,0.0031073562079017517,0.9999999367764528,1.0347386031985981,1,0.6662092572017186,-1.2848351342264936,1.4495557969018569,-1.096871591370842,0.00020109644547243772,1.0,0.2870605094329741,1,0.07365634904996983,-5.191338609866254,5.196753054216041,-1.5575187607186924,-0.019060725555714888,1.000000173085122,0.007032175930529117,0
9.16,-0.003753618804253447,0.0047316906444555655,-1.3930766262770788e-12,0.311706753712824,-0.012515116336609053,0.30759757716835046,-0.05681687985106667,0.0002169565758882791,1.0000003027073174,18.845962175965152,1,0.502831473604287,-0.5149091229358136,0.7200589584839019,-0.8066459878770565,-0.004615189976267868,1.0,2.6288024292240895,1,0.5753038055426853,0.8145168070922476,0.9905005541632941,0.9567594680978353,0.003249103422173602,1.0000001977665707,1.0343981701939857,1,0.7552859199560316,-1.2252475512946552,1.4411497207776394,-1.0229031649401934,0.00026316542194540867,1.0,0.2920626220906266,1,0.12872637876869447,-5.1875337287280345,5.193969222078416,-1.5468969426458177,-0.0189812768845865,0.9999999975863872,0.007043373426288371,0
9.18,-0.0037536188044681716,0.004731690644451544,-1.3937193413249283e-12,0.2441253285787573,0.21935893219448785,0.32150762534768584,0.7300324560391767,0.00021991832859719803,1.000000204731212,20.438743710034274,1,0.5981601585507446,-0.4013638385190623,0.7193457499231265,-0.6002327259833782,-0.0043485306808310874,1.0,2.634904522332784,1,0.46822095103839617,0.8823480257913774,0.9923807977279757,1.0846436209544703,0.003389386079613982,0.9999998836614359,1.0334611297268204,1,0.8404024913034951,-1.1591744755702933,1.4331169701215953,-0.9480860938168519,0.00032632099284756616,1.0,0.2971453946126658,1,0.18378241889572727,-5.18314365953456,5.191186076718089,-1.5362637540515074,-0.018894335850081007,0.9999998293842381,0.007054601956440436,0
9.200000000000001,-0.0037536188047347916,0.004731690644443523,-1.3972364931724712e-12,0.06577229418892606,0.35792022654079536,0.35825646700064906,1.3989241037693265,0.00022220259643968937,1.0000000527966253,21.044184595446765,1,0.6683948869161961,-0.27064623161625395,0.7188216240959698,-0.3934631045245195,-0.00412019358132993,1.0,2.6411005397153415,1,0.3536547257378461,0.9360223260480837,0.9943936597138807,1.2120265815900797,0.003513598406248727,0.9999999078631141,1.0319479511069691,1,0.9210354969335236,-1.0868607169050546,1.4255068302950642,-0.8724478429116156,0.0003867054630033557,1.0,0.3022822145387329,1,0.2388182262472169,-5.178167956818034,5.18840396219855,-1.5256191798311385,-0.018812604593812503,1.0000001769359583,0.007065860396808567,0
9.22,-0.0037536188047280405,0.004731690644434969,-1.4018560617889975e-12,-0.13707671425790727,0.3791274888093748,0.40006040787904334,1.9323836721499767,0.000221937666282285,0.999999935312249,20.74182038363734,1,0.710504387903224,-0.12825620177032118,0.7185090929975239,-0.18645201841496023,-0.00393439513341154,1.0,2.647126462984128,1,0.23348675082782552,0.9747641570521313,0.9965061153827759,1.3388816280046474,0.0036190713056248715,1.0000001999943322,1.0298890439197428,1,0.9966733423775429,-1.008599952059538,1.418367463315751,-0.7960228659209067,0.0004432018847158285,1.0,0.30744373670428804,1,0.2938275398653179,-5.172606241306016,5.185623212352651,-1.5149632043865506,-0.018737272639386172,0.9999999896295049,0.007077147611020368,0
9.24,-0.003753618804610359,0.004731690644426037,-1.405699341650024e-12,-0.3076104693696407,0.308339112723004,0.43520712400003314,2.3701641447996553,0.00022043064279389724,0.9999999206406601,19.940876631936494,1,0.7226643462662524,0.01978213398445069,0.7184216176605471,0.0206746399512299,-0.0037757213027624606,1.0,2.652723467779283,1,0.10966658365756159,0.9980502845581556,0.9986839205747673,1.465191097263266,0.0037049316019799367,0.9999999105520783,1.0273238676143854,1,1.0668217983099435,-0.9247349267726787,1.4117453902449315,-0.7188527454412379,0.0004958268214141509,1.0,0.3125979845142765,1,0.34880408169322097,-5.166458200391931,5.182844154579347,-1.5042958137942637,-0.01866617182332818,0.99999983367245,0.0070884624479687144,0
9.26,-0.0037536188045756693,0.004731690644416444,-1.408846130035446e-12,-0.41959121288589096,0.17900675364987573,0.45828628801460475,2.751950391722132,0.00021907317656019316,1.0000000173190589,18.94439599193152,1,0.7043458654830853,0.16718983882772406,0.7185629623650082,0.22778567976556816,-0.003625908301261381,1.0,2.657650190975989,1,-0.015822463465043686,1.0056122822300197,1.000892206488998,1.5909464073270962,0.0037692067596183402,0.9999998812199906,1.0242998533502694,1,1.1310097282865024,-0.8356569269680201,1.405684957527032,-0.6409862133971478,0.0005443924667270761,1.0,0.3177105448111594,1,0.40374155726105987,-5.159723588600507,5.18006711589141,-1.493616995846096,-0.01859888372863339,1.000000180506454,0.0070998037400549,0
9.280000000000001,-0.003753618804605791,0.004731690644407122,-1.4119642954835143e-12,-0.4625818639818101,0.020818997302001478,0.4671449386147148,3.1075430037165557,0.00021796185090769784,1.0000001690915863,17.93411761339554,1,0.6563412008614541,0.30771667541696623,0.7189270106011314,0.4347506273669485,-0.0034704415888092656,1.0,2.661694331205233,1,-0.14099644991786017,0.9974344054516335,1.0030960610382789,1.7161479129140182,0.0038097270527922026,1.000000197294317,1.0208711843810978,1,1.1887949453122657,-0.7418044467275732,1.4002277892658286,-0.5624790393451352,0.000588530146550399,1.0,0.3227448641002681,1,0.4586336563828275,-5.152402228048296,5.177292424266232,-1.4829267396038792,-0.01853634654734709,0.999999981689054,0.007111170301188925,0
9.3,-0.0037536188045489732,0.004731690644399796,-1.4150659810585609e-12,-0.4336188630505218,-0.13986002591848712,0.4611709272706549,-2.82227965229538,0.00021638363539044155,1.0000002876438512,17.028501687921114,1,0.58072501906535,0.43542298782334293,0.7194980576018073,0.6414457043685827,-0.0033017855469654423,1.0,2.66468282993075,1,-0.2639022896632315,0.9737473051270042,1.0052610836866804,1.8408046154052027,0.0038248747817460644,0.9999999396466808,1.0170975307784078,1,1.2397700642722436,-0.643661000314046,1.3954122380933696,-0.4833937774128109,0.0006279030675073158,1.0,0.32766264651744986,1,0.5134740538641585,-5.144494008899337,5.17452040801095,-1.4722250351673138,-0.01847993059542235,0.9999998382241946,0.007122560925424111,0
9.32,-0.0037536188043471356,0.004731690644395696,-1.4170400963742225e-12,-0.33465441656151457,-0.2769858820847406,0.44076554573497534,-2.447697143028241,0.00021364976536347567,1.000000303991886,16.32937689404026,1,0.48075383915883413,0.5449443382553285,0.7202515621375911,0.8477594192586203,-0.0031201278686546693,1.0,2.666489967960655,1,-0.38264713674359435,0.9350180938455965,1.007353904213286,1.964933748575174,0.003814167414234641,0.9999998575035576,1.0130427719627275,1,1.2835682016031404,-0.5417520507673662,1.3912728495239302,-0.4037993647050391,0.0006623452703021756,1.0,0.33242434957776906,1,0.5682564102208432,-5.135998889815059,5.171751394717714,-1.4615118736376553,-0.018430811520074992,1.0000001837909522,0.007133974386353073,0
9.34,-0.003753618804043754,0.004731690644394612,-1.4164580966480322e-12,-0.17424229265598384,-0.3617049291952566,0.40769090973430877,-2.0236527705450773,0.00021026062838900767,1.0000002086229898,15.962284455907744,1,0.3607103947533744,0.6317248108338449,0.7211553091289522,1.0535974603295808,-0.002931319540223884,1.0,2.6670428810086015,1,-0.49542535005578897,0.8819372987609488,1.0093426595255677,2.088560262863808,0.00377858532361691,1.0000001897330528,1.008773739629903,1,1.3198683632758095,-0.436641057517868,1.387839854934449,-0.32377056894403966,0.0006919649470689187,1.0,0.3369897697337131,1,0.622974372408073,-5.1269168983982265,5.168985710199377,-1.4507872472294614,-0.018389387534116074,0.9999999737776155,0.007145409436884238,0
9.360000000000001,-0.0037536188037987192,0.004731690644394987,-1.4131256928506808e-12,0.02546913197922698,-0.36100517633464946,0.36651142722175595,-1.5124195222070715,0.00020834087607859387,1.0000000570310392,16.118669104620537,1,0.22570296759296957,0.692207554246813,0.722170909313059,1.2588866421621383,-0.002742219218009699,1.0,2.666324219131648,1,-0.6005428334293577,0.8154032284159969,1.0111974251296283,2.2117162302008464,0.0037213757111264753,0.9999999702283645,1.0043590121486174,1,1.3484003586870812,-0.32892467868077857,1.385138708227655,-0.243387289440448,0.0007172754597125375,1.0,0.34131870504225076,1,0.6776215745603649,-5.117248131630825,5.166223677665486,-1.4400511495681703,-0.018354434574114724,0.9999998430322601,0.0071568648092522474,0
9.38,-0.0037536188038171238,0.004731690644395534,-1.4087515876060053e-12,0.2147631697996964,-0.24579254534280506,0.3274745901335252,-0.8717372766032484,0.00020925702346177107,0.9999999374253504,17.04867374457589,1,0.0814319624605705,0.7239745489522773,0.7232555447001756,1.4635777399455057,-0.002555454631132216,1.0,2.6643719142723135,1,-0.6964386504341424,0.7365042504909857,1.01289059923879,2.3344401900056138,0.003648843156555894,0.9999998372981783,0.9998677846407437,1,1.3689490825399504,-0.21922719842345698,1.3831896807772346,-0.16273372269870026,0.0007393022195847276,1.0,0.3453716769439633,1,0.7321916387417795,-5.106992756304974,5.163465618302556,-1.429303576260498,-0.01832233294827855,1.000000186784249,0.007168339216441387,0
9.4,-0.003753618803928129,0.004731690644397096,-1.4051980065654668e-12,0.31019935693075545,-0.026131050688064345,0.30778122409484754,-0.10086952347466605,0.0002108927621328115,0.9999999194028638,18.74429205073581,1,-0.06606300703954134,0.7258312940996743,0.72436385942649,1.6676471319020705,-0.00237360818402725,1.0,2.661276244440297,1,-0.7817038975805233,0.6464994305442794,1.0143972366396603,2.4567764542766795,0.0035672487214086592,1.0000001774968457,0.9953688318863823,1,1.3813580198446802,-0.10819428386889163,1.3820075302800703,-0.08189741145923957,0.0007589759760481894,1.0,0.34911068680705504,1,0.7866781757060455,-5.096151009445815,5.160711856446373,-1.4185445253698263,-0.018290354739504643,0.9999999659077246,0.007179831357215742,0
9.42,-0.003753618803901159,0.004731690644400496,-1.4019740229853639e-12,0.2508320469896202,0.20841703145407559,0.3199983651525181,0.689492471842167,0.00021257249330481137,1.000000013450622,20.373924762380298,1,-0.21066241044775239,0.697835671934136,0.7254498988187011,1.87109724666205,-0.002217822007646768,1.0,2.65717456380624,1,-0.855097883499638,0.5467979245143179,1.0156953293973443,2.5787743806428396,0.0034729589576669878,1.0000000015436097,0.9909295754479791,1,1.3855318507546663,0.0035137927633661654,1.3816012623122709,-0.0009681983920060981,0.0007754562757524239,1.0,0.35249997927529864,1,0.8410747856672623,-5.0847231987248565,5.157962727243188,-1.4077739960106743,-0.01826627474600977,0.9999998480890283,0.007191339921669358,0
9.440000000000001,-0.003753618804090781,0.004731690644403859,-1.3992973446619317e-12,0.07619880970525367,0.3533973039086808,0.3559802562900535,1.3662181269352087,0.0002167224367757344,1.0000001648435,21.03809831045511,1,-0.34642045981860226,0.6412733113517604,0.7264690163263414,2.073955890095422,-0.0021097299507369365,1.0,2.652244180192146,1,-0.915561705420073,0.43893745530257383,1.0167660464517958,2.7004876177673256,0.0033573052761130596,0.9999998211017047,0.9866152594855492,1,1.3814380604269816,0.11522930494048471,1.3819739875063348,0.07996289665179192,0.0007874712159074227,1.0,0.35550679381572103,1,0.8953750590826535,-5.072709702864129,5.155218568383786,-1.3969919857628548,-0.018260834013210884,1.0000001894816013,0.007202863589397172,0
9.46,-0.0037536188045437496,0.004731690644406749,-1.399727556083974e-12,-0.12712629781720042,0.38054263311343506,0.3978819387546953,1.906178628931249,0.00022399578746278145,1.00000028548802,20.77450511693635,1,-0.46780286420891176,0.5585841206469441,0.7273796671801968,2.2762745916328506,-0.0020411053697207762,1.0,2.646693909109411,1,-0.9622293392536077,0.32456214119612947,1.0175939420510927,2.8219733486171155,0.003220946639337384,1.0000001608871907,0.9824882308286894,1,1.3691074936229946,0.22628441577112085,1.3831228605175847,0.16080483593114497,0.0007957688979805493,1.0,0.3581020661429058,1,0.9495725774468479,-5.06011097203355,5.152479704528638,-1.3861984919762358,-0.01827311490815609,0.9999999580918504,0.00721440102640958,0
9.48,-0.0037536188049458142,0.00473169064441112,-1.4044095747456353e-12,-0.30030024729523636,0.3138832959230369,0.4335726845856652,2.3480582819442986,0.0002336282944462441,1.000000305182759,19.99158894400315,1,-0.5699004532227349,0.45324621924731956,0.7281450152970886,2.4781261082751085,-0.001990952654565851,1.0,2.640754811978905,1,-0.9944363679673208,0.20539988523069613,1.0181671160574897,2.9432915418493013,0.003068716811833469,1.0000000328208214,0.9786073180149188,1,1.3486338338874546,0.336018525529252,1.385039118811446,0.2414677137200534,0.0008018333659827234,1.0,0.360261042901302,1,1.0036609140962034,-5.046927528240423,5.149746449461722,-1.3753935142638432,-0.018297520041694375,0.9999998533864874,0.007225950887919094,0
9.5,-0.003753618805162775,0.004731690644418312,-1.4121022059998545e-12,-0.4158343731166481,0.1869299607314584,0.457384688314421,2.7320508504890335,0.00024315338345388428,1.000000212467614,19.00026705883935,1,-0.6486125044107727,0.32962432414495446,0.728734317773364,2.679601233363045,-0.0019378216188469662,1.0,2.6346704423425136,1,-1.0117264666731696,0.08323948231240803,1.018477327073641,3.0645042005123466,0.0029036005975496787,0.9999998093132114,0.9750273020932517,1,1.3201720268913624,0.4437854323338976,1.387708230303087,0.32186387183054616,0.0008068885159009212,1.0,0.3619637957949795,1,1.057633635023423,-5.033159965708667,5.147019112984138,-1.3645770548932468,-0.018329586509709377,1.000000191878736,0.007237511821842533,0
9.52,-0.0037536188052186875,0.004731690644427829,-1.4209085297256507e-12,-0.4627103974003409,0.029612065678382513,0.467045279614722,3.0884235282645007,0.00025146376111534333,1.0000000612922797,17.987357508057816,1,-0.7007954604453922,0.19278988586647594,0.7291240634928065,2.880805060539958,-0.0018651859642922531,1.0,2.6286870414771,1,-1.0138557451299746,-0.0400924425570782,1.01852006812722,-3.0975106970297404,0.002725556724287914,1.000000140313343,0.9717984570009981,1,1.2839357060000922,0.5489601253595122,1.391110136782099,0.40190895232055585,0.0008118968289150346,1.0,0.3631956127961719,1,1.1114842997031913,-5.0188089512479905,5.1442980035810795,-1.353749118463039,-0.018366041781770693,0.9999999503423764,0.00724908247037031,0
9.540000000000001,-0.0037536188052122305,0.004731690644438114,-1.429867509117333e-12,-0.4376648182332303,-0.13159595329933643,0.4618801688205425,-2.8418671734272345,0.00025982120395843145,0.9999999396236486,17.073436177496006,1,-0.7243742240225746,0.04832010409530671,0.7292988293152439,3.0818528321942558,-0.0017680981639932372,1.0,2.623044630681968,1,-1.0007950224343773,-0.16275458440765403,1.0182946081812927,-2.9763187165671163,0.002531740736348646,1.0000000632893424,0.9689661173351232,1,1.2401937135005134,0.6509450483102186,1.3952195814696466,0.4815228569685013,0.0008176846539971853,1.0,0.36394725032685465,1,1.1652064619291245,-5.0038752246134335,5.141583428898869,-1.3429097116959732,-0.018404085747521393,0.999999858916244,0.007260661470182729,0
9.56,-0.003753618805267479,0.004731690644447813,-1.4390953706477916e-12,-0.3423770583637247,-0.27071729549369694,0.44223386226219513,-2.4691092157627157,0.000267370939793025,0.9999999182590597,16.360198509432333,1,-0.7184143506493493,-0.09791741546106011,0.7292518192000087,-3.000319789760708,-0.001643909732577426,1.0,2.617968487503237,1,-0.9727300768914939,-0.28291413771366797,1.0178040022111734,-2.8550415547959234,0.0023158985909597723,0.9999998022231616,0.9665701975416164,1,1.1892658401837903,0.7491756964778358,1.4000065094793879,0.56063058897881,0.0008250284799491591,1.0,0.36421503927827614,1,1.2187936706620341,-4.988359598854946,5.138875695659906,-1.3320588433854221,-0.01844092692798657,1.0000001939718546,0.007272247451670061,0
9.58,-0.003753618805323271,0.004731690644456734,-1.4488705374349209e-12,-0.18491977870642215,-0.3591196428749074,0.4097686944853138,-2.0486466311823213,0.0002719678721390315,1.0000000096302797,15.97079741141246,1,-0.6831542535011788,-0.23998796816012613,0.7289850783744277,-2.7992200528299267,-0.0014782103907497969,1.0,2.613660528385996,1,-0.9300598807103152,-0.3987699558734007,1.017055076101877,-2.733616551551765,0.002068503579984796,1.0000001162822334,0.9646445082994191,1,1.1315179276625176,0.8431254416816609,1.405436527943741,0.6391629592068944,0.0008347437834435756,1.0,0.36400084520808196,1,1.2722394708896871,-4.972262960657507,5.1361751094346175,-1.321196524455298,-0.018473359277379725,0.9999999426715811,0.007283839036959637,0
9.6,-0.003753618805154521,0.0047316906444656495,-1.4583256477407325e-12,0.013603053011322398,-0.3639602868253774,0.36883325267802536,-1.5433192671651148,0.0002735998119220243,1.0000001605696254,16.092205463946403,1,-0.6199970570637879,-0.37211488365552287,0.7285093698970944,-2.5979145202594784,-0.0012460254404493784,1.0,2.6102915189989124,1,-0.873392798359283,-0.5085756345321291,1.016058395935848,-2.611982746788717,0.0017836533181581024,1.000000092198441,0.9632159470856569,1,1.067356491107899,0.9323095134324156,1.4114714108420705,0.7170571459598314,0.0008478203903658867,1.0,0.3633118899931563,1,1.3255374044981816,-4.955586270672142,5.133481974460588,-1.3103227681744498,-0.018497062619855054,0.9999998646695365,0.0072954348364870835,0
9.620000000000001,-0.0037536188046712873,0.004731690644474134,-1.464722440558397e-12,0.20538780027155473,-0.2553477522597498,0.3292804532410544,-0.9104821860727033,0.000274714536041644,1.000000283247523,16.9749377975702,1,-0.5314621592390458,-0.4889004214543597,0.727843729067868,-2.396292245836187,-0.0009400110921856929,1.0,2.6079952625012828,1,-0.8035406885940671,-0.6106624344766417,1.0148282130731443,-2.490081663489037,0.0014698760953449435,0.9999998000062515,0.9623043591267094,1,0.9972230248842142,1.01628809940911,1.4180696323646906,0.794257103751486,0.000865476737125636,1.0,0.3621604483687219,1,1.3786810111546095,-4.938330563837832,5.130796594490146,-1.2994375906453013,-0.018505798806988192,1.000000195757641,0.007307033444949896,0
9.64,-0.0037536188042634074,0.004731690644478342,-1.4663045083684878e-12,0.3082009477572396,-0.03978904565122625,0.30806290677937503,-0.14492628219366732,0.0002766025709175295,1.000000306279355,18.64228301654486,1,-0.42109704677434023,-0.5855362027476987,0.7270147710812526,-2.1942542072702187,-0.0005970515026303814,1.0,2.6068651036829333,1,-0.7215108001357036,-0.7034619306078084,1.013382343682747,-2.36785812416462,0.0011468242741885814,1.0000000893859786,0.9619233996132304,1,0.9215881503480661,1.0946685616107636,1.4251869129347479,0.8707138209025703,0.000888257541086185,1.0,0.3605634376852791,1,1.4316638292003956,-4.920496949694346,5.128119277944166,-1.28854101133807,-0.018494057455129442,0.9999999350916184,0.007318633439556518,0
9.66,-0.0037536188044228276,0.004731690644474984,-1.4667173725557703e-12,0.25719428328471544,0.19709672347345167,0.318553789500485,0.6485350034220656,0.0002788356674277285,1.0000002162632082,20.305974734987327,1,-0.29335055454313536,-0.657996595430668,0.7260557922125431,-1.9917171418508217,-0.00028601863789595033,1.0,2.6069510642361653,1,-0.628495328183108,-0.7855282575973401,1.011741954684414,-2.245261054376248,0.0008251612915129388,1.0000001188358092,0.962081037981506,1,0.8409457549360311,1.1671067945795832,1.432776769735748,0.946385430334227,0.0009141201054342886,1.0,0.35854192157825193,1,1.4844793965551457,-4.902086612684719,5.12545034720414,-1.277633051914084,-0.018466716794974372,0.9999998706372494,0.007330233380068319,0
9.68,-0.0037536188047136267,0.0047316906444671535,-1.46988237553769e-12,0.086557799503615,0.3484306067384954,0.35371111275072437,1.3330834709370964,0.0002807952662456844,1.000000065578267,21.029476646297816,1,-0.15340966029469033,-0.7032080761141682,0.7250056115255634,-1.7886170484441988,-5.058561679734222e-05,1.0,2.6082567760838917,1,-0.5258585167186659,-0.8555597828016892,1.009931280309674,-2.1222442480880765,0.0005076332691750683,0.9999998027171049,0.9627789594850336,1,0.7558072561607206,1.2333077776480608,1.4407910682167162,1.0212371935101692,0.0009407490208751865,1.0,0.3561205479061756,1,1.537121251632143,-4.883100812447214,5.122790133833065,-1.266713733248483,-0.018434007196368646,1.0000001972332655,0.007341831802076295,0
9.700000000000001,-0.00375361880472359,0.004731690644458609,-1.4743770440639459e-12,-0.11707438058625831,0.3815973556292533,0.3956773970985775,1.879694166932216,0.0002810811566043505,0.9999999419060708,20.80606094159435,1,-0.00700318448922011,-0.7191873273127144,0.723907128412822,-1.5849121773311683,0.0001248373061947649,1.0,2.610737487194732,1,-0.415121203906078,-0.912419960178285,1.0079773168299104,-1.998767108342656,0.00020271432145286,1.0000000602872912,0.9640117284551689,1,0.6666961048936965,1.293025392920183,1.4491805450674586,1.0952413795862657,0.0009685189987085763,1.0,0.3533269498803822,1,1.589582934265268,-4.8635408840998595,5.120138962240231,-1.2557830759395183,-0.018396037406296025,0.999999927614498,0.007353427207495208,0
9.72,-0.0037536188045997863,0.004731690644449742,-1.4781630780502653e-12,-0.292812497789688,0.3191669061633922,0.43189900452837376,2.3258010351828498,0.00027951331109366337,0.9999999172098059,20.04208483706525,1,0.13982256208148014,-0.7051408251224258,0.7228056386603916,-1.3805852612646685,0.0002802821242447967,1.0,2.614300136640322,1,-0.29794271290056284,-0.9551570452952355,1.0059094986827701,-1.8747953548503156,-8.004558503387578e-05,1.0000001425451128,0.9657663181902039,1,0.5741426201210367,1.3460615943034355,1.4578952860684318,1.1683770411002807,0.0009984115435110932,1.0,0.35019113741987556,1,1.6418579866445933,-4.8434082385170445,5.117497149479356,-1.244841102747877,-0.018348235315161915,0.9999998768099273,0.007365018063783875,0
9.74,-0.0037536188045627565,0.00473169064444021,-1.481177160089775e-12,-0.4118679382849762,0.1946787895126214,0.45643915139773694,2.7120894203484442,0.0002772928199760276,1.0000000058598966,19.056412280884476,1,0.28094917591479623,-0.6615191253149674,0.7217469745339753,-1.1756447975456608,0.00044789166264853913,1.0,2.618805645126522,1,-0.17610001990010454,-0.9830222918170309,1.003759329384445,-1.7503016908824232,-0.00033283421875537986,0.9999998102889271,0.968021951385638,1,0.47867922482118647,1.3922650221907245,1.4668851695033813,1.2406297028444213,0.0010308056779578171,1.0,0.3467448872193484,1,1.693939954259168,-4.822704362594647,5.114865012007324,-1.233887839088326,-0.01828753977603929,1.0000001983963902,0.007376602809379076,0
9.76,-0.00375361880459117,0.0047316906444308145,-1.4841357309780534e-12,-0.4626166270632493,0.03830676896847569,0.4668996545806205,3.069311976379171,0.00027552414229873413,1.000000156272048,18.041164285678114,1,0.41044351239943005,-0.590020163223912,0.7207755552794476,-0.9701252503852081,0.000640098770509066,1.0,2.624073365612122,1,-0.051464189877588565,-0.9954861943066805,1.0015599606410597,-1.6252664195417799,-0.0005486537640526013,1.0000000297031504,0.9707500970408299,1,0.380836131496857,1.4315291620018227,1.4761002722147178,1.3119909886535595,0.0010656131126974874,1.0,0.3430211526550904,1,1.7458223868470664,-4.801430819501984,5.1122428686942545,-1.2229233126148,-0.018212719099700472,0.9999999202520666,0.007388179861573934,0
9.780000000000001,-0.0037536188045434933,0.004731690644423265,-1.4871315984210653e-12,-0.4414876769715239,-0.12335489601582135,0.4625427093732968,-2.8613770345682874,0.0002742826200617606,1.0000002809234538,17.11919614420121,1,0.5228159435032618,-0.4935377654669557,0.7199324430903851,-0.7640860836985064,0.0008501184966864283,1.0,2.6298876381534413,1,0.07402584868687888,-0.9922522926343195,0.999345722463307,-1.4996779879560227,-0.0007209729995827235,1.0000001627421649,0.9739145647896312,1,0.2811375055446004,1.4637901433317153,1.4854912317851605,1.382458204068463,0.0011025043360538165,1.0,0.33905351181981086,1,1.7974988393530573,-4.779589248919388,5.109631041307626,-1.2119475528501833,-0.01812365747305848,0.9999998831777901,0.007399747625360847,0
9.8,-0.0037536188043646285,0.004731690644418902,-1.4891456123766744e-12,-0.3498920070204563,-0.2643867368015746,0.4436576104645358,-2.490355626415477,0.0002726065103065044,1.0000003072811385,16.39219899325753,1,0.61326695904238,-0.3760542330589116,0.7192535016345235,-0.5576095923406087,0.0010608180450507646,1.0,2.6360063228905757,1,0.19839201908023565,-0.9732680173558855,0.9971516084563926,-1.373533434946222,-0.000844486403759201,0.9999998225351518,0.9774716994877087,1,0.18009811660113398,1.4890242719716802,1.49500956274075,1.452033890155165,0.0011410534345719947,1.0,0.33487566344414244,1,1.848962872894429,-4.7571813672600705,5.107029854136047,-1.2009605909630006,-0.01802082760732452,1.0000001992451721,0.007411304501095606,0
9.82,-0.0037536188040670276,0.004731690644417649,-1.4887483607006757e-12,-0.1954407076896999,-0.35637025064014444,0.4118117939836374,-2.0733504032070176,0.00026941229314019594,1.00000022000792,15.981079211985831,1,0.6779088056198467,-0.24247916105262307,0.7187677534932602,-0.3507975728891261,0.001256875606730338,1.0,2.642171043377096,1,0.3196480144651541,-0.9387320403138104,0.9950127223574666,-1.2468387179066165,-0.0009160469995507116,0.999999998387137,0.9813706994434235,1,0.07822047291800605,1.5072453799965773,1.5046079272174375,1.520725362455868,0.0011808781208225156,1.0,0.3305209777145868,1,1.9002080557360062,-4.734208967876565,5.104439633235842,-1.1899624596653289,-0.01790479024742639,0.9999999130159898,0.007422848888868714,0
9.84,-0.0037536188038052665,0.0047316906444180296,-1.4855677452074723e-12,0.0017621377956547153,-0.36664624311777494,0.3711480700839385,-1.5737695131249092,0.00026516285461135265,1.0000000698869098,16.06840844289246,1,0.71394916146694,-0.09844033109024727,0.7184960271072157,-0.14376695561415082,0.0014346547524079721,1.0,2.648118703981772,1,0.4358320030006525,-0.8890976071504858,0.9929636943380749,-1.1196088956947081,-0.0009349608428521638,1.0000001789293183,0.9855540825230347,1,-0.024007578373118926,1.5185020701875631,1.5142403616959441,1.5885442474260807,0.0012218603621026703,1.0,0.3260221064368484,1,1.9512279642751051,-4.710673921252567,5.101860705463896,-1.1789531932775912,-0.017775409720863052,0.9999998897307484,0.007434379188780941,0
9.860000000000001,-0.0037536188038075936,0.004731690644418631,-1.4811433329819934e-12,0.19578091319757893,-0.2646238658221501,0.33113473850761876,-0.9487050228347532,0.0002624118441358194,0.9999999442715031,16.904301125235722,1,0.7198253532001335,0.04996384701746247,0.7184499717325245,0.06335539994163314,0.0016059003144705166,1.0,2.65359368855463,1,0.545040569746865,-0.8250713738661956,0.9910380786814363,-0.991868146743359,-0.0009028412764733315,0.9999998391540372,0.989958311686928,1,-0.12611481158782312,1.5228749211107024,1.5238624615595537,1.6555060268549195,0.0012643983009475706,1.0,0.3214106543693621,1,2.0020161840363184,-4.6865781751807924,5.099293398121014,-1.1679328281077996,-0.01763082682229163,1.0000001997782666,0.007445893798461288,0
9.88,-0.0037536188039269747,0.004731690644420096,-1.4774917400650622e-12,0.3057345678665914,-0.05342998239434235,0.30844599618423824,-0.18877745464798684,0.0002612367392681276,0.9999999162556145,18.540894185026612,1,0.6952803153627344,0.19643771837650123,0.7186315008213643,0.270438470824086,0.0017897870908702238,1.0,2.658360034536257,1,0.6454632128993634,-0.7476073516518416,0.9892677488059278,-0.8636496058419834,-0.0008245693904378569,0.9999999671108646,0.9945146007786286,1,-0.22764817656861017,1.5204737088598514,1.533431524004971,1.721629597774529,0.001308734062518235,1.0,0.3167169113550604,1,2.0525663106753713,-4.661923754927679,5.096738042478102,-1.1569014030527027,-0.017469267316167703,0.9999999059177321,0.007457391112171317,0
9.9,-0.0037536188039020276,0.00473169064442344,-1.4743050530396928e-12,0.2631953332389028,0.1854360242535622,0.3171928648703111,0.6073055800885345,0.0002595119263139916,1.0000000021413127,20.23524288958031,1,0.6413751659927319,0.3347727415257934,0.719032704448878,0.477353074665586,0.0019916104421890124,1.0,2.6622127541831113,1,0.7354165909038358,-0.6578956816729998,0.9876823050920467,-0.7349950033479583,-0.0007157843253213667,1.0000001907077283,0.9991499653558958,1,-0.32817398397749553,1.5114346913072692,1.5429066529628077,1.7869368494633475,0.0013522899256151032,1.0,0.31196964308468,1,2.1028719509910094,-4.636712763383588,5.094194982833041,-1.1458589587688197,-0.017298188831357447,0.9999998964584196,0.00746886952416171,0
9.92,-0.003753618804067188,0.004731690644426904,-1.4714991378173004e-12,0.09683398537916728,0.34302498074354815,0.3514706102163407,1.2995759418228985,0.00025748430168918756,1.0000001519528656,21.018017848574445,1,0.5604375434320858,0.4591270043457542,0.7196362467361165,0.6839777747112132,0.002201325268616899,1.0,2.664987415292603,1,0.8133776243516895,-0.5573461143393825,0.9863084990429101,-0.6059540902052535,-0.0005999708053712149,0.9999998597361008,1.0037884227402432,1,-0.4272787615663805,1.4959179911181242,1.552248844413715,1.8514522621646874,0.0013909744530872634,1.0,0.3071959360751499,1,2.1529267239457353,-4.610947381196917,5.091664574010284,-1.1348055345727566,-0.017131453884717235,1.0000001999948291,0.007480327427394526,0
9.940000000000001,-0.0037536188045089137,0.004731690644429765,-1.4716110274815009e-12,-0.10691944409815193,0.3822833111203932,0.39346324651212566,1.8529354505352362,0.0002566856343748822,1.0000002785169468,20.835928220580403,1,0.45594921152410267,0.5642844993239668,0.7204162027961385,0.8902043292716021,0.0024170506051133063,1.0,2.666568002200194,1,0.8780144980126141,-0.44756625670242045,0.9851696856439983,-0.4765838649168684,-0.0004901271872801908,0.9999999366449674,1.0083523261876526,1,-0.5245698218442761,1.4741051051387992,1.5614210537048607,1.91520254503121,0.0014237861681739626,1.0,0.3024210905607085,1,2.202724261696776,-4.584629866894804,5.08914716375483,-1.1237411682960685,-0.016973456401671385,0.9999998989685406,0.007491763205791842,0
9.96,-0.0037536188049267036,0.004731690644433889,-1.4760258987278618e-12,-0.28513284797431604,0.3241803555890001,0.4301959446442506,2.303376391807393,0.0002560859590600457,1.0000003081876212,20.0917676566649,1,0.3323803840587315,0.645880536756523,0.7213392686623264,1.0959423891149247,0.0026404702028133592,1.0,2.666891942261209,1,0.928214589639523,-0.3303348552304603,0.984285338537565,-0.34694761878708225,-0.0003909642245618256,1.00000019778718,1.0127638713135998,1,-0.6196755807531676,1.44619656002991,1.5703882257884703,1.97821630995386,0.0014513645897510277,1.0,0.29766855728609243,1,2.252258210635561,-4.557762556991376,5.086643088985793,-1.1126658987968947,-0.01682276173020792,0.9999999033501442,0.007503175231600037,0
9.98,-0.0037536188051683454,0.004731690644440752,-1.48364567159609e-12,-0.4076708776107852,0.2022456961684571,0.45545440964652123,2.6920442471303403,0.000255125387632797,1.0000002236999224,19.11229424161416,1,0.1949813542607321,0.7005825144345946,0.7223662993904145,1.3011232235909636,0.00286322572079695,1.0,2.6659520465455926,1,0.9631083892372276,-0.20757059345576923,0.9836706431968613,-0.21711380145253387,-0.00030525251839749653,0.9999998837742091,1.0169467076870884,1,-0.7122456651225995,1.4124097269685174,1.5791173001353624,2.0405237710615203,0.0014741206784140632,1.0,0.29295991597616283,1,2.301522232434181,-4.530347866081148,5.084152681303705,-1.1015797668232403,-0.016678403399957978,1.0000001998945163,0.007514561866513423,0
10.0,-0.0037536188052324313,0.004731690644450046,-1.492543068304375e-12,-0.46227727544355235,0.046897594717358354,0.46671032573026167,3.0501866546404726,0.0002542508221892122,1.000000074216105,18.095084962072907,1,0.049543986031199826,0.7262187505357593,0.7234540789433923,1.505702320775492,0.0030695518141989394,1.0,2.6637957714158973,1,0.982088563869851,-0.08129709261097551,0.9833361735394487,-0.08715473221863056,-0.0002340284655918421,0.9999999077401124,1.0208275977827073,1,-0.801950844498756,1.3729768023562527,1.587577202374832,2.1021564732784648,0.0014921705133881294,1.0,0.2883148872248853,1,2.35051000509917,-4.502388286916893,5.081676269719269,-1.090482814824035,-0.016540424700403546,0.9999998921794253,0.007525921462138151,0
10.020000000000001,-0.003753618805225291,0.0047316906444602545,-1.5016364887654454e-12,-0.4450645525534068,-0.11514124772324,0.4631608139408229,-2.8808309122298446,0.0002535482772203897,0.9999999467187911,17.1653946690502,1,-0.09785361571589593,0.7218517996228933,0.7245572169466473,1.7096608005937457,0.0032425265156178986,1.0,2.660521854357538,1,0.9848234666265224,0.046395010502395286,0.9832876630366711,0.042854805228191316,-0.00017601853917791364,1.0000001999932384,1.0243380674624896,1,-0.8884828203451341,1.328142957078997,1.595738824528639,2.163147051960588,0.0015056105997564232,1.0,0.2837513682995368,1,2.3992152240326514,-4.473886390472043,5.079214180890702,-1.0793750867410452,-0.016409204048103535,0.999999910395003,0.007537252359730842,0
10.040000000000001,-0.0037536188052782558,0.004731690644469934,-1.5109554232783928e-12,-0.35717810908071207,-0.2579989038773903,0.44504061191163397,-2.5114622830160305,0.0002522213563435441,0.9999999153969512,16.42501894729928,1,-0.2411062942496489,0.6877961581733792,0.7256300766691951,1.9130056583432415,0.0033692509829342495,1.0,2.656274694089818,1,0.971264578379224,0.17338788521095777,0.9835258800392473,0.17283904335112052,-0.0001282076976014174,0.9999999106760731,1.0274159868170791,1,-0.9715539024291894,1.2781646532467341,1.6035749955314147,2.223529022374744,0.0015147074797066987,1.0,0.27928548858025354,1,2.4476316031004517,-4.444844825987105,5.076766738537292,-1.068256627943788,-0.016284948271894792,1.000000199477487,0.007548552889870728,0
10.06,-0.003753618805335624,0.00473169064447881,-1.520811254707155e-12,-0.20578537409395495,-0.35346386411414765,0.4138258606004956,-2.0978017274283896,0.0002492927863340192,0.9999999984763427,15.992745054141137,1,-0.37433317434026125,0.6255832020718266,0.7266286480349643,2.1157689198121705,0.0034445137444750035,1.0,2.651236971841744,1,0.9416475958753258,0.29757710570415286,0.9840466126200274,0.3027227415941855,-8.594217998720301e-05,0.9999998811085032,1.0300070190659079,1,-1.0508965989509513,1.2233081243040516,1.6110604444485728,2.2833365969963757,0.0015200207941208155,1.0,0.27493168151088954,1,2.495752875707064,-4.415266321000275,5.074334262581304,-1.0571274852864818,-0.016167253913236177,0.9999998855611433,0.007559821372174798,0
10.08,-0.00375361880519561,0.004731690644487628,-1.5305066242143894e-12,-0.010031836640084071,-0.3690741564019297,0.37346189612900094,-1.603827995770662,0.00024528929642203757,1.0000001476141855,16.046809244660633,1,-0.4921112437052691,0.5378783968402098,0.7275122925655636,2.3180058340759575,0.0034731425525626135,1.0,2.645621046035098,1,0.8964871246554605,0.41691186316535894,0.9848407635555467,0.4324326807108498,-4.288986274430034e-05,1.0000001972715473,1.0320658790853179,1,-1.1262631437138475,1.163848012111837,1.618171758690714,2.3426045285073362,0.0015225125387764117,1.0,0.27070277217295213,1,2.543572795877254,-4.385153681362112,5.071917068153121,-1.0459877073228785,-0.016054438976490375,0.9999999175818338,0.007571056114682478,0
10.1,-0.0037536188047381227,0.004731690644496196,-1.537426436160061e-12,0.18597193032171927,-0.2736312585938617,0.3330408358832845,-0.9864806357465099,0.00024292999959685496,1.0000002760291764,16.836235594777907,1,-0.5896833541086934,0.4283572356517545,0.728245302272764,2.5197922553327152,0.0034707861708728736,1.0,2.6396596337629106,1,0.8365651832570534,0.5294336485201433,0.9858945513663081,0.5618990942442477,8.24641009349516e-06,0.999999939778842,1.0335573516955612,1,-1.1974249803853332,1.1000661527443372,1.624887338471662,2.4013679766844342,0.001523669725772128,1.0,0.26661008248173257,1,2.5910851393438463,-4.35450979123393,5.069515465096288,-1.0348373448337356,-0.015942579097056042,1.0000001987444023,0.007582255412784197,0
10.120000000000001,-0.0037536188042792337,0.004731690644501019,-1.539443052200884e-12,0.3028308266663233,-0.06705444586224421,0.30893034208458864,-0.23249475062753114,0.00024344109598403818,1.0000003089983605,18.43970000792311,1,-0.6631348475053271,0.3015470639435263,0.7287982282636971,2.721221373113514,0.0034576965158276225,1.0,2.6335962328012528,1,0.7629139583109118,0.6333123439536337,0.9871898091983117,0.6910569925298573,7.252887816540759e-05,0.9999998574063317,1.0344570324984865,1,-1.2641722210974422,1.0322505011608367,1.6311873457981045,2.459662397825064,0.001525097846143164,1.0,0.2626635511827969,1,2.6382837046410645,-4.323337613070262,5.067129761077715,-1.0236764516890415,-0.015826835125142377,0.9999998791241804,0.007593417550105626,0
10.14,-0.003753618804382899,0.004731690644498368,-1.5396876482109967e-12,0.2688598391063821,0.17343481668289543,0.3159123414157426,0.5657334759463306,0.0002444361859831267,1.000000227337413,20.161334410394645,1,-0.7095348085381525,0.16264209796414525,0.729148944793058,2.92239994025349,0.0034377369832016827,1.0,2.6276756571529707,1,0.6767934527256912,0.7268787952009971,0.9887043748046611,0.8198473393851892,0.00014463904590525403,1.000000189689168,1.034751765166642,1,-1.326313094629762,0.9606941840403956,1.6370536438814045,2.5175234521220777,0.0015263314413179272,1.0,0.25887185619382913,1,2.6851623142019716,-4.291640187583998,5.064760271485277,-1.0125050845524002,-0.0157101111075798,0.9999999248992498,0.007604540805014909,0
10.16,-0.0037536188046907197,0.00473169064449075,-1.5424909613481752e-12,0.10705451537694077,0.3371801729174297,0.3492517476878635,1.2656382625331712,0.00024449524231588655,1.0000000785637404,21.00343854862035,1,-0.7270393893920171,0.017298732899217042,0.7292834318360261,3.1234441264912114,0.0033987297380296292,1.0,2.622134972622369,1,0.579664829209316,0.8086531125582009,0.9904125659580477,0.9482180620865475,0.000215123730689682,0.9999999703654359,1.034439743136142,1,-1.383673397664134,0.8856946701851108,1.6424697384076012,2.574986920987348,0.0015248919429815273,1.0,0.25524252820634763,1,2.731714815460102,-4.2594206336916,5.062407320857866,-1.0013232999052066,-0.015602462014200826,1.0000001976964235,0.0076156234550242095,0
10.18,-0.0037536188047155505,0.004731690644482218,-1.546840780464187e-12,-0.0966343144915545,0.3826061098282909,0.391231624787226,1.8258705200967629,0.00024369541871374577,0.9999999492467405,20.864006832159923,1,-0.7149557213540132,-0.12858213800407706,0.7291962757438595,-2.9587101742925452,0.003339369134013122,1.0,2.6171950285960315,1,0.4731603609147476,0.8773681502125055,0.9922857119060711,1.0761248824442549,0.00028386680893727526,0.9999998372176093,1.0335303115348118,1,-1.4360959604899382,0.8075530483485786,1.6474207377270058,2.632088642939994,0.0015202706888745275,1.0,0.2517820554673485,1,2.7779350819576205,-4.226682148440145,5.060071226479555,-0.9901311532762539,-0.015505681110151335,0.9999998728787358,0.007626663772233789,0
10.200000000000001,-0.0037536188045937053,0.004731690644473419,-1.5505721706610132e-12,-0.2772382281083535,0.3289343330176797,0.4284575250639359,2.2807710222529884,0.00024281030707016556,0.9999999146342351,20.140648891219026,1,-0.6737656675911216,-0.2690794372365748,0.7288908710215702,-2.7575706115773073,0.00326124926299111,1.0,2.6130527204812513,1,0.3590509521227653,0.9319878235546668,0.9942927137403369,1.203531938062518,0.0003538283265764363,1.000000177432927,1.0320435469630442,1,-1.4834401363284124,0.726573402479334,1.6518933120523305,2.6888644734684033,0.0015135917287876454,1.0,0.24849598509918325,1,2.823817014459127,-4.193428006918174,5.057752292769951,-0.9789287016886512,-0.015415425009217056,0.9999999323356571,0.007637660021525573,0
10.22,-0.0037536188045516564,0.004731690644463948,-1.5534734956745844e-12,-0.4032250903475372,0.20964423061846674,0.45442726440879333,2.67191118143182,0.00024186073102657534,0.9999999948667753,19.16796405205468,1,-0.6051091848387344,-0.3984767247580217,0.7283793131554753,-2.5562047365142435,0.0031577748346721776,1.0,2.609874093521199,1,0.23921219217794648,0.9717201373013494,0.9964006318731768,1.3304121928364245,0.0004258246002582677,1.0000000016822137,1.0300095330738568,1,-1.5255813215889051,0.6430622742767726,1.6558756454006067,2.7453502556034293,0.0015059955578127279,1.0,0.24538902377522973,1,2.8693545420691526,-4.159661562148585,5.05545081686168,-0.9677160047990302,-0.015327660210222544,1.000000196335211,0.007648610463135841,0
10.24,-0.0037536188045725434,0.004731690644454494,-1.556265533109169e-12,-0.4616787284323726,0.05539945636270544,0.46647653746618783,3.0310458845220634,0.0002406317645744366,1.0000001432581256,18.149170306391568,1,-0.5117274836379858,-0.5114814304813301,0.7276819880802966,-2.3545032077896013,0.0030168325621136634,1.0,2.607788383055969,1,0.11558986369609564,0.9960249895355499,0.9985752888911741,1.4567476507450083,0.0004987798640826633,0.999999821039778,1.0274674180387602,1,-1.5624105129651766,0.5573282030161846,1.65935739113322,2.8015817975015747,0.0014983535833341536,1.0,0.24246513727940708,1,2.9145416233535473,-4.125386244962703,5.053167092434858,-0.9564931248076936,-0.01523958421902617,0.9999998668347048,0.007659513354348518,0
10.26,-0.003753618804539654,0.004731690644446746,-1.5591486435262425e-12,-0.44838565731793995,-0.1069398149176947,0.4637353342576686,-2.900232205320875,0.00023848104317033406,1.0000002734613567,17.2120646537205,1,-0.3973666563105146,-0.6034322174597179,0.7268268630926007,-2.152369337660411,0.0028277305951561692,1.0,2.606883091765292,1,-0.009834259997964315,1.0046169786834511,1.0007818688282821,1.582529385103451,0.000570863372142081,1.0000001608048132,1.0244643287644195,1,-1.5938339061498759,0.4696813328586812,1.6623296334341016,2.8575948581304487,0.0014913500415209792,1.0,0.23972764770589136,1,2.9593722474651303,-4.090605563855475,5.050901410972649,-0.9452601262254181,-0.015149128232611369,0.9999999398792732,0.007670366949223823,0
10.280000000000001,-0.003753618804382011,0.004731690644442116,-1.561199954036585e-12,-0.36422855783557356,-0.2515394780209358,0.44638435221605643,-2.5324370732722827,0.0002339952525790093,1.0000003097129604,16.45866404076078,1,-0.2666431193377213,-0.67048785732307,0.7258484864808332,-1.9497230082362638,0.0025882746187600985,1.0,2.6072002328441037,1,-0.1350756056126525,0.9974635718439082,1.0029854987861762,1.7077574000633677,0.0006402120617024182,1.000000032957543,1.0210541760751008,1,-1.6197725400591083,0.3804330781821511,1.6647848539121273,2.9134251405866842,0.0014855581645505788,1.0,0.2371793259184406,1,3.00384043527355,-4.0553231048218334,5.048654061998457,-0.9340170757323716,-0.01505455325359289,1.0000001946629218,0.007681169496715867,0
10.3,-0.0037536188040866586,0.004731690644440671,-1.5609731389421011e-12,-0.21594816549333373,-0.3503882475050431,0.4158119802181491,-2.122014723243692,0.00022597640182964269,1.0000002309186167,16.00576563837393,1,-0.12487320412799181,-0.7097906193720415,0.7247867107074597,-1.746504122259514,0.002309375256572501,1.0,2.608733899011347,1,-0.25817838398257104,0.9747790868976296,1.0051518026522719,1.8324403450653168,0.000705725521792546,0.9999998092714526,1.0172963959570631,1,-1.6401619897979791,0.2898958378950538,1.6667169031633873,2.969108291912522,0.001481513593111236,1.0,0.23482247700068948,1,3.0479402404995706,-4.0195425311749515,5.0464253328823006,-0.9227640421268803,-0.01495409998947349,0.9999998610016635,0.00769191923738919,0
10.32,-0.0037536188038161788,0.004731690644441043,-1.5579508169660805e-12,-0.021770787932346772,-0.3712334565673486,0.3757743958583193,-1.6335138811092265,0.00021747185615113456,1.0000000829276936,16.027347969072263,1,0.02212941028173351,-0.7195969165476335,0.7236851661382633,-1.5426754288769349,0.0020139294896090467,1.0,2.6114292969418247,1,-0.37724510645499887,0.9370149977144338,1.007247419050433,1.9565951049869021,0.0007679206104306024,1.0000001402145362,1.0132546713391692,1,-1.6549521109355263,0.19838275016037824,1.6681209777359574,3.024679908259735,0.0014798244184487473,1.0,0.23265901878187806,1,3.091665750853565,-3.9832675833467532,5.044215508316988,-0.9115010964005963,-0.014845418625816472,0.999999947518146,0.007702614398855443,0
10.34,-0.00375361880380045,0.0047316906444417155,-1.5535129606336628e-12,0.17597367563897937,-0.28235433631725837,0.33499684093143123,-1.0238218808668011,0.00021511873543035413,0.9999999518541175,16.770730330138473,1,0.16828300267606025,-0.6993680119029579,0.7225895308975918,-1.3382245598803972,0.0017376131759810288,1.0,2.615183426077929,1,-0.4904637029948563,0.8848470950759486,1.0092404776436799,2.08024628940184,0.0008301209568840861,1.0000000634208128,1.0089956731377856,1,-1.6641068369918264,0.10620747928742753,1.668993603099476,3.0801755446812225,0.0014812984311201214,1.0,0.23069055420681733,1,3.135011089177557,-3.946502078671083,5.042024869913074,-0.900228312106162,-0.01472464072006176,1.000000192682205,0.007713253190525079,0
10.360000000000001,-0.0037536188039205554,0.0047316906444430954,-1.549754682222959e-12,0.2994943811976944,-0.0806357198516322,0.30951573247312275,-0.2760721262075995,0.00021626332725931048,0.9999999139678384,18.338848012826205,1,0.30748643068764386,-0.6498141584780348,0.7215456510387677,-1.1331651275496144,0.001529636664630276,1.0,2.61984809035291,1,-0.5961320313422922,0.8191600301521312,1.0111010282360562,2.2034256432954384,0.0008971560893136014,0.9999998022025999,1.004587852494657,1,-1.6676040315068477,0.01368402677570789,1.669332621749504,3.135630729871874,0.001486599809877587,1.0,0.22891843766987474,1,3.177970414589756,-3.909249911150495,5.039853698755556,-0.8889457661516358,-0.014587217175743045,0.999999855388854,0.007723833800921466,0
10.38,-0.003753618803906092,0.0047316906444463585,-1.5465849087514805e-12,0.2741767097054262,0.16111128720405737,0.31471571841532553,0.5238107438088533,0.00021726256660026795,0.999999991314372,20.08426947918951,1,0.4338775721835363,-0.5728867983377918,0.7205975722206461,-0.92753672262403,0.0014081103115970988,1.0,2.6252348747737755,1,-0.6926796705708091,0.741029738291573,1.0128014173385815,2.3261713947843945,0.000965261825502028,1.0000001161694323,1.0001003095296668,1,-1.665435395633904,-0.07887344130954531,1.6691371797825256,-3.092104322482975,0.0014947205812337622,1.0,0.2273438353420394,1,3.2205379236287075,-3.8715150512056646,5.037702285373554,-0.8776535387513931,-0.0144357320249145,0.9999999552401723,0.0077343544042787595,0
10.4,-0.003753618804046707,0.004731690644449929,-1.5436853184613852e-12,0.11721212125455173,0.33090067163227654,0.34705760410302217,1.2312398476967341,0.00022034038887827742,1.0000001388868116,20.98559897540195,1,0.5420901970675827,-0.4717155122564542,0.7197855862286955,-0.721403693125665,0.0013504320436836122,1.0,2.6311218128330047,1,-0.7786869775204462,0.6517041950262824,1.0143166201808766,2.4485275498400836,0.0010220568731554769,1.0000000923214207,0.9956017557238925,1,-1.6576064317940524,-0.17115075830223073,1.6684077115138325,-3.0366234721480665,0.0015034625401974561,1.0,0.2259677798349322,1,3.262707851394837,-3.83330154540376,5.035570934364128,-0.8663517104470496,-0.014280960448260051,1.0000001903961995,0.007744813172536791,0
10.42,-0.0037536188044710863,0.004731690644452781,-1.543484524219041e-12,-0.08621828731463571,0.38256827982351216,0.38898366529618944,1.7984653807715376,0.0002258618165773081,1.0000002708147404,20.890164705290655,1,0.627496477980124,-0.35048921176343334,0.7191443949682308,-0.5148527132352307,0.0013350376576398688,1.0,2.637262282609153,1,-0.852901449660589,0.5525828995889044,1.0156245390730039,2.5705431633185563,0.0010647945002644956,0.9999998000073934,0.9911595757025432,1,-1.6441364635523013,-0.26283391985543286,1.6671459445392738,-2.981076488190429,0.0015122655092861734,1.0,0.2247912190686426,1,3.3044744726912145,-3.7946135161648105,5.033459949133956,-0.8550403604965502,-0.014127227758821439,0.9999998500051694,0.007755208280443596,0
10.440000000000001,-0.003753618804906337,0.0047316906444566575,-1.5476118650492587e-12,-0.269124947669604,0.3334334287929792,0.4266835858106001,2.2579545510884484,0.0002315840861746163,1.0000003103310726,20.188637385517396,1,0.6864218003655423,-0.21428446576927224,0.7187015021423837,-0.30798920604535246,0.0013445082486058932,1.0,2.643395635667878,1,-0.9142514828756918,0.4451954194125814,1.0167062514407177,2.692271605244338,0.0010980494718824982,1.0000000892619623,0.9868389893062183,1,-1.6250587116020503,-0.3536092534402067,1.665354918626553,-2.9254278050887588,0.0015214795448997057,1.0,0.223815058758953,1,3.3458321031639553,-3.755455161447249,5.031369623523038,-0.8437195689358933,-0.013972955188324223,0.9999999630331171,0.007765537910782338,0
10.46,-0.0037536188051721583,0.004731690644463207,-1.5551253861045833e-12,-0.3985273393669368,0.21688022828610465,0.4533571303256512,2.65166388192823,0.00023625458808985812,1.000000234441786,19.223360347112855,1,0.7163190747420144,-0.06884756380077434,0.7184759268187536,-0.1009327458291956,0.0013615751083957757,1.0,2.649258983073458,1,-0.9618576386773862,0.33117926669192715,1.0175462064063907,2.8137698150778268,0.0011260623414112373,1.0000001189472678,0.9827023103155674,1,-1.6004204254387875,-0.4431636020836623,1.663039000148338,-2.869641812851488,0.0015311617282482938,1.0,0.2230401986923962,1,3.3867751004408584,-3.715830754411258,5.029300245977707,-0.8323894178093137,-0.013816847590355797,1.0000001878085267,0.007775800262030584,0
10.48,-0.0037536188052445666,0.0047316906444722605,-1.5641017127310253e-12,-0.46081960461970256,0.06381773752922058,0.4661980935952173,3.0118659667794323,0.00024002796632453547,1.0000000873058352,18.203373762465365,1,0.7158915141144452,0.07965949875342596,0.7184773101227584,0.10618833121854741,0.0013764739794656228,1.0,2.6545995050143327,1,-0.9950415446200324,0.21225731921368654,1.0181323817203471,2.935097548213553,0.0011518612304425577,0.9999998027399221,0.9788082915525935,1,-1.570283069896973,-0.5311845301255993,1.660203897617632,-2.813682845110577,0.0015410234544095214,1.0,0.22246756301140616,1,3.427297865269207,-3.6757446430591743,5.02725210307427,-0.821049991076333,-0.01365891871490666,0.9999998448591397,0.007785993551815525,0
10.5,-0.003753618805239628,0.004731690644482365,-1.5733356457936498e-12,-0.4514518196984614,-0.09874720260273147,0.4642671681844637,-2.919604466376782,0.0002437498065257005,0.9999999545396498,17.259157911672414,1,0.6851557638152743,0.22493593272059928,0.7187054688859139,0.31324280779078073,0.0013912343862398,1.0,2.6591865433831128,1,-1.0133325459410785,0.09021494564755601,1.018456404109124,3.0563166208644246,0.0011771642972975788,1.0000000601551153,0.9752115689651704,1,-1.5347225652975849,-0.6173605589747521,1.656856683001578,-2.7575151723652533,0.001550600432147248,1.0,0.22209812432277973,1,3.467394842653846,-3.6352012498536226,5.02522548037692,-0.8097013742926643,-0.013499948999851128,0.9999999708846332,0.007796116015020895,0
10.520000000000001,-0.0037536188052882955,0.004731690644492038,-1.582740449118658e-12,-0.37104611709556234,-0.24500849480289372,0.44769119080320496,-2.5533073460965103,0.0002473949971833454,0.9999999133980861,16.493062594628373,1,0.6254411077368448,0.36082679769601755,0.7191504229978751,0.5201026193033568,0.0014172937947531429,1.0,2.662822699977408,1,-1.016472208426212,-0.03312304842795012,1.018513631873738,-3.105695151964855,0.001202436208598364,1.0000001426423044,0.9719622136422735,1,-1.493829579483124,-0.7013814410848029,1.6530058188968022,-2.7011030004094683,0.0015593791811580589,1.0,0.2219329216134619,1,3.5070605229957,-3.5942050713145033,5.023220662049397,-0.7983436543785815,-0.013340975859212506,1.0000001849232871,0.007806165898863791,0
10.540000000000001,-0.0037536188053466264,0.004731690644500873,-1.5926756441464462e-12,-0.2259324086843402,-0.3471483535668162,0.41777351485130576,-2.146026146158913,0.000249486469766095,0.9999999878208664,16.0200148403483,1,0.5393248088875708,0.48159952559409985,0.7197928925046844,0.7266486909010796,0.0014695248437918908,1.0,2.665353213654267,1,-1.0044167476792616,-0.155915571403773,1.0183031998406047,-2.9845034807392463,0.0012275002537032842,0.9999998103328577,0.9691053289868518,1,-1.4477098694169963,-0.7829384806460684,1.648661191005668,-2.644410474880746,0.0015668995700132149,1.0,0.2219730722580083,1,3.5462894432307195,-3.552760677596204,5.021237929878518,-0.7869769194972517,-0.013182839983123338,0.9999998399589183,0.007816141457313727,0
10.56,-0.0037536188052346786,0.004731690644509576,-1.6025891551307847e-12,-0.03345469143936581,-0.3731342245506224,0.3780878877445432,-1.6628778363360208,0.00024893598291505614,1.0000001345023766,16.00981928932201,1,0.43050796653761836,0.5821971993376102,0.7206052304972822,0.9327762473094433,0.001560803315311471,1.0,2.666673021874916,1,-0.97733742952098,-0.27632843144759145,1.0178280292327153,-2.863230196010598,0.0012518872979719357,1.000000029566072,0.9666806694107778,1,-1.3964846693078485,-0.8617249098819153,1.643834145666309,-2.5874016931590282,0.0015728718637404748,1.0,0.2222197769460855,1,3.58507618796846,-3.510872712045391,5.019277561833388,-0.7756012590812421,-0.013025550241997278,0.9999999787822805,0.007826040946045684,0
10.58,-0.003753618804803051,0.004731690644518197,-1.6099938222879917e-12,0.16579458155290938,-0.2908017990724491,0.33700082853837754,-1.060783123907699,0.00024746207226716897,1.0000002680906197,16.70758538282442,1,0.3036400828763503,0.6584554788290805,0.721552730946817,1.1383993141022557,0.0016993716261843664,1.0,2.6667311076637055,1,-0.9356189501523497,-0.3925575036204756,1.0170948039196852,-2.741812771980209,0.001275586656783678,1.0000001628226947,0.9647223025414142,1,-1.3402911215343265,-0.9374363303236459,1.6385375329339726,-2.53004072473574,0.0015772597832745463,1.0,0.2226743147037547,1,3.623415390629441,-3.4685458907394993,5.017339830482458,-0.7642167641771576,-0.012867295317365888,1.0000001817450517,0.007835862617815133,0
10.6,-0.0037536188043040715,0.00473169064452358,-1.6124870536038394e-12,0.29573316377696657,-0.0941699938694502,0.3101964650322913,-0.3195367456736089,0.00024798280325227166,1.0000003108523954,18.238394041862943,1,0.16410342172661901,0.7072730778794988,0.7225952291695127,1.3434541992103888,0.001883801586819644,1.0,2.665531964865992,1,-0.8798557682121102,-0.5028518217920419,1.0161139126040675,-2.6201903866148792,0.0012973462050355857,0.9999998225991132,0.963258308692383,1,-1.27928274590382,-1.009771228794783,1.6327857558963088,-2.4722916401890322,0.0015797066207247049,1.0,0.22333802711242384,1,3.661301734580868,-3.425785002006599,5.015425003822718,-0.7528235283353973,-0.012704823286088528,0.9999998353122692,0.007845604718868445,0
10.620000000000001,-0.0037536188043475506,0.00473169064452165,-1.6126397092697253e-12,0.27913990885053824,0.14846893931074198,0.3135973719398276,0.48153272877590075,0.00024974950151805236,1.0000002379052015,20.004268976035902,1,0.017769968551874574,0.7267292768612907,0.7236889013702531,1.5479018227273715,0.002085261514812351,1.0,2.6631342502508346,1,-0.8108463271735848,-0.605536523218667,1.0148993512609192,-2.498304672733887,0.0013067083422605783,0.9999999982485335,0.9623105032562589,1,-1.2136299417235923,-1.0784315780349514,1.6265948211291499,-2.4141185479637133,0.001577741399249328,1.0,0.22421229369992926,1,3.698729954268703,-3.382594905926466,5.013533353983951,-0.7414216480305457,-0.01254027957785526,0.9999999867135458,0.007855265491547995,0
10.64,-0.003753618804662226,0.004731690644514297,-1.6150713579021758e-12,0.1272988251271115,0.3241797546605276,0.3448830464179566,1.1963886323815929,0.0002534565364236219,1.0000000916960288,20.96478837315975,1,-0.12925568370773474,0.7161456468359981,0.7247881737432901,1.75172885387133,0.0022557932067896152,1.0,2.659646893583306,1,-0.7295850777438729,-0.6990355456748537,1.0134685769786702,-2.3761004747837466,0.0012882420594833716,1.000000178991202,0.9618941770530373,1,-1.1435205157641728,-1.1431235320031075,1.6199823798089086,-2.3554856467444014,0.0015681351507138494,1.0,0.22529850276763053,1,3.7356948363436713,-3.33898053381034,5.011665164081666,-0.730011220087731,-0.012383463510747397,1.0000001782788563,0.007864843182285515,0
10.66,-0.0037536188047077434,0.004731690644505784,-1.6192546435644939e-12,-0.07567502394414327,0.3821585729662128,0.38671596883362513,1.7707419641778872,0.00026079202340276386,0.9999999573020267,20.9147752769847,1,-0.27089476535568385,0.6760925514192159,0.7258476462746628,1.9549477094533856,0.0023728270955063902,1.0,2.6552230718293703,1,-0.6372521885724876,-0.7818939379713606,1.0118423258299023,-2.253526618513829,0.0012371880407089423,0.9999998392364534,0.9620178545305479,1,-1.0691602274302503,-1.2035582259266893,1.6129677749188087,-2.296357304293202,0.001550626320703614,1.0,0.22659802280805608,1,3.772191220782977,-3.2949468876582424,5.009820714459166,-0.7185923395938059,-0.012238363967029089,0.9999998309265546,0.007874336040988904,0
10.68,-0.003753618804590711,0.0047316906444970445,-1.6229457014405035e-12,-0.26079208231627504,0.337665482220161,0.4248734723496815,2.234955020474196,0.0002668963290515029,0.9999999129252566,20.23613035369884,1,-0.4013427116782769,0.6083437840713343,0.726823936459891,2.157595502576308,0.002440372479615022,1.0,2.6500524341306786,1,-0.5352008226834468,-0.8527995959978574,1.010044399953706,-2.130536670449902,0.0011541839586847679,0.999999966974151,0.9626830682638221,1,-0.9907733403969766,-1.2594526912815622,1.6055721047193392,-2.2366981514564825,0.0015264555297341998,1.0,0.2281121751972467,1,3.8082140020090387,-3.250499039596131,5.008000271753279,-0.7071651017779166,-0.012102504592225513,0.9999999946658626,0.007883742317459218,0
10.700000000000001,-0.0037536188045373857,0.004731690644487638,-1.6257420756837782e-12,-0.3935720778934686,0.22394293383398886,0.45224577963879314,2.6313284782464073,0.000267886065602228,0.9999999843879636,19.278854459762435,1,-0.5152980235454108,0.5157847347679473,0.7276773866979033,2.359732052765292,0.002469886034324446,1.0,2.644352046275785,1,-0.42494185965224085,-0.9106041800047142,1.0081014055659525,-2.0070896766471824,0.0010389727166614893,1.0000001907494411,0.9638841538776406,1,-0.9086031678417914,-1.3105308961441209,1.597818281206469,-2.1764731887516944,0.001496710223333893,1.0,0.22984220112942982,1,3.8437581300029264,-3.205642131293219,5.006204091702097,-0.6957296036161558,-0.011972908089971446,1.000000174530193,0.00789306026364536,0
10.72,-0.003753618804554223,0.004731690644478141,-1.6283619418133721e-12,-0.4596900318563505,0.07214501727113361,0.4658778316243301,2.9926665003004493,0.0002676541958678078,1.0000001301069603,18.258017527604313,1,-0.6081642042732314,0.4022807306767261,0.7283735775126468,2.561437100018023,0.00246672524561881,1.0,2.6383572249413327,1,-0.3081259617811184,-0.9543429073342174,1.0060424390127343,-1.883150880212391,0.0008911575767286757,0.9999998598349411,0.9656080763068187,1,-0.8229125963156514,-1.3565249214758082,1.5897310790757735,-2.115647914038828,0.0014622427584205673,1.0,0.23178921147806616,1,3.8788186114114356,-3.1603813733584096,5.0044324228914565,-0.6842859440526303,-0.011847378409447318,0.9999998268087235,0.007902288137424463,0
10.74,-0.0037536188045370848,0.004731690644470207,-1.631131861523638e-12,-0.4542494227735238,-0.0905664415239553,0.46475832617404533,-2.938935757079616,0.0002688543516852061,1.0000002652903237,17.30694523784791,1,-0.6762193720719927,0.27251275996334917,0.7288845889595845,2.762806902738144,0.002439151406029116,1.0,2.6323122505143073,1,-0.1865229186431332,-0.983252851754147,1.0038987234383185,-1.758692405532215,0.0007115717498159806,0.9999999365135124,0.9678343017646961,1,-0.7339845712052541,-1.3971762835034092,1.5813371790922108,-2.0541884741995413,0.0014237710226729624,1.0,0.23395411239005542,1,3.9133905106475058,-3.114722044715154,5.0026855081676125,-0.6728342238772126,-0.011724150014055102,1.0000000026266314,0.007911424205276914,0
10.76,-0.003753618804393833,0.004731690644465305,-1.6331996519070024e-12,-0.3776135566766724,-0.23840446087334558,0.44896043029942506,-2.574066665257158,0.00027059608305695054,1.000000311276674,16.528447873572777,1,-0.7167498814286533,0.1317878633582123,0.7291899969528705,2.9639503846262802,0.0024015910438043536,1.0,2.6264608141406955,1,-0.06199826041954043,-0.9967893205855094,1.0017031962413407,-1.6336938916259,0.0005033733034168385,1.0000001978076942,0.9705347337606212,1,-0.642122524350352,-1.4322374112182024,1.572665206278746,-1.9920618420547107,0.0013819216206019083,1.0,0.23633750785552082,1,3.9474689509837413,-3.068669491954646,5.000963584867994,-0.6613745456357835,-0.011601535493381802,1.000000170505001,0.007920466743879542,0
10.780000000000001,-0.003753618804106353,0.004731690644463656,-1.6331237577549285e-12,-0.23571602892737456,-0.3437379905971532,0.41970568881549775,-2.169828982277373,0.0002705794650850862,1.000000241307173,16.03571978592854,1,-0.728145640314645,-0.014168778960958976,0.7292775936608848,-3.1182003544329353,0.002369227492141024,1.0,2.621036988711865,1,0.0635127929341855,-0.994639829275266,0.9994900479049749,-1.508143054657229,0.00027276409533936096,0.9999998838870381,0.97367373482383,1,-0.5476507215032003,-1.4614732862270112,1.5637457613807553,-1.929236020369406,0.0013373112350455203,1.0,0.23893958475915564,1,3.9810491156392582,-3.0222291286677927,4.999266884523923,-0.6499070136120688,-0.011477635205631572,0.9999998229653,0.00792941404085938,0
10.8,-0.003753618803831951,0.004731690644464007,-1.6302835817438854e-12,-0.04505410671332391,-0.3747626181865401,0.38039340293444157,-1.6918998911208794,0.00026742378706785575,1.0000000960961315,15.99450862323758,1,-0.7099558039393185,-0.15943342591138757,0.7291438172801238,-2.9171532039091876,0.0023537622661713147,1.0,2.6162569290887157,1,0.18803388328459775,-0.9767351556334973,0.9972942146090278,-1.3820361575578328,2.9240160290201252e-05,0.999999907617155,0.9772082546414416,1,-0.45091450410440176,-1.484663249884069,1.5546114433435252,-1.865680275073995,0.0012907414022770257,1.0,0.24175998495362652,1,4.01412624885945,-2.975406434755972,4.997595632119431,-0.6384317339131645,-0.011349894616848558,1.0000000105832385,0.007938264394567254,0
10.82,-0.003753618803791047,0.004731690644464746,-1.6258452917305988e-12,0.1554694739683896,-0.29894206381561433,0.339042203307333,-1.0973090918023538,0.00026337345957905685,0.9999999601399002,16.64728421780658,1,-0.6629042127369166,-0.2981087221160837,0.7287938844404548,-2.7159723815781147,0.002361361419104991,1.0,2.6123113468452304,1,0.30957828925462233,-0.9432569394071143,0.9951508300589994,-1.255378363573529,-0.00021396951479431942,1.0000001999920485,0.9810880796730642,1,-0.35228039654312565,-1.5016029796886632,1.5452968604662523,-1.8013653996490995,0.0012434618838455323,1.0,0.2447976674072815,1,4.046695656988528,-2.9282069557207384,4.995950045039127,-0.6269488148225059,-0.011214315706630564,1.0000001662096578,0.007947016112176318,0
10.84,-0.0037536188039118444,0.004731690644466054,-1.6219603785061487e-12,0.2915650172377122,-0.10760098644555009,0.310967576127284,-0.3627838105411267,0.0002613755754943178,0.9999999125495804,18.13913621797635,1,-0.5888644280167713,-0.4245479046116026,0.7282416238269493,-2.5145416965063605,0.0023880430737773634,1.0,2.609358838459574,1,0.4261815188823125,-0.8946413030140548,0.9930946459366279,-1.1281839512409313,-0.0004407476852597438,0.9999999108001109,0.9852562541448497,1,-0.2521360467182542,-1.5121066332449093,1.5358386286729906,-1.7362640112066343,0.00119672715482227,1.0,0.2480507601155943,1,4.078752709535236,-2.8806363019335697,4.9943303338347125,-0.6154583677213729,-0.011065700514856823,0.9999998194023738,0.007955667505990645,0
10.860000000000001,-0.003753618803914255,0.004731690644469235,-1.6188053501842159e-12,0.2837319921693048,0.1355584158574443,0.312563029236905,0.4389980228947828,0.00026071780504881184,0.9999999810173387,19.921991371165554,1,-0.4907946441621793,-0.5335721435771049,0.7275090097368565,-2.3127542351613273,0.002404885626027816,1.0,2.6075201550354272,1,0.5359351796199335,-0.8315780088049065,0.9911594307777254,-1.0004763642750476,-0.0006424856354270084,0.9999998809970729,0.9896497216469713,1,-0.1508899646418872,-1.5160091538860816,1.5262753531527988,-1.6703508746323998,0.0011493473246124634,1.0,0.2515163963781827,1,4.110292840230469,-2.832700147886519,4.992736710880683,-0.6039605078474111,-0.010903662258347642,1.0000000185230775,0.007964216893072312,0
10.88,-0.003753618804025886,0.004731690644472912,-1.6158376719976886e-12,0.13728810712110626,0.3170416663307106,0.34273823616004045,1.1611371844494167,0.00026153913437441804,1.0000001257027078,20.941271591069633,1,-0.3726332691768285,-0.6206746704593837,0.7266253933827979,-2.110516521724155,0.0023663721760214043,1.0,2.606873523065726,1,0.6370214554143623,-0.7550047475516287,0.9893773517237985,-0.8722880654846717,-0.0008228890410834793,1.0000001972486825,0.9942001029245302,1,-0.04897102152818525,-1.5131687269011014,1.5166475773038242,-1.603603253665824,0.0010979669240947444,1.0,0.2551905349658392,1,4.141311548074006,-2.784404231422744,4.991169400458314,-0.5924553520854455,-0.010735675767938222,1.0000001616509695,0.007972662602163538,0
10.9,-0.00375361880443224,0.00473169064447577,-1.6153254948914064e-12,-0.06502320663462588,0.381385948292998,0.38443758301849473,1.7427234034160848,0.0002640589068989725,1.000000262415219,20.937902356096423,1,-0.23915670119085722,-0.6822049910039611,0.7256264499522695,-1.907752347441161,0.0022498204944047043,1.0,2.6074511554673685,1,0.7277473982274598,-0.6660962722933953,0.9877783481602266,-0.7436601935747774,-0.0009802324438401714,0.9999999399110322,0.9988346612744708,1,0.0531723300240213,-1.5034693685833915,1.5069976962004272,-1.5360013013090583,0.001041946260727158,1.0,0.25906776771414786,1,4.17180439837082,-2.73575435294512,4.989628628356645,-0.5809430162869851,-0.010565001835519724,0.9999998161255901,0.00798100297426044,0
10.92,-0.0037536188048862195,0.004731690644479434,-1.6191561980072322e-12,-0.2522498234028935,0.34163287283087607,0.4230328137961698,2.211781752214915,0.00026643816315459305,1.0000003116037017,20.283100872550044,1,-0.0958018908750899,-0.7155261142855402,0.7245528670699662,-1.7044061085899904,0.0020541425866963977,1.0,2.609237112323031,1,0.8065781417873694,-0.56624824040883,0.9863895314378907,-0.6146420234933794,-0.0011078985708948789,0.9999998573091742,1.0034774906530235,1,0.15507315533689522,-1.4868236226720215,1.497369854466823,-1.4675284836752287,0.0009825090445647914,1.0,0.263141114365614,1,4.201767023759271,-2.6867563746046836,4.988114609727878,-0.5694236166170106,-0.010389179304044815,1.0000000264335687,0.007989236356997654,0
10.940000000000001,-0.0037536188051723856,0.004731690644485665,-1.6265556609940113e-12,-0.3883628508107624,0.23083033063079372,0.45109441502153713,2.610910828811927,0.00026775060403456664,1.00000024464604,19.334382515899005,1,0.05154228194363764,-0.7191375223737457,0.7234487907450239,-1.5004454873208173,0.0017893600033055841,1.0,2.612166706038496,1,0.8721680827485496,-0.457055809182871,0.9852346313276881,-0.48529021264130756,-0.001203063994204846,1.0000001896451918,1.008050884265143,1,0.2562474967298223,-1.4631753304357724,1.4878098170032166,-1.3981720209569535,0.000920484927820074,1.0,0.26740180601736724,1,4.231195125229647,-2.6374162194704733,4.98662755098677,-0.5578972712065676,-0.010205626805240878,1.0000001568361585,0.007997361104333448,0
10.96,-0.0037536188052557018,0.004731690644494453,-1.6355918355803745e-12,-0.45828753024495084,0.08037461695272727,0.4655128256366079,2.9734577590884155,0.0002687182988379679,1.000000100503996,18.313040919501034,1,0.19676899951345586,-0.692756755923423,0.7223600681782993,-1.2958633196966365,0.0014769759795290013,1.0,2.616127669125075,1,0.9233890551549314,-0.3402872362318453,0.9843334979914395,-0.3556678398454521,-0.0012680673333920931,0.9999999705025214,1.0124768498124117,1,0.3561962304540027,-1.432502431181317,1.4783647984499262,-1.3279233437462072,0.0008562442385031849,1.0,0.27183906861920926,1,4.260084473131469,-2.587739870680281,4.98516765405214,-0.5463641004010885,-0.010013009590998124,0.9999998131401407,0.008005375578852897,0
10.98,-0.003753618805255954,0.004731690644504453,-1.6449602097123872e-12,-0.45676913817419246,-0.08240892676587719,0.46520314430661036,-2.9582061320323887,0.00027044893084981033,0.9999999630518852,17.35539354195768,1,0.33380501793187767,-0.6373531954510432,0.7213323485417591,-1.0906784923098547,0.0011479926175782874,1.0,2.620963280580933,1,0.9593545559609726,-0.21785295104472366,0.9837016759305166,-0.225843259926321,-0.001308520128534915,0.9999998371371186,1.0166787324143287,1,0.4544073555184333,-1.3948197392086596,1.4690832491559436,-1.2567785609652857,0.0007902097766137969,1.0,0.2764399266557263,1,4.288430908168964,-2.537733370571681,4.983735118412002,-0.5348242265404047,-0.009810927119576957,1.0000000343021782,0.008013278153355162,0
11.0,-0.003753618805297891,0.004731690644514114,-1.6544647596372641e-12,-0.38391311227043634,-0.231742064832403,0.4501855571519252,-2.5946828483839,0.0002731647348905003,0.999999912271241,16.564822800638105,1,0.456869786659243,-0.5551290341157159,0.7204091180626431,-0.8849357292935175,0.0008357218591811703,1.0,2.6264775785230716,1,0.9794391662590453,-0.09177077355500507,0.9833500662382921,-0.09588880294370139,-0.0013309223851164188,1.000000177368923,1.0205828945036917,1,0.5503587427901285,-1.3501816320802709,1.4600145950097159,-1.1847389297061552,0.000723161980249992,1.0,0.28118903682775914,1,4.316230342384224,-2.4874028197935427,4.982330141819409,-0.5232777737127763,-0.009599548718105541,1.0000001517728536,0.008021067212022058,0
11.020000000000001,-0.003753618805356542,0.004731690644522892,-1.6644784509023403e-12,-0.2452714820422477,-0.34017173687549546,0.4216030158420586,-2.1933790286025854,0.000275593794495401,0.9999999777106366,16.052912626107705,1,0.5607304444690379,-0.44944464123081607,0.7196297608545986,-0.6787041781323085,0.000566823789901519,1.0,2.6324426708898296,1,0.9832924537116762,0.035871855551213146,0.9832846895153785,0.034120645649304136,-0.0013412716655798955,1.0000000018208168,1.0241203934760825,1,0.6435213650377689,-1.298684575228483,1.4512089285968603,-1.11181131370404,0.0006562086039073911,1.0,0.28606853944586985,1,4.343478760127691,-2.4367543763986563,4.980952920260533,-0.5117248675511966,-0.009379294935396682,0.9999998104507558,0.008028741152664783,0
11.040000000000001,-0.003753618805271232,0.004731690644531491,-1.674587985639464e-12,-0.05653176578612412,-0.3761273811668275,0.38268785054426885,-1.7205267429566506,0.00027551876272054583,1.0000001212917689,15.98145594500252,1,0.6409397172290372,-0.32468846146724584,0.7190277483178344,-0.4720747714931209,0.0003556134172739319,1.0,2.638608000400563,1,0.9708468297812703,0.16295761570255127,0.9835065573310839,0.1641091414333362,-0.0013435757206137968,0.9999998209779372,1.0272285939393682,1,0.7333630172973851,-1.2404693999164684,1.4427166518433194,-1.0380086153633719,0.0005906666803155365,1.0,0.2910579196500024,1,4.370172219014522,-2.385794254917371,4.979603647261223,-0.5001656351075714,-0.009150378332774902,1.000000042116439,0.008036298391218968,0
11.06,-0.0037536188048672182,0.004731690644540131,-1.6824592934117089e-12,0.14504088765315942,-0.30676930946475983,0.3411210226365567,-1.1333394138700252,0.00027201201522595935,1.0000002594667088,16.589869553661103,1,0.6940433925437572,-0.18609509300506202,0.7186290636592847,-0.26515642938377715,0.00020575085204868382,1.0,2.6447112397715062,1,0.9423190594367942,0.28737989827608695,0.9840116553112654,0.2940012073058583,-0.001338493278106113,1.0000001607223583,1.029852652482786,1,0.8193525217207641,-1.1757232444451664,1.4345880725987143,-0.9633501658257269,0.0005281273375517706,1.0,0.2961338958719255,1,4.396306850865546,-2.3345287254117375,4.9782825125123855,-0.4886002049654034,-0.008912015633793234,1.0000001464690773,0.008043737367819043,0
11.08,-0.003753618804337328,0.004731690644546001,-1.6854781459407775e-12,0.2870201301579873,-0.12090433449401264,0.3118340368549887,-0.4057498422722605,0.00026745245249836647,1.000000311833319,18.04112130123586,1,0.7177448279617683,-0.03951890715654504,0.7184509615333546,-0.058071262570360174,0.0001162763646943467,1.0,2.6504903054073026,1,0.8982053662991145,0.40708308435889184,0.9847910366590698,0.42372334032053205,-0.0013252582225070032,1.0000000330942487,1.0319468188811878,1,0.900964393144912,-1.104681062733198,1.4268729600473975,-0.8878620570305202,0.0004703213968639214,1.0,0.30127036185676265,1,4.421878862632918,-2.2829641125098963,4.976989701505607,-0.47702870795364616,-0.008662433020214525,0.9999998080616965,0.008051056551658466,0
11.1,-0.0037536188043155953,0.004731690644544818,-1.6856026123501788e-12,0.28795931435320765,0.1223981721608777,0.31162219514311634,0.39623344005580013,0.00026357423977941245,1.0000002479201735,19.837176708575694,1,0.7110159593980542,0.1088259232666292,0.718501149114664,0.1490509738339345,7.627416846325347e-05,1.0,2.655695707534078,1,0.8392703250932324,0.5201013610341171,0.9858310248132406,0.5532054502838462,-0.001309079306452876,0.9999998092297855,1.0334755013426384,1,0.9776839215745489,-1.0276266017013078,1.4196200670587775,-0.8115773958239686,0.0004172829972228696,1.0,0.30643840586181603,1,4.446884537310189,-2.231106794420731,4.975725402553677,-0.46545127802790653,-0.008403930186885317,1.00000004986397,0.008058254445112501,0
11.120000000000001,-0.0037536188046315144,0.0047316906445377845,-1.6876573923074734e-12,0.14718620358263276,0.3094865842264367,0.340630318220998,1.125467814236962,0.00025887320581123845,1.0000001049174716,20.91447799957616,1,0.6741474228120883,0.25264529059460106,0.7187774519935279,0.3560788600822879,6.533785278490029e-05,1.0,2.6601024544282503,1,0.7665299688855993,0.6245950075234694,0.9871135250118174,0.6823821958973544,-0.0012998545195180612,1.0000001401156624,1.034414029455924,1,1.0490126063919385,-0.9448927504184368,1.412876618331658,-0.7345364545254113,0.0003663863397312094,1.0,0.31160641477053297,1,4.471320234825349,-2.1789632019284557,4.974489818143619,-0.4538680504001788,-0.008146095352931279,1.0000001409332329,0.008065329591689282,0
11.14,-0.0037536188047006995,0.00473169064452929,-1.6916745781969666e-12,-0.05424706969530215,0.38024588108925794,0.3821509633152813,1.7143816474492284,0.00025704835170956496,0.9999999660365607,20.95897756870565,1,0.6087343711165455,0.38584947220285654,0.7192679556622739,0.5628853556122203,8.78245828051869e-05,1.0,2.6635212515931,1,0.6812297443882616,0.7188832132280365,0.9886164218302107,0.8111941923301345,-0.0012966374413855804,1.0000000635522526,1.0347491179678976,1,1.114473855439112,-0.8568611718479092,1.40668775714023,-0.6567867083038951,0.0003162894659276921,1.0,0.31674026037297787,1,4.495182392917557,-2.1265398173654733,4.973283156882179,-0.4422791583242502,-0.007894910176806259,0.9999998059767482,0.008072280576079631,0
11.16,-0.0037536188045872937,0.0047316906445206055,-1.695317497496518e-12,-0.24347730755551125,0.34533345606447874,0.4211614236194751,2.188411516448016,0.00025886908989281775,0.999999912090374,20.32908775294215,1,0.5175989559105982,0.5028260840716743,0.7199515971457818,0.769353551405434,0.00015086704116425213,1.0,2.665807249424972,1,0.584818106842187,0.8014726634956629,0.9903140376242551,0.9395890463129741,-0.0012857778618004603,0.9999998021821331,1.0344789562612575,1,1.1736188395291458,-0.7639611414320553,1.401095979162492,-0.5783827549828112,0.0002674608118755114,1.0,0.3218035830348489,1,4.5184675280014845,-2.0738431735649736,4.972105619045413,-0.43068473381058714,-0.007650595285266844,1.0000000575324959,0.008079106011641664,0
11.18,-0.003753618804523729,0.004731690644511276,-1.6980039336395025e-12,-0.3828775940021539,0.23754382646893,0.44990259070994565,2.5903932170797686,0.0002615973395657997,0.9999999744694713,19.3895843586287,1,0.40465472203873953,0.5986868427247402,0.7207991796596936,0.9753818007220323,0.00021926511638337517,1.0,2.6668660139249587,1,0.4789166608033073,0.8710813376363868,0.9921776615357868,1.0675221983835406,-0.0012435127589658591,1.0000001160565752,1.0336126478674448,1,1.2260323723091688,-0.6666675348785351,1.3961405759323362,-0.49938609271815815,0.00022029085699283937,1.0,0.3267581770747508,1,4.5411722360196345,-2.020879852796904,4.970957395780972,-0.41908490931576625,-0.0074127153876871,1.0000001351740915,0.008085804530524859,0
11.200000000000001,-0.0037536188045380727,0.00473169064450175,-1.700471794624514e-12,-0.4565906653117634,0.08851130044862597,0.46510361266399924,2.9542239368730834,0.000263537948559739,1.0000001168762955,18.36815132765749,1,0.2747217901001613,0.6694755636796361,0.7217747102623173,1.180887989447545,0.00021250958276484926,1.0,2.6666565326071323,1,0.3652878173703309,0.9266571764962632,0.9941761499723506,1.1949575606754774,-0.0011412527462863614,1.000000092444356,1.032169081813899,1,1.2713386688127186,-0.5654979318718303,1.3918570910835557,-0.4198647432263256,0.0001746735766482369,1.0,0.3315644739679792,1,4.563293193280714,-1.9676564856884076,4.969838672148127,-0.4074798181349476,-0.007181476469036458,0.999999804199214,0.008092374778812767,0
11.22,-0.0037536188045314426,0.004731690644493635,-1.7031159468827717e-12,-0.4589909745763098,-0.07426716519507089,0.4656032406427719,-2.977433260970958,0.00026454005372998965,1.0000002564462322,17.404247084132052,1,0.1333043619859963,0.7123280085923885,0.7228369716099657,1.3858128304589097,7.050932131866509e-05,1.0,2.6651919966120334,1,0.24580094474790462,0.967391476473183,0.9962765754457976,1.3218679219323293,-0.0009657913479447355,0.9999998000086313,1.0301760433903944,1,1.3092068244057518,-0.46100883183282526,1.3882768017804938,-0.3398927207176181,0.00013017690315504768,1.0,0.3361821172754571,1,4.584827157282347,-1.9141797501285969,4.968749628370962,-0.3958695942668758,-0.006957383347757181,1.0000000651098664,0.008098815413994124,0
11.24,-0.0037536188044032387,0.00473169064448847,-1.7051711605209352e-12,-0.3899263531037156,-0.22501225938662853,0.4513686872693212,-2.6151784269896354,0.0002649377978014579,1.0000003119654135,16.601944840508576,1,-0.013656420863091245,0.7255778582455783,0.7239413060804869,1.5901221153919782,-0.00017638780176714488,1.0,2.662539527122476,1,0.12239793430499715,0.9927270412828623,0.9984448661603815,1.4482351083142904,-0.000736062266344005,1.000000089137903,1.0276704549686768,1,1.3393558508028423,-0.3537910107860792,1.3854262421800183,-0.2595493508434983,8.623055053492032e-05,1.0,0.34057061807874206,1,4.605770967517167,-1.860456370157737,4.9676904397457715,-0.384254372245982,-0.006740858008825838,1.000000129200778,0.008105125104185209,0
11.26,-0.0037536188041284602,0.004731690644486605,-1.705256161971258e-12,-0.254580723765066,-0.33644063968909016,0.4234671743520796,-2.216705757694698,0.0002645869535506294,1.0000002511279753,16.07134428896753,1,-0.1600409229111447,0.7088067488027192,0.7250415880406745,1.79380779133599,-0.00044071368488644494,1.0,2.6588175180091347,1,-0.0029410023710043465,1.0023612962780748,1.0006463820073621,1.5740499513346857,-0.0004883687304441487,1.0000001190586696,1.02469856258785,1,1.361559108681311,-0.24446408324901914,1.383326784838692,-0.17891844953674796,4.2292957781473246e-05,1.0,0.3446900739175232,1,4.626121546261759,-1.8064931148411436,4.966661275865648,-0.3726342870343122,-0.0065319384490838545,0.9999998027319106,0.008111302528956532,0
11.280000000000001,-0.003753618803847605,0.004731690644486923,-1.7025970477230201e-12,-0.06786639135987807,-0.37722031224706104,0.384971385721414,-1.7487945062157355,0.0002627224612902568,1.0000001093344038,15.970395698378164,1,-0.2998081925817536,0.6628395725656232,0.7260922464982044,1.996887772739859,-0.0006558859487604016,1.0,2.6541890222102666,1,-0.12823059362262315,0.9962447370289684,1.0028464405380946,1.6993121309226058,-0.000250573239096419,0.9999998027628342,1.021314579726578,1,1.3756479878154813,-0.13367036772753815,1.3819942941332342,-0.09808737827049181,-1.9597881378498797e-06,1.0,0.34850192898011517,1,4.645875899347444,-1.7522967971276397,4.9656622992675485,-0.3610094740037932,-0.006329895157244063,1.0000000725840759,0.008117346381278725,0
11.3,-0.0037536188037817107,0.004731690644487725,-1.6981626608375544e-12,0.13453787031727307,-0.3142708882778204,0.3432353484474834,-1.1689077056115948,0.00025929712522715354,0.9999999690924701,16.53511162601419,1,-0.4272408781369821,0.5896888975063376,0.7270501694507401,2.1994046035249832,-0.0007980529049387143,1.0,2.6488526383303888,1,-0.2515122123673387,0.9745751806102478,1.0050108307127614,1.8240299096163752,-3.360762354718244e-05,1.0000000600229106,1.0175785947166305,1,1.381514705600722,-0.022068186527628066,1.3814388633389898,-0.017145998873644052,-4.641928658822286e-05,1.0,0.3519697490823421,1,4.665031116912183,-1.6978742726924911,4.964693663392798,-0.349380069150292,-0.006132594323143128,1.0000001230227566,0.00812325536947389,0
11.32,-0.0037536188039040182,0.004731690644488981,-1.6941654242680348e-12,0.28212724919349164,-0.13405252731522777,0.31279422684606606,-0.44844808599913855,0.00025631295331491656,0.999999912007068,17.944299015091403,1,-0.5371688703404784,0.49245425286556727,0.7278764018769874,2.401423192271931,-0.000868018921270601,1.0,2.643032768846683,1,-0.3708835430337221,0.9377883231141626,1.00710631520314,1.948219750827338,0.00016314079316385695,1.0000001427394276,1.0135548070726275,1,1.3791141226362986,0.08967524220407358,1.3816646447957557,0.0638144425969813,-9.066333794325228e-05,1.0,0.3550599817955371,1,4.683584374134149,-1.6432324387651742,4.963755511127205,-0.3377462099299567,-0.0059365508510586355,0.9999998015771626,0.008129028217318767,0
11.34,-0.0037536188039217887,0.0047316906444920676,-1.6910188527230474e-12,0.29183514085896634,0.109018167383282,0.31077655929820114,0.3532240682640381,0.0002544410450945498,0.9999999712954245,19.749755483367284,1,-0.6251647402455022,0.3751831255593738,0.7285376036807818,2.603027818695253,-0.0008850406813015514,1.0,2.6369698630896576,1,-0.48452587018135207,0.8865451238523371,1.0091011002376555,2.0719058265256685,0.00033777537042638034,0.9999998103768792,1.0093101749425606,1,1.3684645083648113,0.2008911421439891,1.3826697840793882,0.1447024695420214,-0.00013531225032935401,1.0,0.35774266885421574,1,4.701532931946652,-1.588378232942845,4.962847980294504,-0.3261080365601824,-0.005741430538722628,1.0000000799432822,0.008134663663638495,0
11.360000000000001,-0.0037536188040056366,0.004731690644495823,-1.6879854718848675e-12,0.15700457808614485,0.3015353315797303,0.3385605818586496,1.0893465726353582,0.00025323784379535375,1.000000112458443,20.884187672540808,1,-0.6877059875792544,0.24270094125901476,0.7290072499292589,2.8043185647645856,-0.0008839476388200198,1.0,2.630910798456553,1,-0.5907287728953559,0.821716536656765,1.0109652656590584,2.1951194285154076,0.00047826414635455705,1.0000000294289793,1.0049132646720729,1,1.3496472285345265,0.31091655634438997,1.3844464661552187,0.22542753883530683,-0.00018230947662152032,1.0,0.35999208320431697,1,4.718874137732328,-1.5333186319905314,4.961971216369438,-0.31446569089466964,-0.005553324097467991,1.000000116649816,0.008140160469873654,0
11.38,-0.003753618804395507,0.004731690644498717,-1.6871848970007042e-12,-0.043330857858318944,0.3787599259944585,0.3798554652596528,1.685683162489363,0.0002553710988718736,1.000000253355263,20.977805604772907,1,-0.7223007661063998,0.1004172619613694,0.7292665682286121,3.005407320109007,-0.0008801762779051679,1.0,2.625099569629212,1,-0.6879121132759064,0.744366085263762,1.0126711607360872,2.3178983183003643,0.0005805544113388794,1.0000001629031463,1.0004331926557284,1,1.3228053659573789,0.4191015726371349,1.3869810537235676,0.3059011856253638,-0.0002318626034284758,1.0,0.36178727451421605,1,4.735605425994318,-1.4780606506264091,4.961125368161243,-0.3028193131303975,-0.005375047552823599,0.9999998007367996,0.008145517428848822,0
11.4,-0.0037536188048633116,0.004731690644502197,-1.6907029162099851e-12,-0.23445939776335487,0.3487937097628029,0.41925786261654513,2.1648180375202,0.00026086532239987453,1.000000311999921,20.37395529211581,1,-0.7275750300172087,-0.045884877600623084,0.7293051928346501,-3.0767717974647666,-0.0008670011251297565,1.0,2.619768473782072,1,-0.774645292516212,0.6557307369051014,1.0141937479615184,2.440286045463123,0.000651506112204747,0.9999998226631598,0.9959386356144307,1,1.2881413257251237,0.524816213421478,1.3902543071806999,0.3860381000442714,-0.0002825392323245477,1.0,0.36311248586676637,1,4.751724319006496,-1.4226113402911706,4.960310572955663,-0.29116904208671357,-0.005203927522637328,1.000000087175825,0.008150733362627954,0
11.42,-0.0037536188051683914,0.004731690644508087,-1.6979531929778302e-12,-0.37710546269974937,0.24411353839742944,0.4486690153706062,2.569755276042281,0.0002669191394866856,1.00000025426788,19.444363093845237,1,-0.7033199573170161,-0.19026996247179248,0.7291215174761494,-2.8757256598931242,-0.0008353260740769194,1.0,2.6151299622019435,1,-0.8496638135296196,0.5572004727620958,1.0155108900873342,2.5623312337452337,0.0006994169318745841,0.9999999981099308,0.9914969120591104,1,1.245913513400401,0.6274568229228196,1.3942416985943094,0.46575710593142416,-0.00033284720490869276,1.0,0.3639574279620184,1,4.767228427444145,-1.366977787903953,4.9595269544091405,-0.2795150170633933,-0.005036715675883613,1.0000001100920537,0.008155807120950058,0
11.440000000000001,-0.0037536188052676323,0.004731690644516604,-1.7070440113536867e-12,-0.4545943941422316,0.09658653789880783,0.46464967031584403,2.9349480449412577,0.0002717227441516163,1.0000001137526375,18.423273248808112,1,-0.6504991272258198,-0.3268751055092682,0.7287227486077412,-2.674518494746181,-0.0007814109431723984,1.0,2.611369284938972,1,-0.9118832345702844,0.4502968928422625,1.016603592939459,2.684086843364115,0.0007316088191328838,1.0000001790529998,0.9871731517720707,1,1.196432204559779,0.7264518091750949,1.3989138073920875,0.5449820255136136,-0.00038150486046013127,1.0,0.36431741034438486,1,4.782115450993652,-1.3111671146058956,4.958774625886561,-0.2678573785150992,-0.00487095762403726,0.9999998002121533,0.008160737583926311,0
11.46,-0.0037536188052727324,0.004731690644526495,-1.7165424897463977e-12,-0.4609161301844227,-0.06611044849797215,0.46595933924616456,-2.996633585310702,0.00027522966334477694,0.9999999722181221,17.453438041129683,1,-0.5712153791563359,-0.4501332032308686,0.72812466034701,-2.47303514998175,-0.0007089777005611397,1.0,2.6086380215695737,1,-0.9604106242382469,0.33665113038773187,1.0174562066249129,2.8056094217757943,0.0007546154995577742,0.9999998393189469,0.9830295933401335,1,1.1400547471295834,0.8212666286489472,1.4042367783535814,0.6236424114728962,-0.00042733428431362367,1.0,0.364193325833271,1,4.796383178939633,-1.255186474490919,4.958053692591611,-0.25619626808102347,-0.004704749774509018,1.0000000942702452,0.008165523665268865,0
11.48,-0.003753618805305987,0.004731690644536122,-1.7261461357498398e-12,-0.3956605768908465,-0.218187187773556,0.4525120806367062,-2.6355728482966874,0.0002772922088660749,0.9999999120213633,16.63973820560189,1,-0.4686377044639328,-0.5549880021519981,0.727351052174242,-2.2711707583740925,-0.0006301706374301605,1.0,2.607048581825988,1,-0.9945536386501276,0.217981290725535,1.0180565841133773,2.926958351107463,0.0007743131508813665,0.9999999668374534,0.9791249797006647,1,1.0771802530605132,0.9114079353481759,1.4101728262460786,0.7016741329905994,-0.00046919354102304377,1.0,0.363591493383629,1,4.810029490729286,-1.1990430533237983,4.957364252417436,-0.2445318285012091,-0.004536445863539479,1.0000001033598596,0.008170164314754477,0
11.5,-0.003753618805366031,0.0047316906445448665,-1.7362365885287279e-12,-0.26365611723716115,-0.3325220802609384,0.4253018761247566,-2.2398365094782458,0.0002782888894482091,0.999999968190045,16.090907462086232,1,-0.34688906603112174,-0.6370946737987758,0.7264329153075383,-2.068834842950198,-0.0005659906045717042,1.0,2.6066697404680075,1,-1.0138273391721753,0.09606957794324518,1.0183962000085365,3.048195097223636,0.0007964896820243434,1.0000001907910625,0.9755140013709206,1,1.0082439422409026,0.9964268511411125,1.4166807720758032,0.7790198099805464,-0.0005059306828410747,1.0,0.3625233719729834,1,4.823052356514338,-1.142744067245938,4.956706396105392,-0.2328642035407873,-0.0043644359345992095,0.9999998000040549,0.008174658519939027,0
11.520000000000001,-0.003753618805305518,0.004731690644553372,-1.7465189450921459e-12,-0.07907225475024048,-0.37802607207162936,0.38724824552693327,-1.7767442668187021,0.0002809434657681533,1.0000001080403673,15.961155237972427,1,-0.2108968368888754,-0.6929991188277008,0.7254073228439558,-1.8659550427245322,-0.0005411363354849524,1.0,2.607523275891967,1,-1.0179588526007672,-0.027260769843520237,1.018470232971522,-3.1138028461221485,0.0008275721875325328,0.9999998599338488,0.9722468074213868,1,0.9337112996815186,1.075921347935787,1.4237165958943296,0.8556290964738232,-0.0005362966434620767,1.0,0.3610051632568299,1,4.835449837670151,-1.0862967614690575,4.956080206796517,-0.22119353795459573,-0.004186850095162496,1.000000101215302,0.00817900530713765,0
11.540000000000001,-0.0037536188049290308,0.004731690644561979,-1.7548343420742407e-12,0.12394972317339005,-0.32143633719097187,0.3453877461374163,-1.2040683928865197,0.0002839435697771777,1.0000002501953096,16.482779391166446,1,-0.06620869218962099,-0.720288859731756,0.7243160640726803,-1.6624803266272856,-0.0005646393222762829,1.0,2.6095822475024844,1,-1.0068899495933625,-0.1501686499815818,1.0182776133936322,-2.992601475571902,0.0008745576445929655,0.9999999363820878,0.9693685882999636,1,0.854072197949974,1.149537763131835,1.431233991378005,0.9314588197617228,-0.0005588202440319634,1.0,0.3590573243584089,1,4.847220087292056,-1.0297084089570838,4.955485758747603,-0.209519977619297,-0.004001043695204277,1.0000000964639004,0.008183203741099702,0
11.56,-0.0037536188043773696,0.004731690644568287,-1.7584020177430215e-12,0.27687665409464196,-0.14703070494346682,0.3138480079481843,-0.49092796488886536,0.0002845808818893698,1.0000003119368246,17.84853371349028,1,0.08122169839009406,-0.7177082149904143,0.7232040374050537,-1.4583835378801036,-0.0006301234404709855,1.0,2.61277112467353,1,-0.9807775860091754,-0.27081830516972816,1.0178210370900271,-2.871322866123861,0.0009436526467758463,1.0000001978281134,0.9669192126218378,1,0.7698351219862918,1.216971496140585,1.439184907888302,1.0064729856855648,-0.0005721421978343687,1.0,0.35670401429208204,1,4.858361350669942,-0.9729863090966487,4.9549231160163485,-0.19784367024120558,-0.0038037047142700712,0.9999998001128338,0.008187252921614336,0
11.58,-0.0037536188042895276,0.004731690644567876,-1.7585541313078212e-12,0.29533959734189397,0.09543072892751842,0.3100253110678866,0.3099244658842068,0.000284852090005639,1.0000002573383553,19.659646821703163,1,0.22527297668735388,-0.6852307059685718,0.7221174526751346,-1.253663074417699,-0.0007397391179014142,1.0,2.616967148923399,1,-0.9399924174190248,-0.3874025190580859,1.01710694190966,-2.749904683778916,0.0010339402862633222,0.999999883999923,0.9649329028943231,1,0.6815216144001015,1.2779669547516515,1.4475200698776964,1.0806426613383966,-0.0005769690910930817,1.0,0.3539724979213886,1,4.868871965741871,-0.9161377863571235,4.954392337176405,-0.18616476674843765,-0.0035948789685549634,1.0000001079999916,0.008191151976726844,0
11.600000000000001,-0.003753618804598513,0.004731690644561188,-1.7602524255908025e-12,0.16672507097791878,0.29318900080139804,0.33652663572479263,1.0527244172040464,0.00028466149713545364,1.0000001181700162,20.850293453589195,1,0.35991011961987496,-0.6240824866913345,0.721101915181819,-1.0483435526721248,-0.000907206472392629,1.0,2.6220037353131525,1,-0.8851152614779749,-0.4981657400649808,1.0161454397807772,-2.62828623818484,0.001135647341106343,0.9999999074942418,0.9634379414363744,1,0.5896610378163994,1.3323168354399655,1.4561894758368616,1.1539457527040098,-0.0005763343465160502,1.0,0.35089252875592475,1,4.878750363526276,-0.8591701889422033,4.953893489384544,-0.17448342066159786,-0.0033809434183185924,1.0000000894151024,0.008194900061190193,0
11.620000000000001,-0.0037536188046913875,0.0047316906445527265,-1.7640811771427178e-12,-0.032285591364595724,0.376927307043643,0.37754748814130096,1.656589826333348,0.00028568108575174753,0.9999999754119911,20.9943745475751,1,0.4794438537574529,-0.5367121483578158,0.7202004545246978,-0.8424753533584458,-0.001120747873550832,1.0,2.62767616066004,1,-0.816931449087776,-0.6014270607364163,1.0149502151511929,-2.506409243658789,0.0012446718071234186,1.0000001999907626,0.9624564002777692,1,0.49478572853108443,1.3798608314337772,1.4651428676408038,1.2263667085097736,-0.0005711837527170303,1.0,0.34749573002824946,1,4.887995068530291,-0.8020908874330029,4.953426648374215,-0.1627997845846881,-0.003165615507048406,0.9999998005383182,0.008198496359719138,0
11.64,-0.0037536188045853283,0.004731690644544103,-1.7676666337271274e-12,-0.22520425158992669,0.3520148311756496,0.41731892799754666,2.1409749359193135,0.00028875597584098427,0.9999999121332532,20.417772644653116,1,0.5787834005062702,-0.4267046202948811,0.7194515973913179,-0.6361329756852975,-0.0013450288483575564,1.0,2.6337493367313276,1,-0.7364229764910064,-0.6956029530553102,1.0135383987050297,-2.3842185781785488,0.001362482154021266,0.9999999109241914,0.9620038864812824,1,0.3974265938123291,1.4204838662523924,1.4743301429253264,1.297896162985761,-0.0005606298483465207,1.0,0.3438150001233061,1,4.896604699135027,-0.7449072734213769,4.952991883970069,-0.15111400970422229,-0.0029477821612570168,1.0000001146135644,0.008201940080261106,0
11.66,-0.003753618804511534,0.004731690644534843,-1.7702686105208754e-12,-0.3710543915540828,0.2505417417754323,0.44739152175179536,2.5489772545282356,0.0002923985813955076,0.9999999651548486,19.498819148672414,1,0.6536693967339406,-0.2986399779442749,0.7188875879891096,-0.4294121667011241,-0.001550533883693833,1.0,2.6399674750508137,1,-0.6447583491279979,-0.7792296220729117,1.0119303977726277,-2.2616630318915907,0.001488243949623479,0.9999998808856999,0.9620892994288627,1,0.29810918406839076,1.4541139498161575,1.4837017169637854,1.368530522615102,-0.0005442009113983238,1.0,0.3398839554138041,1,4.904577967960332,-0.6876267581360034,4.952589256477328,-0.139426247431744,-0.002726178178070738,1.0000000822246335,0.00820523044675041,0
11.68,-0.0037536188045202215,0.004731690644525302,-1.772589128430646e-12,-0.45230694539783217,0.10460214872236173,0.46414968864789746,2.91561301049029,0.0002954309379093152,1.0000001036242243,18.478506844708793,1,0.7008736949752212,-0.1579015542669806,0.7185328534170341,-0.2224258966764722,-0.0017254991072291226,1.0,2.646065295590734,1,-0.5432799967768708,-0.8509847922965882,1.0101496787590787,-2.138696051379011,0.0016178693335113074,1.000000197225723,0.9627146039232788,1,0.19735025282587096,1.4807197510276628,1.4932088437804285,1.438271518775709,-0.0005220720860974971,1.0,0.3357364138004074,1,4.9119136822072464,-0.6302567710636923,4.952218819756493,-0.12773665006002785,-0.002500598546536165,0.9999998012798333,0.008208366700253406,0
11.700000000000001,-0.003753618804524612,0.0047316906445170346,-1.775080299762366e-12,-0.46255258440264285,-0.05793864801619206,0.46627045525081084,-3.015823766574107,0.0002978146512682278,1.0000002469679146,17.503050120124385,1,0.7183537766745038,-0.010441478414822795,0.7184028135909306,-0.015299353694645825,-0.0018753027548699802,1.0,2.6517802391658916,1,-0.4334891411793601,-0.9097086856708377,1.0082225044761757,-2.0152764743614675,0.001745510931449525,0.9999999400432513,0.9638746257029216,1,0.09565480225433996,1.500307973852923,1.5028038940826356,1.507125744370925,-0.0004947835774324102,1.0,0.3314059322243249,1,4.918610743974769,-0.5728047585661824,4.951880623544891,-0.11604537069426284,-0.002271534056980757,1.0000001210455416,0.008211348106439476,0
11.72,-0.0037536188044122454,0.004731690644511598,-1.7771259724214117e-12,-0.40112219359519286,-0.21126920219430512,0.4536142940956772,-2.6558836129907113,0.00030000583676857543,1.000000311776155,16.678260905360442,1,0.7053517716488964,0.13748481379420488,0.718503120354294,0.19183578211047375,-0.0020143300519801363,1.0,2.6568649775033064,1,-0.3170280145699347,-0.9544238892496772,1.0061776256347579,-1.8913692436094793,0.0018644169835468109,0.9999998572120853,0.9655568788734474,1,-0.0064864009557348765,1.512920614857695,1.5124405891722696,1.5751041866888322,-0.0004630386721398497,1.0,0.32692540487996224,1,4.924668150548967,-0.5152781824919965,4.951574714392116,-0.10435256301486483,-0.0020397721965060194,1.0000000749038869,0.008214173966577804,0
11.74,-0.0037536188041486663,0.00473169064450952,-1.7773620032343618e-12,-0.2725000250288857,-0.3284208707724217,0.42710396436602827,-2.262789490979311,0.00030215261509353614,1.0000002603379026,16.111632556714785,1,0.6624314331960418,0.2796009043074446,0.7188293813980278,0.3988474525962566,-0.0021540807596955504,1.0,2.661099415831337,1,-0.19565936264431616,-0.9843537482780642,1.0040459249231792,-1.7669460866493991,0.0019676886276240504,1.0000001896011246,0.9677414376187327,1,-0.10859886452564753,1.5186321703482413,1.5220741928051769,1.6422217666092418,-0.0004275496587117187,1.0,0.32232672327904843,1,4.930084994663712,-0.45768451878253275,4.951301135710256,-0.0926583810284031,-0.0018060798315208907,0.9999998023362049,0.008216843628847097,0
11.76,-0.0037536188038642592,0.004731690644509784,-1.7748676877163416e-12,-0.0901434316214237,-0.37854952497355415,0.3895118414629164,-1.804389815654768,0.0003040743714432015,1.0000001225843844,15.953768081438735,1,0.5914505442989236,0.4098928710383807,0.7193673878725049,0.6056093518044501,-0.0022930899540395365,1.0,2.66430137509471,1,-0.0712432202090384,-0.9989388610450078,1.0018600133504072,-1.6419861453763172,0.0020494224088849944,0.9999999706396211,0.9704008638073052,1,-0.21022599661394123,1.5175468510143948,1.5316616641038627,1.708496892619884,-0.00038884162277016173,1.0,0.3176404975428502,1,4.934860464732701,-0.4000312560713574,4.951059927027941,-0.08096297884874377,-0.0015708313355771726,1.0000001272857322,0.008219356496405943,0
11.780000000000001,-0.0037536188037755836,0.004731690644510654,-1.770470217914849e-12,0.11329392831961609,-0.3282613619225274,0.3475676070797722,-1.238811627630817,0.0003054951066185431,0.9999999786725187,16.433042930673107,1,0.49547065549995556,0.5228781393469951,0.7200938256869004,0.8120067008319308,-0.0024131472567061243,1.0,2.6663352322143865,1,0.05428897708537321,-0.9978512005369322,0.9996537806190338,-1.5164765376898077,0.0021065349634093945,0.999999837056706,0.9735002087756527,1,-0.3109303558954797,1.5097958517593284,1.5411617747932005,1.7739510364822806,-0.0003469533085324604,1.0,0.31289583670729326,1,4.938993845054143,-0.3423258942761552,4.950851122155129,-0.06926651062523831,-0.0013334726228078852,1.0000000674644611,0.008221712029735494,0
11.8,-0.00375361880389366,0.004731690644511887,-1.7663681932053588e-12,0.27128401539817526,-0.1598113390511457,0.31498539087322514,-0.5331246777075129,0.0003055420147513451,0.999999912342683,17.754381387651996,1,0.378610251345168,0.6138452296503026,0.7209774153670244,1.0179413351715423,-0.0024858203881654,1.0,2.6671179753174346,1,0.1789627860550856,-0.9810053490432982,0.9974619028017714,-1.3904128320382099,0.002140297709416035,1.000000177304834,0.9769971534626698,1,-0.41029456524544555,1.4955347146678677,1.5505351928335538,1.83860833557552,-0.0003014190321175318,1.0,0.3081201844199416,1,4.942484515990451,-0.28457594318348034,4.950674746661686,-0.057569131031620854,-0.0010926223541899503,0.9999998037057588,0.008223909741992871,0
11.82,-0.003753618803928497,0.004731690644514864,-1.763192944512909e-12,0.298460245590639,0.08166995069466715,0.30936703447366937,0.26642917934342003,0.0003050574092621274,0.9999999621913163,19.567577442713624,1,0.24585092689110813,0.6790524281722832,0.7219804001599328,1.223335838960116,-0.0024968236629361903,1.0,2.666622368408891,1,0.3007913844575084,-0.9485663123338055,0.9953193114491031,-1.2637994083931152,0.002147975476675472,1.000000001959419,0.9808422910133069,1,-0.5079219294434247,1.4749408141005633,1.5597445331402193,1.9024952227329202,-0.0002531539770945599,1.0,0.30333920537023257,1,4.945331954125158,-0.22678892102742648,4.950530820222667,-0.04587099666409672,-0.0008497576544841261,1.0000001333242492,0.008225949187824605,0
11.84,-0.003753618803989291,0.004731690644518698,-1.7601287994380849e-12,0.17632213113709463,0.28446007630809234,0.3345336012203751,1.0156718168124241,0.0003059224798199906,1.0000000992121696,20.813278416254228,1,0.10280857999425938,0.7158767420719623,0.7230602930660183,1.4281365510747521,-0.0024606094594805485,1.0,2.6648771739039434,1,0.4178080401151365,-0.9009533915365452,0.9932606264088185,-1.136649673076205,0.002115739846787986,0.9999998209161823,0.9849795041971553,1,-0.6034367968305119,1.4482109848889788,1.5687543864897282,1.9656400802068803,-0.00020608608300553316,1.0,0.2985767166329581,1,4.947535732398257,-0.16897235306497785,4.950419369865681,-0.034172265956364876,-0.0006118064847710721,1.000000059918144,0.008227829955131875,0
11.860000000000001,-0.0037536188043587135,0.004731690644521663,-1.7590598845162314e-12,-0.021129366705330103,0.3747445966029899,0.37523391180197435,1.6271495803420928,0.00030850813751173267,1.0000002436746525,21.009003899796262,1,-0.04451717207201126,0.7229082071481358,0.7241717827976593,1.6323153799969288,-0.0023839897703344984,1.0,2.6619645589211998,1,0.5280998906319744,-0.8388396310415136,0.9913195529886768,-1.008986118328676,0.002038144421264433,1.0000001606398263,0.9893465232230699,1,-0.6964847033941506,1.4155593077302797,1.5775313442561372,2.028072927658409,-0.0001626417920251514,1.0,0.2938546562739132,1,4.949095520217421,-0.11113377014975519,4.950340432811743,-0.022473095727860624,-0.000382459193479658,0.9999998053863252,0.008229551666401796,0
11.88,-0.0037536188048369846,0.0047316906445249544,-1.7622360751093184e-12,-0.2157189321003626,0.3549880096626996,0.4153514719848735,2.116915997415977,0.0003081893469398415,1.0000003115179905,20.46077653448087,1,-0.1900021257040413,0.6999882444897559,0.7252686911703714,1.8358704272906619,-0.0022610011326729654,1.0,2.6580148488168716,1,0.6298423719348126,-0.7631464331932697,0.9895282700056978,-0.8808402184874594,0.0019231352603383718,1.0000000332309384,0.9938756916385698,1,-0.7867323355024226,1.3772150601837931,1.5860440029106568,2.089825152865943,-0.00012228906497571132,1.0,0.2891930821261402,1,4.950011083543859,-0.05328070730264396,4.950294041712764,-0.010773640060192682,-0.00016021268195968937,1.000000139151525,0.0082311139738697,0
11.9,-0.0037536188051628333,0.00473169064453052,-1.7693257256312439e-12,-0.3647219617430985,0.2568200423179601,0.44607618324607584,2.528082247651776,0.0003061255955346686,1.0000002632650584,19.553133480969795,1,-0.32765291218927356,0.6481939299138488,0.726305897261202,2.0388254544634954,-0.002105378495151774,1.0,2.6531995586830672,1,0.7213335135808574,-0.6750330432694908,0.9879168275719912,-0.7522521293855908,0.0017811926170992938,0.99999980918821,0.9984949264183894,1,-0.8738673444873221,1.333420836821264,1.594262942708843,2.1509292711215133,-8.400327623901069e-05,1.0,0.2846101989427453,1,4.950282284955949,0.004579297719832972,4.95028021839122,0.0009259481468906247,5.6896368414808086e-05,1.0000000522768915,0.008232516550679712,0
11.92,-0.0037536188052795525,0.0047316906445387715,-1.7784619534434026e-12,-0.4497187550474951,0.1125530910446325,0.4636084400149333,2.8962332359850804,0.0003055589001540367,1.0000001269935876,18.533992438882994,1,-0.45184811200554964,0.5697725004229182,0.727241137418471,2.2412283225972693,-0.0019420776072555028,1.0,2.6477233715588975,1,0.8010272193298008,-0.575880757257954,0.9865125589884787,-0.6232701773087607,0.0016219674075849374,1.000000140016721,1.0031288669736702,1,-0.9575980428524541,1.2844308377780806,1.602160696288742,2.211418709021334,-4.712491331857582e-05,1.0,0.2801224161769854,1,4.949909083690639,0.062438705857071265,4.950298975533971,0.012625516296204632,0.00027010687721098874,0.9999998073752413,0.008233759087470883,0
11.940000000000001,-0.0037536188052887214,0.004731690644548519,-1.7880791790790551e-12,-0.46388581920394834,-0.049752256854943326,0.46653961175768605,-3.0349963421560413,0.0003069054819132995,0.9999999819981135,17.553195549466523,1,-0.5575564955458568,0.4680321267569087,0.7280366258300575,2.443148585566319,-0.001790209458015663,1.0,2.641814777255681,1,0.8675645851149052,-0.4672718846411607,0.9853395220734227,-0.49395013934277165,0.0014537576781515687,1.0000000636836617,1.0077002021795325,1,-1.037653008715523,1.2305093213654836,1.6097117112043324,2.2713276148839556,-1.136425769566452e-05,1.0,0.27574443427159107,1,4.948891535660491,0.12028997817506479,4.9503503184613376,0.024324911962057223,0.00048028674875095606,1.0000001447583269,0.008234841292562875,0
11.96,-0.0037536188053141533,0.004731690644558105,-1.797791706085669e-12,-0.40629325309597997,-0.2042542846324985,0.4546762523531746,-2.6761081618425204,0.0003098745097056294,0.9999999126495505,16.717609793104497,1,-0.6405258853074215,0.34719592137347116,0.7286604599197156,2.6446743861092736,-0.0016603609838668576,1.0,2.6357163380803694,1,0.9198022832873195,-0.3509637006735033,0.9844179890836742,-0.36435432158651426,0.0012830159607614513,0.9999998021617614,1.01213115132277,1,-1.1137806223990354,1.1719292138614015,1.6168923059612745,2.3306906953479896,2.3306132669725137e-05,1.0,0.27148934892322807,1,4.947229793445552,0.17812557729585637,4.950434245771139,0.03602398296108206,0.0006882661340208652,1.0000000445528108,0.008235762893535656,0
11.98,-0.0037536188053762633,0.004731690644566834,-1.8079626608758642e-12,-0.2810913807898472,-0.3241290824756201,0.42887217917774345,-2.2855644438361034,0.0003136965796835009,0.9999999593008944,16.13361398711227,1,-0.697438031810915,0.21222646096111647,0.7290877728153786,2.845908804488107,-0.001553658984565336,1.0,2.6296750806822478,1,0.9568370692440885,-0.22885783592996137,0.9837640031438752,-0.23455044965718355,0.0011143613325358046,1.0000001159436627,1.0163450617198884,1,-1.18574855664422,1.1089708681618553,1.623680620761568,2.389543076676705,5.684041835525758e-05,1.0,0.2673687584735631,1,4.944924106260052,0.2359379688252561,4.950550749259297,0.04772257744857008,0.0008950605477751181,0.999999809669356,0.008236523639951827,0
12.0,-0.003753618805336526,0.004731690644575226,-1.8183984049416346e-12,-0.10105448026417979,-0.37877827235903017,0.391758884605424,-1.8317296203979114,0.00031662946908466013,1.0000000948063559,15.948336950410544,1,-0.7260264703214789,0.06862799438333334,0.7293016089603551,3.046965806441596,-0.0014615829526573247,1.0,2.6239332304719216,1,0.9780255484489649,-0.10296576098158612,0.9833890174804844,-0.10461039557215,0.00095043654284934,1.0000000925672468,1.020268074237603,1,-1.2533432392883777,1.04192096240378,1.6300565655351071,2.4479201889836957,8.937145155628146e-05,1.0,0.26339286700986136,1,4.9419748198928355,0.2937196227782243,4.9506998132068105,0.059420544001565906,0.0011021307300385507,1.0000001501357711,0.00823712330752309,0
12.020000000000001,-0.0037536188049877555,0.004731690644583776,-1.827134743417197e-12,0.10260130355225067,-0.33472336788453694,0.34976976352319944,-1.2731253934399063,0.00031660519666135357,1.0000002403171306,16.386060483938067,1,-0.7251555189026286,-0.07776683033439757,0.7292935099618665,-3.0352193852523186,-0.001366982082438135,1.0,2.6187195000690178,1,0.9829984775865417,0.02462878508127731,0.983299631300123,0.02539122539924955,0.0007925899210289766,0.9999998000099652,1.0238307990314854,1,-1.316369304260531,0.9710715291884463,1.6360017677605554,2.5058576713972824,0.0001215015074126937,1.0,0.2595705866724247,1,4.938382376621126,0.3514630150014472,4.950881412674489,0.07111773159715727,0.0013117705151584316,1.00000003675814,0.008237561703693833,0
12.040000000000001,-0.003753618804425413,0.004731690644590485,-1.8312696194525135e-12,0.2653744749288172,-0.17235110427081757,0.3162015774466327,-0.5749956563568892,0.00031409739530047025,1.0000003111624574,17.662211475558628,1,-0.6948594185394487,-0.22101927044363143,0.7290638044472502,-2.8341535349155174,-0.0012487246947330208,1.0,2.614241089435651,1,0.9716690572278035,0.15180941736168463,0.9834974328319662,0.15537854536465245,0.0006418128548247088,1.000000089013801,1.0269699383357296,1,-1.3746490439996688,0.8967191053397121,1.6414995206994918,2.5633912966010244,0.00015442326039107694,1.0,0.2559096434864782,1,4.934147315097471,0.40916062859299496,4.951095510802587,0.08281398909528317,0.0015268291642096517,0.9999998122650343,0.008237838673197469,0
12.06,-0.0037536188042694082,0.0047316906445908245,-1.831528418511086e-12,0.3011940872996497,0.06778609012942595,0.30880218093566086,0.22279569300283875,0.00031195757109410654,1.0000002661183938,19.47398765933917,1,-0.6363411891810694,-0.3553096615148762,0.7286215977401921,-2.632901752247315,-0.0010982576393260954,1.0,2.610676507095845,1,0.9442348947219908,0.2764676661509286,0.9839789592023841,0.2852759726360184,0.0004941404257461787,1.000000119170014,1.0296297843684563,1,-1.4280218742310435,0.8191639916278897,1.6465347281909877,2.620556912291113,0.0001886448695724057,1.0,0.25241668646716287,1,4.929270270209868,0.466804955319078,4.951342059916466,0.09450916368786545,0.0017470354902727786,1.0000001552753377,0.008237954100501434,0
12.08,-0.0037536188045614706,0.00473169064458454,-1.8328858396310377e-12,0.18577740527041364,0.2753806562485345,0.33258520685547555,0.9782237958759236,0.0003084285139286438,1.0000001313954743,20.77335725242558,1,-0.551931207760642,-0.4751593958957263,0.7279844555724662,-2.4313507230666365,-0.0009304474313458496,1.0,2.608169303263756,1,0.9011735611261268,0.39654331312079777,0.9847357833094048,0.41500971442144463,0.00033768056101356474,0.9999998027858409,1.031763506972913,1,-1.4763438202727455,0.738709611784265,1.6510938456272553,2.6773903910089674,0.0002221794479710112,1.0,0.2490973974445517,1,4.923751972916227,0.5243884970268582,4.951621014619698,0.10620310030178981,0.0019666031445176205,1.0000000289052293,0.008237907912800624,0
12.100000000000001,-0.00375361880468223,0.004731690644576142,-1.8364985096899766e-12,-0.009878115780783386,0.3722303361819739,0.37291812212182446,1.5973832735285638,0.000304383831795968,0.9999999853871525,21.021797068588956,1,-0.4450059513709952,-0.575643526763161,0.7271777908879242,-2.22939832863253,-0.00075590240673425,1.0,2.606822809518485,1,0.8432319150982178,0.5100633496452357,0.9857547141798246,0.5445092527845403,0.00016774624918793377,1.0000000598906773,1.0333342469322433,1,-1.5194870325308558,0.6556619603022702,1.655164837170482,2.7339275864393864,0.0002534202844609437,1.0,0.24595659869887082,1,4.917593250051189,0.5819037670518522,4.951932338685044,0.11789564472183976,0.002182977626899303,0.9999998151581637,0.008237700091842446,0
12.120000000000001,-0.003753618804585082,0.004731690644567563,-1.8400308403679344e-12,-0.2060146394479867,0.35772543109238025,0.41335729479072625,2.0926581768371344,0.0003033162821462338,0.9999999130537058,20.503033788118497,1,-0.31986793673588965,-0.6525875185269795,0.726233972328068,-2.0269576795809505,-0.0005770413652852529,1.0,2.6066959867935435,1,0.7714096001467038,0.6151784784188931,0.9870180865890846,0.6737087132990355,-9.279685340423613e-06,1.0000001428364824,1.0343159461591709,1,-1.557339337572925,0.5703291288708672,1.658737146403183,2.790204309561622,0.0002828701690671195,1.0,0.24299835587788504,1,4.91079502410306,0.6393432916217734,4.9522759921425585,0.12958664525907188,0.00239856710424227,1.0000001601688835,0.008237330679936932,0
12.14,-0.0037536188044975487,0.004731690644558375,-1.842561042977864e-12,-0.3581154683267354,0.2629563840644155,0.4447228644188545,2.5070880610984485,0.0003045883828493427,0.9999999564849935,19.60735844950636,1,-0.18158875060979712,-0.7027412756617174,0.7251911568535526,-1.8239607280084278,-0.0004040608236341228,1.0,2.6078005182188053,1,0.6869373355007677,0.7101962102242066,0.9885041470137024,0.802548082018531,-0.00018459456244808092,0.999999810420992,1.0346938068774176,1,-1.5898038300241502,0.4830209017091666,1.6618016594173994,2.8462563185504357,0.00031144405626673673,1.0,0.240226075250481,1,4.903358312964684,0.696699611258031,4.952651923903447,0.14127595137611712,0.0026157276449087423,1.000000021006521,0.008236799775465676,0
12.16,-0.0037536188045032863,0.004731690644548844,-1.8447215326469757e-12,-0.4468332184639458,0.12044350185946334,0.46302406555502734,2.876830203111318,0.00030629475675079856,1.0000000904089337,18.589779623133598,1,-0.035818286487002846,-0.723923250156734,0.7240918650078232,-1.6203613217526043,-0.00025500113300524406,1.0,2.6100993306070754,1,0.5912507871650818,0.7936097755479532,0.9901875257304371,0.9309742485686585,-0.0003493325471233355,1.0000000292918725,1.0344644524820326,1,-1.6167985094699895,0.39404841045998423,1.6643506671139199,2.902119312991902,0.00033976235099372336,1.0,0.23764259516781794,1,4.895284229660672,0.75396528217318,4.953060073248744,0.15296341267418387,0.00283561487669933,0.9999998183441602,0.008236107528785076,0
12.18,-0.0037536188045182543,0.004731690644540421,-1.8470652524832376e-12,-0.4649144603626437,-0.04155038278466701,0.4667637692922876,-3.0541243725774607,0.00030767045205466563,1.0000002368969878,17.60392736854045,1,0.11143509868127532,-0.7151273381838609,0.722981336908073,-1.416137545968421,-0.000149014519747719,1.0,2.613506749975654,1,0.4859609188520772,0.8641222716994347,0.9920397711628397,1.0589418556405463,-0.0004949974945482676,1.0000001629835198,1.0336357840386963,1,-1.6382559656363431,0.30372383967614197,1.6663778335691979,2.95782893278317,0.00036819636261679385,1.0,0.23525027209284338,1,4.886573982050228,0.8111328776631298,4.953500372176456,0.16464887867132566,0.0030586261647183293,1.0000001648086552,0.008235254139350126,0
12.200000000000001,-0.0037536188044168476,0.004731690644534719,-1.8490944452692615e-12,-0.41116638026181124,-0.19714341408462036,0.4556944430688953,-2.6962131985127296,0.0003090879213155302,1.000000310709729,16.757842428806036,1,0.2540468780660935,-0.6765856309399999,0.7219057183253271,-1.2112931905725495,-9.963319732882289e-05,1.0,2.617890492423814,1,0.37282178416644557,0.9206656802756413,0.9940299270238512,1.186413942208252,-0.0006141131833454173,0.9999998227272915,1.032226542725621,1,-1.6541231143333641,0.21236017425355705,1.6678781704705787,3.01342076213144,0.000396970167382469,1.0,0.23305106159785977,1,4.877228872505877,0.8681949894937459,4.9539727467836,0.17633219885520773,0.003284783298770865,1.0000000130745297,0.008234239852157385,0
12.22,-0.003753618804168416,0.004731690644532417,-1.8494481120179262e-12,-0.2894157385586865,-0.3196471143262682,0.43060330643632666,-2.3081218109922292,0.00031098087562735094,1.0000002688965164,16.156908603573623,1,0.38603238700728976,-0.6097810678124065,0.7209101401350496,-1.0058581955607937,-0.0001096706690135095,1.0,2.623075654864837,1,0.253696728800889,0.9624146007523515,0.9961251348612573,1.3133623779541248,-0.0007004525175809419,0.999999997971329,1.030265612245052,1,-1.664360986077364,0.12027098040807835,1.6688480170043458,3.0689303378742188,0.0004262395257458573,1.0,0.23104659313158635,1,4.867250297568994,0.9251442292814828,4.9544771179271185,0.18801322281007424,0.003513990672871592,0.9999998218179758,0.008233064953150885,0
12.24,-0.003753618803884029,0.004731690644532608,-1.8471324730179317e-12,-0.1117834596333813,-0.3787083406776702,0.3939872707193727,-1.8587189661783177,0.000312537346365877,1.0000001357878958,15.944906495766501,1,0.5018058734512874,-0.517405780072793,0.7200367691323089,-0.7998879580994777,-0.000168758562361677,1.0,2.628850790848104,1,0.13052393054798594,0.9887947410637661,0.9982912457196232,1.4397680952605627,-0.0007491731929183926,1.0000001791147117,1.027791104792562,1,-1.6689445689208213,0.02777021208358148,1.6692850252806632,3.124393161109674,0.00045619372829275534,1.0,0.22923823735927978,1,4.856639747582337,0.9819732298674314,4.9550134012333125,0.19969180037436973,0.0037463307199315818,1.0000001691873008,0.008231729763881876,0
12.26,-0.003753618803768918,0.004731690644533538,-1.842801519019721e-12,0.09189943085311865,-0.3408077952985384,0.3519942879602517,-1.3069604845937777,0.00031126982497010056,0.9999999888379819,16.341859968039806,1,0.5964302191592477,-0.4032634394133167,0.719322920440001,-0.5934614371089032,-0.00025422290224177605,1.0,2.6349760342642847,1,0.005282124501295487,0.9994863746870343,1.0004934260727638,1.5656211322486826,-0.0007562009059588648,0.9999998394015174,1.024849279416007,1,-1.667862706595068,-0.06482796502210138,1.6691881518617018,-3.1033405959096996,0.0004871998193401278,1.0,0.2276271667205396,1,4.84539880630048,1.038674646684174,4.955581506043414,0.21136778175572263,0.003982472710877534,1.000000005121823,0.008230234635796533,0
12.280000000000001,-0.003753618803881532,0.00473169064453476,-1.8385774673557176e-12,0.25916942119358516,-0.18461858685141494,0.31750101655103985,-0.6164881166488501,0.00030621096901759393,0.999999913554952,17.572052626541364,1,0.6658440680864819,-0.27211713416273925,0.7187993297250062,-0.38667806137844607,-0.0003378993789588985,1.0,2.641193060910279,1,-0.12004274851469518,0.9944231086569987,1.0026967440864984,1.690920505376488,-0.0007180156726204016,0.9999999667007716,1.0214933436962517,1,-1.66111805260897,-0.15720933946451746,1.6685576557192345,-3.047864844629005,0.0005197586762115738,1.0,0.22621441001915124,1,4.833529150478884,1.0952411591148636,4.9561813329294715,0.22304101724153724,0.004223383675372209,0.9999998255741065,0.008228579944002196,0
12.3,-0.003753618803936559,0.0047316906445376205,-1.835365843680381e-12,0.3035397515462644,0.05381092025299517,0.30834084127325867,0.17904717243301244,0.00030151922764161333,0.999999953744988,19.378664004358686,1,0.707053189868102,-0.1294879378013109,0.71848869032432,-0.17965352953638117,-0.00040946280645111864,1.0,2.647236360459961,1,-0.24348935908265293,0.9737864049690985,1.0048667231968327,1.815673930455638,-0.0006386475114605636,1.0000001908325922,1.0177821892178287,1,-1.6487270805636765,-0.2490598176861303,1.6673950990525896,-2.992329403819262,0.0005534077710116497,1.0,0.2250009011916374,1,4.821032549442256,1.1516654718437942,4.956812773693445,0.23471135581507233,0.004466673137743857,1.0000001732978836,0.0082267660790021,0
12.32,-0.003753618803974035,0.004731690644541516,-1.832301454660068e-12,0.19508495893771272,0.2659634861227984,0.33069025621640386,0.9403488244427751,0.00029782837899572064,1.0000000860220486,20.72991261812077,1,0.7182741889867816,0.018586963563742284,0.7184045567858638,0.027485315730450523,-0.0004909051751206523,1.0,2.652845479864284,1,-0.36315079444954157,0.9379963589811979,1.006969859726371,1.93989740841595,-0.0005373172552200434,0.9999998600328237,1.0137791073733182,1,-1.6307201505965232,-0.340065592851704,1.6657033430307133,-2.9366987535672497,0.0005858653895651022,1.0,0.22398752244846182,1,4.80791086463375,1.207940316196784,4.9574757235925,0.24637864418393396,0.0047043475033595825,0.9999999971610016,0.008224793439898738,0
12.34,-0.0037536188043216824,0.0047316906445445586,-1.8309607302535724e-12,0.0014718974437371605,0.36939109160022754,0.37060333811402635,1.567241607649279,0.0002965047174471742,1.0000002334158928,21.0320842276286,1,0.6990211515521111,0.1658244309163549,0.7185506612965477,0.23460627936758485,-0.0006044776586876655,1.0,2.657777765024821,1,-0.47720200585990874,0.8876992652866819,1.0089741105625643,2.063614709015701,-0.0004303808387027334,0.9999999362506939,1.0095505215076817,1,-1.6071416314860056,-0.42991332650743,1.663486551855401,-2.8809373364709505,0.0006158179104858938,1.0,0.22317514198876504,1,4.794166049143414,1.2640584514680266,4.958170091557882,0.25804272966783176,0.004932095270495216,0.9999998296066012,0.008222662442013412,0
12.360000000000001,-0.003753618804809686,0.004731690644547687,-1.833789413721587e-12,-0.19608296944672557,0.36023705425607927,0.411336028806158,2.0681572633962024,0.00029884163991749345,1.0000003101600263,20.543986391117624,1,0.6501293828839351,0.3059792341180018,0.7189206981592655,0.441577949224666,-0.0007611802585009574,1.0,2.661819946977166,1,-0.5839246734791089,0.8237524991441553,1.010849332924546,2.1868567878887055,-0.00032232633634259375,1.0000001978484376,1.0051647592621662,1,-1.5780500775995314,-0.5182903508269514,1.6607502197468478,-2.8250095519131633,0.0006436818527256075,1.0,0.22256464568908738,1,4.779800147210549,1.3200126662329013,4.958895789232192,0.2697034625760261,0.005151111677582757,1.00000017713389,0.008220373530230465,0
12.38,-0.0037536188051542066,0.004731690644552939,-1.840709008826824e-12,-0.35122724992204624,0.2689649288278015,0.44333023312662095,2.485958310348287,0.00030246523702292806,1.0000002715980707,19.661047244715082,1,0.5737146113773567,0.43312579341739293,0.7194986226776714,0.6482757896045289,-0.0009657158606672034,1.0,2.6647984483727822,1,-0.681729370527452,0.7472072154550865,1.012567666483999,2.3096611407472327,-0.00021522709825483693,0.9999998841128636,1.0006908850282743,1,-1.5435184595377176,-0.6048848993866642,1.657501199727426,-2.7688797457098278,0.0006699681482307774,1.0,0.22215696240580554,1,4.764815293700537,1.3757957796489413,4.95965272193496,0.28136069529885194,0.005362698211363846,0.9999999892046786,0.008217927185713592,0
12.4,-0.0037536188052902314,0.004731690644560904,-1.8498592414817328e-12,-0.4436458313152852,0.12829015302301952,0.46239576877300353,2.8573724527581374,0.00030552029758922745,1.0000001401687089,18.645501476775422,1,0.4730704427044405,0.5419221742772438,0.7202594373573703,0.8545878312815675,-0.0012118845567592753,1.0,2.666587629218095,1,-0.7691749946117977,0.6592893228908376,1.014103868673627,2.4320711064578235,-0.00011275808517489737,0.9999999073713732,0.9961976428163307,1,-1.5036344468625562,-0.6893863746221824,1.6537477293503697,-2.7125122049017407,0.0006948965151743445,1.0,0.22195308313772144,1,4.749213713557659,1.4314006427449604,4.960440788853695,0.2930142813692116,0.005567166854940817,0.9999998339090705,0.008215323932198818,0
12.42,-0.0037536188053049783,0.004731690644570494,-1.859590389660659e-12,-0.46563797220944947,-0.03331545181866014,0.46694330446929055,-3.0732380344315184,0.00030803104035909476,0.9999999923489176,17.654929844901712,1,0.35251094520066956,0.6278422766996755,0.7211704054798586,1.0604196294541353,-0.001479228380728321,1.0,2.667115353567749,1,-0.8449855007602942,0.5613791335461764,1.0154356037745866,2.554135138915078,-1.9710448363295004e-05,1.0000001999893806,0.9917525372264285,1,-1.4585007407202244,-0.7714856604032061,1.6494994602038857,-2.6558711604057894,0.0007185709515609937,1.0,0.22195407397586622,1,4.732997721233334,1.4868201396981724,4.961259884751407,0.3046640752878147,0.005764448966665226,1.0000001806892425,0.008212564341341403,0
12.440000000000001,-0.0037536188053225268,0.004731690644580051,-1.8694241033651027e-12,-0.4157450103617194,-0.1899201146051761,0.4566705110213593,-2.71623136872334,0.0003103906442214315,0.9999999141530441,16.798668780476078,1,0.21716854436256536,0.6873648671728987,0.7221926087926254,1.265698229221129,-0.0017373509746088426,1.0,2.6663656060231804,1,-0.9080640197425135,0.45499002757588325,1.0165436854193055,2.6759060631072447,6.010923435665573e-05,0.9999999110483148,0.9874209917746122,1,-1.408235453530384,-0.8508754884971348,1.6447674927475309,-2.5989207974299413,0.0007411327369724009,1.0,0.22216108253638508,1,4.716169720090634,1.5420471891000218,4.962109900780117,0.31630993264563756,0.005954571741337003,0.9999999812654601,0.008209649033656405,0
12.46,-0.0037536188053863516,0.0047316906445887446,-1.879669597054656e-12,-0.297479460343608,-0.31496179213300773,0.4322998492980203,-2.330500833810443,0.0003128607148443305,0.9999999510822147,16.181225228146623,1,0.07275958957179184,0.7181115550134572,0.7232827487604773,1.4703749720183774,-0.001954851634834891,1.0,2.66437813777927,1,-0.9575044733038115,0.34174641197273575,1.017412276019745,2.7974403239803043,0.00012472570897322204,0.999999880774384,0.9832655886285261,1,-1.3529725321567774,-0.9272508680203563,1.6395644159071736,-2.54162527446517,0.00076287255968099,1.0,0.2225753380209012,1,4.698732201787041,1.5970747452110217,4.962990724496203,0.3279517103175934,0.006137953598575664,0.9999998384746978,0.008206578675101724,0
12.48,-0.0037536188053638774,0.004731690644597024,-1.8902416524385623e-12,-0.12233634755529879,-0.37833172400856796,0.3961992041054316,-1.88540752325551,0.00031517942202368516,1.000000081647842,15.943156824410837,1,-0.0746690912160167,0.7189295465650875,0.7243950848685672,1.674427073639565,-0.002107471973827494,1.0,2.661245353240413,1,-0.9926008075013784,0.22336119282632294,1.0180290456116228,2.9187972326472287,0.00017423524980217438,1.000000197202669,0.9793454145514009,1,-1.292862220010794,-1.000309587293415,1.6339043507716096,-2.483948752265372,0.0007843492305069321,1.0,0.22319814546405803,1,4.680687745636614,1.6518957992039225,4.963902239170068,0.3395892666731955,0.006315701201334849,1.000000183958308,0.008203353971570489,0
12.5,-0.0037536188050443647,0.004731690644605509,-1.8993747546991457e-12,0.08118889401636926,-0.3465094715512507,0.3542410745322228,-1.3403744375920275,0.00031636661043194533,1.0000002298755448,16.30010550010919,1,-0.2189995410635852,0.6899185741101325,0.7254834077772288,1.8778579916680882,-0.0021815100426286252,1.0,2.6571068303769017,1,-1.012853961790316,0.10161292675643563,1.0183852921334484,3.040038213287644,0.00021174904350640853,0.9999999401754992,0.9757155015744226,1,-1.2280715523906385,-1.0697527979139683,1.6278029981035573,-2.425855434345275,0.0008065185446948416,1.0,0.22403087306235123,1,4.662039017952842,1.7065033803943408,4.964844321998922,0.3512224617456912,0.006489979635543631,0.9999999733559253,0.008199975663678222,0
12.520000000000001,-0.0037536188044804556,0.004731690644612537,-1.9040871310216367e-12,0.2526756822453848,-0.196599893694623,0.3188805169411787,-0.657646218187779,0.00031608604574016343,1.0000003095136176,17.48371740943818,1,-0.35429596389923895,0.6324044416549364,0.7265029559024248,2.0806966690517865,-0.002173394676435132,1.0,2.65214198293631,1,-1.0179766761604976,-0.0216772270599643,1.0184760250979201,-3.1219592536747554,0.0002430703708371475,0.9999998571150649,0.9724263456071149,1,-1.1587848781830743,-1.1352856912989886,1.6212776901616246,-2.367309620004461,0.0008305564641687565,1.0,0.22507493016554866,1,4.642788771372809,1.7608905574580562,4.965816840610002,0.36285115703695464,0.006663624169816406,0.9999998432962488,0.008196444522771587,0
12.540000000000001,-0.0037536188042539744,0.004731690644613614,-1.9045223297736724e-12,0.30549327189115894,0.03976663725082737,0.3079799016260746,0.13516072110356916,0.00031563979400789404,1.0000002742217378,19.281607937083404,1,-0.47504175723420483,0.5488639463032238,0.7274121971719459,2.28299578518916,-0.002097409235046519,1.0,2.6465614193144518,1,-1.0078962138943612,-0.14466866666807357,1.0183000114688119,-3.0007611466383555,0.0002714218330748364,1.0000001895569663,0.9695234894195114,1,-1.0852043997305032,-1.1966182781796455,1.6143474455002653,-2.3082757690565576,0.0008563005801073188,1.0,0.22633173556873556,1,4.622939844162533,1.8150504396344838,4.9668196508618685,0.374475214166555,0.006836259622415288,1.0000001869359065,0.00819276134598108,0
12.56,-0.003753618804523084,0.004731690644607799,-1.9055583933696996e-12,0.20423401119037893,0.2562229000086309,0.32884608955282796,0.9020245252762038,0.00031379792970496074,1.0000001445357753,20.682929787396784,1,-0.5763521482315863,0.44280745768055446,0.7281744167570097,2.484829163354774,-0.0019971237883303996,1.0,2.6405975394433705,1,-0.9827550464853729,-0.2655245537031834,1.0178597780174068,-2.8794894895137535,0.00029248044782769996,0.999999970776735,0.9670471593044301,1,-1.0075507209525716,-1.25346628156516,1.6070330158182795,-2.2487185798623934,0.0008812600224892218,1.0,0.22780267679606125,1,4.602495159505337,1.868976177916057,4.967852606694884,0.3860944933616679,0.007001751284024163,0.999999965488606,0.008188926949375506,0
12.58,-0.003753618804674121,0.004731690644599473,-1.908940453626551e-12,0.012913525381253465,0.3662378380463968,0.36828678865460845,1.5367091257689647,0.00031067426628188054,0.9999999959182462,21.03990370262044,1,-0.6541563498781097,0.3186262306264302,0.7287590785129756,2.6862885014137516,-0.0019127239451984448,1.0,2.634494842650478,1,-0.9429095123857085,-0.3824350114578549,1.0171615797851319,-2.7580818791650796,0.0003060685340419028,0.9999998369763717,0.9650319457899501,1,-0.9260633917721647,-1.3055521536035675,1.5993569237119873,-2.188603094114734,0.0009046045016207545,1.0,0.229489060349951,1,4.5814577247736015,1.922660966221223,4.968915572380328,0.39770885570113235,0.007158060202911021,0.9999998483660846,0.008184942170127779,0
12.600000000000001,-0.0037536188045828337,0.004731690644590928,-1.912418791036319e-12,-0.1859289182206214,0.3625356455290972,0.4092855723527555,2.043406414597191,0.00031062326167428586,0.9999999148476906,20.583730375457407,1,-0.70534499186913,0.18141173780664266,0.7291429265672892,2.887479604853329,-0.001858268570687708,1.0,2.6285003275863623,1,-0.8889264256425808,-0.49364025765534547,1.016215347078207,-2.6364775476686013,0.0003206605770315537,1.0000001772406595,0.9635065155402868,1,-0.8410014346423414,-1.352606226514903,1.5913435140320276,-2.1278948282268884,0.00092795995589947,1.0,0.23139205162747675,1,4.559830630779994,1.9760980425495327,4.970008413607533,0.40931816579842956,0.0073092902744351365,1.0000001896173207,0.00818080787479181,0
12.620000000000001,-0.0037536188044841653,0.0047316906445818326,-1.9148762436804745e-12,-0.34406253958346295,0.2748604212749824,0.4418970238311472,2.4646909152796153,0.0003148978633660752,0.9999999484979736,19.71431688489691,1,-0.7278800741480759,0.036754132677547416,0.7293107963355484,3.0885182565137264,-0.0018368401099482026,1.0,2.6228542885945507,1,-0.8215775771029623,-0.5974536004298311,1.0150345935892877,-2.5146181077758256,0.00034584306098190987,1.0000000020980204,0.962493345263017,1,-0.7526438365834195,-1.3943680072937397,1.5830190091109937,-2.0665599198208007,0.0009528948495383092,1.0,0.233512602622776,1,4.537617051008545,2.0292806901211256,4.971130986949465,0.42092229110633406,0.0074595160769566,0.9999999576759675,0.00817652495900496,0
12.64,-0.003753618804489804,0.00473169064457232,-1.9168902576360836e-12,-0.4401630633268959,0.1361086828358967,0.4617228790972258,2.8378600000588095,0.00032131512182523216,1.0000000772884485,18.701275964284918,1,-0.7208658037378469,-0.10947341038786766,0.729256130173835,-2.9936594669616112,-0.0018483035083445838,1.0,2.6177817286074454,1,-0.7418320416420014,-0.6922841994842768,1.0136362796141083,-2.392448299761299,0.0003896809093937975,0.9999998208545136,0.9620084758454922,1,-0.6612899875303894,-1.4305876249759522,1.574411552308068,-2.004565295655156,0.0009803590459824469,1.0,0.23585136634234038,1,4.514820240828534,2.082202238500784,4.972283138836798,0.4325211007714766,0.007611442347730211,0.9999998536761721,0.008172094345188697,0
12.66,-0.003753618804507958,0.004731690644563758,-1.91909075436536e-12,-0.4660642988686738,-0.025032087816995195,0.46707798596074973,-3.092336480880078,0.00032724330420080133,1.0000002262776713,17.706315156913337,1,-0.6845794483961205,-0.25133810579609867,0.7289811962082247,-2.7925604708382212,-0.0018913891733262826,1.0,2.6134845247928915,1,-0.650846182767057,-0.776659456693454,1.0120406340858061,-2.2699167397205455,0.00045884929887460714,1.0000001605572173,0.9620612876543884,1,-0.5672600428970564,-1.4610274378544141,1.565551241286663,-1.9418788672237666,0.0010108984623005328,1.0,0.238408596863975,1,4.491443536691164,2.1348560647049633,4.973464707047686,0.44411446520462966,0.007767024809362613,1.0000001919983021,0.008167516983226902,0
12.680000000000001,-0.0037536188044188755,0.004731690644557808,-1.9210731096175326e-12,-0.4200383906021038,-0.1825703368094606,0.45760477874066907,-2.736161984456204,0.000332027431408688,1.0000003087708182,16.840191565332802,1,-0.6204618709656474,-0.38307259497775537,0.7284970091910868,-2.591251010220077,-0.0019670399265934867,1.0,2.6101343960583296,1,-0.5499512341681255,-0.8492468530264773,1.0102709345909366,-2.1469766628951454,0.0005592683398964363,1.0000000333676122,0.962654300372698,1,-0.4708951851909943,-1.4854638060922059,1.556470151753262,-1.8784697554946066,0.0010447768208545398,1.0,0.24118403325289012,1,4.467490355308772,2.1872355942912294,4.974675521722547,0.45570225599171243,0.007927929490870178,0.9999999499303883,0.00816279385256653,0
12.700000000000001,-0.003753618804191199,0.004731690644555274,-1.9215388828708324e-12,-0.30529251463316415,-0.31006133309609996,0.43396300729713927,-2.3527029256227547,0.0003386966357991397,1.0000002767662377,16.20664567512245,1,-0.5310678298865922,-0.4992955447689606,0.7278229581365699,-2.389619906218644,-0.00207910822720814,1.0,2.6078666892917757,1,-0.44063833870979197,-0.9088749934619761,1.008353242809679,-2.023586653843806,0.000695814748180215,0.9999998091467261,0.9637830010367382,1,-0.37255775637248534,-1.50368903263313,1.547202349692633,-1.8143085456820405,0.0010819968064085179,1.0,0.24417676470095204,1,4.442964192816757,2.2393343024299384,4.975915405779765,0.4672843459112193,0.008095789089857348,0.9999998592180981,0.008157925964471645,0
12.72,-0.003753618803902339,0.004731690644555373,-1.919410377165809e-12,-0.13272238060622218,-0.37763933956072415,0.39839688121515054,-1.9118024680800774,0.0003493401627196088,1.000000148886964,15.943122302645268,1,-0.41997659026575457,-0.5952215711164862,0.7269861455619416,-2.1875681249059493,-0.0022246473548372682,1.0,2.606775432835384,1,-0.32454094163035335,-0.9545535613019281,1.0063160935959659,-1.8997113526821063,0.0008711807181974074,1.0000001399177125,0.9654356956722021,1,-0.27263122957740266,-1.5155134720451957,1.5377838895546403,-1.7493675730170382,0.0011223376533411942,1.0,0.24738507374565585,1,4.417868623917984,2.2911457149577905,4.9771841747867,0.47886060900172517,0.008272468201965033,1.000000194075078,0.008152914364170356,0
12.74,-0.0037536188037629297,0.00473169064455636,-1.915143391095775e-12,0.07046369336177773,-0.3518198825346426,0.3565127818960181,-1.3733825716441597,0.0003597154209771021,0.9999999995442257,16.260766502233984,1,-0.29166401927545793,-0.6668539173139928,0.7260204288576124,-1.9850127643559201,-0.0023857560440096967,1.0,2.606909852260137,1,-0.20341446888904952,-0.9854918215069444,1.0041901380607834,-1.775322123842026,0.0010844515935234794,1.0000000638150404,0.9675933707150407,1,-0.17151998604126484,-1.5207678027860774,1.5282527960429397,-1.6836212404279316,0.0011655468301048767,1.0,0.250806256606183,1,4.392207301010267,2.342663409413166,4.978481635874852,0.49043092064067223,0.008460415905641698,0.9999999422641405,0.008147760133019462,0
12.76,-0.003753618803872108,0.004731690644557594,-1.91080788344844e-12,0.2458876906358565,-0.2082801790530138,0.320343231019587,-0.6984868438282148,0.00036456082310388723,0.9999999156385521,17.397175736682343,1,-0.1513382754522906,-0.7111529329775523,0.7249651712310503,-1.7818905999681203,-0.002519264228154014,1.0,2.6082714120418973,1,-0.07911327414018945,-1.0011152533883287,1.0020077441387976,-1.6503976704224441,0.0013260297103559215,0.9999998021414847,0.9702294931788195,1,-0.06964886076171899,-1.5193054529937247,1.5186490278107148,-1.6170463686509193,0.0012115191823537852,1.0,0.2544364275492286,1,4.365983953297255,2.3938810160532125,4.979807584840048,0.5019951573612924,0.008662264277882714,0.9999998649830818,0.0081424643905056,0
12.780000000000001,-0.0037536188039418014,0.004731690644560332,-1.9075522411649004e-12,0.30703697661041307,0.02566818536512451,0.3077247580668338,0.09110723019455293,0.00036510687971363784,0.9999999459935255,19.182709410979903,1,-0.004742517788595638,-0.7261730943962624,0.723863729497968,-1.5781610282328224,-0.0025524237032562443,1.0,2.6108118325517236,1,0.046435089348843696,-1.0010798455451706,0.9998025667307714,-1.524924572612935,0.0015661762570242021,1.0000001158306941,0.9733095439692409,1,0.03253758142635355,-1.511005163114636,1.5090144213912995,-1.5496225764932956,0.0012590806525157102,1.0,0.25827032159732966,1,4.339202385882719,2.444792218852823,4.981161803447025,0.5135531955619791,0.008876778442511562,1.0000001958443578,0.008137028293828593,0
12.8,-0.0037536188039601114,0.004731690644564277,-1.9044843826976354e-12,0.21320661377315278,0.24615902478467805,0.32705666985339743,0.8631879273480974,0.00036503684934074536,1.0000000729459952,20.63204163700131,1,0.1420702746512757,-0.7111612774505416,0.7227616944804799,-1.3738082112530128,-0.002430527134966775,1.0,2.614432994510642,1,0.1712581142492361,-0.9852835521380852,0.9976090991671567,-1.398897738280698,0.0017565164065856441,1.0000000926900932,0.9767905196024634,1,0.13457607888832027,-1.4957736608150953,1.4993926042096706,-1.4813326848263457,0.0013043031960309132,1.0,0.26230111326256483,1,4.311866478850331,2.49539075648637,4.982544068031646,0.5251049095880349,0.009095824350916763,0.9999999346893708,0.008131453032312842,0
12.82,-0.0037536188042884173,0.004731690644567416,-1.9028953759936407e-12,0.02443984402998567,0.36276748108913043,0.36596786994773384,1.5057170691589692,0.0003638797785155253,1.000000222624028,21.044886801968662,1,0.28298331907366064,-0.666609483959962,0.7217049534400808,-1.168842200532841,-0.002168972061192947,1.0,2.618990013328566,1,0.293368824102505,-0.9538743760491482,0.9954621852278696,-1.2723207836319654,0.0018726490993037908,0.9999998000113952,0.9806214953654488,1,0.23598605530120545,-1.4735484145268312,1.4898288571794558,-1.412163148179939,0.0013446900172350905,1.0,0.2665202628069926,1,4.283980186330878,2.54567042329116,4.983954164565789,0.536650173323485,0.009314962586316195,0.9999998709619891,0.008125739825909821,0
12.84,-0.0037536188047788462,0.004731690644570415,-1.9053816684155844e-12,-0.17555502529286174,0.3646229598100218,0.4072025011858381,2.0183491725361615,0.0003628621418562474,1.000000307931991,20.6220104680238,1,0.4120737089738392,-0.5942563932943702,0.7207377416886726,-0.9632989260015112,-0.0018542290295594343,1.0,2.624297738167055,1,0.4107981074278959,-0.9072545288331904,0.993396462986777,-1.1452063327210977,0.0019337473068142155,1.0000000888896563,0.984745444085654,1,0.3362713906376954,-1.444300422699938,1.4803699389819478,-1.342104517426241,0.0013814786856028113,1.0,0.27091736775175973,1,4.255547535554459,2.59562507021019,4.985391883581784,0.5481888631961169,0.00953629953822435,1.0000001973033388,0.00811988993142147,0
12.860000000000001,-0.0037536188051420106,0.004731690644575351,-1.9120972166719596e-12,-0.33662556291357865,0.28064841425591985,0.44041933315523785,2.443242143887347,0.0003633418637844274,1.0000002792303284,19.76700345624573,1,0.5238705951417114,-0.49703402449826395,0.7199007995938898,-0.7572390764707415,-0.0015820981687349476,1.0,2.630138396601256,1,0.5216284038339395,-0.8460801691993576,0.9914457417995141,-1.0175761449886982,0.001970301440100864,1.0000001192813013,0.9891005406737269,1,0.43492261814722827,-1.4080369877281524,1.47106388009767,-1.2711519109530236,0.0014165716798143855,1.0,0.2754799834679104,1,4.22657262588702,2.6452486057163695,4.986857009699309,0.5597208579305969,0.009761627824965936,0.9999999272180806,0.008113904640781993,0
12.88,-0.003753618805302189,0.0047316906445830165,-1.9212431125181784e-12,-0.4363928473555028,0.1439056692105888,0.46100246963432717,2.8182572510650736,0.0003649807925201943,1.0000001532201517,18.756988825076014,1,0.6136012263753343,-0.3789584591105313,0.719229638217191,-0.5507459097622235,-0.0014003232453919788,1.0,2.6362694539289695,1,0.624028106058315,-0.7712563279025656,0.9896423553340461,-0.8894610158236842,0.0020007029261337288,0.9999998028089423,0.9936203462759258,1,0.5314195778348999,-1.3648044148226595,1.4619597321940991,-1.1993054802120626,0.0014510837036191715,1.0,0.2801934130890844,1,4.19705962785448,2.6945349967199044,4.988349320309818,0.571246037460217,0.009990892753911991,0.9999998771453469,0.008107785273512719,0
12.9,-0.0037536188053203298,0.004731690644592442,-1.9310972092234646e-12,-0.46620487953005113,-0.01669472477655704,0.46716619264942627,-3.1114524337607636,0.00036716541119461826,1.0000000032250866,17.757981515284122,1,0.6774115416039105,-0.24496690592241074,0.7187529462907256,-0.34392197640794636,-0.001308512530683366,1.0,2.6424328818060823,1,0.7162858957611361,-0.6839267331035824,0.988016535537677,-0.7609004606842739,0.002031002472402208,1.0000000597584149,0.9982340226894942,1,0.6252345475537425,-1.3146905655632806,1.4531072703932872,-1.1265708637469354,0.001485342706601929,1.0,0.2850404998470788,1,4.167012782155933,2.743478269457904,4.989868587552549,0.582764282501774,0.010223006739407353,1.0000001984497087,0.008101533170041949,0
12.92,-0.003753618805330864,0.004731690644601946,-1.9410493178051436e-12,-0.42406004380404205,-0.17509082996859163,0.4584959659857296,-2.75603938062261,0.0003699177340750322,0.9999999165252429,16.882293192364365,1,0.7125483599132003,-0.10070708285507979,0.7184912379492423,-0.1368848034712228,-0.001283426123748493,1.0,2.648366205270137,1,0.7968441269814593,-0.5854583761195378,0.9865958219032845,-0.6319421981186807,0.0020613466216742506,1.0000001429334684,1.0028671631928785,1,0.7158358616612236,-1.2578271851669989,1.4445566504579808,-1.0529596187299217,0.0015191464830963091,1.0,0.29000145342713834,1,4.136436398666723,2.792072510365722,4.991414580059514,0.5942754745310701,0.010456494442743745,0.9999999198621079,0.00809514968578448,0
12.940000000000001,-0.003753618805397399,0.004731690644610609,-1.9513631162315637e-12,-0.31286753364344033,-0.3049456233156188,0.4355895379389343,-2.3747656035270053,0.000373704303669981,0.9999999435700927,16.233031467377824,1,0.7174917534691033,0.047711478468543955,0.7184558475837489,0.07023828836690617,-0.0013009672124293223,1.0,2.6538145989465574,1,0.8643303102031675,-0.4774208297256716,0.9854045108586482,-0.502641435153611,0.002090414128080987,0.9999998104651957,1.007443082131095,1,0.8026920137581705,-1.1943919137266525,1.4363580216506329,-0.9784896153163869,0.0015520220164315778,1.0,0.295053727826067,1,4.105334855432133,2.840311866929677,4.992987064085813,0.6057794959167512,0.01068990442566635,0.999999883523358,0.008088636185508816,0
12.96,-0.0037536188053878808,0.004731690644618788,-1.9620637579931266e-12,-0.14294778365077557,-0.3766333636689689,0.400572141256932,-1.9379386097405622,0.0003785669621585281,1.0000000686226018,15.944688248893204,1,0.692028912386745,0.19399147922929755,0.718648350460191,0.27731596262773717,-0.0013480357905680453,1.0,2.6585430824006933,1,0.91758572732584,-0.36156053532146626,0.9844631550943047,-0.37305995868795516,0.002117924194888612,1.0000000291547517,1.0118843404859534,1,0.8852762237474077,-1.1246098857218971,1.4285610964833435,-0.9031853771886783,0.001583482785422887,1.0,0.30017196012459413,1,4.0737125976519994,2.888190548520234,4.994585804018456,0.6172762301459355,0.010922224744891464,1.0000001992816514,0.008081994039079651,0
12.98,-0.0037536188050989643,0.004731690644627174,-1.9715657058327896e-12,0.0597306774183944,-0.35673581455656456,0.358794471080444,-1.405994774008825,0.0003831372707086296,1.0000002189163986,16.22389888968937,1,0.6372645086982127,0.3319323386866529,0.7190604543263324,0.48421890850823546,-0.0014237379095756173,1.0,2.6623479361437146,1,0.9556902318963859,-0.23977049086889424,0.9837881266246211,-0.24326504509088054,0.002145472574418018,1.000000163063815,1.016114389627574,1,0.9630714304383762,-1.0487548195266414,1.4212146803735046,-0.8270783506893781,0.001613334058636099,1.0,0.3053279778126235,1,4.041574136656916,2.9357028272047043,4.996210561834242,0.6287655621119964,0.011153393725337928,0.9999999126331073,0.008075224620510916,0
13.0,-0.003753618804540613,0.0047316906446344615,-1.9768587808388638e-12,0.2388187174569595,-0.21963209690943106,0.3218707756996337,-0.7389491858778954,0.0003852518870123522,1.000000306997545,17.312989933443337,1,0.555566849557273,0.45570927895328145,0.7196743737396051,0.6908257879290616,-0.0015330729895518562,1.0,2.665066559074694,1,0.9779823665372003,-0.11405598284399725,0.9833912580256426,-0.11332821102347951,0.0021759758926092414,0.9999998227915083,1.0200592683086154,1,1.035575649850031,-0.9671495001313062,1.4143661671758478,-0.7502070850400082,0.001641919904386988,1.0,0.3104908818658481,1,4.008924048875522,2.9828430385382045,4.997861094452976,0.640247378235511,0.011384072649721726,0.9999998900859173,0.008068329311668128,0
13.020000000000001,-0.0037536188042446164,0.004731690644636268,-1.9775422618883987e-12,0.3081561027507851,0.011564623508135766,0.30756492664185175,0.04702656053714919,0.0003854863053867021,1.0000002816128075,19.08308591310728,1,0.4504534800036553,0.5601316473447512,0.7204636662310052,0.897028733557653,-0.001686296404224478,1.0,2.6665851241288663,1,0.9840740610399883,0.013502802414622764,0.9832795771702499,0.016676161519692236,0.002209224240129545,0.9999999978327281,1.0236492890765485,1,1.1023076170739796,-0.8801655646841843,1.40806101189387,-0.6726173061585933,0.001669301260864767,1.0,0.3156272145618278,1,3.975766974791507,3.029605582331951,4.999537150037375,0.6517215655517987,0.01161156521854102,1.000000199797849,0.008061309508626536,0
13.040000000000001,-0.0037536188044851333,0.004731690644630964,-1.9782894940256757e-12,0.22195752354153195,0.23580253682022725,0.3253239304322898,0.8239824947027665,0.00038498274914020475,1.0000001575332234,20.57828735387436,1,0.32642383792014473,0.6408669260637732,0.7213944830249404,1.1027380833268614,-0.0019017698883745941,1.0,2.666843574709681,1,0.973859355682509,0.14079029367833343,0.983455153223232,0.14667229116649153,0.002234020306605024,1.0000001791763375,1.0268206417572194,1,1.1628126069034104,-0.7882225119167277,1.4023421923952335,-0.5943618622519519,0.0016932199502434268,1.0,0.32070122666973283,1,3.9421076178904038,3.075984923399958,5.001238474113482,0.663188009742182,0.011826080160569912,0.9999999055425326,0.008054166624629877,0
13.06,-0.003753618804663775,0.004731690644622723,-1.981420669899814e-12,0.036005064839097926,0.3589836783318617,0.36365585513541415,1.4743791992189998,0.00038022524692280993,1.0000000069590327,21.04781136759138,1,0.18874964276815503,0.6946197568338813,0.7224271593870047,1.3078861241861923,-0.0021700564868378245,1.0,2.6658376136613033,1,0.9475168108514094,0.2656960685791957,0.9839150515630564,0.2765845190944786,0.0022380987306134803,0.999999839484165,1.029516935772462,1,1.2166683079485405,-0.6917858733447537,1.3972496553925196,-0.515500524384858,0.0017111901043100376,1.0,0.3256752393739315,1,3.9079507435975818,3.1219755922845915,5.002964825498759,0.6746465962261079,0.012021926089097888,0.9999998968226267,0.008046902092839687,0
13.08,-0.0037536188045790755,0.004731690644614217,-1.9848311362535842e-12,-0.1649934180512169,0.3664877685492618,0.4050989427734693,1.9930694608844597,0.00037162692314150975,0.9999999175073302,20.659395449941417,1,0.04323564113806762,0.7192588414415346,0.7235180400276707,1.5124296849108168,-0.0024511873033982653,1.0,2.663617610728374,1,0.9055055040142574,0.38615524671958884,0.9846513828694983,0.4063388290306048,0.0022171289616128662,0.9999999665641058,1.0316905522184139,1,1.2634906080449062,-0.5913645079299235,1.3928197584296804,-0.43609964835323584,0.0017231960783288167,1.0,0.33051009689506117,1,3.8733011782062694,3.1675721859591404,5.0047159739498,0.6860972135135466,0.012201627098976334,1.0000001999974835,0.008039517375425163,0
13.100000000000001,-0.0037536188044741976,0.004731690644605205,-1.987231559863467e-12,-0.32893241130173195,0.286313418343115,0.4389089130487568,2.4216706305991815,0.00036599638010877827,0.9999999412288579,19.819517894882463,1,-0.10403595560626404,0.7138882816978558,0.7246214231268101,1.7163514768428134,-0.0027113341077779655,1.0,2.6602853488260454,1,0.8485547704584038,0.5001875891979909,0.9856514646129974,0.5358643096463901,0.0021676795400383396,1.0000001908740301,1.0333037164011998,1,1.3029391351811772,-0.4875070100181883,1.3890847448122883,-0.3562316923324526,0.001730140170064201,1.0,0.33516571585087607,1,3.8381638077944817,3.212769368509025,5.006491688603761,0.6975397535484354,0.012368315606782431,0.9999998986016184,0.008032013965356029,0
13.120000000000001,-0.0037536188044756686,0.004731690644595714,-1.989106795940998e-12,-0.4323371631235644,0.15166775538868615,0.4602436002463094,2.798603891444073,0.00036396700433645565,1.0000000643203781,18.81294279193911,1,-0.2469644316316738,0.6788633992712405,0.7256915158449656,1.9196602353553875,-0.002924841275238776,1.0,2.655988291596146,1,0.7776480802741,0.6059342170321783,0.9868980956112551,0.665094524301778,0.00208476208956249,0.9999998601318658,1.0343293253429444,1,1.3347223915342739,-0.3807972518813522,1.3860722627118132,-0.27597458093756616,0.0017328151986178721,1.0,0.3396017191800924,1,3.8025435771338123,3.257561871794285,5.008291734648416,0.7089741107680099,0.012523719959907113,0.9999999037228124,0.008024393379855558,0
13.14,-0.0037536188044939196,0.004731690644587035,-1.991140759216581e-12,-0.4660505406356606,-0.008311636450883036,0.4672129953740357,-3.130557960850492,0.00036324797831223144,1.0000002151565919,17.81017082970812,1,-0.379681286933104,0.6157539987228046,0.7266843270475788,2.122389767595211,-0.0030797925561416115,1.0,2.6509118441722195,1,0.6940016542374118,0.7016909858492698,0.9883699269819296,0.7939687512012362,0.0019641233721043624,0.9999999361193306,1.034751478859372,1,1.3586023194868075,-0.27184911669569717,1.3838049358069389,-0.19541092474649396,0.0017318798567091444,1.0,0.3437781371854961,1,3.766445488592469,3.3019444960926836,5.010115873956745,0.7204001816675226,0.012668968509307134,1.0000001998802384,0.008016657154812505,0
13.16,-0.0037536188044224802,0.0047316906445808455,-1.993071506445343e-12,-0.42779215381138125,-0.16748398720665392,0.45934508288830367,-2.7758400857883316,0.00036257017588640754,1.0000003059679363,16.925196462663084,1,-0.4967829198268899,0.5272601795243697,0.7275594192184501,2.3245970315970714,-0.003179559850643112,1.0,2.6452705583392757,1,0.599038593097816,0.7859377221799557,0.9900419151605809,0.9224330593106692,0.0018042939007519266,1.000000197868667,1.0345656932009517,1,1.3743981479311742,-0.1613005126058394,1.3822999996647394,-0.11462711201893681,0.0017279536056549977,1.0,0.3476561550306345,1,3.7298746010333756,3.3459121107224217,5.011963865804194,0.7318178647436412,0.012805215000197238,0.999999891821362,0.008008806842437885,0
13.180000000000001,-0.0037536188042122907,0.0047316906445780665,-1.9936439651924154e-12,-0.32017965954692695,-0.2996110048711548,0.43717761248238685,-2.3966637386849716,0.0003621659218624315,1.0000002839125124,16.26061053874534,1,-0.5935375502030676,0.41708717361148184,0.7282814574581041,2.5263594081793928,-0.003238234706862589,1.0,2.6392986883436294,1,0.49435941556080204,0.8573627250378675,0.9918858422230433,1.0504411947836332,0.0016075807639888097,0.9999998842258597,1.0337788003429258,1,1.3819893851042064,-0.04980679127554369,1.3815690173338442,-0.03371229391836404,0.0017216676674588348,1.0,0.3511988816100212,1,3.6928360287072093,3.389459654643772,5.01383546708274,0.7432270605773572,0.012933973051557818,0.9999999107755418,0.008000844011140956,0
13.200000000000001,-0.003753618803918139,0.0047316906445780595,-1.9916911002393345e-12,-0.1529814983410209,-0.3753028631723648,0.4027222316684711,-1.9637858291566825,0.0003628388595665065,1.0000001618240744,15.948083836661851,1,-0.6660606812794451,0.28978635392826346,0.728821514401372,2.7277713329728788,-0.0032734748091351757,1.0,2.6332405264211487,1,0.38170996596944623,0.9148821497206336,0.9938708867161741,1.1779552627607475,0.0013809808762389653,0.9999999072485491,1.0324085507716063,1,1.3813178501641314,0.06196627725989157,1.3816176845433477,0.04724271034448893,0.0017137100501568767,1.0,0.3543721114144351,1,3.655334940139922,3.432582137039138,5.015730432006442,0.7546276719863207,0.013057432674237639,1.0000001994462995,0.007992770246457736,0
13.22,-0.0037536188037625273,0.004731690644579102,-1.9875125850665754e-12,0.049025794858211395,-0.36123477697953854,0.3610842069646505,-1.4381743688621984,0.00036449472608177027,1.0000000107442413,16.189723030464567,1,-0.7114551677448631,0.1505696828289611,0.7291581044571193,2.928940446838814,-0.003298929988755993,1.0,2.6273408944826575,1,0.2629476643282764,0.9576541032689402,0.9959642269270819,1.3049461993073013,0.0011364770335234782,1.0000001999879027,1.0304829504768722,1,1.3723886684539617,0.1733497997184476,1.3824457313102623,0.12814655759709104,0.0017049066872534108,1.0,0.3571450494948975,1,3.6173765570150613,3.4752746378718498,5.017648510937059,0.7660196042337853,0.013178884919207342,0.9999998852125059,0.007984587152281149,0
13.24,-0.0037536188038615583,0.0047316906445803615,-1.9830868717984895e-12,0.2315009580211358,-0.23061391378833107,0.32346411012410403,-0.7789861063086451,0.00036547513656586987,0.9999999185843347,17.231407758516934,1,-0.7279133729126777,0.00510464708941814,0.729277931462649,3.1299834083206,-0.003319043999288094,1.0,2.6218360752767094,1,0.14000703390588473,0.9850874789236607,0.9981316579646392,1.431394037264776,0.0008900916417442911,0.9999999111724809,1.0280393733282174,1,1.355270192983158,0.283679137310994,1.3840469229386263,0.2089085397785987,0.0016962010925015063,1.0,0.3594909700532173,1,3.578966153050996,3.5175323084237773,5.019589447194979,0.777402765123305,0.01330246859702688,0.9999999179696404,0.007976296352076726,0
13.26,-0.0037536188039420043,0.004731690644582982,-1.979763575299387e-12,0.30885859334664845,-0.002491603289452393,0.30750708424808665,0.002957999977361134,0.00036508304230793237,0.9999999389709637,18.98288692436651,1,-0.7147799374907309,-0.14070364402598015,0.7291763398459171,-2.9521638103554437,-0.003334764020023059,1.0,2.6169453820980983,1,0.014865363485404457,0.9968457288336098,1.0003382039935687,1.5572879753334803,0.0006552277794218036,0.9999998806631254,1.0251234975990646,1,1.3300928547413249,0.3923011745139126,1.386409161810222,0.2894397215054513,0.0016877361986100256,1.0,0.36138778074321004,1,3.5401090528728667,3.5593503718118784,5.021552972041205,0.7887770641444756,0.013428906314252548,1.0000001986963545,0.00796789948892313,0
13.280000000000001,-0.0037536188039524075,0.004731690644586959,-1.976703523087764e-12,0.23047838482870697,0.22519058486212393,0.3236561751848527,0.7844003916174174,0.00036447669250257414,1.0000000600414234,20.521414688569475,1,-0.6725744010284378,-0.2809368714320096,0.7288574601116201,-2.7510091906619882,-0.003357625908348273,1.0,2.6128635062065357,1,-0.11049074684216945,0.9928459127685146,1.0025487144573957,1.6826262617170897,0.0004312408282207109,1.0000001971795203,1.02178811876048,1,1.2970469845580321,0.4985812928567165,1.3895146943557917,0.36965402426505517,0.0016774739960886257,1.0,0.3628184666987036,1,3.5008106308804274,3.600724123485156,5.023538808003142,0.8001424102076243,0.013550662132914669,0.9999998787855218,0.007959398220469491,0
13.3,-0.0037536188042561047,0.004731690644590218,-1.974900278034486e-12,0.047604008248120507,0.3549131788020361,0.3613547145373154,1.4426625397180328,0.0003623701721670965,1.0000002113464428,21.04825903488031,1,-0.602973419573406,-0.4098883123326483,0.7283340513249558,-2.549621015743979,-0.0033912398334703486,1.0,2.609753745857076,1,-0.23409733439415034,0.9732534622877831,1.0047284440724356,1.8074159214216292,0.00021592760689682927,0.9999999403077757,1.0180918849188056,1,1.256379686443645,0.6019098781725708,1.3933404120697526,0.44946923760785684,0.001663512940109323,1.0,0.3637714036649991,1,3.4610763101141893,3.6416489317028202,5.025546685073283,0.8114987118619166,0.013663300685540461,0.9999999252937096,0.007950794212076347,0
13.32,-0.003753618804742404,0.004731690644593106,-1.9770231458882126e-12,-0.15424736565121328,0.3681560252091714,0.40297428814943165,1.9675363139544695,0.0003584924396181283,1.0000003048436672,20.695505271307177,1,-0.5087527471044352,-0.522281926279689,0.7276270558105801,-2.347891041541089,-0.003417069518230883,1.0,2.6077421955167717,1,-0.3540430300635248,0.9384731644059858,1.0068435959273805,1.9316723660618427,1.8580543251987142e-05,0.9999998570181132,1.0140979879390715,1,1.2083908734692546,0.7017082125020904,1.3978582148295513,0.5288079249289243,0.0016458557228232254,1.0,0.3642405342150498,1,3.4209115611202146,3.6821202379909113,5.027576341759302,0.8228458805134523,0.01377120880191129,1.0000001976315915,0.00794208913991429,0
13.34,-0.0037536188051304382,0.004731690644597734,-1.983508409603152e-12,-0.32098911259467805,0.29188120246022514,0.4373625505872234,2.3999558653602486,0.00035436379451220603,1.0000002861283204,19.871557647637008,1,-0.39368964213886276,-0.6134794043917607,0.7267648622929759,-2.1457239723687,-0.0034143133917692733,1.0,2.6069129821451344,1,-0.4684966672371471,0.8891368984175392,1.0088618106886689,2.0554188943964458,-0.0001509040409589523,1.000000189512717,1.0098728557421548,1,1.15342860288354,0.7974336318120443,1.403035436644306,0.607598190833702,0.0016247163009718642,1.0,0.3642253879765452,1,3.3803219008114778,3.7221335575765853,5.02962751375873,0.8341838310725908,0.013879301424240383,0.9999998725505922,0.007933284694707625,0
13.360000000000001,-0.003753618805313398,0.004731690644605103,-1.9926430297467768e-12,-0.4280062893031509,0.15941848151144908,0.45944243178410044,2.778890053355812,0.0003515669781635732,1.0000001660906106,18.868901865912527,1,-0.2624270618462567,-0.6796685143327243,0.7257822819583585,-1.94304128653365,-0.0033708316620512874,1.0,2.607304675787364,1,-0.5757323106230691,0.8260886569744124,1.0107526084623941,2.17868609840444,-0.0002882923920669343,0.9999999709138628,1.0054849343528691,1,1.0918838647701747,0.8885838633488063,1.4088353319151534,0.6857743038078566,0.0015998488737605182,1.0,0.3637309585491259,1,3.3393128913263044,3.761684479802292,5.031699929728778,0.8455124809524512,0.013990374755926105,0.9999999327361452,0.007924382578937385,0
13.38,-0.003753618805332532,0.00473169064461434,-2.0026064140310496e-12,-0.46561524366683515,0.0001370274649097102,0.46721539228710196,3.1335303873543077,0.0003501737281005941,1.0000000145788657,17.862692269715755,1,-0.12030202216114243,-0.7180256932847543,0.7247192601707269,-1.7397845866977346,-0.003284466790092988,1.0,2.6089080345096467,1,-0.6741515813520649,0.7503673554049489,1.0124877820503826,2.3015112038652172,-0.0003936326442585652,0.9999998368961157,1.0010035518248186,1,1.0241849861918355,0.9747004910697045,1.4152176012884747,0.7632771709617308,0.0015707537201751767,1.0,0.36276745111359765,1,3.297890138885598,3.800768668520178,5.0337933117976945,0.8568317494323724,0.014105905843997329,1.0000001962536977,0.007915384503834604,0
13.4,-0.0037536188053419167,0.004731690644623783,-2.01267865221344e-12,-0.4312511473866106,-0.1597340752834393,0.46015079019713484,-2.7955618871849626,0.00034927343893777045,0.9999999197557309,16.968731512354758,1,0.0268581085994507,-0.7268455961532116,0.7236193538654025,-1.5359183225400832,-0.003162068455524736,1.0,2.6116652691810933,1,-0.7623032450477841,0.6631878922450308,1.0140417408762912,2.4239373677694602,-0.0004693820267033496,1.0000001771764002,0.9964978327330567,1,0.9507918127861941,1.0553715320970605,1.4221389389973813,0.8400546627862285,0.001536913618291771,1.0,0.3613499144980083,1,3.2560592926498075,3.839381862466339,5.035907376651783,0.8681415574215066,0.01422675143733952,0.9999998665175961,0.007906292188530678,0
13.42,-0.003753618805408726,0.004731690644632433,-2.023073982643231e-12,-0.32724643852922486,-0.29404572025393955,0.43872763409823506,-2.4183958791495725,0.00034819757915603255,0.9999999367975121,16.289208979112956,1,0.17296586698739913,-0.7056303912914171,0.7225280155026703,-1.3314317273076337,-0.0030169583948488773,1.0,2.6154710261558782,1,-0.8389000966674539,0.5659208687555191,1.015391807175177,2.5460129465612855,-0.0005191556172157286,1.0000000022366207,0.9920357146994752,1,0.8721898224807536,1.1302331388375353,1.4295535872242413,0.9160617919948415,0.0014979694839677904,1.0,0.3594977775022766,1,3.2138260435755446,3.877519875614514,5.038041836344441,0.8794418273988702,0.014353538889337658,0.999999940285155,0.007897107360431034,0
13.440000000000001,-0.0037536188054074424,0.00473169064464051,-2.0338930192820293e-12,-0.16284029085572427,-0.3736396552010327,0.40484858307782856,-1.9893485393250498,0.0003465491985813196,1.0000000557878264,15.953106220773186,1,0.31192297939578095,-0.655132208318726,0.7214907389261267,-1.1263398157852722,-0.0028645521149064765,1.0,2.620175270667434,1,-0.9028332240589867,0.4600713119131291,1.0165184656902708,2.66779074636417,-0.0005468232012778671,0.9999998207929308,0.9876830814089775,1,0.7888843124325212,1.1989704689176768,1.4374138844874966,0.9912607560415586,0.0014538920098315805,1.0,0.3572343122880114,1,3.1711961232716894,3.9151785975089597,5.0401963987581215,0.8907324834574084,0.014487045997000072,1.0000001945648562,0.007887831755979924,0
13.46,-0.00375361880515215,0.004731690644648778,-2.0437341055612457e-12,0.03833619587049415,-0.3653097797873367,0.3633829705392037,-1.4699335628663268,0.000343694845523478,1.000000207487811,16.157998403864184,1,0.43787907553581695,-0.577343445525793,0.7205511375062577,-0.920683313104405,-0.0027165270377258093,1.0,2.6255881991296137,1,-0.9531837616135374,0.34725668227353895,1.0174055689407158,2.7893272643668245,-0.0005557075028496302,1.000000160474531,0.9835030032360492,1,0.7013947821339909,1.2613177874119943,1.4456707962896624,1.0656208569432777,0.0014051947500663283,1.0,0.354586048584738,1,3.1281753028554538,3.95235399357696,5.042370767360385,0.9020134514521071,0.014628731324341141,0.9999998606960923,0.007878467121546457,0
13.48,-0.0037536188046044493,0.004731690644656283,-2.049606144527427e-12,0.2239246198906368,-0.24121138819960505,0.3251228286281479,-0.8186060396584672,0.0003404004531571362,1.000000303625287,17.152246249270593,1,0.5454883585484249,-0.47543172593380534,0.719749039191801,-0.7145274245022604,-0.002577506811618532,1.0,2.631487173935104,1,-0.9892322572682234,0.22918438837980815,1.0180405006727866,2.9106819285549608,-0.0005473335341197286,1.00000003350427,0.9795550767777028,1,0.6102496145461039,1.3170578824540153,1.4542744172439672,1.1391183144811088,0.0013530011803451064,1.0,0.3515821620359944,1,3.084769391808506,3.989042105421106,5.044564639043413,0.913284659135368,0.014780700265284068,0.9999999479287786,0.007869015214489053,0
13.5,-0.003753618804242018,0.004731690644658788,-2.0506075136539348e-12,0.3091216935486608,-0.016478864590953612,0.3075519071538276,-0.0410963743194511,0.000339705488036142,1.0000002882591505,18.882043006954095,1,0.6301514133305082,-0.35361912722027056,0.7191186993486832,-0.5079594179547737,-0.0024520749118643543,1.0,2.637625430906328,1,-1.0104657729652735,0.10762897560911448,1.0184142979138304,3.0319163414207098,-0.0005240665447945279,0.999999809105334,0.9758948539073103,1,0.5159811347147961,1.3660208861753491,1.4631744354366691,1.211735988477805,0.001297840531006849,1.0,0.3482538584751004,1,3.040984236832952,4.025239051091389,5.046777699416203,0.9245460355046983,0.014941593043225041,1.0000001925677426,0.007859477803670283,0
13.520000000000001,-0.003753618804447738,0.004731690644654037,-2.051106680334147e-12,0.2387350762551221,0.21433143428467022,0.3220549109789762,0.7444279632662186,0.00033948715023538747,1.00000017033075,20.461230645944052,1,0.688228821819891,-0.21700873348800256,0.7186872317892252,-0.30108507781592586,-0.0023495167389245846,1.0,2.643742738302781,1,-1.0165828232113199,-0.015590887872021753,1.0185217275922505,-3.130091781355674,-0.0004966172104372631,1.000000139818637,0.9725733505094396,1,0.4191211029949692,1.4080825983953515,1.4723205592376707,1.2834630245608754,0.0012375111626541453,1.0,0.34463377287584224,1,2.9968257207077205,4.060941025338781,5.04900962456632,0.9357975085231222,0.015100755911306826,0.9999998550953044,0.007849856665330248,0
13.540000000000001,-0.0037536188046509737,0.004731690644645925,-2.053966371984295e-12,0.05920792375816379,0.3505529948182695,0.3590643914306103,1.4105469205945642,0.0003377123589792885,1.0000000184610343,21.04602303241409,1,0.7172138373709618,-0.0713652382406372,0.7184733227465053,-0.09402414404562776,-0.002274905813822153,1.0,2.6495772537904854,1,-1.0074962316416565,-0.13863554019999078,1.0183613261341127,-3.0089081453408033,-0.00047607107591963245,1.0000000639463884,0.969636624223909,1,0.3201966789318235,1.4431624113566657,1.4816629140263395,1.354294449260076,0.0011701629737348135,1.0,0.34075539659746257,1,2.952299761147339,4.096144299852175,5.0512600978199345,0.947039004691506,0.015249532470682064,0.9999999556549048,0.007840153573978874,0
13.56,-0.003753618804575919,0.004731690644637451,-2.057310918845978e-12,-0.1433391398517073,0.3696225117233467,0.40082776478508064,1.9417344384853181,0.00033519549474001376,0.9999999210209469,20.73020753936084,1,0.7158531940590972,0.07714010016311885,0.7184863180246561,0.11309504738363038,-0.002216396084462167,1.0,2.6548775022236653,1,-0.9833339543372729,-0.259667505510134,1.0179354177857005,-2.887654481234451,-0.0004634138231760252,0.9999998021213029,0.9671254057714245,1,0.21972687304921892,1.47122093070546,1.491152388851057,1.4242307399301208,0.0010971258116260396,1.0,0.3366525466525496,1,2.9074123096647435,4.1308452234772695,5.053528815030504,0.9582704522301552,0.015389147448603657,1.0000001902655216,0.0078303703003522,0
13.58,-0.003753618804465929,0.004731690644628517,-2.0596692754115686e-12,-0.31281419941732136,0.2973467329354602,0.43577957788026583,2.378086876880152,0.00033421326499172093,0.9999999347095636,19.923043096244285,1,0.6842080648866835,0.22220688317902418,0.7187257602543384,0.32014141165731647,-0.002163348132402977,1.0,2.6594143920191686,1,-0.94443788383685,-0.37687467086537874,1.0172500966554319,-2.7662680639734485,-0.0004561614129870647,1.0000001157176701,0.9650747696846371,1,0.11821948744499329,1.4922573811500466,1.5007409229450825,1.4932773698849051,0.001020381467893249,1.0,0.332358893026831,1,2.8621693504369885,4.165040222415927,5.055815474603648,0.9694917822968937,0.015522175309070395,0.9999998497241065,0.007820508612685222,0
13.600000000000001,-0.0037536188044602695,0.004731690644619079,-2.0614066009727594e-12,-0.4234164755215618,0.16715281618488173,0.45859856051239306,2.759107065076862,0.00033490580194113706,1.0000000515616623,18.924813668259812,1,0.6236510351639356,0.35769017580518236,0.7191814002907303,0.5269871315146364,-0.0021203243903657703,1.0,2.6629922895611537,1,-0.8913606118564457,-0.48849340553970855,1.0163151653570535,-2.64468776823851,-0.0004521422112968621,1.0000000928128951,0.9635138363980653,1,0.016168532150135775,1.5063068768594057,1.510381748759434,1.5614443393294883,0.0009413733835086987,1.0,0.32790754372831765,1,2.816576899173604,4.198725800407535,5.058119772793731,0.9807029282665881,0.015649299136448473,0.9999999634512926,0.0078105702720474846,0
13.620000000000001,-0.003753618804480127,0.004731690644610296,-2.0632827044120283e-12,-0.4649134055664803,0.008645606949417295,0.4671732606194789,3.1144343783365973,0.0003357186564672327,1.0000002035825795,17.915505647969752,1,0.536799299383646,0.4778764472184281,0.7198336775750971,0.733513497225496,-0.002106680871111774,1.0,2.665458374730569,1,-0.8248600942948664,-0.592831553920325,1.0151440360286164,-2.5228548213956956,-0.0004493295964162579,0.9999998000129212,0.9624654985261494,1,-0.08594790615843101,1.5134376276309247,1.520029596133692,1.6287457093892057,0.0008611619986038532,1.0,0.323330686809457,1,2.770641001989525,4.2318985388930725,5.060441404101435,0.9919038252150942,0.015770187867380263,1.0000001876618405,0.007800557027522287,0
13.64,-0.003753618804425275,0.004731690644603867,-2.0651570731278213e-12,-0.4344494797169438,-0.15184800058790146,0.46091333764098485,-2.8152123448076747,0.00033547707575950965,1.0000003023133894,17.0128593692832,1,0.42738860408513424,0.5777357719424878,0.7206546404912297,0.9396162350444932,-0.0021482976492584105,1.0,2.666709691903014,1,-0.7458921320773573,-0.6882912073492307,1.0137535941819171,-2.400713558280856,-0.0004458747810232661,1.000000088765469,0.9619461640323053,1,-0.1876693739946111,1.5137481413519263,1.5296408574995468,1.6951991493970182,0.0007806330783778333,1.0,0.31865929418467254,1,2.7243677342838915,4.2645550971608674,5.062780062468067,1.0030944098094208,0.015884365326996875,0.9999998445910087,0.007790470616372538,0
13.66,-0.0037536188042298253,0.004731690644600847,-2.0658032576226226e-12,-0.33407772290051735,-0.28825845270144856,0.4402404104526587,-2.439971061302795,0.0003348286505800537,1.0000002903039626,16.31877550639159,1,0.30009624771168325,0.6531372707922763,0.7216092521073824,1.1452100360542974,-0.0022652095653117707,1.0,2.666697491527786,1,-0.6556005588269256,-0.7733911231353003,1.0121640233647546,-2.2782121747146,-0.00043973727109440354,1.0000001193925312,0.9619655087780478,1,-0.28855437574361165,1.5073644727346516,1.5391737163927732,1.7608255041278047,0.00070063653268692,1.0,0.31392288576462785,1,2.6777631996242173,4.2966922124722995,5.065135442140469,1.0142746203950006,0.01599171740713186,0.999999971305589,0.007780312769503848,0
13.680000000000001,-0.0037536188039363127,0.004731690644600718,-2.0640182271658425e-12,-0.17252991130179174,-0.37165436099667526,0.40695268316023436,-2.01464001937346,0.00033605185424645924,1.000000174542423,15.959669650561107,1,0.1603243062469433,0.7010178110654545,0.7226570045195095,1.3502320653495599,-0.002460200903402645,1.0,2.665428679473625,1,-0.5553050139533086,-0.8467886118855993,1.010398588796465,-2.1553034758447542,-0.0004279544961268938,0.9999998028321385,0.9625262402701864,1,-0.3881813526146059,1.4944375584711962,1.5485882429461302,1.825648386139211,0.0006221458094119119,1.0,0.30914934913907716,1,2.630833528634688,4.328306700166128,5.067507238069976,1.0254443971952099,0.01609294345560441,1.0000001847608249,0.007770085220231724,0
13.700000000000001,-0.0037536188037655023,0.004731690644601803,-2.059954637423367e-12,0.027662949599195484,-0.36897142795002874,0.36569260523566494,-1.5012924879116145,0.00033992266966941686,1.000000022388852,16.128582942071727,1,0.013955941025787058,0.7194975837703966,0.7237537490019049,1.5546443129970828,-0.0027133674549045,1.0,2.6629644216451442,1,-0.44648617970421484,-0.9073006581670702,1.008483377434023,-2.0319456140454144,-0.000405696088474925,1.000000059626124,0.9636239088047536,1,-0.4861493565122798,1.4751406698813396,1.5578464604000564,1.8896937970639804,0.0005465203238602258,1.0,0.3043648090914875,1,2.58358487788768,4.35939545374173,5.069895145523078,1.0366036826223453,0.01619014880405572,0.9999998397041441,0.007759789713286597,0
13.72,-0.0037536188038475027,0.0047316906446031055,-2.0554296112362813e-12,0.21609693653525125,-0.2514274069613429,0.3268486472146455,-0.857830667366508,0.00034386750220901014,0.9999999223793656,17.075356445801386,1,-0.13290188241652848,0.70793987033208,0.7248536404012558,1.7584347346197062,-0.0029853385153866415,1.0,2.659416159191595,1,-0.33076837481721205,-0.9539239782947904,1.006446991260533,-1.9081028066872983,-0.000366359379928087,1.0000001430303858,0.9652467677756178,1,-0.5820784591599952,1.4496670059708765,1.5669123860004655,1.9529897804862943,0.00047577250021722426,1.0,0.2995935416044171,1,2.5360234287976273,4.3899554449221245,5.07229885770063,1.0477524216237053,0.01628696023750032,0.9999999792053498,0.007749428011330863,0
13.74,-0.0037536188039422524,0.004731690644605616,-2.052013940712083e-12,0.3089446063347279,-0.030390994772949396,0.30770215575548493,-0.08515823869176913,0.0003456205794488277,0.9999999327081373,18.780425791020082,1,-0.2741765438941564,0.6669556904281092,0.7259110931599246,1.9616172093328896,-0.003235006448789139,1.0,2.6549394518614773,1,-0.20989943079494622,-0.9858536585331069,1.0043201949027298,-1.7837460171119845,-0.00030703199034501626,0.9999998105094905,0.9673756352998817,1,-0.6756099352240074,1.418227442590193,1.5757520470547397,2.0155661067537154,0.00041170453973983864,1.0,0.29485793032499924,1,2.488155386516986,4.41998372369786,5.0747180600844946,1.0588905613629946,0.016384543026357872,1.000000181567071,0.007739001897428294,0
13.76,-0.003753618803949218,0.004731690644609608,-2.0489859808847655e-12,0.24672016416925208,0.20322299077374806,0.32052230573801416,0.7040211219040142,0.00034671918163708596,1.0000000473649941,20.397426566302595,1,-0.4040774909475569,0.5983567882062163,0.7268826568052141,2.164230402982609,-0.0034511063414711034,1.0,2.649726167905019,1,-0.08572783132095209,-1.0024999565750272,1.0021355162337593,-1.6588535781579754,-0.00023866749711005104,1.0000000290176168,0.9699838058162558,1,-0.7664062557083956,1.3810484468906057,1.584333474605237,2.0774539843960063,0.0003530413726144175,1.0,0.29017846742540365,1,2.439986978835009,4.449477418354336,5.0771524291197245,1.0700180490909021,0.01647457772345843,0.9999998350712554,0.007728513170761791,0
13.780000000000001,-0.003753618804221541,0.004731690644612994,-2.0469728342908944e-12,0.07081683292253892,0.34589729331654057,0.35678350978111634,1.377983061410096,0.000347532400691756,1.0000001996326542,21.040780113413614,1,-0.5173241538927886,0.505062412509283,0.7277287446491911,2.3663356765461026,-0.0036425971677853954,1.0,2.6439955642385344,1,0.03982283243884688,-1.0035027943594554,0.9999267898062922,-1.5334117481096416,-0.00017430423738388354,1.0000001631440316,0.9730370607721693,1,-0.854150925228432,1.3383701605672782,1.5926266927665949,2.1386857968302455,0.00029696864882017016,1.0,0.28557379566042396,1,2.39152445508132,4.478433735485231,5.079601647144302,1.0811348311150726,0.016549717443091055,0.9999999871380582,0.007717963634857609,0
13.8,-0.003753618804705333,0.0047316906446157915,-2.048722302916417e-12,-0.13226441063460032,0.37088648782531397,0.3986558436999444,1.9156270299623155,0.00034820857469210453,1.0000003009086154,20.763292021699854,1,-0.609346757411884,0.39096656591761875,0.728415157142965,2.568014223787406,-0.0038088998812429637,1.0,2.637984765012662,1,0.16478194595791554,-0.9887434302271699,0.9977286568029293,-1.4074151931496819,-0.00011397220537084752,0.9999998228558103,0.9764937911530055,1,-0.9385481944356856,1.2904446511494687,1.6006037049352067,2.1992948785194173,0.0002432520259406444,1.0,0.2810607746493164,1,2.3427740850371594,4.506849959991756,5.082065410099926,1.0922408557278829,0.016613578608379264,1.000000178085639,0.007707355090975537,0
13.82,-0.0037536188051186404,0.004731690644620135,-2.0549794504942653e-12,-0.30440454519729654,0.30271471584920107,0.434156498233269,2.3560393289957724,0.0003516327620645358,1.000000292261759,19.973859378087536,1,-0.6764547184192075,0.2607729374638858,0.7289143452592798,2.769363599188953,-0.003951338636364151,1.0,2.631939093673798,1,0.28716223936779095,-0.958352778060386,0.9955760374720529,-1.2808673584016776,-5.427191412776268e-05,0.9999999976941283,0.9803052456287468,1,-1.0193226762504337,1.237534328087267,1.6082384568021615,2.2593153257173046,0.00019281720298442543,1.0,0.2766545542221713,1,2.293742157854159,4.534723455065278,5.084543417871521,1.1033360748242511,0.016672039596840663,0.9999998306996832,0.0076966893391258295,0
13.84,-0.0037536188053200036,0.00473169064462719,-2.064068534146646e-12,-0.4185682241738475,0.1748789853055066,0.45770991181365855,2.73923815108794,0.0003590972496555598,1.0000001787235742,18.980621583323362,1,-0.7159690258720534,0.11980476674617187,0.7292063925295243,2.970493780888345,-0.004079200187487198,1.0,2.6261026157472283,1,0.40499205880241695,-0.9127158462868967,0.993503570153474,-1.1537806973760258,5.853334876515801e-06,1.0000001792378772,0.9844159245381324,1,-1.0962188910347137,1.1799105184767014,1.615506786564467,2.3187818296710283,0.00014629614984338452,1.0,0.27236865367112495,1,2.244434980979245,4.56205166215357,5.087035367878326,1.114420443305752,0.016729021332517028,0.9999999950911455,0.007685968175874039,0
13.860000000000001,-0.0037536188053451077,0.004731690644636221,-2.0741238587751454e-12,-0.4639500755999387,0.017224232007053426,0.4670866764823144,3.0953248989256537,0.00036902248597919525,1.000000026360403,17.968584430924523,1,-0.7263163366854475,-0.02620338486334384,0.7292797068552321,-3.111662390417718,-0.004202662061094765,1.0,2.620709075127132,1,0.5163490276457764,-0.8524718056773655,0.991545022714699,-1.0261767445283472,6.564057750568165e-05,0.9999998395668899,0.9887641414737633,1,-1.1690007621887721,1.1178521951488536,1.6223863735828763,2.377729532488876,0.00010398552149952625,1.0,0.26821505263462264,1,2.194858879086487,4.588832100911974,5.089540954192171,1.1254939184546293,0.016787111496499602,1.000000174322045,0.007675193390128754,0
13.88,-0.0037536188053557884,0.004731690644645607,-2.084325767537365e-12,-0.4373973443453874,-0.143815064969449,0.46163517266545084,-2.8348089412234603,0.00037979266361538774,0.9999999238303238,17.057557363058848,1,-0.7070834907398723,-0.17132536157052222,0.7291314185283779,-2.9106124268572464,-0.004324416596397757,1.0,2.615973332786042,1,0.6193944514894932,-0.7785092657865702,0.9897326902295965,-0.8980860131097177,0.00012386162996645128,0.999999966427456,0.9932827686851691,1,-1.2374510807478711,1.0516448480890477,1.6288566864388316,2.436193905756323,6.602236461303293e-05,1.0,0.2642042925278512,1,2.1450201930170714,4.615062369139981,5.092059867973058,1.1365564596674773,0.016848365446295407,0.9999998265963539,0.007664366760784015,0
13.9,-0.003753618805417404,0.004731690644654233,-2.094790486906195e-12,-0.34068903666251477,-0.28223963043989386,0.441720175585571,-2.4614159162832876,0.0003906403332375625,0.9999999307942099,16.349259130549306,1,-0.6590318069829905,-0.3096683724715577,0.7287674796385218,-2.709420572189153,-0.004436448692907531,1.0,2.6120839535801283,1,0.7124076975866742,-0.6919564481047483,0.988096793289984,-0.7695477020361208,0.00017980340416126202,1.0000001909153766,0.9979001744378656,1,-1.3013709550725927,0.9815794892174297,1.634898930566732,2.4942106499557273,3.249451166144981e-05,1.0,0.26034558462475793,1,2.094925278727455,4.640740142702441,5.094591797868836,1.1476080283788936,0.01691474715095335,1.0000000030520106,0.007653490056410791,0
13.92,-0.003753618805424716,0.004731690644662207,-2.105707101740517e-12,-0.18206965094692368,-0.3693408429110433,0.4090387445658055,-2.039701644317173,0.0003998342928347799,1.0000000431998697,15.967663419562225,1,-0.5840709841307606,-0.43559709002393426,0.7282024473997146,-2.5079710941718822,-0.004524882972538906,1.0,2.6091971034337607,1,0.7938196773280992,-0.5941660885043819,0.986664892220316,-0.6406092012582325,0.000233741753890049,0.9999998602309751,1.0025413510287822,1,-1.360579259334361,0.9079517800608081,1.6404959963326466,2.5518156124698823,3.5268276741142775e-06,1.0,0.2566469220383315,1,2.0445805062455182,4.665863175434996,5.097136430183652,1.1586485880945945,0.016988519693420405,1.0000001702822523,0.007642565036119991,0
13.940000000000001,-0.0037536188052044346,0.004731690644670368,-2.1158699792245272e-12,0.016988163154766228,-0.3722175958396048,0.36801437274943866,-1.5323066294716148,0.0004061182521072214,1.0000001956399627,16.10131029347762,1,-0.48519286190221295,-0.5439507624294585,0.7274589572094049,-2.3061579664199936,-0.004573101902083446,1.0,2.607430812910945,1,0.8622444897049519,-0.4866950777299455,0.9854613332563766,-0.511325392698127,0.00028801448265473216,0.999999935987998,1.0071292214262235,1,-1.4149120923647414,0.8310612716038425,1.6456324086481346,2.6090447222710704,-2.0571218325491973e-05,1.0,0.253115192756947,1,1.9939922586348096,4.690429299034097,5.099693448528728,1.1696781045446099,0.01707282171505042,0.9999998227677688,0.007631593451078806,0
13.96,-0.0037536188046695933,0.0047316906446780325,-2.122314476937781e-12,0.20800575223482318,-0.2612560068378188,0.32863792718350116,-0.8967086612211044,0.0004093638440288089,1.0000002994116501,17.00066826862937,1,-0.36636583031018993,-0.6302469640796022,0.7265669108092382,-2.1038889863487644,-0.004561578564924042,1.0,2.606860159314503,1,0.9165082550775174,-0.371279048677999,0.9845067432428417,-0.3817577528987667,0.000347936494546099,1.0000001978888011,1.011586099794108,1,-1.4642222565781424,0.7512107456373519,1.6502942788991584,2.6659339400372,-3.910101815817599e-05,1.0,0.2497562912198681,1,1.9431669309667712,4.714436422931436,5.102262531780951,1.180696545929421,0.01717192983379676,1.0000000110080407,0.007620577046722063,0
13.98,-0.0037536188042468725,0.004731690644681185,-2.1236935821011826e-12,0.3083077334440271,-0.04421180888081263,0.30795292426992527,-0.1292440161284265,0.0004109063885741966,1.000000294131584,18.678249955276723,1,-0.2323914215034401,-0.6908652327115812,0.7255623926656231,-1.9010895217426367,-0.004477554144004093,1.0,2.60751390219319,1,0.9556741901322782,-0.24980233157725865,0.9838175913767828,-0.25197327333902453,0.0004186452858906194,0.9999998843389115,1.0158352573155554,1,-1.5083787650323557,0.6687056471261437,1.6544692573324187,2.7225192228916653,-5.141348370731244e-05,1.0,0.24657522673963023,1,1.8921109293006928,4.737882534152495,5.104843348511791,1.1917038826636916,0.01728757367049959,1.0000001659726614,0.007609517565774254,0
14.0,-0.0037536188044117553,0.0047316906446770515,-2.123978944112981e-12,0.2544012864410926,0.19187321142020414,0.3190553946470292,0.6631722358647686,0.00041228186426176607,1.0000001828721636,20.330258795515253,1,-0.0887257074309416,-0.7232034744478498,0.7244863279273124,-1.6977057404224953,-0.00433713336806009,1.0,2.609372560399206,1,0.9790630508055818,-0.12426390950021043,0.9834058399490452,-0.12204321982211544,0.0004968451185319511,0.9999999071257695,1.0198025438905038,1,-1.5472663832375788,0.5838535974107067,1.6581464805689607,2.7788364989922107,-5.889295968185145e-05,1.0,0.24357622786733718,1,1.8408306696710715,4.760765697160069,5.107435553828726,1.2027000852586023,0.017410925541655877,0.9999998192199939,0.007598416749526227,0
14.020000000000001,-0.0037536188046352584,0.0047316906446690935,-2.1265515390278544e-12,0.08240072359915242,0.34094295715725387,0.35450972698310806,1.3449666027007527,0.0004126532540595653,1.0000000303737482,21.032794315545523,1,0.05873040214489731,-0.7257998218911321,0.7233829039337653,-1.4937071753435847,-0.004168239860355034,1.0,2.6123680470524246,1,0.9862681960190918,0.0032597996943430217,0.9832786889179984,0.007958245572292716,0.0005767088533722303,1.0000001999863286,1.023418087771148,1,-1.5807852110590528,0.49696397838002576,1.6613165247396364,2.834921643133526,-6.423492753820355e-05,1.0,0.24076284209218546,1,1.7893325770825579,4.783084053684509,5.11003880306132,1.213685122586295,0.01753182955763316,1.0000000189466294,0.007587276333107648,0
14.040000000000001,-0.0037536188045718226,0.004731690644660636,-2.1298249622270227e-12,-0.12104794427500166,0.37194109515645163,0.3964570800574169,1.8892171065728378,0.00041104308445183603,0.9999999253731134,20.795060151606236,1,0.20386604990694063,-0.6984128057166398,0.7222978085761341,-1.2890884823536062,-0.003980194336509148,1.0,2.6163850653038847,1,0.9771647035162675,0.13065435175342696,0.9834384067115636,0.13795553297831253,0.0006610700763151417,0.9999999112966896,1.0266179060100658,1,-1.6088503090412176,0.40834757810484545,1.6639713807733472,2.890810462318627,-6.828815262787454e-05,1.0,0.23813802971727727,1,1.737623084514348,4.804835822541597,5.112652762930149,1.2246589642976202,0.017651085601128647,1.0000001614001008,0.007576098042785902,0
14.06,-0.0037536188044587178,0.004731690644651799,-2.1321390833439757e-12,-0.29578103923708154,0.30797710876294193,0.4324930285263937,2.3338196013432695,0.00040896233917665586,0.9999999289687154,20.024302646412814,1,0.3406125536429037,-0.6420534428681958,0.7212763538932171,-1.0838702239684757,-0.003779001309039267,1.0,2.621264434191808,1,0.9519121900319725,0.2558077741490877,0.9838822719520897,0.26787312664417595,0.0007553920295938133,0.9999998805519241,1.0293453722736776,1,-1.6313913726701699,0.3183162888297378,1.6661044313127562,2.9465386977820858,-7.089413740378311e-05,1.0,0.2357042511556229,1,1.6857086319343366,4.826019299436015,5.115277104117812,1.235621582715978,0.0177721968318351,0.9999998159586505,0.0075648836007622235,0
14.08,-0.0037536188044451704,0.0047316906446424195,-2.1337384983888263e-12,-0.413478879874793,0.18258839170455024,0.45677668068742266,2.7192889973116006,0.0004078649383015446,1.0000000390683217,19.036580130696674,1,0.4632027424699221,-0.5589643062981575,0.7203615497551789,-0.8780985476729757,-0.0035762211313708227,1.0,2.6268084483282284,1,0.9109512247022442,0.37665099478702874,0.9846026350599354,0.3976370834954605,0.0008623779226518646,1.0000001971562766,1.0315525402281556,1,-1.6483524573302684,0.2271828486052441,1.667710422269878,3.002142031862706,-7.209444845774248e-05,1.0,0.2334635477841788,1,1.633595665321158,4.846632856750044,5.117911494807992,1.2465729523878726,0.017896343590439515,1.000000026855199,0.007553634726984442,0
14.100000000000001,-0.003753618804464685,0.004731690644633537,-2.1354610788004713e-12,-0.46273832644451535,0.02586399938953915,0.4669547453488213,3.076205546671939,0.0004075746830066333,1.0000001916064534,18.022123748503034,1,0.5664256925084974,-0.4525428884008362,0.7195922132292898,-0.6718436891049354,-0.003384030114685382,1.0,2.6327882716460236,1,0.854993473482083,0.4911970473232999,0.9855870891148304,0.5271764859189773,0.00098079155724407,0.999999940440081,1.0332012422192547,1,-1.6596917560411835,0.13526061816556756,1.6687854386941445,3.0576560964215442,-7.22222126728709e-05,1.0,0.23141761655226561,1,1.5812906356941727,4.866674943319523,5.1205555999565995,1.2575130494066318,0.01802291279861599,1.000000156571815,0.007542353136085011,0
14.120000000000001,-0.0037536188044255377,0.004731690644626894,-2.1372547828746313e-12,-0.44010171488600736,-0.1356443901069905,0.46231221691964913,-2.8543477819775522,0.00040738078850019097,1.0000002978232243,17.102970996296825,1,0.6458638464739104,-0.32720954839619615,0.7190012120926341,-0.46519729009265975,-0.003209204599917533,1.0,2.6389532118325016,1,0.7850059521787945,0.5975779634222441,0.9868187412154721,0.6564248028455644,0.0011058939291302796,0.9999998569212302,1.0342639167753371,1,-1.665381431487911,0.04286338495172752,1.6693268873694935,3.1131164838383354,-7.176590120882554e-05,1.0,0.2295678789994763,1,1.5287999981526392,4.886144084198711,5.12320908233092,1.2684418510854354,0.01815045004264941,0.9999998129889058,0.007531040533540466,0
14.14,-0.0037536188042467424,0.004731690644623631,-2.137966019499782e-12,-0.3470782032983698,-0.27599799091406446,0.44315807024873166,-2.4827191075208983,0.0004072576655555731,1.0000002959125252,16.38080095949827,1,0.6980992052863192,-0.18822384528969593,0.7186139411618081,-0.2582685988298095,-0.0030493929798709107,1.0,2.6450415434526753,1,0.702189978386075,0.6940783821130619,0.9882765746508297,0.785321119904497,0.0012301644850941503,1.0000001894683768,1.0347241380046748,1,-1.6654075033409732,-0.04969481362152374,1.6693334854682307,-3.114626546854556,-7.126235367150575e-05,1.0,0.22791554508443113,1,1.476130210924643,4.905038880413933,5.125871603715099,1.2793593358560067,0.01827726624428791,1.000000034721219,0.00751969861252227,0
14.16,-0.003753618803954991,0.0047316906446233575,-2.136375278072311e-12,-0.19144430668078743,-0.3667042734090016,0.4110930531066617,-2.0645025700394233,0.0004080954344418245,1.000000186986166,15.97729437645114,1,0.7208761179037589,-0.041456767434062104,0.7184471225785517,-0.051179706175870664,-0.00289224113350691,1.0,2.6507923697698046,1,0.6079555854504692,0.779165071415764,0.9899358894006887,0.913811207712399,0.0013439206145848287,0.9999999710510047,1.0345768347551028,1,-1.659769791509716,-0.1420998554610733,1.668805254892835,-3.059166826479671,-7.11931176925811e-05,1.0,0.2264616706097962,1,1.423287734426028,4.923358008705975,5.1285428259813,1.2902654833148062,0.01840199070775264,1.0000001514954542,0.007508329051314783,0
14.180000000000001,-0.0037536188037689744,0.0047316906446244825,-2.132431384249678e-12,0.006342085314984692,-0.37504057666891755,0.37033170575667507,-1.562907501897493,0.00041073585466988225,1.0000000344269293,16.076557963826165,1,0.7132102522533067,0.1068701555348477,0.7185080051933265,0.15593994547081713,-0.00271733261310854,1.0,2.655957863575775,1,0.5038922848889378,0.8515117535498287,0.991768806153856,1.0418484061549842,0.001437247032896771,0.9999998368159381,1.0338282028031027,1,-1.6484819157359667,-0.23403769533668123,1.6677435225898847,-3.003654103449052,-7.183932865156638e-05,1.0,0.2252072073992948,1,1.3702790303297272,4.941100221261792,5.131222411739855,1.301160274431774,0.01852433698010813,0.9999998103154654,0.007496933511186964,0
14.200000000000001,-0.003753618803834191,0.004731690644625839,-2.1278230913357454e-12,0.1996857484641697,-0.27066011960083797,0.33047672336458067,-0.9351098463977501,0.0004141491776221583,0.9999999270069816,16.928902969869917,1,0.6754365026976604,0.25046509187470684,0.7187940139995544,0.362959477817895,-0.0025011372414039325,1.0,2.660315134960725,1,0.3917371329017285,0.9100188367373034,0.9937448172395227,1.1693943113862137,0.0015022185712119812,1.0000001771120557,1.032495328158596,1,-1.6315713516023713,-0.32519453023914047,1.6661509275048854,-2.9480527996558736,-7.317955454831894e-05,1.0,0.22415304703243263,1,1.3171105606456646,4.958264345435447,5.133910023425069,1.3120436919324947,0.018645705892300784,1.0000000425322264,0.007485513635077285,0
14.22,-0.0037536188039414466,0.004731690644628243,-2.124335429787294e-12,0.3072146238814238,-0.0578766825815449,0.30830268736000255,-0.1731724581478399,0.0004158764049458142,0.9999999272325447,18.576525269086872,1,0.6091925848041292,0.3832500427195279,0.7192928711664744,0.5697525725721523,-0.0022297212396120165,1.0,2.663676963134187,1,0.2733410722076357,0.9538278685956215,0.9958313667807187,1.2964192591579677,0.001530542433165841,1.00000000237522,1.0306055528722622,1,-1.6090795426214843,-0.4152569761505521,1.6640314333316086,-2.892327301548624,-7.547712085269154e-05,1.0,0.22330005881960918,1,1.2637887868113769,4.9748492834578855,5.136605318530986,1.3229157203664066,0.018766076445570677,1.0000001461790615,0.007474071047806172,0
14.24,-0.003753618803946618,0.004731690644632233,-2.1213291540034263e-12,0.2617426878104232,0.18032934716719365,0.3176667009349267,0.6220246664674354,0.00041684933380674576,1.0000000349723666,20.26033176939813,1,0.5173394434211728,0.49963307398940593,0.7199831827899367,0.7762031974799092,-0.0019181014161433019,1.0,2.665900691782933,1,0.1506344867681188,0.982330724300003,0.9979944469169193,1.4229026021805884,0.0015047057672866024,0.9999998207314341,1.0281956249123212,1,-1.5810620676855005,-0.5039122639439543,1.6613903394501934,-2.8364419441408115,-8.076280773572276e-05,1.0,0.22264912214322638,1,1.2103201687932916,4.990854012135919,5.139307945147584,1.333776344365881,0.018875339569879798,0.9999998079425647,0.007462607356644655,0
14.260000000000002,-0.003753618804188871,0.004731690644635751,-2.1191208510185078e-12,0.09392118896802872,0.3357063617441165,0.3522597836730784,1.3115736486870344,0.0004150766134667498,1.0000001875340947,21.022156221724128,1,0.40382384300204177,0.5947539028783586,0.7208354597952168,0.9822107559341744,-0.001594143859701046,1.0,2.666894562672227,1,0.025592832181578356,0.9951737161577465,1.0001992064834768,1.5488327966015767,0.0014074123760924853,1.0000001603917676,1.0253106736981383,1,-1.5475888627345689,-0.5908484622927404,1.6582342888214043,-2.7803610053378063,-9.127353648908209e-05,1.0,0.22220115339134672,1,1.1567111641985073,5.006277582541178,5.142017553849726,1.3446255466056436,0.01896089640698297,1.000000050275845,0.007451124148030239,0
14.280000000000001,-0.00375361880466811,0.004731690644638493,-2.120529446481001e-12,-0.1097147243381453,0.37278854795411304,0.3942462454564131,1.8625381355124087,0.000407791124875672,1.000000296144113,20.82535997875446,1,0.2734921351816797,0.6646903862274584,0.7218135034238822,1.1876943877423902,-0.0012779305881334576,1.0,2.666621324404674,1,-0.09979690095346762,0.9922569530727593,1.0024105504408731,1.674207328871593,0.0012389422916125087,1.0000000336409116,1.02200304215459,1,-1.5087444950190882,-0.6757547357085203,1.654571295799545,-2.7240487110184715,-0.00010698343137715015,1.0,0.22195712718596994,1,1.1029682273986583,5.021119119689972,5.144733811542247,1.3554633099013298,0.019022095960645077,1.0000001406310601,0.007439622986235433,0
14.3,-0.003753618805102573,0.004731690644642563,-2.126508170940955e-12,-0.28695630260065724,0.3131335345437979,0.43079987060523733,2.311437911894698,0.00039913399545816883,1.0000002976037135,20.074133077399466,1,0.131866810112003,0.7066166358820254,0.7228760528316212,1.3925961991006213,-0.0009787140186064119,1.0,2.6650994151173517,1,-0.22356825767596938,0.9737293828887259,1.0045937053708087,1.7990324871970047,0.0010074375038615093,0.9999998090640335,1.0183310492927595,1,-1.4646284878633415,-0.7583216461367456,1.6504107875697382,-2.6674692374971603,-0.00012708357132422025,1.0,0.2219180910705932,1,1.049097808666885,5.035377822211538,5.147456396069908,1.3662896195935827,0.01906286993749943,0.9999998058739638,0.007428105422849501,0
14.32,-0.0037536188053249567,0.0047316906446492925,-2.1355304677395104e-12,-0.40815299867609184,0.1902824006133784,0.4558051699235828,2.6992583381200754,0.0003927502004237533,1.0000001910635743,19.092440907351225,1,-0.015101129512000043,0.7189071576229058,0.7239786183290705,1.5968833385235255,-0.00069214674344185,1.0,2.6624008961161723,1,-0.34380542421971594,0.9399800146782843,1.0067147505271128,1.9233229892608834,0.000720777289043232,1.000000139719494,1.0143577764042926,1,-1.4153556932666351,-0.8382415068495902,1.64576364142994,-2.610586717051866,-0.0001509983964692198,1.0,0.2220851735397088,1,0.9951063533257349,5.049052962001865,5.150184989032235,1.3771044635361622,0.019085832578065804,1.000000057939806,0.007416573008401911,0
14.34,-0.003753618805359326,0.004731690644658111,-2.1456942125852585e-12,-0.4612783999701233,0.034568712621400814,0.4667802486201368,3.0570709542495176,0.0003889534241213625,1.0000000385179684,18.075913130539107,1,-0.16129067983943596,0.7011850610808039,0.7250754184236132,1.8005488809759609,-0.00040674073014019966,1.0,2.6586469122819096,1,-0.4586710054383948,0.8916258512790647,1.008741110737153,2.0471015000311477,0.00038835073771465226,1.0000000640777058,1.0101498113478284,1,-1.3610567089093455,-0.9152087977096096,1.6406422222431105,-2.5533652535310893,-0.00017830003289967343,1.0,0.22245958540457442,1,0.9410003009042305,5.062143883864103,5.15291927403949,1.3879078316166613,0.0190925051414868,1.0000001348602405,0.007405027299524272,0
14.360000000000001,-0.0037536188053689692,0.004731690644667428,-2.1560166846290585e-12,-0.44256117530313777,-0.12733036250037513,0.46294545092832784,-2.8738348560377713,0.0003861324556953897,0.999999928731131,17.14894281665449,1,-0.30066774637930344,0.6543156488502007,0.7261213143987856,2.0036115475765497,-0.0001189671785472247,1.0,2.654001079072137,1,-0.5664312353612981,0.8294970673021851,1.0106420087961363,2.170398067043201,2.4799915319037078e-05,0.9999998021012163,1.0057759061149438,1,-1.3018783352334076,-0.9889206512530837,1.6350604239709066,-2.495768948776799,-0.00020853336831457226,1.0,0.22304261405881046,1,0.8867860843037138,5.074650005137596,5.155658936931677,1.3986997155543053,0.019084207533152923,0.99999980411294,0.00739346986219628,0
14.38,-0.0037536188054252927,0.004731690644676024,-2.1665551297456176e-12,-0.3532436014705659,-0.2695269432280853,0.4445548583273717,-2.5038878207961917,0.00038290991296014245,0.9999999255865452,16.413276337361157,1,-0.42752951332482647,0.5803493107097365,0.7270736417723654,2.2061143597564206,0.0001477158032639588,1.0,2.648661041673893,1,-0.6654784925480112,0.7546199444599467,1.0123888805794476,2.2932494927201668,-0.00034623255100292566,1.0000001156045906,1.0013054736338922,1,-1.2379840672409392,-1.0590774194095491,1.6290337151675178,-2.4377619404975572,-0.00024110824018654063,1.0,0.2238356101122753,1,0.8324701289722969,5.086570815316753,5.158403666191998,1.4094801088978173,0.019062588383313494,1.0000000655119665,0.007381902271266536,0
14.4,-0.003753618805441835,0.004731690644683914,-2.177580164797188e-12,-0.20065188998861644,-0.36373771988420184,0.4131166295787162,-2.0890545404319023,0.0003792339281093154,1.000000030914003,15.98843344261754,1,-0.5367273018377693,0.4824194809440233,0.7278938476886659,2.4081223926995916,0.00034755437927100314,1.0,2.6428488123063048,1,-0.7543510830415903,0.6681980376427306,1.0139557614227817,2.415698653040545,-0.0006933093288067206,1.0000000929356525,0.9968069722890753,1,-1.1695546144399753,-1.1253833309676797,1.6225791875787448,-2.3793084530508266,-0.00027519660362710177,1.0,0.22483996647043022,1,0.7780588520880818,5.097905875661271,5.161153153205743,1.42024900714327,0.019030059785509878,1.0000001288757463,0.007370326106286807,0
14.42,-0.0037536188052533534,0.0047316906446919545,-2.1880275369312585e-12,-0.004270518310055683,-0.37743207033931614,0.3726450107924276,-1.5931136324068889,0.0003763609290008653,1.0000001834248744,16.054165866295143,1,-0.6238610392438718,0.36460248854958627,0.7285488852505434,2.609719850221381,0.00045781036162043575,1.0,2.636801269325901,1,-0.8317503145084153,0.5715919911844886,1.0153196405862415,2.5377937557736665,-0.0009903628053707545,0.9999998000145434,0.9923468662702256,1,-1.0967884408714605,-1.1875472500997832,1.6157156070769312,-2.32037286297227,-0.00030959590794758194,1.0,0.22605709021414377,1,0.723558661751859,5.108654818799506,5.163907092146546,1.431006407985555,0.018990439432195232,0.9999998026622836,0.0073587429449040315,0
14.440000000000001,-0.003753618804735229,0.004731690644699712,-2.195016737815969e-12,0.19114564082662028,-0.2796227926517683,0.33236375089595827,-0.9730499700818088,0.00037564987915568416,1.0000002943751358,16.859934339068083,1,-0.6854404132317463,0.23174657979663532,0.7290123911850463,2.8110066506373217,0.0005105212282646933,1.0,2.6307619720519066,1,-0.8965549241506336,0.4662983470093579,1.0164607488941944,2.6595875412529892,-0.0012305466107822383,1.0000000886412388,0.9879897660485529,1,-1.0199023154173916,-1.2452835464740373,1.6084634667151843,-2.260919780967971,-0.00034268054687868675,1.0,0.2274883653998527,1,0.6689759561901384,5.118817348325624,5.16666517848104,1.4417523117454363,0.018949566254366456,1.0000000729803287,0.007347154355984842,0
14.46,-0.003753618804261137,0.00473169064470349,-2.196830391210103e-12,0.30566378026505703,-0.07135422305135912,0.30875081681288274,-0.21694192142385135,0.00037671681075833143,1.0000002992043235,18.475276734976696,1,-0.7190094082693426,0.08927737967607145,0.7292656754686424,3.0120945809296167,0.0005559755198763514,1.0,2.624973160932422,1,-0.9478329694298633,0.3539276075931096,1.0173627493272197,2.7811364720153544,-0.0014229381231901522,1.0000001195037038,0.9837986377300646,1,-0.9391318608077531,-1.298313087632313,1.6008450420793363,-2.200914150742621,-0.00037327982295716727,1.0,0.22913510404472526,1,0.6143171229693102,5.128393238390529,5.169427103568536,1.4524867215996995,0.018912535644186827,1.000000122687059,0.007335561894736896,0
14.48,-0.0037536188043778146,0.0047316906447000115,-2.196959628109063e-12,0.26872491643230906,0.16861723054545344,0.3163577813054851,0.5805702734366344,0.00037782840584997686,1.000000195102398,20.187570556741765,1,-0.7232321711889453,-0.057013266673335374,0.7292984573333002,-3.0700822600812154,0.0006067571494349378,1.0,2.6196667080897225,1,-0.9848513278200779,0.2361817740226861,1.018012852794948,2.902499954773578,-0.0015861088801275558,0.9999998028554294,0.9798339439548872,1,-0.8547320877502117,-1.3463643640728855,1.592884442926135,-2.1403213634681872,-0.00040281946904469523,1.0,0.2309984853228672,1,0.5595885382211795,5.137382333286486,5.172192547777327,1.4632096420694825,0.01887436167063176,0.9999998015242929,0.00732396709991621,0
14.5,-0.0037536188046160914,0.004731690644692224,-2.1992312485008547e-12,0.10535755974060758,0.33020199195613975,0.3500336897155471,1.277783891661525,0.00037762936512988774,1.0000000426448687,21.00869645334957,1,-0.6979390805733592,-0.20118855266891403,0.7291092680300473,-2.86903076042428,0.0006428557013542721,1.0,2.615055043623019,1,-1.0070829400254322,0.11483154604783721,1.0184019054426698,3.0237395815644184,-0.0017398282664426352,1.0000000594938043,0.9761523866285502,1,-0.7669778981591343,-1.3891747568594224,1.5846076486125855,-2.0791073959168007,-0.00043328920037894977,1.0,0.23307948375076604,1,0.5047965658794077,5.145784547025721,5.174961188961856,1.4739210765372042,0.018825351779963414,1.00000008033306,0.007312371488369758,0
14.520000000000001,-0.0037536188045680305,0.004731690644683801,-2.202417935526224e-12,-0.09828348933156421,0.37343997894376746,0.39202115173006313,1.8355755220983996,0.00037514826701456736,0.9999999305447201,20.854070760495095,1,-0.6441325361442527,-0.33739186915712027,0.7287055161726695,-2.667815258346865,0.000654755568036074,1.0,2.611323206799962,1,-1.0142118972766525,-0.008306681141300098,1.0185244725353109,-3.1382669299310275,-0.0018912421293308453,1.0000001431272345,0.972806021126918,1,-0.6761645386897801,-1.426491956670803,1.57604254211219,-2.0172389839907896,-0.00046362451968838704,1.0,0.23537878567365025,1,0.44994755692765104,5.153599862914626,5.177732717483006,1.484621028653486,0.018767145033817764,1.0000001163039844,0.007300776548581514,0
14.540000000000001,-0.003753618804454334,0.0047316906446750635,-2.2046904232797537e-12,-0.2779501277492689,0.3181935621467844,0.42907399722249595,2.2888897134499806,0.00037158817187071016,0.9999999240315199,20.123289363367597,1,-0.5639524306150577,-0.46006979807044757,0.7281032276273383,-2.466320867394313,0.0006460820243957918,1.0,2.6086221800306735,1,-1.0061364468140965,-0.13139393543806357,1.0183788968459953,-3.017085249658146,-0.002039564126402341,0.9999998105538763,0.9698417457008682,1,-0.5826079828911993,-1.4580755419823204,1.567218953205296,-1.9546838205433523,-0.0004918368478519617,1.0,0.2378966916217242,1,0.395047848660949,5.160828333122678,5.180506832592221,1.4953095048105098,0.018706504098411427,0.9999998007007711,0.007289183742593659,0
14.56,-0.003753618804429492,0.004731690644665728,-2.206170142404762e-12,-0.4026125170911866,0.19796803368514712,0.45479279367219383,2.6791498169399888,0.0003688656083632791,1.0000000268952118,19.14817628483519,1,-0.4606016796776906,-0.5641867984774482,0.7273264700491312,-2.2644431692460443,0.0006261300133037084,1.0,2.6070633847881193,1,-0.9829699631730919,-0.25259184003209134,1.017967314957487,-2.8958370228817767,-0.0021833781073520866,1.000000028880468,0.9673009650756333,1,-0.4866452173449233,-1.4836987223558231,1.5581686907604562,-1.8914107746057536,-0.0005166313887922411,1.0,0.24063300208516683,1,0.3401037639594385,5.167470078243259,5.183283234515152,1.5059865142633935,0.01864852646421331,1.00000008755851,0.00727759451130118,0
14.58,-0.0037536188044478233,0.004731690644656775,-2.207736597703569e-12,-0.4595939276512154,0.04334208821668808,0.46656184401495565,3.037929816550241,0.0003671349346396655,1.0000001792807975,18.129933196130615,1,-0.3382327281687178,-0.6454251722309786,0.7264064811416497,-2.062092325690799,0.0006083112103248424,1.0,2.6067143267138597,1,-0.9450399006279246,-0.3700857880547396,1.0172956360802445,-2.7744593925477745,-0.0023215445376911356,1.0000001632241702,0.9652193137463269,1,-0.3886344041144881,-1.5031502503915553,1.5489255584201786,-1.8273901399433192,-0.0005373467889965821,1.0,0.24358688493406802,1,0.28512161057303465,5.173525286846814,5.1860616217795235,1.5166520685472136,0.018596474493823487,1.0000001097366358,0.007266010276468114,0
14.600000000000001,-0.0037536188044265026,0.004731690644649933,-2.2094314225395983e-12,-0.44480016855059284,-0.11887272994829277,0.4635351272965369,-2.893259711514998,0.00036518853278127284,1.000000292517156,17.195442697675592,1,-0.20179675391173937,-0.7003635134562618,0.7253805185540189,-1.8591967881658666,0.0006080340996866788,1.0,2.6075954889328767,1,-0.8928847068916916,-0.48210806654525823,1.016373485207645,-2.6528910608181593,-0.0024524976258302024,0.9999998229201974,0.9636263954162032,1,-0.2889548888380729,-1.5162365026360187,1.5395253552375663,-1.76259391570222,-0.0005536801050443632,1.0,0.2467567246398095,1,0.23010768041705473,5.1789942150280694,5.188841690983563,1.5273061810984512,0.018552612877822526,0.999999800193023,0.007254432440909563,0
14.620000000000001,-0.0037536188042618045,0.004731690644646409,-2.210197302954242e-12,-0.3592097114236346,-0.2628296630930679,0.4459125186280427,-2.524913508055515,0.00036222339059740013,1.000000300713574,16.446629426603803,1,-0.05685844514226219,-0.7266264900191222,0.7242904537855893,-1.6557064602563376,0.0006393515372189831,1.0,2.6096786401813405,1,-0.8272486437264559,-0.5869608629218632,1.015214109738614,-2.531073045393815,-0.0025741448375550245,0.9999999975555296,0.9625455238444167,1,-0.1880070210029383,-1.5227837253755159,1.5300058594904153,-1.6969961196641385,-0.0005654007036955718,1.0,0.25013995933106214,1,0.17506824887912062,5.183877185947348,5.191623137081753,1.5379488670694612,0.01851873746212771,1.0000000946452312,0.007242862388969471,0
14.64,-0.0037536188039723624,0.004731690644645993,-2.208782635959583e-12,-0.20971607352362848,-0.3604479240772393,0.4151131403971455,-2.113356008924349,0.00035825048818052173,1.0000001991006664,16.00097502089996,1,0.09061923620125333,-0.7229986578857641,0.7231811435355876,-1.4515951570644563,0.0007119202903045175,1.0,2.6128867594420413,1,-0.7490744297774703,-0.6830390611570673,1.0138342481184983,-2.40894943773126,-0.002683054659930283,1.000000179299331,0.9619934813923763,1,-0.08621175021825904,-1.5226404355805494,1.520406791523958,-1.6305731342226657,-0.00057203082852413,1.0,0.25373291622560895,1,0.1200095741374907,5.188174589365963,5.194405653747373,1.548580143265636,0.018496613878953138,1.0000001029954189,0.007231301487691391,0
14.66,-0.003753618803776727,0.004731690644647149,-2.204957570695054e-12,-0.014870587660112664,-0.37940206326164166,0.3749590222579836,-1.6229367911127175,0.00035350462514652616,1.0000000468056163,16.033942083996884,1,0.234514021484203,-0.689495272983736,0.7220986261157937,-1.2468622025339025,0.0008292683480891998,1.0,2.617095774764023,1,-0.659493596556444,-0.7688526975299188,1.01225395732409,-2.2864681617616207,-0.0027737580788854835,0.9999998396496917,0.9619803185201209,1,0.015990040426639537,-1.515679960811229,1.5107697505665105,-1.5633040840530492,-0.0005725945509949927,1.0,0.25753064640046835,1,0.06493789649081215,5.191886881176025,5.197188933613044,1.5592000282230787,0.0184886497693095,0.999999800001853,0.007219751088446807,0
14.680000000000001,-0.0037536188038213227,0.004731690644648555,-2.2002989708003184e-12,0.18236890099472403,-0.28815298445554743,0.3343035430107875,-1.0105545144183679,0.0003511157313865436,0.9999999324468639,16.79349296426363,1,0.3687986800840722,-0.6273839314055882,0.7210882074917934,-1.0415330168195631,0.0009868106139442716,1.0,2.6221382059862033,1,-0.5598144343675859,-0.8430489002703058,1.0104963968009695,-2.1635817272879123,-0.0028394507058013816,0.9999999662908224,0.962509147293867,1,0.11813850472888542,-1.5018030953659747,1.5011381217399693,-1.4951712428290027,-0.0005655194564755358,1.0,0.26152674530676207,1,0.009859437699216246,5.195014582924301,5.19997266748729,1.5698085424987251,0.01849869616323817,1.0000001015819948,0.007208212528993836,0
14.700000000000001,-0.0037536188039364233,0.0047316906446508685,-2.1967046237580945e-12,0.30363424847150233,-0.08464853793163442,0.30930160091483655,-0.260585725293807,0.00035246018720297515,0.999999922568228,18.37422476687709,1,0.48780034857489313,-0.5391524805970557,0.720192522073707,-0.8356585819858919,0.0011758874149493692,1.0,2.6278088078343522,1,-0.4515074059960214,-0.9044330832642264,1.0085875702631752,-2.040247968927016,-0.002875301273366504,1.0000001909566312,0.9635759211226,1,0.21975614822224884,-1.4809408426164439,1.491556952545424,-1.4261604643466235,-0.0005493639194358415,1.0,0.26571315279616853,1,-0.04521959966329306,5.197558281329973,5.202756539867353,1.580405708917517,0.01852990052896712,1.0000000960910143,0.007196687136482861,0
14.72,-0.0037536188039481127,0.004731690644654846,-2.1937052868681306e-12,0.2753198369717287,0.15672298580660723,0.3151314997833539,0.5387523197199371,0.00035402881032568025,1.000000022917954,20.111537554099534,1,0.5864527296431389,-0.42842103490125666,0.7194496513186112,-0.6293137288219957,0.0013802969002242073,1.0,2.6338727065039853,1,-0.33618792055692537,-0.9519891021126652,1.00655602228457,-1.9164307575454715,-0.0028879633635932457,0.9999998603301515,0.9651692515248309,1,0.3203495266051976,-1.4530572044361145,1.4820727967860856,-1.356261628379959,-0.0005255273867224118,1.0,0.2700799392738039,1,-0.10029303284550428,5.199518627796346,5.205540221471191,1.5909915512562556,0.01857526191903745,0.9999998001275641,0.007185176231167096,0
14.74,-0.003753618804158578,0.004731690644658501,-2.19135126711123e-12,0.11669014493117448,0.32440741584736343,0.3478300568288014,1.2435320945847108,0.00035686002296545644,1.0000001751038867,20.99195510624278,1,0.660528003872845,-0.29979902668438685,0.7188913815172682,-0.42259421231602945,0.0015686538907998782,1.0,2.6400750314244497,1,-0.2155963907319191,-0.984898017504026,1.0044324774648958,-1.7921006771358918,-0.002889874292504507,0.999999935856696,0.967270279412622,1,0.41941136364843107,-1.4181519687327144,1.4727335099099108,-1.2854690929867985,-0.000497589444168312,1.0,0.27461508989363637,1,-0.15535469954567838,5.200896337916719,5.208323375529751,1.6015660914205077,0.018620809239624947,1.0000001083578105,0.0071736811262427536,0
14.760000000000002,-0.003753618804627242,0.004731690644661209,-2.192398172728982e-12,-0.0867662228390141,0.3738755804123438,0.3897779491612695,1.8082771999889702,0.00035864627211958615,1.0000002905710803,20.88087372115983,1,0.7068352074410621,-0.15869183448302746,0.7185417127608122,-0.21561267201069853,0.0017310888766707553,1.0,2.646151868971348,1,-0.09157554793295891,-1.0025550500262672,1.0022494304778127,-1.6672356670959958,-0.002881508323852087,1.0000001979088402,0.9698526111871166,1,0.516423119186681,-1.376263435345657,1.4635879920862613,-1.2137821593521674,-0.0004665285668118977,1.0,0.279304303758165,1,-0.2103984585283836,5.201692190976773,5.2111056748106215,1.6121293501347647,0.018662960495672766,1.0000000890343614,0.007162203122937484,0
14.780000000000001,-0.0037536188050850804,0.004731690644665021,-2.1980724532189022e-12,-0.2687726793339297,0.32314181266995584,0.4273115834805849,2.266136557387516,0.0003579263790851658,1.0000003021307289,20.171572372380904,1,0.7233728893717848,-0.01106522706211564,0.7184157192706303,-0.008493676460175448,0.001878020529247527,1.0,2.6518423753507987,1,0.03395493801612321,-1.004584256783315,1.0000407022075433,-1.541821598016002,-0.002858404316037068,0.9999998844520189,0.9728823342700703,1,0.6108580304747829,-1.3274710097551843,1.4546858998455288,-1.1412055363077573,-0.000431712150399188,1.0,0.2841308167558993,1,-0.26541819023001473,5.201907029454307,5.213886801458557,1.6226813494856862,0.018704094070250556,0.999999800569957,0.007150743510360373,0
14.8,-0.003753618805328901,0.0047316906446714276,-2.2070175548227766e-12,-0.39686846539705783,0.20563250425434507,0.45373693469286325,2.658933171241718,0.0003563235562271003,1.0000002030564283,19.203656439936466,1,0.7094261625301823,0.13682075760732654,0.7185188316452759,0.19863191286105955,0.0020253392251337802,1.0,2.656901126204966,1,0.15902639600883636,-0.990850419235702,0.9978409518003275,-1.4158527504743799,-0.002819047613674518,0.9999999070030345,0.9763181319318341,1,0.7021846400716439,-1.271897584529876,1.4460773186306375,-1.0677497791308028,-0.00039286183303677584,1.0,0.289075252905696,1,-0.32040779735298847,5.201541758513967,5.2166664399818075,1.6332221133131422,0.018745255909748175,1.0000001149619422,0.007139303568932157,0
14.82,-0.0037536188053714204,0.004731690644680023,-2.2172741073744895e-12,-0.45769737095488333,0.052172088559076846,0.4662983762866033,3.0187551716658065,0.00035524844866089404,1.0000000509981808,18.184087297432505,1,0.665601637123278,0.27869427393011276,0.7188465817917421,0.405632944975158,0.0021891529084439813,1.0,2.6611099134320413,1,0.2816513987615288,-0.9614676096139503,0.9956851443683503,-1.2893321820840018,-0.0027647666414134468,1.0000001999846584,0.9801115224313364,1,0.7898708101347853,-1.2097116202937732,1.437812386225216,-0.9934316901749821,-0.00035021790105946277,1.0,0.29411551226637594,1,-0.375361205449996,5.200597345497213,5.219444274912759,1.6437516667152388,0.018785769910388862,1.0000000818366412,0.007127884570336936,0
14.84,-0.003753618805383006,0.0047316906446892544,-2.227716275338132e-12,-0.4468322795269031,-0.11028424107225261,0.46408126691076806,-2.9126497997158336,0.00035455993425835645,0.9999999344366342,17.242382726599164,1,0.5937978471628864,0.40855480559189283,0.7193848261919817,0.6123839949337568,0.002381395150330167,1.0,2.664288227581941,1,0.39985594268435287,-0.9168039064820594,0.9936079840814239,-1.1622719624885203,-0.0026985333002494363,0.999999911420941,0.9842072463232996,1,0.8733882068410567,-1.1411288317605368,1.4299408698917861,-0.9182746677564961,-0.00030434618859930706,1.0,0.299226704665373,1,-0.4302723634988107,5.1990748194096135,5.222219991172043,1.6542700357128934,0.01882419750634452,0.9999998013283308,0.007116487773925054,0
14.860000000000001,-0.0037536188054338214,0.0047316906446978205,-2.238343191351966e-12,-0.3649902097403088,-0.2559210024783778,0.447231535517868,-2.5458270712442106,0.000353399870725349,0.9999999211973836,16.480763023449498,1,0.49711318444906916,0.5209412512046999,0.7201104317410305,0.8187710390222567,0.002604644734184815,1.0,2.6663017418728217,1,0.5117130564938008,-0.8574817639903644,0.9916433228071792,-1.0346932535235163,-0.0026240703911609444,0.9999998804407801,0.9885438220388013,1,0.9522172199226828,-1.0664133811037813,1.4225117025421237,-0.8423089857820211,-0.00025603723230123936,1.0,0.30438113764045704,1,-0.4851352444672907,5.196975270406352,5.2249932750757955,1.66477724713064,0.018859029850149353,1.0000001213839262,0.007105114421919816,0
14.88,-0.0037536188054563342,0.00473169064470564,-2.249466238279929e-12,-0.21864816355517783,-0.3568530320767038,0.4170823917340929,-2.1374431322780842,0.0003513838025537391,1.0000000189841707,16.01479997087787,1,0.3796975207923353,0.6111705586002024,0.7209923772898785,1.0246964727181636,0.0028488174377287435,1.0,2.6670682752056822,1,0.6153771991486482,-0.7843736084467924,0.9898235554697654,-0.9066262140682304,-0.002544900745843764,1.0000001971329384,0.9930542848021411,1,1.025852261502931,-0.9858784815943514,1.4155724842232247,-0.7655719858020337,-0.00020625625732532005,1.0,0.3095483660973147,1,-0.5399438458680599,5.194299849276588,5.227763815419711,1.6752733286298487,0.0188892595086875,1.0000000745092577,0.007093765734797836,0
14.9,-0.0037536188052989805,0.004731690644713531,-2.26016341059454e-12,-0.025462250898138458,-0.3809708599302054,0.37727125278955603,-1.6524162311199837,0.00034920243809512496,1.0000001708961803,16.015753952135324,1,0.24655715268018386,0.6755350205637024,0.7219931991036317,1.2300832175058691,0.00309287535032613,1.0,2.6665609288961987,1,0.7091186836010552,-0.6985923422485052,0.9881790152312405,-0.7781097133732935,-0.0024635685490472094,0.9999999405724149,0.9976671173368863,1,1.0938073662508443,-0.8998863198765308,1.4091689569402077,-0.6881081640867842,-0.00015602328362383173,1.0,0.31469531330340245,1,-0.5946921903023441,5.191049766927218,5.23053130442515,1.6857583089071773,0.018915158881582204,0.9999998024014839,0.007082442907769613,0
14.92,-0.003753618804801934,0.004731690644721349,-2.2676895083950654e-12,0.17336211717869124,-0.2962639615900164,0.3362900229366289,-1.0476492556021504,0.00034837320636442215,1.0000002885378585,16.729548630080995,1,0.10332510079101,0.711449677406108,0.7230706919545237,1.4348777434933402,0.003312636261252732,1.0,2.664808330138487,1,0.7913572589675439,-0.6014765778465148,0.9867373835154923,-0.6491908426787819,-0.0023805289864350706,0.9999998568244158,1.0023073708242198,1,1.155621992314155,-0.8088472160410387,1.403344462727962,-0.6099691387173015,-0.00010612876349881404,1.0,0.31978648123285075,1,-0.6493743259922776,5.187226293865429,5.233295437740171,1.6962322181440599,0.01893927194918482,1.0000001276135877,0.00707114710962962,0
14.940000000000001,-0.0037536188042838637,0.004731690644725707,-2.2699923538094247e-12,0.3011290421183226,-0.09775460446047819,0.30994851532751766,-0.3040890366406329,0.0003498594543924432,1.000000303455096,18.27365969646716,1,-0.04399001845475651,0.7175449710257229,0.7241797695423023,1.6390519198521951,0.003487145517843315,1.0,2.66189214011261,1,0.8606939114938438,-0.4945705994594174,0.9855231332810594,-0.519924222656118,-0.002295227643064574,1.0000001894239456,1.006897952592837,1,1.210866900871945,-0.7132179569331848,1.3981393976352166,-0.531213485174795,-5.713235890030498e-05,1.0,0.3247842791341317,1,-0.7039843273010161,5.182830759679164,5.2360559107578855,1.7066950885520442,0.018964876105315977,1.0000000670638207,0.007059879485673159,0
14.96,-0.003753618804345595,0.004731690644722894,-2.2700070989589705e-12,0.28151158490295985,0.14465118195062646,0.3139856874945486,0.496601139550228,0.0003521016732181,1.000000206967753,20.032602579527456,1,-0.18926332628425785,0.693703411144731,0.7252743895776712,1.842603679607799,0.0035887505937792575,1.0,2.6579421681572795,1,0.9159399136877764,-0.37959925075215206,0.9845570287741058,-0.39037111065532387,-0.0022138980408244937,0.9999999711881604,1.0113610757159621,1,1.2591499731470501,-0.6134992596711966,1.3935906779971168,-0.451906429355533,-1.0835879731502756e-05,1.0,0.32964950031910145,1,-0.758516295240525,5.1778645525142295,5.238812410412208,1.717146953567738,0.018986658125646774,0.999999803787716,0.007048641165304934,0
14.98,-0.003753618804593794,0.004731690644715331,-2.271976877465942e-12,0.12790088981808065,0.31831405104152904,0.3456491044278038,1.2088412171849645,0.00035591028527893223,1.000000055220516,20.972215067675236,1,-0.3265089756396234,0.6410421779616284,0.7263094645612966,2.0455565535769185,0.0035912555146083804,1.0,2.653129552157935,1,0.956142166408583,-0.25843815772296036,0.9838556918758711,-0.26059831357970276,-0.002148646116370028,0.9999998367358388,1.015619891375147,1,1.3001218094292308,-0.510232348205364,1.389731224535391,-0.3721193838296247,2.9759520448970634e-05,1.0,0.3343419436368949,1,-0.8129643579680689,5.172329118546265,5.241564618325101,1.72758784508502,0.018991490553992976,1.000000133641056,0.0070374332694861765,0
15.0,-0.0037536188045650554,0.004731690644706954,-2.2750698894236088e-12,-0.07517436782881563,0.3740814315143415,0.38751775574290076,1.7806643926406505,0.0003626010721108883,0.9999999365130597,20.906035627028956,1,-0.4501208298537503,0.5618460569354947,0.7272426834204847,2.2479581985817494,0.0035058386959322266,1.0,2.6476585166053326,1,0.9806039541549563,-0.13307990550409474,0.9834312343717754,-0.13067693505621936,-0.0021023507233943178,1.0000001770476261,1.0196001305768243,1,1.33348094872964,-0.4039946563305548,1.3865894599502813,-0.29192933237400437,6.388182536468614e-05,1.0,0.3388211083318781,1,-0.8673226712729296,5.166225961448897,5.244312228026259,1.7380177936376018,0.01897631983347723,1.0000000595121268,0.007026256912848435,0
15.020000000000001,-0.003753618804450768,0.00473169064469829,-2.277305947984143e-12,-0.25942940444797197,0.32796437443928256,0.4255144921866328,2.243198632834456,0.000371281512603015,0.9999999199196554,20.219237109204645,1,-0.5550899784458668,0.4594567847823023,0.728036163995263,2.4498780557128432,0.0033666725918956248,1.0,2.6417572228110986,1,0.9889003619519905,-0.00559698694774677,0.9832909856463825,-0.0006810058817241989,-0.0020702977453885664,1.0000000025138183,1.0232317448549983,1,1.3589785491101842,-0.29539470633716153,1.3841888527187531,-0.21141807987350297,9.263647083424891e-05,1.0,0.3430469062131821,1,-0.9215854190532582,5.159556641859545,5.247054947052626,1.7484368310942369,0.018945548944581458,0.9999998054848309,0.007015113206455332,0
15.040000000000001,-0.0037536188044124414,0.00473169064468903,-2.2786763795301646e-12,-0.39092203222700767,0.2132642271002168,0.4526401923610751,2.6386259237738208,0.0003801437381637112,1.0000000150957817,19.259115701582257,1,-0.6371926284632492,0.33812581571384415,0.7286578884570967,2.6514042758366356,0.0032071424652111583,1.0,2.6356680963451016,1,0.9808877739407718,0.12189749842566412,0.9834373343091211,0.12931397312302773,-0.0020466941995561133,0.9999998206700235,1.0264505190781243,1,1.3764223760078205,-0.1850662483299716,1.3825475362168465,-0.1306713699225069,0.00011729845803876397,1.0,0.3469803763594227,1,-0.9757468137830548,5.152322776841544,5.249792489626789,1.7588449914496451,0.018903143196221186,1.0000001394567812,0.0070040032620700046,0
15.06,-0.0037536188044319987,0.00473169064468003,-2.2800806381839678e-12,-0.45558745415170393,0.06105070625182944,0.4659932380414358,2.9995601612435188,0.00038744255427223374,1.0000001666597316,18.238583331755226,1,-0.6931438164766556,0.20283782877986148,0.7290828938737571,2.8526400685429336,0.003052291095160763,1.0,2.629637918821293,1,0.9567070895878643,0.24729030079458553,0.983867680888322,0.2592325371646595,-0.002025430381146373,1.0000001603089272,1.0291995691389346,1,1.3856799616078825,-0.07366177877018398,1.3816780091512495,-0.04977788618287976,0.00013893418765780898,1.0,0.35058440474920394,1,-1.0298010969706615,5.144526039343063,5.252524573088942,1.7692423105058865,0.018851683281898342,1.000000051866141,0.006992928191785326,0
15.08,-0.003753618804426242,0.004731690644672981,-2.2816705122497005e-12,-0.4486556204188527,-0.10156882361713557,0.4645880138935818,-2.9319983660478504,0.00039389967865623355,1.0000002864184825,17.289935340384204,1,-0.7207139574152851,0.05911217586310802,0.7292941860604797,3.0536996129523444,0.002910955091204911,1.0,2.623908590450988,1,0.9167805343140861,0.3685084758613447,0.984574500714629,0.3890007625530695,-0.002000318684146727,1.0000000337775372,1.0314306647867313,1,1.3866808222306728,0.0381544139911479,1.3815869254595985,0.031171833144337455,0.0001584765902372889,1.0,0.3538244478072944,1,-1.083742539609564,5.136168157655254,5.255250917194605,1.7796288255920127,0.01879311245199678,0.9999998074901394,0.00698188910279573,0
15.100000000000001,-0.0037536188042727107,0.0047316906446691984,-2.2824788933895057e-12,-0.3705842324109056,-0.24880126166566507,0.4485164830566026,-2.566630644961909,0.00039955597621067827,1.000000304686029,16.515801322599756,1,-0.7188064343193639,-0.08721089237124816,0.7292833398356136,-3.028481631926463,0.0027778770250546448,1.0,2.618708808649394,1,0.8618021900065452,0.4835586846294133,0.9855455152679381,0.5185477224964057,-0.0019652211217242297,0.9999998090228247,1.0331053265926717,1,1.379417651954398,0.1497135066932025,1.3822749816732982,0.11208653542884749,0.00017683044408963323,1.0,0.356669240323765,1,-1.137565442621046,5.127250914870938,5.2579712442177575,1.7900045754531093,0.018729285448317808,1.0000001450515488,0.006970887090666891,0
15.120000000000001,-0.003753618803991997,0.004731690644668634,-2.2812238209546365e-12,-0.2274489217752773,-0.3529511313553008,0.419028615584943,-2.1613298405004606,0.0004034189396330689,1.000000210832732,16.02996793849957,1,-0.6874952826728513,-0.2301927791405271,0.7290507835201473,-2.8274102257423728,0.0026444894525698703,1.0,2.6142458917658704,1,0.7927226104134235,0.59056424331623,0.9867639658179718,0.6478068493660375,-0.0019139132393014115,1.000000139620284,1.034195654741345,1,1.3639464475888663,0.2603495152970519,1.3837369057379871,0.19287541446643014,0.00019497120790382385,1.0,0.3590914558853725,1,-1.1912641372880293,5.117776148344678,5.260685279239976,1.800369600259081,0.018662397100707283,1.0000000441379777,0.00695992323343474,0
15.14,-0.0037536188037876235,0.004731690644669803,-2.2775418703768757e-12,-0.03604605765914009,-0.38213536956433497,0.37958420137568694,-1.6815787025499644,0.0004056096570545081,1.0000000594705614,15.999588819806961,1,-0.6280225875510637,-0.36402171138025685,0.7286057797059294,-2.6261511562802995,0.002506457746848307,1.0,2.610698318860653,1,0.710728100566268,0.6877989470296473,0.9882089790424803,0.7767171648356265,-0.0018405269869341075,1.0000000642089921,1.0346848604947951,1,1.3403855600670735,0.3694065950429743,1.3859615470835174,0.27344925754587596,0.00021406511488276508,1.0,0.3610682865031602,1,-1.2448329856796685,5.107745749154552,5.263392750450525,1.8107239417478518,0.01859562410536252,0.9999998098004643,0.0069489985872922,0
15.16,-0.003753618803805868,0.004731690644671277,-2.2728399023952406e-12,0.16412767043158683,-0.3039473476572241,0.3383226802637711,-1.084364067918336,0.0004071628617077448,0.9999999386751274,16.66808505636771,1,-0.5427556282336613,-0.4832344701476493,0.72796610196108,-2.4245911183127182,0.002368530559488335,1.0,2.6082093697521875,1,0.6172154140183891,0.7737168537330682,0.9898560106423282,0.9052243466240065,-0.0017396135077720673,0.9999998020812246,1.034567486988123,1,1.3089137075570783,0.47624607894413656,1.3889320636166438,0.3537215448101468,0.00023557247375544256,1.0,0.3625819131429705,1,-1.2982663810662844,5.097161661565056,5.266093388801593,1.8210676436065876,0.018534089031993415,1.0000001504164944,0.006938114183940583,0
15.180000000000001,-0.0037536188039312924,0.004731690644673527,-2.269129328880126e-12,0.29814381085988306,-0.11065197647320818,0.31068973791753435,-0.3474648769922915,0.0004083671013366259,0.9999999187356673,18.173722607866925,1,-0.435104238982007,-0.5829285089772875,0.7271574099907381,-2.2226281571147553,0.0022419800220224687,1.0,2.6068818401394602,1,0.513762747124675,0.8469774095011996,0.9916773498823989,1.0332816079573504,-0.0016085398552141388,1.0000001154914555,1.0338493228207093,1,1.2697670234291099,0.5802530803540228,1.392626198132859,0.43360946840685616,0.00026081590420380446,1.0,0.3636198462766196,1,-1.3515587483244442,5.086025882490923,5.268786924360672,1.8314007520382933,0.018483779796653364,1.0000000363398818,0.0069272710299191995,0
15.200000000000001,-0.00375361880395345,0.004731690644677461,-2.266151676033612e-12,0.28727838328390337,0.13241860925817536,0.3129196101963394,0.45410549382533016,0.0004096663574234486,1.0000000112546845,19.950905544461904,1,-0.30939944452469803,-0.6589579833995476,0.7262123306025176,-2.020175706800809,0.0021259728381348274,1.0,2.606773889567973,1,0.40209798123566115,0.9064655068410631,0.9936426699034886,1.1608503719243983,-0.0014572513923316272,1.000000093058365,1.0325470273952213,1,1.2232352453007538,0.6808425067779381,1.3970166389552656,0.5130348425988973,0.00028933243557596256,1.0,0.36417512210252606,1,-1.4047045443320958,5.0743404609614515,5.271473077172669,1.8417233152034032,0.01844256783087485,0.9999998124121452,0.0069164701084013635,0
15.22,-0.0037536188041269285,0.0047316906446812496,-2.2636675520160132e-12,0.1389658042279902,0.31192643969396877,0.34348931282162487,1.1736958141367129,0.0004122360874563132,1.0000001623966082,20.949566004252237,1,-0.17073529747170366,-0.708106822382412,0.7251692529091782,-1.8171661998676465,0.0020097630147643355,1.0,2.6078961674009076,1,0.28406514142012557,0.951306279667071,0.9957196170249533,1.287900740167714,-0.001304837233401625,0.9999998000162615,1.0306874911095658,1,1.169657177999631,0.7774643602642938,1.4020714600096564,0.5919248907811399,0.0003194924701548384,1.0,0.3642463475876935,1,-1.4576982583542057,5.062107497584223,5.274151556985286,1.8520353803504392,0.01839869261642104,1.0000001555431173,0.006905712380530981,0
15.24,-0.0037536188045868245,0.004731690644683967,-2.264355369874238e-12,-0.06352855848462353,0.3740579106911566,0.38523854583497397,1.7527296484030201,0.0004129314622745839,1.000000284213987,20.929696658524854,1,-0.024777075042975414,-0.7282316411725763,0.7240708686772863,-1.6135541157353661,0.001904707271420764,1.0,2.610210406568393,1,0.16159000922811925,0.9808746378767061,0.9978744173926943,1.414411776418386,-0.001160019024607951,1.0000000885169662,1.028306948410443,1,1.109415581539323,0.8696082317885043,1.4077546086715693,0.670212901501624,0.00035170210162324916,1.0,0.36383760774947016,1,-1.510534412419909,5.049329144009567,5.276822079954919,1.8623369932196134,0.018348578264683658,1.0000000284842083,0.006894998782032084,0
15.260000000000002,-0.003753618805067519,0.004731690644687529,-2.2697243390323862e-12,-0.2499392463950878,0.332660447107125,0.42368102864422813,2.2200753793472847,0.000410109515368385,1.0000003058229279,20.26644843729272,1,0.12245939730899509,-0.718367213182811,0.7229625060818269,-1.4093182953510393,0.0018320525036071163,1.0,2.613629679701725,1,0.036645755757407576,0.994799717784854,1.0000724706708424,1.54037160267018,-0.0010266111242523324,1.0000001196148192,1.0254499411716413,1,1.0429316442523733,0.9568069318418614,1.414026417434829,0.7478387296854112,0.0003874186087613625,1.0,0.3629582402755084,1,-1.5632075616905092,5.036007602397567,5.27948437331036,1.8726282005187378,0.018296236790525774,0.9999998153210441,0.006884330221591376,0
15.280000000000001,-0.0037536188053279343,0.0047316906446936025,-2.27856622458944e-12,-0.3847906369524526,0.22086092341220617,0.45150054011314805,2.6182305816706686,0.00040631854091890165,1.0000002146494786,19.31470077349635,1,0.2648506013615097,-0.6787875893065147,0.7218902983378446,-1.204463350667384,0.0018037200487810057,1.0,2.6180205077092884,1,-0.08878064403986696,0.9929645638495901,1.0022789260582468,1.6657773127167748,-0.0009103228893506002,0.999999802878815,1.022168200514432,1,0.9706592035751498,1.0386392346278908,1.4208441436567436,0.8247491394675368,0.00042762792979289386,1.0,0.36162248302038213,1,-1.6157122948167786,5.022145124885645,5.282138168556867,1.8829090508570634,0.018245112540561742,1.0000001604232953,0.006873707585637898,0
15.3,-0.0037536188053842686,0.004731690644701959,-2.288887829271502e-12,-0.45327855552607776,0.06997327826155968,0.4656423818380757,2.9803501424753738,0.00040367163428213596,1.0000000637462425,18.293538009233895,1,0.39642158057367805,-0.6110169599523322,0.7208992503181534,-0.9990200334028847,0.0018201425673638478,1.0,2.623206980922632,1,-0.2127205793719877,0.9755014667621028,1.0044592371229926,1.790634733950735,-0.0008168537551861235,1.0000000593614562,1.0185194008825833,1,0.8930788710045899,1.1147317448257146,1.4281625240014957,0.9008980006735702,0.00047276822614121734,1.0,0.359849023924306,1,-1.6680432342858897,5.00774401305515,5.284783197503421,1.8931795944009213,0.018196722644991517,1.0000000205834043,0.006863131744345698,0
15.32,-0.0037536188053999323,0.004731690644711096,-2.299449693154987e-12,-0.45027891469350056,-0.0927341342296508,0.46504779585976475,-2.9512932914520107,0.00040238327654768295,0.9999999409217818,17.33821029319163,1,0.5116048120122577,-0.5177861235098361,0.7200312875795679,-0.7930444561832873,0.0018730707271544182,1.0,2.6289769661136084,1,-0.33325404721730195,0.9427834527184503,1.00657968712926,1.9149580614802457,-0.0007501052986022392,1.0000001432240144,1.0145658765663381,1,0.8106922046460004,1.1847599240715974,1.4359343248508576,0.9762463487937063,0.0005229152285776478,1.0,0.3576604760083532,1,-1.7201950367590324,4.992806617397187,5.287419191424821,1.9034398824684053,0.018151348822589407,0.9999998185225519,0.006852603555845075,0
15.34,-0.00375361880544011,0.004731690644719634,-2.3101676821513095e-12,-0.37599133153333647,-0.24148028345939165,0.4497557150080576,-2.587298463512571,0.00040141719405454673,0.9999999176459968,16.551886874939413,1,0.6054893070511744,-0.40293297920872573,0.7193233823067935,-0.5866161100501248,0.0019494042462881592,1.0,2.6350903394008807,1,-0.4485375975442652,0.8954124506721503,1.0086078771223268,2.0387693849800606,-0.0007110876924588319,0.9999998105983531,1.010373359833365,1,0.7240160554133307,1.2484483377356344,1.4441108756335768,1.0507623206029213,0.0005779027392110261,1.0,0.3550827994807473,1,-1.772162393400049,4.977335336777749,5.290045881336382,1.9136899672769354,0.018108633567267718,1.0000001650492958,0.006842123869317581,0
15.360000000000001,-0.0037536188054700837,0.004731690644727372,-2.321362720103526e-12,-0.23610481123991006,-0.3487503750502917,0.42093666013916803,-2.1849671733599507,0.0003998088629579503,1.0000000074627537,16.04670323737467,1,0.6740466701166022,-0.2712486920429306,0.7188058559304259,-0.3798346956297641,0.002035803597350768,1.0,2.641289018263773,1,-0.5568297306268502,0.8342046680930995,1.010513172193468,2.1620981290258467,-0.000697671309078119,1.0000000287433055,1.0060097623911712,1,0.6335771924275817,1.3055702001983864,1.452642575274155,1.124420981032084,0.0006374281435447404,1.0,0.3521446941785097,1,-1.8239400301952948,4.961332617902567,5.292662998681408,1.9239299018154963,0.018068075712091687,1.000000012649988,0.0068316935277763875,0
15.38,-0.0037536188053433756,0.004731690644735131,-2.3322932127256557e-12,-0.04659334353421505,-0.3828927696950637,0.3818811584530637,-1.7103386730751666,0.000397720680926675,1.0000001581088906,15.985823019849306,1,0.7143209777663234,-0.12827482592274042,0.7185009565495902,-0.17281587119356817,0.0021238090784508152,1.0,2.6473083829035833,1,-0.6565136064975875,0.7601736845516159,1.0122671036775865,2.284980426378217,-0.0007046243056984026,1.0000001633042301,1.0015440226193786,1,0.5399072910012135,1.355946308677774,1.4614793639646841,1.1972040589449866,0.0007012185631005549,1.0,0.34887698434512615,1,-1.8755227082650847,4.944800954782005,5.295270276256511,1.9341597398609904,0.018029750370892522,0.9999998220115962,0.006821313370451854,0
15.4,-0.0037536188048673085,0.004731690644742973,-2.340352737995044e-12,0.15470154061427976,-0.3111734077035015,0.34038774822900736,-1.120558718959277,0.0003963334205308467,1.0000002819254477,16.6097497196992,1,0.7245706687460527,0.019939575168994285,0.7184217986295525,0.03431389038748932,0.00221445399921818,1.0,2.6528895051497754,1,-0.7461170183431854,0.6745117319088944,1.0138437263023132,2.407458441881087,-0.0007234247142269369,0.9999998229846695,0.9970450366225964,1,0.4435383442903765,1.3994434620434313,1.470571153943336,1.269099610200617,0.0007692471813389692,1.0,0.34531201533887584,1,-1.926905224166936,4.927742888195746,5.297867448835392,1.944379536257197,0.0179954383369139,1.0000001694137894,0.0068109842343933346,0
15.42,-0.0037536188043150215,0.004731690644747837,-2.3431725310052443e-12,0.2946900303289758,-0.12327826536502906,0.31152335275802573,-0.3905204210577566,0.00039605921245742306,1.000000306865237,18.075342221718635,1,0.704353172339929,0.16710871655466722,0.7185717329348426,0.24142306319938844,0.002317500937320406,1.0,2.6577914747893905,1,-0.824329653540831,0.5785695762351407,1.0152199288084574,2.529579662764169,-0.0007441154087091868,0.9999999974169321,0.9925806846518197,1,0.3449985384392543,1.4359724625761863,1.4798682136662553,1.3401016252760085,0.000841350749530783,1.0,0.3414830788967835,1,-1.9780824101909993,4.910161005157624,5.300454250957253,1.954589347496442,0.017968180638676032,1.000000004696529,0.006800706955411174,0
15.440000000000001,-0.003753618804316986,0.0047316906447457275,-2.3431430407061526e-12,0.2925858157656965,0.12007937952158891,0.31194739489210616,0.4114258281058799,0.0003954749486433934,1.0000002184161307,19.86700474452412,1,0.6545465649037204,0.3069939616648693,0.7189441908731177,0.44838111813097037,0.0024370271859399184,1.0,2.661803021086438,1,-0.8900177176936254,0.4738353558683863,1.0163756939895494,2.6513961655458655,-0.0007640279383182708,1.0000001793606983,0.988216959108918,1,0.24480861171004142,1.465485796076866,1.4893215036478282,1.4102095945477087,0.0009149569178654023,1.0,0.33742388018930736,1,-2.0290491346479733,4.892057938380977,5.303030408533534,1.964789231467458,0.017944101589338297,0.999999825782649,0.006790482369191401,0
15.46,-0.003753618804568442,0.004731690644738428,-2.3448049057961384e-12,0.14983994914918924,0.30526337293787914,0.3413701026116735,1.1381717079032638,0.0003928643344822692,1.0000000680454733,20.92390382594799,1,0.5773067728976883,0.4336851247431318,0.7195230227578253,0.6550645149766379,0.0025650534408628006,1.0,2.6647524667420575,1,-0.9422360293041301,0.3619126672104225,1.0172943118930222,2.77296385909717,-0.0007913551918169044,0.9999998397325706,0.9840171956114202,1,0.14347870125662862,1.4879750800559932,1.4988829759752764,1.4794280462809668,0.0009852464057760455,1.0,0.3331680552465666,1,-2.0798003021499882,4.8734363657438875,5.305595636535164,1.9749792447136103,0.017909071389158517,1.000000173509861,0.006780311310836944,0
15.48,-0.003753618804562306,0.004731690644730079,-2.3477860280896046e-12,-0.05186095662457153,0.3738042125142346,0.38295610905260286,1.724495170415658,0.0003908636507495633,0.9999999432519266,20.951444046944694,1,0.4759632430654516,0.5418635784783582,0.7202832973747534,0.8613622791346801,0.002701518710454012,1.0,2.666515805639899,1,-0.9802377073050283,0.24449812910749727,1.0179625634242944,2.8943417173145978,-0.0008298935833030808,0.9999999661542051,0.9800414004895074,1,0.04150566724976809,1.5034683619465856,1.5085058381295156,1.547766084641684,0.0010500563144380515,1.0,0.32874874280435556,1,-2.130330853885968,4.854299009755938,5.308149655614098,1.9851594412548428,0.017856025838164737,0.9999999967356288,0.00677019460806313,0
15.5,-0.0037536188044475665,0.0047316906447215,-2.349986524818881e-12,-0.2403219671753407,0.3372234009968547,0.42182110991262306,2.196765823544613,0.00039040147806310757,0.999999916651176,20.312724357499675,1,0.35486003658357623,0.6270332053140655,0.7211924822159811,1.0671808408687042,0.002855409101853958,1.0,2.6670223234351456,1,-1.0034815731319826,0.12335860176590313,1.0183708651467518,3.015591022803345,-0.0008776814617601626,1.000000190997794,0.9763456638420419,1,-0.060629126797175185,1.512027339810548,1.5181447599727627,1.6152369352465894,0.001109306888916153,1.0,0.32419821713356994,1,-2.18063576789175,4.834648637029234,5.310692200193945,1.9953298749466228,0.017786541894500716,0.9999998298297352,0.006760133072556057,0
15.520000000000001,-0.003753618804395884,0.004731690644712323,-2.3512511382328682e-12,-0.378486807893544,0.22841500299132833,0.4503231220464315,2.597739069247722,0.0003904841815564329,1.0000000037218402,19.369965215892613,1,0.21915258037398336,0.6857079565715044,0.7222119544436019,1.272447915542338,0.0030239466553841085,1.0,2.666256907204177,1,-1.011637375652736,0.00030818940394716863,1.0185133648137814,3.136774612476695,-0.0009336600718761759,0.999999860429395,0.9729816499446198,1,-0.16246160699391488,1.5137445673903858,1.5277560342934617,1.6818574950089378,0.001162804269330128,1.0,0.3195475850423521,1,-2.230710059313238,4.814488057753487,5.313223013246501,2.005490600778137,0.017702777434788517,1.0000001773310203,0.006750127496094736,0
15.540000000000001,-0.003753618804416935,0.0047316906447032805,-2.3524984044120956e-12,-0.45078009507067707,0.07893228655165416,0.4652486474270462,2.9611163851554765,0.00039082027736542344,1.0000001537986714,18.348574321035684,1,0.07457245970446859,0.7155482155679769,0.7232987553847818,1.4771152630330255,0.0031885164692367495,1.0,2.664259637695542,1,-1.0045889236882266,-0.12281488106528823,1.0183879968503409,-3.0252291875914676,-0.0009989823067975243,0.9999999357254249,0.9699961528821054,1,-0.26354639084309206,1.508740695418969,1.5372977050803385,1.7476478978448684,0.0012101311564081238,1.0,0.31482653760334767,1,-2.2805487806620683,4.793820125174248,5.315741842504804,2.015641674791261,0.017605779390826217,0.999999988779901,0.006740178648836585,0
15.56,-0.0037536188044225913,0.004731690644696036,-2.353972919366676e-12,-0.4517111069977212,-0.08378766896731436,0.4654635277677405,-2.9705438646705975,0.0003910877722842997,1.0000002795539815,17.386886761806462,1,-0.07282644566459767,0.7154418794936191,0.7244074799005228,1.6811602587673038,0.0033216197041102047,1.0,2.6611227386473013,1,-0.9824351805255462,-0.24417143840307812,1.0179965023766073,-2.9039860919727354,-0.0010758456291775308,1.0000001979287843,0.9674306998032224,1,-0.3634578364065215,1.497161791667219,1.5467296658825993,1.812631105052459,0.0012509417052746082,1.0,0.31006315439848636,1,-2.3301470220641973,4.772647735074393,5.318248439700282,2.025783153851708,0.017496107879059128,0.9999998341464426,0.006730287277295458,0
15.58,-0.003753618804282325,0.0047316906446920074,-2.3548047192734067e-12,-0.3812215639440156,-0.2339661665789659,0.4509536735467775,-2.6078442730319296,0.0003909079594230084,1.000000307812448,16.588719215583684,1,-0.21692739691087232,0.6855296233103051,0.7254922046084381,1.884586291032656,0.0033975752131336517,1.0,2.6569852090678503,1,-0.9454893403686107,-0.3619445483794526,1.017344414083652,-2.7826184578868975,-0.0011657081678080152,0.9999998845651817,0.9653211973675985,1,-0.4617907785496876,1.4791767725392437,1.5560137301857677,1.8768325237164798,0.001285031307197116,1.0,0.3052837655851221,1,-2.3794999115009383,4.750973825258801,5.32074256089499,2.0359150955577703,0.017374413064306843,1.0000001808712136,0.006720454103285292,0
15.600000000000001,-0.003753618804013755,0.004731690644691262,-2.3537101087600654e-12,-0.24462747354182324,-0.3442609793682574,0.42281280003324107,-2.208380180581521,0.00038984171403641494,1.0000002221308497,16.06467741056659,1,-0.3518038654478218,0.6271768395483318,0.726508371078879,2.0874220623289714,0.003403115502717328,1.0,2.652025631903316,1,-0.8942758696077202,-0.47436264400576705,1.0164410043776746,-2.6610648176183855,-0.0012686788060358217,0.9999999068803442,0.9636976416404786,1,-0.5581609919034595,1.45497496996287,1.5651136763428113,1.940279654868622,0.0013122814768975494,1.0,0.30051287462203463,1,-2.4286026150419335,4.728801375042163,5.323223967127402,2.046037558269716,0.017241871659589743,0.999999980841951,0.0067106798256574935,0
15.620000000000001,-0.0037536188037975,0.004731690644692425,-2.3501738749542866e-12,-0.057115301654431336,-0.38325740404273406,0.38416915549203196,-1.738741029906088,0.0003877505619325611,1.0000000723661553,15.974041315867133,1,-0.4719560649890308,0.542897055626401,0.7274145537452404,2.2897199150769696,0.0033435694301272635,1.0,2.646453688931398,1,-0.8295254599652663,-0.5797225392474507,1.015299194210305,-2.539265948878141,-0.001383230625114521,1.0000001999828922,0.9625838605860851,1,-0.6522054194804181,1.4247638495198671,1.573995269534133,2.0030017728724063,0.0013327591843557015,1.0,0.29577313224507223,1,-2.477450337069613,4.706133404739155,5.3256924251955935,2.0561506012702484,0.017100794077412194,0.9999998387259317,0.006700965125023323,0
15.64,-0.0037536188037915292,0.004731690644693979,-2.345444151397036e-12,0.14507825536476265,-0.3179588525954934,0.34249051039753947,-1.1562999833387375,0.0003856804817702808,0.9999999456644248,16.554026216498595,1,-0.5725228332276885,0.43623315021887554,0.7281740557435086,2.491553324825745,0.003242166090181605,1.0,2.640500891680044,1,-0.7521678113303943,-0.6764122374479056,1.013935422844786,-2.417165637921301,-0.001505139236041873,0.9999999115452349,0.9619972388918244,1,-0.7435822045950296,1.3887668898691299,1.582626263733864,2.0650296374714716,0.0013471198493260868,1.0,0.2910853400199921,1,-2.5260383204950654,4.682972975155538,5.328147708173383,2.0662542851710946,0.016955647723613566,1.0000001841248314,0.006691310669934418,0
15.66,-0.003753618803927013,0.004731690644696169,-2.341619086132507e-12,0.2907660432900146,-0.1356439614362665,0.31245143884500437,-0.4333282336234086,0.0003847227794108813,0.9999999157516902,17.97803560694017,1,-0.649462809077394,0.3116034810005557,0.7287562869135742,2.6930137125386984,0.0031306054194199504,1.0,2.634410982871631,1,-0.663322138687164,-0.7629334088801801,1.0123694797190652,-2.294711439968023,-0.0016290850192318778,0.9999998803296937,0.9619484519840792,1,-0.8319705612314376,1.347221629184897,1.590976386129921,2.126395238986475,0.0013567323839819723,1.0,0.28646846981460256,1,-2.5743618469660334,4.659323187079649,5.330589593356428,2.0763486726735603,0.016812892342317767,0.9999999729343555,0.006681717122616438,0
15.680000000000001,-0.0037536188039569074,0.004731690644700042,-2.338643168009469e-12,0.2974269205351119,0.1076235427469417,0.3110684153372439,0.36848460836556773,0.0003844491811188914,1.000000000033769,19.78042166010486,1,-0.699700694692951,0.17412024415068542,0.7291378854268158,2.8942067234322613,0.0030250643088492366,1.0,2.628430389713682,1,-0.5642852818496725,-0.8379233652727505,1.0106242945282433,-2.1718554297885406,-0.0017571346338240027,1.0000001971095056,0.9624412291310982,1,-0.9170705144560365,1.300377880304101,1.5990173041671396,2.187131572933422,0.0013617311845596433,1.0,0.2819397015774238,1,-2.6224162370679305,4.635187180774316,5.33301785343851,2.086433828735626,0.016673472622947893,0.9999998435609466,0.006672185143590142,0
15.700000000000001,-0.003753618804097296,0.00473169064470397,-2.3360462869659315e-12,0.1605199939876809,0.29831149629827186,0.33928646108160637,1.1021935017276394,0.0003848804994660333,1.000000149468054,20.894784888999485,1,-0.721235891267276,0.029387203692393404,0.7293035566479337,3.095248101659471,0.002913452618714463,1.0,2.6227990308223927,1,-0.4565172943618599,-0.9001763050681271,1.0087256735322847,-2.048554939073457,-0.0018977953162091976,0.9999999407047774,0.9634721440129081,1,-0.9986025389310836,1.248496112339257,1.6067225856006533,2.24727243596244,0.0013596958303280118,1.0,0.27751448383381283,1,-2.6701968505185425,4.610568135468638,5.335432250774708,2.096509818127351,0.016527726995341635,1.0000001870867186,0.0066627153938775665,0
15.72,-0.003753618804548892,0.004731690644706717,-2.336385425405485e-12,-0.0401717581061436,0.37331217404544054,0.3806630287540312,1.6959084422075996,0.00038578204830963005,1.0000002771007457,20.971018558376535,1,-0.7132119155981455,-0.11671644338625155,0.7292466245158399,-2.9869260153160617,0.002784185280643422,1.0,2.6177416919918195,1,-0.3416244010144041,-0.9486635427214503,1.0067019864212865,-1.9247732867724119,-0.0020480368987859103,0.9999998567276702,0.9650304392046286,1,-1.076307120537068,1.1918459933910985,1.6140676692321052,2.3068522497959205,0.0013499363967108683,1.0,0.2732066140614493,1,-2.7176990863582473,4.585469268851076,5.337832551589742,2.1065767037331953,0.016371394190927868,0.9999999650696436,0.006653308530471123,0
15.74,-0.0037536188050439523,0.004731690644710052,-2.3414300012736255e-12,-0.2305807204512608,0.3416509567229754,0.4199281745821901,2.1732386981368874,0.00038555431499216454,1.0000003086640987,20.35795061112826,1,-0.675945779574901,-0.2582596837802354,0.7289692815010942,-2.7858223992310167,0.0026317308717681486,1.0,2.6134601162984006,1,-0.22133924402707997,-0.9825523721959399,1.0045838188073022,-1.8004804791109823,-0.002196554307928851,1.0000001893794233,0.9670978940871917,1,-1.1499442633087935,1.1307050869552568,1.621029828725829,2.3659059204755932,0.0013342633647017003,1.0,0.26902833271823345,1,-2.764918383136581,4.5598938365667,5.34021853563266,2.116634548633799,0.01620892529921101,0.9999998486438268,0.006643965198327448,0
15.760000000000002,-0.003753618805323895,0.004731690644715795,-2.350146986740409e-12,-0.37201886360476194,0.23592719814791194,0.44910365618557957,2.5771322548074336,0.0003839507835506184,1.0000002257918228,19.424863563714112,1,-0.6109170430935921,-0.38948466404845444,0.7284825214007771,-2.5845071344048924,0.002447213455309351,1.0,2.6101259277181494,1,-0.09749838817654853,-1.0012231536310263,1.0024035777920488,-1.6756538515041515,-0.0023330118436047835,0.9999999713253299,0.9696487500380914,1,-1.2192929610516692,1.0653576932655102,1.6275881212927716,2.4244687188630616,0.0013147689163513939,1.0,0.26499042655572064,1,-2.811850219093496,4.533845131719123,5.3425899912541714,2.1266834176102294,0.01604550396657936,1.0000001897521824,0.0066346860268302,0
15.780000000000001,-0.003753618805399969,0.00473169064472391,-2.3605275720206542e-12,-0.44810528669302485,0.08792905891463994,0.4648099143214848,2.9418446135611154,0.0003820304739962587,1.0000000767061799,18.403666775917966,1,-0.5207166662612016,-0.5050269625857292,0.7278057601366988,-2.382868877739204,0.0022208791262709237,1.0,2.607874492285136,1,0.027982874430576385,-1.0042841573587509,1.0001950449579229,-1.5502786421932515,-0.002449274449356932,0.999999836655818,0.9726497145638275,1,-1.2841506502308253,0.9960938258390041,1.633723334579089,2.4825761773497823,0.001293183585534771,1.0,0.26110233886345013,1,-2.858490112334315,4.507326484376171,5.344946710532569,2.1367233771571743,0.015884871426837872,0.9999999572602762,0.006625471629928189,0
15.8,-0.0037536188054142477,0.004731690644732936,-2.3712134686326714e-12,-0.4529692788897874,-0.07472925486683447,0.46583441889170646,-2.9897639167814094,0.0003800543068393793,0.999999948158099,17.435937204204464,1,-0.4089562397576232,-0.6001249341713689,0.7269661528108387,-2.1808084658111593,0.0019469816911887883,1.0,2.6067998197121747,1,0.15313828873752006,-0.9915836568702622,0.9979928826655474,-1.4243484803885051,-0.0025386186896572617,1.0000001769831115,0.976060068535101,1,-1.344332658289788,0.9232083128286689,1.6394179355718315,2.5402640041369136,0.0012709337074827364,1.0,0.25737228337351387,1,-2.9048336209986556,4.480341261078637,5.347288487433417,2.1467544952106636,0.01572973773352166,0.9999998539665188,0.006616322606428598,0
15.82,-0.0037536188054451587,0.00473169064474144,-2.382013856994103e-12,-0.386294421854848,-0.2262614354245702,0.4521098812883534,-2.6282837620177397,0.0003765879982115915,0.9999999149479785,16.626260981768,1,-0.28013880759851406,-0.6708115739909836,0.7259976171559516,-1.978242898853716,0.0016259646032109414,1.0,2.60695063102209,1,0.27598073008546353,-0.9632187386191241,0.995832099568083,-1.2978657658464965,-0.0025952211461303318,1.0000000026524152,0.9798319010878024,1,-1.3996716595374352,0.8470000125668274,1.6446560211782688,2.59756801429462,0.0012492388089756926,1.0,0.2538073572072401,1,-2.9508763434235963,4.452892864351894,5.349615117293715,2.156776840956945,0.015582256888532367,1.0000001921169994,0.006607239539590931,0
15.840000000000002,-0.003753618805485602,0.004731690644749114,-2.393293029034904e-12,-0.2530363815407853,-0.33948948842829996,0.4246558956834942,-2.2315870599754524,0.0003695932021775866,0.9999999964003404,16.08384194888954,1,-0.13949343254167662,-0.714081955434806,0.724939580595908,-1.775108869007563,0.0012635433594782256,1.0,2.6083277496077892,1,0.39453426264324,-0.9195402976282726,0.9937474818201472,-1.1708419161916772,-0.0026139292423695898,0.9999998206086991,0.983910496600922,1,-1.4500171488438107,0.7677711328007203,1.6494232708601186,2.654524075776477,0.001229180848864875,1.0,0.2504136509940521,1,-2.9966139183013585,4.424984732220832,5.351926396809396,2.166790484731837,0.015444385869174512,0.9999999495186267,0.0065982229966535496,0
15.860000000000001,-0.0037536188053824034,0.004731690644756733,-2.404436025282841e-12,-0.06762719426936736,-0.38323944972263824,0.38644553104015283,-1.7668043850359971,0.0003600063604430449,1.0000001451191516,15.964194177156246,1,0.007223038283378374,-0.7280289998200983,0.7238354788226399,-1.5713656791025217,0.0008664059173617084,1.0,2.610882974336238,1,0.5068676662821813,-0.8611537194056679,0.991772998341621,-1.0432974592794366,-0.002589624393081149,1.00000016022601,0.9882348963361715,1,-1.4952349415771777,0.6858266432545755,1.653706902130603,2.7111680685756623,0.0012117971127590672,1.0,0.24719635607141197,1,-3.0420420248315407,4.396620337728348,5.35422212435933,2.1767954980242337,0.015318414230283938,0.9999998595205891,0.006589273528824685,0
15.88,-0.0037536188049306666,0.004731690644764548,-2.412986477295931e-12,0.13525055343008974,-0.3243109723369066,0.3446265303078866,-1.1915961500614218,0.00035491273891389424,1.0000002745669374,16.500934272779343,1,0.1539518679154352,-0.7119403317652683,0.7227310501108986,-1.366997391524129,0.00043957349739775077,1.0,2.614519547545083,1,0.6111288014801887,-0.7889148153183015,0.989941191080337,-0.9152619502966339,-0.002516533553097126,1.0000000339141464,0.9927386498280282,1,-1.5352067066959911,0.6014737713235251,1.657495629734494,2.7675358556775347,0.001198251815636919,1.0,0.24415986804298792,1,-3.087156382867566,4.367803188456923,5.356502100391202,2.186791953702537,0.015207941936235684,1.0000001941774233,0.006580391671855576,0
15.9,-0.0037536188043562095,0.00473169064476988,-2.4163570450097538e-12,0.28636237235029693,-0.14774264891089536,0.3134706147910322,-0.4758672137205136,0.00035618216448536746,1.0000003094197736,17.88204891500088,1,0.2945788650387474,-0.6663494592873962,0.7216724831518562,-1.1620140631399198,-2.262415592038667e-06,1.0,2.6190947548217536,1,0.7055790568795307,-0.7039206826652429,0.9882825652276145,-0.7867736974870402,-0.0023887849151197514,0.9999998089817077,0.9973507537942206,1,-1.5698295386578505,0.5150215709965285,1.6607796281808704,2.8236632653193765,0.0011898144398078767,1.0,0.2413078857121819,1,-3.1319527530573863,4.338536826053449,5.35876612583708,2.196779926636206,0.015118044630915093,0.9999999418569612,0.006571577947397185,0
15.92,-0.003753618804291175,0.0047316906447684975,-2.4163596470949678e-12,0.3017725038844586,0.09505609066392934,0.3102845785739883,0.3253074513633161,0.0003584151665350927,1.0000002293972636,19.691413217895334,1,0.42319215118062337,-0.5930356589348301,0.7207044727437908,-0.9564519257517367,-0.00045519907702457415,1.0,2.6244248094835467,1,0.7886270173429798,-0.6074953014806228,0.986824998856808,-0.6578792844553881,-0.002206360362490522,1.0000001395210067,1.001996810059335,1,-1.5990155727337347,0.4267805554696053,1.6635504926847904,2.8795860831291877,0.0011865145309579838,1.0,0.23864350479125196,1,-3.176426936978205,4.30882482575701,5.361013993740452,2.2067594939768416,0.01504871372015967,0.9999998652972379,0.006562832866112424,0
15.940000000000001,-0.0037536188045400537,0.004731690644761494,-2.4177127314062297e-12,0.17097408932467184,0.2910575611417771,0.3372424548908314,1.0657610575900907,0.00036115872443514863,1.000000081063429,20.862253682861194,1,0.5343401119648113,-0.49496889286748724,0.719868270168184,-0.7503723793178604,-0.00094325297080619,1.0,2.630291234555044,1,0.8588604140124153,-0.5011698501182484,0.985593183309768,-0.5286328742233426,-0.0019809755732278648,1.0000000643402478,1.006600374333403,1,-1.6226916473725326,0.3370623842795891,1.6658011971652533,2.935340045663803,0.0011861165730596823,1.0,0.23616930625545612,1,-3.220574777264756,4.278670795928372,5.363245481284685,2.216730732844985,0.014988661405453074,1.0000001959301887,0.006554156932335113,0
15.96,-0.003753618804560395,0.0047316906447531885,-2.4205611473537836e-12,-0.028482911699672812,0.3725604579626289,0.3783625395491781,1.6669573225996357,0.0003660163350931972,0.9999999507317321,20.98840415261727,1,0.6232768800426185,-0.3761987983893444,0.719199822476026,-0.5438597861823959,-0.0014709725806746228,1.0,2.636449203213319,1,0.9150753896622174,-0.38665792050641107,0.984608101269935,-0.3990952987571084,-0.001723533442219099,0.9999998020613281,1.0110842407332776,1,-1.6407990164697215,0.246179596122018,1.667526070157124,2.9909608334478004,0.0011871128254675068,1.0,0.2338874389061742,1,-3.2643921577322748,4.248078377580916,5.365460362098816,2.2266937179772834,0.014929841575876599,0.9999999342874187,0.006545550645268538,0
15.98,-0.003753618804444667,0.00473169064474469,-2.4227295516987546e-12,-0.22072964062894448,0.3459213429801532,0.4180043672008404,2.149479205935936,0.0003710723616954063,0.999999914240433,20.4021138167805,1,0.6861819948281713,-0.24169011685227582,0.7187280862872931,-0.33701811888893357,-0.0020117796294421638,1.0,2.642637340785362,1,0.9563021299847517,-0.26582603084680295,0.9838865831805714,-0.2693329668976765,-0.001442985183432681,1.000000115378265,1.0153714984017757,1,-1.6532931138097375,0.1544453788462918,1.6687207860641824,3.046484077388059,0.0011894959952618207,1.0,0.23179969529936548,1,-3.307875003495569,4.217051243914559,5.367658418433505,2.2366485232689914,0.014872469763665935,0.9999998712873126,0.0065370144964036,0
16.0,-0.003753618804379964,0.0047316906447355915,-2.4239117657476328e-12,-0.3653966029254706,0.24337697884868045,0.4478435624403024,2.556394974776839,0.00037441499024174293,0.9999999928233275,19.479388248525037,1,0.7203412502130115,-0.09711061950655034,0.7184735942627816,-0.1299665199488235,-0.0025361363236535667,1.0,2.6485885836894414,1,0.981825979893664,-0.14066004891354933,0.983440982403352,-0.1394166182280441,-0.0011557195726885718,1.0000000931810331,1.0193864471731298,1,-1.6601433714399498,0.06217336844623163,1.6693823509418992,3.101945373502723,0.001193262833909341,1.0,0.22990758106264692,1,-3.3510192810832917,4.185593099853181,5.369839438221237,2.2465952233116604,0.014817589836989982,1.0000001973725192,0.006528548969699987,0
16.02,-0.0037536188044018336,0.004731690644726521,-2.4250003047288082e-12,-0.44526172467427855,0.09694390364064401,0.4643274030157876,2.9225196073051736,0.00037625395634223794,1.000000140754087,18.458808248808488,1,0.7242773351601721,0.05141877258490431,0.7184473731538402,0.07716610798046893,-0.003032391192419365,1.0,2.654042878249968,1,0.9912032751670454,-0.013228342307041823,0.9832789638707656,-0.009419980120189563,-0.0008820534452948839,0.9999998000180756,1.023056382689645,1,-1.661333093223973,-0.030322530891485833,1.6695090883267865,-3.125805009784732,0.0011980393683532473,1.0,0.22821237790245494,1,-3.393820998546631,4.153707681584905,5.372003210791055,2.2565338934289167,0.01476474027918593,0.9999999268219928,0.006520154544746075,0
16.04,-0.003753618804416993,0.004731690644719112,-2.426349919593118e-12,-0.45405996269959203,-0.06557864880627944,0.46616215345024814,-3.0089695360163367,0.00037749332838292953,1.0000002719537935,17.48534673049402,1,0.6978216728872663,0.19759882588207267,0.7186503719703278,0.2842472000928807,-0.0035001964365485357,1.0,2.658761667756606,1,0.9842712705270387,0.1143573763739454,0.9834033605633379,0.12058162257141271,-0.0006357276973506613,1.000000088392651,1.0263147759253723,1,-1.656859384388931,-0.12272831343487647,1.669100631291389,-3.070360888500911,0.0012032264384581961,1.0,0.22671520056172034,1,-3.436276205562756,4.121398756104351,5.374149525592243,2.266464609341347,0.014712404636555222,0.9999998774813222,0.006511831699417572,0
16.060000000000002,-0.0037536188042913664,0.0047316906447148225,-2.427199934096347e-12,-0.39121589532195344,-0.21838693060378994,0.4532271024564313,-2.648636394610414,0.00037840847710939355,1.0000003100791035,16.664473804175934,1,0.6421226030204051,0.33523673293436995,0.719073490403076,0.49114681813757094,-0.003930082498764739,1.0,2.662540869966858,1,0.961151772657861,0.23998244741348249,0.9838120753167915,0.25051271483190457,-0.000420728068357772,1.000000119725877,1.0291038835607906,1,-1.6467331374714111,-0.21473003286640904,1.6681579209060662,-3.0148719913982696,0.0012081513488576528,1.0,0.22541704851944502,1,-3.4783809935336785,4.088670120756651,5.3762781724772735,2.2763874469065546,0.01465862126998915,1.0000001985021294,0.0065035809105022015,0
16.080000000000002,-0.0037536188040348346,0.004731690644713895,-2.4262506066741185e-12,-0.2613366828273827,-0.3344589756397952,0.42646984735396926,-2.2546155078260695,0.0003787322768040189,1.0000002329454123,16.104106540906383,1,0.559589340427234,0.4585248335899241,0.7196981317735104,0.697743643494067,-0.00430025202187385,1.0,2.6652200425297443,1,0.9222483627655315,0.3615697664551262,0.9844980746385872,0.380299172686157,-0.00023475235829211095,0.9999998029022953,1.0313755741352146,1,-1.630979074658864,-0.30601396515277735,1.6666832104783686,-2.959302716704166,0.0012121851281019116,1.0,0.22431885266582985,1,-3.520131495681398,4.055525602783967,5.378388942648482,2.2863024819741775,0.014601484558523642,0.9999999194725117,0.006495402652586335,0
16.1,-0.003753618803808481,0.004731690644715054,-2.422853584427287e-12,-0.07813105230877286,-0.3828648982434081,0.3887140139782453,-1.7945706195296163,0.00037850695023368576,1.0000000854357767,15.956103776331974,1,0.4537755371055348,0.5622979903171736,0.7204971669048762,0.9039303721064587,-0.004585835506588997,1.0,2.666688662658625,1,0.8682373367169111,0.47711922103006865,0.9854495174932639,0.5098697121823593,-7.181757353082585e-05,1.0000000592290796,1.0330915603828184,1,-1.6096358462325948,-0.39626678101631174,1.664680075445971,-2.903617425928092,0.00121487493038387,1.0,0.22342151560079235,1,-3.561523887139829,4.021969058875024,5.380481630050036,2.296209790373438,0.014539787226153723,0.999999883869453,0.0064872973958586405,0
16.12,-0.0037536188037806074,0.004731690644716688,-2.418123427189167e-12,0.1252241750897314,-0.3302549485415386,0.3467964265919408,-1.2265006061818,0.00037850805928811386,0.9999999533840682,16.450235670593905,1,0.32921021851209686,0.642256175383362,0.7214362431571969,1.1096182961481118,-0.004766195800661847,1.0,2.6668902314054326,1,0.8000527075729718,0.5847449474911981,0.986650013373453,0.6391572906475015,7.655390567622925e-05,1.0000001433207255,1.0342238526019198,1,-1.5827561845847624,-0.4851757357681517,1.662153429444046,-2.8477804324395546,0.0012160940686165335,1.0,0.22272594492544637,1,-3.6025543850435633,3.9880043747179528,5.382556032991549,2.3061094481503455,0.014474085549872085,1.0000001993172292,0.006479265603185819,0
16.14,-0.003753618803919671,0.004731690644718841,-2.414174329196106e-12,0.2814888318257208,-0.1595875740368872,0.31457731509992903,-0.5181764638246278,0.0003791932844476603,0.999999913629399,17.78729776981577,1,0.19118689768070832,0.6951417381297534,0.7224753782330708,1.31474088091118,-0.004831511243783882,1.0,2.6658239119378933,1,0.7188658265713957,0.6827094189287553,0.9880789841565246,0.7681003691522837,0.00021934520757687265,0.9999998106429209,1.0347552802892361,1,-1.5504071128950547,-0.5724288843424139,1.6591095470480186,-2.7917559919921104,0.0012158421470887125,1.0,0.22223308035535103,1,-3.643219248613843,3.9536354645569816,5.3846119542161155,2.3160015322734187,0.014407215068994174,0.99999991225062,0.006471307726814156,0
16.16,-0.0037536188039602393,0.004731690644722652,-2.411178461753094e-12,0.30562084613407775,0.08236976951050609,0.3095916414605019,0.2818757067338287,0.00038009478694176613,0.9999999893044759,19.6000655450133,1,0.045523540800771756,0.7188643611858934,0.723570756090096,1.5192561979673274,-0.004801278577706565,1.0,2.663543459230113,1,0.6260603614418927,0.7694535386186515,0.9897121087122899,0.8966440011097979,0.00035851320155624926,1.000000028606129,1.034679816507689,1,-1.5126702070493072,-0.6577153295744688,1.655556089315909,-2.735508294214423,0.0012128451125481216,1.0,0.2219439151419318,1,-3.6835147792416763,3.9188662707533855,5.386649194168326,2.3258861212811777,0.014338746280846523,0.9999998904415834,0.006463424205935939,0
16.18,-0.0037536188040732735,0.0047316906447267115,-2.4085087223235657e-12,0.18119722390478935,0.2834868609778044,0.33523368677318643,1.0288628803033564,0.00038266393863060737,1.0000001363749902,20.826429051472473,1,-0.10169328920672109,0.7125704217156006,0.7246766353580476,1.7231481591011901,-0.004730980725661092,1.0,2.660153570714217,1,0.5232035041130092,0.8436221066446945,0.9915218407920107,1.0247407281528311,0.00048701852220550397,1.000000163384212,1.0340025867437064,1,-1.4696419088376858,-0.7407255120468195,1.651502122892164,-2.6790014605611527,0.001204383629945394,1.0,0.22185951190099285,1,-3.723437320567364,3.883700763350115,5.388667541840611,2.3357632934892933,0.014258115277673213,1.0000001998165273,0.006455615466136802,0
16.2,-0.0037536188045090226,0.004731690644729506,-2.4085178296218146e-12,-0.01679500713970043,0.3715324709527124,0.3760507059422923,1.6376439519043269,0.0003882217747456279,1.000000269262589,21.00381315755149,1,-0.24436723610635722,0.6766569223016736,0.7257472792814323,1.92642659794941,-0.004667593312796051,1.0,2.6558040383364787,1,0.4120143576433634,0.9040842381920963,0.9934779803112928,1.1523512861863041,0.000605471325053789,0.9999998230492266,1.0327395340101178,1,-1.4214338878251207,-0.8211515501395097,1.646958146093503,-2.622199558923747,0.0011896354030113791,1.0,0.2219810128045343,1,-3.7629832585569614,3.8481429396399243,5.3906667850104695,2.3456331244250683,0.014157391169113704,0.9999999051677605,0.0064478819171881075,0
16.220000000000002,-0.0037536188050159664,0.004731690644732644,-2.41319811356e-12,-0.21076608713177883,0.3500200940667793,0.4160475800350538,2.1254995807009536,0.00039425222169398017,1.000000310641767,20.44548693936602,1,-0.3766423361333682,0.6127330304689568,0.7267388093975078,2.1291262980192527,-0.0046316324181725895,1.0,2.650682146284762,1,0.2943304744400598,0.9499485219498194,0.9955482628693525,1.2794451061585872,0.0007207461026662793,0.9999999972783358,1.0309168459130758,1,-1.368173448577785,-0.8986876393048306,1.6419361368189203,-2.5650666242550657,0.0011694852473185906,1.0,0.2223096432112711,1,-3.8021490215766467,3.812196823738111,5.392646724464622,2.355495688112616,0.014037537314626954,0.9999998971873005,0.006440223948171516,0
16.240000000000002,-0.0037536188053210054,0.004731690644738058,-2.4217676475313255e-12,-0.35861529238474704,0.25075325740530285,0.44654288455247876,2.5355420908419055,0.00039595884500561964,1.0000002364345373,19.533822052415992,1,-0.4931348728839452,0.5235343942230882,0.7276109214452353,2.3313050806712794,-0.004627387397190629,1.0,2.6450036876690826,1,0.1720734860986769,0.9805729058840689,0.9976989576954697,1.4060006005328514,0.000837356968659528,1.0000001794219797,1.0285701586634073,1,-1.3100039791607172,-0.9730305199796299,1.636449601871806,-2.5075666804910157,0.0011447419027181087,1.0,0.22284670799092474,1,-3.8409310804638195,3.7758664661606387,5.3946071728095335,2.3653510589414295,0.013901470573600944,1.0000001999992327,0.006432641926690097,0
16.26,-0.00375361880541386,0.004731690644745915,-2.432200708196719e-12,-0.4422432464369549,0.10597009255792171,0.4638026680323268,2.903153322831838,0.000395439075774145,1.0000000898210886,18.514260724994674,1,-0.589139250030767,0.41279674577143,0.7283284189223351,2.5330410915747525,-0.004655818506875595,1.0,2.6390035885727827,1,0.04721469678318598,0.9955694787371725,0.9998954693486652,1.5320052568643723,0.0009562361278593404,0.9999998398155264,1.025743518450056,1,-1.2470854358291201,-1.0438800238939672,1.6305136223393457,-2.4496637732322375,0.001115931735143008,1.0,0.22359358042343877,1,-3.87932594859321,3.7391559434067303,5.396547950097552,2.3751993120553907,0.013751392772281495,0.9999998982351551,0.006425136204013267,0
16.28,-0.003753618805426409,0.004731690644754809,-2.4429919892599017e-12,-0.4549763277689302,-0.056337607183469286,0.46644851115028024,-3.028154624195841,0.0003964560644539644,0.9999999561138129,17.535343544416794,1,-0.6608022415469581,0.28509593991350196,0.7288625057958383,2.7344294498380606,-0.004712739846675791,1.0,2.6329267302767314,1,-0.07825858830071397,0.9948044580143883,1.0021029278527118,1.6574555572641931,0.001075587783230094,0.9999999660176039,1.0224882187690794,1,-1.1795948576206576,-1.1109397088675994,1.6241449005343793,-2.391322016504691,0.001083506111919907,1.0,0.22455168327929606,1,-3.917330181937344,3.7020693575441097,5.3984688819783475,2.38504052325028,0.013588998497760857,0.9999999040959162,0.00641770712238125,0
16.3,-0.003753618805453717,0.004731690644763271,-2.45388431796556e-12,-0.3959789990301525,-0.2103396126301506,0.45430573240544975,-2.668902313184652,0.0003987031973482644,0.9999999131151748,16.703553171606877,1,-0.705261753804573,0.14566169280544017,0.7291918160078186,2.9355784305430492,-0.0047852000751476146,1.0,2.627018443668801,1,-0.20237535240581625,0.978393802370594,1.0042867531461717,1.78235674302256,0.00119174994811428,1.0000001910388654,1.0188615639335517,1,-1.1077269031662778,-1.1739175924845469,1.6173618095625553,-2.3325056542885836,0.0010479730326910176,1.0,0.22572246131109885,1,-3.9549403791218274,3.6646108357954894,5.400369799320791,2.3948747688848,0.01341590293216429,1.0000001998650558,0.006410355020775392,0
16.32,-0.0037536188054994373,0.004731690644770893,-2.465245022009732e-12,-0.26952055899218313,-0.32916225703810786,0.4282520757855682,-2.27746907393191,0.0004000032978713994,0.999999985845503,16.125649907333763,1,-0.720747632193165,0.00017206648352625226,0.7293031736593625,3.136605303067169,-0.004859853483678325,1.0,2.621515338508466,1,-0.32321126050363025,0.9466949383765655,1.006413184658137,1.9067224468296373,0.0013003270356129974,0.9999998605287057,1.0149255964852204,1,-1.0316944004520223,-1.232526995233809,1.610184444578567,-2.2731791381993824,0.001009987584596896,1.0,0.22710734438957889,1,-3.992153181476979,3.6267845301263826,5.402250538421881,2.4047021258672157,0.013233961062640104,0.9999998914637881,0.006403080237348613,0
16.34,-0.0037536188054156836,0.004731690644778363,-2.4765684294991708e-12,-0.08861558703843657,-0.3821215723178686,0.3909680283994507,-1.8220383614327524,0.0003988889198472342,1.0000001319839984,15.949975024933577,1,-0.7066430716581473,-0.1454646396795058,0.7291920663190037,-2.9455533728762937,-0.004929570570214598,1.0,2.6166368720214415,1,-0.4389167745091726,0.9002951278638768,1.0084497698935664,2.0305742161137634,0.0013976452660913147,0.9999999355941848,1.0107458294141387,1,-0.951728898430228,-1.2864875037108552,1.6026346745966789,-2.213307223271746,0.0009704735313443402,1.0,0.22870770125883522,1,-4.028965273087026,3.588594616834882,5.404110941607784,2.4145226717327293,0.013045705841821261,0.9999999111564845,0.0063958831084854895,0
16.36,-0.0037536188049955167,0.004731690644786127,-2.48558899157425e-12,0.11501559324414322,-0.3357665524726398,0.3489903830531282,-1.2609880914257656,0.0003962879462617035,1.0000002664946372,16.402273581881932,1,-0.6635059040451707,-0.2853342849924455,0.7288628185073133,-2.7444050397049864,-0.004993674261704908,1.0,2.612577691662813,1,-0.5477427331859944,0.8399970071977005,1.0103658081889353,2.1539409507006084,0.0014826001933251419,1.0000001979486333,1.0063900183423746,1,-0.8680812072019615,-1.335526064264598,1.594736193939798,-2.152855083969677,0.0009307602962103802,1.0,0.23052478370352888,1,-4.065373380837355,3.550045296144081,5.405950858146477,2.424336484920948,0.012855189389113082,1.0000001994142094,0.006388763965616034,0
16.380000000000003,-0.003753618804404258,0.004731690644791877,-2.4895445947803463e-12,0.2761531037202421,-0.17113098139672775,0.3157635530410298,-0.5601813765911661,0.0003949651899150718,1.000000311107489,17.694453116590758,1,-0.5930495306070533,-0.41374147481818857,0.7283284597576903,-2.543017521134981,-0.005056089563175016,1.0,2.6095008206118324,1,-0.6480632500794151,0.7668018096447464,1.0121327469483972,2.2768582766512435,0.00155794459308704,0.9999998846784001,1.0019270010860128,1,-0.7810219110624974,-1.3793782171883266,1.586514573239159,-2.0917884518627092,0.0008922700819753822,1.0,0.2325596575824406,1,-4.1013742744602375,3.5111407917983555,5.407770144032968,2.4341436455062238,0.012668500795856305,0.9999998848643882,0.006381723131510298,0
16.400000000000002,-0.0037536188042675707,0.004731690644791212,-2.489630463592407e-12,0.3089449748524152,0.06961767812613436,0.3089904908361986,0.23828467413951848,0.00039537060032219314,1.0000002398629362,19.50713665729942,1,-0.4980836840609635,-0.5254282453545855,0.7276102853003524,-2.341282230237528,-0.005133524476939292,1.0,2.60753177845895,1,-0.738395875546926,0.6818907423438278,1.013724526491849,2.399367873261771,0.0016242564820659192,0.9999999067576987,0.9974256247410256,1,-0.6908418362860429,-1.4177894810398877,1.5779973083494891,-2.0300737739422416,0.0008545383248680748,1.0,0.23481311673398875,1,-4.136964766578625,3.471885350664021,5.4095686552873925,2.4439442360617094,0.012488981129896782,0.9999999183578181,0.0063747609183882805,0
16.42,-0.00375361880451124,0.004731690644784564,-2.490688644912753e-12,0.1911433831050511,0.2756281609770244,0.33326685814072454,0.9915623516529962,0.0003957651813855842,1.0000000942172247,20.787754895837427,1,-0.38241569130273617,-0.6157805435434978,0.7267371070182039,-2.1391036979897673,-0.005256491271601875,1.0,2.6067537503711584,1,-0.8174190417688956,0.5866049366179173,1.0151178758064214,2.5215167595824615,0.0016723936348823779,1.00000019998103,0.9929537735134267,1,-0.5978524529536577,-1.4505168954801242,1.5692138548421566,-1.9676783928153943,0.0008144898353544569,1.0,0.237285579728533,1,-4.172141712746591,3.432283242333845,5.411346236440878,2.4537383402634654,0.012309975736935045,1.0000001986474076,0.006367877629704912,0
16.44,-0.0037536188045579266,0.004731690644776319,-2.493393078811801e-12,-0.005151530833392581,0.3702375050158838,0.37373454297873326,1.6080060797792286,0.0003973750726283048,0.999999958919634,21.01749008711549,1,-0.2507136054932122,-0.6810158410004512,0.7257442085420786,-1.9364034652826851,-0.005432849777990374,1.0,2.607203949703666,1,-0.8839868624379926,0.48242433035271404,1.0162925763691804,2.643356556083706,0.0016984621902222201,0.9999999116695714,0.9885775003846803,1,-0.5023861871973068,-1.4773307290377053,1.5601956450616383,-1.904570763269681,0.0007711245953435928,1.0,0.2399769728411099,1,-4.2069020114864575,3.3923387587344274,5.413102726942443,2.463526039999725,0.012125726436084231,0.9999998784474114,0.006361073562184784,0
16.46,-0.003753618804440644,0.004731690644767892,-2.4955324265385492e-12,-0.20072702053345345,0.35394624576006817,0.41406290532863843,2.101325012286696,0.0004006958967697854,0.9999999126980113,20.48821509441486,1,-0.10833359517306158,-0.718344831279863,0.7246720371230577,-1.733123490897038,-0.005644322359275193,1.0,2.6088713383493274,1,-0.9371413924249121,0.37094577887041025,1.0172316883965256,2.7649427483147155,0.001709843210470309,0.9999998802186646,0.9843602581509814,1,-0.40479661704341613,-1.498016355415067,1.5509761090826137,-1.8407207058254016,0.0007259891435869634,1.0,0.24288660604027967,1,-4.241242604323804,3.3520562137365424,5.4148379758025875,2.473307416081091,0.011938423226866635,0.9999999256885075,0.006354349004294092,0
16.48,-0.0037536188043653124,0.004731690644758879,-2.4966292054562356e-12,-0.3517058403234843,0.25804826203386844,0.4452036629532095,2.514593994614362,0.000404263475859606,0.9999999824480966,19.58824851306912,1,0.038884623223377116,-0.726099907913923,0.7235646541486673,-1.5292289022387435,-0.005867804810735752,1.0,2.6116958935511216,1,-0.9761224685249827,0.2538606302822476,1.0179217268865441,2.886333947863154,0.0017155190248178474,1.000000197085978,0.9803622250797377,1,-0.305458521548978,-1.5123762984691567,1.5415906886973265,-1.7760996852950275,0.000680734459421912,1.0,0.24601304675974808,1,-4.275160475820487,3.311439942769154,5.416551841474405,2.483082550091862,0.011751863365186799,1.0000001975658654,0.006347704235406166,0
16.5,-0.0037536188043868234,0.004731690644749816,-2.49756292036718e-12,-0.439074808743636,0.11499373255540908,0.46323440079193323,2.883767721001658,0.0004072369601915088,1.0000001275832542,18.570078890053537,1,0.18484875988710822,-0.7038232041871049,0.7224679825678574,-1.324709934943983,-0.00608247436265885,1.0,2.615569630724938,1,-1.0003752529506316,0.1329319460125366,1.0183527973037965,3.007591145495035,0.0017226015438722216,0.9999999408371683,0.9766397133124142,1,-0.20476774931519462,-1.5202324422826488,1.5320768271133014,-1.710681118246822,0.0006366197995346966,1.0,0.2493539834642951,1,-4.308652653604925,3.2704943024371342,5.418244187015106,2.49285152482606,0.011568621905787066,0.9999998722230251,0.0063411395280661975,0
16.52,-0.0037536188044089962,0.004731690644742246,-2.498776359438626e-12,-0.45573648124083266,-0.04702573871490295,0.4666895168226884,-3.047290613114579,0.0004100339582270225,1.000000263651289,17.585980499116427,1,0.3234637585810089,-0.652307595048308,0.7214279132167886,-1.119582909797892,-0.006271468071847921,1.0,2.6203395702046266,1,-1.0095555891129144,0.009971499969973596,1.0185186969260165,3.128776961320593,0.0017360123955944297,0.9999998566309934,0.9732446476416207,1,-0.10314086962621911,-1.521428398761759,1.5224739335684112,-1.6444407127033622,0.0005945809841957383,1.0,0.25290606412365707,1,-4.341716208399121,3.2292236701416868,5.419914877492837,2.502614424112094,0.011390164282937097,0.9999999331369377,0.006334655151173835,0
16.54,-0.003753618804298392,0.00473169064473771,-2.4996207360905576e-12,-0.4005934645545846,-0.20214333464026338,0.4553404624078158,-2.689043156913208,0.0004132014467881081,1.000000311476043,16.743565190943663,1,0.4488907697168362,-0.5735853827188802,0.7204883454250378,-0.9138901132469626,-0.006423470814827257,1.0,2.625812773138541,1,-1.0035332563552497,-0.1131833472175606,1.0184169814642714,-3.03323041399054,0.001758196859767048,1.00000018933481,0.9702241301955077,1,-0.0010145678007282516,-1.5158320198420767,1.5128233230382295,-1.5773568389022237,0.00055526327990076,1.0,0.25666470773083494,1,-4.37434825404263,3.187632443702753,5.4215637790565765,2.5123713325899804,0.011217259285135141,1.0000001961712965,0.006328251371987551,0
16.560000000000002,-0.003753618804055706,0.004731690644736597,-2.4988054160568485e-12,-0.27758804430478223,-0.3236242685055544,0.42999754073049384,-2.300098597041043,0.000415939847290577,1.0000002432289354,16.148553250749373,1,0.5558037420240998,-0.4708614980017464,0.7196892497771231,-0.7076984910865888,-0.00653371286988215,1.0,2.6317634664067477,1,-0.9823931797946519,-0.23469282934159846,1.0180489946768527,-2.911996744229358,0.0017894816027349534,0.9999999714625133,0.9676200855288917,1,0.10115525476739093,-1.5033380340724973,1.5031681286961964,-1.509410929078427,0.0005191037478652169,1.0,0.2606238999162961,1,-4.406545947514374,3.1457250409836455,5.423190758806433,2.522122335536663,0.011050311308051113,0.9999998662010914,0.006321928456408152,0
16.580000000000002,-0.0037536188038211817,0.004731690644737716,-2.4955675546889378e-12,-0.0990710911312566,-0.3810303731594923,0.39320433151562817,-1.8491492106461382,0.0004165769332112041,1.0000000986220396,15.945890840356201,1,0.6396307410772879,-0.3483909187783621,0.7190648506380259,-0.5010971291471191,-0.0066032104578929544,1.0,2.6379421279951156,1,-0.9464346184960913,-0.3527379568008865,1.0174198605146065,-2.790644345809184,0.0018286689481692593,0.9999998365758757,0.9654689209729659,1,0.20289471608493576,-1.48387077880507,1.4935531834188722,-1.4405879033861764,0.00048651076459631286,1.0,0.26477598251067946,1,-4.4383064889528265,3.1035058995181983,5.424795685267937,2.531867518761557,0.010889810563451117,0.9999999406913072,0.006315686668037719,0
16.6,-0.003753618803770221,0.004731690644739416,-2.4908560457281848e-12,0.1046409177382551,-0.3408550950761218,0.3512081858290338,-1.2949936183080868,0.00041431976030887295,0.9999999618001622,16.357118491058007,1,0.6967666187196789,-0.21130346219769702,0.7186420292000678,-0.29419357557592457,-0.0066356667657094135,1.0,2.6440862276141175,1,-0.8961683205258154,-0.4655436463641819,1.0165384393963117,-2.6691116160940567,0.001874059234247518,1.0000001769185118,0.963801196949521,1,0.303713564247774,-1.4573869901035816,1.4840248665473408,-1.3708766176822718,0.0004581611989823623,1.0,0.2691114415960558,1,-4.469627121674533,3.060979476140634,5.426378429481381,2.541606968679419,0.010737167479806818,1.0000001944659105,0.00630952626670679,0
16.62,-0.0037536188039100906,0.004731690644741561,-2.4867673024953074e-12,0.27036365453678457,-0.18236445265244858,0.3170340106307813,-0.6018136004931485,0.0004101263752631922,0.999999912378112,17.603578588781197,1,0.7247442853103326,-0.06538283121314432,0.7184390425086659,-0.08710914914581035,-0.006634389385663107,1.0,2.649932137405725,1,-0.832311597527936,-0.5714017337215553,1.0154172489571784,-2.5473391000296353,0.0019239301136978657,1.0000000027910108,0.962641329816583,1,0.4031072005634453,-1.4238786027911505,1.4746309135821227,-1.3002703271207345,0.00043512517115490515,1.0,0.2736186994913408,1,-4.500505132191314,3.018150246618677,5.427938865588873,2.5513407728417294,0.01059538796808568,0.9999998603911513,0.00630344750703785,0
16.64,-0.0037536188039652653,0.004731690644745293,-2.4837519194131907e-12,0.31172870068611863,0.05680733323955664,0.30849166582186466,0.1945713054986336,0.0004059463506209391,0.999999979113915,19.412427270921874,1,0.7223536922615532,0.0831896362469123,0.7184646424384089,0.12002653622621562,-0.006610075536820817,1.0,2.6552275125118627,1,-0.7557812395280518,-0.6686937815116191,1.0140723460982346,-2.4252702483150252,0.001970649219422494,0.9999998205474607,0.9620073202640722,1,0.5005591476589685,-1.3833755025875616,1.4654201884096587,-1.228767155140671,0.00041727010371365645,1.0,0.2782839191281705,1,-4.530937850225906,2.975022705290055,5.429476865619399,2.5610690208085187,0.010465188146858094,0.9999999483396467,0.006297450638105863,0
16.66,-0.003753618804051038,0.0047316906447494745,-2.48103143932199e-12,0.2007917621934891,0.26746774579800214,0.3313516550349876,0.953839989794828,0.00040195723145823446,1.0000001231749056,20.745612973792333,1,0.689700650018148,0.2281131210114624,0.7187176646037832,0.32708153460400863,-0.006592506108210597,1.0,2.659743228107308,1,-0.6676841659255857,-0.755913561042234,1.0125231597865667,-2.3028521736804004,0.001997548742635897,1.0000001601430155,0.9619104990464075,1,0.5955439883964887,-1.3359481619933307,1.4564424098827078,-1.1563705510577567,0.00040130097416862814,1.0,0.28309082125020624,1,-4.560922648725067,2.9316013647019594,5.430992287560821,2.570791803059908,0.010337966027055008,1.0000001924524091,0.006291535905733238,0
16.68,-0.00375361880446765,0.004731690644752364,-2.4806996734572095e-12,0.006437880273776094,0.3686535347023002,0.37141854778888506,1.5780030351869554,0.000400238398961369,1.0000002607339322,21.028743728201025,1,0.6282015040394514,0.3632520723542255,0.7191871021322704,0.5339276629036842,-0.006596196723351143,1.0,2.6632846886522965,1,-0.5693056932068485,-0.8316890407752229,1.010792276279645,-2.180036416062354,0.001996003278791319,1.0000000340507393,0.9623552915061241,1,0.6875307915566944,-1.2817100823440037,1.447747816946637,-1.0830897306049398,0.00038473993592538937,1.0,0.28802052209930984,1,-4.590456943870099,2.8878907552525948,5.432484979273433,2.580509207831691,0.010205136491417324,0.9999998548024104,0.0062857035548168,0
16.7,-0.003753618804987297,0.004731690644755311,-2.485014364422833e-12,-0.19061500392497333,0.3576794621843063,0.4120509987648605,2.0769166739508194,0.0004011879736613141,1.0000003117472487,20.529706755648938,1,0.540514048951993,0.4829116825131691,0.7198526348869171,0.7404463675936874,-0.0066070216523009,1.0,2.6657011802683463,1,-0.46209529642599434,-0.894803660915405,1.0089051927116508,-2.0567797022072014,0.00196801445093169,0.9999998089406824,0.9633390032332665,1,0.7759870271188889,-1.2208199553687185,1.439386788878556,-1.008940096598349,0.00036786290147290045,1.0,0.29305140921714545,1,-4.619538195086222,2.8438954248346007,5.433954794619106,2.590221321202825,0.010065757871356289,0.999999956069838,0.006279953827187128,0
16.720000000000002,-0.0037536188053150813,0.004731690644760406,-2.4934247375152374e-12,-0.3446689972942632,0.26524484533900383,0.44382511767466964,2.4935180224379168,0.0004026389059066402,1.0000002465308926,19.642193929732624,1,0.4304094040314798,0.5820890490058802,0.7206856109499306,0.9465340263641745,-0.006604878975375516,1.0,2.6668925771690684,1,-0.3476497530993129,-0.944216613604475,1.0068900262924128,-1.9330446755681165,0.001916586368340801,1.0000001394216629,0.9648516320947687,1,0.8603829584746986,-1.1534834502988258,1.4314094335690055,-0.9339436110928293,0.00035136660243931006,1.0,0.29815906569114436,1,-4.648163905051587,2.7996199384813405,5.435401596134405,2.5999282289120993,0.009920972653963913,1.000000190133983,0.0062742869583499155,0
16.740000000000002,-0.003753618805425059,0.004731690644767986,-2.5038747117345217e-12,-0.435757760833251,0.1239999976901535,0.4626218726997421,2.864334051648353,0.0004034999451811305,1.0000001030333838,18.62587934716255,1,0.30259331981022,0.6566870973127057,0.721650414550844,1.1521063961584073,-0.006572318429466912,1.0,2.6668134557275316,1,-0.22769358712702398,-0.9790817854013314,1.004777169233141,-1.8088005925045498,0.0018441137228456888,1.0000000644714726,0.9668757204823475,1,0.940196480689853,-1.0799545286412031,1.4238651338948345,-0.8581290967639497,0.00033555018816674607,1.0,0.3033162529107433,1,-4.676331619705712,2.7550688780166883,5.436825251442313,2.609630016940121,0.00977123551758704,0.9999998494437234,0.006268703176628567,0
16.76,-0.0037536188054407005,0.004731690644776755,-2.514772678291477e-12,-0.45634298863013906,-0.03765683786125361,0.46688476928068406,-3.0664053803619513,0.0004039688800525546,0.9999999647539917,17.636933951692342,1,0.1624881901941119,0.7036814299928762,0.7227061240292252,1.3571020029532321,-0.0064977349014777985,1.0,2.665474277686297,1,-0.10405677831249335,-0.9987649569374539,1.0025988929689196,-1.684023974076833,0.0017532566740125395,0.9999998020415266,0.9693862656769637,1,1.014918353289909,-1.0005361884204202,1.4168020537408306,-0.7815324532992328,0.0003204558820624288,1.0,0.3084929637636863,1,-4.704038928256548,2.710246841707804,5.438225631393178,2.619326771424691,0.009616443945679206,0.9999999638696335,0.006263202703624456,0
16.78,-0.003753618805462382,0.00473169064478518,-2.525778197703943e-12,-0.40506259434843767,-0.19381242122199055,0.4563307944382498,-2.7090879052449326,0.00040402997688834304,0.9999999121556331,16.784224878671576,1,0.015988673247440147,0.7212338862969726,0.7238083601795963,1.5614843540441863,-0.006378440938320155,1.0,2.6629397151598155,1,0.02135022862585483,-1.00285879888016,1.000388904376485,-1.5586991945627604,0.0016473590405800197,1.0000001152650189,0.9723507083650118,1,1.0840577539118954,-0.9155805438260914,1.4102666124629464,-0.7041967720223451,0.00030604363934184605,1.0,0.31365655743094956,1,-4.731283463186277,2.6651584439202676,5.439602609842806,2.6290185785147715,0.009456382588335518,1.0000001875143052,0.00625778575404122,0
16.8,-0.0037536188055101037,0.004731690644792745,-2.537199183388905e-12,-0.2855413682943673,-0.3178614841471631,0.43170499986680744,-2.3225348415268807,0.00040265969534035667,0.9999999758445853,16.172556805362433,1,-0.13079576381646082,0.708750282847003,0.7249112238996354,1.7652429420168616,-0.006222167732982319,1.0,2.6593244200286144,1,0.1465640929038102,-0.991195159596645,0.9981818563334949,-1.4328189854339084,0.0015307249295642034,1.0000000933036561,0.9757290215697163,1,1.147148056612558,-0.8254881555959979,1.4043029377521605,-0.6261723317250761,0.00029230425174238997,1.0,0.31877198489353586,1,-4.758062900256665,2.619808314775762,5.440956064196892,2.638705524286652,0.0092910621793916,0.9999998443235809,0.006252452533938213,0
16.82,-0.0037536188054474932,0.0047316906448000755,-2.5486834864807406e-12,-0.10949479944986792,-0.3796102553102677,0.3954202348084421,-1.8759343334721408,0.0003987953469749752,1.000000118761104,15.943612700927092,1,-0.2717987143761126,0.6668831561238435,0.7259692275451124,1.9683930875175624,-0.006044986565634797,1.0,2.654786684006728,1,0.26959849439368216,-0.9638541142007817,0.9960128165826847,-1.3063848322452494,0.0014086806722747888,0.999999800019986,0.9794739228490273,1,1.2037527169870263,-0.730706542582227,1.398952308102646,-0.5475164609411715,0.00027937372223482275,1.0,0.32380211132992087,1,-4.784374958514545,2.5742010998125933,5.442285876474325,2.648387694743431,0.00912112377536741,0.9999999717266748,0.006247203237682888,0
16.84,-0.003753618805059122,0.004731690644807775,-2.558158112425657e-12,0.0941129699244445,-0.34553690830410105,0.3534452970719896,-1.3285404511910084,0.0003938634481712074,1.0000002577439906,16.314595692327384,1,-0.40124390704366264,0.5974830532671057,0.7269391363697896,2.1709747277211475,-0.005864751339298549,1.0,2.6495205159026467,1,0.38847604580469974,-0.9211692432448249,0.9939167012716116,-1.1794072413925563,0.0012879062591483355,1.0000000882682933,0.9835312268218185,1,1.2534711270921464,-0.6317278258553943,1.3942525976017643,-0.46829325569690483,0.00026770993598194395,1.0,0.3287081376401941,1,-4.810217400297435,2.528341459649538,5.443591934939456,2.6580651759896563,0.008948548662157253,1.0000001845975266,0.006242038044635139,0
16.86,-0.003753618804456505,0.004731690644813864,-2.5627004858475022e-12,0.2641380475073184,-0.1932888996739285,0.31838437733756364,-0.6430686260414294,0.00039175139799667237,1.0000003119209737,17.51471562641823,1,-0.5138721976514162,0.5035038759567628,0.7277816519312891,2.373050296101972,-0.005693081665429719,1.0,2.643746679078456,1,0.5012617157237341,-0.8637286386426773,0.9919276835601205,-1.051905854975961,0.001176675493975278,1.000000119836877,0.9878403523765827,1,1.2959442881921197,-0.5290854830124512,1.390237737774028,-0.38857314711998653,0.0002581672763196138,1.0,0.3334501177954626,1,-4.835588031239342,2.482234069653761,5.4448741354773,2.6677380548660747,0.008777261298121165,0.9999998394500952,0.006236957116908951,0
16.880000000000003,-0.0037536188042507886,0.004731690644813912,-2.562940745048925e-12,0.31397296193478086,0.04394704885443689,0.3080957818507413,0.15075501121626425,0.00039204007855000485,1.000000249767196,19.316083533690477,1,-0.6051412672011721,0.3888689684129343,0.7284628843290352,2.5747018548338123,-0.005539069545532576,1.0,2.637703196281892,1,0.6060971424205956,-0.7923711973392389,0.9900785910864693,-0.9239093935870193,0.0010800429373278295,0.9999998029258702,0.9923350526360682,1,1.3308601402469533,-0.42335022125278676,1.3869372158082347,-0.30843231869894455,0.00025095976666680673,1.0,0.3379875621291452,1,-4.860484700275791,2.4358836196130613,5.446132377645128,2.677406420094826,0.008609793843378373,0.9999999796285132,0.006231960600028682,0
16.900000000000002,-0.0037536188044820385,0.004731690644807676,-2.5637287431878875e-12,0.21013462887174586,0.2590015839462815,0.32949111364104905,0.9156920072425344,0.00039186853609374575,1.0000001074491045,20.699942679890825,1,-0.671392784496883,0.2583051591647725,0.7289555772768217,2.776027631598713,-0.00542128373542072,1.0,2.6316357575934703,1,0.7012350922960424,-0.708177860939919,0.9884003008404658,-0.7954554006132719,0.0009903143512905066,1.0000000590966744,0.9969443488136797,1,1.3579583848015684,-0.3151250119130919,1.384375628750896,-0.2279519727124666,0.0002441601709134578,1.0,0.342280119807928,1,-4.884905299646233,2.389294813411999,5.447366552165469,2.6870703617977396,0.00844050265180197,1.0000001813882684,0.006227048628662885,0
16.92,-0.0037536188045531257,0.004731690644799504,-2.5662640415480276e-12,0.017971221132959268,0.36677040422368684,0.3691045407810171,1.547620115192577,0.00039276650040156823,0.9999999677796809,21.03744981596437,1,-0.7099834808759381,0.11715198944836808,0.7292400754343663,2.9771381065137272,-0.005344222413079029,1.0,2.6257883679846294,1,0.7850732114430341,-0.6124576006584834,0.9869211347737946,-0.6665897767726184,0.0008999895371369541,1.000000143417368,1.0015935956932083,1,1.3770346434629124,-0.20503936371567724,1.3825722916537841,-0.14721745307260733,0.0002361909891517664,1.0,0.34628832265125925,1,-4.9088477648926325,2.3424723687104687,5.448576541281392,2.6967299684336496,0.008263357668986417,0.9999998348309881,0.006222221335278435,0
16.94,-0.003753618804437594,0.004731690644791129,-2.5683734652948154e-12,-0.18042783657828798,0.36121132452304966,0.41001255485430577,2.0522607020981245,0.00039621614273000594,0.9999999120306833,20.569859933887525,1,-0.7193779080138383,-0.028846912308489906,0.7293050201691456,-3.1050335069656954,-0.0052888275630846825,1.0,2.6203944695961354,1,0.8561861373029845,-0.5067281185988111,0.9856662821311578,-0.5373661207597158,0.0008114630703456178,0.9999998106875796,1.0062057530443005,1,1.3879438099594226,-0.09374294584125584,1.3815409081365468,-0.06631725885399971,0.00022742602080408044,1.0,0.3499743511888341,1,-4.932310074854792,2.2954210166231124,5.449762234541057,2.7063853264562505,0.00807953766644983,0.9999999875626286,0.006217478855161477,0
16.96,-0.003753618804353126,0.004731690644782231,-2.5694082278482355e-12,-0.3375021019335554,0.2723375800163193,0.4424075285642687,2.472302848781054,0.00040069858163914316,0.9999999726417029,19.695577841918958,1,-0.6992016067070047,-0.1737637303847306,0.7291477510531016,-2.9039944362793553,-0.00523633450957438,1.0,2.615668711190535,1,0.913354998595085,-0.392691429910204,0.9846572790288322,-0.4078448699603999,0.0007287622144478876,1.0000000284689388,1.0107028344398263,1,1.3906024768972958,0.018101296710246576,1.3812893368183508,0.014658025890414806,0.00021863867379170787,1.0,0.3533028058265333,1,-4.955290251663916,2.248145501399558,5.450923532855154,2.716036522184023,0.007892330727436541,1.0000001778916157,0.0062128213279499574,0
16.98,-0.0037536188043713224,0.004731690644773176,-2.570187986050687e-12,-0.4322912054043097,0.1329854044982429,0.46196560703829687,2.844842823727244,0.0004044200493856577,1.0000001143440032,18.681594658472576,1,-0.6502540703282362,-0.31171138560378386,0.7287744095804316,-2.702808696416934,-0.005179767739069001,1.0,2.611799489865856,1,0.9555933429778543,-0.2722047029075142,0.9839115536251342,-0.2780922443000886,0.0006538572406644986,1.000000163464115,1.0150074798757571,1,1.3849903480953791,0.12982436861092259,1.381819460334034,0.09561686652121737,0.0002103685598744921,1.0,0.35624145467831764,1,-4.977786360735281,2.2006505801060383,5.452060344737883,2.7256836426138693,0.007704269993192973,0.999999830473578,0.006208248898519889,0
17.0,-0.0037536188043989227,0.0047316906447654435,-2.5712596114779718e-12,-0.4567979000992515,-0.028233858173495663,0.46703576471113284,-3.0855082543757977,0.00040666917416930226,1.0000002546829228,17.68814102747053,1,-0.5744813551579337,-0.4370674013724072,0.7281997437400112,-2.501360361946015,-0.005123480857950645,1.0,2.608942357561098,1,0.9821685960674018,-0.14724694804414368,0.9834420484182912,-0.14817901936595398,0.0005868801148030981,0.9999998231138688,1.0190446065284422,1,1.3711505838118974,0.24075860679827182,1.3831271547272501,0.17646794311000227,0.0002030181444479833,1.0,0.35876192370840504,1,-4.999796510760007,2.1529410223082803,5.453172583594793,2.7353267754635744,0.007517129515677778,0.9999999955164505,0.00620376171710039,0
17.02,-0.0037536188043051336,0.004731690644760671,-2.5720909777038337e-12,-0.4093920063272319,-0.18535077495915298,0.45727982107828113,-2.7290488539563182,0.0004071124288818927,1.0000003119971332,16.8254593918597,1,-0.4749086113997656,-0.5446905869898852,0.7274466106820977,-2.2995432626208387,-0.0050785703479992745,1.0,2.6072143811712722,1,0.9926182739966294,-0.019882345577167157,0.9832569344290024,-0.018179162181185187,0.0005274146485603294,0.9999999971397409,1.0227430834948463,1,1.3491890659693766,0.35024502839474086,1.3852023599619747,0.2571213101204917,0.00019700713633010505,1.0,0.36084029851578026,1,-5.02131885369617,2.1050216097555983,5.45426016660038,2.7449660090739556,0.007332268481180329,1.0000001741131084,0.0061993599379748816,0
17.04,-0.0037536188040767967,0.004731690644759366,-2.571396220951705e-12,-0.2933896986325277,-0.3118806168846113,0.43337933967382913,-2.3447982042979336,0.00040586757185200615,1.0000002529362666,16.1975524605572,1,-0.35553333081327354,-0.6301241689221162,0.7265451799787044,-2.0972651399250934,-0.0050581827568908985,1.0,2.6066895443944245,1,0.9867603408833184,0.10777882911344704,0.9833594287463447,0.11183163139684257,0.00047519089361196135,1.000000179483175,1.0260373687272843,1,1.3192726110427389,0.4576404539994245,1.3880292498606583,0.33748951569639973,0.00019289961664645198,1.0,0.3624576101655884,1,-5.042351584760262,2.0568971360666275,5.455323014388293,2.7546014323269077,0.007150889300342866,0.999999826384769,0.006195043716825285,0
17.060000000000002,-0.00375361880383395,0.004731690644760425,-2.5683199057074946e-12,-0.11989777568158493,-0.3778730131289855,0.39762177809832394,-1.9024294393647312,0.00040591739935501303,1.0000001118670465,15.942956805760415,1,-0.22118086485721056,-0.6897786283712819,0.7255318500467175,-1.8944514376704207,-0.005073488346438593,1.0,2.6073952506855647,1,0.9646973131727534,0.23362059854886463,0.9837477225555912,0.2417774533578344,0.0004303779674491797,0.9999998398985592,1.0288690435109498,1,1.2816261970635927,0.5623242278456961,1.3915864958839599,0.41748864845309025,0.00019153047337227964,1.0,0.36360018250664106,1,-5.062892942419264,2.0085724064170285,5.456361051317808,2.764233134607296,0.006974359204155199,1.0000000034773764,0.006190813207339248,0
17.080000000000002,-0.003753618803762354,0.004731690644762218,-2.5636363691627917e-12,0.08342347089222785,-0.3498288940858013,0.35570684035110717,-1.3616843517582118,0.0004091446154056352,0.9999999708757534,16.274417301872955,1,-0.07732486423536607,-0.7210871302364221,0.7244479017994646,-1.6910485859668962,-0.005119807399023293,1.0,2.60931026098029,1,0.9268139510393106,0.35556184050372935,0.9844150219248904,0.371583706751342,0.0003947948140621501,0.999999965881019,1.0311881822670947,1,1.236529305714396,0.663704376343402,1.3958476154975707,0.49703928340677334,0.00019411545529054433,1.0,0.3642598280274345,1,-5.082941208383346,1.9600522372295313,5.457374206440744,2.773861205892972,0.006804804173687472,1.000000170058733,0.006186668557832046,0
17.1,-0.003753618803900693,0.004731690644764366,-2.5594207742757336e-12,0.257472622528857,-0.20391879635906257,0.3198166437853361,-0.6840097684522878,0.0004111366367626957,0.9999999120033234,17.42757989256935,1,0.07012323576480985,-0.7226262207153897,0.7233379099187491,-1.4870266286633826,-0.005171104100330364,1.0,2.6123646565919594,1,0.8737686266523917,0.47159584685850126,0.9853496987255764,0.5011785867419033,0.00037183421195157416,1.0000001910798448,1.0329545035741516,1,1.184311508561053,0.7612230733783824,1.4007813924392865,0.5760673029429589,0.0002020394795908704,1.0,0.3644338958715274,1,-5.102494707599513,1.9113414558667867,5.4583624146557215,2.7834857372614867,0.006645640960558218,0.9999998225710395,0.006182609908413172,0
17.12,-0.0037536188039687048,0.004731690644767993,-2.5563735156497458e-12,0.31566833018946994,0.031024671206499106,0.3078029455205839,0.10677497605404015,0.0004112105027219232,0.9999999695068309,19.217890217340926,1,0.21504974508961588,-0.6941946548109978,0.7222479518465743,-1.282381002734,-0.005209579125520297,1.0,2.616441187478338,1,0.8064787023996505,0.5798277744575713,0.9865355466289868,0.6304944711051056,0.00036081045578800617,0.9999998606280832,1.034138260089099,1,1.1253474464056057,0.8543613123086822,1.4063523553718602,0.6545045727917956,0.00021534736347803173,1.0,0.3641251953745639,1,-5.121551808245788,1.8624449003272474,5.459325613391347,2.793106822020584,0.006498727791046621,1.000000011432793,0.006178637389432218,0
17.14,-0.00375361880403175,0.004731690644772294,-2.5536109685142527e-12,0.21916362055618532,0.2502091934641957,0.32768322420508084,0.8770510143067668,0.0004109976680082878,1.000000109925759,20.650487048880215,1,0.3513912577840717,-0.6368439796234808,0.7212236947760826,-1.0771333013891313,-0.005245753344885199,1.0,2.6213783799749635,1,0.7261004720242489,0.6785089894289792,0.9879521405964473,0.7594691809503007,0.00035257736847299454,0.9999999354629754,1.0347208242621522,1,1.0600513616956335,0.9426427189290918,1.4125213070761613,0.7322894632198239,0.0002314285362038909,1.0,0.36334182342254717,1,-5.1401109217248635,1.8133674189440385,5.4602637295962975,2.8027245555684344,0.006358117911995093,1.000000165734914,0.006174751123005887,0
17.16,-0.003753618804428497,0.0047316906447752915,-2.5529630492959754e-12,0.029448833915060382,0.36456802394645194,0.366788293977944,1.516800101870497,0.00041094265286559906,1.0000002515522233,21.043451250268525,1,0.4733941185871961,-0.5528559623197257,0.7203084287901941,-0.87133091849672,-0.005288201179329146,1.0,2.6269759837866418,1,0.6340044008519309,0.766067464918095,0.9895752870411777,0.888047092267906,0.0003431823252670238,1.0000001979683872,1.034694941124943,1,0.9888713463716904,1.0256364748227427,1.4192458843266278,0.8093672248974495,0.00024823041787455923,1.0,0.36209690539457423,1,-5.15817050265645,1.7641138700861623,5.461176676449631,2.812339032288585,0.006216793494899842,0.9999998190384319,0.006170951226929688,0
17.18,-0.003753618804954606,0.004731690644778075,-2.55690846100165e-12,-0.17016193815108635,0.36452757094409355,0.40794307562240434,2.027315512535925,0.0004125865628043968,1.0000003119756902,20.608637895573494,1,0.5758689439416902,-0.44566422072016804,0.7195411390651957,-0.6650455125017468,-0.005326301617997676,1.0,2.633002538947275,1,0.531746534005014,0.8411335815101463,0.9913775296032328,1.0161800646741193,0.0003381188234362969,0.9999998847916738,1.034064729768396,1,0.9122834621736837,1.1029593540163776,1.4264811092788943,0.885690219738561,0.00026547017504425,1.0,0.360408236214468,1,-5.175729048868406,1.7146891218608975,5.462064368345389,2.8219503445242573,0.006074121216762061,1.0000000193700953,0.0061672378156574625,0
17.2,-0.003753618805305609,0.00473169064478285,-2.5651176061708414e-12,-0.33020270432445825,0.2793167148889199,0.4409473468704752,2.4509176053055386,0.00041548716674007143,1.0000002560365575,19.748430551928518,1,0.6544271292243143,-0.31972042510203325,0.7189547247439956,-0.45837025999472764,-0.005351242496425849,1.0,2.6392048371858654,1,0.4210370176778188,0.902560891729087,0.993328699298699,1.1438281577032823,0.0003441315014381273,0.9999999066350979,1.0328453641060225,1,0.83078587942377,1.1742769067141563,1.4341799289382628,0.9612180038209283,0.0002828665508961553,1.0,0.3582977893438576,1,-5.192785101387984,1.6650980518176044,5.462926726714049,2.8315585841873436,0.0059312569194668865,1.0000001611485019,0.006163610998695696,0
17.220000000000002,-0.003753618805437514,0.004731690644790154,-2.5755697487944706e-12,-0.42867516034388314,0.14194235180287518,0.46126328256912064,2.8252686514531526,0.0004183356137886836,1.0000001162850538,18.737280304288777,1,0.7056859983098197,-0.18030898025712683,0.7185744580544351,-0.25141596200966265,-0.005363676204170293,1.0,2.645318940317543,1,0.3037067079412919,0.9494416265850901,0.9953965049737513,1.2709601375311759,0.0003659541449801939,1.0000001999790717,1.0310624352236082,1,0.7448931658027697,1.2393038487592785,1.442293746174638,1.0359172820981557,0.00029986831752296003,1.0,0.3557911130327034,1,-5.209337244433579,1.6153455466537856,5.463763676898968,2.841163843563697,0.005788428082480214,0.9999998157925435,0.006160070880378861,0
17.240000000000002,-0.0037536188054539846,0.004731690644798762,-2.5865882786330063e-12,-0.4571035688074504,-0.018764087659330807,0.46714114076464797,-3.1046229331493183,0.00042093766197847613,0.9999999740406982,17.73965693123459,1,0.7274301254777489,-0.033317826703550955,0.7184167760275281,-0.04430616980361844,-0.00537048078801476,1.0,2.6510822372093297,1,0.18167281554845668,0.9811169211692681,0.9975471434883442,1.397553779911037,0.0004061882310233666,0.9999999117939502,1.028751100376239,1,0.6551308367342055,1.297803732774485,1.4507729302727652,1.1097617539840015,0.00031597585759466436,1.0,0.3529166745974716,1,-5.225384105405899,1.5654365019232783,5.46457514551195,2.850766215285547,0.005645013841389416,1.0000000272767078,0.006156617561587452,0
17.26,-0.003753618805469656,0.0047316906448071445,-2.5976876899536094e-12,-0.4135854797925786,-0.17676673789174738,0.4581864630535478,-2.748950689943908,0.0004236706689978564,0.9999999120735668,16.8673073838315,1,0.7187184630810811,0.11502351978707791,0.7184884844155226,0.1628284218324098,-0.0053798664511493085,1.0,2.6562458608299644,1,0.0569044652354149,0.9971819153678511,0.9997459104420409,1.5235959786925857,0.00046581279846619314,0.9999998801076931,1.0259550535310347,1,0.5620302560915157,1.3495879891506688,1.4595672966015747,1.1827318653987753,0.00033090288888273825,1.0,0.3497052016449114,1,-5.240924354877981,1.5153758217460638,5.465361059474751,2.8603657921141576,0.005499978303087766,1.000000156306763,0.006153251142194965,0
17.28,-0.0037536188055219614,0.004731690644814665,-2.6091635362684995e-12,-0.3011362722625342,-0.30569196773471435,0.43501853262262896,-2.3669158101072396,0.0004263160857388372,0.9999999664414992,16.223552659280475,1,0.6799301313852264,0.25842480504482745,0.7187864278363886,0.36985599976431244,-0.005396710123701017,1.0,2.6605866878490496,1,-0.06861105243976533,0.9974860335086447,1.0019577972523255,1.649082675575271,0.0005444214515599321,1.0000001970623558,1.0227253616893506,1,0.4661239528753779,1.3945144323739322,1.4686265485797358,1.254814483999078,0.0003446255919006067,1.0,0.3461890490725114,1,-5.255956706584378,1.4651684185193345,5.466121346067209,2.869962666726734,0.00535222035641562,0.9999998128385171,0.006149971722979601,0
17.3,-0.0037536188054759275,0.004731690644821847,-2.6208102528457733e-12,-0.13027873211154362,-0.37583025892838556,0.39980401466194887,-1.9286616969099895,0.0004279526397605403,1.0000001055085275,15.943922516158441,1,0.6127457666698444,0.3908192119586314,0.7192976487121482,0.5766497218995198,-0.005418526754859482,1.0,2.6639181271951444,1,-0.19290068085963796,0.9821288577851918,1.0041480632902553,1.7740186312993635,0.0006406141723485814,0.9999999409695876,1.0191192167535603,1,0.3679413975536443,1.4324853307457501,1.4779006772232424,1.3260025151961004,0.00035745854030513766,1.0,0.34240160598002284,1,-5.270479917409777,1.4148192126294175,5.466855933727966,2.879556931548734,0.005200970797125081,1.0000000351401026,0.00614677940623714,0
17.32,-0.0037536188051187566,0.004731690644829443,-2.6306949240523236e-12,0.07258349519111561,-0.35373774237782074,0.3579832242386685,-1.3944377563813524,0.00042821308460661884,1.0000002483534194,16.236667902458894,1,0.5200657271802742,0.5066350472631803,0.720000023681812,0.7830935101204697,-0.005432503692609517,1.0,2.666098978465332,1,-0.3140361257555546,0.9514520837792646,1.0062827739338966,1.8984170612481772,0.0007530692450850384,0.9999998565343856,1.0151986498119931,1,0.26800526183709716,1.4634451359320797,1.4873403152521798,1.3962944763093532,0.00037024535898538396,1.0,0.33837674981329907,1,-5.28449278737745,1.3643331321644847,5.467564753755876,2.8891486787123832,0.005046409214361671,1.0000001512173693,0.0061436742949469575,0
17.34,-0.0037536188045154814,0.004731690644835823,-2.63582753713687e-12,0.25038256023651195,-0.21424076269094305,0.3213189270235429,-0.7246002273727034,0.00042839758037863584,1.000000311856655,17.34260248405762,1,0.40587070218904026,0.6010402292799051,0.7208633332175007,0.9890872146301916,-0.005416165890020571,1.0,2.667039798864513,1,-0.4301621226841794,0.9060280843523587,1.008329296828156,2.0222991596734765,0.000881346306298791,1.0000001892901058,1.011029249700477,1,0.1668281683118301,1.4873779637522582,1.4968970435794091,1.465694044802328,0.0003844316823103777,1.0,0.3341483524452837,1,-5.2979941596385265,1.31371511262831,5.468247742647625,2.8987380004287338,0.004890199618792373,0.999999810181033,0.006140656490706665,0
17.36,-0.003753618804240638,0.004731690644836577,-2.6363071881779776e-12,0.3168059544356163,0.018069695684270907,0.3076073355503185,0.0627191963011695,0.0004295299465325599,1.000000259066556,19.118632470620597,1,0.27503386628148596,0.6701472172666872,0.7218506926166955,1.194550874168276,-0.005351920441925815,1.0,2.666706437380218,1,-0.539522179685378,0.8466456148409812,1.0102567486508904,2.145693534644118,0.0010214000337299555,0.9999999715997103,1.0066789218984673,1,0.06490992184683184,1.504304910084381,1.5065236486292564,1.5342095926432917,0.00040064888009509996,1.0,0.3297498412941039,1,-5.310982920462254,1.2629700966553474,5.468904840889516,2.908324990114945,0.004733038388172952,1.0000000429478213,0.006137726091147283,0
17.380000000000003,-0.003753618804450168,0.0047316906448308,-2.636832158869895e-12,0.22784734189936365,0.2411035350436019,0.32592972551025406,0.8379985476202142,0.00043109066227172387,1.0000001207009706,20.597903581375366,1,0.13309629977995627,0.7111692595375015,0.7229202583932796,1.3994278762424297,-0.005246687622856807,1.0,2.665120643197587,1,-0.6404816430765496,0.7742931730167781,1.012036389936385,2.2686355676348353,0.0011560253118910225,0.9999998364960117,1.0022167172996899,1,-0.03726479683437775,1.5142812765847777,1.5161743382834827,1.6018537140668603,0.00041652183292463925,1.0,0.325213817551394,1,-5.323457999226998,1.2121030337275096,5.469535981316145,2.917909742679533,0.0045690156588062344,1.0000001458883843,0.006134883188935709,0
17.400000000000002,-0.003753618804547442,0.004731690644822697,-2.6391759871263742e-12,0.04084021767355468,0.36203982820432445,0.3644746021665159,1.485606314115974,0.00043462389302946426,0.9999999772729706,21.047244078597984,1,-0.013981231330036809,0.7225225111403764,0.7240271150268451,1.6036869305917802,-0.005104073490093804,1.0,2.6623578670346344,1,-0.73154802832164,0.6901404880633734,1.0136419810341792,2.3911667184199565,0.001267274674624819,1.0000001768538271,0.9977117500489188,1,-0.13922830361224867,1.517393770829925,1.5258049324628273,1.66864276394437,0.00043027041300680824,1.0,0.32057173446126974,1,-5.335418368411433,1.161118879892491,5.470141083654156,2.9274923516429765,0.004391678433393131,0.9999998078243019,0.006132127872945585,0
17.42,-0.003753618804435449,0.004731690644814399,-2.6412641605105813e-12,-0.15983921851868632,0.3676121734601702,0.40584849497674197,2.002132010236723,0.0004376346880741784,0.9999999122413792,20.64644420003347,1,-0.1600768686516949,0.7038722266568449,0.7251252312871401,1.8073228514181663,-0.004905149749712052,1.0,2.658542414723224,1,-0.8113886322178891,0.5955185605318823,1.0150500951429386,2.5133338105587013,0.0013500504147026795,1.000000002929605,0.993232213502126,1,-0.2405313834949126,1.5137577348783577,1.5353730136939627,1.7345964240522633,0.00044313597360368665,1.0,0.31585364341958333,1,-5.346863043585842,1.110022597482685,5.470720069254806,2.9370729076577895,0.0042011677712233565,1.0000000506874926,0.006129460226782282,0
17.44,-0.0037536188043414643,0.004731690644805601,-2.642236689859301e-12,-0.322783794504753,0.2861636699216593,0.43945091535414227,2.4294022608905492,0.00043846972887008677,0.9999999634472039,19.80107998326864,1,-0.299164202347941,0.656124480241645,0.7261693966406727,2.0103561756151285,-0.004643264665104454,1.0,2.6538405558064637,1,-0.8788454964971235,0.49189861515599304,1.0162403733503236,2.635188302239022,0.001404531605004265,0.9999998204863086,0.9888444992008115,1,-0.34074440105028697,1.5035144452802953,1.5448380287614052,1.7997372893939725,0.00045660001357740275,1.0,0.3110880148890663,1,-5.357791083405104,1.0588191548348571,5.471272869492018,2.9466515000348834,0.003999847216214221,1.000000140328251,0.006126880323936156,0
17.46,-0.0037536188043552736,0.0047316906447965506,-2.6428608650500007e-12,-0.42491520989292697,0.15085386465097964,0.46052095531218634,2.8056410393136346,0.0004396501705710119,1.0000001010944646,18.793197465175844,1,-0.4255559115784382,0.581367425915409,0.7271170484553249,2.2128317203658936,-0.004334679381114971,1.0,2.6484526913064133,1,-0.9329478271127962,0.38087026576487215,1.0171957319118454,2.7567855416518263,0.0014317568349876328,1.0000001600599444,0.984612416063284,1,-0.43945808934267877,1.4868285177212246,1.5541613584425367,1.864090475810188,0.00047132400375908426,1.0,0.30630161761495206,1,-5.36820158960429,1.0075135260117107,5.471799424064963,2.9562282178014754,0.0037896199234600868,0.9999998057720578,0.006124388223793549,0
17.48,-0.0037536188043875616,0.004731690644788691,-2.6437902431522553e-12,-0.45726024845649665,-0.0092606633038285,0.4672059067497514,-3.123729488276485,0.0004417863965158207,1.0000002450880727,17.791687272073197,1,-0.5341256527541838,0.4827679109910144,0.7279299185861283,2.414816263712573,-0.003999569847142116,1.0,2.6426042478238703,1,-0.9729219895905581,0.26411913122820796,1.0179025301626234,2.8781840169567143,0.0014339415874862536,1.000000034187316,0.9805965228515345,1,-0.5362840589086608,1.4638854422217789,1.563306362584666,1.927683257797936,0.00048753253393091835,1.0,0.3015194287346842,1,-5.378093706995782,0.9561106905259249,5.472299678810961,2.965803149908257,0.0035719630272260028,1.0000000583468542,0.006121983970343076,0
17.5,-0.00375361880431105,0.0047316906447836884,-2.644590059094898e-12,-0.4176398387745139,-0.16806893865978084,0.45905395674944366,-2.768781537772222,0.0004450082433592805,1.0000003116400857,16.909932060405257,1,-0.6205014105911191,0.3644303043841373,0.7285754653164475,2.616395511060238,-0.0036551052228579843,1.0,2.636535947856858,1,-0.9981992005886805,0.1434040854785891,1.0183506992262468,2.999444607090323,0.001414218068941101,0.9999998088997488,0.9768535964612215,1,-0.6308550666230732,1.4348892682302383,1.572238403505219,1.9905447395034919,0.0005053951540950902,1.0,0.2967645713477017,1,-5.387466623466763,0.9046156330667945,5.472773584911681,2.975376385206301,0.0033482717222940144,1.0000001345457794,0.006119667593631989,0
17.52,-0.0037536188040961167,0.004731690644782157,-2.6440035057195832e-12,-0.30877552188790874,-0.299300078148169,0.4366235647611642,-2.388881528435314,0.00044854355526357067,1.000000262024783,16.2506928053231,1,-0.6812254465178118,0.23122478763754292,0.7290280546392257,2.817670496416477,-0.003310881282439907,1.0,2.6304941921570655,1,-1.008421024523452,0.02053427588913897,1.0185338317978556,3.1206298377655872,0.0013757061202829427,1.0000001393222517,0.9734361758772769,1,-0.722825081665031,1.400060451899499,1.5809248512703915,2.0527055585453677,0.0005251915548665732,1.0,0.29205828804194284,1,-5.396319569976409,0.8530333432293786,5.473221098938624,2.9849480124101517,0.003120095640908213,0.9999998040275523,0.006117439113621594,0
17.54,-0.003753618803847342,0.00473169064478316,-2.641091663944939e-12,-0.14062930366092072,-0.37348275901906747,0.40196566172976833,-1.9546275283659131,0.000450561850233553,1.0000001251126414,15.946630104777029,1,-0.7138775984057668,0.08859229868000566,0.7292698654863798,3.0187535651243826,-0.0029641161311227807,1.0,2.624721736957376,1,-1.0034427643039183,-0.1026539929265415,1.0184492373328002,-3.0413821621165598,0.0013209774038523425,1.0000000646026665,0.9703921099275408,1,-0.8118691832467954,1.3596338716022591,1.5893350740424295,2.114197621648962,0.0005474019731870231,1.0,0.2874199515182118,1,-5.404651820551601,0.8013688152456576,5.473642183481423,2.994518120088561,0.00288939862197805,1.0000000659137702,0.006115298545802868,0
17.560000000000002,-0.003753618803758393,0.004731690644785031,-2.636452688109525e-12,0.06160545485585513,-0.3572574288015297,0.3602711394886672,-1.4267933125601864,0.0004496229009369935,0.9999999805709934,16.201479170715807,1,-0.7171599259209096,-0.0576669894094434,0.7292915019806228,-3.0634212398851033,-0.002595328390236053,1.0,2.6194487528024846,1,-0.9833348066407563,-0.22432043973014676,1.0180979688528145,-2.9201571609523156,0.0012510764650293675,0.9999998020218203,0.9677640338019726,1,-0.8976833221037669,1.3138570129440506,1.597440416198101,2.175053871085821,0.0005728793540237002,1.0,0.2828671063657614,1,-5.4124626922805,0.7496270477170329,5.474036808546957,3.0040867967471705,0.0026589927788626825,1.0000001285501314,0.006113245907542881,0
17.580000000000002,-0.0037536188038887154,0.004731690644787187,-2.632115445738714e-12,0.24287843803788872,-0.22423273179648512,0.32288728675619793,-0.7648120884319382,0.0004466700364294049,0.9999999125066786,17.260050529561596,1,-0.6909415745842488,-0.20161515013489187,0.7290922935352234,-2.8623614249730727,-0.002167098133464258,1.0,2.6148842769894403,1,-0.9483819511323177,-0.34264399743724727,1.017484830517626,-2.7988173924650814,0.0011649835012726287,1.0000001151517175,0.9655886368808142,1,-0.9799839748035526,1.2629883209486392,1.6052141659116776,2.2353080810656785,0.0006030445205298532,1.0,0.27841553455827794,1,-5.41975154530415,0.6978130433474234,5.47440495373075,3.0136541312710574,0.0024328594151449643,0.9999998025935495,0.006111281223645415,0
17.6,-0.003753618803970266,0.004731690644790741,-2.629013543323233e-12,0.31737299628903226,0.005115083550469421,0.3075089640802681,0.01863470837561344,0.00044433260492734707,0.999999960525406,19.018700081463216,1,-0.6362633310439798,-0.3374017435954438,0.7286802641417973,-2.6611323928267256,-0.0016448798048301749,1.0,2.6112083987272676,1,-0.8990807203450591,-0.45584595841090475,1.0166183735064445,-2.6773010594336264,0.0010603804259186856,1.0000000934262345,0.9638958589024281,1,-1.0585077168243147,1.207295714372103,1.6126315108478164,2.2949946821364846,0.0006389585782325541,1.0,0.2740793384976756,1,-5.426517782806387,0.6459318086762298,5.474746607597864,3.0232202141689606,0.002213768768122155,1.0000000733762513,0.006109404529737079,0
17.62,-0.0037536188040186097,0.0047316906447951385,-2.626227469000597e-12,0.23615376660344134,0.2317014976090468,0.32423439806391635,0.7985610538507372,0.00044258875627640494,1.000000096685724,20.54236926360441,1,-0.5553017985126445,-0.45948674232059006,0.7280717852546021,-2.45962058585724,-0.0010441248890981395,1.0,2.608566276715757,1,-0.8361346061937677,-0.5622129986718206,1.0155108605029546,-2.5555484064911607,0.0009358587990750904,0.9999998000219923,0.9627087969257442,1,-1.1330107372474383,1.1470552550359956,1.6196694825918545,2.354148606173451,0.0006787995113168619,1.0,0.2698710369603673,1,-5.432760851002619,0.5939883538108915,5.4750617561944965,3.0327851383490665,0.0019980649543414847,1.0000001223508062,0.006107615874108568,0
17.64,-0.003753618804388512,0.004731690644798246,-2.6252898509618317e-12,0.052114703511221376,0.3591872161100267,0.3621671723680096,1.4540474052604877,0.00044040790122266374,1.0000002417577765,21.04886682461299,1,-0.45129358590296803,-0.5628549704181951,0.7272909866617564,-2.257722948513378,-0.00042766140283985086,1.0,2.6070643683565855,1,-0.7604471564521464,-0.6601199852858304,1.014178157566964,-2.4335025340041523,0.0008017643891494276,1.0000000881438933,0.9620445802566817,1,-1.2032683149679544,1.0825499635556692,1.6263069087031619,2.4128051485881623,0.0007199240969986499,1.0,0.265801669780044,1,-5.438480239127916,0.5419876921588491,5.475350374020699,3.0423489966075103,0.00178134837302172,0.9999998014723214,0.006105915319181408,0
17.66,-0.0037536188049174567,0.0047316906448008865,-2.6288418056991114e-12,-0.1494853580071814,0.3704596088519872,0.4037309055271032,1.9767136510823822,0.0004389270955376127,1.0000003113260882,20.683281193663245,1,-0.3284204826124133,-0.6432155763243297,0.7263689754593828,-2.0553508638161646,0.00013835480603947354,1.0,2.606767171584586,1,-0.6731127813391534,-0.7480524611870358,1.012639551186667,-2.3111102121909735,0.000676386152131823,1.00000011994782,0.9619148366481478,1,-1.2690742736567846,1.0140687718669754,1.6325243741203446,2.4709998606041803,0.0007622293784376274,1.0,0.2618809071259306,1,-5.443675479424801,0.4899348401581537,5.475612436263919,3.0519118797202642,0.0015652065403312305,1.000000080722474,0.006104302939045429,0
17.68,-0.0037536188052971833,0.004731690644805356,-2.6368228347312117e-12,-0.3152674458155003,0.292868232980825,0.43791794878788504,2.407760872652904,0.00043869308345706915,1.0000002649097952,19.85351945952132,1,-0.19165739234707915,-0.6971796839358174,0.7253428029288644,-1.8524338044361626,0.0006070769880609859,1.0,2.607693692329399,1,-0.5754051727003071,-0.8246286641310584,1.0109175135340702,-2.1883226453620677,0.0005700846490680678,0.9999998029495397,0.9623250628159776,1,-1.3302404302243582,0.9419056023990672,1.6383041700782113,2.528768466383998,0.0008065415066054022,1.0,0.25811716078026115,1,-5.448346147132815,0.4378348170068397,5.475847927977883,3.0614738777457604,0.0013528232532698486,1.0000001159576264,0.006102778812229233,0
17.7,-0.0037536188054481,0.004731690644812352,-2.6472727547403874e-12,-0.4210300381562399,0.1597045848629662,0.4597357061428907,2.7859685355119286,0.0004391601251927537,1.0000001295179135,18.849345445919724,1,-0.04658596036265734,-0.7224090631475082,0.724254130554463,-1.6489225207072011,0.0009582753901971059,1.0,2.6098149177678813,1,-0.4687632309656724,-0.8886208633575031,1.0090374346870286,-2.065096202029039,0.00048343933399225183,1.000000058964241,0.9632737770801887,1,-1.3865960491900697,0.8663585634154743,1.6436302373554414,2.586146793171205,0.0008533753666442268,1.0,0.25451769632598803,1,-5.45249186048152,0.38569264439231676,5.476056842453785,3.0710350811838913,0.0011463456645703263,0.9999998006656443,0.006101343014433907,0
17.720000000000002,-0.0037536188054646744,0.004731690644820798,-2.658391844330421e-12,-0.4572819317353679,0.0002553922575325141,0.4672247696414489,3.1403737438590125,0.00044000950748115177,0.9999999839331568,17.844249154805436,1,0.1008216162686361,-0.7177285517871668,0.7231476289497213,-1.4447915493336465,0.0011947844503180935,1.0,2.613053271227558,1,-0.3547743900984254,-0.938975728031955,1.0070273242816346,-1.9413931287939323,0.0004124739331843331,1.0000001435139414,0.9647520353962276,1,-1.437987313259868,0.7877292498995391,1.6484881129186588,2.6431707143934986,0.0009028899782666057,1.0,0.2510887456557829,1,-5.456112280686172,0.33351334622173323,5.476239178234775,3.0805955812464414,0.0009469733887379179,1.0000000879407989,0.006099995613839225,0
17.740000000000002,-0.0037536188054807444,0.004731690644829148,-2.669584605458075e-12,-0.42156218710764437,-0.15928350351597648,0.45987539072832095,-2.7885143636807346,0.00044127488180164225,0.9999999128693359,16.95337741010323,1,0.24444223022096268,-0.6831952412931125,0.7220691780894422,-1.2400408533768,0.001334790929956929,1.0,2.617284199118499,1,-0.2351552503487794,-0.9748333829709859,1.0049174730782153,-1.817182242052303,0.00035251683873890676,0.9999998107323291,0.9667432437405344,1,-1.484276818687399,0.7063221393693534,1.6528648803645984,2.6998761061177525,0.0009550325855672112,1.0,0.24783561758979758,1,-5.459207111945168,0.28130194835366823,5.476394937385536,3.09015546982028,0.0007553303400045316,1.0000001093807216,0.0060987366690921155,0
17.76,-0.0037536188055330103,0.0047316906448366105,-2.681133472789282e-12,-0.31630530212651425,-0.2927338628531213,0.4381870593921754,-2.410655529820177,0.0004423761590649368,0.9999999576775316,16.279048345667604,1,0.37825653271484044,-0.6201183189973767,0.7210639451419667,-1.034696439491535,0.0014044918414012827,1.0,2.6223398654649563,1,-0.1117294764312723,-0.9955447494299928,1.002740067184517,-1.6924395805261476,0.00029982219831814537,1.000000028331735,0.9692231112756936,1,-1.5253431026317839,0.6224440722779393,1.6567491238688374,2.756298815595645,0.0010096607573999905,1.0,0.2447628035497205,1,-5.461776101438814,0.2290634783310968,5.476524124652413,3.09971483936788,0.0005717250308433227,0.9999998001747967,0.00609756622918586,0
17.78,-0.0037536188054988987,0.004731690644843667,-2.6929136817590432e-12,-0.15093647056447157,-0.3708575784597326,0.40410024631089336,-1.9802732085417105,0.00044178812415650315,1.0000000922844579,15.951185822846123,1,0.496608180585518,-0.5310250857716436,0.7201744238200227,-0.828809834951419,0.0014323472775307389,1.0,2.6280149543858298,1,0.01359701184576094,-1.0006867138468305,1.0005287529925009,-1.5671489982168667,0.0002524436636465932,1.0000001635439397,0.9721596835209012,1,-1.5610802084458841,0.5364038070913574,1.6601308861124662,2.812474640297198,0.0010666604628092253,1.0,0.24187407768731783,1,-5.463819039328615,0.17680296511527177,5.476626747282858,3.1092737828162136,0.0003964343084035121,1.000000095019789,0.006096484334117244,0
17.8,-0.003753618805178653,0.004731690644851137,-2.7031713727230372e-12,0.05051216610192715,-0.3604053668728682,0.3625666396247369,-1.4586826016589596,0.0004387078085174075,1.000000238364156,16.16899038050397,1,0.5944555208038806,-0.4195710829825261,0.7194385283985189,-0.6224563579268915,0.0014455691914719302,1.0,2.634074528974224,1,0.13886344096597772,-0.9900746229687476,0.9983181549574808,-1.4413026759502179,0.0002108301403428783,0.9999998231785958,0.9755134503429692,1,-1.5913972936231384,0.44851164050114506,1.6630016309280011,2.8684393160446264,0.001126111502714505,1.0,0.23917259188631557,1,-5.465335758756969,0.124525438820196,5.476702815734257,3.1188323934902176,0.0002301403607986079,1.000000102630512,0.006095491015387355,0
17.82,-0.0037536188045790126,0.004731690644857749,-2.7089139986074054e-12,0.23498196989456296,-0.23389296069987936,0.3245229895449601,-0.8045617590492546,0.00043429612811345846,1.0000003109148157,17.180117854325605,1,0.6676025437023864,-0.29039538200355053,0.7188878421345688,-0.41573218407498347,0.0014679774082843012,1.0,2.6402637574719874,1,0.2620839545597612,-0.9637715766533664,0.9961433518158244,-1.3149015296662157,0.00017899111763866274,0.9999999970011472,0.9792375609449749,1,-1.6162182841537525,0.3590790835514461,1.6653542111382493,2.9242285135696204,0.0011884351925142821,1.0,0.23666096537338058,1,-5.466326135847747,0.07223593044750615,5.476752345515081,3.128390765341229,7.422314557325901e-05,0.9999998000005561,0.0060945862958673306,0
17.84,-0.0037536188042352416,0.004731690644859189,-2.70968802409087e-12,0.3173670278303366,-0.007828668187351694,0.30751737487615777,-0.025408384060155265,0.0004311044922048405,1.0000002677201845,18.91814860731361,1,0.7128958763870474,-0.1489256824511775,0.718546123333783,-0.20875029508848023,0.001508867530646051,1.0,2.6463190490003208,1,0.381279408547134,-0.9220939845039973,0.9940393185563644,-1.1879554923074926,0.00016091152023028403,1.0000001795442839,0.9832782207014064,1,-1.6354815782605752,0.26841858481629577,1.667182839129016,2.9798778435005353,0.0012537640282392127,1.0,0.234341368492659,1,-5.4667900897077795,0.019939471621818312,5.4767753572683455,3.137948993993335,-7.147212390760536e-05,1.0000001019482283,0.006093770189175228,0
17.86,-0.003753618804419578,0.004731690644853911,-2.7099685004166284e-12,0.24406610718838967,0.22199238584096687,0.32260943498170647,0.7587452811824378,0.00042871025280792087,1.000000133914637,20.48343536285857,1,0.7283757028602579,-0.0011415732593185652,0.718428172706198,-0.001635484936702118,0.0015467520977691285,1.0,2.6519800322522804,1,0.49451071576603095,-0.8656128782712178,0.9920403403382889,-1.0604836367736117,0.00014800526732751274,0.999999839981669,0.9875752242430476,1,-1.649139801813889,0.17684329211699948,1.6684830534339536,3.0354228654275,0.0013202954877015287,1.0,0.23221560059585272,1,-5.466727582429114,-0.03235890567306939,5.4767718662421085,-3.1356781294883382,-0.00021336624315140948,1.000000095717693,0.006093042700379743,0
17.880000000000003,-0.003753618804540712,0.004731690644845917,-2.712114414342784e-12,0.06326529486429804,0.35598436651500576,0.3598731923084819,1.4220922165290546,0.0004271233108869379,0.9999999873578203,21.047658221687342,1,0.7133708131975196,0.14669232206727836,0.718539117371916,0.20548131488704352,0.0015589861336171827,1.0,2.657002248655748,1,0.5999131308361533,-0.7951505368532144,0.9901793995654058,-0.9325141185665989,0.000128660809028096,0.9999999657444506,0.9920626256242062,1,-1.657159617125993,0.08466684456908447,1.6692516917905693,3.0908990918792645,0.0013858430491794737,1.0,0.23028516215284153,1,-5.466138619091274,-0.0846541693568923,5.47674187079605,-3.1261198921902027,-0.00035836338557976343,0.9999998001431986,0.006092403830189643,0
17.900000000000002,-0.0037536188044323977,0.0047316906448376765,-2.7141751303069728e-12,-0.1390976144031789,0.37304289682168645,0.4015925613031012,1.9510247512867376,0.0004284192421574211,0.9999999133291737,20.71854354799914,1,0.6685313939732934,0.2883090389875562,0.7188741429640229,0.4124690823002533,0.0015420574028739951,1.0,2.661168880479834,1,0.6957307360546444,-0.7117720769595768,0.9884875545018162,-0.8040839414779384,0.00010342509754512459,1.0000001911207324,0.9966696271483045,1,-1.659521586366504,-0.0077968130194227755,1.669486887809177,-3.136843310719886,0.001450141005622627,1.0,0.22855132049965285,1,-5.465023247762034,-0.1369412875154091,5.476685362587547,-3.116561504931737,-0.0005072436031475612,1.000000108715139,0.006091853578924148,0
17.92,-0.0037536188043321515,0.004731690644828983,-2.715086835913816e-12,-0.30764691942062705,0.2994062268667321,0.43634847195684795,2.3859628176674184,0.0004319913469627299,0.9999999549049704,19.90524836669284,1,0.5957973266469073,0.4177221104997813,0.7194187242803892,0.6192027521823699,0.0014991601304633164,1.0,2.6643011106361487,1,0.7803502801549549,-0.616771795721105,0.986993340230388,-0.6752385258867649,7.642931929556211e-05,0.9999998607275277,1.0013216723597287,1,-1.6562200905020228,-0.10023360116335023,1.6691880710588491,-3.08139827405764,0.0015135876320304525,1.0,0.22701516886522594,1,-5.463381559497643,-0.18921522866355014,5.4766023374620145,-3.1070028727293977,-0.0006591240220752642,1.0000000886532177,0.006091391946785882,0
17.94,-0.0037536188043394915,0.0047316906448199745,-2.7155689264098115e-12,-0.4170123195627743,0.16847293053360088,0.4589075063520149,2.7662252205856945,0.00043580583541626594,1.0000000878928137,18.90531007345673,1,0.4983041489312496,0.5294928449564222,0.72014933552752,0.8255689091420924,0.0014353527943073994,1.0,2.6662666092784475,1,0.8523334411166072,-0.5116542212080624,0.98572220035669,-0.546031062287199,4.971629475215842e-05,0.9999999353317971,1.0059417203893535,1,-1.647263304288431,-0.19232946973487935,1.6683559632513563,-3.0259156511159904,0.0015763781249747229,1.0,0.2256776790551912,1,-5.461213688343876,-0.24147096200903387,5.476492795388105,-3.0974439009069203,-0.000813964469325596,0.9999998006024982,0.006091018933098375,0
17.96,-0.0037536188043745516,0.0047316906448119965,-2.716351449327803e-12,-0.4571623325144907,0.00976410395877045,0.4671989700750663,3.1212917532297118,0.0004386799066517616,1.0000002349088675,17.89698649711948,1,0.38023299034206115,0.6189677139415196,0.7210345839010306,1.0314708079034205,0.0013594955775324208,1.0,2.666985447987144,1,0.9104465424702796,-0.3981100226876864,0.984695961086651,-0.4165216571619501,2.341195135784321e-05,1.0000001979880462,1.0104516815839837,1,-1.632673227467108,-0.2837705625593003,1.6669925789595983,-2.970359970162848,0.0016385305081226696,1.0,0.22453974796703838,1,-5.45851981133755,-0.29370345771603135,5.476356738281161,-3.087884494877668,-0.0009723006918866495,1.0000001153097997,0.0060907345365135215,0
17.98,-0.0037536188043159565,0.004731690644806756,-2.7171003619784473e-12,-0.42534806245101325,-0.15042999072279398,0.46065382999751625,-2.8081764337914756,0.0004409053512714063,1.0000003104064688,16.997315163362558,1,0.24661421826957156,0.682474069907265,0.7220366920537649,1.2368324597482536,0.0012849258708785346,1.0,2.666433138307147,1,0.9536867592268807,-0.27798714393546675,0.983932366170439,-0.2867762861084235,-3.822221538228778e-06,0.9999998849050028,1.014773982536406,1,-1.612485771974226,-0.37424339010458574,1.6651012331764619,-2.9146957264949234,0.0017000184555269365,1.0,0.22360223822350883,1,-5.455300148508042,-0.3459076871687887,5.47619416900043,-3.078324560256336,-0.0011347635524633147,1.0000000814482786,0.006090538756231482,0
18.0,-0.0037536188041141175,0.004731690644805012,-2.7166109531177873e-12,-0.3237229969606983,-0.28601417990392164,0.4397136945877581,-2.432273411001459,0.00044323505879582205,1.0000002704545792,16.308284779988536,1,0.10309688634183162,0.7174657692113797,0.7231132383838917,1.441601606637085,0.0012278302000771411,1.0,2.6646407385786457,1,0.9813039098867691,-0.15325773666106923,0.9834446897983226,-0.15686557599485015,-3.38992789303859e-05,0.9999999065125419,1.0188332157640505,1,-1.5867509045817942,-0.4634350178412597,1.6626865551710566,-2.8588873691742887,0.0017608612554581298,1.0,0.22286601373932025,1,-5.451554962878773,-0.3980786232354223,5.476005091327236,-3.0687640030262933,-0.0013017604022320748,0.999999801377727,0.006090431593668522,0
18.02,-0.003753618803862438,0.004731690644805942,-2.7138661326878144e-12,-0.1611976678470619,-0.36797915547567805,0.40621291503823875,-2.0056488737537745,0.00044551084996330106,1.0000001383006658,15.957209103457117,1,-0.044302786108385915,0.7226139809444261,0.7242190550117729,1.645751494862879,0.0012043984635921323,1.0,2.6616921967837004,1,0.9928170461790687,-0.025981671893526997,0.9832414415973857,-0.026863446568645876,-6.843840787219073e-05,1.0000001999770174,1.022557819089426,1,-1.5555328439509057,-0.551033278022633,1.6597545081284601,-2.8028992908676464,0.0018212028321939638,1.0,0.2223319701554037,1,-5.4472845604681925,-0.45021124053226086,5.475789510665489,-3.059202729698163,-0.0014731746521448946,1.0000001217217618,0.006090413053684421,0
18.04,-0.0037536188037567645,0.0047316906448078766,-2.7092881974347116e-12,0.039311533592519314,-0.3632099368647436,0.36487299851480104,-1.4901729652121345,0.0004464903415767705,0.9999999908433123,16.13875383960004,1,-0.18946071353112312,0.6978420649303865,0.7253081832010914,1.8492814453206923,0.0012283885490676656,1.0,2.6577192822908633,1,0.9880252185459825,0.10173242089304833,0.9833261745524361,0.10315435009805597,-0.00010834403256328206,0.9999999119183715,1.025881723118242,1,-1.5189103107159698,-0.6367270129201428,1.6563124146147803,-2.7466958217802624,0.0018814221422058272,1.0,0.2220010585655049,1,-5.44248929029061,-0.5023005156891845,5.475547435660091,-3.0496406474103246,-0.001647967665294127,1.0000000741142916,0.0060904831444279,0
18.060000000000002,-0.003753618803874384,0.004731690644810063,-2.704832560186665e-12,0.22671098222390454,-0.24324542088333528,0.32622517850849436,-0.8439185824972025,0.00044544718278923304,0.9999999138859679,17.102403746324566,1,-0.3263998454155589,0.6443065375535394,0.7263357930168762,2.0522162891877325,0.0013096833104214493,1.0,2.652894585056795,1,0.9670120037332597,0.22776750855886327,0.9836974025123819,0.2331117473680705,-0.0001530096637175522,0.9999998799967792,1.0287459029539423,1,-1.476976828851073,-0.720206357791585,1.6523689885406683,-2.690241228315129,0.001942128697787595,1.0,0.22187430205297254,1,-5.437169544357814,-0.5543414276163121,5.475278881115582,-3.040077663745011,-0.001823999047909644,0.999999802467657,0.006090641875185421,0
18.080000000000002,-0.0037536188039724175,0.004731690644813519,-2.7016631119758383e-12,0.3168037979501479,-0.020774008465302276,0.30762942598255716,-0.06945997653642653,0.0004435734458830197,0.9999999522090756,18.816784279552564,1,-0.4495301779583647,0.5643285782393359,0.727259984887603,2.254604789294339,0.0014466122717130955,1.0,2.647423121515391,1,0.9301436180602168,0.35003875054991684,0.9843486309096585,0.3629338888791993,-0.00020325634685498437,1.0000001970386387,1.0310997711423822,1,-1.429841075987159,-0.8011630720973694,1.647934372835566,-2.63349971571712,0.0020032184596406994,1.0,0.22195280582371507,1,-5.431325757682085,-0.6063289577720236,5.474983869956627,-3.0305136856866715,-0.002000338795596419,1.000000127940866,0.006090889252283043,0
18.1,-0.0037536188040090224,0.004731690644817999,-2.698871725062557e-12,0.25159439479701845,0.21196182925556337,0.32105115225684294,0.7185070101343137,0.00044131069250675646,1.0000000835129348,20.420948879517663,1,-0.5538654127522296,0.46128217539802363,0.728043406217969,2.456517192230802,0.0016079675420834988,1.0,2.641533087845087,1,0.8780606902008556,0.4665331716491556,0.9852685064100704,0.49254861264720967,-0.00026843498014255486,0.9999999411020353,1.0329023378338797,1,-1.3776272795985556,-0.8792909278134059,1.6430201742040869,-2.576435435451302,0.0020624177722604795,1.0,0.2222377612580565,1,-5.424958408281399,-0.6582580904318004,5.474662424951612,-3.020948618288982,-0.0021818894142700855,1.0000000666628768,0.006091225274957377,0
18.12,-0.00375361880434655,0.004731690644821264,-2.697656334427201e-12,0.07430651490954455,0.3524166813609289,0.35758824295371067,1.3897066968520255,0.00043826422163636345,1.0000002313935972,21.04354644043337,1,-0.6352098682528105,0.33944591153285736,0.7286546436119361,2.6580420717943536,0.0017529202506208986,1.0,2.635466247637768,1,0.8116640131904097,0.5753472954461302,0.9864410814870299,0.6218878606017899,-0.0003575064409559473,0.9999998564378466,1.034123094328693,1,-1.320475655111388,-0.9542861640590932,1.6376394926938749,-2.5190125085815467,0.002117860895652519,1.0,0.2227304438992276,1,-5.418068017186557,-0.710123812957098,5.474314555919237,-3.011382366410866,-0.0023734789663700222,0.9999998038705612,0.006091649934582561,0
18.14,-0.0037536188048800517,0.0047316906448238005,-2.7008057248978368e-12,-0.1286588945582385,0.37535320648536,0.39942965013107146,1.9250451975612313,0.00043777010003397045,1.0000003098012953,20.752261488633554,1,-0.6903111303877112,0.20382568099720907,0.729069360286344,2.8592826473149606,0.0018667361456243124,1.0,2.6294683511716386,1,0.7320948148017523,0.674721727575824,0.987846163116589,0.7508889672859331,-0.00046826445278974437,1.0000001892453108,1.0347426691694275,1,-1.2585428809786117,-1.0258480176449383,1.6318069692490311,-2.461195066420593,0.002170109215116721,1.0,0.22343220471143793,1,-5.410655148448623,-0.761921116064223,5.473940267784682,-3.0018148374131934,-0.0025733264489934547,1.0000001339572582,0.006092163215415062,0
18.16,-0.0037536188052867377,0.0047316906448279655,-2.7085473620902523e-12,-0.2999062066751514,0.30577451639858566,0.43473994866318066,2.3639966432910464,0.0004413927750361482,1.000000273111645,19.95634897004546,1,-0.7169754805972116,0.05995550965347359,0.7292711441514286,3.0603527269016606,0.0019526984667502592,1.0,2.6237799042305228,1,0.6407102694899737,0.7630718369815456,0.9894597376974023,0.8794957791175736,-0.0005946274899100549,0.999999971736921,1.0347531246571118,1,-1.1920026046771068,-1.093679339551735,1.6255388452069641,-2.402947295518795,0.0022200771433487834,1.0,0.22434445328164496,1,-5.402720409146949,-0.8136449940937144,5.473539572854151,-2.9922459405505295,-0.002777974092621476,1.0000000591058402,0.006092765093471767,0
18.18,-0.00375361880545353,0.004731690644834658,-2.7189625334197998e-12,-0.4128487038309005,0.17715977863366117,0.4580349582559948,2.7464034869570537,0.000447573270718691,1.00000014267386,18.961190894568915,1,-0.7141443135197387,-0.08631669591522032,0.7292520592189049,-3.021812913016942,0.0020222070336421154,1.0,2.6186275234107503,1,0.5390551172701936,0.8390138741645787,0.9912544731710038,1.0076595859692685,-0.0007310370512186324,0.9999998364162264,1.0341579147096813,1,-1.1210459723078199,-1.1574873076734138,1.618853016354878,-2.3442334924984496,0.0022681630393067004,1.0,0.22546863224297983,1,-5.394264449398595,-0.8652904452798629,5.47311249204413,-2.9826755857057115,-0.0029849748063805305,0.9999998055842166,0.006093455536203285,0
18.2,-0.003753618805477319,0.0047316906448429275,-2.7301722081013446e-12,-0.45689124291481054,0.019268745434951953,0.46712787955345153,3.1022033143129963,0.0004540136741025434,0.999999994387932,17.95000060465364,1,-0.68193058292812,-0.2290520194171047,0.7290129031719395,-2.82072175024214,0.00209064652269429,1.0,2.6142160283610294,1,0.42883033521533087,0.9013860731912746,0.9932002769024375,1.1353398534727377,-0.0008720357097489081,1.0000001767890576,1.032971563549462,1,-1.045882172914607,-1.216984246372748,1.6117690844638637,-2.2850181358618364,0.002314420329175524,1.0,0.22680618210466963,1,-5.385287962367988,-0.9168524720196681,5.4726590528908625,-2.9731036829305277,-0.003192624533966755,1.0000001397614067,0.006094234505328727,0
18.220000000000002,-0.0037536188054932756,0.004731690644851212,-2.741475015749506e-12,-0.4289904070587701,-0.1415042722407671,0.46138916545392356,-2.8277747557012622,0.0004596633040494731,0.9999999145394465,17.04184214403504,1,-0.6216148830487619,-0.3624458502688015,0.7285631723872323,-2.6194398423609035,0.00217055205605316,1.0,2.610721341619539,1,0.3118598349853405,0.9492644996582047,0.9952648882617651,1.2625047484668346,-0.001011991533100594,1.000000003068198,1.0312190730996456,1,-0.9667389868497605,-1.271888563530428,1.6043084092737723,-2.2252659762779348,0.0023587310603635394,1.0,0.22835849483188017,1,-5.375791684275554,-0.9683260811411871,5.4721792882987454,-2.9635301423685902,-0.003399517291178005,1.0000000514551557,0.006095101962308905,0
18.240000000000002,-0.0037536188055392315,0.004731690644858624,-2.753084652612481e-12,-0.3310241831245817,-0.279137626457791,0.4412038610205516,-2.453744079479912,0.0004663267530714351,0.9999999495911628,16.338487287292544,1,-0.5356012112306088,-0.4810495552703159,0.7279207385480019,-2.4178550142468795,0.0022648250881086235,1.0,2.6082841873007845,1,0.19005613782448683,0.9819736106240198,0.9974144888484301,1.3891314587904469,-0.0011448188979884006,0.9999998204252427,1.0289350941067357,1,-0.883863325550899,-1.3219258157396232,1.5964941604592215,-2.1649421465973475,0.0024009090486786728,1.0,0.23012685399272417,1,-5.365776394404577,-1.019706284171953,5.4716732360917435,-2.9539548742723847,-0.0036042868188169274,0.9999998076059085,0.00609605787454145,0
18.26,-0.003753618805521086,0.00473169064486555,-2.764976182040302e-12,-0.17140950613297554,-0.3648460471153989,0.4083045403538648,-2.030767455128372,0.0004759456108665031,1.000000079146959,15.96475653047515,1,-0.4273329126226195,-0.579982292578207,0.7271112431595472,-2.2158664227718297,0.0023703407041310545,1.0,2.6070048207047902,1,0.06538591249653888,0.9990916732285572,0.9996143148729896,1.5152063168513472,-0.0012637446434315652,1.0000001599767963,1.0261629076276768,1,-0.7975217479670726,-1.3668299119405543,1.5883513683574755,-2.104012293611006,0.0024408603721978177,1.0,0.2321123607878153,1,-5.3552429151055625,-1.0709880976083905,5.47114093915264,-2.944377789043216,-0.003805370004606072,1.0000001453441145,0.00609710221998975,0
18.28,-0.0037536188052373215,0.004731690644872894,-2.775594858117625e-12,0.0280090802349344,-0.365670576369141,0.36719114032409284,-1.5212823471202588,0.00048450945679391204,1.0000002278200606,16.110784743114234,1,-0.30116991220739636,-0.6551264479372997,0.7261672042094018,-2.0133885548285857,0.0024847465929350066,1.0,2.6069393545968493,1,-0.060163837804755156,1.000451338384713,1.0018292578678272,1.6407247428180094,-0.0013609961641149935,1.0000000343238762,1.0229532670141965,1,-0.7080009364682388,-1.406344464816921,1.5799069719945043,-2.0424427341201015,0.002478899170158171,1.0,0.2343158506788276,1,-5.344192111798821,-1.1221665431873014,5.470582446368444,-2.9347987972549854,-0.004000678708058183,1.0000000437229448,0.006098234988485023,0
18.3,-0.003753618804641909,0.004731690644879671,-2.781933104017975e-12,0.2180731312242614,-0.2522833179459775,0.3279947053482935,-0.8828977090934362,0.0004885401595669567,1.000000309099591,17.026945483289353,1,-0.16222921848806227,-0.7032998016308869,0.7251268337931095,-1.8103548148058624,0.0026021847584140837,1.0,2.608097052644431,1,-0.1846182753095401,0.9861357793913005,1.0040244413439416,1.7656910278710758,-0.001427243500495539,0.999999808858907,1.019363150704443,1,-0.6156081120485009,-1.4402242976464668,1.571189862697931,-1.9802006377777137,0.0025159869746418477,1.0,0.23673780822305857,1,-5.332624892976768,-1.1732366481601522,5.46999781493529,-2.9252178094642964,-0.004187514561457062,0.9999998099324332,0.006099456179125994,0
18.32,-0.0037536188042390658,0.004731690644881768,-2.7830530848621526e-12,0.3156791366310447,-0.03370725664787754,0.30784823531285654,-0.11353163321128464,0.0004901247708299679,1.0000002756900854,18.71468459107641,1,-0.016191939312324103,-0.722397234100549,0.7240326061970654,-1.6067205364461592,0.002710799964389863,1.0,2.610438629899817,1,-0.3060453829117401,0.9564708811541751,1.0061657613833974,1.890117979280981,-0.001455489334603173,1.0000001392227738,1.0154544739668239,1,-0.5206713650550417,-1.4682371126771385,1.5622309215575956,-1.9172542368895646,0.00255266772861896,1.0,0.2393782770666946,1,-5.320542210207108,-1.22419344557023,5.469387112458099,-2.9156347352066905,-0.0043649745797086,1.000000150696537,0.006100765794482042,0
18.34,-0.0037536188043908424,0.004731690644877043,-2.7831415557594275e-12,0.25872457951653427,0.20161074367253146,0.31956347163769355,0.677807129315167,0.0004910774524638216,1.0000001470320852,20.35475851557217,1,0.1309183328966972,-0.7114947094345586,0.7229296153885827,-1.4024652668792021,0.0027817334526049745,1.0,2.6138764304379847,1,-0.4225843773326053,0.9120140058402338,1.008220383636286,2.014026444315353,-0.0014525159671436136,1.0000000647338292,1.011292803543028,1,-0.4235398744478492,-1.4901653257087193,1.5530630430403352,-1.8535730601932965,0.002586605773998711,1.0,0.2422367509371958,1,-5.307945058138305,-1.2750319745320569,5.468750409589703,-2.9060494814019,-0.004538599128803629,1.000000035921459,0.006102163834204774,0
18.36,-0.0037536188045288444,0.004731690644869165,-2.78506991774341e-12,0.08523126967414996,0.348476273560207,0.35531269334001314,1.3568388862722343,0.0004916283286144003,0.9999999979899494,21.03630349472089,1,0.2729789941486219,-0.6709086708187401,0.7218637553103949,-1.1975941685726639,0.0027904424324588246,1.0,2.618276552971002,1,-0.5324716095008173,0.853539869003811,1.010157204371572,2.1374447355643693,-0.001431613876633287,0.999999802002209,1.006946110120231,1,-0.3245839860227513,-1.5058080692825455,1.5437211304413103,-1.7891281973521753,0.0026151366311756184,1.0,0.24531203757581982,1,-5.294834474507452,-1.32574728051201,5.468087765031618,-2.896461953572123,-0.0047141373429865395,0.9999998125601048,0.006103650292422413,0
18.380000000000003,-0.0037536188044306955,0.00473169064486097,-2.787087401145971e-12,-0.1181714852018191,0.37738426952014703,0.3972397794394199,1.8987317592739092,0.000493686686534997,0.9999999152892908,20.784287597519057,1,0.40402491273711105,-0.6022050174840752,0.7208797922750173,-0.9921384066763828,0.002746932831136524,1.0,2.6234629727541865,1,-0.6340637947393065,0.782024042162839,1.011947271105229,2.2604079979992537,-0.001395393133317659,1.0000001150383608,1.0024835813824136,1,-0.22419511746016563,-1.5149833629445923,1.5342420772692753,-1.7238926057987654,0.002638706486125741,1.0,0.2486021002400217,1,-5.281211540148571,-1.3763344156096868,5.4673992298335685,-2.8868720587919228,-0.004890633556903309,1.0000001558101932,0.0061052251580207,0
18.400000000000002,-0.00375361880432574,0.004731690644852397,-2.7879573649691736e-12,-0.2920485177942491,0.31196955427072753,0.4330894922890109,2.341830241741409,0.0004974647367597435,0.9999999470525096,20.006747392057914,1,0.5185070936866811,-0.508153623595948,0.7200194227422112,-0.7861543929744106,0.002675315963466969,1.0,2.629223730465514,1,-0.7258585109787732,0.6986245597482377,1.0135641435464122,2.382957531004263,-0.0013422454730358504,1.000000093548768,0.9979745097887035,1,-0.12278545521397254,-1.5175304438893784,1.5246647449990705,-1.6578414479146244,0.0026585096751444437,1.0,0.2521038844265274,1,-5.267077379001228,-1.4267884388408347,5.466684859577547,-2.877279705526478,-0.005065801539849497,1.0000000280630585,0.006106888412930327,0
18.42,-0.0037536188043214586,0.004731690644843433,-2.7883036591430654e-12,-0.40854577701451233,0.18576244334450803,0.4571162333071278,2.7264782534695486,0.0005012515444845826,1.0000000747970164,19.016949139835532,1,0.6115411132826729,-0.3926269299617654,0.7193194030456803,-0.5797218159804778,0.002596202052492845,1.0,2.635319136252757,1,-0.8065119786001571,0.6046620562765702,1.01498420236985,2.505140068042508,-0.0012726522869137803,0.9999998000240946,0.9934872704823521,1,-0.02078740558645036,-1.5133122454125676,1.5150299171980737,-1.5909524531857004,0.002675097007383689,1.0,0.2558131338652052,1,-5.252433158120662,-1.4771044164222016,5.465944716094307,-2.8676848024324255,-0.005238850029007568,0.99999981548476,0.006108640029215641,0
18.44,-0.0037536188043608885,0.004731690644835345,-2.7889262080305066e-12,-0.45647896532196985,0.028765869544883235,0.4670112622461113,3.08308525227944,0.000504472610496565,1.0000002241900017,18.003253128476768,1,0.6791320636448069,-0.26044437650825025,0.7188098489778592,-0.3729404789441978,0.0025227123067784714,1.0,2.641491773034902,1,-0.8748541892823737,0.5015987989193788,1.0161869129799532,2.6270070298283135,-0.0011900331583546743,1.000000088019451,0.9890884342826626,1,0.08134723962512021,-1.50221800389104,1.5053802222678483,-1.5232063095429997,0.0026885534254865364,1.0,0.25972419728054225,1,-5.2372800876892,-1.5272774220577698,5.465178865112922,-2.8580872579090646,-0.00541003241140297,1.000000160676981,0.006110479967155896,0
18.46,-0.003753618804320386,0.004731690644829888,-2.789615543771773e-12,-0.4325025301796994,-0.13251165772924542,0.4620821127289305,-2.8473353988817456,0.0005077541068443195,1.0000003083016984,17.0868920612033,1,0.7183629153882612,-0.11716808886767009,0.7185128071039802,-0.16592605048261355,0.002459755820583959,1.0,2.647477894169259,1,-0.9299014863426495,0.39101691627148993,1.0171550427012994,2.748613765091228,-0.0010993372061602923,1.000000120058705,0.9848420081497462,1,0.18314846341355978,-1.4841659673254552,1.495760024096531,-1.454587082561044,0.0026987829659261588,1.0,0.26382982729317256,1,-5.22161942102877,-1.5773025372260518,5.464387374425526,-2.8484869800943864,-0.005580036045452025,1.0000000201601946,0.00611240817480843,0
18.48,-0.003753618804129971,0.004731690644827924,-2.789208967957091e-12,-0.3382232994728283,-0.27211228755060607,0.4426572671090644,-2.4750995246231127,0.0005117747495085885,1.0000002781886417,16.369547632458048,1,0.7275345689463614,0.03114109818673094,0.7184411883987633,0.0411950812158062,0.0024047908070647345,1.0,2.6530196314848564,1,-0.9708667182846247,0.27459606363707767,1.0178748331718033,2.8700187886645443,-0.001005023449426992,0.9999998029733039,0.9808087426140063,1,0.284129549810355,-1.4591061698127765,1.4862152779832216,-1.3850826577533752,0.002705682358180897,1.0,0.2681209742047371,1,-5.205452454614075,-1.6271748514682551,5.463570312933258,-2.838883877002384,-0.005749591309536485,0.9999998187017648,0.0061144245890035675,0
18.5,-0.0037536188038787125,0.004731690644828747,-2.786629217307879e-12,-0.1815834975257113,-0.3614693948347992,0.41037095250667627,-2.055664633869737,0.0005163845313911666,1.0000001513732144,15.973701077171818,1,0.7062484312978932,0.1781949611546727,0.7185981345661816,0.24829157974336927,0.0023504379278788705,1.0,2.657877292779423,1,-0.9971670883018643,0.15409071052929696,1.0183361318432287,2.991283021221197,-0.0009101944371304865,1.0000000588317792,0.9770455206005679,1,0.38378901400134474,-1.4270232267883565,1.476793348312446,-1.3146851996128273,0.0027092853781703584,1.0,0.2725865790567438,1,-5.188780528085576,-1.676889462677173,5.462727750420378,-2.8292778567150854,-0.005919115980456026,1.0000001652891897,0.006116529137460389,0
18.52,-0.003753618803757301,0.004731690644830752,-2.782124140440767e-12,0.01660263301292567,-0.36779751463629895,0.3695105662510347,-1.552035602131342,0.000520072085700672,1.0000000016476067,16.085035936794114,1,0.6554259383000886,0.3177618768968968,0.7189768599234464,0.45523322723834103,0.002288936992212065,1.0,2.6618409593029795,1,-1.008429809792615,0.0313071872720968,1.0185324850740571,3.112469032401198,-0.0008154870848327592,1.0000001436104458,0.9736048394897271,1,0.4816129700925602,-1.3879390957648148,1.467542784755,-1.2433916194746162,0.002709970402287285,1.0,0.27721337162106796,1,-5.171605024261836,-1.7264414773869519,5.461859758290373,-2.8196688275907857,-0.006088281268082318,1.000000012225389,0.006118721741286372,0
18.54,-0.0037536188038594575,0.004731690644832977,-2.7775611671776446e-12,0.20907563531423148,-0.26100121265180787,0.32981570696749996,-0.9214753802040945,0.0005212208818789499,0.9999999161351347,16.954046915868314,1,0.577263676541061,0.443947678307558,0.7195609791309361,0.661896927227394,0.0022167634609336793,1.0,2.664740611348627,1,-1.0044956562835667,-0.09191941122241744,1.0184611950045857,-3.04954501843416,-0.000718228233746976,0.9999998107771697,0.9705343695564561,1,0.5770779638159712,-1.3419157370188826,1.4585130550813483,-1.1712040426413937,0.0027087201477854327,1.0,0.28198568041078464,1,-5.15392736915134,-1.7758260110641495,5.460966411945582,-2.810056698312553,-0.006255851224256658,0.9999998222060221,0.006121002316873328,0
18.560000000000002,-0.0037536188039738226,0.00473169064483634,-2.7743118132667055e-12,0.31398302448988213,-0.04659934595740072,0.3081615571639268,-0.15752155357886444,0.0005206033965101302,0.9999999445943549,18.61272919766924,1,0.47512715384372395,0.5514578493694806,0.7203252973616064,0.8681722883343845,0.0021310496064503854,1.0,2.666454118823325,1,-0.9854204650836373,-0.21374839344982152,1.0181233410739194,-2.9283248988184085,-0.0006157433785705668,1.0000000281945174,0.9678765714796412,1,0.6696542881510595,-1.2890575986065684,1.4497542356277275,-1.0981302626525395,0.0027065765268907394,1.0,0.2868852671058915,1,-5.135749031963619,-1.825038188400247,5.460047793897811,-2.8004413771624783,-0.006422080685094108,1.0000001696395113,0.006123370776446126,0
18.580000000000002,-0.003753618804001502,0.004731690644840892,-2.7715152221829964e-12,0.26541472087151097,0.19095844815923993,0.3181452655246005,0.6367685274682464,0.0005203348475702859,1.00000007046523,20.285817151192674,1,0.35339030434885216,0.6358271673847042,0.7212370126745641,1.0739664724013658,0.0020147088619715146,1.0,2.666912619765936,1,-0.9514746202369153,-0.3323566549212626,1.0175237612096895,-2.8069928860742706,-0.0005129091282863723,1.0000001636236857,0.9656683602457885,1,0.7588097877695219,-1.2295138405674633,1.4413166600322256,-1.0241841637383582,0.002702128733589896,1.0,0.29189119769160154,1,-5.117071525120387,-1.8740731436056013,5.459103988700863,-2.7908227704129502,-0.006593528145257207,1.0000000042712134,0.006125827028121813,0
18.6,-0.003753618804306253,0.00473169064484432,-2.7700439598349336e-12,0.0959921982789497,0.34415628675400056,0.3530533261796916,1.3235888403977185,0.000518498943701011,1.000000220505192,21.02666090570909,1,0.217231040183235,0.6936056496313909,0.722257259371297,1.2792080746775734,0.0018578181137317348,1.0,2.6661029768351243,1,-0.9031405045891411,-0.44596182379088506,1.0166709927686328,-2.6854872869014845,-0.000415973479805449,0.9999998232434079,0.9639408064308422,1,0.8440141437735286,-1.163480206025965,1.4332505130050452,-0.949386092320432,0.0026925072136628637,1.0,0.2969797519085059,1,-5.097896404266649,-1.9229260207042091,5.458135067746273,-2.781200783129822,-0.0067765136980229655,0.9999998259919797,0.006128370979087448,0
18.62,-0.0037536188048417313,0.004731690644846784,-2.7727967491508743e-12,-0.10767170592872063,0.3791130507152477,0.39503330182398544,1.8721580203431085,0.0005113879534928349,1.0000003074080064,20.81516427128693,1,0.07239527640951611,0.7224931319098544,0.7233428941088315,1.4838498870680004,0.001682545830292686,1.0,2.664067095223511,1,-0.8411078756586882,-0.5528453051037685,1.0155771913790217,-2.5637485011048833,-0.00032230360703810654,0.999999996862555,0.962718864261057,1,0.9247436122689754,-1.0912004427253246,1.4256053691498483,-0.8737631752583452,0.0026775378492193795,1.0,0.3021243868358123,1,-5.078225268279648,-1.9715919738288585,5.457141091145136,-2.771575322352387,-0.006969455649405118,1.000000173721053,0.0061310025416181834,0
18.64,-0.0037536188052715615,0.004731690644850654,-2.7802651673958234e-12,-0.2840957248729173,0.3179622346655653,0.4314075692642526,2.3195137002133372,0.0005044912460733838,1.0000002806060948,20.056838452621037,1,-0.07505725090732844,0.721418518737937,0.724448417572719,1.6878704342285398,0.0015097367328419293,1.0,2.6608988734196863,1,-0.7662670888112622,-0.6513751383790959,1.014258020504116,-2.4417197684251692,-0.00022744333436566173,1.0000001796053066,0.9620211155126663,1,1.0004861698250018,-1.0129671766681863,1.418429704393062,-0.7973495662020526,0.0026585461987857738,1.0,0.30729577192503843,1,-5.058059759275194,-2.020066167517891,5.45612212103511,-2.761946297432601,-0.007168768863214893,0.9999999963102707,0.006133721636255869,0
18.66,-0.0037536188054582854,0.00473169064485704,-2.790621900228274e-12,-0.4041120860834942,0.19425165454004,0.4561591130871826,2.7064818740477206,0.0005012239290390763,1.000000155695129,19.072876317330856,1,-0.21901232665695028,0.6905632695322464,0.7255279227419872,1.8912743017720781,0.0013564346559880808,1.0,2.656738981843774,1,-0.6797000662321563,-0.7400285498931102,1.0127324965488758,-2.3193479118825273,-0.00012992154257465477,0.9999998400648555,0.9618595260742895,1,1.0707469972836297,-0.9291221423867277,1.4117703823039014,-0.7201865896669818,0.002636701100385162,1.0,0.31246190368274535,1,-5.037401562612545,-2.0683437770147255,5.455078225465229,-2.7523136189048416,-0.007372087852847637,0.9999998300536391,0.006136528191587828,0
18.68,-0.0037536188054917412,0.0047316906448651155,-2.8019318636107737e-12,-0.4559228532914863,0.03822860056298541,0.46685245683527377,3.0639598098614163,0.0005003477418677172,1.000000005359119,18.056979840815217,1,-0.35355388528295095,0.6313317149952992,0.726536994753719,2.0940913637396608,0.0012362894878690312,1.0,2.651767375192507,1,-0.582668893692636,-0.8174140372386031,1.011022791327959,-2.1965840821547538,-3.1319926742892045e-05,0.9999999656078986,0.9622392165701472,1,1.135054210964649,-0.8400556827189964,1.4056721144316675,-0.6423227671177103,0.0026128743561576284,1.0,0.3175883084619887,1,-5.016252406898408,-2.116419988570258,5.4540094773530505,-2.7426771979521667,-0.00757780094141735,1.0000001775273484,0.006139422142670044,0
18.7,-0.0037536188055034394,0.004731690644873327,-2.8133346346992383e-12,-0.4358721918227516,-0.12347602330712888,0.4627312041724896,-2.86683785163219,0.0005003045010093716,0.9999999170765655,17.132691241864762,1,-0.4731998262933272,0.546273064932083,0.7274344893789193,2.2963750217297845,0.0011547447143308287,1.0,2.6461946326538173,1,-0.4766019224432673,-0.8822927713025459,1.009153992340289,-2.073384496629314,6.485301167458812e-05,1.0000001911615282,0.9631582507587472,1,1.1929647283527176,-0.7462054447929939,1.4001769056569704,-0.5638137125790904,0.0025877943458157762,1.0,0.3226383404924907,1,-4.994614063990581,-2.1642899997482052,5.452915953539822,-2.7330369463108903,-0.0077844461741140335,0.9999999883551743,0.006142403428781403,0
18.720000000000002,-0.003753618805545653,0.004731690644880695,-2.8249993490325753e-12,-0.3452990959105712,-0.26495874745025527,0.4440688027806563,-2.496313056422287,0.0005004554642512127,0.9999999422178985,16.401718600007015,1,-0.5731129852547052,0.43896144954711064,0.7281841221047971,2.4981996057783102,0.001108657391762415,1.0,2.6402526001004225,1,-0.3630772633921321,-0.933599042082489,1.0071538182931787,-1.9497111636662394,0.00015442867332297468,0.9999998608270391,0.9646074485514073,1,1.2440701355056807,-0.6480542184840589,1.395323498405702,-0.4847218860720671,0.00256215064004913,1.0,0.3275735785786247,1,-4.972488349001689,-2.2119490197335105,5.451797734566112,-2.723392776308335,-0.007990391094427418,0.9999998343845651,0.006145471990762907,0
18.740000000000002,-0.0037536188055435167,0.004731690644887493,-2.8370110080611077e-12,-0.19168931042415593,-0.35786465368188636,0.41240564493825826,-2.080301790800023,0.0005008609388623273,1.0000000661537143,15.984333788744706,1,-0.6492812778414943,0.31384110179378505,0.7287558204385453,2.6996571021105495,0.0010894487775570075,1.0,2.6341847382791173,1,-0.24380358725383813,-0.9704594126544956,1.0050522874492356,-1.8255325802150055,0.0002333813617770253,0.9999999352006499,0.9665702315545713,1,1.2880024073389595,-0.5461268887115232,1.391146830144223,-0.40511619699711976,0.0025366744233264625,1.0,0.3323543202548397,1,-4.949877120302807,-2.259392269643603,5.450654905027246,-2.7137446009412955,-0.00819357863414784,1.0000001810523662,0.006148627768191573,0
18.76,-0.0037536188052899704,0.004731690644894688,-2.8479545111093074e-12,0.005130812072980793,-0.3695957505598852,0.37182577690982366,-1.582378798269912,0.0005018385954656557,1.00000021676743,16.061834384411068,1,-0.6986628565788526,0.17604397831119104,0.7291268076953531,2.900853368522425,0.0010890905480925772,1.0,2.628236565408267,1,-0.12059818999177294,-0.9922101842620278,1.002881337921668,-1.7008243882965888,0.0002994451814315335,1.0000001980076099,0.9690225117055415,1,1.3244393212598986,-0.4409865027959672,1.387677519070305,-0.3250714551234586,0.0025122577416403094,1.0,0.3369401669360033,1,-4.926782279527328,-2.3066149828426057,5.449487554705716,-2.7040923339682053,-0.00839120330707317,0.9999999804185286,0.006151870696382099,0
18.78,-0.0037536188047072473,0.0047316906449015785,-2.854867817841944e-12,0.19975774675608923,-0.269384188576802,0.3316863525051244,-0.9595785580179327,0.0005026499199104437,1.0000003064189515,16.884096984216605,1,-0.7192935954565902,0.031186928363505676,0.7292823987604786,3.10190398649581,0.00110683355187112,1.0,2.622646496869874,1,0.004637650877978953,-0.9984127189218317,1.0006744006444288,-1.5755699741260119,0.0003547837602416065,0.9999998850183872,0.971932670663028,1,1.3531094008258764,-0.3332294873854346,1.3849413931764596,-0.2446676735780613,0.00249009428329872,1.0,0.3412906878184506,1,-4.903205771575438,-2.3536124052585676,5.448295781226965,-2.6944358898758227,-0.008579661443923386,0.9999998389778954,0.006155200702926739,0
18.8,-0.003753618804253745,0.0047316906449042925,-2.8564112880546944e-12,0.3117321120635268,-0.059417807916901634,0.3085750759298357,-0.2013512544169978,0.0005028979341923846,1.0000002829412649,18.5112898791019,1,-0.7103553143782257,-0.11484484513575774,0.7292164971882432,-2.980255421689473,0.0011484314907731269,1.0,2.617637298677265,1,0.12994591848316547,-0.9888661187469677,0.9984659262731442,-1.449760988955908,0.00040326317844395666,0.9999999063900308,0.9752616673634769,1,1.3737962303550952,-0.2234800843730261,1.3829590793325013,-0.16398923577616847,0.0024712591940087613,1.0,0.3453661432900204,1,-4.879149584619243,-2.4003797957034756,5.447079693924926,-2.6847751831268316,-0.008757116198868476,1.0000001842905217,0.00615861770362913,0
18.82,-0.0037536188043600883,0.004731690644900139,-2.8563471032860832e-12,0.27165609481192554,0.18002353169923263,0.316807443672431,0.595420739478661,0.0005028460221904242,1.00000015999572,20.214056632384665,1,-0.6722039173081623,-0.2561216560219144,0.7289317861982927,-2.7791324489740887,0.0012106965556992497,1.0,2.6134083049978525,1,0.253341483450735,-0.9636167348635354,0.9962908696182974,-1.3233977604606866,0.00043832364171067013,1.000000199974867,0.9789632171602112,1,1.38634199436207,-0.1123841097500687,1.3817456729449435,-0.08312394203664294,0.0024550138512657365,1.0,0.3491282437443352,1,-4.854615750109329,-2.4469124261956217,5.445839410668318,-2.6751101262951975,-0.008928812097391867,0.9999999725129082,0.006162121599136129,0
18.84,-0.0037536188045146474,0.004731690644892398,-2.8580319534621257e-12,0.10658142787269109,0.33945661880128203,0.3508178873190155,1.289941794836547,0.0005009045323009798,1.0000000091226748,21.01422642465594,1,-0.606357144697275,-0.3868944005109287,0.7284396145148536,-2.5777942462319627,0.0012872985743318493,1.0,2.6101285089368838,1,0.3728437789660621,-0.9229639760995965,0.9941841289866334,-1.1964895709323187,0.0004482606621648485,0.9999999120428349,0.9829840974336596,1,1.3906501164795337,-0.0006021710878770467,1.3813104961893807,-0.002161949940571182,0.002439519292778645,1.0,0.35254092715341245,1,-4.829606342782545,-2.493205582283099,5.444575042247723,-2.665440630157603,-0.009100508027686024,0.9999998438263523,0.006165712276615588,0
18.86,-0.0037536188044323187,0.004731690644884261,-2.8600117066290842e-12,-0.09716145956555125,0.3805335769097828,0.39281236854715074,1.8453002740786377,0.000497940167958619,0.9999999181131238,20.844469643710774,1,-0.5154420667483609,-0.5018147223697229,0.7277595963843825,-2.376130706150908,0.0013875998912123324,1.0,2.6079306056260063,1,0.48651005628633176,-0.8674619092534289,0.9921799500293896,-1.0690547991454213,0.00043516939512907394,0.999999879885923,0.9872646426243242,1,1.3866869010393312,0.11119749504989433,1.381656933605606,0.07880535744256527,0.0024246932846703068,1.0,0.35557111810627123,1,-4.804123480668269,-2.539254563366979,5.443286690648127,-2.6557666067440353,-0.009269767662971145,1.000000187236684,0.0061693896174610866,0
18.880000000000003,-0.0037536188043187377,0.004731690644875806,-2.860848277025374e-12,-0.27604833110418414,0.323744597748336,0.42969246158175584,2.2970303616007284,0.0004960225318874772,0.9999999399242998,20.106264925022252,1,-0.4031029173259027,-0.5961440120234761,0.7269189296637014,-2.1740439717371944,0.0015184412240205512,1.0,2.6069060611345916,1,0.5924696199566425,-0.7979162005060326,0.9903113222237454,-0.9411208986282028,0.00040862072552356245,1.0000001970148273,0.9917394273731255,1,1.3744821167884231,0.22234638533607032,1.3827823644114257,0.15968652957122426,0.002411320085737935,1.0,0.3581894294857015,1,-4.778169325091386,-2.5850546830250933,5.441974461686332,-2.6460879699972053,-0.00943234030458377,0.9999999646508392,0.00617315350425638,0
18.900000000000002,-0.003753618804302833,0.0047316906448668945,-2.8610586122468362e-12,-0.39954923896142813,0.20261672647551077,0.4551605914768077,2.6864080064411193,0.0004955304434705601,1.000000061864573,19.128686023871605,1,-0.2738705282204033,-0.6659446447178847,0.725951431092046,-1.9714523199833236,0.0016707982082527185,1.0,2.6071013178217104,1,0.6889583140129713,-0.7153760437575913,0.9886093738938347,-0.81272418003507,0.00037717959191130513,0.9999999412345112,0.9963381390045917,1,1.354128500768132,0.33218310035009635,1.384678206963038,0.24039120672655928,0.0023998809088849812,1.0,0.3603707895379664,1,-4.751746080672189,-2.6306012693380714,5.440638469556613,-2.6364046346136414,-0.009585925224971098,0.9999998489222539,0.006177003823809661,0
18.92,-0.0037536188043486808,0.0047316906448587204,-2.86152698758535e-12,-0.4552257852914385,0.04764268657655356,0.4666493373017115,3.044828865909347,0.0004956696029486904,1.0000002129785397,18.11094528079246,1,-0.13299558262935496,-0.7082464829364359,0.7248963059817275,-1.768293607140242,0.0018232146235951582,1.0,2.608515286057621,1,0.7743524190887388,-0.6211208542158281,0.9871027736347617,-0.6839093889789788,0.00034746963790896853,0.9999998563413766,1.000986642759908,1,1.3257802004365866,0.4400605323946206,1.3873300660981547,0.3208312488968331,0.002390492607782552,1.0,0.36209496662489066,1,-4.724855995323825,-2.675889665218452,5.439278835575906,-2.6267165153513576,-0.009729660240283407,1.0000001898861852,0.00618094046716109,0
18.94,-0.0037536188043223607,0.00473169064485306,-2.8621436817810597e-12,-0.43910286885307304,-0.11441512131582715,0.46333649693730866,-2.8862766400958897,0.0004959309060902823,1.0000003053350162,17.179026426659792,1,0.013750768448093953,-0.7211813950885172,0.723796676820729,-1.564528127694663,0.0019506507286588771,1.0,2.6110983041717004,1,0.8472010370641805,-0.5166416717320658,0.9858171559792223,-0.5547290767277456,0.00032480404882832294,1.0000001892004247,1.0056082332654595,1,1.289650211669188,0.5453526884678036,1.3907179744851395,0.40092180072397204,0.0023830496868399668,1.0,0.3633469686838106,1,-4.697501360248272,-2.7209152287434244,5.437895686526485,-2.6170235268189646,-0.00986341006341957,0.9999999568447783,0.006184963327401567,0
18.96,-0.003753618804143664,0.004731690644850851,-2.8618041096606373e-12,-0.352254968825383,-0.2576977338830416,0.4454409751508591,-2.5173818270694714,0.0004965628797053991,1.000000285193012,16.43477607632698,1,0.16030369350981014,-0.7040785659739045,0.7226979050950587,-1.360140726181281,0.0020333376719886805,1.0,2.614752770158648,1,0.9062559955011885,-0.4036174118985642,0.9847745898848025,-0.4252427660673804,0.00031303563672362166,0.9999999718741452,1.010125052697576,1,1.2460069058811594,0.6474609845314615,1.3948167194780916,0.48058226231711004,0.0023773312060118793,1.0,0.3641173027388665,1,-4.669684509931747,-2.7656733334913066,5.436489153558095,-2.6073255834478273,-0.009987369474390426,0.9999998542575262,0.00618907229644444,0
18.98,-0.003753618803897075,0.0047316906448515725,-2.8593854714542566e-12,-0.20172929734107473,-0.3540552823469106,0.4144127373606842,-2.104685896098097,0.0004975117856662868,1.0000001642728884,15.996384071424332,1,0.3005516676408006,-0.6575138926720572,0.7216457561790625,-1.1551420010871547,0.0020631151833764936,1.0,2.6193356436040505,1,0.9504983072400622,-0.28388631318892477,0.9839931074621228,-0.2955159233293635,0.00031470156257709246,0.9999998363365196,1.0144596434104536,1,1.1951697691034346,0.7458198728659549,1.3995962442888772,0.5597371416926785,0.0023731024546086847,1.0,0.3644020871409382,1,-4.6414078221395405,-2.810159368881323,5.435059371592356,-2.597622599546311,-0.01010173760985544,1.0000001922348276,0.006193267262160058,0
19.0,-0.0037536188037597964,0.004731690644853648,-2.8549675644418127e-12,-0.006405054707386918,-0.3710908237885024,0.3741405669544024,-1.6123341714394501,0.0004968822180311927,1.0000000129364377,16.040834500510154,1,0.42859437914984094,-0.5833079440430248,0.7206844744022539,-0.9495684572682168,0.0020464057570704344,1.0,2.6246629716247094,1,0.9791602768950619,-0.1594131421692045,0.9834863087923125,-0.16561875724591277,0.00033173313723709215,1.000000176724203,1.018536591327552,1,1.1375044978852844,0.8399016954272785,1.4050221097265885,0.6383167709339057,0.002370258655042643,1.0,0.36420301660574295,1,-4.612673717910535,-2.854368740516383,5.4336064794369925,-2.5879144894147053,-0.010206304375814702,0.9999999491070936,0.0061975481066558185,0
19.02,-0.0037536188038435315,0.004731690644855934,-2.850314168717505e-12,0.19012717146918168,-0.27745414513640243,0.33360795042219404,-0.9972377051903458,0.0004926004836379506,0.9999999192443038,16.816733267689315,1,0.5390003527399114,-0.4844689171128274,0.7198548516499417,-0.7434815010118132,0.0020028032722376387,1.0,2.630516486556402,1,0.9917424572851348,-0.03225292074736908,0.9832630564974104,-0.035624874930228013,0.00036559365422712874,1.0000000032067893,1.0222842072237581,1,1.0734176105003175,0.9292206903850269,1.4110560007665225,0.716257874588414,0.0023689302093457968,1.0,0.3635271872510477,1,-4.58348466155114,-2.898296870528809,5.432130621433081,-2.578201167412477,-0.010300274660183866,0.9999998598237159,0.006201914705232111,0
19.04,-0.0037536188039737897,0.0047316906448592174,-2.8469700555366906e-12,0.30893021527428816,-0.07217465286822172,0.3090887670168651,-0.2450414979359872,0.0004881920479243556,0.9999999377146784,18.410136163098457,1,0.6270516351924411,-0.3650797461031676,0.7191923893601341,-0.5369652306554431,0.0019530087721373666,1.0,2.6366520680340235,1,0.9880248214086289,0.09548788652461387,0.9833272717767843,0.09439016548351145,0.00041544810743552446,0.9999998203642632,1.0256361845575537,1,1.0033507369253938,1.0133361140430213,1.4176562615487591,0.7935039840541885,0.0023688170774835457,1.0,0.3623867951155708,1,-4.55384316062821,-2.941939197929026,5.430631950899332,-2.5684825474155457,-0.010384731865808183,1.0000001942788899,0.00620636692456722,0
19.060000000000002,-0.0037536188039973767,0.004731690644863824,-2.844172380250809e-12,0.27744216420344553,0.16878794483936072,0.3155502543814794,0.5537364820379541,0.0004853785476390746,1.0000000575998993,20.13921150465311,1,0.6889622300603815,-0.23013187084936904,0.718725664358685,-0.33012306145595366,0.0019050457479096179,1.0,2.6428100344165433,1,0.9680717214875262,0.22169165546538688,0.9836778454899249,0.22435036192304642,0.0004711610244739866,1.0000001598935713,1.0285331513696345,1,0.9277747479633693,1.0918544739699092,1.4247784484693595,0.8700056966488754,0.002367296934348876,1.0,0.3607987256855039,1,-4.523751765961708,-2.9852911789576533,5.429110628066839,-2.55875854101803,-0.01046835777053343,0.9999999414500448,0.006210904619526949,0
19.080000000000002,-0.0037536188042671314,0.004731690644867408,-2.8424818922234696e-12,0.1169975251628912,0.3343500992246774,0.34860506618935416,1.2558656320467807,0.00048263235583145635,1.00000020914037,20.998728783983417,1,0.722057361394063,-0.08531184367465486,0.7184749744841502,-0.12307329785891583,0.0018586851053907928,1.0,2.6487270732491424,1,0.9322304429960304,0.34427020676629694,0.9843086703957846,0.3541807980663148,0.0005164073180275443,1.00000003446042,1.0309240773332156,1,0.8471838738948031,1.1644308996486372,1.4323758969216538,0.9457207934708839,0.002361029641427916,1.0,0.35878405307709216,1,-4.493213071617772,-3.028348287440499,5.427566804129235,-2.5490290571974734,-0.01056093742658492,0.9999998656120036,0.006215527632041089,0
19.1,-0.003753618804800617,0.004731690644869822,-2.8448263710012522e-12,-0.0866346355999734,0.38161919131036887,0.39057509495383436,1.8181345149998978,0.00048078278389538135,1.0000003041567298,20.87203527240422,1,0.7249022835828637,0.0632494303963658,0.7184513454823296,0.0840561561341404,0.0018242257520176101,1.0,2.6541483224101348,1,0.8811234068201282,0.4612045648908765,0.9852087720415519,0.4838091461471432,0.0005433696331976083,0.9999998088181571,1.0327675414955306,1,0.7620899476091838,1.2307697024464275,1.4404002725559155,1.0206142365758046,0.0023493711173833945,1.0,0.3563674774513807,1,-4.462229714900604,-3.0711060151449767,5.426000615697182,-2.5392940054112274,-0.01066310268595252,1.0000001960151332,0.006220235794842561,0
19.12,-0.0037536188052541683,0.004731690644873416,-2.8519838400631325e-12,-0.26789615008342643,0.3292935699405431,0.4279429221343233,2.274362852530581,0.0004807893743035373,1.0000002873602378,20.15493459322166,1,0.6973721451627981,0.20925192013116262,0.7186559908392827,0.2911336332774505,0.001815234235160337,1.0,2.658839535380055,1,0.8156343197751549,0.5705827530398834,0.9863625368147357,0.6131670821937731,0.0005498578697032662,1.000000139123229,1.0340326823406325,1,0.673016887021478,1.2906241963160425,1.4488020848865175,1.094658045570927,0.0023327310315082407,1.0,0.3535767294735322,1,-4.430804376341836,-3.1135598721381346,5.424412196340672,-2.529553296875606,-0.01077281306554266,0.9999999338857639,0.0062250289351278255,0
19.14,-0.0037536188054616416,0.004731690644879471,-2.862274219722627e-12,-0.3948449887346126,0.2108379147051434,0.4541201063941939,2.6662419297283706,0.00048234599206982274,1.000000168524547,19.184323956484157,1,0.6406581551090393,0.34651114731165233,0.7190802583206374,0.49802975223616336,0.0018318039534484006,1.0,2.6625984560321063,1,0.7368888012523199,0.6706346067606821,0.9877500465749558,0.7421915787519868,0.0005355374002542535,1.000000064864961,1.0346998311327622,1,0.5804955095766228,1.3437958657693116,1.4575311720283475,1.1678310675538803,0.002311208766314937,1.0,0.35044195140175377,1,-4.398939779687492,-3.1557053871473504,5.422801682107547,-2.5198068437207204,-0.010889667954713808,0.9999998716132185,0.006229906875556655,0
19.16,-0.003753618805504004,0.00473169064488734,-2.8736644140658907e-12,-0.4543742618528666,0.056990814907516674,0.46640160885531584,3.0256781504241204,0.0004842803721045898,1.000000016798546,18.165112272003398,1,0.5572096141639125,0.4692364556459554,0.7197060547433318,0.7046233221065085,0.0018478241476894358,1.0,2.6652644162452224,1,0.6462301979425046,0.7597627420247729,0.9893475049771382,0.8708260493958324,0.0005062237159135901,0.9999998019826928,1.0347607408547395,1,0.4850587497691971,1.3901329765594226,1.4665371529940046,1.240118665855206,0.002284746974089082,1.0,0.3469950779021827,1,-4.366638691882797,-3.1975381079238296,5.4211692108049085,-2.5100545584356904,-0.011014295202972233,1.0000001974408068,0.006234869434409234,0
19.18,-0.0037536188055141404,0.004731690644895486,-2.885156089732499e-12,-0.4421799554498206,-0.1053448818558019,0.46389759836359623,-2.9056663809762417,0.0004857114364759148,0.9999999204695532,17.225867319473405,1,0.45061573419739165,0.5722875642613587,0.7205067045951625,0.9108067539034637,0.0017971156382620497,1.0,2.6667253318470463,1,0.5451914411397445,0.8365690062760658,0.9911277443926357,0.9990213187436797,0.0004795017491933325,1.000000114924949,1.034218209938221,1,0.38723732838870967,1.4295287276061817,1.4757698389666958,1.3115123469231562,0.002253476173047774,1.0,0.34326923638666296,1,-4.333903923055204,-3.239053601608918,5.419514920630813,-2.5002963538031233,-0.011147459635577518,0.9999999264262359,0.006239916425945944,0
19.2,-0.0037536188055528477,0.004731690644902805,-2.896889759324006e-12,-0.35907465101140434,-0.25034489741055116,0.44677315795772043,-2.538321037045071,0.00048684608123388613,0.9999999355901127,16.46868936256384,1,0.3254350647979379,0.6513959854737218,0.7214481630590622,1.1164907077668529,0.001584956975260187,1.0,2.66692171269563,1,0.4354638942978394,0.8998759516381417,0.9930608096554927,1.1267363898718,0.0004805049125069586,1.0000000936712568,1.033085120289221,1,0.2875559016949375,1.4619190419586539,1.4851796000031197,1.382009342091231,0.002217967665096912,1.0,0.33929817744254154,1,-4.300738326495554,-3.2802474551030967,5.417838949447262,-2.490532143031502,-0.011289559652145845,0.999999877817852,0.006245047661257168,0
19.220000000000002,-0.0037536188055615483,0.004731690644909491,-2.9089972618245863e-12,-0.21168386216515708,-0.35005737447378754,0.4163914531262314,-2.128833040185006,0.0004886055452772749,1.0000000533617746,16.009811083278713,1,0.18698336056188555,0.7033408252530365,0.7224905091676562,1.3216078212899218,0.0011589751903083255,1.0,2.6658485391081097,1,0.3188641755409005,0.9487430733976796,0.9951145994866547,1.2539389735656163,0.0005213634417783499,0.9999998000262931,1.0313837375522708,1,0.18652970095863144,1.487280090246026,1.4947176867970986,1.4516121597862328,0.002179373773642657,1.0,0.335115746204092,1,-4.267144798636793,-3.321115275437201,5.41614143470139,-2.4807618399669646,-0.011440251947903478,1.0000001985536517,0.006250262949871972,0
19.240000000000002,-0.003753618805339057,0.0047316906449165275,-2.9202196216715492e-12,-0.01797898257833286,-0.3722978685825648,0.37645411080167496,-1.6419185918162953,0.0004912686841350971,1.0000002052547938,16.021976067165117,1,0.041092614493574466,0.7260720600298597,0.7235897012632956,1.5261154102664531,0.0005756332448598199,1.0,2.6635560216885223,1,0.1972999070916893,0.9824777429317557,0.9972555064628364,1.3806057661545084,0.000586448739014217,1.0000000878949664,1.029146129641665,1,0.08466165794049993,1.5056256326265325,1.5043365082600313,1.520328121923168,0.0021394321216680235,1.0,0.3307554116160531,1,-4.233126279030073,-3.361652690145915,5.414422514166673,-2.47098535935808,-0.011598018346155493,0.9999999190832798,0.006255562102151009,0
19.26,-0.0037536188047758738,0.004731690644923483,-2.927712759726031e-12,0.18021717979696078,-0.28521777592907,0.33557973770135063,-1.0344646557627961,0.0004938873890420622,1.000000302884667,16.751917805444247,1,-0.10614533208903379,0.718778094937649,0.7246995631491497,1.7299969692649853,-3.938876553576722e-05,1.0,2.6601476945389337,1,0.0727352568665717,1.0006409582693798,0.999449000864233,1.5067225274144915,0.0006487888524226414,1.0000001201695323,1.026414401623288,1,-0.017560000275823936,1.5170042554530365,1.5139898650089707,1.5881688963225151,0.002100341573825518,1.0,0.3262498746242165,1,-4.198685750317716,-3.401855347643685,5.412682328318505,-2.4612026170876713,-0.01175996572183935,0.9999998842160734,0.00626094493162763,0
19.28,-0.003753618804274673,0.004731690644926775,-2.929727207362509e-12,0.3056039946363559,-0.08486162810074144,0.30970362016078706,-0.28859230637287264,0.0004958225727429411,1.0000002894418845,18.309325192777926,1,-0.24863767313434473,0.6818978416488877,0.7257738494294488,1.933262359613774,-0.0005788830378102849,1.0,2.655774312166615,1,-0.05284294838823881,1.0030482214688123,1.0016601715482105,1.6322840223554056,0.0006915675763094316,0.9999998029971628,1.0232393260788293,1,-0.11966371361785058,1.5214965681281696,1.5236331368890779,1.655150034852977,0.002063942713761531,1.0,0.32163076299026705,1,-4.163826238202544,-3.4417189176034797,5.410921025049451,-2.451413529849625,-0.011924301095652574,1.000000199351905,0.006266411255408177,0
19.3,-0.003753618804330074,0.0047316906449232435,-2.9295402909079726e-12,0.28278412551704635,0.15725644768467562,0.31437645071727677,0.5116998440705512,0.0004971176539304063,1.0000001727486207,20.06119300477484,1,-0.3805404659313287,0.6170804466097403,0.7267682122130019,2.135946783783139,-0.00100398324849816,1.0,2.650625113615455,1,-0.17745785145188964,0.9897659651211398,1.0038542589920327,1.7572938331084387,0.0007030297160155633,1.000000058699289,1.0196782712486154,1,-0.22119614255532016,1.519212415531443,1.5332234254068469,1.7212905222738024,0.002029045811450423,1.0,0.3169283980220263,1,-4.128550811414462,-3.4812390913395217,5.4091387604780055,-2.441618013415594,-0.012096743700483805,0.9999999118685299,0.006271960891195703,0
19.32,-0.0037536188045007336,0.004731690644915692,-2.9309887850104133e-12,0.1272532137826379,0.32883287131955613,0.34641526241844856,1.2213295407136693,0.0004979013672012796,1.0000000207071154,20.97996653006239,1,-0.49648974732848383,0.52709794562832,0.727641983369749,2.3381087544835153,-0.0013309574334772816,1.0,2.6449182985481823,1,-0.29917337987265274,0.961104005084326,1.0059971903873186,1.8817640309413024,0.0006728965070229889,1.0000001437068813,1.0157934620832072,1,-0.3217233513741233,1.5102881521457656,1.5427196679066395,1.7866123420944,0.001992004459547357,1.0,0.312171612768238,1,-4.092862581675475,-3.5204115821942663,5.40733568496585,-2.431815981767383,-0.012284710914931328,0.9999998907977454,0.00627759365393784,0
19.34,-0.003753618804433121,0.00473169064490761,-2.9329238690478654e-12,-0.0760742861659163,0.3823675980997632,0.3883195336297034,1.7906363038019595,0.0005001632346020762,0.9999999217882741,20.89772220162431,1,-0.5918063666400393,0.415717445390089,0.7283597397344554,2.53982727463543,-0.001578015158062027,1.0,2.6388913034576067,1,-0.4161228393645867,0.9176045333496908,1.0080560982407436,2.0057147360473313,0.0006069385225960628,0.9999998108221012,1.0116506153860951,1,-0.42083166175303327,1.4948840149938256,1.5520827295020534,1.8511400789734527,0.0019517860610771497,1.0,0.3073876071982775,1,-4.056764703662704,-3.559232125928305,5.405511935477793,-2.42200734992392,-0.012485555832156655,1.0000001998343016,0.0062833093564380466,0
19.36,-0.0037536188043118556,0.004731690644899237,-2.933715770314649e-12,-0.2596227622117466,0.33461123584113966,0.4261566518079313,2.2514967782178648,0.0005052948539382963,0.9999999335516394,20.20278253761798,1,-0.6626689848554467,0.28754004007904266,0.7288926103597914,2.7411984008872388,-0.0017600955410675663,1.0,2.6327910641216357,1,-0.5265350080550585,0.8600281808236363,1.0099997889253662,2.129173584605131,0.0005198195686926958,1.0000000280572863,1.007317729331913,1,-0.5181282174631225,1.4731816238082844,1.5612754540782512,1.9149005583707246,0.0019092687423165975,1.0,0.30260183415716624,1,-4.020260374968237,-3.597696481113199,5.403667646853871,-2.4121920355689115,-0.012693136682953604,0.9999999047934174,0.006289107810012628,0
19.380000000000003,-0.0037536188042865746,0.0047316906448903965,-2.9338055422545306e-12,-0.38998628451228073,0.21892081257954957,0.4530365371469023,2.645975661812136,0.0005132937152241925,1.0000000491522671,19.239769635531925,1,-0.7062514499163389,0.1478137447135462,0.729219302946093,2.94233132642959,-0.0018971708139171879,1.0,2.626864492199788,1,-0.6287575669875356,0.7893376675786689,1.011799159987883,2.252175110482026,0.0004239593419271769,1.0000001637033533,1.0028639528727827,1,-0.6132412998930832,1.4453816286659296,1.5702626851567063,1.977922512727341,0.0018652594715974917,1.0,0.2978379198041123,1,-3.9833528360559307,-3.6358004295284125,5.401802959204784,-2.4023699582661324,-0.012903094593528562,0.9999998975524397,0.006294988821686934,0
19.400000000000002,-0.00375361880433547,0.004731690644882158,-2.9341195272036824e-12,-0.45335994616684483,0.06628091975649053,0.46611022285609754,3.0065014250941,0.0005233371273663457,1.000000201323708,18.219479974578363,1,-0.7208221518799002,0.002227469495015262,0.7293268396473203,-3.139841181393321,-0.0020089061600122833,1.0,2.6213493547455755,1,-0.7212777971380039,0.7066795209792106,1.0134275701788362,2.3747600653797667,0.000327485220354261,0.9999998233083048,0.9983585642041639,1,-0.7058204323351082,1.4117015181161923,1.579011271088404,2.040236277345409,0.001820352038033583,1.0,0.293117621210299,1,-3.9460453702159715,-3.673539776562823,5.399918018455203,-2.39254103872568,-0.01311246662751708,1.0000002000000772,0.006300952189636656,0
19.42,-0.0037536188043214816,0.004731690644876284,-2.9346386432038685e-12,-0.445100851387444,-0.09625612511053531,0.4644179546680472,-2.9250166034703597,0.0005341281459402228,1.0000003015194485,17.273210759183648,1,-0.7058039764223345,-0.14330733119204403,0.7292109951358703,-2.938826013355645,-0.002105659849118244,1.0,2.616465626578406,1,-0.8027405516302638,0.6133642906973312,1.0148611597103456,2.4969747010599996,0.00023549952145896413,0.9999999967239644,0.9938700124119839,1,-0.795536308643084,1.372373595096079,1.5874900570590478,2.1018735185339996,0.0017751416517626988,1.0,0.2884608201239066,1,-3.9083413035180294,-3.710910351620896,5.39801297558455,-2.3827051985354526,-0.013318831021933817,0.9999998978691522,0.00630699769862861,0
19.44,-0.003753618804157325,0.0047316906448738386,-2.934361087447712e-12,-0.3657621741181415,-0.24289135767556763,0.4480710956534718,-2.5591496079024427,0.0005455684701273983,1.000000291436936,16.503423314245943,1,-0.6617941665711141,-0.2828810556165032,0.7288764346359072,-2.7376861209402756,-0.00218207089882994,1.0,2.6124077080781682,1,-0.8719635688943426,0.5108456324466548,1.0160791228006594,2.618870028744455,0.00015121450035756023,1.0000001796662432,0.9894650180931457,1,-0.8820805789357294,1.327643123059922,1.5956698652386716,2.1628669929982096,0.0017303122305064266,1.0,0.2838855515018053,1,-3.870244004763378,-3.747908008533037,5.396087986182459,-2.3728623601014576,-0.013519858509537745,0.999999904469454,0.006313125116686407,0
19.46,-0.0037536188039166687,0.004731690644874472,-2.9321042122054664e-12,-0.22156346052801998,-0.34586489883528465,0.4183485569515386,-2.152778657939014,0.0005567426186360007,1.0000001769430484,16.024509339921153,1,-0.5905438729254752,-0.41081031995495115,0.7283365389049912,-2.536303846323479,-0.002220649453788268,1.0,2.609338128020256,1,-0.9279502278879831,0.4006985689691386,1.0170639349677195,2.7405010647572916,7.685784550248877e-05,0.9999998401481188,0.985207776527757,1,-0.9651655219953076,1.277766640701714,1.6035234650857435,2.223250336712446,0.0016866708976603635,1.0,0.2794080612259893,1,-3.831756885435626,-3.7845286259689512,5.39414321041861,-2.363012446677819,-0.013712996608273265,1.0000001998489692,0.006319334194363255,0
19.48,-0.003753618803763299,0.004731690644876576,-2.9277773781755112e-12,-0.029604351089976458,-0.3732162308477197,0.37877149677603056,-1.6711886689571656,0.0005656033040811678,1.0000000246602383,16.005056515145593,1,-0.4948975815516425,-0.5218562154637615,0.7276129118602169,-2.3345706576283543,-0.0022014587640705185,1.0,2.607381905299665,1,-0.9698998650737699,0.28459717398449846,1.0178015368252988,2.8619260694432787,1.4197640289178267e-05,0.9999999654713632,0.9811592644169277,1,-1.0445236309960604,1.2230104406488393,1.6110255360167165,2.2830578815889946,0.0016452463598200437,1.0,0.2750428853390802,1,-3.79288339964964,-3.820768107853126,5.392178813595014,-2.3531553824679783,-0.01389506775469472,0.9999998911067053,0.006325624667684377,0
19.5,-0.0037536188038279445,0.004731690644878929,-2.9230472209373914e-12,0.17001780228916336,-0.2926764521221212,0.3376020002664087,-1.0713264693171005,0.0005702913985865833,0.9999999231998232,16.68942915222587,1,-0.3786931129453203,-0.6114301605718271,0.7267345991030614,-2.1323913244365253,-0.0021079008952360643,1.0,2.6066215144501803,1,-0.9972157758672461,0.1642918681060408,1.018281476604385,2.9832057848720295,-3.4426467191436625e-05,1.0000001912022323,0.9773766380175298,1,-1.1199071361470565,1.1636492053367111,1.6181526243385058,2.342324498515352,0.001607507931236538,1.0,0.2708029441967066,1,-3.7536270440973145,-3.85662238378154,5.390194968106122,-2.343291092743839,-0.014062023318701418,0.999999911537829,0.006331996264215544,0
19.52,-0.0037536188039732892,0.0047316906448821566,-2.9195916517732456e-12,0.30174163747537636,-0.09747305012941582,0.31041617275189376,-0.33205124316880746,0.0005710746696866766,0.9999999316002532,18.208846653211324,1,-0.24662358770227036,-0.6757806767340154,0.7257370393709758,-1.9296877352453397,-0.0019355898490529498,1.0,2.6070932556152013,1,-1.0095110127916778,0.04158646687068822,1.0184970128481696,3.1044026759875223,-6.642520163974584e-05,0.9999998609266173,0.9739127116477685,1,-1.1910874848585895,1.0999647917038198,1.6248830942764803,2.401085465462563,0.0015751976184812191,1.0,0.26669964655489653,1,-3.7139913579884607,-3.8920874094394047,5.38819185793241,-2.333419503521705,-0.014211299902592628,1.000000199381217,0.006338448709151805,0
19.540000000000003,-0.003753618803995532,0.0047316906448867675,-2.916795277529971e-12,0.28765891162880136,0.14543042037552312,0.3132828204636945,0.46927579870275893,0.0005711339801138827,1.0000000449734312,19.98009121912752,1,-0.10406378047302589,-0.7121540307351926,0.7246607627371279,-1.7264022247493203,-0.0017128354056543812,1.0,2.6087851009838077,1,-1.0066120712902706,-0.08168491827099923,1.0184451737438356,-3.0576051303852276,-8.567453747488367e-05,0.9999999350695338,0.9708155061213131,1,-1.2578547972303182,1.0322451552505192,1.6311970697973721,2.4593763561963202,0.0015482698702516749,1.0,0.2627429999877522,1,-3.6739799229865144,-3.927159167021491,5.386169680678695,-2.3235405397854585,-0.014348797352289154,0.9999998845167912,0.006344981727245634,0
19.560000000000002,-0.0037536188042287897,0.004731690644890524,-2.9149096331115842e-12,0.13732710453261407,0.3228959849620278,0.3442451147904358,1.1863026987630538,0.0005706842088766096,1.0000001973490307,20.958051917441082,1,0.043135303883937264,-0.7189214458764799,0.7235498523729692,-1.5225002651891741,-0.0014920961754973903,1.0,2.611636066196777,1,-0.9885605250856527,-0.20368105327990715,1.0181267722235818,-2.9363833762125853,-0.00010126631908476932,1.0000001980270785,0.968127857695842,1,-1.320017312071998,0.9607834032855952,1.6370763760082987,2.517232940704124,0.001524165711786544,1.0,0.25894172481809435,1,-3.6335963631400325,-3.9618336656564246,5.384128634444462,-2.313654124021443,-0.014483982596433012,0.9999999187463653,0.006351595041070914,0
19.580000000000002,-0.003753618804759485,0.004731690644892936,-2.9168369108933945e-12,-0.06549680022533307,0.38276736447094745,0.3860425553360561,1.762786169687291,0.000568384305735067,1.000000300061741,20.921720408808984,1,0.18887802719812968,-0.6956656841329785,0.722450210407698,-1.3179723841333302,-0.001304625686485406,1.0,2.6155372978159472,1,-0.9556126391422957,-0.32257677259256357,1.0175463949562822,-2.815054281830231,-0.00011304951391791084,0.9999998851318267,0.9658870754776099,1,-1.3774008363904109,0.8858769668064794,1.6425044983185784,2.5746911039218685,0.0015018116856281996,1.0,0.2553033685315338,1,-3.5928443448103904,-3.996106941834462,5.382068906694441,-2.303760178611983,-0.014616382291772987,1.000000198597562,0.006358288370784279,0
19.6,-0.003753618805234525,0.0047316906448962685,-2.923677792920909e-12,-0.2512423805778267,0.3396857710937068,0.42433125244087994,2.2284210009519256,0.0005657090757906547,1.0000002933444185,20.250034326783457,1,0.32707425906645793,-0.6432204405084992,0.7214076936691778,-1.1128351450008933,-0.0011607740264406548,1.0,2.6203350636479685,1,-0.9082369524753274,-0.4365861350205651,1.0167123624737076,-2.69355607182997,-0.0001142293870188428,0.9999999062675647,0.9641246329736033,1,-1.4298482092888052,0.8078268804014802,1.6474665414804368,2.6317867905841945,0.0014818502453623067,1.0,0.2518344182323016,1,-3.551727576595257,-4.029975059838641,5.379990683112303,-2.293858627782234,-0.01474166791566099,0.9999998781098511,0.0063650614336883465,0
19.62,-0.0037536188054612778,0.004731690644901993,-2.9338757985553077e-12,-0.3849860608385405,0.22685223438249189,0.4519076779167058,2.625602050673602,0.0005643757727309921,1.0000001811057828,19.29523949147122,1,0.451898350398738,-0.5636573317185795,0.7204661808724279,-0.9071310396565843,-0.0010621083544428114,1.0,2.6258357732105635,1,-0.847109787869411,-0.5439854825158754,1.0156366444635478,-2.5718290306067675,-9.794760767067925e-05,1.0000001999726207,0.962865885800568,1,-1.4772187893868454,0.7269371596671371,1.6519491791321388,2.6885559633518175,0.0014648617014847206,1.0,0.24854041015098452,1,-3.5102498092480685,-4.063434112180148,5.377894155107233,-2.2839493969819746,-0.014857771609664314,0.9999999260836416,0.006371913940615836,0
19.64,-0.0037536188055174646,0.004731690644909658,-2.9453254071776236e-12,-0.4521934878103724,0.07549736385648523,0.46577189822742365,2.9872937728996627,0.0005644927826643945,1.0000000286559854,18.274231640080565,1,0.5580453621092188,-0.46021738738709095,0.7196656509747156,-0.700927204542755,-0.001002150915176557,1.0,2.631813062845771,1,-0.7731086136230073,-0.6431363185238873,1.0143347336342283,-2.449816252941164,-5.807132493598962e-05,0.9999999121673406,0.9621298112356886,1,-1.519387973207961,0.6435142658234323,1.6559406053982464,2.7450345693326565,0.001450988209475504,1.0,0.245426035969976,1,-3.4684148355943187,-4.096480220038164,5.375779520174495,-2.2740324121033155,-0.014964579442466982,1.0000001974992454,0.006378845591491404,0
19.66,-0.0037536188055265576,0.004731690644917713,-2.9569202988910526e-12,-0.4478714657771716,-0.0871675432938167,0.4648914610561996,-2.944328449174854,0.0005651760764079572,0.9999999247035114,17.321205929276395,1,0.6409716478126811,-0.3371868310378851,0.7190403714048766,-0.49431293143584676,-0.0009676179575158121,1.0,2.6380168320961217,1,-0.6873031565148054,-0.7325078897348819,1.0128254812852129,-2.3274643940411477,1.0335153698529264e-05,0.9999998797751244,0.9619287658171949,1,-1.5562467505466406,0.557866647454852,1.65943049196841,2.801258516128471,0.0014400509125434154,1.0,0.24249524590779942,1,-3.426226490445463,-4.129109533703926,5.373646980432399,-2.2641075991690247,-0.015062892731962861,0.9999998718960363,0.006385856072314126,0
19.68,-0.0037536188055574725,0.004731690644924987,-2.9687302963155027e-12,-0.37231488226138554,-0.23535851379046097,0.4493242814602123,-2.579858937805842,0.0005660403406177177,0.9999999297369068,16.539127529013957,1,0.6971064279544182,-0.1997203965265668,0.7186172987607712,-0.28739602003023007,-0.0009423925113264926,1.0,2.644183936128806,1,-0.5909441483237308,-0.8106993116354193,1.011130893492214,-2.2047244143608657,0.00011024254096131016,1.0000001969909211,0.9622682580778611,1,-1.5877013017087411,0.47030434957565953,1.6624099500157121,2.8572636569630525,0.0014316786246115713,1.0,0.2397513468580855,1,-3.383688650510277,-4.161318233028288,5.371496741302803,-2.254174884277443,-0.015153803946665018,0.9999999335380326,0.0063929450542113365,0
19.7,-0.003753618805578671,0.004731690644931573,-2.98090805511686e-12,-0.2313520926754102,-0.34149905549880394,0.4202687847292998,-2.176493251011242,0.0005682995161575605,1.0000000408273062,16.04069536655042,1,0.7240216441054821,-0.05361914679218613,0.7184147894263119,-0.08029810911934762,-0.0009120046785460582,1.0,2.6500500513454286,1,-0.4854495832716497,-0.876461026260461,1.009275886459095,-2.081552313745571,0.00024246570476665877,0.9999999413670154,0.963146733563675,1,-1.613672640677833,0.3811386806271464,1.6648714968363276,2.9130857836438566,0.0014254285404127732,1.0,0.23719709360721009,1,-3.34080523430307,-4.193102527871834,5.3693290105708975,-2.244234193680287,-0.015238220066749122,1.0000001960880076,0.00640011219463089,0
19.720000000000002,-0.0037536188053868044,0.00473169064493844,-2.9924005981452062e-12,-0.04124827222505035,-0.3738582358302808,0.3810743302456972,-1.700076790905991,0.0005733015529990402,1.0000001933327016,15.990458138188515,1,0.7205492595726695,0.094926678847079,0.7184417034327086,0.12685078854011203,-0.0008664766487078787,1.0,2.655362066414026,1,-0.37238837327521546,-0.9287153218325005,1.0072879999292568,-1.9579098481601735,0.0004062086112314536,0.9999998562449756,0.9645553851173249,1,-1.6340963074459152,0.29068192848430674,1.6668090276773917,2.968760626071346,0.0014209376150250326,1.0,0.23483477333014743,1,-3.297580202048252,-4.224458658557146,5.367143998017616,-2.234285453974935,-0.015316286022277565,0.9999998658851921,0.006407357140611114,0
19.740000000000002,-0.0037536188048428935,0.004731690644945427,-3.0004575213293805e-12,0.15957234882412227,-0.29981675626390375,0.33965800685061226,-1.1076934419644597,0.0005788509264011885,1.0000002985122556,16.629977119564348,1,0.6868382047860506,0.23961633114066608,0.7186969616992392,0.3339182483982892,-0.0008007917516804106,1.0,2.6598902393348864,1,-0.25346131370314207,-0.9665755806562603,1.0051970665637446,-1.8337652203331871,0.0006005099462493144,1.000000189155448,0.9664780347518689,1,-1.6489221119673192,0.1992471168979433,1.668217793374503,3.024323857412305,0.0014181102739518761,1.0,0.23266628406150006,1,-3.25401755558034,-4.2553828963227005,5.364941916462365,-2.224328592381502,-0.015386893177297085,0.9999999410977275,0.0064146795335363535,0
19.76,-0.0037536188043038946,0.004731690644949252,-3.002963329390429e-12,0.2973641217844957,-0.10996214206404308,0.3112210077610575,-0.37522302123150875,0.0005818070850939263,1.0000002951634015,18.109792313033456,1,0.6243470859633115,0.37432338876304383,0.7191695867470498,0.5407755442096218,-0.0007174115839511083,1.0,2.663439329602667,1,-0.13047931546685979,-0.9893638600479798,1.0030348358180838,-1.7090937292926769,0.0008223190047005935,0.999999972011383,0.9688910672267712,1,-1.658113931578542,0.1071477940671575,1.6690943832524123,3.0798111050503767,0.0014169567714892978,1.0,0.23069320714422334,1,-3.2101213382381233,-4.28587154377829,5.362722985699941,-2.214363536705222,-0.015449675164561883,1.0000001943660848,0.0064220790132555735,0
19.78,-0.0037536188043042432,0.004731690644946366,-3.0027222028272682e-12,0.2920414181101198,0.13334901843393987,0.3122803457264649,0.426641334671859,0.0005830854893672296,1.0000001852347924,19.896728960629773,1,0.5357731540248934,0.49337087177547917,0.7198392263823585,0.7473035405168165,-0.0006383953335151979,1.0,2.6658579722816853,1,-0.005338924614394289,-0.9966263573941437,1.0008345542554946,-1.5838783556535423,0.0010566600559781545,0.9999998362568914,0.9717633877202224,1,-1.6616495632359538,0.014697845290079533,1.6694367073760246,3.135257966541721,0.001416190481629709,1.0,0.22891687358090318,1,-3.1658956347528813,-4.315920935363282,5.360487435684289,-2.20439021386271,-0.015512330806752425,0.999999860086842,0.006429555218225913,0
19.8,-0.0037536188044828504,0.0047316906449390295,-3.003932172451762e-12,0.14718248971798825,0.31654224926203883,0.34211234544713137,1.1508873203121655,0.0005811116209687699,1.0000000326924066,20.933198938572918,1,0.4249223518288525,0.5917816005095671,0.7206771325405592,0.9533980360261234,-0.0005957101883516498,1.0,2.6670455877919195,1,0.12000476313228049,-0.9881462640694731,0.998630495045513,-1.4581102630190754,0.0012784203986874196,1.0000001766592639,0.9750564765111132,1,-1.6595206314718252,-0.0777886781463764,1.6692439757892827,-3.0924852853410427,0.0014131345478642383,1.0,0.22733842457064765,1,-3.1213445711316123,-4.3455274378089195,5.358235495087817,-2.194408548171341,-0.015586961201218877,0.9999999487507485,0.006437107782322803,0
19.82,-0.0037536188044337373,0.004731690644930993,-3.005793530741485e-12,-0.0549254564149091,0.38279950160680243,0.38376044237346013,1.734634287834931,0.0005737348098301183,0.999999926298605,20.943921737657753,1,0.2965290209693765,0.6654909220096005,0.7216475309177643,1.1589742775590441,-0.0006042550373302418,1.0,2.6669563490810404,1,0.24356758312690155,-0.9639534824853851,0.9964574377230323,-1.3317892121978119,0.0014744326393593824,1.0000000033453793,0.9787245766430115,1,-1.6517325525597613,-0.16999772155011847,1.6685166962789721,-3.037012467525188,0.0014066928697000082,1.0,0.22595886615287264,1,-3.076472314535967,-4.374687450603815,5.355967377775369,-2.1844184634804518,-0.015674893917134697,1.0000001923362047,0.006444736334838863,0
19.84,-0.0037536188043078384,0.004731690644922735,-3.006561145879605e-12,-0.2427627798787132,0.3444912805847155,0.422479047913725,2.2051576943732982,0.0005667550715360442,0.9999999279625091,20.29646043035463,1,0.1560366388564782,0.7115120268693544,0.7227092759437295,1.3639703969230914,-0.0006668295850022092,1.0,2.665600723200996,1,0.36336784953087375,-0.9243306747551395,0.9943501219864727,-1.2049238624144287,0.001641957760236889,0.9999998203033698,0.9827150231716806,1,-1.6383045550885478,-0.2616153885319676,1.6672566883260143,-2.9814733151343993,0.0013971524618556527,1.0,0.22477911734631673,1,-3.031283073156085,-4.4033974064615835,5.3536832897544,-2.1744198856296437,-0.015771840338589863,0.9999998545101733,0.006452440503144537,0
19.86,-0.0037536188042697535,0.004731690644913969,-3.006547268091797e-12,-0.3798405506683985,0.2346062675918038,0.45074176905443686,2.6051287077086895,0.0005624776868390062,1.0000000367159156,19.350475924285824,1,0.009352547792922076,0.7280477314352422,0.7238176940712697,1.568349666104989,-0.0007755832189118811,1.0,2.663043860518257,1,0.47745951164299666,-0.869815134672822,0.9923426773471624,-1.0775319201231044,0.0017797946521855472,1.0000001598102695,0.9869687288323697,1,-1.6192697568513787,-0.35232810945446297,1.6654670928682054,-2.9258322343356755,0.0013848344234425726,1.0,0.22380005191162655,1,-2.9857810960783797,-4.43165377179088,5.351383437778894,-2.16441274224987,-0.015874946688705104,0.9999999564849701,0.006460219913040229,0
19.880000000000003,-0.0037536188043210965,0.004731690644905678,-3.006693852225517e-12,-0.4508637054138003,0.08461653481200174,0.4653917069558349,2.968055697684617,0.0005601072968472769,1.0000001892766808,18.329130420675455,1,-0.13740995712604365,0.7145463127389932,0.7249265361093302,1.772101546177523,-0.0009173443281304575,1.0,2.659401236366757,1,0.5839663268978884,-0.8011960312460382,0.9904680298132286,-0.9496401177398871,0.0018873392005985807,1.000000034596947,0.9914208448976289,1,-1.5946752975754765,-0.44182282428250225,1.6631523822492784,-2.8700535952584167,0.0013699333228288644,1.0,0.22302253406690925,1,-2.9399706731474624,-4.459453047168584,5.349068030972186,-2.1543969621197188,-0.015982794712579802,1.000000190001584,0.0064680741871619585,0
19.900000000000002,-0.003753618804319977,0.0047316906448996035,-3.0071119205832275e-12,-0.4504764984940622,-0.07810017254905184,0.4653215790358734,-2.9636051722775147,0.0005582833200117416,1.0000002968717485,17.369656511047317,1,-0.2781895069525108,0.6717023256919248,0.7259899361327388,1.9752415599047604,-0.0010760652853514681,1.0,2.6548323045363498,1,0.6811163307582313,-0.7195066646527408,0.9887572996494425,-0.8212840081566966,0.00196541305133979,0.999999808777499,0.9960016107336099,1,-1.5645825266277622,-0.5297871876257086,1.6603183758002145,-2.814101722106779,0.001352675263383823,1.0,0.22244744815596754,1,-2.8938561348228484,-4.486791767816592,5.346737280262756,-2.144372474924989,-0.016094379698845123,0.9999998491640215,0.006476002942956963,0
19.92,-0.0037536188041694656,0.004731690644896932,-3.0068872738930885e-12,-0.3787156892464058,-0.22776531035391837,0.4505360505305613,-2.600456844935344,0.0005563955020991052,1.0000002968929973,16.57563009733554,1,-0.40722331801412043,0.6014060576707311,0.7269642869822867,2.177810089171494,-0.001235143160606999,1.0,2.6495325434516412,1,0.7672757718360311,-0.6260115048992081,0.9872392063683657,-0.6925075617208423,0.0020168732787843105,1.0000001390236173,1.0006373959507575,1,-1.5290672444144295,-0.615909803928571,1.6569722612976698,-2.757940887494035,0.0013334410176495575,1.0,0.2220757225717967,1,-2.8474418520304927,-4.513666504082176,5.344391397863315,-2.1343392112576285,-0.01620853485452009,0.9999999642881379,0.00648400579072459,0
19.94,-0.0037536188039362507,0.004731690644897419,-3.004771778614135e-12,-0.2410317575863003,-0.33697757749313656,0.42215568581369284,-2.199993355342119,0.0005550242494458163,1.0000001893280626,16.05818079881962,1,-0.5192733938241895,0.5066472215692942,0.7278099616087406,2.379870237856066,-0.001380263118927227,1.0,2.6437244195270346,1,0.8409815958829924,-0.522187947082743,0.9859394974562145,-0.5633625584634097,0.002046386219960699,1.0000000649960614,1.0052519281865782,1,-1.4882199956580322,-0.6998805009738134,1.6531226216588109,-2.701535311823572,0.0013128576215061104,1.0,0.22190834869723775,1,-2.8007322360090714,-4.540073861921502,5.342030597106688,-2.1242971027253845,-0.01632354960976788,1.0000001873659214,0.006492082331989686,0
19.96,-0.003753618803768527,0.004731690644899559,-3.000555533205773e-12,-0.052890049499464374,-0.3742408575103006,0.3833651359743264,-1.7286120913275085,0.0005548805981239213,1.0000000367675321,15.977939455123055,1,-0.6098251303281326,0.39137965188905893,0.7284928255784698,2.5815049194548054,-0.0015013873070883583,1.0,2.6376477817897266,1,0.9009715154083209,-0.4097029082481579,0.9848804177488676,-0.4339077766952945,0.0020602319539045517,0.9999998019632717,1.0097676878919701,1,-1.442146412103492,-0.7813906501990646,1.6487794665043718,-2.644849168851405,0.0012918984571827145,1.0,0.22194639437609667,1,-2.7537317381511808,-4.566010483386433,5.339655092785549,-2.114246082152963,-0.016436696071593027,0.9999998440568574,0.0065002321587298946,0
19.98,-0.0037536188038133095,0.004731690644901992,-2.995768563773815e-12,0.14890784675115554,-0.3066504244450536,0.34174731538031267,-1.1436005169194827,0.000554937065807852,0.9999999279843255,16.573307063772436,1,-0.6752531677754401,0.2603542589974997,0.7289855008746794,2.7828133319371755,-0.0015927316038984876,1.0,2.63155012951482,1,0.946210701435153,-0.29038459932318295,0.9840802360997108,-0.304207988619843,0.0020668388384080276,1.0000001148114817,1.01410743953088,1,-1.390967601606765,-0.8601335427551959,1.6439542688917124,-2.587846598464527,0.001271966750718657,1.0,0.22219101002716593,1,-2.70644484983907,-4.5914730471140475,5.3372651027519895,-2.104186083869475,-0.016543768153591987,0.9999999721478884,0.006508454853866655,0
20.0,-0.003753618803970968,0.004731690644905166,-2.992188961881137e-12,0.29249719377369515,-0.12232563350252912,0.312115828287528,-0.4181249972346454,0.0005536471176289974,0.9999999262779264,18.012076666200308,1,-0.7129510228139027,0.11892749079648689,0.7292683531903136,2.983906975236091,-0.0016535009131409845,1.0,2.625677105053912,1,0.9759141865622596,-0.16619001855664844,0.9835528459855305,-0.17433278401732002,0.0020752481396803467,1.0000000937937004,1.018195853348212,1,-1.3348205798879904,-0.9358048305814243,1.6386600078166778,-2.5304917268102223,0.0012544415733196396,1.0,0.2226434269455739,1,-2.6588761022740774,-4.616458268818579,5.3348608524671945,-2.094117043756799,-0.016640921877332737,1.000000184433393,0.0065167499918873835,0
20.02,-0.0037536188039946072,0.004731690644909767,-2.9893925876378624e-12,0.29594161449157946,0.12101828931306507,0.3113686018006631,0.38378513057416114,0.0005521731677350898,1.0000000326412657,19.811062258676873,1,-0.7214223486253788,-0.027147748028252785,0.7293301814638231,-3.098279955096078,-0.0016982882954384286,1.0,2.620263476426814,1,0.9895641763501934,-0.03916891506015411,0.9833074597969225,-0.04435525098320543,0.0020873045213130265,0.9999998000285875,1.021961144488379,1,-1.273858740275923,-1.0081030420787302,1.6329112123023153,-2.472748692623767,0.001238886973903155,1.0,0.22330494823709435,1,-2.6110300662995334,-4.640962901786855,5.33244258015273,-2.084038897885641,-0.01673244582043456,0.9999998391967727,0.0065251171360760744,0
20.040000000000003,-0.0037536188041933354,0.004731690644913722,-2.987339542404044e-12,0.15682644800571896,0.3097682376071164,0.3400164164818843,1.1150621316759437,0.000550334507422045,1.0000001851829476,20.905275162948946,1,-0.7003326106768801,-0.17194216665583056,0.7291685965518415,-2.8972538397912224,-0.0017547473093029822,1.0,2.615524802156314,1,0.9869216244193416,0.08857485187253811,0.9833484114662607,0.08564945749629183,0.0020961783675945453,1.0000000877704396,1.0253367118070449,1,-1.2082523555962401,-1.076730182321087,1.626723996396828,-2.414581685714821,0.0012235590794518977,1.0,0.22417693199391112,1,-2.562911352217909,-4.664983737378724,5.33001052814488,-2.0739515803660566,-0.01682885713787621,0.9999999800517687,0.0065335558314771,0
20.060000000000002,-0.0037536188047179384,0.004731690644916147,-2.9888582928072616e-12,-0.04434958741668427,0.38245848330235555,0.3814712816819049,1.7061636427975415,0.0005470624696168188,1.0000002951410205,20.964232882660525,1,-0.6505206014332032,-0.3095749323276128,0.7287900962627599,-2.696078069173584,-0.0018287024866023719,1.0,2.6116499086816343,1,0.9680316247930912,0.21492349849299364,0.9836750548283856,0.2156056299863568,0.002100999641803575,1.0000001202803022,1.0282627373867987,1,-1.138189105027236,-1.1413924280878271,1.620116098275894,-2.355955009091836,0.001209128801319791,1.0,0.22526076537863277,1,-2.5145246096036087,-4.688517605532105,5.327564927912827,-2.0638550248381953,-0.016930475423692897,1.0000001812086454,0.0065420656006222105,0
20.080000000000002,-0.003753618805209663,0.004731690644919212,-2.9953539648630567e-12,-0.23417260042683244,0.3490233626134769,0.4205976064587038,2.181698692258978,0.0005431937184241529,1.0000002985323615,20.342025605224393,1,-0.573969668165117,-0.43443723740915924,0.7282098358305754,-2.4946363620529093,-0.0019015026668732962,1.0,2.608794269491435,1,0.9332224125292614,0.33778590825766114,0.9842817644906667,0.3454385132960483,0.0021060892313301085,0.9999998030211164,1.0306875663552635,1,-1.0638746173192601,-1.2018009282878106,1.6131069385401096,-2.29683315472366,0.0011976510230907286,1.0,0.22655782745137654,1,-2.465874527111341,-4.711561375270956,5.3251060048214285,-2.053749167072631,-0.017031311064985635,0.9999998345914679,0.00655064594414238,0
20.1,-0.00375361880545927,0.004731690644924623,-3.005437045067172e-12,-0.37453947575220514,0.24217897154472975,0.44953661891343494,2.584554373870193,0.0005401771777897109,1.0000001933835951,19.405476152361565,1,-0.47373893822257096,-0.5414084849808644,0.7274510853054004,-2.292822469414105,-0.0019457574001522319,1.0,2.6070743814807744,1,0.8830980119741086,0.45513746449071285,0.9851580579607824,0.4750757939918306,0.002114431360109792,1.0000000585667708,1.0325688949448588,1,-0.9855330202325179,-1.2576727203932474,1.6057176781854399,-2.2371808886272952,0.0011907467030485253,1.0,0.22806944105958185,1,-2.41696583227898,-4.7341119552152735,5.322633987346408,-2.043633944938496,-0.017127067464825785,0.9999999879872555,0.006559296341719957,0
20.12,-0.0037536188055321803,0.004731690644932056,-3.01694173115985e-12,-0.4493614667600414,0.09363396598170755,0.4649680233052625,2.94879024083475,0.0005382981370199516,1.0000000408793732,18.384182976449452,1,-0.35385534586775075,-0.6260587306277644,0.7265443867501312,-2.090544310994751,-0.0019343226356599876,1.0,2.6065632527603055,1,0.8185248138732576,0.5650580003622456,0.9862888289934025,0.6044490073380674,0.0021265964485544693,1.000000143803248,1.0338747205354528,1,-0.9034074840743719,-1.3087317730872718,1.5979712699554436,-2.1769633548366243,0.0011896193309494307,1.0,0.22979681910330366,1,-2.3678032913247584,-4.756166294092862,5.320149109461993,-2.033509297654896,-0.017215543817587615,1.0000001776967875,0.0065680162536265255,0
20.14,-0.0037536188055361107,0.004731690644940004,-3.0286372368348857e-12,-0.45290731723432825,-0.06905958050950572,0.4657072835186682,-2.9828414929240843,0.0005366309721971514,0.9999999297598501,17.418563667547776,1,-0.21916802971595928,-0.6848306333101287,0.725526432206616,-1.887727721272808,-0.0018487503066684004,1.0,2.607287135723824,1,0.7406125891822856,0.6657668417206468,0.9876546785177037,0.7334948311041227,0.00214141660211046,0.9999998108671234,1.0345840008078035,1,-0.8177607445987116,-1.3547101646668043,1.5898925061338673,-2.116146202326313,0.001195354844875509,1.0,0.23174101006494066,1,-2.318391708938837,-4.777721381252471,5.317651610241421,-2.0233751653889405,-0.0172956028948127,0.9999998302482397,0.006576805124514113,0
20.16,-0.003753618805561892,0.0047316906449472295,-3.040508816942733e-12,-0.3849555796465953,-0.2201187667810658,0.45170599160621333,-2.6209373736161377,0.0005340455554488465,0.9999999246839807,16.612919784683285,1,-0.07516777817309991,-0.7151937906949192,0.7244386881891342,-1.6843196633477786,-0.0016862932374065757,1.0,2.6092236653781575,1,0.6506906383109928,0.7556540663369046,0.9892323308975056,0.8621562275717067,0.002157218762405788,1.0000000279200418,1.0346870021026568,1,-0.7288755875737901,-1.3953494063329086,1.5815080619641921,-2.0546957358688225,0.0012089795427327214,1.0,0.23390283699790826,1,-2.268735928068424,-4.798774247177293,5.31514173316675,-2.0132314891084646,-0.017366549588704337,0.9999999959417758,0.006585662389065678,0
20.18,-0.0037536188055966144,0.004731690644953717,-3.052764638300509e-12,-0.25059191765060373,-0.33230914532728656,0.42400969733209637,-2.2232743115350275,0.0005302075692954103,1.0000000286053452,16.076933372127307,1,0.07222430826559147,-0.715764142158687,0.7233258007607166,-1.4802907624567685,-0.0014610681161191053,1.0,2.612301586315068,1,0.5502799188629177,0.833307288527998,0.9909951213041568,0.9903834065722705,0.002172445490658609,1.000000163782942,1.034185333933432,1,-0.6370552747420564,-1.4304019192379354,1.572846532898364,-1.9925790917837025,0.0012313741228037521,1.0,0.23628281626991185,1,-2.2188408296953432,-4.819321963998323,5.31261972559777,-2.003078210564797,-0.017427711029178245,1.0000001739033837,0.006594587477748389,0
20.2,-0.0037536188054278913,0.004731690644960401,-3.0645009099772302e-12,-0.06451578666388748,-0.37437375819757246,0.38564540364498584,-1.756794498028387,0.0005257924273435287,1.0000001810535,15.96742609149505,1,0.21689293111242305,-0.6863813168033247,0.722233825393896,-1.2756370079214827,-0.0011982523874273236,1.0,2.6164022585432054,1,0.44106208630446025,0.8975334857264337,0.9929135380927728,1.1181345920298176,0.0021863859147401065,0.9999998233732865,1.0330916815661206,1,-0.5426238887072135,-1.459632673030043,1.563938464556052,-1.9297644401782457,0.0012632824954702058,1.0,0.23888105107274932,1,-2.1687113326055107,-4.8393616460081725,5.310085838555543,-1.9929152723879966,-0.017477906918482132,0.9999998261739697,0.006603579821104344,0
20.220000000000002,-0.0037536188049090554,0.004731690644967371,-3.0730817196511495e-12,0.13804299283412205,-0.313183675224539,0.34387218253192936,-1.1790531521748193,0.0005231712276707815,1.000000293320916,16.519300362024694,1,0.3527814193717387,-0.6281375781462827,0.7212083389051357,-1.0703804781916033,-0.0009259389020932411,1.0,2.6213630698000827,1,0.32484641862287383,0.9473755973247763,0.9949558027467034,1.2453765839805375,0.0022006030034740424,0.9999999965853753,1.0314292622992598,1,-0.4459265716522044,-1.4828209910967738,1.5548163743618206,-1.8662212158735008,0.0013054912634496787,1.0,0.24169710719949689,1,-2.1183523931497916,-4.858890450175708,5.307540327529417,-1.982742618312129,-0.017514836689569425,1.0000000039027264,0.006612638852264982,0
20.240000000000002,-0.0037536188043438487,0.004731690644971668,-3.076121822542799e-12,0.2871557729068844,-0.1345597290721952,0.3131040380146064,-0.46076307535653566,0.0005250325957769683,1.0000003000806943,17.915600411837342,1,0.4741511384020351,-0.5433535225325574,0.720292510272803,-0.8645689684521665,-0.0006674110813703227,1.0,2.6269827588365033,1,0.2035355812199143,0.9821238314605931,0.9970884690125953,1.372085116117153,0.0022178749685751913,1.0000001797270934,1.0292310426311464,1,-0.3473296293722492,-1.4997625243533748,1.5455147639274265,-1.801920379422813,0.0013585350699757855,1.0,0.24472987732819731,1,-2.0677690049959354,-4.8779055766617985,5.3049834561690234,-1.9725601932820893,-0.017536507914473642,1.0000001698344447,0.0066217640076719365,0
20.26,-0.0037536188042789236,0.004731690644969448,-3.075895441129184e-12,0.29935949425119607,0.10843819131654009,0.31055195898144194,0.3406816850079551,0.0005274627339420326,1.0000001973994113,19.722850048215292,1,0.5758355668835821,-0.43549798031183634,0.719525216308336,-0.6582744549442733,-0.0004356698070558869,1.0,2.6330291257055807,1,0.07909112883647573,1.001321799950272,0.9992770245982526,1.4982450127274833,0.002232959042677403,0.9999998402314589,1.0265387622080555,1,-0.24722046864363442,-1.5102713919288315,1.536070119323419,-1.736834705908051,0.0014204896201856678,1.0,0.2479774311974706,1,-2.0169661988715615,-4.896404269337507,5.302415501817413,-1.9623679422642322,-0.017549042613934994,0.999999822375113,0.006630954723817974,0
20.28,-0.003753618804462248,0.00473169064496236,-3.076845202232281e-12,0.16626022753084194,0.30256096626806844,0.33795848335596806,1.0787801045315906,0.0005297582207949052,1.0000000450259232,20.87389436548205,1,0.6534759611943487,-0.30905257404567954,0.7189392761875905,-0.45159035858193036,-0.00025017649238264313,1.0,2.639248617919959,1,-0.04650045330846367,1.0047677560227735,1.001486490271428,1.623850156836933,0.0022304267471509255,0.9999999653348443,1.0234018127922668,1,-0.14600733317094625,-1.5141824829133916,1.5265208844504343,-1.67093910034516,0.0014866189497490239,1.0,0.25143685102178553,1,-1.9659490422989379,-4.914383816306406,5.299836748654016,-1.952165807819194,-0.017566543758887575,1.0000000118574937,0.006640210428718321,0
20.3,-0.0037536188044377163,0.004731690644954378,-3.0786293653273233e-12,-0.03376050353111075,0.381730022573763,0.3791730442416181,1.6773322087047091,0.0005313301617259957,0.9999999316243124,20.9823475488295,1,0.7037252965448135,-0.1693249498230307,0.7185599102029928,-0.2446276609524986,-0.00011334527888765251,1.0,2.6453770471864035,1,-0.17126048567480023,0.9925113290240412,1.0036820078413544,1.7489033051773366,0.0022054510580065897,1.0000001912428444,1.0198760103438413,1,-0.044118800922909554,-1.5113539077199076,1.5169074015514536,-1.6042109524719244,0.0015543931975441326,1.0,0.25510405540972125,1,-1.9147226393234191,-4.93184155043124,5.297247470686867,-1.9419537309950528,-0.017593643311729475,1.0000001654964168,0.0066495305354455575,0
20.32,-0.0037536188043030987,0.004731690644946218,-3.079390041571539e-12,-0.22546058535665153,0.35327126861518476,0.41868418910078214,2.1580133341332957,0.0005306418078399508,0.9999999231814498,20.386529977277267,1,0.7244080607671017,-0.02221842017371467,0.7184035305352426,-0.03751006357103993,-7.295474511004787e-06,1.0,2.6511515906514305,1,-0.29324905572547894,0.9648462330431841,1.0058293888678795,1.8734157717544035,0.002164138812062427,0.9999998610262624,1.0160222962803878,1,0.05799699637489074,-1.5016695809949345,1.5072718391383533,-1.5366305289419058,0.0016234540791786644,1.0,0.2589736126093437,1,-1.8632921302359753,-4.948774849863114,5.2946479329785525,-1.9317316541284,-0.017627493511555084,0.9999998188576887,0.006658914442022659,0
20.34,-0.003753618804252731,0.004731690644937539,-3.0792746824603867e-12,-0.36907234748236234,0.24956257484841607,0.44829041049216434,2.5638560830236083,0.0005288686130153833,1.0000000246101235,19.460106805169705,1,0.7146256072375612,0.12603078975038545,0.7184769437700876,0.1696315827312959,8.474878753250741e-05,1.0,2.656323198188435,1,-0.41059378521873524,0.9222994711634595,1.0078956197050073,1.9974069838451682,0.002111766095169943,0.9999999349384489,1.0119054607853903,1,0.15987347183679393,-1.4850419106391533,1.4976580980830494,-1.4681813868424638,0.0016932016838601717,1.0,0.26303854356079287,1,-1.8116626912884664,-4.965181138571747,5.292038400269079,-1.9214995211899744,-0.01766640391580825,1.0000000197934737,0.0066683615322328605,0
20.36,-0.003753618804309099,0.004731690644929205,-3.079249528969985e-12,-0.44767827675012684,0.10254350471276577,0.4645006293678848,2.9294774969402453,0.0005275642691683236,1.0000001768903533,18.439287615009274,1,0.6748000192678575,0.2691347536252108,0.7187770130977047,0.37666527925588145,0.00017077656553138925,1.0,2.660668572113638,1,-0.5215161130683285,0.8656175677868787,1.0098493245850417,2.1209039365356865,0.0020509468223099763,1.0000001980464521,1.0075929299307054,1,0.2610270400486077,-1.4614145590974121,1.4881116797567768,-1.398850807203054,0.0017625062990437859,1.0,0.2672901179323888,1,-1.7598395344011066,-4.981057886876874,5.289419139413259,-1.9112572771693026,-0.01771056400538433,1.0000001608961737,0.006677871175369948,0
20.380000000000003,-0.003753618804315705,0.004731690644922947,-3.079564381280875e-12,-0.4551577672595395,-0.06005152436719339,0.4660500218480948,-3.0020583730297483,0.0005264487949471291,1.0000002914123232,17.46783203734543,1,0.6066534888387396,0.4010379478685485,0.7192908030136471,0.5834639572424889,0.00024989426469801976,1.0,2.6640009467291175,1,-0.6243549208901052,0.7957503499480445,1.0116611832113582,2.2439405747551184,0.0019835926734473883,0.9999998852453215,1.0031535698485599,1,0.3609589698575544,-1.4307652336990526,1.4786795141452647,-1.3286302465990454,0.0018300349306332752,1.0,0.2717176481645697,1,-1.7078279068622793,-4.996402611981371,5.286790418685712,-1.9010048677524543,-0.017760885801203035,0.99999981562727,0.006687442725901375,0
20.400000000000002,-0.0037536188041795617,0.004731690644920036,-3.0793657554428755e-12,-0.3910306052936173,-0.2124255690860351,0.45283681625692934,-2.6413264858299415,0.0005247702669582235,1.00000030153724,16.65088580418621,1,0.5131246187094951,0.5161884225605817,0.719996198771012,0.789911271414449,0.00031464821493089134,1.0,2.6661789565539156,1,-0.7175874251419597,0.713832764566483,1.013304301890957,2.366557121654592,0.0019113799138941762,0.9999999061451437,0.9986565613157035,1,0.45915766772430294,-1.3931084528104196,1.4694097468442584,-1.2575157994726045,0.0018944982010040236,1.0,0.2763082877258964,1,-1.6556330910205248,-5.011212878505702,5.284152506685512,-1.8907422392807136,-0.017818223744119937,1.0000000276980932,0.006697075523378079,0
20.42,-0.003753618803957838,0.004731690644920377,-3.077389905403738e-12,-0.2600297104653933,-0.32750302333724635,0.4258338459232759,-2.246371105337743,0.0005228690087293777,1.000000201373551,16.096804157511134,1,0.39822729751112207,0.6097813589860306,0.7208629601922171,0.9959067775611966,0.0003548846918788839,1.0,2.667113030142327,1,-0.7998473380417713,0.6211651664917708,1.014754537445493,2.4887993682919642,0.0018356760774414617,1.0000001999702781,0.9941703811956111,1,0.555101420038375,-1.3484982242796588,1.4603514826731518,-1.1855086612582795,0.0019548246505230113,1.0,0.28104684105197786,1,-1.60326040396856,-5.025486299023308,5.281505671455498,-1.880469338866735,-0.01788283562235196,1.0000001560410041,0.006706768892538158,0
20.44,-0.0037536188037747844,0.004731690644922539,-3.0732976927239086e-12,-0.07612023549473894,-0.3742697572404871,0.3879167206751231,-1.7846704635189918,0.0005223179920712469,1.0000000492051586,15.958714230312198,1,0.26686138220031747,0.6779627097414771,0.7218541416483455,1.201370220767381,0.0003627453268192293,1.0,2.666768958339295,1,-0.8699403584715597,0.5191924527548379,1.015990774547859,2.6107179379140093,0.0017581377168263755,0.9999999122918886,0.9897618902566973,1,0.6482616142052138,-1.2970305625820089,1.4515544839229153,-1.112615580589358,0.002010348837979551,1.0,0.28591559384296134,1,-1.550715197219401,-5.039220534597059,5.278850180000068,-1.8701861146433256,-0.017953762425478987,0.9999998126889752,0.0067165221438956,0
20.46,-0.0037536188037995025,0.00473169064492505,-3.068468222566789e-12,0.1269908884821912,-0.31942835436904804,0.34603039322783435,-1.214101041274931,0.0005239117842269493,0.9999999335768026,16.467753462736194,1,0.12458698315906434,0.7179838748371157,0.7229277899452737,1.406244740405001,0.00033803861384366663,1.0,2.665168527019158,1,-0.9268570926589531,0.4094823558017412,1.0169951583323347,2.732367535742907,0.0016812737527111064,0.9999998796643835,0.9854955248474819,1,0.7381064469222619,-1.2388457618460615,1.4430688225065396,-1.0388492872179862,0.0020610760269534714,1.0,0.29089417305671744,1,-1.4980028563744492,-5.0524132953159775,5.2761862988552135,-1.8598925161725537,-0.018028082302664523,1.0000000355588274,0.0067263345757623905,0
20.48,-0.0037536188039672793,0.004731690644928176,-3.0647585164134128e-12,0.28135561674205006,-0.14666293442675918,0.3141800972804595,-0.5031609550091785,0.0005258424308032511,0.999999921771067,17.820390795488525,1,-0.0226245023322904,0.7283020557118014,0.7240388202513588,1.6104988864075271,0.0002893911598042279,1.0,2.66238733946535,1,-0.9697835244722055,0.2937031466589589,1.01775328386257,2.8538061932459913,0.0016080202676599712,1.0000001969669203,0.9814325883273375,1,0.8241051137334119,-1.1741303343469145,1.4349444881255926,-0.9642288807887645,0.0021077138019720194,1.0,0.2959594473475857,1,-1.445128800783064,-5.065062340831209,5.273514297658057,-1.8495884948332988,-0.018101956143266523,1.0000001509386003,0.006736205478214372,0
20.5,-0.003753618803994928,0.0047316906449327645,-3.061962142170138e-12,0.3022959668444532,0.09561567079906115,0.30982674334828236,0.29733172875041075,0.0005269879996472837,1.0000000206575506,19.63230347520827,1,-0.16864931260765564,0.7086245892152194,0.725140967876528,1.8141274235197025,0.0002182228553176228,1.0,2.6585501526317303,1,-0.9981091591847644,0.17360094177407334,1.0182543404650393,2.975094512421519,0.0015362642224777529,0.9999999414995477,0.9776306355895323,1,0.9057324565672101,-1.1031185186748593,1.4272309585210525,-0.8887801618266912,0.00215002556441842,1.0,0.3010854850660807,1,-1.3920984831926781,-5.077165480891224,5.270834455873613,-1.8392740030389283,-0.018178374427011163,0.9999998100474595,0.006746134136020413,0
20.52,-0.0037536188041613987,0.004731690644936903,-3.0597746558669314e-12,0.17548003723791103,0.2949170123361303,0.33593691484971583,1.042040638553415,0.0005287266144191858,1.0000001726955392,20.839228721467258,1,-0.30746777644686607,0.6598988086101721,0.7261887269345954,2.017150971703706,0.00010782115861712442,1.0,2.6538241893347814,1,-1.0114329548269292,0.05097675739202991,1.0184912099834689,3.096294903880011,0.0014547363488532571,0.9999998561486436,0.9741429427590229,1,0.9824740264194703,-1.0260932592879048,1.4199767305685458,-0.8125358798353836,0.002185283640284264,1.0,0.3062435796688676,1,-1.338917389388809,-5.088720575877389,5.268147059190347,-1.828948991794471,-0.01826907500691406,1.0000000433632217,0.006756119825922268,0
20.540000000000003,-0.00375361880467474,0.004731690644939373,-3.0608900830619845e-12,-0.023156891105560698,0.3806063025803551,0.37686481457396215,1.648141999277626,0.0005316571852202446,1.0000002894161737,20.998455958485152,1,-0.4334074808259296,0.5842515491036565,0.7271392006311317,2.2196146075814887,-4.2263788970967726e-05,1.0,2.6484109515635246,1,-1.0095671346550459,-0.07233658499658331,1.0184605362340224,-3.065714490683343,0.0013565242638234466,1.0000001891103802,0.9710180502776087,1,1.053831497557487,-0.9433865618608553,1.413228801966164,-0.7355358863633501,0.0022120429102199385,1.0,0.31140234408079337,1,-1.2855910378261093,-5.099725537341124,5.265452382632267,-1.818613411059195,-0.018376822702725625,1.0000001455970469,0.006766161813073124,0
20.560000000000002,-0.0037536188051811767,0.004731690644942217,-3.0670110548469687e-12,-0.21662145939688765,0.35722759965682366,0.4167383898505466,2.1341074007593925,0.0005369295813489456,1.0000003029012878,20.43018516588957,1,-0.5413643368664062,0.4848841981653413,0.7279537824404394,2.4215855804897877,-0.0002134197182799989,1.0,2.6425370720573986,1,-0.9925389461509073,-0.19449762780638696,1.0181627671855424,-2.9444993288693553,0.0012428751898332967,0.9999999721486342,0.9682993634144018,1,1.119328346858737,-0.8553791363652681,1.4070321269910913,-0.6578271887340392,0.0022313609246478947,1.0,0.3165278926558886,1,-1.2321249792511904,-5.110178328541596,5.262750689638853,-1.8082672126987098,-0.018495420747467642,0.9999998077069086,0.00677625935269734,0
20.580000000000002,-0.0037536188054571704,0.004731690644947299,-3.0769527550877918e-12,-0.36343185651353677,0.2567509832036748,0.4470031031495504,2.5430415503055688,0.0005448360796356737,1.0000002053040749,19.514583239061174,1,-0.6269948230014449,0.36593020721894287,0.728599615003784,2.623150285418213,-0.0003892754434043541,1.0,2.6364446571628775,1,-0.9605903985139082,-0.31367946399824836,1.0176021527636585,-2.8231816625380626,0.0011165296580243475,0.9999998361773418,0.9660247990573188,1,1.1785156896245266,-0.7624992518054744,1.401429069478754,-0.5794638778194723,0.0022447429830576497,1.0,0.3215841196680104,1,-1.1785247963160101,-5.1200769649823705,5.260042241380489,-1.7979103512179848,-0.018619081767414957,1.0000000510989109,0.006786411692050174,0
20.6,-0.003753618805544925,0.004731690644954481,-3.0884973398204174e-12,-0.4458059772691856,0.11134039932264256,0.4639899214211279,2.910125521422648,0.0005531971114458217,1.00000005341504,18.49465436954223,1,-0.6868746217162297,0.2322823576455666,0.7290508024947996,2.8244106514745284,-0.0005599512750676745,1.0,2.630381374156271,1,-0.9141759743850988,-0.42809288885712027,1.016786701189411,-2.7016994654388578,0.000980226104176379,1.0000001765942397,0.9642264707719735,1,1.2309781432522078,-0.6652207449239115,1.3964588540435263,-0.5005069119001324,0.0022534893205275832,1.0,0.32653307522679836,1,-1.1247961031810927,-5.1294195149474975,5.257327300810634,-1.7875427832357773,-0.018743849566619147,1.000000140024807,0.006796618069692812,0
20.62,-0.0037536188055445423,0.0047316906449623285,-3.1002882552866318e-12,-0.4572197280943154,-0.051079419496810836,0.4663508345789049,-3.0212491903984837,0.0005609947975404145,0.9999999356163678,17.517656705864027,1,-0.7186204837082492,0.0893969963803985,0.7292893546168742,3.0254800884559065,-0.0007260450921033216,1.0,2.624590905863366,1,-0.8539582758766113,-0.5360094567601785,1.015728098067569,-2.579992700617798,0.000838184893306218,1.0000000034839676,0.9629304030802398,1,1.2763395733956393,-0.5640601493013141,1.3921570255065954,-0.42102375134123654,0.0022587706793131108,1.0,0.33133543795750847,1,-1.0709445451087283,-5.138204100038254,5.2546061331948914,-1.7771644671164162,-0.018866652459846128,0.9999998056710306,0.006806877713004182,0
20.64,-0.0037536188055692947,0.004731690644969508,-3.112236163227422e-12,-0.39693337621794783,-0.20468802394438546,0.45393024220979517,-2.6616212626040445,0.0005681655573767997,0.9999999204535207,16.689695274849083,1,-0.7209733812330399,-0.05691788320770232,0.7293058284460479,-3.0567061864879794,-0.0009021811459060374,1.0,2.6193045414379013,1,-0.780801532440309,-0.6357843626546076,1.0144415871009576,-2.4580040821267133,0.0006970073981259815,0.9999998202425627,0.9621562651868774,1,1.3142685654724637,-0.45957294014528854,1.3885549325712976,-0.34108784201685766,0.0022617270017469635,1.0,0.3359510792559825,1,-1.016975798046209,-5.146428895710706,5.251879005938931,-1.7667753628450655,-0.018984650132496984,1.0000000587536384,0.006817189834573026,0
20.66,-0.003753618805611278,0.004731690644975887,-3.1245596388007613e-12,-0.2693385715047378,-0.3225610631721184,0.42763018349459414,-2.269287198021153,0.0005743454711999012,1.000000016749555,16.117917253915557,1,-0.6938418934387094,-0.200724244034577,0.7290996524584444,-2.8556544528855485,-0.001109318445266182,1.0,2.614733126710323,1,-0.6957628715707881,-0.7258790358923639,1.0129458103938098,-2.335679836025734,0.0005662176237273967,1.000000159726891,0.9619171204231574,1,1.3444834591855572,-0.3523489226031802,1.3856792517880483,-0.26077795010645133,0.002263526265895929,1.0,0.3403397082754105,1,-0.9628955681992895,-5.154092131814258,5.249146188438728,-1.7563754320379732,-0.019094819376564605,1.0000001342307097,0.00682755362763727,0
20.68,-0.0037536188054635993,0.004731690644982396,-3.1365023425711236e-12,-0.08769619934612718,-0.37393061516813664,0.3901806037761976,-1.81225174429156,0.0005799250635776285,1.0000001684711046,15.951872631374618,1,-0.638305364213233,-0.3361791191861375,0.7286791454823448,-2.6544289142809454,-0.0013656122532282858,1.0,2.611059458467611,1,-0.6000812354487326,-0.8048832906391797,1.0112626059220529,-2.2129704577283777,0.0004594864349432034,1.0000000347334577,0.962219218930354,1,1.3667567862923173,-0.2430068259874543,1.3835515669283034,-0.1801773572937229,0.0022654359570180712,1.0,0.3444615811705335,1,-0.9087095915963144,-5.161192093131919,5.246407952126312,-1.7459646380665628,-0.01919344359850744,0.9999998039430513,0.006837968261060734,0
20.7,-0.0037536188049780536,0.004731690644989316,-3.145591426223504e-12,0.11576185302332208,-0.3253827922466853,0.34822185450919846,-1.2487595086474144,0.0005848920878187194,1.0000002873334417,16.41871223078653,1,-0.5565767939186482,-0.45775718811335486,0.7280612324992634,-2.452915012286765,-0.0016778028602017214,1.0,2.6084317621641935,1,-0.49516381884491384,-0.8715368245222503,1.0094167584589382,-2.089831459396581,0.0003940842927685732,0.9999998087369327,0.963061848322034,1,1.3809189628582286,-0.13218820076632404,1.3821880174527648,-0.09937293232494238,0.0022689395572230227,1.0,0.3482782529672927,1,-0.8544236336435361,-5.167727119921721,5.2436645712734435,-1.7355429463425962,-0.019275386325243966,1.0000000663152755,0.006848432875390187,0
20.720000000000002,-0.0037536188043891796,0.00473169064499403,-3.1492135288413436e-12,0.275103352456053,-0.15862231707318236,0.315343211983823,-0.545321424456763,0.0005884592799476885,1.000000304172172,17.726604095024875,1,-0.45192584401812774,-0.5604646745081121,0.7272708558517206,-2.251009127104292,-0.0020345946979915537,1.0,2.6069582790185324,1,-0.38256991095553455,-0.9247498001818768,1.0074357033867114,-1.9662240948588448,0.00038646485039385185,1.000000138923939,0.9644371811299756,1,1.3868611067297791,-0.02055074720659012,1.3815990283052353,-0.018454102059694763,0.0022756388094866855,1.0,0.3517533458085587,1,-0.8000434886721287,-5.17369560845824,5.240916326502727,-1.7251103246606465,-0.019334817478885383,1.0000001282239348,0.006858946582214574,0
20.740000000000002,-0.0037536188042547364,0.004731690644992476,-3.149048730111126e-12,0.3047386746763845,0.08256324722323148,0.3091938273772387,0.2537340033147177,0.0005908640436512936,1.000000209189065,19.539584030114117,1,-0.32856289393033256,-0.6400381335929923,0.726340085907538,-2.0486226965951913,-0.0024112244368618444,1.0,2.606702930718577,1,-0.26399205002538256,-0.9636221832262389,1.005349186681856,-1.842116044228841,0.00043949352725003666,1.0000000651271308,0.9663300960735651,1,1.3845368783913785,0.09123876818806188,1.3817891348944846,0.062488249220325406,0.0022859973456833237,1.0,0.3548533023212587,1,-0.745574979476748,-5.1790960115731846,5.238163512248594,-1.714666742532397,-0.019372685890191907,0.9999998025257085,0.006869508466207165,0
20.76,-0.003753618804443317,0.004731690644985688,-3.1497460889484685e-12,0.18446757650359458,0.28683271271987504,0.3339515635490507,1.0048290608851587,0.0005928499178359612,1.0000000576535122,20.801315296359952,1,-0.1914859166824141,-0.6931212964008288,0.7253069323011229,-1.8456859260704026,-0.0027632508119519563,1.0,2.6076820485776144,1,-0.1412344421750211,-0.9874614484117775,1.0031888777596643,-1.7174820405291997,0.0005317562085168748,0.9999998019439457,0.9687179012558773,1,1.3739632773048642,0.20251183167925316,1.3827569160376922,0.14336292681653337,0.0022985058640786547,1.0,0.35754809556225914,1,-0.6910239568450008,-5.183926839194426,5.23540643597975,-1.7042121685376936,-0.019400592359876682,1.000000073771842,0.0068801175852139405,0
20.78,-0.0037536188044400526,0.004731690644977763,-3.151441781146236e-12,-0.01255252724431731,0.37907526242186773,0.3745446245473892,1.618583371565116,0.0005930381305747342,0.9999999377420126,21.012630890674,1,-0.046293122417325284,-0.7174127739205284,0.724213864485632,-1.6421509461616621,-0.0029893766666450644,1.0,2.6098621875194694,1,-0.016188659512480816,-0.995798212222238,1.0009879431231932,-1.592304439533302,0.0006328289226506917,1.0000001146979594,0.9715698152187991,1,1.355220363289347,0.3126055478465259,1.3844950214828216,0.2240795915813812,0.002312574073398272,1.0,0.3598118766116659,1,-0.6363962990786127,-5.188186658883848,5.232645401390872,-1.6937465698676848,-0.01942332185898395,1.0000001220139998,0.00689077297163568,0
20.8,-0.003753618804296348,0.004731690644969689,-3.152179038623526e-12,-0.20766571362230052,0.3608771850658635,0.4147581721005703,2.1099805689433957,0.0005909638150504268,0.9999999192294537,20.47311307095067,1,0.1010341179745427,-0.7117772860342616,0.7231060796689198,-1.4379942081916848,-0.0029764144529954408,1.0,2.6131595923064412,1,0.10919327701848823,-0.9883993045513798,0.9987806127053961,-1.4665737312581035,0.0007167570402977995,1.000000093916099,0.9748464766347812,1,1.3284499127441254,0.4208698611516298,1.3869902844055069,0.3045498953764677,0.0023290853683428283,1.0,0.3616235179606998,1,-0.5816979115070615,-5.191874096371903,5.229880704269929,-1.6832699150772485,-0.01943652207729627,0.999999801421248,0.00690147364258196,0
20.82,-0.0037536188042397705,0.0047316906449611056,-3.151969137082933e-12,-0.35762591493884816,0.26372670263626197,0.4456731931641125,2.5221151467607577,0.0005880393029822084,1.0000000128880446,19.56902672118998,1,0.244371656580429,-0.6763133911236753,0.7220295990455442,-1.2332178708118076,-0.0027098169002152824,1.0,2.617442786967049,1,0.23292821490033108,-0.9652777480668265,0.9966017223006357,-1.3402889830674607,0.0007769738804656242,0.999999800030978,0.9785005138325032,1,1.2938530601473215,0.5266744498566465,1.3902239356702666,0.38468855054466383,0.0023487781501253303,1.0,0.36296703205959835,1,-0.5269347259918543,-5.194987836085502,5.227112640948094,-1.67278217501629,-0.01943636021282553,1.000000081111523,0.006912218613024988,0
20.84,-0.0037536188042958944,0.004731690644952756,-3.151792195288383e-12,-0.44374878212281615,0.12000469585120478,0.46343386031831246,2.8907402323940934,0.0005856388516572017,1.0000001642191116,18.550372089909693,1,0.3777077315125313,-0.6123716362864705,0.7210293395252987,-1.0278500670404682,-0.0022931119018187165,1.0,2.6225384852704337,1,0.35303326739824786,-0.9266990873009001,0.9944861783535449,-1.2134581913224183,0.000831392129951941,1.0000000876458706,0.9824782790898584,1,1.2516870107636582,0.6294151246073866,1.394171912540545,0.46441431294945174,0.0023718813941866978,1.0,0.363831857443507,1,-0.47211270041922265,-5.197526621669069,5.224341512562983,-1.6622833222739746,-0.019421479905020342,1.0000001156107439,0.006923006904942939,0
20.86,-0.003753618804306934,0.0047316906449463205,-3.1519786780620507e-12,-0.4590915523468825,-0.042165854544311154,0.4666054008467357,-3.0404054891655257,0.0005840648196574591,1.0000002851651435,17.568099737683262,1,0.4954023124149144,-0.5225187142694925,0.7201472633590179,-0.8219440990372728,-0.0018558319073105438,1.0,2.6282385667209955,1,0.4675588645540479,-0.8731835474088762,0.9924683411648343,-1.0860984729319374,0.0009015694621447422,1.000000120391014,0.9867209942205815,1,1.2022609410739564,0.7285195884484108,1.398805244330562,0.5436508541180879,0.002398266542913395,1.0,0.3642130005614301,1,-0.41723781818005906,-5.199489256500672,5.221567625383443,-1.6517733306729547,-0.019392073075422078,0.9999998006314195,0.006933837550748216,0
20.880000000000003,-0.003753618804190879,0.0047316906449431685,-3.151793062650121e-12,-0.40265339950181456,-0.19693081348164154,0.45497830779573684,-2.6818060695406993,0.0005827978640366669,1.0000003053492723,16.72941453830877,1,0.5924383775560265,-0.4104456532129935,0.7194206127920295,-0.6155765835155265,-0.0014795559495719356,1.0,2.6343073644370585,1,0.5746228871891302,-0.8055035877030926,0.9905813825299317,-0.9582360491339035,0.0009961958234016924,0.9999998030451644,0.9911648203542062,1,1.1459312271860533,0.8234524450575718,1.4040905007457574,0.6223275018504689,0.002427588952427248,1.0,0.36411103075642115,1,-0.3623160876366849,-5.200874604204651,5.218791290059872,-1.6412521750110336,-0.019349119461041384,1.00000008832269,0.006944709591230122,0
20.900000000000002,-0.003753618803979141,0.00473169064494336,-3.1499585925742757e-12,-0.2784954239152281,-0.31750743832664574,0.42938655770979434,-2.2919917803011005,0.0005814285283752322,1.0000002130266248,16.14038763294086,1,0.664651927917438,-0.28082123192876135,0.7188802631687263,-0.40884450154038543,-0.0011904976358722574,1.0,2.640490501634731,1,0.6724451615729612,-0.724676498639758,0.9888566616173796,-0.8299060246836797,0.0011124355694308982,1.0000000584342243,0.9957410034819943,1,1.083096156818237,0.9137193755535985,1.4099902886585676,0.7003798361841596,0.0024594051207354564,1.0,0.3635319340843417,1,-0.30735354157675976,-5.201681589162297,5.216012820674116,-1.6307198309632558,-0.019293847380388706,1.0000001090243125,0.006955622069322415,0
20.92,-0.0037536188037803108,0.0047316906449455225,-3.1459912799847167e-12,-0.09920465165727818,-0.37337309894992704,0.3924213676810017,-1.8394794142751696,0.0005803716245574766,1.0000000619185074,15.947133440350006,1,0.7089275482108792,-0.13909543816784067,0.7185492928434869,-0.20186117494981648,-0.0009785268646559737,1.0,2.646525630437197,1,0.7593814783293914,-0.6319517989136588,0.9873231287585403,-0.7011519721715813,0.0012431461581213798,1.0000001438995454,1.0003766339350695,1,1.0141902871748643,0.9988704390624644,1.416463782185586,0.777750134742169,0.002493323812662089,1.0,0.36248683804853243,1,-0.25235623665515716,-5.201909197022132,5.2132325337998955,-1.6201762751273219,-0.01922708448750255,0.9999998001574746,0.006966574021811475,0
20.94,-0.003753618803788586,0.004731690644948112,-3.14112191118765e-12,0.10440831700072474,-0.3310422418242991,0.3504304200585104,-1.2829205796870915,0.0005800125478410645,0.9999999399526996,16.372655081051935,1,0.7233474852950642,0.008738522019494304,0.7184418776731061,0.0052486799683847405,-0.0008148236701594145,1.0,2.6521543780968413,1,0.8339562202024638,-0.5287933471940258,0.986006760056279,-0.5720253208699503,0.0013823021927843436,0.9999998109122366,1.0049958572753683,1,0.9396786095802421,1.078502486072133,1.4234672704932951,0.8543876679060283,0.002529204556352368,1.0,0.3609916244574514,1,-0.1973302528248398,-5.201556475209765,5.210450748081789,-1.6096214852750461,-0.019148318077474125,1.000000095393917,0.006977564471712029,0
20.96,-0.0037536188039615304,0.004731690644951225,-3.1372777639648852e-12,0.26844094851999595,-0.1703980327164679,0.3165848936697861,-0.5870703632080737,0.0005792320730786532,0.9999999180994636,17.635107321929432,1,0.7072845865682769,0.15641183213419627,0.7185625928290182,0.21235456782792106,-0.0006656707302450383,1.0,2.657134599012369,1,0.8948926370642099,-0.41685627648341933,0.9849300329985986,-0.4425845501749687,0.0015274265303309392,1.0000000277827839,1.0095213220811612,1,0.8600506730536129,1.1522607045392161,1.4309547076982225,0.9302488492341624,0.002567021112120338,1.0,0.3590664512833454,1,-0.14228169275769326,-5.200622533436522,5.207667786261229,-1.5990554407784034,-0.01905586759705959,1.000000102265141,0.006988592424352652,0
20.98,-0.0037536188039951446,0.004731690644955779,-3.1344683792955408e-12,0.3066859238081753,0.06932850168536718,0.3086612301040388,0.2100702154893252,0.0005776364896456493,1.0000000090749033,19.44550055976963,1,0.6614328705161244,0.29766294301057994,0.7189061744811802,0.41932617775993924,-0.0005116905938308121,1.0,2.661252077056838,1,0.9411398041192712,-0.2979590703958792,0.9841114623859432,-0.3128941953346006,0.0016742884616434014,1.0000001638624523,1.013875741045361,1,0.7758148044543338,1.2198393452899057,1.4388782523257957,1.0052972488306726,0.002605227281684143,1.0,0.35673520613870513,1,-0.08721668125538823,-5.199106544205501,5.204883981864172,-1.5884781222584714,-0.01895364953033433,0.9999998000001641,0.006999656867242924,0
21.0,-0.0037536188041332077,0.004731690644960091,-3.1321655338811816e-12,0.193200789741854,0.2783234352175134,0.3320207153119702,0.9672521550341596,0.000575012166610374,1.0000001599416348,20.76032621376596,1,0.587773649966867,0.4265200339956164,0.7194577677731918,0.6260393513379038,-0.000360890680085629,1.0,2.6643307395152025,1,0.9718953468971562,-0.17405131608333324,0.9835652152134194,-0.18302367679222825,0.0018111185866662586,0.9999998234383531,1.0179835675506865,1,0.687492544032765,1.280981694642472,1.4471887954529954,1.0795034836234263,0.0026400249543163086,1.0,0.3540249122786716,1,-0.03214136464918965,-5.197007743314289,5.202099680148943,-1.5778895090660092,-0.018856639492563637,1.0000001023140002,0.007010756767207647,0
21.02,-0.003753618804630347,0.004731690644962646,-3.132879372591546e-12,-0.00195802357882513,0.37712871327527236,0.3722305385577558,1.58869871549389,0.0005712182780233603,1.0000002829123373,21.024631401004115,1,0.4894795269116221,0.5375674068198733,0.7201936465696087,0.8323817072739345,-0.00022881837608898858,1.0,2.6662408494628855,1,0.9866231178011775,-0.04717786920126037,0.9833008001851986,-0.05304597536452246,0.001931348419491065,0.9999999964467878,1.0217727173078899,1,0.5956133940524734,1.3354793779789917,1.4558364691416814,1.152845013939712,0.002669614871089494,1.0,0.35096510634856104,1,0.02293808981121058,-5.194325430355952,5.19931522128872,-1.5672895782820586,-0.01877413471099543,1.0000000953439392,0.007021891064142465,0
21.040000000000003,-0.0037536188051496607,0.0047316906449652784,-3.1386195725735533e-12,-0.19858809195298427,0.3642049812285525,0.4127568641338821,2.085640884398171,0.0005677949242515146,1.0000003064320142,20.51492600063328,1,0.3707626816245085,0.6261815658127785,0.7210823283332634,1.0382575831334269,-0.00012117642966775218,1.0,2.666905099738947,1,0.9850651699928431,0.08055965481959175,0.9833228451467935,0.0769637945717684,0.002037875959034911,1.0000001797878573,1.0251761940651662,1,0.5007099560178787,1.3831710875062007,1.4647711053302923,1.2253058610829919,0.0026946925243133287,1.0,0.3475872162242146,1,0.07801549457827894,-5.191058969218184,5.196530932554225,-1.556678307443947,-0.01870490215370323,0.9999998001597373,0.007033058670729648,0
21.060000000000002,-0.003753618805453051,0.004731690644970025,-3.1484086171484904e-12,-0.35163817270246706,0.27047522777482436,0.444308569389114,2.501069810280447,0.00056497681446696,1.000000216814882,19.62303788828064,1,0.23667726628910501,0.6887253328865862,0.7220860265484356,1.243592058219861,-4.4036470892027285e-05,1.0,2.666301390806988,1,0.9672475718170704,0.20704300840154644,0.9836309906960371,0.2069298715008056,0.002134693510999193,0.9999998403148759,1.0281336523730211,1,0.4033135096487543,1.4239408315050044,1.4739426471511934,1.2968762496598514,0.002715983205896536,1.0,0.3439239608932019,1,0.13308464243670404,-5.187207788577616,5.193747135288058,-1.5460556759807746,-0.018646722485315667,1.0000001090719757,0.007044258476432247,0
21.080000000000002,-0.003753618805555869,0.004731690644976959,-3.1599774880097797e-12,-0.4414841756711353,0.12852430235925913,0.46283624320761346,2.871309904502698,0.0005629441372944193,1.0000000662079438,18.606092418216683,1,0.09288804077682465,0.7226916987645812,0.7231623704255468,1.4483338837286774,-6.862751974187419e-06,1.0,2.6644627875638247,1,0.9334798342191611,0.33017792036623334,0.9842198997177468,0.33677735760660504,0.0022243794367967805,0.999999965198342,1.0305928227792782,1,0.3039500662997424,1.4577158025314514,1.4833015217204517,1.3675521964987654,0.002733597841745178,1.0,0.34000879142957907,1,0.18813930714392496,-5.1827713823883235,5.1909641493890835,-1.5354216649825023,-0.018598881548783492,1.0000000882716729,0.007055489350560644,0
21.1,-0.0037536188055539883,0.004731690644984679,-3.171864680628911e-12,-0.4607479549735803,-0.03332062402440224,0.4668155397910907,-3.05953956652867,0.000561351803783631,0.99999994224735,17.618874555743563,1,-0.05458152696815969,0.7267928046390327,0.7242662835889828,1.652457229707285,-1.6900948477965277e-05,1.0,2.6614748539184943,1,0.884347972267438,0.4479340214317334,0.9850793770445877,0.46643370567481957,0.0023082890071835145,1.0000001912833647,1.0325107293648592,1,0.2031369110030847,1.484463957474803,1.4927989689709051,1.4373350665639826,0.0027471213745755996,1.0,0.33587539607309336,1,0.2431732440815398,-5.177749310365193,5.18818229389613,-1.524776256892079,-0.018561345503560707,0.9999998006359415,0.007066750144201917,0
21.12,-0.003753618805576685,0.004731690644991805,-3.183888049040906e-12,-0.4081645577049852,-0.18916225274176848,0.45598270013545045,-2.70189395957915,0.0005592235871534328,0.9999999170641017,16.76979915193833,1,-0.19960853938838327,0.7009930386534736,0.7253519213743568,1.8559622452269333,-7.525439393394019e-05,1.0,2.6574706030473565,1,0.8207014681370325,0.5583829585297233,0.9861945948950837,0.5958301339111296,0.0023865778954957834,0.9999998611259742,1.0338546531562507,1,0.10137963047060503,1.504191395779009,1.5023873226636684,1.5062311112198496,0.0027559054270618138,1.0,0.3315572615071072,1,0.298180190917683,-5.172141198461642,5.185401886461579,-1.5141194354245184,-0.018534016326693808,1.0000001156571356,0.007078039691657435,0
21.14,-0.0037536188056226717,0.0047316906449981,-3.1962687704889525e-12,-0.28747396948495657,-0.31235024918420595,0.4311057252936307,-2.314501995093989,0.0005558656175428567,1.0000000053119924,16.163978788203256,1,-0.3362252001319815,0.6464883442536524,0.7263745765151713,2.0588744962876158,-0.0001758281110761365,1.0,2.652623532044929,1,0.7436346299894206,0.659733664792131,0.9875464163232869,0.7249029263445684,0.002458995565509457,0.9999999348073952,1.0346028071049067,1,-0.0008303885462685292,1.5169396149292582,1.5120202450956757,1.5742510023099106,0.0027594564138653907,1.0,0.3270872726709869,1,0.3531538682804337,-5.165946739341646,5.182623242710553,-1.503451185640044,-0.018516246936353214,1.0000000810595473,0.00708935681144413,0
21.16,-0.003753618805497742,0.004731690645004433,-3.2084057632886243e-12,-0.11061791377697797,-0.3726063335258314,0.3946430574954556,-1.8663808983077423,0.0005521890655299601,1.0000001556407618,15.94421921767861,1,-0.4588581662846054,0.5656362483684837,0.727292474988387,2.261243397153106,-0.00030595079016995224,1.0,2.647139272558357,1,0.6544630343916384,0.7503638975106242,0.9891118050392246,0.8535945835058381,0.0025256292516691865,1.0000001980657305,1.0347447024228267,1,-0.10301801514321916,1.5227827131253404,1.5216529197048347,1.64140937285942,0.0027577582693326325,1.0,0.3224973562000546,1,0.4080879804423102,-5.159165692846308,5.179846675703683,-1.4927714941456733,-0.018506295363528102,0.999999801428022,0.00710070030673987,0
21.18,-0.0037536188050456315,0.004731690645011263,-3.217990977855134e-12,0.09296294639316544,-0.33641522443896493,0.35266018000955557,-1.3166266158885316,0.0005506557009405764,1.0000002805761226,16.32922711839091,1,-0.5625443213914596,0.4618427427161785,0.7280683988191496,2.4631397820547942,-0.00044757401945654077,1.0,2.641246385225129,1,0.5546958875911296,0.8288473399440077,0.9908643069170422,0.9818547963332485,0.002587582786118782,0.9999998853588713,1.0342812017779353,1,-0.20472601571046128,1.521824598104209,1.531242205470708,1.7077243726357256,0.0027515357588278576,1.0,0.3178181836215222,1,0.4629762160156897,-5.151797886454542,5.177072495903751,-1.4820803494884207,-0.01850047924544149,1.0000001220590464,0.007112068965754078,0
21.2,-0.003753618804438251,0.004731690645016339,-3.222189008666998e-12,0.261404681181554,-0.18198963587336292,0.3179078313246175,-0.6284562428978147,0.000552124246584473,1.0000003074198696,17.5455471961524,1,-0.6431166349267179,0.33941303540698253,0.7286710877748213,2.6646527770788038,-0.000580317199893452,1.0,2.635186774637538,1,0.44600523579909696,0.8939757693718898,0.9927745857778298,1.1096412247730552,0.002647076466686332,0.9999999060227677,1.033224270726795,1,-0.30551631728877476,1.5141962501116053,1.5407467550746328,1.773217244919468,0.0027422556219312525,1.0,0.31307894034646166,1,0.5178122486587682,-5.143843215737317,5.174301013432072,-1.4713777427656722,-0.01849314921418369,1.00000007371899,0.007123461563948459,0
21.220000000000002,-0.0037536188042379673,0.004731690645015461,-3.2221629878148583e-12,0.3081646459010555,0.05591789361425062,0.3082305074157947,0.1662861628903485,0.0005542340367583597,1.0000002205519878,19.349692872097393,1,-0.6973556480690886,0.20337347013551466,0.7290763832834447,2.8658861292628046,-0.000695273222868636,1.0,2.6292061236853406,1,0.33019299487913434,0.9447760075457148,0.9948109955650831,1.2369200687243698,0.0027005327049501085,1.0000001999678396,1.0315964535318,1,-0.404970932233049,1.5000530770713263,1.5501270969658851,1.837911927200399,0.0027304088311423933,1.0,0.3083071561667251,1,0.5725897377920647,-5.135301644804473,5.171532545549535,-1.4606636676356362,-0.01848292893757144,0.9999998025347239,0.007134876869164031,0
21.240000000000002,-0.003753618804423618,0.00473169064500901,-3.222629628429896e-12,0.20170396430852355,0.26939024799330735,0.330142147670736,0.9292450118407536,0.0005559802197723752,1.0000000705197285,20.715824665176186,1,-0.7231036691638119,0.05927177567628235,0.7292680886903034,3.0669541295712706,-0.0008105888847674346,1.0,2.6235446612755724,1,0.20915675821160756,0.9805215760610106,0.9969401795985628,1.3636664282281792,0.002732871926796735,0.9999999124164787,1.029430108647822,1,-0.5026925846862746,1.4795723910949112,1.5593456903044414,1.9018346737613396,0.002713333841355794,1.0,0.30352858964935925,1,0.6273023293267216,-5.126173206742827,5.1687674210039996,-1.4499381180051616,-0.01847981531809491,1.000000128267565,0.007146313643435911,0
21.26,-0.0037536188044390373,0.004731690645001143,-3.224206492069559e-12,0.008653747657255545,0.3747701033626837,0.36991653264311963,1.5584378935276326,0.000556425700136738,0.999999944624844,21.034147102780704,1,-0.7193399268986119,-0.08703754000194736,0.7292385420067019,-3.0152080532727568,-0.0009466599748653699,1.0,2.618428489221804,1,0.0848552845309507,1.0007391658860032,0.9991276865260161,1.489864475410468,0.002736465778941014,0.9999998795537005,1.0267664317557548,1,-0.5983050789833286,1.4529510275926245,1.5683669713542119,1.9650137095044857,0.002689202717061103,1.0,0.29876715796343317,1,0.6819436564055467,-5.1164580040478675,5.166005965659477,-1.4392010864330935,-0.018490052078748775,1.000000066261631,0.0071577706375336395,0
21.28,-0.0037536188042933973,0.004731690644993155,-3.2249324738442553e-12,-0.18936409342469995,0.36722028268944673,0.41072803861951424,2.061059543869439,0.0005538081378287029,0.9999999161238734,20.55546371466507,1,-0.6862157457643362,-0.229616217486309,0.7289888960526468,-2.8141076472122495,-0.0011109070470213917,1.0,2.6140616148399833,1,-0.0407255243378106,1.0052101878690345,1.001338571109272,1.6155074548624937,0.0027160655477214495,1.000000196942825,1.0236543106748868,1,-0.6914534486091638,1.4204031214466661,1.5771573780038004,2.0274789267648097,0.0026592333816650967,1.0,0.29404490451177234,1,0.7365073401554662,-5.106156209050525,5.163248492803752,-1.4284525665470345,-0.01850914711624714,0.9999998039542937,0.0071692465881242305,0
21.3,-0.0037536188042293387,0.004731690644984677,-3.224658387535051e-12,-0.3454499137100935,0.277009723038148,0.44290476973275206,2.479890933743277,0.0005498281743945582,1.0000000016011479,19.676540026048116,1,-0.625049366577662,-0.3626675354669056,0.7285290876293745,-2.6128106591794436,-0.0013090076931198671,1.0,2.610618802527265,1,-0.1656054623328174,0.9939677904365521,1.0035379670986757,1.740597510318165,0.0026766356334855146,0.9999999416321081,1.0201491322967273,1,-0.7818039219247461,1.382158048756558,1.5856853435322267,2.0892616127010615,0.0026252160800958307,1.0,0.2893820003809794,1,0.7909869904506367,-5.095268064336749,5.160495309656514,-1.4176925547404153,-0.01853122815582513,1.0000001342728544,0.007180740218875198,0
21.32,-0.0037536188042793994,0.004731690644976314,-3.2243157796485455e-12,-0.43899958668565175,0.13691408997271118,0.4621952815972205,2.8518262256795968,0.0005462939483880495,1.0000001513185919,18.661767263661364,1,-0.5382804634313242,-0.4807577830814177,0.7278774959051107,-2.4112051284129694,-0.0015446073042176323,1.0,2.608239346608824,1,-0.2878411145001555,0.9672898140151791,1.0056916311291095,1.8651453632087318,0.0026216636535049604,0.9999998560523807,1.0163115393158972,1,-0.8690437380260649,1.3384585374685667,1.593921276030751,2.15039420237447,0.002588565195518534,1.0,0.2847967756558457,1,0.8453762066869779,-5.083793883159138,5.157746723062647,-1.4069210500307385,-0.01855224138364994,1.0000000586992863,0.007192250239893931,0
21.34,-0.003753618804298907,0.004731690644969706,-3.2243738928849908e-12,-0.4621820254648812,-0.024528661051879938,0.46698183483417927,-3.07865932198936,0.0005430110806204443,1.0000002781576396,17.669931268367993,1,-0.42938485580284286,-0.5790277005806821,0.727060296578209,-2.209190745158635,-0.001812543966811602,1.0,2.6070218667774006,1,-0.4055547824609538,0.9256882038282724,1.0077664515877232,1.9891698738541266,0.002554473338297631,1.0000001890652217,1.012206132920122,1,-0.9528808432958836,1.2895589461931456,1.6018375298242804,2.210910060622702,0.0025504742060123878,1.0,0.28030577175492727,1,0.8996685785685465,-5.07173404984163,5.15500304114708,-1.3961380536646164,-0.018569392073841222,0.9999998056844821,0.007203775344858852,0
21.36,-0.0037536188042027155,0.004731690644966326,-3.224203022622607e-12,-0.41346498600480147,-0.18136843500267727,0.4569456065716211,-2.721896844918471,0.0005384348441512859,1.0000003083123563,16.810780566852987,1,-0.30275052637590877,-0.6533873608517292,0.7261105191022715,-2.0066828640476393,-0.002094284727975699,1.0,2.607020249754714,1,-0.5169609405084853,0.8698954169173636,1.00973091616527,2.1126975068622267,0.0024786879306347895,0.9999999722858989,1.007900211007925,1,-1.0330434961481179,1.2357237077017236,1.6094083699097865,2.2708432924253272,0.0025121102461191534,1.0,0.27592380856003995,1,0.9538576869054902,-5.059089020177313,5.152264573505532,-1.3853435688976228,-0.01858049324045389,1.0000001400653995,0.007215314207091957,0
21.380000000000003,-0.00375361880399739,0.004731690644966344,-3.22248998319008e-12,-0.29627624983364403,-0.30707840121086183,0.432790379753912,-2.336837477372302,0.0005308739766573294,1.0000002242361181,16.18858914332435,1,-0.16351695368679778,-0.7006875736018542,0.7250668215123219,-1.8036160772130372,-0.002358775973044641,1.0,2.6082408954124743,1,-0.620390040305231,0.800848345381336,1.011555533565821,2.2357617211351073,0.0023984109695382844,0.9999998360978709,1.003462573271717,1,-1.1092798040804575,1.1772259312615987,1.6166099310390045,2.330228579552511,0.002474684342858242,1.0,0.27166406638832574,1,1.0079371044230596,-5.045859321819632,5.149531631031517,-1.3745376009101646,-0.018583539633275678,1.0000000510439377,0.007226865475772273,0
21.400000000000002,-0.0037536188037885954,0.0047316906449684885,-3.2186510401377433e-12,-0.12193901133435928,-0.37162352890892975,0.39684739384835876,-1.8929858041724774,0.000521045318244274,1.0000000748517568,15.942984230665123,1,-0.017381031950247552,-0.7188605782605673,0.7239720093218243,-1.5999471900059279,-0.0025703594610364,1.0,2.6106414431276055,1,-0.7143095822191801,0.719670244091763,1.0132132076441986,2.3584023038411175,0.0023182845454397015,1.0000001765291306,0.9989624075872138,1,-1.1813572139020763,1.114346155994378,1.623420173123449,2.3891010410786078,0.002439461245586199,1.0,0.26753818455516004,1,1.06190039658101,-5.032045554667025,5.146804525620693,-1.3637201568391693,-0.018576212130001026,0.999999807722548,0.007238427773547589,0
21.42,-0.0037536188037810567,0.0047316906449711826,-3.2137747324467725e-12,0.08142692544800825,-0.34149706302099286,0.3549102696036071,-1.349912374682758,0.0005154166477604234,0.9999999470840213,16.288268793524793,1,0.12962550926863503,-0.7070227424479438,0.7228713420927985,-1.3956574339888501,-0.0027015884144682097,1.0,2.614131094290408,1,-0.7973424515652393,0.6276511020451108,1.0146795642693223,2.480664665401414,0.0022442849284395614,1.000000003622554,0.9944682712258534,1,-1.2490619730598154,1.0473712459373912,1.6298188341301396,2.447496115735113,0.0024078244497476695,1.0,0.2635563770291739,1,1.1157411224024163,-5.017648391239812,5.144083570067329,-1.3528912459979179,-0.018555036077472796,1.0000001456360228,0.007249999697053139,0
21.44,-0.0037536188039518307,0.0047316906449742825,-3.2097866031755018e-12,0.25399834732851867,-0.19338445179492492,0.3193090524999658,-0.6694977377420896,0.0005168615882578675,0.9999999152792375,17.457914528820734,1,0.27138032280118896,-0.6655324032721138,0.721810690905312,-1.1907537663737213,-0.002732872384076219,1.0,2.618572847864633,1,-0.8682825778335066,0.5262268377545232,1.0159332317844496,2.6025991102021604,0.0021839853397505027,0.9999998201818421,0.9900471744683133,1,-1.3121985774793286,0.9765934164090843,1.6357873804046987,2.505449464938633,0.00238134119922673,1.0,0.25972756038197375,1,1.1694528353109337,-5.002668577047928,5.141369079778216,-1.3420508803693585,-0.018515045151281582,1.0000000433077143,0.007261579822515124,0
21.46,-0.0037536188039965016,0.004731690644978777,-3.2069494629305417e-12,0.3091644500083365,0.04234840990880995,0.3079011159233423,0.12237970488637961,0.0005187612124569775,0.999999997944181,19.2522921304898,1,0.4019273431505525,-0.5959970453507402,0.7208346087481544,-0.9852691288294786,-0.002661726357715748,1.0,2.6237881937013463,1,-0.9261080147573738,0.4169576362925749,1.016956073475789,2.7242600941067803,0.002141390831837064,1.0000001596434358,0.9857637679664041,1,-1.3705892193400635,0.902309380743521,1.6413089510083523,2.5629968949670077,0.0023607245022020033,1.0,0.2560594828935684,1,1.2230290839761255,-4.987106930947018,5.138661379803688,-1.3311990747182294,-0.018455179740737054,0.9999998100652622,0.007273166717735693,0
21.48,-0.0037536188041098527,0.004731690644983271,-3.2045581466189077e-12,0.2099603786125905,0.26003573902764304,0.32831755709325977,0.8907901484271337,0.0005209775368309326,1.0000001469772337,20.667808993612756,1,0.5157354461177431,-0.501225846902235,0.7199843922671446,-0.779261534176304,-0.0025318398530237334,1.0,2.6295634210692733,1,-0.9699915604360743,0.30150568350916335,1.0177333707897074,2.8457054689181995,0.0021090865603638526,1.0000000348699516,0.981679631350228,1,-1.424073246469122,0.8248196065291101,1.6463682951100804,2.6201742909402355,0.002343810358092435,1.0,0.2525588439938589,1,1.2764634131682535,-4.970964345479989,5.135960811131027,-1.320335844372006,-0.018386403368223718,1.0000001509758978,0.007284758953210122,0
21.5,-0.0037536188045842684,0.004731690644985931,-3.2048920808880332e-12,0.019273899469651197,0.37199407157714626,0.3676038471830605,1.5277751968526279,0.0005242181047833556,1.0000002756580681,21.041139268571705,1,0.6079463836651454,-0.38512625842495635,0.7192962379895081,-0.572811947452531,-0.0023926594218666567,1.0,2.6356578178227847,1,-0.9993090417609223,0.18161249506330923,1.0182539731040747,2.9669957138072087,0.002078949797848745,0.9999998086964583,0.97785265571789,1,-1.4725066432691425,0.7444276709025698,1.6509517222461263,2.677017559046914,0.002328084083359681,1.0,0.24923140049777662,1,1.3297493646252156,-4.954241787205326,5.133267718047826,-1.30946120293431,-0.01831841009652557,1.0000000355028735,0.007296355102455089,0
21.52,-0.0037536188051150283,0.004731690644988364,-3.210229825023614e-12,-0.17999640539885053,0.36991753204685673,0.4086719791855289,2.0362119803299987,0.0005267207108814826,1.0000003091090386,20.594715230995632,1,0.6745986974413022,-0.25254653338095656,0.7187995891101441,-0.366021029738817,-0.002265686303080289,1.0,2.6418138228699055,1,-1.0136453788492326,0.05907598737303763,1.0185104195939885,3.0881931758516323,0.002050382455461145,1.0000001388241937,0.9743365067619651,1,-1.5157615413167034,0.6614397048767322,1.6550470678875735,2.733562590147119,0.0023132123605530807,1.0,0.2460820628014565,1,1.3828804779318036,-4.9369402970153615,5.130582435461526,-1.2985751641634062,-0.01825054004223624,0.9999998127089126,0.007307953739068087,0
21.540000000000003,-0.0037536188054473965,0.004731690644992794,-3.2198254479309796e-12,-0.33906140239378046,0.2833254000970806,0.4414612630601832,2.458557066056032,0.0005282525613572902,1.0000002278654754,19.729545992338124,1,0.7128145484272239,-0.10906978720776926,0.7185157698732033,-0.15900484332855241,-0.002155442773740334,1.0,2.6477684823703083,1,-1.0127985257900163,-0.06427260335032789,1.0184990160735754,-3.0738239868374633,0.002023477094013657,1.0000000652581686,0.9711801577105194,1,-1.553725766112526,0.5761639169602657,1.6586436523067427,2.7898452403444636,0.002299495290698741,1.0,0.24311498630483308,1,1.4358502914101152,-4.9190609904438425,5.127905293068194,-1.2876777438296605,-0.018180356407719724,1.0000001560765641,0.007319553435694008,0
21.560000000000002,-0.003753618805565699,0.0047316906449994586,-3.231396920877483e-12,-0.4362947081925281,0.14516878980383272,0.46151000098183587,2.83227095364782,0.0005297005589554253,1.0000000792019146,18.717422573394476,1,0.7209378255151738,0.03923117966657868,0.7184569820554103,0.04811030008711829,-0.002056788675261022,1.0,2.653265603119966,1,-0.9967813560444734,-0.18659187806108626,1.0182198700443594,-2.952621329000257,0.0019959131083759625,0.9999998019247148,0.9684274822428002,1,-1.5863024250569593,0.4889101864894384,1.6617322378253245,2.8459013175355676,0.0022869919236934177,1.0,0.24033366107513465,1,1.4886523430213427,-4.900605057962402,5.125236620558384,-1.2767689596840748,-0.018107223433010425,1.0000000276417815,0.007331152760994214,0
21.580000000000002,-0.003753618805562865,0.004731690645007031,-3.2433899316286485e-12,-0.46339335361691564,-0.015797095666978074,0.4671034677943689,-3.0977803964131034,0.0005314852436592797,0.9999999496236817,17.721299300691456,1,0.6986145139882523,0.1860658621280365,0.7186257241605286,0.25519357683172644,-0.0019586448904048534,1.0,2.658067908300993,1,-0.9658215274328228,-0.3060534503403247,1.0176768908002187,-2.8313207169023706,0.00196309205329715,1.000000114584382,0.9661168925920046,1,-1.6134095406290938,0.39998971730421196,1.6643049922422375,2.901766573675588,0.002275543915219218,1.0,0.23774100024666325,1,1.5412801712790307,-4.881573765267132,5.122576748828206,-1.2658488310419846,-0.018031784330427635,0.9999998156493108,0.007342750274813386,0
21.6,-0.0037536188055840194,0.0047316906450141135,-3.2554913625970627e-12,-0.4185539294852402,-0.17355941208655232,0.45786708412086075,-2.741829462970252,0.0005333385801684,0.9999999145306061,16.852379181335074,1,0.6468099197257026,0.3252101037345584,0.7190146733229513,0.46211565018602835,-0.0018492407825050467,1.0,2.661968432898933,1,-0.92035932600862,-0.4208650887760566,1.0168777551827326,-2.7098598571829227,0.0019195398178438244,1.0000000940384524,0.964281006344051,1,-1.634979731877792,0.30971474266409516,1.6663554585501767,2.9574767032681795,0.0022648968136711133,1.0,0.23533942629225163,1,1.5937273161732015,-4.861968453555027,5.119926009464395,-1.2549173785327101,-0.017955181673524872,1.00000016092994,0.007354344523507484,0
21.62,-0.003753618805633483,0.004731690645020326,-3.2679145847702706e-12,-0.30490037664586767,-0.30170562856180794,0.4344419567977679,-2.359015628246442,0.0005347645658218509,0.9999999943428765,16.21420854373808,1,0.5677615838071886,0.450786430831222,0.7196070397307371,0.6687545825761373,-0.0017210133704328072,1.0,2.664800413025382,1,-0.8610434524587011,-0.5292937676287832,1.0158338379026868,-2.588178364825011,0.0018603810301412091,0.9999998000334646,0.9629463450951368,1,-1.650959946713422,0.21839827257279182,1.6678785301486294,3.013067347304121,0.002254796708134926,1.0,0.2331309525686878,1,1.6459873201048574,-4.841790539790424,5.117284733734399,-1.24397462401469,-0.017878486835836784,1.000000019736894,0.007365934036288285,0
21.64,-0.0037536188055282025,0.004731690645026474,-3.280234590896658e-12,-0.13316299897212644,-0.3704422790934937,0.3990367928875536,-1.9193197181874428,0.0005353016931103602,1.0000001426188068,15.94335454061079,1,0.4648710970116656,0.5575252094871539,0.7203773712950218,0.875001319958726,-0.0015728218085868178,1.0,2.666445027644529,1,-0.7887246806407369,-0.6296885473824065,1.014560103446982,-2.4662185283208826,0.0017820652869953628,1.0000000875212594,0.9621330856242297,1,-1.661311247048256,0.12635387505102033,1.6688704315323972,3.068574101595646,0.002245101316243426,1.0,0.23111725805453215,1,1.6980537288306126,-4.82104151696127,5.114653251398498,-1.2330205906387612,-0.01780208722397668,0.9999998188817979,0.007377517322409204,0
21.66,-0.0037536188051101502,0.004731690645033203,-3.290257823140852e-12,0.06981193204353331,-0.34630632034680997,0.3571820764090579,-1.3828137822892228,0.0005358399066041193,1.0000002730786286,16.249633880316967,1,0.34254202075226275,0.6409928466272097,0.7212927565805555,1.0807644470331805,-0.0014084851072299676,1.0,2.666836528281917,1,-0.7044472898318426,-0.7205031767232292,1.013074956387813,-2.3439260768801464,0.0016834065662000527,1.0000001205016682,0.9618548213114471,1,-1.6660086483417509,0.03389548327519426,1.6693287049508092,3.1240325285740673,0.002235932465159434,1.0,0.2292997554639498,1,1.7499200924170388,-4.799722954324412,5.112031889625631,-1.2220553031323371,-0.017724739740014223,1.0000001655283357,0.007389092868766493,0
21.68,-0.003753618804494012,0.00473169064503858,-3.2950534661901898e-12,0.24623896024123135,-0.20459210263343944,0.32078709827407936,-0.7102253565510612,0.0005380663436321346,1.0000003098095276,17.37212952024499,1,0.20597429756661628,0.6977760286956283,0.7223143495724854,1.2859739777021666,-0.0012341776280648195,1.0,2.6659645161886676,1,-0.6094381550349685,-0.800318266571104,1.0114000504027956,-2.2212509447631756,0.001566055103507008,0.9999998030693071,0.9621183021080671,1,-1.6650410145977617,-0.058662779266252726,1.6692522034211608,-3.1037071348655196,0.0022277082320333575,1.0,0.2276796532813633,1,1.801579966204262,-4.777836497639912,5.109420973486316,-1.2110787884333347,-0.017642904642569686,1.0000000118007348,0.007400659138842847,0
21.7,-0.00375361880422686,0.004731690645038367,-3.2952425510490713e-12,0.30969153773031277,0.028618318988470073,0.30767077933291176,0.07833598696422896,0.0005409973805550945,1.000000231438288,19.153361050859598,1,0.06092759711578214,0.7256144584525378,0.72339912341988,1.4905840244949267,-0.0010667032693985384,1.0,2.6638733649408177,1,-0.5050933722336962,-0.8678628343587844,1.0095600554944477,-2.0981480249974855,0.0014288442964871528,1.00000005830165,0.9629231941309022,1,-1.6584110094497093,-0.151006763313028,1.6686410872205697,-3.0482387297495683,0.0022202338286970314,1.0,0.22625801174183252,1,1.8530269117779439,-4.755383869393442,5.10682083193112,-1.2000910761838806,-0.017555221447509164,0.9999998224012523,0.007412214576078108,0
21.720000000000002,-0.0037536188044006037,0.004731690645032303,-3.295473269271376e-12,0.217968972251149,0.25024860332824345,0.326543792765743,0.8518728726261633,0.0005443821370587591,1.0000000835680793,20.616322190717202,1,-0.08653311038761675,0.7234782542755811,0.7245017586930597,1.6945742739824583,-0.0009464003775982326,1.0,2.660659004426611,1,-0.3929623005577793,-0.9220349579842833,1.0075823735842682,-1.9745779020869185,0.0012618121807761952,1.0000001439957737,0.9642618770692052,1,-1.6461351036114125,-0.24282245569032762,1.6674968158245125,-2.992711999502868,0.002211485477758992,1.0,0.2250357929129833,1,1.9042544979493956,-4.73236686900414,5.104231805633237,-1.189092196998628,-0.017471252633383685,1.0000001698644656,0.007423757609149047,0
21.740000000000002,-0.003753618804438365,0.0047316906450245,-3.296920896012079e-12,0.029905792620106328,0.3687832704097702,0.36528822988372434,1.4967074227391761,0.000550429654094028,0.9999999522425858,21.045732106890153,1,-0.23029674896819358,0.6915896847161797,0.7255765776141803,1.8979502928513121,-0.0009031338850347986,1.0,2.6564634457258256,1,-0.27472892585317243,-0.9619212166165935,1.005496795326254,-1.8505075658302368,0.0010626569542998292,0.9999998109574405,0.9661192845428471,1,-1.6282436385941226,-0.333796146075973,1.6658221457274809,-2.9370913527144045,0.0021999682057037163,1.0,0.22401390516467098,1,1.9552563017456415,-4.708787373018334,5.101654236920729,-1.178082179896505,-0.017400424969520836,1.0000000038458787,0.007435286649258566,0
21.76,-0.003753618804292179,0.004731690645016594,-3.297664225021535e-12,-0.17047749419632657,0.3722792083926299,0.4065855769867555,2.011108707508976,0.0005575832350743304,0.9999999138783446,20.632894212902514,1,-0.36445828864829344,0.6313918892298668,0.7265794255524406,2.1007427568126578,-0.0009319394129730525,1.0,2.651467503293245,1,-0.152190491701072,-0.9868145324948561,1.003335115875431,-1.7259110949910954,0.0008436825321237127,1.0000000276455128,0.9684727994455717,1,-1.6047809462529097,-0.4236146063397467,1.6636211517642328,-2.8813411626417915,0.002186082991190384,1.0,0.22319324155559933,1,2.0060259094094812,-4.684647335291809,5.09908845521467,-1.1670610538342314,-0.01734140243635357,0.9999998262020977,0.007446800085605674,0
21.78,-0.003753618804217807,0.004731690645008224,-3.2973094740706976e-12,-0.33246223446164136,0.2894065318301336,0.4399775440051709,2.4370844978253796,0.0005606937651228262,0.9999999907989916,19.782300798856653,1,-0.4835538318698606,0.5454694866398906,0.7274694243460779,2.303005708445816,-0.001009096197300941,1.0,2.645882076816281,1,-0.027233405879445536,-0.9962299694513825,1.0011307090857562,-1.600770273843409,0.0006203112853634226,1.0000001639418838,0.9712922190842425,1,-1.5758055234380248,-0.5119652902329574,1.6608992522663268,-2.8254257532298666,0.0021705138407042556,1.0,0.22257471177314547,1,2.0565569174072684,-4.6599487871594745,5.096534779497941,-1.1560288499360931,-0.01728982261142313,1.0000001739314595,0.007458296287280824,0
21.8,-0.0037536188042634052,0.004731690644999862,-3.2967933938365945e-12,-0.43335686231585074,0.15327595236116304,0.4607825313325216,2.8126583526612285,0.0005598674690677866,1.0000001382454373,18.773289998304353,1,-0.5827706654438857,0.4374274407327326,0.7282105525822997,2.5048139776723692,-0.001111483472683975,1.0,2.6399386774917635,1,0.0981934872146128,-0.9899179954704077,0.998918049513266,-1.4750751230058339,0.00040648796751607916,0.9999998235035046,0.9745398122060074,1,-1.5413902606259697,-0.5985365613580438,1.6576632305278294,-2.769309388581025,0.0021536345703298578,1.0,0.22215926793205493,1,2.1068429334439145,-4.634693837590585,5.093993524073956,-1.1449856018240818,-0.01724241960728306,0.9999999958849294,0.00746977360696574,0
21.82,-0.0037536188042908546,0.004731690644993106,-3.2967344132384113e-12,-0.46436775363374044,-0.007133866556171957,0.46718405195485896,-3.1168959160422203,0.0005596081650861607,1.0000002704205795,17.773171463375387,1,-0.6581263407739375,0.3117352893901692,0.7287729930487985,2.7062599200748823,-0.0012252894815504261,1.0,2.633880238797353,1,0.22210807582741812,-0.9678746838596541,0.996732187626835,-1.3488243284635075,0.0002140830519750398,0.9999999963082021,0.9781704934319511,1,-1.5016227229055512,-0.6830179575863486,1.6539212598057673,-2.7129562692768006,0.0021356203677057773,1.0,0.2219479242362468,1,2.1568775774853677,-4.608884673329076,5.0914650007677205,-1.1339313453741282,-0.01719684648452009,0.9999998302783121,0.007481230384066852,0
21.84,-0.0037536188042112733,0.004731690644989496,-3.296547930464744e-12,-0.4234164754301441,-0.1657383120188407,0.4587502391319265,-2.761694876614401,0.0005607227175136078,1.0000003104134818,16.89474022339724,1,-0.7066126694371967,0.17354402171831143,0.7291342078582805,2.9074496539541705,-0.0013382171309991523,1.0,2.627951747044598,1,0.34252628090076065,-0.9303483174309226,0.9946081873353799,-1.222025545579108,5.236982816815272e-05,1.0000001798485347,0.9821321393978678,1,-1.4566054811539273,-0.7651005003952087,1.6496829339652888,-2.656330535301311,0.0021165731689615544,1.0,0.22194177017672811,1,2.206654482788302,-4.58252355901839,5.088949519323748,-1.1228661185563948,-0.017151089961224962,1.000000177722873,0.0074926649479081335,0
21.86,-0.0037536188040153216,0.004731690644989327,-3.2949407091642513e-12,-0.31333049226175574,-0.296231012004173,0.4360606871960119,-2.3810483485054124,0.000561230532450437,1.0000002349528125,16.240943803652595,1,-0.7263019884205316,0.028482711840356684,0.7292797376630409,3.1084989399369993,-0.001440283807359623,1.0,2.622390946469901,1,0.45749504575175254,-0.8778418785371959,0.9925805353703105,-1.0946955544105335,-7.274760527405725e-05,0.9999998403983694,0.9863660683304877,1,-1.4064564906053618,-0.8444770579193905,1.6449593033314462,-2.5993962761785863,0.0020966025746664,1.0,0.22214197718212375,1,2.2561672969368396,-4.5556128373106,5.08644738725598,-1.1117899613980577,-0.017103071292913496,0.9999999879305004,0.007504075621315311,0
21.880000000000003,-0.0037536188037999105,0.004731690644991454,-3.2912630953951805e-12,-0.14427057513625907,-0.36905801378991054,0.4012065794244244,-1.9453963094727296,0.0005592049366992262,1.0000000879481197,15.945436659557535,1,-0.7164141289930155,-0.1175583521860827,0.7292037137663376,-2.9736564915638812,-0.001527466001992794,1.0,2.617419765004678,1,0.565126439277803,-0.8111109596137859,0.9906825336447009,-0.9668602451553234,-0.0001587518630975986,0.9999999650618565,0.9908077006027011,1,-1.351309513216473,-0.9208427708641092,1.6397629152290887,-2.5421175495828794,0.0020759087681214536,1.0,0.22254979863125723,1,2.305409682886359,-4.528154928959489,5.083958909464558,-1.1007029160542021,-0.01705021554148144,0.9999998346234368,0.00751546072409867,0
21.900000000000002,-0.0037536188037739504,0.004731690644994242,-3.2863954613215896e-12,0.05814456381174603,-0.3508301995809384,0.35946559106895404,-1.4153277786180145,0.0005550395100131364,0.9999999549394555,16.213535084935813,1,-0.6773432812294129,-0.2586516766915842,0.7289090720466592,-2.7725242108607366,-0.0016017479135479495,1.0,2.6132365384397436,1,0.6636321660538413,-0.731156717500117,0.9889456876194703,-0.8385544166472543,-0.00020547448748929622,1.0000001913237933,0.99538741071104,1,-1.2913145793178036,-0.9938955508836476,1.634107859148073,-2.4844584098488047,0.002054896370155484,1.0,0.2231665612224139,1,2.3543753200143716,-4.500152332896884,5.081484387794791,-1.0896050270597288,-0.01698868138599282,1.0000001812326997,0.007526818575420973,0
21.92,-0.0037536188039398637,0.004731690644997334,-3.282259013193123e-12,0.23815366168400634,-0.2155784466273836,0.3223304697111523,-0.7505861464058894,0.0005519497018157978,0.9999999133227715,17.288744248414538,1,-0.6106444708788354,-0.3890575773319618,0.728407464777705,-2.571171457778026,-0.001669266702759275,1.0,2.6100090751748763,1,0.7513576614562828,-0.6392136209665438,0.9873991061024346,-0.7098213766243234,-0.0002141132721270144,0.9999998612257527,1.0000315647881186,1,-1.2266384831589479,-1.063336661475322,1.628009817311083,-2.4263829474944605,0.0020341117633995145,1.0,0.22399364537842198,1,2.403057905178633,-4.471607626292604,5.07902412176003,-1.0784963419310538,-0.016912650200950265,0.9999999799951946,0.007538147494893347,0
21.94,-0.0037536188039997056,0.004731690645001781,-3.2793897805638572e-12,0.30974535057998015,0.014777517754753972,0.3075355882535784,0.03425520523765564,0.000551383092101198,0.999999987314256,19.05376009111901,1,-0.5189797888337722,-0.5034441066974535,0.7277188698723099,-2.369488356043214,-0.0017461371474804168,1.0,2.6078686430881546,1,0.8268148610605663,-0.5367319023004908,0.9860689323098686,-0.580712339266374,-0.00018961857964914814,0.9999999346763728,1.004663728235177,1,-1.1574653058745987,-1.1288713915550772,1.6214861199972854,-2.3678553393849135,0.0020130159551795704,1.0,0.22503245744186912,1,2.4514511537821355,-4.442523464597979,5.076578414492806,-1.067376911804824,-0.016818047138147357,0.9999998392305876,0.007549445805307868,0
21.96,-0.0037536188040897065,0.0047316906450064426,-3.276936881568826e-12,0.22570399428227264,0.2400599456169424,0.32482599144870183,0.8125760434710462,0.0005523106979765581,1.0000001338592601,20.56200380896706,1,-0.4060249853969673,-0.5970956257380211,0.7268708951311913,-2.1673774668589396,-0.0018662372797921115,1.0,2.606904982635154,1,0.8887126793022986,-0.42535481307692175,0.9849778242123792,-0.45128561776407294,-0.00014658257216411275,1.0000001980849138,1.0092060920943162,1,-1.083996957706484,-1.1902098317285703,1.6145557954704477,-2.308839910665622,0.001988730841632708,1.0,0.22628440045940904,1,2.4995488008443614,-4.412902581571001,5.074147582669908,-1.0562467900074477,-0.016711570954357914,1.000000184455378,0.007560711837088263,0
21.98,-0.0037536188045368298,0.004731690645009219,-3.2768952482054026e-12,0.04052452892893332,0.3651469716344973,0.36297800566261856,1.4652862084036924,0.0005547223655713066,1.0000002676852182,21.048309348480156,1,-0.276337703727729,-0.6661034141228719,0.7258977833799969,-1.9647577282235738,-0.0020480316400045434,1.0,2.607162483867045,1,0.9359842269212509,-0.3068909892599085,0.9841444840188108,-0.3216056151531352,-9.97730860513775e-05,0.9999998854724762,1.0135810219752222,1,-1.0064537290576934,-1.2470677632918368,1.6072396098641102,-2.249301221054881,0.0019595906684488048,1.0,0.22775084556309583,1,2.5473446020808805,-4.382747789283094,5.0717319500837155,-1.0451060290417313,-0.016602016155402435,0.9999999720915853,0.0075719439234793575,0
22.0,-0.00375361880507893,0.004731690645011501,-3.2818253323241287e-12,-0.16082320221533694,0.3743035392236591,0.4044765217019156,1.9857808237234804,0.0005565219828053593,1.0000003109206062,20.67023554895202,1,-0.13518959423765062,-0.7075313279522013,0.724839148171798,-1.7615679456404087,-0.002273866546004463,1.0,2.6086376892335186,1,0.9678098474863179,-0.18328244842263644,0.9835832513059267,-0.1917416498047782,-5.2345733975322246e-05,0.9999999059004367,1.0177126472168196,1,-0.9250748377355325,-1.2991676704762845,1.599560119214653,-2.1892041773779836,0.0019266049785440613,1.0,0.22943309418755922,1,2.594832334992714,-4.352061978111158,5.069331832136924,-1.033954681388039,-0.01648860616714156,0.9999998440924646,0.007583140388816075,0
22.02,-0.0037536188054403154,0.004731690645015613,-3.2912015127117833e-12,-0.3256592099691483,0.2952457724574703,0.438458171681134,2.4154927414392287,0.0005566570661715162,1.0000002384073339,19.83494264998563,1,0.011634108584836267,-0.7195492372086911,0.7237384626527291,-1.5577696556915586,-0.00250968119926133,1.0,2.611278306406112,1,0.9836351508611437,-0.056568947180324756,0.9833037925979295,-0.06176664655125791,-2.0546390401302253e-06,1.000000199965305,1.0215285214997016,1,-0.8401189580682756,-1.3462398868668892,1.5915417281031072,-2.1285141593495083,0.0018908687522710757,1.0,0.23133231937814125,1,2.642005799963119,-4.320848116715801,5.0669475364056185,-1.0227928017238492,-0.016367623244274605,1.0000001873858022,0.0075942995419391824,0
22.040000000000003,-0.0037536188055730946,0.0047316906450219805,-3.3027669141261207e-12,-0.4301845045562514,0.1612239875298022,0.4600128325603056,2.7930051439688364,0.0005560758534258204,1.0000000923398986,18.829456786515614,1,0.15806225631322693,-0.7015270039982007,0.7226413325913343,-1.3533491995448643,-0.0027182917144309886,1.0,2.6149839451474772,1,0.9831833746597924,0.07115039549574996,0.9833108950315855,0.06824428419860151,5.3810738981404994e-05,0.9999999125411108,1.0249612713875507,1,-0.7518647158307986,-1.3880238863647476,1.583210738525466,-2.067197163724906,0.001852774476404229,1.0,0.23344948606089908,1,2.688858821360136,-4.289109252004605,5.064579368481458,-1.0116204473298207,-0.016236823861067305,0.9999999642321947,0.007605419673260334,0
22.060000000000002,-0.0037536188055722237,0.004731690645029411,-3.314851865221513e-12,-0.4650950005168194,0.0014452139215075078,0.46721898064680156,-3.1359835863118724,0.0005560152752514923,0.9999999577129748,17.825627923263298,1,0.2979854229421648,-0.6540822974630637,0.7215936137122632,-1.1483188491716287,-0.0028683150420601294,1.0,2.6196087811132793,1,0.9664616036356977,0.19775716252779557,0.9836043650480684,0.19821533710864492,0.00011814094688266222,0.9999998794430753,1.027950159964496,1,-0.6606111303028108,-1.424269727651279,1.5745953905651722,-2.005219974194693,0.001812281111357647,1.0,0.2357852567719012,1,2.735385248644093,-4.256848509079894,5.062227634603928,-1.000437677753196,-0.01609543793427318,0.9999998492013646,0.007616499053859868,0
22.080000000000002,-0.0037536188055934134,0.004731690645036448,-3.3270244198524423e-12,-0.4280322948628948,-0.15792443795209604,0.45958730592863134,-2.781458457939986,0.0005567063749938539,0.9999999128641577,16.937968577448256,1,0.4255141366640981,-0.5790767556345335,0.720639451580988,-0.9427168449877609,-0.0029430581599796863,1.0,2.624966286470418,1,0.9337606071162764,0.3211542550380732,0.984179035940411,0.3280715240524866,0.00019409620489694904,1.000000196918635,1.0304425050374377,1,-0.566677981564966,-1.4547396594251862,1.5657258961863099,-1.9425503592174995,0.0017691806472556564,1.0,0.23833988626381275,1,2.7815789574787098,-4.224069091169821,5.05989264221029,-0.9892445544895047,-0.015943589765582085,1.0000001900193292,0.007627535938099783,0
22.1,-0.0037536188056419666,0.004731690645042565,-3.3395048879003575e-12,-0.32153444935694026,-0.2906745801769989,0.4376379435384025,-2.402884370114234,0.0005571511415121806,0.9999999838903704,16.268940415802536,1,0.5352364129339046,-0.4795570000247187,0.7198193359379239,-0.7366062489388443,-0.0029446590907150905,1.0,2.6308360585335,1,0.8856483016525825,0.43930589604009074,0.985024885032471,0.45774016019740427,0.0002843279500701055,0.9999999417646966,1.0323948956007367,1,-0.47040607783671573,-1.4792098917359,1.5566344640792509,-1.8791572991466787,0.0017232792469514938,1.0,0.2411131042511702,1,2.827433850844872,-4.190774279541663,5.057574699677336,-0.9780411407729928,-0.015781855855690786,0.9999999564294756,0.007638528569991434,0
22.12,-0.0037536188055551168,0.0047316906450485426,-3.3519775496926307e-12,-0.15521722611497413,-0.3674859452141746,0.403349849996469,-1.9711467586150055,0.0005560280188123671,1.0000001294624155,15.949413468626542,1,0.6224618607026053,-0.359639773787315,0.7191682701832091,-0.5300725846193258,-0.002889732537083044,1.0,2.6369726279908505,1,0.8229570924159431,0.5502758897706068,0.9861272565130189,0.5871522785391032,0.00039099855196041643,0.999999855956187,1.0337741586173737,1,-0.37215739446095947,-1.4974725362225063,1.5473553126069792,-1.8150112440577584,0.0016745788056381154,1.0,0.2441039842271993,1,2.872943860156858,-4.156967433395833,5.05527411560398,-0.9668275014726031,-0.015610787546063603,0.999999854549193,0.007649475191116113,0
22.14,-0.0037536188051745956,0.004731690645055147,-3.362416248209321e-12,0.046478570650406274,-0.3550705428757543,0.3617579354427434,-1.4473707810010867,0.0005533898549001379,1.0000002648738793,16.180172538474842,1,0.6834390160907735,-0.2243438554593352,0.718714157121576,-0.32322031795958533,-0.002797653185480991,1.0,2.643115952917989,1,0.7467655753448235,0.6522630968516219,0.9874671814521033,0.7162439314973215,0.0005162763742424774,1.0000001890199723,1.0345580405352666,1,-0.27231505308086357,-1.5093377147230278,1.5379246679245848,-1.75008440356519,0.0016235462674572664,1.0,0.24731079753353966,1,2.918102946381376,-4.122651989739183,5.052991197749828,-0.9556037031692168,-0.015430094675769477,1.000000192351786,0.007660374046409829,0
22.16,-0.0037536188045534935,0.004731690645060751,-3.367825116007417e-12,0.22979219535086484,-0.2263232700278514,0.3239425020326225,-0.7904876584835009,0.0005509772109549765,1.0000003113306535,17.20795812056752,1,0.7155330214227389,-0.07937509954946065,0.7184764935089955,-0.1161683192857891,-0.002677894154781047,1.0,2.6490031292270197,1,0.658375277413415,0.7436332284066366,0.9890217824886968,0.8449573439961525,0.0006617494646498406,0.9999999724231767,1.034735583161415,1,-0.17128310664421406,-1.5146358313074124,1.5283807449388087,-1.684351069375116,0.0015712801957860768,1.0,0.2507308546486956,1,2.9629051011606564,-4.087831463238073,5.050726252624404,-0.9443698146167964,-0.015237721024975845,0.9999999486957907,0.007671223385274372,0
22.18,-0.0037536188042206252,0.004731690645061195,-3.368277878834647e-12,0.3093487164608953,0.0008556909977376044,0.30750661890320424,-0.009793284876285353,0.0005493290354290106,1.0000002418001661,18.95347263770142,1,0.7173524478732365,0.06912543995713921,0.7184654514817899,0.09095547067087624,-0.0025299239734770224,1.0,2.654380674054319,1,0.5592832624803977,0.822946243829303,0.9907647481385886,0.9732418879770609,0.0008233687948667671,0.9999998360184789,1.034307190300126,1,-0.06948609308134775,-1.513219997404286,1.518763709580457,-1.6177879686318342,0.001518254035377762,1.0,0.25436033325739565,1,3.0073443479399042,-4.052509446052379,5.048479589807465,-0.9331259074509524,-0.01503264173938227,0.9999998601274768,0.007682021460681105,0
22.2,-0.003753618804378839,0.004731690645055561,-3.3682913229415856e-12,0.2331730402718103,0.229479483584255,0.32317659011554384,0.7729027515815683,0.0005472904668310007,1.0000000967412723,20.50431114587114,1,0.6888169162704743,0.21485729967491005,0.718681411584987,0.29801988739329394,-0.0023613001547509176,1.0,2.659016467556157,1,0.45115152784695034,0.8889788422951318,0.9926668666320901,1.1010548569226157,0.0009842211304759469,1.0000001764639368,1.033284394448288,1,0.03263168162051245,-1.5049685937351762,1.5091156142146023,-1.5503746418029751,0.0014619091086302963,1.0,0.2581940897115059,1,3.051414743097865,-4.016689607649774,5.046251532023152,-0.9218720551188044,-0.014823575097983703,1.0000001943794774,0.007692766530888627,0
22.220000000000002,-0.0037536188044364864,0.004731690645047828,-3.369609712783328e-12,0.05114615639584171,0.36108196864526265,0.3606799904481487,1.433478602732758,0.0005457214692572268,0.9999999605617901,21.04813101648304,1,0.6311609579525986,0.3516452353929362,0.7191149754636926,0.5048965667775058,-0.00217359463300778,1.0,2.662710966196982,1,0.3357741600641074,0.9407417524267844,0.9946966092648128,1.2283620440097125,0.0011285350157218786,1.000000003761139,1.0316893274848027,1,0.1346071711391923,-1.4897879455567298,1.4994802888556809,-1.4820938484194646,0.0013998799669220077,1.0,0.26222545877744285,1,3.0951103770812565,-3.980375694599771,5.044042411184013,-0.9106083296247943,-0.014622418000515237,0.9999999410433934,0.007703456855675646,0
22.240000000000002,-0.003753618804290192,0.004731690645039999,-3.370351740750177e-12,-0.1510096708884689,0.3759877428956294,0.4023464454328599,1.9601926709574762,0.0005449134717240736,0.9999999125027271,20.706069556076766,1,0.5468738535947295,0.4737168425107737,0.7197474231774305,0.7114657911781808,-0.0019415395630979974,1.0,2.665306943822371,1,0.21504321087647513,0.9774917317061449,0.9968207302384989,1.3551381284580368,0.0012510762738493651,0.9999998201212077,1.0295539437259265,1,0.23595996758544013,-1.467615078939287,1.489903199474679,-1.4129320087590223,0.0013332046110067172,1.0,0.26644604849262987,1,3.1384253755448075,-3.943571530350168,5.041852551269881,-0.8993348016578835,-0.014431911531173,0.9999998659273773,0.007714090685347886,0
22.26,-0.003753618804209445,0.0047316906450317435,-3.3699245650942178e-12,-0.3186265702062028,0.3008441631300587,0.4369025810951706,2.393752832472391,0.0005443660332226311,0.9999999805290055,19.88692739786688,1,0.43957955059857085,0.5759579611095816,0.720551608683854,0.9176218327386394,-0.0016384756994334594,1.0,2.6666964983996344,1,0.09091419911472502,0.9987383711309286,0.9990048623354819,1.481366856404876,0.001347042529786246,1.000000159559904,1.0269191116586882,1,0.33619407031371007,-1.438420516425553,1.4804312837036966,-1.342879663904732,0.0012638623530152962,1.0,0.2708455331785735,1,3.1813539004946887,-3.9062810149873592,5.039682265583485,-0.8880515428811269,-0.014250931440853846,1.0000001960991907,0.007724666255928969,0
22.28,-0.003753618804247725,0.004731690645023392,-3.3692666712159536e-12,-0.4267533581765906,0.1690175516236846,0.4592006572607409,2.7732876575458274,0.0005436964207866804,1.0000001250570494,18.88548445869962,1,0.31386461468975474,0.6541325787509644,0.7214932490055453,1.1232775016726606,-0.0012493182113062094,1.0,2.6668255567788197,1,-0.03462794860860234,1.0042459609146484,1.001214105889941,1.6070410340789256,0.0014094860718418532,1.0000000350064289,1.0238335286977323,1,0.43480008045811414,-1.4022110606059355,1.4711127459767426,-1.2719319411164716,0.0011934632802770764,1.0,0.27541144921420985,1,3.223890151433148,-3.8685081249790905,5.0375318613683,-0.8767586266381654,-0.01407896203752131,0.9999999334844083,0.007735181790029264,0
22.3,-0.0037536188042798166,0.004731690645016497,-3.3690671780162162e-12,-0.46555377892339017,0.009947627257120025,0.46720946259832424,3.128119036964174,0.0005427812205491936,1.0000002619879351,17.87829836502275,1,0.17506512198921026,0.7050569040462039,0.7225325160971193,1.3283676850129214,-0.0007705772582450799,1.0,2.665695550149662,1,-0.15960181835092727,0.994030799480994,1.0034136015522692,1.7321623597501488,0.0014307347676215173,0.9999998086560757,1.0203525135813827,1,0.5312578512638185,-1.3590325038596331,1.4619968052028565,-1.2000890200537853,0.0011233192269531182,1.0,0.28012900101245714,1,3.2660283665037797,-3.830256912898327,5.0354016419655805,-0.8654561278012232,-0.013916207404081338,0.9999998719397053,0.007745635498766893,0
22.32,-0.0037536188042197162,0.004731690645012656,-3.3688425313260772e-12,-0.43238360557956684,-0.15010863963441978,0.4603808560937823,-2.8011469239822953,0.0005414572051047499,1.0000003116434233,16.981728029469597,1,0.02902521186111028,0.7267208402399523,0.7236258365131287,1.5328517414497054,-0.00020936342857778639,1.0,2.6633622442783365,1,-0.2820607204564165,0.9683544114819933,1.0055690740154126,1.8567411154423816,0.001404069895091205,1.000000138724382,1.0165367646970196,1,0.6250396161430498,-1.308972192245909,1.4531333955973438,-1.1273565899527165,0.0010546009947483743,1.0,0.2849808861351168,1,3.307762823636953,-3.7915315071274063,5.033291906922836,-0.8541441225954745,-0.01376302442756684,1.0000001975082011,0.007756025583915173,0
22.34,-0.003753618804033321,0.004731690645012292,-3.36735370490282e-12,-0.32949759730131895,-0.28502734943943636,0.4391767214728695,-2.424558279755977,0.0005390913311076814,1.0000002451296535,16.29786787290531,1,-0.11815938211738147,0.7183537819058416,0.7247278007867738,1.7367147007820158,0.00041425832040359323,1.0,2.659931955332419,1,-0.40012175795827126,0.9277131906300962,1.0076473383100066,1.9807957418176159,0.0013264192117546096,1.0000000653891754,1.0124510909034832,1,0.7156136054443074,-1.2521613619720797,1.4445728209206472,-1.0537462840152108,0.0009884034952417498,1.0,0.2899471496202872,1,3.349087841695184,-3.7523361115424048,5.0312029513386065,-0.8428226885365386,-0.01361949524628088,0.999999926030812,0.007766350240315085,0
22.36,-0.003753618803811115,0.004731690645014383,-3.3638248436718143e-12,-0.16598890228871965,-0.3657193732641263,0.4054684988792658,-1.996615954605494,0.0005349327998440489,1.0000001011500934,15.954938211935486,1,-0.26040000297717136,0.6804350753751477,0.7257930836607775,1.9399672929231253,0.0010596494142624052,1.0,2.655555467407302,1,-0.5119924476402372,0.872825001423911,1.0096167661720719,2.1043523209372688,0.0012031339311701465,0.9999998019055791,1.0081630648914024,1,0.8024481490538299,-1.1887771587418776,1.436365362709812,-0.9792760754212954,0.0009257974806966241,1.0,0.2950050785940457,1,3.3899977816182245,-3.712675005177445,5.029135064852144,-0.8314919044799045,-0.013485013159110638,0.9999998781549346,0.007776607658286812,0
22.380000000000003,-0.003753618803769087,0.004731690645017251,-3.3589628474495203e-12,0.034833203329221886,-0.3590221055131591,0.36405811842654584,-1.4789941892791438,0.0005295681219190213,0.999999963484511,16.14919609104097,1,-0.3918644619843743,0.6146523146467667,0.7267782774478573,2.1426448990146296,0.001659707519075824,1.0,2.6504199950915455,1,-0.6159947085770995,0.8046132654824749,1.0114477169938627,2.227443988841158,0.001053457258711152,1.0000001144707495,1.0037414863389698,1,0.8850162452267037,-1.1190442444282187,1.4285608444849445,-0.9039706181672535,0.0008679585140750546,1.0,0.3001291486912926,1,3.430487047567305,-3.672552541868405,5.027088530354801,-0.8201518508463566,-0.013357590167700622,1.000000198604276,0.007786796025346886,0
22.400000000000002,-0.003753618803926999,0.0047316906450203654,-3.3547023665925213e-12,0.22118150840992085,-0.23681271462754142,0.3256192263154951,-0.8299670673661415,0.0005257211726740334,0.9999999122386561,17.12956329540718,1,-0.5072075357221404,0.5238127217777074,0.7276435493317954,2.3448055858331003,0.002140547333258909,1.0,2.644739818706741,1,-0.7105861324416538,0.7241890302573102,1.0131129423631444,2.3501102886769294,0.0009097389124832709,1.0000000941607605,0.9992547258774674,1,0.9628005567999255,-1.0432358928479877,1.4212081563773034,-0.8278615154432736,0.0008163281768826737,1.0,0.30529103308332145,1,3.4705500880686855,-3.631973149876431,5.02506362317979,-0.8088026102364231,-0.013232989438774318,0.9999999186944141,0.007796913526582341,0
22.42,-0.003753618804002149,0.004731690645024758,-3.3517915005998322e-12,0.308519852409116,-0.013120142854450692,0.30758154097318,-0.05382030535401981,0.0005245078259934797,0.9999999772318019,18.852520501176553,1,-0.6017750312496746,0.4117141686492201,0.7283540747969153,2.546527440942351,0.0024706452842247002,1.0,2.638747011010117,1,-0.7943785207132134,0.6328314690489674,1.0145879572420495,2.4723964581943707,0.0007990934369771565,0.9999998000360472,0.994769673140114,1,1.0352987746443998,-0.9616744778994646,1.414354749380661,-0.7509874977302757,0.0007719244455009802,1.0,0.31045968609414376,1,3.510181397155875,-3.5909413314917606,5.023060614680428,-0.7974442684493026,-0.013106956164281458,0.9999998845632179,0.007806958345958353,0
22.44,-0.0037536188040728875,0.004731690645029556,-3.3492804883683558e-12,0.2403829338257364,0.21852785437492048,0.32159596341435603,0.7328341403539441,0.0005241202292191522,1.0000001206453115,20.44318277720558,1,-0.6717758909004551,0.28298304252435486,0.7288812721718666,2.7479053817747774,0.002674036344062448,1.0,2.632683383179356,1,-0.8661537252900323,0.5319671856170429,1.015851337914168,2.5943526496414266,0.0007182375605729006,1.0000000873966062,0.9903518691604895,1,1.102029265449613,-0.8747312633318818,1.4080461099457577,-0.6733944881236533,0.0007331375208699599,1.0,0.31560151854278506,1,3.5493755155082725,-3.5494616626168303,5.021079783227378,-0.7860769140362973,-0.012983571870467156,1.0000001993856789,0.007816928673964446,0
22.46,-0.003753618804489391,0.004731690645032489,-3.348898849203641e-12,0.06178049303969227,0.35660324101487256,0.35839403321705104,1.4012588299457274,0.0005253456906680347,1.000000259028794,21.045091832974926,1,-0.7144185345523651,0.14288627878999918,0.7292038721904665,2.949047476651411,0.002801988585580944,1.0,2.626792458514457,1,-0.924876887853637,0.4231486205527819,1.0168849302180143,2.716033123079037,0.0006458872122720171,1.0000001206122644,0.9860656558950354,1,1.1625368989014742,-0.7828254145886345,1.4023252101422103,-0.5951355343507646,0.0006972023840914819,1.0,0.3206806642678658,1,3.5881270315857847,-3.5075387923264505,5.019121414312766,-0.7747006351382891,-0.012870816598771448,0.9999999114868385,0.007826822714105461,0
22.48,-0.0037536188050408424,0.004731690645034647,-3.3534039260707527e-12,-0.14102459858395647,0.37734891156550526,0.40019438293755666,1.9343228997320074,0.0005285165506569212,1.0000003118587633,20.740333407729636,1,-0.7280090143689865,-0.00287537224033662,0.7293087617025854,-3.1331144833669704,0.0029059127987170023,1.0,2.6213102879810206,1,-0.9697072184033574,0.308031815299397,1.017674003559771,2.8374954772282814,0.0005717623752855652,0.9999998030935444,0.9819732412816693,1,1.2163989291879098,-0.6864221713952245,1.3972319403442581,-0.5162706094036325,0.0006635324788908944,1.0,0.3256593374901305,1,3.626430582761946,-3.465177442405757,5.017185784192733,-0.7633155190293666,-0.012768362697440538,0.9999998911544015,0.007836638679321472,0
22.5,-0.003753618805430131,0.004731690645038434,-3.3625242347457007e-12,-0.3113535380898631,0.30622177665302713,0.435309512134574,2.371848952351941,0.000532521432421529,1.000000248394171,19.938225692938996,1,-0.7120096064380214,-0.1483861853031902,0.7291915038751263,-2.9320881746092997,0.003012515299605899,1.0,2.6164561962646133,1,-1.0000064477486985,0.18835375201002644,1.0182073727581051,2.9587999175207216,0.0004959746750322018,1.0000000581690474,0.9781333949787157,1,1.2632307874515591,-0.5860301429064892,1.3928025608164833,-0.43686627304272013,0.0006324818769523846,1.0,0.33049829159760463,1,3.6642808564550444,-3.4223824068681403,5.015273155483625,-0.7519216544277764,-0.012671828322430564,1.0000001998511716,0.00784637479039094,0
22.52,-0.0037536188055780325,0.004731690645044508,-3.3740662173931124e-12,-0.4230561894180511,0.176677937711114,0.45834482677998123,2.7534943014511066,0.0005365909178225156,1.0000001055642098,18.941360728495273,1,-0.6670571942967671,-0.2877401022780306,0.7288565150942575,-2.7309371388467047,0.0031235634613813617,1.0,2.61242460976213,1,-1.0153450624616196,0.06590942867789211,1.018477496354074,3.080008525713626,0.00042210518044727153,1.0000001440919328,0.974600532277414,1,1.3026916289065253,-0.48219771485920004,1.389069184809731,-0.35699517838248435,0.0006041764894759231,1.0,0.33515737262135126,1,3.7016725912553214,-3.3791585514527096,5.013383782020163,-0.7405191324826255,-0.012577409718184218,0.999999904419505,0.007856029278880078,0
22.540000000000003,-0.003753618805583128,0.00473169064505179,-3.3862392057049107e-12,-0.46574101269194246,0.018393955271768722,0.46715488594242954,3.1090325249983137,0.0005402143296987788,0.9999999664797112,17.93117843784722,1,-0.5949412903619972,-0.41526507428521087,0.7283169198704684,-2.5295441093909674,0.0032257931485990383,1.0,2.6093781179577813,1,-1.0155064107366785,-0.057471223607246505,1.0184805502104277,-3.082000785121586,0.00035458417156736114,0.9999998110027353,0.9714241709628767,1,1.3344894721232738,-0.3755085904256509,1.3860592995126564,-0.2767354259542972,0.0005785237604001235,1.0,0.33959615514548397,1,3.7386005780477065,-3.3355108131001736,5.011517912114781,-0.7291080467403974,-0.01248226389979115,0.9999998979180423,0.007865600389797266,0
22.560000000000002,-0.0037536188056025,0.004731690645058755,-3.398482016636617e-12,-0.4364714624932193,-0.14227270000904713,0.46113147776465746,-2.8207684292678867,0.0005427349310740549,0.9999999120720735,17.02601250564758,1,-0.4985419504194297,-0.52574100310501,0.7275940989457333,-2.327800761770662,0.0032987340567224134,1.0,2.607441637480295,1,-1.0004887453642315,-0.17994650648700308,1.0182164703739418,-2.9607937848577004,0.0002972850433309597,1.0000000275082281,0.9686485594386475,1,1.358385769158853,-0.26657652102674295,1.3837953394852878,-0.19616977598164378,0.0005554045240010894,1.0,0.34377464498483923,1,3.7750596611299176,-3.291444199406705,5.009675789733251,-0.7176884929770052,-0.012384094293869078,1.0000002000000168,0.007875086382763534,0
22.580000000000002,-0.0037536188056472236,0.004731690645064791,-3.4110088885375145e-12,-0.33722465039306915,-0.2792750470252881,0.4406793749448359,-2.446081232016824,0.0005431785856565552,0.9999999740003687,16.327701062034745,1,-0.38172832469325885,-0.6146049767638995,0.7267169396056173,-2.1256119365672044,0.0033202676032208374,1.0,2.6066976475480357,1,-0.9705052393817463,-0.2996861449514088,1.017688961207368,-2.839492516777403,0.0002531006636134919,1.0000001640212366,0.9663123933171048,1,1.3741992547411406,-0.15603931812413005,1.3822943276312112,-0.11538473423619208,0.0005348082288439425,1.0,0.34765402781343235,1,3.8110447393262454,-3.2469637880562474,5.0078576547728995,-0.7062605690890768,-0.012280828230271728,0.9999998975036114,0.007884485531898962,0
22.6,-0.0037536188055814325,0.0047316906450706134,-3.423615991399176e-12,-0.17659254566340035,-0.3637496238753881,0.40756675083103355,-2.0218240511350523,0.0005422155127309742,1.0000001162293553,15.961934396206729,1,-0.2492192949800551,-0.6781371439853969,0.725720799533484,-1.922899518117367,0.003270949069785983,1.0,2.607182527091986,1,-0.9259819743507084,-0.4148944502680901,1.0169054659410042,-2.7180348200553652,0.00022390435532290272,0.9999998235687408,0.9644485726173742,1,1.3818089408173073,-0.044552269750452525,1.381567596382502,-0.03446953258310403,0.0005169369750444085,1.0,0.3511974383957625,1,3.846550767097088,-3.2020747262314515,5.00606374286275,-0.6948243750574524,-0.012170302164062625,0.9999999048434239,0.007893796124390737,0
22.62,-0.0037536188052361965,0.004731690645077055,-3.43444543637883e-12,0.02320276761720235,-0.36268209422125436,0.36637119990296496,-1.5102339559438551,0.0005431223561432803,1.0000002559979,16.120436627681805,1,-0.10640867827555471,-0.713620197279667,0.7246462051492311,-1.719605832088183,0.0031457475479583145,1.0,2.6088841515619294,1,-0.8675538670446515,-0.5238333971251141,1.0158770996187656,-2.5963603905372774,0.0002105612532197832,0.9999999961696182,0.9630839371756188,1,1.3811561488890776,0.06721888609442497,1.3816205988013424,0.04648496909469752,0.000502324742825764,1.0,0.35437072193985486,1,3.8815727556440103,-3.1567822300032873,5.004294284704785,-0.6833800130448088,-0.012049684855847889,1.0000001998319783,0.007903016457212177,0
22.64,-0.0037536188046135765,0.00473169064508284,-3.4404657942022077e-12,0.21231959645032517,-0.24704422379098354,0.32736441783934683,-0.8690728937101294,0.0005448475317777565,1.0000003119765681,17.053336171000517,1,0.04084111383607912,-0.7194651944426135,0.7235373064612953,-1.5156964195178706,0.0029711213704434743,1.0,2.6117414282053115,1,-0.7960584684203604,-0.624845537440659,1.0146185460319739,-2.474411536517539,0.00021345567185171132,1.0000001799091258,0.9622389962606686,1,1.372245505401391,0.17860525723479026,1.3824528159289773,0.1273874280557532,0.0004918868490086206,1.0,0.35714315765707416,1,3.9161057740109535,-3.1110915837002837,5.002549505463058,-0.6719275878523528,-0.011914662389897667,0.9999998907501152,0.007912144831191327,0
22.66,-0.0037536188042239967,0.0047316906450839274,-3.4412429503194453e-12,0.30725089169069025,-0.02714480216498244,0.30776257626692693,-0.09787765665322491,0.0005463976279455308,1.0000002515921258,18.7507075599797,1,0.18643131527541773,-0.6952965514051941,0.7224401140477373,-1.3111620066954857,0.0027847312656110548,1.0,2.6156455174999906,1,-0.7125275401371263,-0.7163766427051834,1.0131479178035179,-2.352133934073386,0.00022897985533639793,0.9999998404819397,0.961927677314889,1,1.355144863134591,0.288942174856653,1.3840577649394734,0.20814717543928032,0.00048620084189105486,1.0,0.3594881143095857,1,3.950144950181494,-3.0650081392586848,5.000829627796982,-0.6604672078976597,-0.01176113501821331,0.9999999119195737,0.00792117954403778,0
22.68,-0.003753618804357023,0.004731690645078756,-3.4410794526318345e-12,0.2473218992895769,0.20719952815689488,0.3200838620190566,0.6923045876561625,0.0005477460895548312,1.0000001099814675,20.378326706543177,1,0.32427727571744563,-0.6419897063240274,0.7214005908463251,-1.1060194806799777,0.0026032960786330672,1.0,2.6204425327959133,1,-0.6181762939361998,-0.7969979261652613,1.0114865713427257,-2.229477376379576,0.0002416510183988686,0.9999999649253878,0.9621570906662105,1,1.3299841518328928,0.39757646128353286,1.3864231153779456,0.288675350940508,0.0004839417432700297,1.0,0.36138360767824745,1,3.983685472169862,-3.0185373155540915,4.999134883274982,-0.6489989850860517,-0.011592845028689343,1.0000001993473226,0.007930118889822509,0
22.700000000000003,-0.0037536188044297626,0.004731690645071114,-3.442248656254643e-12,0.07242421133575755,0.35170009110859,0.35611628175435167,1.3685659981621299,0.0005501912784911858,0.9999999695459292,21.038959773138018,1,0.4485674012890584,-0.5616562992514152,0.7204626734642997,-0.900311747294812,0.0024344623170082873,1.0,2.625938554019547,1,-0.5143901709480617,-0.865427645898745,1.0096588682313479,-2.106396523223424,0.0002357351595538161,1.0000001913641299,0.9629273113424927,1,1.2969532012679819,0.5038734017917454,1.3895309078670937,0.36888599255189003,0.00048357050195855584,1.0,0.3628127433392796,1,4.016722589103427,-2.971684597713198,4.997465516206276,-0.6375230315913114,-0.011418511435829337,0.9999998841697169,0.0079389611632755,0
22.720000000000002,-0.003753618804291717,0.004731690645063365,-3.442978107476291e-12,-0.1308663454998015,0.37837955498691017,0.3980153860955358,1.90812809869002,0.0005539808396428201,0.9999999120030607,20.77293552431345,1,0.5540189550079697,-0.4575738452770389,0.7196663095918092,-0.6941064015228232,0.002299090124998466,1.0,2.6319068606270792,1,-0.4027090433773551,-0.920551832177302,1.0076918984764867,-1.9828516492151094,0.00020785107070576928,0.9999998613255978,0.9642311851701636,1,1.2562986161018643,0.6072232490813496,1.3933578457757,0.448697046969395,0.00048558128400666195,1.0,0.36376403268438195,1,4.049251612297547,-2.9244555364048597,4.995821768307444,-0.6260394585356553,-0.011240020500648257,0.9999999191352801,0.007947704657467535,0
22.740000000000002,-0.003753618804203402,0.004731690645055226,-3.4425088647760393e-12,-0.3038384042860216,0.3113744560339738,0.43367514373177063,2.3497508165062486,0.0005573294829884314,0.9999999708362828,19.98883330799922,1,0.6361177990481454,-0.33405978059319497,0.7190456268161541,-0.48749317195334185,0.0022099068607049585,1.0,2.6380971268234066,1,-0.28480874269039075,-0.9614438206181422,1.0056151660263881,-1.8588093604788076,0.0001579418706655271,0.9999999345453818,0.9660541666277654,1,1.2083198144184142,0.707047112775138,1.3978756593772723,0.5280312607265519,0.0004909587992092933,1.0,0.3642315556191979,1,4.081267916322256,-2.876855747112376,4.9942038719551025,-0.6145483779544428,-0.011055577066895809,1.0000001985468179,0.007956347665020227,0
22.76,-0.003753618804228416,0.004731690645046895,-3.441711325657959e-12,-0.4190928918227992,0.18420245761364334,0.4574434310922848,2.7336009610993233,0.0005594283817501553,1.0000001118113353,18.99711404949356,1,0.6913287243792742,-0.19629323602268667,0.7186273349955188,-0.28058018501171367,0.0021608502959239444,1.0,2.6442462578795407,1,-0.1624798587757012,-0.9873822101470314,1.003460220791767,-1.7342432662728071,8.500901373914083e-05,1.0000001981040019,0.9683742033740406,1,1.1533643673868514,0.8028021149235072,1.4030515441743927,0.6068169388576411,0.0005002397732670101,1.0,0.3642149756497471,1,4.112766940057814,-2.8288909093863484,4.992612054099099,-0.6030499038187735,-0.010864156448996335,0.9999998777728423,0.007964888487934644,0
22.78,-0.0037536188042697864,0.004731690645039883,-3.4413570083879907e-12,-0.4656581832583805,0.026781459963432393,0.4670549731412895,3.089918832640321,0.0005608129072794238,1.0000002528967324,17.984294408988227,1,0.7172637001334635,-0.05009161878745021,0.7184294578945779,-0.07348920958396504,0.00213611604273262,1.0,2.6500903650830665,1,-0.03760381470313882,-0.9978668062296805,1.0012602377972921,-1.6091345963685832,-1.1520275652641595e-05,0.9999998855861361,0.9711616882962681,1,1.0918227935393354,0.8939857254781687,1.4088486532822058,0.6849885624839832,0.0005136006721585513,1.0,0.3637194152325134,1,4.14374418773779,-2.7805667660756237,4.991046539429769,-0.5915441519427214,-0.010665899293587314,0.9999999264791102,0.007973325448473248,0
22.8,-0.0037536188042281505,0.004731690645035815,-3.4410946314622493e-12,-0.44029812393388384,-0.13442060788238344,0.46183949639736344,-2.8403491765297493,0.0005622212569603087,1.0000003119967804,17.070825618481884,1,0.7127972925449039,0.0983473687844937,0.7184604760510337,0.13364986982000363,0.0021229354051912792,1.0,2.655377208543252,1,0.08787369782826922,-0.9926320605151583,0.9990495478699684,-1.4834727448414895,-0.0001305687872977047,0.9999999057781511,0.9743795016718391,1,1.02412296934925,0.9801392267935561,1.415226625136323,0.7624872572756418,0.0005310463673203845,1.0,0.3627551994224772,1,4.174195229980052,-2.731889122534901,4.989507551356568,-0.580031239680711,-0.010461634125612733,1.0000001974317319,0.007981656895863564,0
22.82,-0.003753618804047517,0.0047316906450352485,-3.4397098884475508e-12,-0.34471687652379984,-0.27342396340752484,0.44214520549912056,-2.4674840012328065,0.0005635361168866335,1.0000002547219569,16.358411144547407,1,0.6781215714319382,0.2427247432249091,0.7187189346742456,0.34070503779845296,0.002119833944115643,1.0,2.659878331243729,1,0.21197173714545745,-0.9716574842336481,0.9968631233598836,-1.3572557172378998,-0.0002686646935465798,1.0000001999626744,0.9779831673384931,1,0.9507243178492516,1.0608502904714652,1.422142131321168,0.8392611113770428,0.0005525649954356861,1.0,0.3613374828143748,1,4.2041157048075295,-2.6828638458094076,4.98799531185887,-0.5685112856705509,-0.010252460340386143,0.999999871569627,0.007989881207137568,0
22.84,-0.0037536188038250345,0.004731690645037286,-3.436322840860706e-12,-0.1870247564071814,-0.3615853872058429,0.4096406622041271,-2.046804475149768,0.000563481414441169,1.0000001143997106,15.970350413395185,1,0.6147367643131325,0.3769249163659793,0.7191935376330861,0.5475482387852395,0.0021378065728739565,1.0,2.6634000868044203,1,0.33270528215544054,-0.9351745008199961,0.994736023829765,-1.2304904571267252,-0.00041970528364194433,0.9999999126657849,0.9819211471822128,1,0.8721119295668407,1.1357546815109847,1.429549430519018,0.9152653478708749,0.000578300426088395,1.0,0.35948577841853413,1,4.233501318659862,-2.6334968637976712,4.986510040667007,-0.5569844096556961,-0.010039346283569929,0.9999999339394283,0.007997996782831788,0
22.86,-0.0037536188037674244,0.004731690645040238,-3.4315020443209665e-12,0.011601240013124674,-0.3660572790259338,0.36868778148276554,-1.541113510111552,0.0005609880521668128,0.9999999726816683,16.09390001744169,1,0.5253782986442148,0.4952901617015004,0.7198637158535527,0.7540612166964891,0.0021961432189979363,1.0,2.665792832421257,1,0.44811812351432745,-0.8836692190686818,0.9927028090150387,-1.1031930281011944,-0.0005749710304475679,0.9999998793325081,0.9861352952169121,1,0.7887907565394144,1.2045371322317642,1.4374009156822927,0.990462361867942,0.0006087624296388143,1.0,0.35722340947738784,1,4.26234784739631,-2.583794164393654,4.985051953785059,-0.5454507324491941,-0.00982250337244826,1.0000001960038316,0.008006002039505633,0
22.880000000000003,-0.003753618803910848,0.004731690645043389,-3.427122734905863e-12,0.20323069198577529,-0.2570082632691003,0.32916431301989785,-0.9077838903124568,0.0005581147498288555,0.9999999120316514,16.979592008319468,1,0.4138851741098596,0.5928699083212673,0.7207006280226914,0.9601407738688951,0.0023157513389884315,1.0,2.6669577090839454,1,0.5563169098264277,-0.8178806572422072,0.9907969297994036,-0.9753886289334104,-0.0007233872256865459,1.0000001968943504,0.9905614802065993,1,0.7012800022284483,1.2669314505967704,1.4456476424550875,1.064821635623849,0.0006448724289337389,1.0,0.35457691023389915,1,4.290651137290338,-2.533761794609996,4.983621261667207,-0.53391037626968,-0.00960052436170718,0.9999998655698995,0.008013895400702877,0
22.900000000000002,-0.0037536188040050164,0.004731690645047712,-3.424138576846314e-12,0.30555082175265275,-0.04118602033805611,0.3080402987366595,-0.141876867953035,0.0005574354402969113,0.9999999677410883,18.648834674657216,1,0.2850183288510394,0.6656320815641873,0.721668525818348,1.165703173355309,0.002505658893113239,1.0,2.666850643347323,1,0.6555056520365445,-0.7387940349003659,0.9890501133494413,-0.8471114233059418,-0.0008547606577382084,0.9999999418973131,0.9951303990070968,1,0.6101078092485404,1.322719943580307,1.4542398276210806,1.1383195456701916,0.0006868228038259661,1.0,0.3515754108410675,1,4.31840710601533,-2.483405859683915,4.9822181702645585,-0.5223634657379654,-0.009371589123149974,0.9999999415044144,0.008021675288327678,0
22.92,-0.003753618804060386,0.004731690645052643,-3.421598507996615e-12,0.2539721265442331,0.19551749646653163,0.3186408830630093,0.6514116215517659,0.0005583525950088662,1.0000001073934077,20.310529836233044,1,0.14424041501850302,0.7106268373093402,0.7227264012325914,1.370687480917522,0.0027414132403206517,1.0,2.6654834466854487,1,0.7440198702011142,-0.6476288705813702,0.9874917583847722,-0.7184041653638137,-0.0009698820948884057,0.9999998558600625,0.9997686433598411,1,0.5158063240545342,1.3717322462528674,1.4631273133491702,1.2109390754240723,0.0007316686135986959,1.0,0.3482500411653076,1,4.345611743619004,-2.4327325221668854,4.980842891067932,-0.5108101282057488,-0.00914021424651798,1.0000001942653796,0.008029340121702368,0
22.94,-0.003753618804441223,0.004731690645055757,-3.4209015828401412e-12,0.0830577775186509,0.34637380831444753,0.3538528945850029,1.3354734092275256,0.0005629159068247512,1.0000002497268043,21.030301797103352,1,-0.0025300372789250165,0.7260966736742446,0.7238298284882664,1.5750577419006437,0.002985027627118296,1.0,2.6629221094781097,1,0.8203594773812671,-0.5458217803909488,0.9861483451778151,-0.5893176036779727,-0.001078019813338875,1.0000001889746322,1.004399918034787,1,0.41890719457947584,1.4138436528497316,1.472260001717764,1.2826694585708067,0.0007757515546145573,1.0,0.34463336073358725,1,4.372261113483017,-2.381748000996976,4.979495647278196,-0.4992504908336694,-0.00891548265584936,0.9999998597831657,0.0080368883260769,0
22.96,-0.0037536188050012126,0.004731690645057807,-3.424960402093058e-12,-0.12054373268303253,0.3790697063156306,0.39581737064977096,1.881661397332256,0.0005679365946807054,1.0000003119193903,20.80430134115007,1,-0.14917673556042077,0.7115305906446501,0.72493289568163,1.7788039815106287,0.0032239790489184132,1.0,2.659282471052281,1,0.8832194409563939,-0.43500406530005153,0.9850428761285118,-0.45990968085079925,-0.0011815444082098198,0.9999999725604679,1.0089464029028272,1,0.3199375358506177,1.448973048235808,1.4815882405168899,1.353505782841512,0.0008184356543526366,1.0,0.3407588025565646,1,4.3983513532677385,-2.330458570551499,4.978176659300637,-0.48768467869970705,-0.00869991847615305,0.9999999491620822,0.008044318335056618,0
22.98,-0.0037536188054171464,0.004731690645061287,-3.4338057570970637e-12,-0.2960782057381982,0.31628954990326885,0.4320071737878486,2.3274959014160492,0.0005679253801916748,1.000000257782137,20.039077846397145,1,-0.2896433905748717,0.6676633051864911,0.7259901326449701,1.9819420509986951,0.003453397855497407,1.0,2.654723607551157,1,0.9315172484604692,-0.3169743807413902,0.9841943841767602,-0.3302445445319117,-0.0012800606548712258,0.9999998359391654,1.013330289538855,1,0.21941638078518183,1.477080535432338,1.4910631474926148,1.4234485576722942,0.000860144172502818,1.0,0.3366601414850086,1,4.423878675843487,-2.2788705596813705,4.97688613513612,-0.4761128165951833,-0.008491831846599133,1.0000001922191302,0.008051628590673515,0
23.0,-0.003753618805581284,0.0047316906450670625,-3.445313478955825e-12,-0.41485056670975773,0.19158051680542573,0.4565026653198873,2.7136330060819227,0.000566444862552843,1.0000001188167833,19.053000762337785,1,-0.4181799846146048,0.596423218011953,0.7269583543914738,2.1845123967976727,0.0036554026193216173,1.0,2.649440130032345,1,0.9644162484375642,-0.19366699541844778,0.9836175248460401,-0.2003913748827393,-0.0013753122725116802,1.0000001763986581,1.0174754208733963,1,0.11785161746366662,1.498164848158304,1.5006368903946234,1.4925032556835702,0.0009010354352566017,1.0,0.33237100618666565,1,4.4488393702066205,-2.226990350728165,4.975624272712873,-0.46453503036521293,-0.008289629516826498,0.9999998542185944,0.00805881754969898,0
23.02,-0.003753618805595069,0.004731690645074161,-3.457566698228387e-12,-0.4652848660841812,0.03510385532521951,0.46691365778273025,3.0707948079371805,0.0005665588189931028,0.9999999758853984,18.03785472186287,1,-0.529568353841361,0.5008347460610856,0.7277983383318588,2.3865779197760197,0.0038162994956425504,1.0,2.643653434945408,1,0.981344035248643,-0.06711635403448976,0.9833222588406326,-0.07042305837082115,-0.0014706119519733213,1.0000000038997219,1.0213089730338711,1,0.01573740084888792,1.5122606287714464,1.5102629283058118,1.5606798466741927,0.0009410884648336724,1.0,0.32792445074154314,1,4.473229802378604,-2.1748243785225383,4.974391262783405,-0.4529514470903122,-0.008092326947565637,0.999999956900299,0.008065883691668925,0
23.040000000000003,-0.0037536188056105334,0.004731690645081056,-3.4698858369930363e-12,-0.4438377290416801,-0.1265536677024427,0.4625063582806941,-2.859877345747418,0.0005685621167496883,0.9999999121578315,17.116348188368544,1,-0.6193199845430069,0.38488180731654054,0.7284762977757845,2.5882210964185606,0.003934078545415817,1.0,2.6376020298500733,1,0.9820051972647741,0.06058115848100834,0.9833136364469317,0.05958525077572637,-0.0015687870854806168,0.9999998200606598,1.0247631197999953,1,-0.08644798379831502,1.5194356417774857,1.5198962128142401,1.6279923360496025,0.0009802668940845653,1.0,0.3233525954232502,1,4.497046416287549,-2.12237912936316,4.973187289942964,-0.4413621949788199,-0.007899183058693799,1.0000001898683253,0.008072825525167167,0
23.060000000000002,-0.003753618805652106,0.004731690645087027,-3.482463883236475e-12,-0.3519441772314929,-0.2674705466648829,0.4435734005972998,-2.4887565238478295,0.0005714877773269321,0.999999964716296,16.39016794441597,1,-0.6838408849680795,0.2533397258454325,0.7289651177408097,2.789540505147709,0.004016104841161951,1.0,2.631531867404389,1,0.9663879437973264,0.18730721014643034,0.9835916921283108,0.1895576367356491,-0.001670261024944382,1.0000001594762953,1.027776615636463,1,-0.1882438367035471,1.5197879827170226,1.5294933501227241,1.6944583160309385,0.0010186062252523754,1.0,0.31868633409587527,1,4.520285734632873,-2.0696611399763003,4.972012532631365,-0.4297674032713277,-0.007709397957666096,0.9999998488850022,0.008079641591785732,0
23.080000000000002,-0.0037536188056066892,0.004731690645092679,-3.4951935009436275e-12,-0.1972511792979248,-0.35921812193513997,0.41168779789284504,-2.0715458787579353,0.0005734567307578614,1.000000102977729,15.980356619048097,1,-0.720560081249337,0.11158281670916445,0.7292453227627442,2.990646903754036,0.0040765215574248784,1.0,2.625686980533518,1,0.9347643556844764,0.3109621392512375,0.9841514527379045,0.3194189485352051,-0.0017725626284579665,1.000000035142889,1.0302962335721608,1,-0.28920837476359307,1.5134433322030187,1.5390127270672407,1.7600985364494874,0.0010563092879978832,1.0,0.31395510280711275,1,4.54294435973321,-2.01667699645634,4.970867162574057,-0.41816720219989273,-0.007521845650807576,0.9999999647068037,0.008086330467992522,0
23.1,-0.0037536188052923547,0.004731690645098943,-3.506380298959333e-12,6.794118498345061e-05,-0.3691314232425919,0.3710045863786416,-1.5716166844111146,0.0005726958989616789,1.0000002464896631,16.06976576283969,1,-0.7280196001596003,-0.03462537951431047,0.7293057597526081,-3.0915263133230777,0.004133511194234862,1.0,2.6203006048530515,1,0.8876842517404813,0.4295050299952792,0.9849830578773235,0.44909629878862095,-0.001869917890853265,0.9999998086157852,1.0322779996213876,1,-0.3889197173050101,1.5005522951671455,1.5484146046319591,1.8249365004899776,0.0010939347245331466,1.0,0.30918670465640974,1,4.565018974357419,-1.9634333331875313,4.969751343631326,-0.40656172305264665,-0.007334622052884411,1.00000018721669,0.008092890765145388,0
23.12,-0.0037536188046771585,0.00473169064510486,-3.5130034731906123e-12,0.19395506823166714,-0.26667236403676503,0.33101569269652403,-0.9460690717817618,0.0005699403547188716,1.0000003117444356,16.90858787406121,1,-0.7059247458020388,-0.17935263282413907,0.7291439873490276,-2.8904863140927404,0.004205934023524837,1.0,2.6155869576892794,1,0.8259629107201735,0.5409921102889971,0.9860719861072366,0.5785204884032225,-0.0019531157395968237,1.0000001386245034,1.033688175429463,1,-0.4869765667568185,1.481287856283681,1.5576611821148063,1.8889980894217606,0.0011326499056259242,1.0,0.3044071860661021,1,4.586506342539293,-1.9099368317477246,4.968665230135125,-0.3949510985618394,-0.0071443813396681625,0.9999998437908395,0.008099321127254741,0
23.14,-0.003753618804236752,0.004731690645106548,-3.5141676894834273e-12,0.3034404718049655,-0.05519379946706645,0.30841473635888517,-0.18576744261247738,0.0005682973314074555,1.0000002607711724,18.547285073011835,1,-0.6551541231263002,-0.316723083135018,0.7287663675332084,-2.6892971814807662,0.004303855136357583,1.0,2.6117337959656575,1,0.7506631188295931,0.6436124247713216,0.9873993771795906,0.7076273135161759,-0.002014021264964589,1.0000000655201506,1.0345039545538046,1,-0.5829986243148837,1.4558429743252266,1.5667166329594902,1.9523112182836406,0.0011736375851393744,1.0,0.2996407593736557,1,4.607403310376424,-1.8561942197949828,4.967608967404887,-0.38333546399932533,-0.006947400168785254,0.9999999725692281,0.008105620226022745,0
23.16,-0.0037536188043316423,0.004731690645101876,-3.5138584750238344e-12,0.260329082330423,0.1835221495291022,0.3172708788972429,0.6101879480107466,0.0005673552734555352,1.0000001232305296,20.23998100323838,1,-0.5777293243865315,-0.44114074282658544,0.7281878540827745,-2.487843170772994,0.004410289001292693,1.0,2.6088958468749572,1,0.6630722102746125,0.7357198770034193,0.9889424428895837,0.8363587167718121,-0.0020545751510700175,0.9999998018865386,1.0347138489660916,1,-0.676626779317165,1.4244283309820867,1.5755471144490831,2.0149055190487433,0.0012154089436767872,1.0,0.2949097665050475,1,4.627706806812412,-1.802212269938597,4.966582701488891,-0.37171495798562476,-0.006745639634884642,1.0000001842684252,0.008111786758422052,0
23.18,-0.0037536188044222365,0.004731690645094347,-3.5148539894586106e-12,0.09367339825533022,0.3406481343220701,0.35160725694781636,1.301992462307338,0.0005654883900365281,0.9999999791555558,21.019129249404603,1,-0.4767446169918577,-0.5475053165937244,0.7274314759514011,-2.2860183874660804,0.004494403273547643,1.0,2.607189206211446,1,0.5646749213761424,0.8158609156552513,0.9906749595089265,0.9646637665791405,-0.0020791267119682016,1.0000001143570623,1.0343177365256728,1,-0.7675231089276918,1.3872702435059099,1.5841207691071384,2.0768120493731344,0.0012546865805819713,1.0,0.29023467781051787,1,4.647413844400035,-1.7479977985948425,4.965586588785017,-0.36008971999804595,-0.006545716670422331,0.9999998389441778,0.008117819452873393,0
23.200000000000003,-0.0037536188042970025,0.004731690645086665,-3.5155862596059073e-12,-0.11006077993090758,0.379435772455789,0.39360187109625794,1.8549297126661737,0.0005643178176707296,0.9999999123815395,20.8344108022556,1,-0.35625750023337804,-0.6314139678505175,0.7265275341825054,-2.0837309335444596,0.004540146831736675,1.0,2.606686809044943,1,0.4571229806382251,0.8827973436764585,0.9925678109059262,1.0924994529261502,-0.0020829517996062206,1.0000000942830236,1.0333266139468675,1,-0.8553707221258281,1.3446087454875446,1.5924077237686622,2.138063040688216,0.0012909543348438566,1.0,0.28563411929710103,1,4.666521520044402,-1.693557664825242,4.964620784492798,-0.34845988792600346,-0.006348650204068807,0.9999999804751144,0.00812371706973534,0
23.220000000000002,-0.0037536188041947223,0.004731690645078633,-3.515078419308315e-12,-0.2880743106549237,0.32097967918016673,0.43030523734553017,2.3050932088333336,0.0005646078486757363,0.9999999617633819,20.08894029041557,1,-0.22114176768260727,-0.6893422930160432,0.7255125229777225,-1.8809066800904068,0.004536724841177939,1.0,2.607415096612367,1,0.3422024002923955,0.9355239400095405,0.9945895569367572,1.2198312707352645,-0.0020599683207687585,0.9999998000387258,1.0317621285757206,1,-0.9398734789982968,1.2966958360096443,1.6003800651823348,2.1986916829164795,0.0013253078597901598,1.0,0.2811249232140954,1,4.685027015729083,-1.6388987691582901,4.963685431766202,-0.3368255994838879,-0.006151748058987066,1.0000001810282024,0.008129478394172706,0
23.240000000000002,-0.0037536188042095932,0.004731690645070345,-3.5141342960565147e-12,-0.41032855248447814,0.19882112050596307,0.45552053925607383,2.6936040770821266,0.000565235207824078,1.0000000985664537,19.10901072205225,1,-0.07690581863794022,-0.7187974051249937,0.7244277822170794,-1.6774925248178356,0.004473126135726593,1.0,2.6093520510827903,1,0.22179942805961433,0.9732807947607234,0.9967070255768559,1.3466335931336761,-0.00200741020381687,1.000000087271911,1.0296558100329034,1,-1.0207556130477944,1.2437938940174316,1.6080117992363636,2.2587319325550728,0.0013585865551902115,1.0,0.2767221995809084,1,4.702927599225288,-1.584028052397062,4.962780663419242,-0.3251869936707159,-0.005952756760412017,0.9999998343526962,0.008135102233102714,0
23.26,-0.003753618804262177,0.004731690645063228,-3.5136368640997784e-12,-0.46461766629397905,0.04336643471441481,0.4667278130935305,3.0516799759986384,0.000565713719087939,1.0000002431868884,18.091861254118097,1,0.07051955359734374,-0.7184358516022334,0.7233179127768222,-1.4734589858541016,0.004344302590530964,1.0,2.6124268046539427,1,0.0978660695281775,0.9955604471540584,0.9988859165780032,1.472889849776825,-0.0019258859344383225,1.0000001207228026,1.027048094584984,1,-1.0977612810690147,1.1861742520036715,1.6152788058425653,2.318218344326565,0.0013911806161873211,1.0,0.27243942487555733,1,4.720220624782196,-1.5289524944127195,4.96190660541686,-0.3135442110377767,-0.005750401188160239,0.9999999884119367,0.00814058741457377,0
23.28,-0.0037536188042312756,0.004731690645058936,-3.513324397033668e-12,-0.44708271510501124,-0.11866961925740158,0.4631283207611151,-2.8793269881428136,0.0005664066749596162,1.0000003114720015,17.162594109623008,1,0.21501784055368722,-0.6881392975614188,0.72222900045194,-1.2688019677754847,0.0041568368721108025,1.0,2.616521034053163,1,-0.027613999084786775,1.0021100730098602,1.0010913983729457,1.5985925234189726,-0.001818362274012331,0.9999998031178762,1.0239872141341833,1,-1.1706540623314885,1.1241159212504326,1.6221587909631185,2.377185927341641,0.0014232182207853212,1.0,0.26828854089548543,1,4.736903533797813,-1.4736791129236642,4.961063378679155,-0.30189739355975187,-0.00554404276339592,1.0000001775011553,0.008145932786265887,0
23.3,-0.0037536188040607557,0.004731690645058157,-3.5120177165753885e-12,-0.3588932637023361,-0.26141380949015014,0.444960083687498,-2.5098664016887775,0.0005674895791938359,1.0000002636876049,16.422994314865086,1,0.3505398598793621,-0.629041689632976,0.7212067073468459,-1.0635435416149073,0.003930220934263232,1.0,2.6214723257765753,1,-0.15265842321516127,0.9929290943234693,1.0032886847496618,1.723742982400178,-0.001689168802695462,1.000000058036417,1.0205279845906676,1,-1.2392164260218443,1.0579044597642102,1.628631236320635,2.4356700241249842,0.0014547085106546521,1.0,0.2642800595817964,1,4.752973855471026,-1.4182149622609757,4.960251099785938,-0.29024668445961443,-0.00533338756607788,0.9999998300236695,0.00815113721271509,0
23.32,-0.003753618803843322,0.004731690645060131,-3.5087859267396437e-12,-0.20725154776376925,-0.3566450699631189,0.41370456697292796,-2.0960097795745183,0.0005679774852536637,1.0000001276387955,15.991978396033714,1,0.47136300049749486,-0.543503125842322,0.7202943053624157,-0.8577316059995665,0.0036931284498280333,1.0,2.627079630760452,1,-0.27531749157693625,0.9682626720558909,1.0054435815765328,1.8483511702658812,-0.0015431586548360916,1.0000001441880229,1.0167305386191634,1,-1.303249183130939,0.9878309731796905,1.6346773480424417,2.493706210270109,0.001485650341890773,1.0,0.260423172414601,1,4.768429207434601,-1.3625671321208483,4.959469881015009,-0.2785922280495165,-0.005118225277003648,0.9999999963671196,0.008156199572066673,0
23.34,-0.00375361880376417,0.004731690645063159,-3.504019557148963e-12,-0.011369567103133874,-0.3718948650666046,0.3733188058082014,-1.6016983356424788,0.0005657041712510897,0.9999999824905448,16.048061154321122,1,0.5723447448132295,-0.43502795750918966,0.7195307414685784,-0.6514383427708698,0.0034760800002728008,1.0,2.6331108143664417,1,-0.39370334493885356,0.9285915951776734,1.0075229963518595,1.972435175457846,-0.0013843876309010924,0.9999998110481209,1.012659046407349,1,-1.3625709365330914,0.9141912383003383,1.6402800056191222,2.55133021271255,0.0015161929650431662,1.0,0.2567258623255396,1,4.78326729636849,-1.3067427463049028,4.958719829648289,-0.26693416963478866,-0.004898000396491561,1.0000001736928725,0.008161118753659283,0
23.36,-0.0037536188038934833,0.004731690645066353,-3.499519684452279e-12,0.18452249372758178,-0.2760114054400787,0.3329181068570568,-0.9838716647283968,0.0005595648830011317,0.9999999127026662,16.840394367747727,1,0.6491573886898765,-0.30812767797270985,0.7189488357880746,-0.44475744834142206,0.003303512431933324,1.0,2.639312152523199,1,-0.5060167588873282,0.8746190976700001,1.0094954050567424,2.096020704439464,-0.001214678686986624,1.0000000273709304,1.0083804620429502,1,-1.4170175408888694,0.8372849386922356,1.645423712246088,2.6085778451850925,0.001546878421186107,1.0,0.2531950157175161,1,4.797485918593069,-1.250748961449401,4.958001046418963,-0.2552726556877599,-0.004671201286565824,0.9999998259639568,0.00816589365747297,0
23.380000000000003,-0.0037536188040097297,0.004731690645070622,-3.4964589817193525e-12,0.300932048707371,-0.06912839296396249,0.30889168637935077,-0.22948922262102933,0.0005531006339669045,0.999999958883787,18.44613530579751,1,0.6984906564768624,-0.16813270242403963,0.7185737198709611,-0.23780020758665324,0.0031827785430520814,1.0,2.645419392331028,1,-0.6105713049288437,0.807255125874682,1.0113312709536788,2.2191404802460637,-0.0010350591521957422,1.0000001641005105,1.003963326156473,1,-1.4664415821288543,0.7574150017521374,1.6500945453326297,2.6654849599576083,0.00157839227294946,1.0,0.2498365325786277,1,4.811082960641083,-1.1945929657440137,4.957313625215576,-0.24360783475191325,-0.004436246452213635,1.0000000043280586,0.008170523195344274,0
23.400000000000002,-0.003753618804048702,0.00473169064507566,-3.49390958873097e-12,0.26638472138660624,0.1712395100866181,0.31598444533360454,0.5686463532345518,0.0005487896147354364,1.0000000941617346,20.16636792423922,1,0.718209843533584,-0.02096086910158428,0.7184216266630923,-0.030690571475134626,0.003085577623117558,1.0,2.6511696987981037,1,-0.7058147955149213,0.7275985470791747,1.0130034105995604,2.3418335811423203,-0.0008553639329032532,0.9999998236340617,0.9994766488433489,1,-1.510711884619969,0.6748870268293888,1.6542801020931928,2.722087411725558,0.0016096429123703935,1.0,0.24665543319455915,1,4.824056399806803,-1.1382819776411057,4.95665766160144,-0.23193985844234666,-0.004196801029996424,1.0000001696093876,0.00817500629689059,0
23.42,-0.0037536188043935477,0.004731690645078961,-3.492917543743146e-12,0.10426795751228735,0.33453209023431824,0.3493868531128396,1.268092778242305,0.0005465901152193411,1.000000239820092,21.004852979151195,1,0.7074592721478608,0.1271460464557838,0.718499111018267,0.17644050093989513,0.0029715750709332625,1.0,2.6563143533343414,1,-0.7903480005719702,0.6369177425559842,1.0144873161937173,2.4641447294268404,-0.000692664872210436,0.9999999960310361,0.9949888884901984,1,-1.5497130526735783,0.5900087942273968,1.6579694483450031,2.7784210244347385,0.0016378391591397549,1.0,0.24365596015062377,1,4.836404304669095,-1.0818232445557636,4.956033264604767,-0.22026887928665181,-0.0039609068579383845,0.9999998221799902,0.008179341926818984,0
23.44,-0.003753618804961575,0.004731690645080945,-3.4965275032966536e-12,-0.09941174976333046,0.3794842884187118,0.3913715261008394,1.8278942952604367,0.0005490453002848805,1.0000003111022213,20.862696967628896,1,0.6667041123082104,0.2699038071248134,0.7188027248316249,0.3834611181837987,0.0028279047786723506,1.0,2.6606308966033487,1,-0.8629406850693876,0.5366299709440064,1.0157614440209868,2.586123560271804,-0.0005532247346602394,1.0000001799696305,0.9905670309354573,1,-1.5833450518787784,0.5030898452352925,1.66115308930171,2.8345215679286166,0.001661991104361845,1.0,0.24084167376464166,1,4.848124835585705,-1.0252240415532314,4.955440547767659,-0.20859504765970632,-0.0037313625261936644,1.0000000122821404,0.008183529099362517,0
23.46,-0.003753618805399808,0.004731690645084129,-3.5050794731927848e-12,-0.27981797435650596,0.32545397963532907,0.4285692195927424,2.282508663379162,0.0005548852510324601,1.000000266530011,20.137953468228908,1,0.5977077168945393,0.4012695863386399,0.7193191948091786,0.5902445752393344,0.0026636710288528076,1.0,2.663933720411026,1,-0.922545059341323,0.4282798261664136,1.0168074519390085,2.7078238872525655,-0.0004350896022839151,0.9999998405655866,0.9862757691620299,1,-1.6115228347960242,0.4144411237793345,1.6638229444222636,2.890424752927307,0.001682563449357959,1.0,0.23821553975144508,1,4.8592162451624255,-0.9684916700222359,4.954879616354443,-0.19691851258205756,-0.003507304262146662,1.0000001652571708,0.008187566878321452,0
23.48,-0.0037536188055829383,0.0047316906450895774,-3.5165224681818485e-12,-0.405518871269535,0.20593566660668133,0.45449616609721644,2.673485777534695,0.0005612270237238715,1.00000013203943,19.164765010779682,1,0.5034460163858457,0.5157124219129214,0.7200260932548356,0.7966751412564502,0.0024987414353825296,1.0,2.6660828935034724,1,-0.968306757248545,0.31351705215317033,1.0176103862696322,2.829302957004918,-0.0003355650964548989,0.9999999647889359,0.9821767791183663,1,-1.634176014630446,0.32437467075290494,1.6659723163321016,2.9461662327939924,0.001700096689738307,1.0,0.2357800101082289,1,4.869676878700227,-0.9116334563364678,4.954350566993393,-0.18523942314801406,-0.00328809345663181,0.9999998186777652,0.008191454373964896,0
23.5,-0.0037536188056079564,0.004731690645096493,-3.5288457269147533e-12,-0.46365091280146636,0.05158141683745778,0.4664970358674576,3.032549511063881,0.0005665355592106153,0.9999999858887378,18.14599874961958,1,0.3879647441508003,0.6084556365480199,0.720892939998462,1.0026531932227032,0.002357263104499484,1.0,2.6669904581678514,1,-0.9995734643312546,0.1940739188903264,1.0181588295572617,2.950620697676226,-0.0002520414579027128,1.0000001914043746,0.9783280813615783,1,-1.6512485895999616,0.2332033625077667,1.6675958637467663,3.001781607454989,0.0017150243925289253,1.0,0.2335371002524017,1,4.879505174620072,-0.8546567505054714,4.953853490269222,-0.17355792883269208,-0.0030737250128898023,1.0000000202167627,0.008195190739542585,0
23.52,-0.0037536188056177897,0.00473169064510332,-3.5412429282358215e-12,-0.450030195002931,-0.11075691021725231,0.4637062219066907,-2.898722429275393,0.0005711427668267634,0.999999913121055,17.209287127618676,1,0.2561888209592506,0.6756790216971241,0.7218826573247049,1.2080994305395931,0.002260574434913284,1.0,2.6666238477205755,1,-1.0159013108180637,0.07174231385818206,1.0184450120924935,3.071838966905483,-0.00018127600383286417,0.9999998614255096,0.9747835020891753,1,-1.6626987198327818,0.14124068531582043,1.6686895811904259,3.057306430352661,0.0017277806950881484,1.0,0.23148846693015415,1,4.888699664865175,-0.7975689248157739,4.953388471859257,-0.16187417935475168,-0.002864403965977979,1.0000001606431177,0.008198775166511397,0
23.540000000000003,-0.0037536188056569546,0.00473169064510921,-3.5538746424867984e-12,-0.3655638212534274,-0.25524449709028174,0.44630765214869855,-2.5308415217850238,0.0005755538780567602,0.9999999560789168,16.456625612581085,1,0.11369574575094478,0.7146718579331032,0.7229532864192608,1.4129579887811663,0.0022212019890762076,1.0,2.6650063528278327,1,-1.0170591250201735,-0.051649339400653006,1.018464886110701,-3.090164506247767,-0.00011987389948418774,0.9999999344144224,0.9715922408417998,1,-1.6684985578572051,0.048800537694673324,1.6692507842092086,3.112776218228712,0.0017388574231023805,1.0,0.2296354887867952,1,4.8972589752814555,-0.7403773724634577,4.952955592516909,-0.1501883244890079,-0.002660207818886701,0.9999998154628308,0.008202206879765944,0
23.560000000000002,-0.003753618805629297,0.0047316906451147075,-3.566707367820554e-12,-0.21702665338426852,-0.35386116713570326,0.415694617545261,-2.120232996286719,0.0005790011595792922,1.0000000897657217,16.004927711492556,1,-0.03353385383217784,0.7239315333858087,0.724059866587832,1.6171983609442653,0.0022405578352735806,1.0,2.662214790028938,1,-1.0030306169921022,-0.1742592558453452,1.0182181628708538,-2.968955640980264,-6.428171776456004e-05,1.000000198122995,0.9687984807680663,1,-1.6686341333813097,-0.04380294761480071,1.6692780990407559,-3.114958844059383,0.0017488403326922101,1.0,0.22797934435197703,1,4.905181825975482,-0.6830895061791611,4.9525549273537575,-0.13850051391266557,-0.0024608150070842506,1.000000028119353,0.008205485134250925,0
23.580000000000002,-0.003753618805344568,0.004731690645120789,-3.5782169328230085e-12,-0.022709089742600358,-0.3743474853311175,0.3756339913243554,-1.6314091849861396,0.0005799554292270245,1.000000236390917,16.02843952815897,1,-0.17937524408988073,0.7032061654283984,0.7251563791982565,1.8208161186988296,0.0023112354496758448,1.0,2.658374713206264,1,-0.9740145316720267,-0.2942554953179631,1.0177083153243096,-2.8476565944290275,-9.874592665889778e-06,0.9999998856998509,0.9664410193500278,1,-1.6631052930961112,-0.13625557018835127,1.6687714568402956,-3.059492661096043,0.0017584935343834922,1.0,0.22652107901939822,1,4.912467031649083,-0.6257127568462224,4.952186544388432,-0.126810897127408,-0.0022651194406133014,1.0000001557745388,0.008208609213398929,0
23.6,-0.003753618804744221,0.004731690645126778,-3.5854428150419726e-12,0.17494303014613757,-0.28502449646130623,0.3348728233798247,-1.0212508011030508,0.0005782608210228763,1.000000310635275,16.77464858504973,1,-0.31781580926212966,0.6534828493302753,0.7261976655409061,2.023832496954623,0.0024228140541221735,1.0,2.6536536375369293,1,-0.930422774546539,-0.4098391460026111,1.0169425477121026,-2.726205280038883,4.902424996162967e-05,0.9999999056559107,0.964552941041296,1,-1.6519256962355158,-0.22824322485629797,1.667732093549543,-3.0039750547801414,0.0017688554555259817,1.0,0.22526165688027702,1,4.919113501910496,-0.5682545721124347,4.951850502118765,-0.11511962364216181,-0.002070743805366586,0.9999998125402807,0.008211578428615068,0
23.62,-0.0037536188042558115,0.004731690645129026,-3.587044832172037e-12,0.2980351240844533,-0.0829790316255882,0.3094701018143759,-0.27309101054278495,0.0005765926011123833,1.0000002692970031,18.345160202572263,1,-0.4431977179583021,0.5769256988429151,0.7271412386618513,2.226292956914786,0.002563861062468154,1.0,2.6482528093382327,1,-0.8728764767772356,-0.519267425496332,1.015931731331731,-2.604541422022521,0.00011626866163071088,1.0000001999599477,0.9631613252902188,1,-1.6351228663434016,-0.31945206860803044,1.6661625555933068,-2.9483705183363145,0.0017808027955604063,1.0,0.22420199926936407,1,4.925120241561701,-0.5107224149956114,4.95154684769228,-0.10342684391864436,-0.0018749678567424168,1.000000035977391,0.008214392117491323,0
23.64,-0.0037536188043059545,0.004731690645124898,-3.5866208549124867e-12,0.2721393765049848,0.15867857995889473,0.31477918933884264,0.526740009328148,0.0005753042210863512,1.0000001364302853,20.089488841983158,1,-0.5504382737766434,0.4767696010985366,0.7279489224379254,2.4282648693412114,0.0027079014823252487,1.0,2.642398060181338,1,-0.8021999341498498,-0.6208766227466704,1.0146903003820007,-2.4826073003239175,0.0001862499224366714,0.999999912790501,0.9622869764564925,1,-1.6127382991912627,-0.4095686988837571,1.664066705183987,-2.8926435046420003,0.0017935351399695281,1.0,0.2233430148808335,1,4.9304863508623695,-0.4531237624839371,4.951275623391426,-0.09173271079339579,-0.001679644825453407,1.0000001506591483,0.008217049641062369,0
23.66,-0.00375361880441568,0.004731690645117502,-3.5874471795982465e-12,0.1148441702233364,0.3280300018425081,0.34718715426297336,1.233734115909804,0.0005732100455265627,0.9999999893484763,20.987323430636714,1,-0.635221273072303,0.3571766081572198,0.7285882751979248,2.6298344690945634,0.0028185378480062324,1.0,2.636330236361301,1,-0.7194123266098769,-0.7131047746447741,1.0132360995473224,-2.3603485014860714,0.000248884009481053,0.9999998792219987,0.9619441713190154,1,-1.5848276261851069,-0.49828035074433386,1.6614497221298823,-2.836758415311806,0.0018054651914240572,1.0,0.22268562564949776,1,4.935211025769395,-0.3954661041329643,4.951036879775812,-0.08003737805369052,-0.0014903667641608406,0.9999998099147456,0.008219550389617636,0
23.68,-0.003753618804301323,0.004731690645109877,-3.5881725108516394e-12,-0.08859089511984891,0.37922255468138205,0.38912160823374004,1.8005316324551726,0.000573648040128716,0.9999999136365015,20.889136268574358,1,-0.694154613610668,0.22306225631037566,0.72903377183226,2.8311032547637605,0.0028859357329341032,1.0,2.6302956058435907,1,-0.6257171053116423,-0.7945139306375585,1.0115901969233487,-2.2377146811527058,0.00030391883277171495,1.0000001968699712,0.9621404239055737,1,-1.5514608320282357,-0.5852751206716932,1.658318124262185,-2.7806796005056174,0.0018170093656754438,1.0,0.22223078960324683,1,4.939293558148241,-0.3377569406583789,4.950830669929773,-0.06834099721266702,-0.001307422083969542,1.000000043778426,0.008221893791807607,0
23.700000000000003,-0.003753618804186085,0.0047316906451019625,-3.587624446653448e-12,-0.2713041876487363,0.3297238906058819,0.42679589135628965,2.2597305469451006,0.0005777600535398582,0.99999995335014,20.186168314042618,1,-0.7248910048695736,0.07989902540460109,0.7292677083343139,3.0321839893914246,0.0029213186867379547,1.0,2.6245365608871185,1,-0.5224889253615089,-0.8638118091953757,1.0097766657341016,-2.1146603141807363,0.00035502244913827267,0.9999999420299575,0.9628762662612826,1,-1.5127225249816738,-0.6702422251159317,1.6546798043413928,-2.7243713555547884,0.0018294707538032268,1.0,0.22197951924331302,1,4.942733335957762,-0.28000378252287944,4.950657035729923,-0.05664371793467698,-0.001127549631067367,1.0000001453050509,0.008224079313166405,0
23.720000000000002,-0.003753618804194397,0.004731690645093726,-3.5865619827345208e-12,-0.40041888746214177,0.2129383906423405,0.4534281098283759,2.6532713831587618,0.000583661989005396,1.00000008538056,19.220339109381,1,-0.7262098611097086,-0.06649617571773889,0.7292808121638457,-3.0499888902277386,0.0029396996841212363,1.0,2.6192828610189687,1,-0.41125800723218875,-0.9198725930950015,1.0078223168180271,-1.9911454229369383,0.0004034079276301128,0.9999998557640071,0.9641450506565519,1,-1.468712257655185,-0.7528723022534236,1.6505440637060744,-2.6677979183986986,0.0018437990910900148,1.0,0.22193289373896483,1,4.9455298434112756,-0.22221414851905122,4.950516006103827,-0.044945689656477376,-0.0009478720078097716,0.9999998075903853,0.008226106454100863,0
23.740000000000002,-0.0037536188042519474,0.004731690645086513,-3.585915852449828e-12,-0.46238464122630546,0.05976442539752418,0.4662211643281185,3.013397338716,0.0005893431156034451,1.0000002329010371,18.20034187792673,1,-0.6980593308677405,-0.21018399907937033,0.7290725575901637,-2.8489224971265,0.0029541450037752913,1.0,2.6147435807791948,1,-0.29369183050725806,-0.961756548913269,1.0057563799379783,-1.8671362825394777,0.00044810684316174754,1.0000001889292012,0.9659327857543776,1,-1.4195448957251715,-0.8328577657480323,1.6459216460956727,-2.6109234756437734,0.0018605896681899265,1.0,0.22209206353088698,1,4.9476826611124185,-0.16439556434970262,4.950407599667902,-0.033247062178795445,-0.0007663265810633268,1.000000051510098,0.008227974751882788,0
23.76,-0.0037536188042312114,0.004731690645082004,-3.5855256480879505e-12,-0.45268261610557503,-0.10279991792784621,0.4642404190333636,-2.9180711927248066,0.0005938054449567476,1.000000310071391,17.256492151111658,1,-0.6415580129095112,-0.34532792571981663,0.7286511834545237,-2.6476818470099532,0.002972090584434858,1.0,2.6110998589128025,1,-0.17157410260531455,-0.9887280939019456,1.0036101368273755,-1.742606090400952,0.0004874972253512966,0.9999999726977723,0.9682180221066831,1,-1.3653510313260502,-0.9098932195802885,1.640824776484061,-2.5537121782139436,0.0018802915687608742,1.0,0.2224582473078318,1,4.949191466164485,-0.10655556120585806,4.950331826452215,-0.021547985726034596,-0.0005812960442376974,1.0000001397207297,0.00822968378356652,0
23.78,-0.003753618804076886,0.004731690645081008,-3.5843040232901024e-12,-0.3719599363131483,-0.24894847373375104,0.4476164132243814,-2.5516917171289863,0.0005980828987165761,1.0000002719872316,16.49111435519141,1,-0.5589563525479387,-0.4664167370700516,0.7280334137681341,-2.4461530920712415,0.002991015018047299,1.0,2.6084984692738336,1,-0.04678100386856115,-1.0002718748644006,1.001416506605495,-1.6175355825416189,0.000520188829777518,0.9999998358599309,0.9709718053421619,1,-1.3062774369630172,-0.9836759431377237,1.6352672050098231,-2.4961281672620346,0.001903392578866471,1.0,0.22303272490323708,1,4.950056032253574,-0.04870167434258644,4.950288688614012,-0.009848610892522513,-0.00039134250097827415,0.9999998055708826,0.008231233168431629,0
23.8,-0.0037536188038611133,0.0047316906450829005,-3.5812294173583796e-12,-0.22658047972107095,-0.3508549775443688,0.4176578825901662,-2.1442282608227505,0.0006048834740703058,1.0000001408092185,16.019238377602665,1,-0.45355814959533386,-0.5684780216681468,0.7272438882058158,-2.2442331409981247,0.002999697483802468,1.0,2.607046293361155,1,0.07874521051825543,-0.9961063740997252,0.9992095844724697,-1.4919135770794696,0.0005458682977041606,1.0000001763332949,0.9741577181715413,1,-1.2424875544316119,-1.0539064558572186,1.6292642546107874,-2.4381356118617563,0.0019305741564846475,1.0,0.22381683147515188,1,4.9502762297052945,0.00915855834702492,4.950278180523029,0.0018509114236222749,-0.00019500698903912223,1.0000000591601566,0.00823262256984582,0
23.82,-0.003753618803760725,0.004731690645085988,-3.576518367489484e-12,-0.03395121592938423,-0.37647980682842425,0.3779493279248954,-1.6607641331671525,0.0006122099893233983,0.9999999928680721,16.01091291643208,1,-0.3296031817740964,-0.6472762636456562,0.7263143063599344,-2.0418337208794064,0.002987147979177563,1.0,2.6068062792449713,1,0.20302507278201293,-0.9761945231772233,0.9970241364611726,-1.3657374234841415,0.0005663362487681702,1.0000000040383032,0.977732031403781,1,-1.1741620115470477,-1.1202891711764222,1.6228328707611406,-2.379698760016414,0.001962802777823334,1.0,0.2248119513649428,1,4.949852025514928,0.06701759775937285,4.950300288160216,0.0135504300620653,9.497733677722438e-06,1.0000001339150324,0.008233851696602042,0
23.84,-0.0037536188038794684,0.00473169064508924,-3.5719216890913244e-12,0.16522129878218392,-0.29369745340697806,0.3368783688968342,-1.0582146811645152,0.0006157471754459728,0.9999999142487543,16.71140309790296,1,-0.1921127737954832,-0.6994886791999502,0.725282281881679,-1.838885052496811,0.00293889382972412,1.0,2.607794753355577,1,0.32407293462466147,-0.9407507925036884,0.9948950559010381,-1.2390133353060722,0.0005867509973065527,0.9999998200001983,0.9816439794173357,1,-1.1014991581332587,-1.1825331504699725,1.6159916728771322,-2.3207820040552587,0.002001293692030702,1.0,0.22601949962423704,1,4.94878348335172,0.12486790500905602,4.950354987436517,0.025249793456565757,0.00022465806950730101,0.9999998038594374,0.008234920303278437,0
23.86,-0.0037536188040122797,0.004731690645093456,-3.568774616102832e-12,0.29474714923795714,-0.09672088738328635,0.31015109662103646,-0.3165650027315257,0.0006158937823770288,0.9999999506987883,18.2445402072617,1,-0.0467013350449584,-0.7228516460940714,0.7241899381665066,-1.6353389688940072,0.0028309733380076623,1.0,2.6099795468045865,1,0.43992974598112744,-0.8902442387929269,0.9928567907117697,-1.1117565849027222,0.0006159176172029871,1.0000001593926102,0.9858362137777421,1,-1.0247156118477987,-1.2403529682187888,1.608761008474829,-2.26134996051476,0.002046745714586698,1.0,0.2274408827692082,1,4.947070763537621,0.18270194285872915,4.950442242411679,0.03694884878394028,0.0004526593613171476,1.000000066716481,0.008235828187648595,0
23.880000000000003,-0.0037536188040380707,0.004731690645098565,-3.566211535062022e-12,0.27757605469599306,0.14585509568876978,0.31366053049063614,0.4844557201321445,0.0006154437115400143,1.0000000810083896,20.009338747788483,1,0.10064153742417023,-0.7162704544187042,0.7230822937477909,-1.4311713258258518,0.0026206831878349116,1.0,2.61327983815708,1,0.5486970232650082,-0.8253970366832476,0.9909427504767775,-0.983991534092792,0.0006567060116270187,1.0000000352793326,0.990245481807915,1,-0.944046803054769,-1.2934696993141925,1.6011630062137001,-2.201367563335126,0.002097222573666993,1.0,0.229077442929193,1,4.944714123001955,0.24051217714956916,4.9505620108657,0.048647440357774865,0.0006907291243812634,1.0000001278971582,0.008236575183835818,0
23.900000000000002,-0.0037536188043502602,0.004731690645102079,-3.5649602302297023e-12,0.12539118891080633,0.32114351895507476,0.34501243010440324,1.1988735239859645,0.0006153922148315432,1.000000229352155,20.96632231835854,1,0.24379191419582644,-0.6798854145620683,0.7220054708650957,-1.2263835541571664,0.0022592621652781524,1.0,2.617568008167971,1,0.6485713220304506,-0.7471781047666901,0.9891846961538451,-0.8557514709548666,0.0007036035902826461,0.9999998085755865,0.9948034466234456,1,-0.8597475055985802,-1.3416120386876058,1.593221615500314,-2.140800177195049,0.0021494607229170354,1.0,0.23093039227101797,1,4.941713915213061,0.298291078230371,4.9507142592438,0.060345410469257274,0.0009322011170074302,0.9999998024587611,0.008237161160040871,0
23.92,-0.0037536188049196355,0.0047316906451040424,-3.568119595360325e-12,-0.0775992492980041,0.3786514927958403,0.38685318966931825,1.7727943460389768,0.0006168884811700373,1.000000309410844,20.913515905660258,1,0.37674680343356703,-0.6150882903284144,0.7210047841802818,-1.021003225103032,0.0017371244850504647,1.0,2.622673487662593,1,0.7378784096687744,-0.6567915591103524,0.9876121210591675,-0.7270782527109568,0.0007613469643792402,1.0000001385245585,0.9994376996390453,1,-0.772092337517485,-1.38451756281623,1.5849626444824945,-2.0796137440964246,0.0022029328615025654,1.0,0.23300073953966485,1,4.9380705900837425,0.3560311223846057,4.950898961314096,0.07204260285386824,0.0011754663518328803,1.000000074167099,0.008237586021999583,0
23.94,-0.0037536188053775652,0.0047316906451069255,-3.576344786721669e-12,-0.26253062341098304,0.33379381602449193,0.42498410362396194,2.236717247920004,0.0006201401124369391,1.000000274599383,20.23342994749695,1,0.49388327203584087,-0.5244847019302045,0.7201227986834585,-0.8150835070491176,0.00108208843136807,1.0,2.6283886186025582,1,0.8151062393908314,-0.5556598789303693,0.9862516572387462,-0.5980217515929189,0.0008416623469262513,1.0000000656510946,1.0040729556543133,1,-0.6813762129342288,-1.4219341419384277,1.5764138105285201,-2.0177749538092287,0.002258266803943268,1.0,0.23528920629398062,1,4.933784693851374,0.41372479325735206,4.951116084779403,0.08373886295427084,0.0014220175727909553,1.0000001216766414,0.008237849705765002,0
23.96,-0.0037536188055849722,0.004731690645112056,-3.587707279699426e-12,-0.39502707100241125,0.21983571058623527,0.4523143096472799,2.632926068171662,0.0006239436362056344,1.0000001451740925,19.27562479095161,1,0.5902091876716813,-0.41180060475247826,0.7193974345055448,-0.6087014305972931,0.00034500061986441493,1.0,2.6344763520210837,1,0.8789357716231623,-0.4454018534678621,0.9851265292582995,-0.4686390826184846,0.0009509410582562798,0.9999998018675932,1.0086322609784104,1,-0.5879147235987222,-1.453621510694924,1.5676047835722546,-1.955251433516103,0.002315460085176585,1.0,0.23779613021077,1,4.928856868937018,0.47136458328098985,4.951365588534981,0.09543403646585423,0.0016724894915446252,0.9999998013710731,0.008237952166148612,0
23.98,-0.003753618805620945,0.004731690645118783,-3.6000954821424624e-12,-0.4608194758750224,0.067921694379726,0.4658982990936315,2.994193566306245,0.0006275960821902038,0.9999999964458073,18.25480783828151,1,0.6615923650420185,-0.2817341026863081,0.7188601921290185,-0.40195495751719584,-0.0004082403118570785,1.0,2.6406793776789734,1,0.9282686793404205,-0.3278055874120046,0.9842560742608222,-0.3389936202741403,0.001084457536282722,1.00000011424332,1.0130379782020047,1,-0.4920444256321189,-1.4793530031252213,1.5585672147437717,-1.892011965007301,0.002373929907704855,1.0,0.24052135423125418,1,4.923287853783424,0.5289429950969645,4.9516474254009575,0.1071279687722677,0.001926398012761584,1.0000000815002053,0.00823789336959767,0
24.0,-0.0037536188056238587,0.004731690645125511,-3.612573022844512e-12,-0.4550425192554377,-0.09479414799604004,0.4647296355139753,-2.937401437304982,0.000631399708822927,0.9999999149575147,17.304127467378752,1,0.7049548967868486,-0.13975746023189267,0.7185345784750594,-0.1949588922380497,-0.0011204237294689726,1.0,2.64673058015929,1,0.9622510127558597,-0.20479706298212028,0.9836553580728633,-0.2091538408148187,0.001225612829030372,1.0000000944052414,1.0172126751153907,1,-0.3941230039283694,-1.4989174554581672,1.5493347520005607,-1.8280267328951547,0.0024328099076510222,1.0,0.24346410087374137,1,4.9170784826705916,0.5864525429719142,4.951961544311441,0.11882050498901159,0.002182664722109837,1.0000001152633382,0.008237673291470874,0
24.02,-0.0037536188056622698,0.00473169064513133,-3.6252577545817233e-12,-0.3780846116224413,-0.24252389474886576,0.4488850381035051,-2.572446813986187,0.000636025796813102,0.9999999481261557,16.526358395331563,1,0.7184206449721361,0.008122120776085031,0.718434855221631,0.012160278501842984,-0.0017736825177326384,1.0,2.652365712054327,1,0.9802919768743292,-0.07840496907891083,0.9833348921261192,-0.07919205026243525,0.0013540728204385515,0.9999998000415005,1.0210809980369762,1,-0.29452928355143887,-1.512121276900667,1.5399430414827382,-1.7632676044940847,0.002491136897249359,1.0,0.24662283130205806,1,4.910229685508072,0.6438857542067831,4.95230789141198,0.1305114901781477,0.0024400061780827757,0.9999998005980967,0.008237291918297118,0
24.040000000000003,-0.0037536188056500035,0.004731690645136689,-3.6381775413499295e-12,-0.23591325779921615,-0.34762749870594534,0.4195910294418054,-2.1680278992041595,0.0006415597056303676,1.0000000766513444,16.034788929420248,1,0.7014062965595073,0.15563101975219393,0.7185652868040706,0.2192703605044735,-0.002385836195769147,1.0,2.6573380941263625,1,0.9820771012389313,0.04927732474540429,0.9833004114815169,0.05081696387823525,0.001456800345362753,1.0000000871471741,1.0245729329087803,1,-0.19366305446814344,-1.51879068455158,1.5304297115448098,-1.697708441708803,0.0025479998872774425,1.0,0.24999508899708447,1,4.902742487601789,0.7012351705376751,4.952686410359042,0.1422007696070325,0.0026972489202250816,1.0000000887041813,0.008236749256153988,0
24.060000000000002,-0.003753618805392935,0.004731690645142565,-3.649990899801114e-12,-0.045087824800820235,-0.378292969548894,0.38025704259949755,-1.6897906245225474,0.0006467597993687077,1.0000002257460032,15.995395424654683,1,0.6546498447539696,0.296512512188055,0.718919988194892,0.42623975128873415,-0.002976321286363877,1.0,2.6614319346141424,1,0.9675752927414883,0.17613164807845214,0.9835526984435984,0.18079737320811565,0.0015293878508802088,1.000000120833283,1.0276264079956352,1,-0.09194467326387586,-1.518774093564022,1.5208343360672298,-1.6313254449444334,0.0026027495169787997,1.0,0.25357732823544255,1,4.894618009393129,0.7584933495279307,4.953097041745673,0.1538881890092953,0.0029537373133321234,1.00000010866741,0.00823604534446433,0
24.080000000000002,-0.0037536188048125693,0.004731690645148577,-3.657803335395393e-12,0.15537687979424125,-0.3020198393602268,0.3389216745753408,-1.0947591965518157,0.0006495529107301186,1.0000003086539568,16.650797027889688,1,0.580174524191462,0.42480908575833015,0.7194833085328348,0.632943577784204,-0.0035449073132256654,1.0,2.6644721282514787,1,0.9370395238473178,0.3000556476768073,0.9840875037434923,0.3106738346316552,0.0015719537629739011,0.9999998031423026,1.0301881815454164,1,0.010185596636724397,-1.5119446476269585,1.5111983739805068,-1.5640975284573795,0.0026552962159555114,1.0,0.25736472948879763,1,4.885857466168829,0.81565286595208,4.953539721153462,0.16557359470507224,0.003209759398739463,0.9999998001410566,0.008235180271713946,0
24.1,-0.0037536188042824508,0.004731690645151358,-3.659880666757875e-12,0.29108024559414075,-0.11031788710559856,0.31092181441276645,-0.35983788813607104,0.000649768914362653,1.000000277132183,18.14493379375671,1,0.4811906715633349,0.5351280959196324,0.7202306525722056,0.8392693498915361,-0.004074447373473603,1.0,2.6663314582930333,1,0.8910011447918896,0.4190029630921658,0.9848956086917093,0.44037302955321384,0.001585805723950471,1.0000000579037587,1.032214249798796,1,0.11226854610263838,-1.4982028675323293,1.5015650831447998,-1.4960067249299107,0.002705803000440878,1.0,0.26135100667378586,1,4.876462167740952,0.8727063131731547,4.954014376264909,0.1772568330533516,0.0034655698518690214,1.0000000957676132,0.008234154187052646,0
24.12,-0.0037536188042818592,0.004731690645147794,-3.659404051482851e-12,0.2826749071363305,0.1328070600693693,0.31262414921339143,0.4419042816988038,0.0006492747264151635,1.0000001495227775,19.92679775085197,1,0.36194213268011866,0.6228765838128348,0.7211296849797877,1.045121874165155,-0.004553730325905039,1.0,2.6669357406599654,1,0.8302580332190693,0.5310218058576484,0.9859630277045355,0.5698251346556927,0.0015663679628453461,1.0000001442840434,1.033670503501198,1,0.2138273232243283,-1.4774793873864256,1.4919794056421603,-1.4270386118774119,0.002752255179319688,1.0,0.26552820611117856,1,4.86643351809889,0.9296463045149062,4.954520929937466,0.18893774888085663,0.003716853467289109,1.0000001018993072,0.008232967301989148,0
24.14,-0.003753618804406763,0.004731690645140559,-3.6600517538606936e-12,0.13587666592992875,0.31388763593592356,0.34286578958460084,1.163610109689582,0.0006467920666465816,1.0000000000799358,20.9425757578071,1,0.2275071899299648,0.6844537066685866,0.7221418656527556,1.2504272052336518,-0.0049788321567363165,1.0,2.6662664804591953,1,0.7558570250613248,0.6342908835244248,0.9872713364902311,0.6989651780933298,0.0015056763847392882,0.9999998110935971,1.0345334173931342,1,0.3143691174184061,-1.4497377394721502,1.482487808932295,-1.3571827520718327,0.00279037431874346,1.0,0.26988649703352663,1,4.8557730150369345,0.9864654746284407,4.955059314624292,0.20061618580229995,0.003956043371982236,0.999999800000677,0.008231619888190801,0
24.16,-0.0037536188043055963,0.004731690645133003,-3.66074857059695e-12,-0.06646210966635192,0.37776920569822575,0.38457352519319987,1.7447629384545567,0.0006403805123453495,0.9999999157624366,20.93641374528613,1,0.0835662361527814,0.7173926376601126,0.7232242294816926,1.4551354876327103,-0.005324030051707535,1.0,2.664360530756427,1,0.6690712779161898,0.7271517484522649,0.9887980915305193,0.8277342515440644,0.001407235945180948,1.0000000272336196,1.0347905601000813,1,0.41338726087365735,-1.4149771389579524,1.473138075675989,-1.286433154940967,0.0028185585640424764,1.0,0.27441396437615306,1,4.844482249756375,1.0431564808515539,4.9556294738375035,0.21229198977668828,0.004181617880592789,1.0000001026793093,0.008230112279830918,0
24.18,-0.003753618804179932,0.0047316906451251904,-3.66018586966943e-12,-0.25351004622257317,0.33765520208235755,0.4231429073317284,2.213530265675551,0.0006342966996244268,0.9999999456334976,20.28018869636145,1,-0.06385054243945221,0.7204475061529105,0.7243313056956866,1.6592225823735456,-0.005571681732119962,1.0,2.661307090215127,1,0.5713733752614539,0.8081368275633631,0.9905173102287307,0.9560805328858045,0.0012827302350189478,1.0000001641797056,1.034440823650564,1,0.5103637785599296,-1.3732352089547424,1.4639790630652327,-1.214788750780574,0.0028374681049060735,1.0,0.2790964123560769,1,4.83256290644231,1.0997120045620492,4.956231348020136,0.22396501002264088,0.004395863827708856,1.0000000949697536,0.008228444867023494,0
24.200000000000003,-0.0037536188041788817,0.00473169064511702,-3.659016666046622e-12,-0.3893437848874568,0.22661948232482965,0.45116341818791406,2.6124937830622383,0.0006318359361988795,1.0000000723115505,19.33096610928145,1,-0.2086223496551321,0.6936245079382315,0.7254170666878709,1.862690471862883,-0.005725948041201495,1.0,2.657242767251491,1,0.46440508942594483,0.8759925972212013,0.9924000116957945,1.0839601012953963,0.001144103187687414,0.9999998236994674,1.0334942552443809,1,0.6047724106855834,-1.3245905762129766,1.4550604257606545,-1.1422538536264195,0.00284778603996481,1.0,0.28391718476337346,1,4.820016761819859,1.1561247525250455,4.956864869136845,0.23563509768375474,0.004600607055982074,0.9999998001771804,0.008226618082543356,0
24.220000000000002,-0.003753618804239618,0.004731690645109736,-3.658200695491609e-12,-0.4589454505123062,0.07604947577207807,0.46553479979024176,2.974968275906546,0.000631374614553693,1.0000002220843411,18.309664439569616,1,-0.34479179089756434,0.6381594126797483,0.7264368233746883,2.0655665595425083,-0.0058016594428495685,1.0,2.6523443003862863,1,0.34994477400873764,0.9296975789146626,0.9944148036832279,1.211337543730085,0.0010020200163755957,0.9999999958924558,1.0319715924811521,1,0.6960821212177499,-1.2691652581948696,1.4464322896137103,-1.0688386017129525,0.002849924209751584,1.0,0.28885701099451716,1,4.806845684690676,1.2123874582316472,4.957529961804149,0.24730210512057563,0.004796973203294617,1.0000001094283189,0.008224632392660174,0
24.240000000000002,-0.0037536188042314594,0.004731690645105013,-3.65773687380222e-12,-0.4570919020193988,-0.08673739552061348,0.46517670156808116,-2.956691632492321,0.0006314646881393724,1.0000003078010986,17.35241959160796,1,-0.46680338071467026,0.5564460645925151,0.727349003349856,2.2679019843045554,-0.00582122872909641,1.0,2.646819933232505,1,0.22987335108183082,0.9684750398288594,0.9965284926078275,1.3381863530104787,0.0008656162351463089,1.0000001800300489,1.0299035456069368,1,0.7837610928927321,-1.2071267537826162,1.4381448768139804,-0.9945593642332291,0.002844241726784477,1.0,0.29389388888746876,1,4.793051635448944,1.268492883227336,4.958226544509335,0.25896588580736973,0.00498592021332687,1.0000000878897284,0.008222488292193929,0
24.26,-0.0037536188040916433,0.004731690645103803,-3.656594992074158e-12,-0.38391339356954984,-0.2359624344227468,0.4501126377607859,-2.593087615499681,0.0006319819120946629,1.0000002795843952,16.562576592909885,1,-0.5697182536667665,0.45192203946142145,0.7281167459566117,2.4697690942836927,-0.005809103868647236,1.0,2.6409001033047628,1,0.10613980927270668,0.9918004745126465,0.9987066991102478,1.4644891244815632,0.0007422227149139457,0.9999998406493099,1.0273298627179226,1,0.8672811931023935,-1.138689743419725,1.4302480857073272,-0.9194390983092057,0.0028312002492042244,1.0,0.2990030161396783,1,4.77863666557656,1.3244338184294338,4.958954529954183,0.27062629440487496,0.0051685644864029635,0.9999998006702869,0.008220186301937315,0
24.28,-0.0037536188038776036,0.004731690645105603,-3.653654852622812e-12,-0.24499463042128278,-0.34416396566783797,0.4214903606983548,-2.191609128332253,0.0006331487916414571,1.0000001538531509,16.051809916195225,1,-0.6493988418749833,0.32891846890487564,0.7287092674723626,2.6712582431611387,-0.005785516321029163,1.0,2.6348278166552053,1,-0.019272958012003044,0.9994041067212666,1.000914464835741,1.5902375652971381,0.0006375609499482749,0.999999964652501,1.0242982297211332,1,0.946122876363255,-1.0641173009581573,1.4227910289082455,-0.8435076382761573,0.0028114656349671535,1.0,0.30415678234301585,1,4.763602917116784,1.3802030854329514,4.9597138247632335,0.2822831868696319,0.005346398004012309,1.0000001160039482,0.008217726967724041,0
24.3,-0.0037536188037609825,0.004731690645108744,-3.649025743027168e-12,-0.05608254129404666,-0.3797631012377339,0.3825520884154601,-1.7184567871595748,0.000634334909905838,1.0000000037686847,15.982137774285686,1,-0.7026591318183801,0.19248129817157328,0.7291029659283891,2.8724740668955056,-0.005761480357376592,1.0,2.6288490897611494,1,-0.1443812587867396,0.9912687787471647,1.0031168383346392,1.7154323355505061,0.0005562488630072236,1.0000001914445273,1.020863058326551,1,1.019780468259542,-0.9837215197906357,1.4158215347299903,-0.7668018990250264,0.0027860349120044183,1.0,0.30932483331538196,1,4.747952622126199,1.4357935378043192,4.960504328508621,0.29393642056659475,0.005521578470771639,1.0000000806704494,0.008215110860899292,0
24.32,-0.003753618803865661,0.0047316906451120785,-3.644356301110707e-12,0.14544907899992796,-0.3099509258925867,0.3409984649164737,-1.130834427246601,0.0006339585406834156,0.9999999166631274,16.59314832792364,1,-0.7273776281049432,0.04817109769556028,0.7292822465076746,3.073531385577707,-0.005735873933135724,1.0,2.6232037623849127,1,-0.2672320670610263,0.967623686646672,1.0052794300614982,1.8400827438470575,0.0005030408597600946,0.9999998615254878,1.0170842125727158,1,1.0877677536219843,-0.8978634608166212,1.4093856190686178,-0.6893659758694302,0.002756432388941793,1.0,0.3144742178874923,1,4.731688102105114,1.491198062362666,4.961325931499259,0.305585854276541,0.005697208357462914,0.9999998014792154,0.008212338579887237,0
24.34,-0.003753618804010799,0.004731690645116245,-3.641091985209788e-12,0.28705829487908574,-0.12370739372393173,0.31178333595803326,-0.4028379165328246,0.0006318952934178864,0.9999999432220306,18.046771295748222,1,-0.7225712907300729,-0.09815179791321607,0.7292400563474102,-3.008634446622912,-0.0056985675404021335,1.0,2.6181168980620875,1,-0.38593239409057284,0.9289344739633792,1.0073689272693405,1.964206321133569,0.00048238412657307156,0.9999999342834943,1.0130257197538808,1,1.1496237694087772,-0.8069523401464146,1.4035269385707063,-0.6112511252651812,0.0027245866307764716,1.0,0.3195696240928305,1,4.714811767405961,1.546409580448422,4.962178511271049,0.3172313476025733,0.005876169265661282,1.000000122395779,0.008209410751438698,0
24.36,-0.0037536188040319385,0.004731690645121414,-3.6385295817953356e-12,0.28742975251895037,0.11959320471105328,0.31167859728190006,0.39913172761440296,0.0006300069169661343,1.0000000679911258,19.84203146430485,1,-0.6884295094490992,-0.2405504187848449,0.7289781198365102,-2.807530784095046,-0.00564741516601663,1.0,2.613790921184696,1,-0.4986762447551742,0.8758902171940741,1.0093535605353872,2.0878282923597586,0.0004894431938815429,1.0000001981418927,1.0087545060236864,1,1.204918681450998,-0.7114438906489836,1.398286241536693,-0.5325156108899116,0.002691142712597973,1.0,0.3245737130971369,1,4.6973261166205935,1.6014210491794798,4.963061933846966,0.328872759174592,0.006056323221633417,1.000000073323355,0.008206328028238693,0
24.380000000000003,-0.003753618804309758,0.004731690645125161,-3.6370600541707487e-12,0.1462878598402057,0.30630113788964963,0.3407558993447273,1.1279414915356067,0.0006274554186465168,1.000000218368956,20.91586237820639,1,-0.6263077270148497,-0.3732364080306491,0.7285068681354975,-2.606224037296399,-0.005592029858360969,1.0,2.6103986005510196,1,-0.6037689564908579,0.8093878283216912,1.0112035259778123,2.2109809611355544,0.0005073294140243676,0.9999998858136206,1.0043391889513908,1,1.2532596052062648,-0.6118378528642835,1.3937008256439734,-0.4532243965166176,0.002654611571766743,1.0,0.3294475589336439,1,4.679233735948593,1.6562254626941857,4.963976067958653,0.34050994616126545,0.006231792036562218,0.9999998026026842,0.008203091086491832,0
24.400000000000002,-0.0037536188048737104,0.0047316906451271195,-3.639752778686334e-12,-0.05518752649695908,0.37660626901383726,0.38228675189716943,1.716417206329762,0.0006252292715445447,1.0000003068526853,20.95750553195931,1,-0.5386807522653522,-0.490791303318602,0.7278450753676995,-2.404602886774581,-0.005527716469505836,1.0,2.608076966558883,1,-0.6996488210900711,0.7305143691079552,1.0128913720648423,2.333703041001075,0.000526946708558372,0.9999999055337155,0.9998489469795785,1,1.2942962171760466,-0.5086745774894385,1.389803998346715,-0.3734486845510121,0.0026147841551812353,1.0,0.33415117675522943,1,4.660537298544816,1.7108158533785494,4.964920790507609,0.3521427674906356,0.006402910327152915,1.000000128593684,0.008199700633963618,0
24.42,-0.0037536188053534075,0.004731690645129724,-3.647632543235524e-12,-0.24424943620321143,0.34133628157959023,0.42127210221857264,2.1901514209937405,0.000625669152612565,1.0000002819548228,20.326148362461176,1,-0.429056261776289,-0.5883776153347546,0.727019209112384,-2.202567842722245,-0.005442673439275715,1.0,2.6069222412088218,1,-0.7849059734684466,0.6405277250313273,1.0143923334264708,2.456038959454107,0.0005486927542357787,1.000000199957125,0.9953524772948878,1,1.3277259959451937,-0.40253075387190723,1.386624568537122,-0.29326531425614893,0.0025731159913565385,1.0,0.3386441344266349,1,4.6412395638434845,1.7651852930783019,4.965895973843684,0.3637710852020641,0.006573722648383265,1.0000000658600858,0.008196157415848384,0
24.44,-0.0037536188055868162,0.0047316906451345475,-3.658900222733297e-12,-0.38337806068482316,0.23331510995834523,0.44997267925668755,2.591964965189327,0.000627854104549479,1.0000001581630995,19.386122327583227,1,-0.30184961769146296,-0.6619331456096021,0.7260624909864586,-2.000035187438194,-0.005334596183303129,1.0,2.6069858934990138,1,-0.8582985949603319,0.540836029585464,1.0156846088086844,2.5780381324332677,0.0005741390854738273,0.999999912915259,0.990917046172402,1,1.353298930215267,-0.2940143127734248,1.3841863990824057,-0.21275601660444507,0.002531011917273487,1.0,0.3428862405318876,1,4.6213433768616365,1.8193268942978065,4.966901479405138,0.3753947631683113,0.006747170029808708,0.9999998040389132,0.00819246221211471,0
24.46,-0.0037536188056321203,0.0047316906451410545,-3.671335371130402e-12,-0.4567741422163395,0.08416888363922584,0.4651273262568871,2.955721194112787,0.0006301463770560656,1.000000007510253,18.364721038628655,1,-0.1622220475628521,-0.7083415962290674,0.7250136835163706,-1.7969404855618656,-0.005212288838197666,1.0,2.608271974248949,1,-0.9187665216579192,0.432976167697883,1.0167495954833343,2.699754217868074,0.0006041212510497591,0.9999998791115474,0.9866076436488151,1,1.3708215388032745,-0.18375858625296218,1.3825080256583555,-0.13200653293432368,0.002489390846700939,1.0,0.3468382855033716,1,4.600851667483601,1.8732338113846145,4.967937158812072,0.3870136661957217,0.006924852333688887,1.0000001345878429,0.008188615835827235,0
24.48,-0.0037536188056302017,0.004731690645147678,-3.68389650381995e-12,-0.4588440781949777,-0.07861342409129018,0.46557934496974646,-2.975935025962126,0.00063241255165048,0.9999999176591473,17.401210375615694,1,-0.015885514045441574,-0.7255722182854895,0.7239156315357902,-1.5932415143515959,-0.005091961804480622,1.0,2.6107359126078356,1,-0.9654423715801326,0.3185916244445617,1.0175720821124368,2.821244359803791,0.0006386411210385885,1.0000001968454975,0.9824862765608756,1,1.3801600638541092,-0.07241584114084897,1.3816023510648368,-0.05110561939951448,0.002448756682520867,1.0,0.3504628104424424,1,4.579767449726387,1.926899241698516,4.9690028557371,0.39862765976876097,0.007107651312068371,1.0000000582924669,0.008184619133808883,0
24.5,-0.0037536188056690317,0.004731690645153445,-3.69663566250622e-12,-0.38946029575015295,-0.22925242140525492,0.4512990495257395,-2.613604674722683,0.0006348586964494224,0.9999999408929314,16.599618225558547,1,0.13112074310740543,-0.7127812135009505,0.7228135951514557,-1.388920454842696,-0.004992189344351213,1.0,2.614284974065805,1,-0.9976603127080503,0.19940988570724225,1.0181403991754243,2.942568430791632,0.0006778875221693968,0.9999999421626297,0.9786113635607541,1,1.3812427228318531,0.0393496676983907,1.3814764266803912,0.029856036154609383,0.002409284169168873,1.0,0.3537248758435722,1,4.558093820986079,1.980316426764903,4.970098407097499,0.41023661003450435,0.0072961090948195,0.9999998057856269,0.008180472987669348,0
24.52,-0.0037536188056680195,0.0047316906451586585,-3.7096304760647625e-12,-0.2538382973935724,-0.34045664881523585,0.4233580303493452,-2.2149660108999534,0.0006370095948042814,1.000000063692179,16.070126336758836,1,0.27267505714988804,-0.6703680446234512,0.7217534247738198,-1.1839851865617534,-0.004928103047118034,1.0,2.618780574067608,1,-1.0149625894723469,0.07721954679589643,1.0184465298815386,3.0637882770624114,0.0007229298795980892,0.9999998556680211,0.9750371812044468,1,1.3740609362940006,0.15086895450605314,1.3821313297140108,0.11078695469891375,0.002370899467822815,1.0,0.35659280041829483,1,4.535833961265098,2.033478653412184,4.9712236436782025,0.4218403838726823,0.00749068978053692,1.0000001403687586,0.008176178314308169,0
24.540000000000003,-0.0037536188054370116,0.004731690645164319,-3.721721281851886e-12,-0.06694704815033939,-0.38088551120930053,0.3848380987285248,-1.7467674270908047,0.0006373356243608159,1.0000002146016609,15.970902555236597,1,0.40283055453037864,-0.5999809028764355,0.7207796438311646,-0.9784695449931152,-0.004905469620514427,1.0,2.624042599775999,1,-1.0171039068992387,-0.04615275637141965,1.018486184838762,-3.0982183403863743,0.0007759290020456306,1.0000001888836796,0.9718133802960862,1,1.3586694852627363,0.2614756846940037,1.3835621409181311,0.19159603072782388,0.002333406092348978,1.0,0.3590388400890371,1,4.512991132380933,2.0863792548932247,4.9723783901194105,0.4334388490188481,0.007692122898536933,1.0000000506324886,0.00817173606571517,0
24.560000000000002,-0.0037536188048826894,0.004731690645170341,-3.730096960474771e-12,0.13543036996897018,-0.31748497811535475,0.3431119486626531,-1.1664576119012464,0.0006341252299955996,1.0000003058091802,16.538155362800726,1,0.5160737547495294,-0.5044674394805149,0.7199335190586595,-0.7724324359366581,-0.004916489871769615,1.0,2.629855802972483,1,-1.0040537444661723,-0.16886551146497056,1.0182588420879444,-2.977017266469836,0.0008409202624999831,0.9999999728350897,0.9689845746147182,1,1.3351855918747366,0.37051348991030464,1.385758023183959,0.27219368635432895,0.002296652520488255,1.0,0.3610397791926697,1,4.489568677157159,2.139011611990863,4.973562463656191,0.4450318741594068,0.007901743464933306,0.9999998078400576,0.008167147228023293,0
24.580000000000002,-0.003753618804316448,0.0047316906451735875,-3.732694275199178e-12,0.28267089031044007,-0.13687548915732323,0.3127377149838804,-0.4455827074928204,0.0006301530309916224,1.0000002842423092,17.949799322794245,1,0.6075720227153687,-0.38776950350908973,0.7192512118130241,-0.5659557549251013,-0.004945010647195844,1.0,2.6359781139242737,1,-0.9759966397183247,-0.28908552790377673,1.0177677532222433,-2.8557305417140335,0.0009223404400430666,0.9999998357807751,0.9665899834212088,1,1.3037869572922838,0.4773430275137696,1.3887023977312498,0.35249297943424207,0.002260334653078812,1.0,0.3625774097116655,1,4.465570018596992,2.191369154107467,4.97477567108439,0.456619328543619,0.008120366682208674,1.0000001459272718,0.008162412819003283,0
24.6,-0.0037536188042581317,0.0047316906451706055,-3.732220262009367e-12,0.29181636168926717,0.10622339634661937,0.31082550553913135,0.35611134912897086,0.0006282093370726105,1.00000016245052,19.75474254304833,1,0.6733965682473801,-0.25476391887969013,0.7187621179891587,-0.35914113687352,-0.004983154460463757,1.0,2.6421506333610694,1,-0.9333304466577548,-0.4050111154425981,1.0170199119478425,-2.734295916121173,0.0010177159390877908,1.000000176267847,0.9646631125938381,1,1.2647088289774961,0.5813486087600519,1.3923732155598727,0.432410631955318,0.002222595782985721,1.0,0.3636388782312155,1,4.440998659040798,2.243445360339067,4.976017808978341,0.4682010803124835,0.008343300825942049,1.0000000428922875,0.00815753388093508,0
24.62,-0.0037536188043968887,0.0047316906451635825,-3.732670856432252e-12,0.15660128777195273,0.2983806370163141,0.33868169668565296,1.0918306865495122,0.000625297988519426,1.0000000113028151,20.88583027527148,1,0.7107079317930051,-0.1110549974752924,0.7184874807461494,-0.15210564524509665,-0.0050342824291657075,1.0,2.648109436097373,1,-0.8766625384663267,-0.5148951850008339,1.016025977899864,-2.612652903308627,0.001117695774993619,1.0000000041768824,0.9632314657623409,1,1.2182402031101585,0.6819442413527503,1.3967433227790416,0.5118679571542513,0.0021801534433126086,1.0,0.3642168859258422,1,4.415858179310531,2.2952337605341615,4.977288677519418,0.4797769955423385,0.008561506759040173,0.9999998101989503,0.008152511470206628,0
24.64,-0.0037536188043113487,0.00473169064515608,-3.733345230183538e-12,-0.04379191202157716,0.3751560078369502,0.3799901011581014,1.687729415712003,0.0006223074178790228,0.9999999187500104,20.976552870363758,1,0.7178923649836622,0.03727187061396907,0.7184393416880012,0.0550234324482293,-0.005099176504841942,1.0,2.653597725593126,1,-0.8068038907269329,-0.6170681966288099,1.0148001679221834,-2.490743542262101,0.001220641796159815,0.9999998199398232,0.9623162791536749,1,1.1647192945836649,0.7785789596126174,1.4017808925182835,0.5907916717019152,0.0021317001937452363,1.0,0.3643097463154309,1,4.390152237841429,2.346727936334108,4.978588089866635,0.4913469412738959,0.00877269404480029,1.0000001512545755,0.008147346656882475,0
24.66,-0.0037536188041732725,0.004731690645148369,-3.7327849145007974e-12,-0.23476122865849772,0.3448317153729237,0.4193694882424387,2.1665630540322725,0.0006218158461744293,0.9999999386473367,20.371173862475242,1,0.6946401795792009,0.18392300123335908,0.7186199263473725,0.26211439192779584,-0.005178447274666961,1.0,2.658377953402647,1,-0.7247609531404404,-0.7099608508038814,1.0133601218896633,-2.3685131551463816,0.0013305015303466687,1.0000001593088486,0.9619322717097124,1,1.1045284250428613,0.8707413483750841,1.4074498974148533,0.6691145627307286,0.002077648889957957,1.0,0.3639212973511609,1,4.363884569798076,2.3979215221934274,4.979915861401982,0.5029107875574085,0.008978970703744324,1.0000000350841274,0.008142040529104139,0
24.68,-0.0037536188041640654,0.004731690645140282,-3.7315007854477056e-12,-0.3771403440519873,0.23991878361206959,0.4487411116657273,2.5713264671841816,0.000623473031388814,1.0000000594168081,19.44100995729528,1,0.6419607711864971,0.32268075906181604,0.7190215139143052,0.4690371908226509,-0.005284373599266745,1.0,2.6622433678953072,1,-0.6317251977718874,-0.7921263796682673,1.0117267243467745,-2.2459110940570555,0.0014496015595439398,1.000000035415759,0.9620874076814389,1,1.0380884907075998,0.9579632023569925,1.4137106274465625,0.7467759967563288,0.002018582834865872,1.0,0.3630606639299936,1,4.337058986175524,2.4488082063813774,4.981271802251054,0.5144684065971604,0.009181452357383811,0.9999998128585678,0.008136594192721494,0
24.700000000000003,-0.0037536188042282363,0.004731690645132932,-3.730521534045517e-12,-0.4543145426565337,0.09227692213526976,0.46467566950766515,2.936439979259433,0.000625379746845708,1.0000002107842942,18.41991450728284,1,0.5621332973440027,0.4476836218849042,0.719626796706079,0.6756694521049089,-0.005435050189689075,1.0,2.665028026234632,1,-0.5290602221641978,-0.8622622456269416,1.0099238783922304,-2.1228914824096656,0.0015778226924227955,0.9999998085354798,0.9627826760221682,1,0.9658531738585758,1.0398222967822803,1.4205202410609983,0.8237222762789702,0.0019550905661607472,1.0,0.36174189589601735,1,4.309679372886448,2.4993817319636102,4.982655717630931,0.5260196719675341,0.00938007510323235,1.0000001563422287,0.008131008774521092,0
24.720000000000002,-0.0037536188042287654,0.004731690645128001,-3.729988973938392e-12,-0.46030641868479455,-0.07042530331366847,0.4659374266962225,-2.9951445749354133,0.0006263198277397633,1.0000003046710924,17.45044318176802,1,0.4585963821578477,0.5536865085670764,0.7204097079880861,0.881902034283572,-0.005641406820929389,1.0,2.666614605614381,1,-0.4182862892007636,-0.9192309980091516,1.0079782345014383,-1.9994139448562283,0.0017132307136079876,1.000000138424547,0.9640118935833092,1,0.8883030554687444,1.1159442771374353,1.4278333290460283,0.899906848199807,0.0018878109366828096,1.0,0.3599835102352338,1,4.28174968983323,2.5496358977624256,4.984067409446816,0.5375644584612925,0.009574408735891424,1.0000000272203797,0.008125285430957276,0
24.740000000000002,-0.0037536188041049443,0.004731690645126572,-3.7288908939780985e-12,-0.3947302803769437,-0.22239790264858314,0.4524436687591074,-2.6340117132812306,0.0006263380245849009,1.000000286445738,16.63742681385528,1,0.33578421306051337,0.6362876463171551,0.7213366668842313,1.0876438477422803,-0.005897627564837247,1.0,2.6669395390723287,1,-0.3010622053096363,-0.9620799772801476,1.0059188735477234,-1.8754443141061516,0.00185295169628595,1.0000000657820067,0.9657615420931925,1,0.80593977371309,1.186003703975978,1.435602474731912,0.9752903710700793,0.0018173269063643954,1.0,0.357807975936905,1,4.25327396996376,2.599564559295877,4.98550667721221,0.5491026422014638,0.009764155984747036,0.9999998158146958,0.008119425357619484,0
24.76,-0.0037536188038963664,0.004731690645128259,-3.726090182926134e-12,-0.26244507296143466,-0.3365111162511287,0.4251927044282785,-2.238112620465868,0.0006263487308725489,1.0000001667133198,16.089676916366493,1,0.19891954671098014,0.692111076496932,0.7223681605534432,1.2928256664103936,-0.0061797985496572306,1.0,2.6659952240392992,1,-0.17916447637966765,-0.9900594940482592,1.0037769427381975,-1.7509553008762573,0.0019936279669235256,0.9999998018487429,0.9680106516721455,1,0.7192803547459439,1.2497243120317365,1.4437787960917168,1.049840653956868,0.0017441761315035056,1.0,0.355241167206766,1,4.224256318310328,2.649161629696595,4.9869733182799685,0.5606341008419994,0.009949482447894219,1.0000001611821707,0.008113429795164594,0
24.78,-0.00375361880376221,0.004731690645131442,-3.721571228271214e-12,-0.0776749436942007,-0.3816661247477299,0.3871129804248219,-1.7747355871810249,0.000627640930798327,1.0000000151445203,15.961622043685573,1,0.05377615914717099,0.7189374047218652,0.7234605637706174,1.4974027735788693,-0.006452305372726491,1.0,2.6638292954401357,1,-0.05446373816810993,-1.002639051322639,1.0015852443351325,-1.6259271107367377,0.0021318967760169164,1.0000001141295227,0.9707307426418558,1,0.6288518209829393,1.3068785619641035,1.452312458233427,1.1235324844882573,0.0016691596672607084,1.0,0.35231177953774373,1,4.1947009110128395,2.69842108061176,4.9884671273390815,0.572158713816442,0.010131395206433844,1.0000000193135037,0.008107300030084688,0
24.8,-0.0037536188038514535,0.004731690645134863,-3.716823723798335e-12,0.12533662730569747,-0.3246217945495034,0.345259661693453,-1.2016342811651373,0.0006304374160492754,0.9999999199351841,16.485782550734665,1,-0.09357593597879456,0.7157791234915378,0.724568087574888,1.701356377425005,-0.0066770947351171206,1.0,2.6605411860491004,1,0.0711014639431358,-0.9995211287510407,0.9993777793153369,-1.5003479897502319,0.0022661792486862453,1.000000094527414,0.9738858449207654,1,0.5351861608731,1.3572865764738966,1.461153148996724,1.1963473654321368,0.0015937463500092287,1.0,0.3490507078064627,1,4.164611994328334,2.747336943085075,4.989987894582235,0.5836763625725474,0.010312098771978348,0.9999998190626506,0.008101037391311933,0
24.82,-0.003753618804008799,0.004731690645138988,-3.713437977254097e-12,0.27793287860378957,-0.1498061648909895,0.3137845223433574,-0.488059213477984,0.000632089908097427,0.9999999364863426,17.854115988431854,1,-0.23702952343774186,0.6829003382249675,0.7256447513042913,1.9046938206574984,-0.00682377598856837,1.0,2.656276381689891,1,0.1955533729430259,-0.9806520111341902,0.9971892497624526,-1.3742146796295294,0.0023976796511279166,0.9999998000443713,0.9774326604628131,1,0.43881572287823556,1.4008145588314342,1.470250512201158,1.2682731777170542,0.0015198505916472465,1.0,0.3454904179363073,1,4.133993883628035,2.795903308420699,4.991535401689873,0.5951869303869257,0.010493849929469445,1.0000001657667328,0.008094643244555685,0
24.84,-0.0037536188040283216,0.004731690645144199,-3.710895306319184e-12,0.29583262482756373,0.09271499392353524,0.3100689267329959,0.31284760230258013,0.0006322698819654442,1.0000000551670993,19.664939949853558,1,-0.3706917401611967,0.6217836773849266,0.7266462833597647,2.107447674428742,-0.0068898588551507016,1.0,2.6512188930385356,1,0.3169059100779512,-0.9462291271170344,0.9950545244384629,-1.247532755510354,0.0025212787440489826,1.0000000870223953,0.9813208673377115,1,0.3402690748750093,1.4373727924064454,1.4795545351937038,1.3393037837984707,0.0014476492692178842,1.0,0.34166434953864816,1,4.102850962383589,2.8441143290294186,4.993109419559545,0.6066903008169593,0.010673564590941344,1.0000000113760272,0.008088118983774107,0
24.86,-0.003753618804270736,0.004731690645148182,-3.7092208644839975e-12,0.16681420962099355,0.2901309333996494,0.3366471464933222,1.0552521616995276,0.000631904144976036,1.0000002069187193,20.852251621710213,1,-0.4891182274895085,0.53504937351093,0.7275318792979565,2.3096738471473537,-0.006909495681373471,1.0,2.6455825030499507,1,0.43319734464764614,-0.8967043797356147,0.9930080697262875,-1.1203168144772195,0.0026198547097490837,1.0000001209437053,0.9854935209338856,1,0.24006734999558813,1.4669133168324602,1.4890158994471991,1.4094385865947918,0.001374897674226713,1.0,0.3376063686067169,1,4.071187681145018,2.8919642192574466,4.994709719683601,0.6181863562167094,0.010843317405707374,0.9999998225972861,0.008081466019502997,0
24.880000000000003,-0.0037536188048265745,0.004731690645150166,-3.711451718874104e-12,-0.03226975765854441,0.3734218257718652,0.3776846362743505,1.658667268269813,0.0006315377884824418,1.000000303438977,20.993311347110797,1,-0.5875220279911691,0.4263329196851257,0.728265769114634,2.51144888193749,-0.006912669949776452,1.0,2.639601315267355,1,0.5425241959900863,-0.832782995253847,0.9910833479149213,-0.9925905077525681,0.0026843736289352896,0.9999998031668236,0.9898876391605641,1,0.13872108260738328,1.4894273710123134,1.498586295814095,1.478682072659417,0.0013015878599885874,1.0,0.3333502750239664,1,4.039008556511489,2.939447256195428,4.996336085645787,0.6296749802411166,0.011002542596344402,1.0000001700886514,0.00807468577580645,0
24.900000000000002,-0.003753618805326653,0.004731690645152523,-3.718976081951153e-12,-0.22503668050853295,0.34814940140168754,0.41743401046324263,2.1427384838620367,0.000634447053373375,1.000000288564034,20.415083829273506,1,-0.6619514024327833,0.3001284114438044,0.7288185408974042,2.7128666223242845,-0.006912228776778384,1.0,2.633520066301877,1,0.643075689363384,-0.7554174939869848,0.9893122106387437,-0.8643864077403516,0.002717999485484063,1.0000000577710726,0.9944349944511691,1,0.036727524211295964,1.5049426852998187,1.5082186814048941,1.547043351975531,0.0012299296482491083,1.0,0.3289293713472009,1,4.006318170092342,2.986557780465284,4.997988303799859,0.6411560602611396,0.011155990973873816,1.0000000034205265,0.008067779695186785,0
24.92,-0.003753618805586315,0.004731690645157019,-3.73011040458171e-12,-0.3706231196182994,0.24644242677590994,0.4474670020788208,2.5505587048981226,0.0006420480235023661,1.000000170949419,19.495508156040056,1,-0.7094325313272243,0.1616048343451692,0.7291681876003474,2.9140343870565886,-0.006916697160290376,1.0,2.627584591125501,1,0.7331679696040496,-0.6657965045826595,0.9877243050402092,-0.7357456776943618,0.0027261837945679124,1.0000001443799948,0.9990630974005931,1,-0.06543158214271251,1.5135206952612033,1.517867484656981,1.6145356921896987,0.0011618368799199122,1.0,0.3243760982814243,1,3.973121167457681,3.0332901969868047,4.999666154088005,0.6526294867057253,0.011307387018941286,0.9999998264130022,0.008060749236999917,0
24.94,-0.0037536188056423534,0.004731690645163292,-3.7425813316505074e-12,-0.4515625234272707,0.10038784469136214,0.4641788809489137,2.9171101288465344,0.0006527353561132619,1.0000000190334937,18.475168882375968,1,-0.7280745017834043,0.01640234935313261,0.7293008679916463,3.1150687940995967,-0.006930676895306251,1.0,2.6220327056467228,1,0.8112771811462813,-0.5653282966675551,0.9863464974571866,-0.6067175331202076,0.002714004131045235,0.9999998111391641,1.003696365438507,1,-0.16729179895018767,1.5152537394919117,1.5274887735056084,1.6811760603886474,0.0010985587221302106,1.0,0.31972172935529064,1,3.939422257080493,3.0796389757247584,5.001369409051956,0.6640951521148906,0.011458971283511176,1.0000001741410787,0.008053595873498385,0
24.96,-0.0037536188056373912,0.004731690645169821,-3.755234838365151e-12,-0.4614793211211161,-0.06215790653407166,0.46625198800844986,-3.014333466870227,0.0006644352474695297,0.9999999212140903,17.500067543306823,1,-0.7171350412105361,-0.1295847394328505,0.7292113759072176,-2.9670939404596828,-0.006951190010809973,1.0,2.6170856001997205,1,0.8760704619432116,-0.4556190895007813,0.9852023300491796,-0.47735849854769713,0.002686982827019042,1.0000000270962954,1.0082574636708606,1,-0.26840739830869614,1.5102622940585078,1.5370403888025241,1.7469846840325767,0.0010409355658968845,1.0,0.31499612300756574,1,3.9052262092713215,3.1255986524157695,5.0030978349201165,0.675552950774927,0.011612307793798095,0.9999999954596066,0.008046321088354942,0
24.98,-0.00375361880567585,0.004731690645175529,-3.768026255596135e-12,-0.3997291175966412,-0.21538429883641214,0.4535502676053641,-2.6543263262234884,0.0006770120183856489,0.9999999344110034,16.67594792780836,1,-0.6770461940400471,-0.2704320047557351,0.7289033172609943,-2.7659612764564256,-0.0069649816884388704,1.0,2.6129399044809247,1,0.9264338819414009,-0.33844639828020073,0.9843115286979042,-0.3477314679548133,0.002651309156904607,1.0000001642588219,1.0126687919588915,1,-0.36835241166411875,1.498692285815881,1.5464820445685816,1.8119846366827472,0.0009895738505956925,1.0,0.31022753264978686,1,3.870537855105601,3.1711638292744753,5.004851192403349,0.6870027786390135,0.011768756677993816,0.9999998305037529,0.008038926376739284,0
25.0,-0.003753618805682624,0.004731690645180597,-3.781084386561551e-12,-0.27082627635514817,-0.33231536108803217,0.42700056120573504,-2.261078961290797,0.0006900939673453907,1.0000000509451266,16.1103591481835,1,-0.6093996411390847,-0.400409789136925,0.7283889875529278,-2.564600714313157,-0.006950673725825633,1.0,2.609761126089494,1,0.9614963910660185,-0.21572789291010508,0.9836895789344072,-0.2179045849318501,0.0026132936901007244,0.9999998237649577,1.0168540797002288,1,-0.46672136564076416,1.4807125173392546,1.5557753983914129,1.876201452074764,0.0009449670865070709,1.0,0.3054424704346291,1,3.8353620853432555,3.216329175678566,5.0066292370267185,0.6984445333566399,0.011929764772298292,1.0000001779175938,0.008031413245711074,0
