t,energy,barycenter_x,barycenter_y,mercury_x,mercury_y,mercury_r,mercury_angle,mercury_peri_angle,mercury_Keff,mercury_deltaC,mercury_state,venus_x,venus_y,venus_r,venus_angle,venus_peri_angle,venus_Keff,venus_deltaC,venus_state,earth_x,earth_y,earth_r,earth_angle,earth_peri_angle,earth_Keff,earth_deltaC,earth_state,mars_x,mars_y,mars_r,mars_angle,mars_peri_angle,mars_Keff,mars_deltaC,mars_state,jupiter_x,jupiter_y,jupiter_r,jupiter_angle,jupiter_peri_angle,jupiter_Keff,jupiter_deltaC,jupiter_state
0.0,-0.0037536188042332852,0.004731690644025039,0.0,0.30749903826,0.0,0.30749903826,0.0,0.0,1.000000312000968,0.0,0,0.718433595696,0.0,0.718433595696,0.0,0.0,1.0,0.0,0,0.98329,0.0,0.98329,0.0,0.0,1.0000000907192488,0.0,0,1.3813658577210002,0.0,1.3813658577210002,0.0,0.0,1.0,0.0,0,4.9502843052,0.0,4.9502843052,0.0,0.0,0.999999852521419,0.0,0
0.02,-0.003753618804929368,0.004731690644018917,-2.0877735846559775e-15,0.22962659235812813,0.2278896953956264,0.3235544220680855,0.78172564018274,-4.757640915862351e-06,1.0000008068860025,3.6871579239956453,1,0.7031924149354243,0.14770495847249843,0.7185487819097192,0.20711571813365193,-0.0006756377846406647,1.0000000457373974,0.3049159826711481,1,0.9751357887865875,0.12742802249123977,0.9834333989003152,0.12999747629429056,0.00014586551350552035,0.9999998178413476,0.11894203400199874,0,1.3772310786620083,0.11168927632066811,1.3817566384154163,0.08096035337013253,-3.3780156351863262e-06,1.0000000064344314,0.042896209685994,0,4.949962103481567,0.0578597290868349,4.950300522818058,0.011699716445515004,0.00027158081831701175,1.000000191654657,0.0009321738468518312,0
0.04,-0.0037536188069211577,0.004731690643995763,-1.8453459788882187e-14,0.04694773875670986,0.35804224716822625,0.3612180342176173,1.4404612150114606,-8.637024228644057e-06,1.000001031212213,6.120711113056546,1,0.658129580296665,0.2891441807445482,0.7188892278066579,0.41409933089464285,-0.001375859520511931,1.0000000862583371,0.57505558102409,1,0.9508154472000043,0.2527428391625978,0.9838611312814893,0.25991938958111965,0.0002613465895573441,1.0000001245198822,0.22432715805582182,1,1.364858475038704,0.22271027688902897,1.3829259916453052,0.16182927256081384,-1.079527898865477e-05,1.0000000121301953,0.08086796826809445,0,4.948995546683758,0.11571191925618889,4.950349182922919,0.023399272224481533,0.0005363955899940794,0.9999999518435192,0.0017589192039865018,0
0.060000000000000005,-0.0037536188089338255,0.004731690643962037,-5.756980721131899e-14,-0.15498075854873333,0.3716762023859074,0.4028501142685868,1.9656998782395485,-9.039934249485392e-06,1.000001090469392,7.458089017986123,1,0.5851949457722689,0.4183348127426554,0.7194398959310963,0.6208250524086724,-0.002083213955042493,1.000000122111033,0.814073553028436,1,0.910752630212532,0.37387168669335935,0.9845658228205166,0.3896916471826268,0.0003336679221510248,1.000000165131767,0.31758600193445596,1,1.3443427046256726,0.3324020866684829,1.3848649890337712,0.24251648584711966,-2.393765742449591e-05,1.000000017160043,0.11440028569605214,0,4.947384779867316,0.17354903300998686,4.950430296488057,0.03509850935308142,0.000793660966552916,0.9999998583883382,0.0024921394100259277,0
0.08,-0.0037536188103734387,0.004731690643924951,-1.1911649509636912e-13,-0.32194625075462047,0.2956731083409368,0.43727367243907084,2.3983404514516926,-7.021553527742686e-06,1.0000011318422404,8.132193810104658,1,0.48753291219688,0.5298440002808806,0.7201766664187014,0.8271792215220031,-0.002759467429466959,1.0000001537859742,1.0252398285223474,1,0.855642837572792,0.4888215519013845,0.9855352963268377,0.5192430873826195,0.00036166630567394125,0.9999998624496188,0.39999284672693725,1,1.3158397434268256,0.44011832393740596,1.3875588964382004,0.32293400612234274,-4.342985474029425e-05,1.0000000215888347,0.14392556501813106,0,4.945130044747529,0.23136353569188392,4.950543867556999,0.046797271596115145,0.0010441497988088466,1.0000001941282795,0.003142391814119725,0
0.1,-0.0037536188112536582,0.004731690643888606,-2.0116119056959314e-13,-0.4292554034796051,0.1633610804557943,0.4593979140056495,2.7773873834880205,-5.0889354100777754e-06,1.00000123727738,8.457579153306215,1,0.3693318591128673,0.6190259128700226,0.7210675819343288,1.0330652854174414,-0.0033660438968444156,1.0000001817239836,1.2114932241100786,1,0.786437989826025,0.5957162396468276,0.9867528167603701,0.6485068797556122,0.0003499961909171569,1.0000001327737933,0.47268446660302277,1,1.2795642797648243,0.5452339432673198,1.3909874120652976,0.4029971902005097,-6.959099785714433e-05,1.0000000254745682,0.16983045458134416,1,4.942231679620801,0.28914789691158693,4.950689893297518,0.05849540334473113,0.001287925759734982,0.999999944453308,0.003719039984934404,0
0.12000000000000001,-0.003753618811611845,0.004731690643856631,-3.0236853602524927e-13,-0.4671836365766905,0.004119052361750183,0.4672181345045705,3.132059008923409,-4.495530534704705e-06,1.0000014030115107,8.628827616571101,1,0.23562740660119694,0.6822169519241885,0.7220743903839938,1.2384077933237352,-0.0038724864837552282,1.0000002063230813,1.375487208764196,1,0.7043256782146847,0.6928302084292909,0.9881974597358749,0.7774217960253287,0.0003064706198425092,1.0000002218750332,0.5366769873986099,1,1.2357862049417694,0.6471515045575875,1.3951249960244803,0.48262570702519614,-0.00010243018363150041,1.0000000288692708,0.19246180547541006,1,4.93869011926623,0.3468945919699842,4.95086836595932,0.07019274941133952,0.001524617705908791,0.9999998643671385,0.004230388704974155,0
0.14,-0.0037536188113458623,0.004731690643833288,-4.2083394061198653e-13,-0.4331402981596215,-0.15582013411195425,0.46020035212354865,-2.7970745241829658,-4.9785345113476174e-06,1.0000015674870315,8.778831089371536,1,0.09207164814054182,0.716880790024257,0.7231543102678513,1.4431552696514587,-0.004261102980346048,1.0000002279442404,1.5196282685852343,1,0.6107038354587189,0.7786183544751409,0.9898445724244168,0.9059333051588904,0.0002404703901798113,0.9999998987010132,0.5928809267393248,1,1.184826324468539,0.7453067699611144,1.3999412772758422,0.5617443869831006,-0.0001415974775597125,1.0000000318197773,0.21213184908084887,1,4.934505894822725,0.4045961032841121,4.951079273680068,0.08188915516554769,0.001753863935280251,1.0000001961947476,0.004683803696666267,0
0.16,-0.003753618810281639,0.004731690643822739,-5.526994335293411e-13,-0.3294317916236195,-0.29031227050595504,0.4388201200209673,-2.4200301888054465,-5.590278120341846e-06,1.0000016656748656,9.024817999308752,1,-0.05531840369855391,0.7216985907859825,0.7242619337166534,1.6472818928616735,-0.004529088266343877,1.0000002469160985,1.646107323110931,1,0.5071517041429648,0.8517411258838722,0.9916663007910551,1.0339944697683656,0.00016230097074204617,1.000000127664116,0.6421143713337822,1,1.1270514347709022,0.839173522598682,1.4054015229985073,0.640283932667688,-0.00018637055999984133,1.0000000343684012,0.22912267518992457,1,4.92967963364312,0.4622449218107141,4.9513226003650415,0.09358446672362705,0.001975608977076753,0.9999999370629886,0.005085817808338952,0
0.18000000000000002,-0.003753618808262682,0.004731690643827349,-6.916296962228285e-13,-0.16525581710054368,-0.37020978680754196,0.40497367682023366,-1.99120919973581,-5.713743656750162e-06,1.0000016832394676,9.50897610315046,1,-0.20041998810691639,0.6966033521638254,0.7253511747239755,1.8507879829105132,-0.004687091759149318,1.0000002635387366,1.7569249109881506,1,0.3953980549781872,0.9110845608009613,0.9936321625359062,1.1615666336697643,8.24675661332695e-05,1.0000002645368768,0.685114375963204,1,1.0628689234959696,0.9282675358734807,1.4114671540737902,0.7181814797436376,-0.00023562486837012812,1.0000000365535113,0.24369007520024186,1,4.9242120591255825,0.5198335484670558,4.951598324886378,0.10527853112656493,0.002190370834782024,0.9999998704828819,0.005442225193053949,0
0.2,-0.003753618805240646,0.00473169064384512,-8.292169034751495e-13,0.035835278794645764,-0.36230553080512923,0.36351666665100846,-1.472154906931758,-5.447928790161054e-06,1.0000016835947592,10.44047716323895,1,-0.3372592459429656,0.6427604339678641,0.7263771746027287,2.053699369522559,-0.0047539158485174465,1.000000278086655,1.853911033341617,1,0.2772876262257996,0.9557750556222009,0.9957096476852916,1.2886198992086884,1.1559493421032877e-05,0.9999999301562862,0.7225467535296336,1,0.9927210564017658,1.0121496574405688,1.4180962899216965,0.7953810039218323,-0.00028775009007659535,1.0000000384100218,0.25606681269068227,1,4.918103990521727,0.5773544955478273,4.9519064193852005,0.11697119645433036,0.0023996096139059456,1.000000197881417,0.005758164839161552,0
0.22,-0.0037536188016639516,0.004731690643865894,-9.573346889529821e-13,0.22160871664993245,-0.23867599555577565,0.32521770973872854,-0.821279435618448,-4.1149881513196206e-06,1.0000017866921842,12.07834780225729,1,-0.46025090546064384,0.5624987436731,0.7272980884290856,2.2560657640652764,-0.004749326557241891,1.0000002908110872,1.938740581557599,1,0.15474672377350485,0.9851888678515691,0.9978648295089959,1.4151334004244274,-3.95265445868022e-05,1.0000001133025884,0.7550144472483197,1,0.9170791105829862,1.0904280053898876,1.4252443058997493,0.8718335761415636,-0.0003406988264640472,1.000000039969808,0.2664653854035057,1,4.9113563427213665,0.6348002881374339,4.952246846270644,0.12866231162102862,0.0026058602559458424,0.9999999297114367,0.006038194656469744,0
0.24000000000000002,-0.0037536187995698004,0.00473169064386823,-1.0774343656844154e-12,0.30730413967380205,-0.01419873422511043,0.30755164178934197,-0.04401777026060114,8.259836986973834e-07,1.000002069141971,14.380208024630761,1,-0.5644145873041324,0.459198680972395,0.7280766894717312,2.457958286257214,-0.004694887145968061,1.000000301941785,2.0129452321496717,1,0.02974884793064274,0.998956532428045,1.0000629688170593,1.5410953825424512,-6.47644677435407e-05,1.0000002956397187,0.7830646719923419,1,0.8364375034967485,1.1627593042564706,1.4328643880064516,0.9474974716285247,-0.0003931776402693497,1.0000000412620516,0.27508034333731357,1,4.903970126014052,0.6921634655173806,4.952619556245006,0.14035172520425232,0.0028103355999794695,0.9999998767499726,0.006286357183550295,0
0.26,-0.003753618801843225,0.004731690643833133,-1.2160171957917298e-12,0.23743275107879908,0.21679065722328708,0.321958465576095,0.741758517461092,6.866376118915305e-06,1.0000024361381956,16.470288382447393,1,-0.6455613732992167,0.33714382715557223,0.728681743176911,2.6594663000075425,-0.004627779176460439,1.0000003116883902,2.0779226012793166,1,-0.09571889152459565,0.9969625122370933,1.0022691015612915,1.6665030991051741,-7.343336313309747e-05,0.9999999592503303,0.8071949991341453,1,0.7513080513943605,1.2288494138493664,1.4409080791467097,1.0223381424577487,-0.0004464915137835155,1.0000000423135338,0.2820902250593076,1,4.895946445828035,0.7494365825679037,4.953024496757942,0.15203928397689034,0.003008554807854716,1.0000001992069851,0.006506237863315862,0
0.28,-0.00375361880733555,0.004731690643774628,-1.4095992168644544e-12,0.05811875522149224,0.3534291508725028,0.3589287638146629,1.408348054867036,9.199042894392212e-06,1.0000027306904242,17.509464111077975,1,-0.7004461522033532,0.2013436491109754,0.729089127607914,2.8606937092062092,-0.004581957522166671,1.0000003202414995,2.1349433302309584,1,-0.21968793501190997,0.9793405089139349,1.0044486108336799,1.7913625539266707,-7.766247457892714e-05,1.0000000929314217,0.8278585387093714,1,0.6622144711572805,1.2884531239045751,1.4493258140450729,1.0963280787961796,-0.0005015684445737299,1.0000000431488754,0.28765916901388255,1,4.8872865024462016,0.8066122111615813,4.9534616246897265,0.16372483486536318,0.0031964607973662944,0.9999999224292535,0.006701016737598336,0
0.3,-0.0037536188127402764,0.004731690643729021,-1.6683012393423069e-12,-0.14449168940507276,0.3728856901251944,0.4007019799679255,1.939909250280119,9.397490952566519e-06,1.0000028868074962,17.595751621926084,1,-0.7268827949699128,0.057334358991343225,0.7292826845940188,3.0617548781243826,-0.0045606468986081755,1.0000003277734957,2.1851566383617778,1,-0.34023850396440836,0.946464928874728,1.0065677647889166,1.9156881267515933,-7.698167753060879e-05,1.000000317020286,0.8454683460077929,1,0.569687217860733,1.3413733014082927,1.4580674133855058,1.1694465814600135,-0.0005566006139217633,1.000000043790739,0.29193826016934865,1,4.877991590695301,0.8636829415487782,4.953930898227959,0.17540822787266463,0.003376323291586741,0.9999998831752909,0.006873514301087967,0
0.32,-0.0037536188165721053,0.004731690643724229,-1.9782299713264062e-12,-0.3141802018658449,0.30087980192839264,0.4356878498898049,2.3764913276739827,8.728489078222555e-06,1.0000028834434949,17.144251414264662,1,-0.7238203746692521,-0.08903527067775314,0.729254775068921,-3.0204149996684544,-0.004550974997390013,1.0000003344392165,2.2295947769918083,1,-0.4555275314293043,0.8989390335166498,1.008594202517209,2.0395020909884716,-6.774651116671997e-05,0.9999999876154624,0.8604011789862208,1,0.474258727376234,1.3874594852403195,1.4670825263196305,1.2416794482400169,-0.0006094164157412113,1.0000000442599997,0.29506666497388395,1,4.868063099609258,0.9206413837369023,4.954432264987872,0.18708931539767462,0.003551816126742429,1.0000002001842605,0.007026232161441647,0
0.34,-0.003753618818701397,0.004731690643773488,-2.318520484108355e-12,-0.425065459554981,0.17083580894665282,0.45855063849346245,2.757630939797136,7.723503656742582e-06,1.0000027290293783,16.460841989286752,1,-0.6913794619583266,-0.2318267108082734,0.7290065331401244,-2.8193231414510365,-0.004537248010605849,1.00000034037651,2.2691767339389894,1,-0.5638140436943876,0.8375803036854085,1.0104973742072603,2.1628340362201093,-4.974368784843952e-05,1.000000069174898,0.873000768654824,1,0.37645911126070364,1.426606026709923,1.4763210334931596,1.3130185927195488,-0.0006584809662415543,1.0000000445758879,0.29717258639260086,1,4.857502512069521,0.9774801688625545,4.954965660948001,0.1987679508852643,0.0037255702812909845,0.9999999152412001,0.007161389100520383,0
0.36000000000000004,-0.003753618819402659,0.004731690643880043,-2.6692469849015632e-12,-0.4668732527159298,0.01236881800870026,0.4671722761484027,3.112995180268281,6.361801853871451e-06,1.000002481489112,15.7303398888724,1,-0.6308480864482534,-0.3652369408213004,0.7285478219672584,-2.618035526297636,-0.004505222031577956,1.0000003457067197,2.3047114639585766,1,-0.6634818547922225,0.7634035246196511,1.0122489346414172,2.2857202237498533,-2.500784313147882e-05,1.0000003300707012,0.8835806638600505,1,0.27681233156583285,1.4587498735845732,1.485733408566434,1.3834616191816045,-0.0007027269768503618,1.000000044756112,0.2983740791803924,1,4.846311404422104,1.0341919505549668,4.955531012473686,0.21044398834472477,0.003899454215262765,0.9999998897603846,0.007280953061207991,0
0.38,-0.0037536188189524738,0.004731690644041331,-3.013332422127646e-12,-0.4367225753109789,-0.14818983171959466,0.4609589482811864,-2.8166869025155292,4.0924313615966175e-06,1.0000022393850567,15.07462786279739,1,-0.5446373861532772,-0.483820094773492,0.7278968920450704,-2.416440107357311,-0.004445491031696849,1.0000003505351314,2.336900875620234,1,-0.7530595283619606,0.6776020593299057,1.013823089023591,2.4082028975203134,4.442218549883575e-06,1.000000016288631,0.8924266733944372,1,0.17583286521412603,1.4838680900441725,1.4952710339382713,1.4530113700560714,-0.000741354916319522,1.000000044816964,0.2987797598517527,1,4.834491446070081,1.0907694062901336,4.956128237637947,0.22211728227868263,0.004074996175848896,1.000000200822097,0.007386669518575042,0
0.4,-0.0037536188174920127,0.004731690644251683,-3.336085747929207e-12,-0.3366415834389628,-0.2847748976207283,0.4403289689816704,-2.441559724401835,1.394094861976931e-06,1.0000021021804464,14.59916353074962,1,-0.4361974174156999,-0.5826992721199725,0.7270797452473033,-2.2144363847047743,-0.004357603662806367,1.0000003549514154,2.3663427685696776,1,-0.8312376308580895,0.5815277250202314,1.015196892378935,2.5303295643393193,3.724845589499287e-05,1.0000000441888923,0.8997990077937473,1,0.07402285232564931,1.5019751976890874,1.504886470336659,1.521675459560509,-0.0007737101990427673,1.0000000447734154,0.29848943539796313,1,4.8220443990417925,1.1472052387354836,4.95675724677438,0.23378768771826394,0.004253638190520004,0.9999999081678912,0.007480086643038975,0
0.42000000000000004,-0.0037536188149043482,0.004731690644503487,-3.623425127649571e-12,-0.17532299611383123,-0.36846553711996005,0.4070745995097196,-2.0164445766958248,1.8159231646373586e-06,1.0000021276285898,14.433385139270564,1,-0.3098942107453116,-0.6577619862380237,0.7261292151761092,-2.0119393774818097,-0.0042520524258437544,1.00000035903008,2.3935338671100475,1,-0.8968833507332519,0.4766696250217759,1.0163505033954559,2.6521522545445455,7.302554820385246e-05,1.0000003358901512,0.9059341823062976,1,-0.02813028925101778,1.5131204137442273,1.5145336820325617,1.589465805585799,-0.0007991557896521385,1.0000000446392006,0.29759467014837454,1,4.808972117534949,1.2034921770848268,4.957417942454238,0.24545506029050448,0.004436961492996004,0.9999998965030026,0.007562577618071235,0
0.44,-0.003753618810838871,0.00473169064478501,-3.859579539647329e-12,0.024776611691202533,-0.3661984360458994,0.3658253724375729,-1.5034452851046158,7.16146361168236e-06,1.0000023157912528,14.77288822379092,1,-0.170850056843791,-0.7058323342931415,0.7250837819554737,-1.8088831788331325,-0.004138616566817054,1.0000003628310081,2.418873387645298,1,-0.9490525903730462,0.3646322262149879,1.0172673946078719,2.773726772395011,0.00011337795741993441,1.0000000458479903,0.9110467126978722,1,-0.13015581019520253,1.5173848525741858,1.5241682202688551,1.6563981701202697,-0.0008168563026235083,1.000000044426896,0.29617930615502924,1,4.795276547436415,1.2596229783831485,4.958110218642559,0.2571192562778169,0.004627013918289639,1.000000201126741,0.007635360434254568,0
0.46,-0.0037536188055418505,0.004731690645072988,-4.027968496939094e-12,0.21337548365870715,-0.24912167368839766,0.32694682891617866,-0.860431038560772,1.3600222837497556e-05,1.0000026246755347,15.87009664408911,1,-0.024750260423880024,-0.7248126465708595,0.7239861326029783,-1.6052239563345974,-0.004018624139976123,1.0000003664001653,2.442667768490897,1,-0.9869996517497763,0.24711291196618596,1.0179345213227537,2.8951119435207575,0.00016230272319566657,1.0000000197496997,0.9153306311100895,1,-0.2316011703301674,1.5148787462542619,1.5337473672613517,1.7224917166383633,-0.0008255669317988664,1.0000000441479924,0.29431994872419204,1,4.780959725818292,1.3155904288411477,4.958833958424727,0.2687801324496351,0.004826377135695934,0.9999999012269702,0.007699515444674616,0
0.48000000000000004,-0.003753618802031498,0.004731690645324891,-4.126489080991114e-12,0.3067013982725783,-0.028361113351577306,0.30770895759496325,-0.08802988969150805,2.261812029470975e-05,1.0000029680021991,17.70960205651803,1,0.12237877895966277,-0.7137873248504014,0.7228814968639964,-1.40094221409601,-0.0039027947092905783,1.0000003697703965,2.4651359769261907,1,-1.0101846356893203,0.1258791862539814,1.0183424497069113,3.016368865292551,0.00022316089136338572,1.000000335382656,0.9189608444939128,1,-0.3320332113722617,1.5057387297529439,1.543230241542203,1.787768589731651,-0.0008245531479845463,1.000000043812964,0.2920864256095162,1,4.766023780410927,1.3713873451396923,4.959589031836849,0.2804375449805911,0.005035682721639259,0.9999999033981704,0.00775600093250385,0
0.5,-0.0037536188046183375,0.004731690645501541,-4.193829745285926e-12,0.24499538919245262,0.2054019479404362,0.32043187484429553,0.7013694622332607,3.251165735450464e-05,1.000003180234751,19.449292153348377,1,0.264413349476825,-0.6730819950403961,0.7218158279499286,-1.196044146414171,-0.0038257147286348218,1.0000003729623819,2.4864158784130415,1,-1.0182786612046841,0.0027456585294357,1.018485440069828,3.137560159098736,0.0002913480617472464,1.000000076508987,0.9220943539870032,1,-0.4310390017647561,1.4901252266474392,1.5525778695741623,1.8522535163396998,-0.000816285911865523,1.0000000434313339,0.28954222579149047,1,4.750470929054296,1.4270065757241628,4.960375303249665,0.2920913476872529,0.005249177417088077,1.0000002011027733,0.007805666913288317,0
0.52,-0.0037536188111665994,0.004731690645614134,-4.283635729115942e-12,0.06932159042983446,0.3484768003302273,0.3566504683154695,1.3757934349432455,3.584418543648159e-05,1.0000031567842391,20.202906774044582,1,0.3953891774468173,-0.6042721315794233,0.7208338840872941,-0.9905619589987934,-0.0038188082838269376,1.0000003759858533,2.506572356258175,1,-1.0111669879904646,-0.12044909735648857,1.018361492478007,-3.0244360938317456,0.00036024820506592135,0.9999999973082525,0.924871349708251,1,-0.5282263941072959,1.4682199625242764,1.561753243140532,1.9159734331054763,-0.000804343862910733,1.0000000430117382,0.28674492080141434,1,4.734303479129463,1.4824410020869958,4.96119264651402,0.30374139337739364,0.005461241022985484,0.999999894433926,0.007849267380477391,0
0.54,-0.0037536188170530027,0.0047316906457025186,-4.4111762853571435e-12,-0.133808672099009,0.3738464079747211,0.39852997885510516,1.9138147433189596,3.4879838602409597e-05,1.000002984864891,20.022385653366406,1,0.5097602709570477,-0.510137118634553,0.7199772876036871,-0.7845530684286477,-0.0038767235501030606,1.0000003788410652,2.525607101401412,1,-0.9889500950256749,-0.24186574172006217,1.0179723712583646,-2.9031858800112698,0.0004319530822842359,1.0000003293221964,0.9274161878913493,1,-0.6232243349666189,1.4402236255546674,1.5707213604203083,1.9789571558481358,-0.0007893141566529616,1.0000000425619855,0.28374656932429787,1,4.717523826967451,1.5376835400370379,4.9620409409368476,0.3153875371104425,0.0056727572501617885,0.9999999104389466,0.007887471172579052,0
0.56,-0.00375361882089505,0.004731690645791577,-4.564026023431977e-12,-0.3061509095678978,0.3059408762922164,0.4340628719860385,2.354462116577011,3.376157537643348e-05,1.000002810296211,19.317984596271145,1,0.6026474045030592,-0.39455830562776034,0.7192826641621456,-0.5780981101385971,-0.003975263263599209,1.0000003815204999,2.543469998745588,1,-0.9519427343642549,-0.3596873694141754,1.0173235946062735,-2.7818118401898695,0.0005117089710992132,1.0000001081972767,0.9298382554259461,1,-0.7156829650053347,1.40635368704643,1.5794492332314776,2.0412350844177114,-0.0007706669895887657,1.0000000420891162,0.2805941075766612,1,4.700134457235343,1.592727140957696,4.9629200594228084,0.32702963609129676,0.005885736503211198,1.0000002007537647,0.007920871602347697,0
0.5800000000000001,-0.003753618822995834,0.00473169064588916,-4.72752219315975e-12,-0.42058736044930456,0.1782525912252421,0.4576586189868841,2.7377857861315076,3.299124015693585e-05,1.0000027196488428,18.399528283336654,1,0.6700629532879337,-0.26236286898276096,0.7187799533430058,-0.37129775616271654,-0.0040893614648877235,1.0000003840107905,2.5600719366199844,1,-0.9006709435179391,-0.47214265664008676,1.0164243809279156,-2.6602527843487995,0.0006031679903854368,0.9999999780244957,0.9322327308462568,1,-0.8052735447819812,1.366842388824365,1.5879058738538023,2.102838933353936,-0.0007483587418507908,1.0000000415994594,0.27732972888724644,1,4.682137942303858,1.6475647930542001,4.963829866742549,0.338667548434596,0.006100732598983786,0.9999998878026546,0.00794999499181566,0
0.6,-0.003753618823748174,0.004731690645996222,-4.891568053388973e-12,-0.4662699184901943,0.02063698387136761,0.467080812068787,3.0939155570647743,3.1856321500122715e-05,1.0000027134609029,17.453398305497227,1,0.7090989710545245,-0.11911894869314443,0.7184909843386598,-0.16426844613231864,-0.0042010690108317626,1.0000003862948026,2.575298683887913,1,-0.8358669652378589,-0.5775288867583461,1.015287557639094,-2.53844974776468,0.0007079280108630071,1.0000003183965056,0.9346812498459758,1,-0.8916882388845694,1.3219348994408375,1.5960622717628368,2.163801491330109,-0.0007228244014324677,1.0000000410986876,0.2739912501560399,1,4.663536941597517,1.702189522587957,4.964770221780974,0.35030113271534363,0.006317316293007746,0.9999999176169548,0.007975308244289952,0
0.62,-0.003753618823274002,0.004731690646111969,-5.049123879413697e-12,-0.4400200747084246,-0.1404661770909493,0.4616741648937764,-2.8362452782466074,3.034846557518059e-05,1.0000027308862016,16.60048917024222,1,0.7180667886029352,0.029108798340540285,0.7184284076340297,0.04286277995239958,-0.0043051175176856025,1.0000003883537942,2.589025295304218,1,-0.758461993193045,-0.6742347635828005,1.0139294332781135,-2.4163467424736,0.0008263023036343072,1.000000140606804,0.9372524813793361,1,-0.9746397881685128,1.2718876377221306,1.603891361582004,2.2241564104167155,-0.0006947259042781045,1.0000000405918692,0.270612461579873,1,4.644334200926643,1.756594395096258,4.965740979332489,0.36193024799303886,0.0065346738806735085,1.0000002000827333,0.007997225562899146,0
0.64,-0.003753618821527635,0.0047316906462347135,-5.193772495415416e-12,-0.34359266331627725,-0.2790606861859993,0.4418003671582486,-2.4629533583712537,2.975886651401595e-05,1.0000027027264242,15.943372104874888,1,0.6965789979259,0.17603085336130714,0.7185950563656247,0.2499640811359464,-0.004410160248890437,1.000000390169554,2.601130360123379,1,-0.669576638478895,-0.7607628853168587,1.01236963098017,-2.2938915083897653,0.0009575164253135353,0.9999999627889566,0.9400026185480599,1,-1.0538610965860498,1.2169667593439704,1.6113679836429624,2.283938023490172,-0.0006647817784010567,1.0000000400835192,0.2672234605343672,1,4.624532551800966,1.8107725165961683,4.966741991053545,0.373554753989186,0.006751997158480569,0.9999998813458492,0.0080161144129648,0
0.66,-0.003753618818395852,0.004731690646360717,-5.318195970410722e-12,-0.18519552736872363,-0.3664469716182334,0.4091512850363269,-2.041434499197514,3.206128680214134e-05,1.000002606702542,15.606649192060807,1,0.645568290256094,0.31541697961846765,0.7189837857631868,0.4569049186411538,-0.004532903263214943,1.0000003917263995,2.6115093302139814,1,-0.5705089980310298,-0.8357517066976758,1.0106308813439333,-2.171036260479737,0.0011002008946254273,1.000000303234604,0.9429757957360972,1,-1.1291047559017746,1.157446799768966,1.6184688391087585,2.3431811876429833,-0.0006336238048598739,1.0000000395776456,0.26385097031439186,1,4.604134910723893,1.8647170347713524,4.96777310569963,0.3851745113260373,0.006968827620860311,0.9999999249227614,0.008032300814952636,0
0.68,-0.0037536188138681216,0.0047316906464812715,-5.414130732281364e-12,0.013767510008326822,-0.3697249371691037,0.36813894358520644,-1.5343580691354675,3.7332299566760627e-05,1.0000024976451372,15.779292145574656,1,0.5672418655148165,0.4413770266717798,0.7195778074205329,0.6635620992723549,-0.004686225561145298,1.0000003930129255,2.620086170101928,1,-0.46272020436360123,-0.8979967622355695,1.0087387722296821,-2.0477384271246333,0.0012541912464731555,1.0000001732465307,0.9462044763535266,1,-1.2001425286581118,1.0936094651971855,1.625172441633996,2.4019211516285397,-0.0006015861417169069,1.0000000390777966,0.26051864307247513,1,4.583144278465566,1.9184211401409565,4.968834168389967,0.3967893817880871,0.007185489664203492,1.000000199092462,0.008046074043624549,0
0.7000000000000001,-0.0037536188086055283,0.004731690646578055,-5.475245257180461e-12,0.20493201715535647,-0.2592190842948401,0.32873321548126205,-0.8991782467050552,4.388885839883405e-05,1.0000024917465506,16.71239771957255,1,0.4649745339121468,0.5486228655472868,0.7203514990936226,0.8698253957666447,-0.004867688126275318,1.0000003940234004,2.626822669219024,1,-0.347817347865821,-0.9464708631346498,1.0067214521867405,-1.9239613705867418,0.0014206897491872794,0.9999999522350713,0.9497098235390092,1,-1.2667648070139457,1.025742562085932,1.631459066941523,2.460193445830493,-0.0005684278469901511,1.000000038587102,0.2572473463078055,1,4.561563739313813,1.9718780672109057,4.96992501814853,0.4083992284164191,0.007403231165784871,0.9999998750752656,0.008057690798125674,0
0.7200000000000001,-0.0037536188052243466,0.004731690646619803,-5.508697447850763e-12,0.3056841086034414,-0.0424622709363984,0.3079649875789431,-0.13198823740330762,5.2732356799057086e-05,1.0000026760935148,18.420700501616135,1,0.3431476650585847,0.6326975870627483,0.7212716349702383,1.075602416896443,-0.005062427709530243,1.0000003947587408,2.6317249382848047,1,-0.2275336935078569,-0.9803429202047116,1.0046092882205824,-1.7996750736345841,0.001597358403923154,1.0000002844210594,0.9535020120169997,1,-1.3287800625430264,0.9541390551174629,1.637310698880221,2.5180337932946566,-0.0005337642208970605,1.000000038108315,0.25405543266066516,1,4.539396460302692,2.025081095608897,4.971045484507657,0.4200039147363405,0.007621713912032585,0.9999999323461436,0.008067378897662509,0
0.74,-0.003753618807386814,0.004731690646579724,-5.553848613643053e-12,0.25228763872266363,0.1937391817627955,0.31897458702149206,0.6606095714182654,6.318859012257749e-05,1.0000029723674482,20.10316499908801,1,0.20694435250972026,0.6901608691182697,0.7222989559214775,1.280822468789919,-0.005264948029972737,1.0000003952270278,2.6348468515808436,1,-0.10370616554960561,-0.9989949846737245,1.0024344770030544,-1.674856772122848,0.0017686325953168516,1.0000002054782577,0.957580533071257,1,-1.3860142997689016,0.8790962431258608,1.6427109683528902,2.575478036010961,-0.0004992930820967729,1.000000037643849,0.2509589932020308,1,4.51664569042019,2.0780235512048075,4.972195392248734,0.43160330293593985,0.007834289436132473,1.0000001977857205,0.008075340550424094,0
0.76,-0.003753618813805663,0.004731690646473695,-5.663914216108568e-12,0.08053006309857969,0.3431840399365596,0.3543857257343802,1.3428351460711936,6.867207395298787e-05,1.0000032161888381,20.83424311191297,1,0.06211325035012632,0.7187229016713962,0.7233899851629345,1.4854392562585264,-0.005467232153745559,1.0000003954435648,2.6362904314752615,1,0.021749856975856848,-1.0020370430142513,1.0002305990433475,-1.5494915227313844,0.0019161225719371456,0.999999946745791,0.9619345487101618,1,-1.4383105241548202,0.8009150423537741,1.6476450982285693,2.632562068558464,-0.0004680957351679469,1.0000000371958142,0.24797209439266227,1,4.493314759798879,2.130698807216595,4.973374576765331,0.4431972546455,0.008034827047061769,0.9999998690019035,0.008081755249835237,0
0.78,-0.0037536188202749983,0.004731690646347973,-5.859314335804333e-12,-0.1229492704876906,0.37455003718606333,0.3963379793335905,1.8874469536211718,6.52817225743985e-05,1.0000033305677154,20.621106428209895,1,-0.0852856035578306,0.7173229858761205,0.7244989749041828,1.689432375949236,-0.005634834820426095,1.0000003954304868,2.636203245994418,1,0.1468683023462612,-0.9893190597226823,0.9980321275321995,-1.4235727012437298,0.0020352907680195433,1.000000262500845,0.966543313304754,1,-1.4855282335268905,0.7198993664818163,1.6520998674910532,2.6893217894658075,-0.00044102958846535474,1.0000000367660498,0.24510699820544596,1,4.469407078889093,2.1831002852995076,4.974582882814525,0.45478563440341674,0.008224942611064634,0.9999999398762844,0.00808678234929771,0
0.8,-0.0037536188248903455,0.0047316906462398535,-6.1293786886296164e-12,-0.29786755289531397,0.3108472589834718,0.43240354107715756,2.332276185763693,5.6365192404502026e-05,1.0000032914680859,19.871239888012887,1,-0.229139945118579,0.6861524537778172,0.725579881469384,1.8928075946241403,-0.005743105959540504,1.000000395215999,2.6347733276622414,1,0.26966248593818204,-0.9609397389196301,0.9958739089146181,-1.2971023948264317,0.0021269510083017813,1.000000236549258,0.9713766809155282,1,-1.5275429404184007,0.636355593134429,1.6560635724019652,2.7457930737214826,-0.000417573732763184,1.0000000363561548,0.24237436541495078,1,4.444926137613732,2.235221456619401,4.9758201516249265,0.46636831011474117,0.008408046676701376,1.0000001961654164,0.008090563339607205,0
0.8200000000000001,-0.0037536188275191593,0.00473169064616933,-6.454146245227221e-12,-0.4158234607198643,0.18560503272640952,0.4567268048854094,2.7178666927387405,4.8486977603244406e-05,1.00000310370969,18.901435352105135,1,-0.36353758659484525,0.6266245288391343,0.7265882720338733,2.0955959853976,-0.005794901767201366,1.0000003948334104,2.632222735716915,1,0.3881571449287198,-0.9172514770995762,0.9937906092108851,-1.1700916568468984,0.0021909442075975535,0.99999994645939,0.976395722508468,1,-1.5642457314543927,0.5505921068773032,1.6595259815384964,2.8020117537190603,-0.0003972118781248168,1.0000000359675165,0.2397834428827675,1,4.419875504508425,2.287055842911333,4.977086216947627,0.4779451518809462,0.008586304885432253,0.9999998631361289,0.008093223862837007,0
0.8400000000000001,-0.003753618828495237,0.004731690646145034,-6.814090524470684e-12,-0.4653709515513413,0.02892147395973773,0.46694770013664477,3.0748262893795597,4.2981276802180834e-05,1.0000028205162315,17.902473161871892,1,-0.4830018365147091,0.5412960062687955,0.7274830836959724,2.2978520938831344,-0.005803074431031875,1.000000394319919,2.6287994597534197,1,0.5004219333479188,-0.8588610105884981,0.9918161305694925,-1.0425606087146737,0.002226840567423166,1.0000002379803332,0.981553479008734,1,-1.595542868702806,0.4629189090544464,1.6624782951591066,2.8580136061890644,-0.0003795795186847613,1.0000000356013354,0.23734223577726987,1,4.394258825848679,2.338597017521698,4.978380906020482,0.4895160314269496,0.008761103128283218,0.9999999475019119,0.00809487550098455,0
0.86,-0.003753618828145848,0.00473169064616931,-7.1922142720615145e-12,-0.4430265381662674,-0.1326467320034937,0.4623478125179618,-2.855750516994475,3.932439242654353e-05,1.0000025378403858,16.99674405993729,1,-0.5827020585271877,0.43374710978971176,0.7282281926591837,2.49965129454146,-0.005784313067781994,1.000000393715252,2.6247683469477785,1,0.6046057499821686,-0.7866253271289841,0.9899830114123387,-0.9145383706778895,0.0022351909299002737,1.0000002656253875,0.9867958707330005,1,-1.6213554369165544,0.37364728515314194,1.6649131108061366,2.913834346136594,-0.00036434292321080905,1.0000000352586498,0.2350576655293995,1,4.3680798247632975,2.3898386064322987,4.979704040574836,0.5010808219960508,0.008933634374559738,1.0000001942347017,0.008095617365505374,0
0.88,-0.0037536188266746144,0.004731690646241301,-7.573454016696068e-12,-0.3502755938569642,-0.27316344338207565,0.4432331153966524,-2.4842156262124044,3.7268769734710354e-05,1.000002356395382,16.286132680510725,1,-0.6586334263138935,0.3084266125442566,0.7287937489615759,2.7010864893303137,-0.005754666139945981,1.000000393060278,2.6204018535189895,1,0.6989711470111074,-0.7016425138043136,0.9883218242299687,-0.7860628044604805,0.002218082223868487,0.9999999512817875,0.9920627756825751,1,-1.64161903983898,0.2830895207096503,1.6668243945836934,2.9695096272145616,-0.0003510931001883933,1.0000000349403568,0.23293571279193043,1,4.341342300333962,2.4407742892659816,4.981055437205134,0.5126393983985297,0.009105219732179053,0.9999998574877543,0.00809553750878416,0
0.9,-0.003753618823997526,0.0047316906463581165,-7.94271679677161e-12,-0.19485944922059234,-0.36414451990875124,0.4111992336105605,-2.06618169428624,3.663220309105362e-05,1.0000023379997387,15.89238830773966,1,-0.7077617445464836,0.17046948697877579,0.729157244526893,2.9022643063500055,-0.005724264717727508,1.000000392395635,2.615970900835755,1,0.7819279615605577,-0.6052373526322169,0.9868605857503002,-0.6571800559806129,0.002179800352526731,1.0000002113326911,0.9972892797842728,1,-1.6562835481924023,0.19155865722060597,1.6682074581814068,3.025075047325247,-0.0003392414198778138,1.0000000346472318,0.23098154529214218,1,4.314050126680796,2.4913978002734796,4.982434907197113,0.5241916371170608,0.009277563213399976,0.9999999552114044,0.008094714176892254,0
0.92,-0.0037536188197703066,0.004731690646512664,-8.28246542530775e-12,0.0028290701501814145,-0.3728687464653281,0.37044989358243835,-1.5648844342240302,3.689942737215158e-05,1.0000024865986432,15.999565558449385,1,-0.7281306659280676,0.025494158372952033,0.72930429660244,3.1033009431448413,-0.005693266574899503,1.0000003917604148,2.611736098506624,1,0.8520652368155146,-0.49894164704394695,0.985624195212564,-0.5279438936316023,0.002127164579110838,1.0000002918325592,1.0024070914457286,1,-1.665312901260116,0.0993682800534552,1.6690589420608086,3.0805661581389265,-0.0003278990800963021,1.0000000343799453,0.2291996351268123,1,4.286207252033682,2.541702929301095,4.983842255585628,0.5357374164449104,0.009453099952155318,1.0000001919970443,0.008093216921318617,0
0.9400000000000001,-0.003753618814168548,0.004731690646686486,-8.573168217007598e-12,0.19630325373554328,-0.2689339273290504,0.3305682774033967,-0.9374798748691628,3.8476158515371526e-05,1.0000027626500254,16.85813698352333,1,-0.7189297165643742,-0.12061392669435406,0.729229137438521,-2.9788675245081904,-0.005650562420489399,1.0000003911909319,2.6079395451073744,1,0.9081804643308278,-0.3844694594323681,0.9846339171709841,-0.3984148463686279,0.0020694653443358627,0.999999960913625,1.0073461001374127,1,-1.6686849630499938,0.006832330595413168,1.6693768048539335,3.1360184777332076,-0.0003158148541604559,1.0000000341390807,0.22759387155329927,1,4.257817697789837,2.5916835227392685,4.985277278605141,0.5472766165133861,0.009635064825635946,0.9999998520660915,0.008091107585488783,0
0.9600000000000001,-0.003753618810007093,0.0047316906468408545,-8.807271752175883e-12,0.30425697579873456,-0.05644676541199593,0.30831632464613007,-0.1758101035725267,4.494630852384148e-05,1.000003087039001,18.511949427125273,1,-0.6805222922671279,-0.2619260675358586,0.7289348058738764,-2.777748409904954,-0.005581424866557532,1.0000003907196027,2.6047973515221248,1,0.9493051930589347,-0.2636876509601827,0.9839069270139478,-0.2686591554956013,0.002015743455888156,1.0000001830154626,1.0120360353902222,1,-1.6663914333777092,-0.08573506529767547,1.669160316879815,-3.0917178002099828,-0.0003019531933150864,1.0000000339251502,0.22616766873329328,1,4.228885557557687,2.6413334844520895,4.986739759618502,0.5588091185392912,0.009824837582545397,0.9999999629928679,0.008088441178953732,0
0.9800000000000001,-0.00375361881199761,0.00473169064693561,-9.017461256866088e-12,0.25928489147487443,0.18184756762258633,0.31759114586578807,0.619549528404928,5.428639459060894e-05,1.0000033018473196,20.20426720494716,1,-0.6144333069426509,-0.3926952948626455,0.7284330354210758,-2.576408761122267,-0.005486592731221156,1.0000003903739485,2.602492990620648,1,0.974726118671617,-0.13858232721608038,0.9834559413453449,-0.13874755984906376,0.0019655530735695342,1.0000003143124123,1.0164081775352927,1,-1.658437814219841,-0.17801976070857817,1.6684100500895254,-3.036236558797627,-0.0002870908393591052,1.000000033738609,0.22492406050143718,1,4.1994149961878495,2.6906467766883084,4.988229471805303,0.5703348027575907,0.01001661246361109,1.0000001894562744,0.00808526664816328,0
1.0,-0.00375361881865188,0.004731690646979728,-9.257085549496669e-12,0.09171535177876358,0.3375748734565707,0.3521413658448713,1.3095118665675483,5.659195151076721e-05,1.0000032858075854,20.975197875130537,1,-0.5232965950456866,-0.5075764877778578,0.7277438377961538,-2.3747385517495747,-0.005372644885108913,1.000000390175735,2.6011715674718463,1,0.9840008855319505,-0.011221990497288538,0.9832889401658932,-0.008753935798382557,0.0019125580316272537,0.9999999748967815,1.020397145887931,1,-1.6448434319262237,-0.26970775086271287,1.6671278668653768,-2.9806875892756164,-0.00027271179535487937,1.0000000335798667,0.2238657774550026,1,4.16941024879396,2.7396174209739175,4.989746193927412,0.5818535483736481,0.010204253241307762,0.9999998468799837,0.008081627558862908,0
1.02,-0.0037536188249596416,0.004731690647016417,-9.541614460345516e-12,-0.11193610370139873,0.37500934007673054,0.3941313009644202,1.860827912830422,5.2502390693939264e-05,1.000003109702842,20.785812174634298,1,-0.41076264113863187,-0.6018353541176406,0.726894800314554,-2.172640217760627,-0.005230083311855549,1.0000003901402659,2.600935105660782,1,0.9769680050288105,0.11628163785562891,0.98340897313029,0.12124616401634053,0.0018572556464320554,1.000000153503204,1.0239426065871569,1,-1.6256415156501338,-0.36048534365065005,1.665316930945874,-2.9250353553772195,-0.000258466735889644,1.0000000334492964,0.22299530970109793,1,4.138875619762879,2.7882394989834647,4.9912897130831615,0.5933652368694856,0.010389785129508689,0.9999999708341981,0.008077562711306496,0
1.04,-0.003753618829152614,0.004731690647074508,-9.854154384841829e-12,-0.289346884271238,0.31560594607071546,0.4307123638597737,2.3099500481280217,4.7525221391533846e-05,1.000002920097862,20.04025637892282,1,-0.2813678726130611,-0.6715396648685044,0.7259201050394212,-1.9700325549454423,-0.005049796621009713,1.000000390275844,2.6018389603981653,1,0.9537505106494308,0.2418140369450424,0.9838140747850942,0.2511770162845416,0.0018017753362933693,1.0000003322915563,1.026990836675998,1,-1.600879331744046,-0.45003934486709046,1.662981730176323,-2.8692442860769862,-0.0002433195711801112,1.000000033347244,0.22231496051371125,1,4.10781548175135,2.8365071533895376,4.992859812656944,0.6048697528826585,0.010576986797715677,1.0000001866166166,0.008073106685790973,0
1.06,-0.003753618831482757,0.004731690647162928,-1.0173601110857744e-11,-0.41078576491108304,0.19289578151264736,0.45575495837616203,2.6978911313523577,4.341113145690658e-05,1.0000028109172598,19.062999559491296,1,-0.14036771977964263,-0.7137257425884506,0.7248592755183196,-1.7668541523263999,-0.004834837217427347,1.0000003905834272,2.603889515116476,1,0.9147532048767371,0.3632983921374232,0.984497301196013,0.3809642400308298,0.0017444436755595428,0.9999999926769891,1.0294961479936116,1,-1.570618373232045,-0.5380572657603039,1.6601280951531132,-2.8132787613207912,-0.00022657519350830296,1.000000033274034,0.2218268936439796,1,4.076234274671027,2.884414588692708,4.994456267592821,0.6163669830668778,0.01076777055173327,0.9999998419378245,0.008068290320289268,0
1.08,-0.0037536188323789525,0.004731690647281228,-1.0483622216866939e-11,-0.4641836465736006,0.037221004975618505,0.46677077890123525,3.055749522489265,3.959828509871329e-05,1.0000027897908255,18.05002142166756,1,0.006463014067918804,-0.7265329230727906,0.723755680270127,-1.5630662201386663,-0.004598943869056158,1.000000391056503,2.6070433537128554,1,0.8606536019341926,0.47873502809500923,0.9854468792865008,0.5105362745435129,0.0016807964114007377,1.0000001233290554,1.0314220890721977,1,-1.5349346029420075,-0.6242275608100452,1.6567632198594704,-2.7571031040769105,-0.00020786245352550123,1.000000033229976,0.22153317432153452,1,4.044136504663763,2.931956072031342,4.996078845410265,0.6278568153762379,0.010962688272020623,0.9999999787231275,0.008063141135335527,0
1.1,-0.003753618831998127,0.00473169064742549,-1.0771887288402171e-11,-0.44574382226065634,-0.12473590534081755,0.4629769827810041,-2.8751740596849014,3.572444589897749e-05,1.0000027992819018,17.12589467639712,1,0.15305722353290094,-0.7092987319964099,0.7226548348264576,-1.3586546536359987,-0.004361864197286479,1.0000003916812168,2.611208111954315,1,0.7923869134357031,0.5862386658474685,0.9866464618045,0.6398257744080857,0.0016055409379707218,1.0000003451542012,1.0327423750592164,1,-1.4939187484348615,-0.7082399039768249,1.6528956880206274,-2.7006815786325533,-0.00018698193624423916,1.0000000332153705,0.2214358030292288,1,4.011526743066854,2.97912593396986,4.997727307777524,0.6393391388510243,0.01116163601801886,1.0000001834827097,0.008057683714099335,0
1.12,-0.003753618830324896,0.004731690647589831,-1.1027745123320942e-11,-0.3566859733836513,-0.26708899774068184,0.44462487077634716,-2.505311798668769,3.235779402074927e-05,1.000002768477475,16.39242101146638,1,0.29330277654773584,-0.6626080437696031,0.7216025560838192,-1.1536311762804816,-0.004143851721838329,1.0000003924367797,2.616245198123876,1,0.711125642105839,0.6840725137268863,0.9880754799253603,0.7687708793110577,0.0015141589285206118,1.0000000136695415,1.033441515138175,1,-1.4476766463672217,-0.7897855119558838,1.648535504963916,-2.6439783953776472,-0.0001637994478845514,1.0000000332305112,0.22153674171055426,1,3.9784096253680774,3.025918569265292,4.9994014116101475,0.650813843606105,0.011364259310185741,0.9999998372475677,0.008051940041280578,0
1.1400000000000001,-0.0037536188272519087,0.004731690647765561,-1.1240785212363047e-11,-0.20430377157163443,-0.36156276366875484,0.4132178590664885,-2.090648161477569,3.0422252471337406e-05,1.0000026692013462,15.969059678424287,1,0.4213006690429091,-0.588290689821669,0.7206430374324881,-0.9480334257667451,-0.003959815806647234,1.0000003932961785,2.621974523027642,1,0.6182545281391056,0.7706783620771107,0.9897095817317039,0.897316323873723,0.0014050079749546465,1.000000093120235,1.0335151213686893,1,-1.3963296332457638,-0.8685575232518375,1.643694134316469,-2.586957723158307,-0.0001381479638224769,1.00000003327569,0.22183793295241971,1,3.9447898501502237,3.0723284376121547,5.0011009097015275,0.6622808209167576,0.011570287033557572,0.9999999866472666,0.008045929804098547,0
1.1600000000000001,-0.003753618822747385,0.004731690647938611,-1.1400911898579169e-11,-0.008021660870875816,-0.3756293544355096,0.37276009022436524,-1.5949886836071188,3.007946361831682e-05,1.000002549206092,16.035393164364713,1,0.5316228057973514,-0.48936395967008395,0.7198169269989876,-0.7419238850753668,-0.0038138241524978598,1.000000394227193,2.6281812865751704,1,0.515341723505771,0.8447020452084373,0.9915211414200502,1.0254143614213418,0.0012808418002954395,1.00000035250074,1.0329698984972562,1,-1.3400149786736752,-0.944251442263973,1.6383845391631588,-2.5295837105505843,-0.0001097035796655236,1.0000000333511967,0.22234131170644528,1,3.910672178024997,3.118350064365883,5.00282555065296,0.673739963384882,0.011779980059215317,1.0000001800596163,0.008039670658599667,0
1.1800000000000002,-0.003753618817371721,0.004731690648085465,-1.150082459822066e-11,0.18750813932600321,-0.27825447050018753,0.33245654890827886,-0.9753065817610674,3.0869270551238794e-05,1.0000025215250847,16.840887896516968,1,0.6195567061897743,-0.36991918184233846,0.7191595016411676,-0.5353876192025983,-0.0036958387397778053,1.0000003951937098,2.6346247315844264,1,0.4041071460964275,0.905013845681145,0.9934798214114328,1.1530254850176747,0.0011492304352597226,1.0000000373102853,1.0318233299246018,1,-1.2788863563062418,-1.0165656580420162,1.632621228004645,-2.4718205172225116,-7.793059416430526e-05,1.0000000334573211,0.22304880749757,1,3.87606143055707,3.1639780412457044,5.0045750771944695,0.6851911650819692,0.011994345880639188,0.9999998328167312,0.00803317846437457,0
1.2,-0.003753618813504507,0.004731690648169374,-1.1546405758594558e-11,0.3024258028306443,-0.07029269821317176,0.3087708700788894,-0.21948136176253846,3.543243509562876e-05,1.0000026832102014,18.45646847336685,1,0.6813237907725166,-0.2349549355700573,0.7186990362290367,-0.32852885244009883,-0.0035900747786570793,1.00000039615728,2.6410485335414258,1,0.2863889874189787,0.9507236296387108,0.9955531674325926,1.2801189372772515,0.001018937380846383,1.0000000636110191,1.0301030894861414,1,-1.2131143467648824,-1.085202047727073,1.626420305791142,-2.413632355320502,-4.286147196937596e-05,1.0000000335943504,0.22396233654271067,1,3.8409624891787204,3.209207027017684,5.006349222339201,0.6966343210483905,0.012212591791907184,0.9999999945941368,0.008026467489897951,0
1.22,-0.00375361881500998,0.004731690648154794,-1.1576396091728114e-11,0.2659797985746231,0.1697372637566175,0.31628963154837125,0.5781576096313868,4.365748377454778e-05,1.0000029746482906,20.171845250437922,1,0.7142583358000307,-0.090163141349768,0.7184554739003618,-0.12146650729472099,-0.003498393264309113,1.0000003970788471,2.6471923144345375,1,0.16410931908636234,0.9811907032663398,0.997707220343008,1.406673005912432,0.0008885329584068523,1.0000003541769198,1.0278462201942626,1,-1.1428869654601477,-1.149866674910663,1.6197995235872034,-2.354983540111736,-6.9581316192860345e-06,1.0000000337625676,0.22508378456162437,1,3.805380294096272,3.2540317481591963,5.008147710534171,0.7080693253174235,0.012426238741578968,1.0000001763528277,0.008019550587991104,0
1.24,-0.0037536188212591954,0.004731690648047208,-1.1649696398524645e-11,0.10287708218512365,0.3316491119127157,0.34992011086050334,1.2757660853908337,4.759066690759315e-05,1.000003227537069,20.99740768678375,1,0.716935811094774,0.058322102689788366,0.7184394679870634,0.08567108516792116,-0.0034306816525533444,1.00000039792064,2.652804266045977,1,0.039239672373467385,0.9960285581823839,0.9999071389631694,1.5326751195427448,0.0007519190241707112,1.0000000630792207,1.0250981224721507,1,-1.068410206669986,-1.2102705933235696,1.612778317199238,-2.2958385588674224,2.689459412585882e-05,1.000000033962247,0.22641498056536635,1,3.76931984319184,3.298446999506287,5.009970273363957,0.7194960703250044,0.01262580030836789,0.9999998286523957,0.008012439345548192,0
1.26,-0.0037536188279409695,0.004731690647888091,-1.1796427550059274e-11,-0.10076269705225474,0.37522681255865414,0.3919084700786587,1.8339059090751497,4.493586727080547e-05,1.0000033537310669,20.84615282640751,1,0.6892421393754488,0.20420000849722017,0.7186518348429087,0.29275204099450597,-0.003387826937994582,1.0000003986480026,2.65765335040657,1,-0.0862326380776269,0.9951048197109889,1.0021178121874688,1.6581217771709214,0.0006157130500589182,1.0000000356247005,1.021911383426554,1,-0.9899085933926959,-1.2661307663555617,1.6053778532453646,-2.2361621671245686,5.864990098329979e-05,1.0000000341936492,0.2279576610299872,1,3.7327861909220754,3.342447644881455,5.011816656242641,0.7309144501615252,0.012811022114340773,1.000000002551201,0.008005144223812686,0
1.28,-0.003753618832849635,0.004731690647713923,-1.2013991364245857e-11,-0.280581930801278,0.32022504659150547,0.42898682070850197,2.2874433040913447,3.92555471301853e-05,1.0000033265073267,20.11747804508236,1,0.6323792007471992,0.34128785436646286,0.7190834863137674,0.49964699898057496,-0.0033747736397916565,1.0000003992310749,2.661540499765346,1,-0.21033679832439933,0.9785368209515698,1.0043044339060159,1.7830183187643476,0.0004899947879165921,1.0000003502684802,1.018344519310198,1,-0.9076257205129563,-1.3171711128830965,1.5976210895711505,-2.1759194999852323,8.912643119838581e-05,1.0000000344570135,0.22971342281499213,1,3.6957844472117407,3.386028617699395,5.0136866075907545,0.7423243621155732,0.012984394398977424,1.0000001723682654,0.007997674687337484,0
1.3,-0.003753618835750941,0.004731690647544824,-1.2289172717644403e-11,-0.40547002638716406,0.20013712588766178,0.45474127532787223,2.6778261213497605,3.394905556297695e-05,1.000003147944652,19.14364056353623,1,0.548806204247475,0.4637991316067639,0.7197158525905126,0.7062350603418456,-0.0034065313596630016,1.0000003996462568,2.664308378993194,1,-0.3311488722804818,0.9466832939859026,1.0064330401206905,1.907378548540269,0.00037966460608518854,1.0000000904957829,1.0144607341778265,1,-0.8218247766616157,-1.3631236896109655,1.5895328295221323,-2.115076198282265,0.00011864077263704392,1.0000000347525495,0.23168366370387808,1,3.6583197763425437,3.429184921551988,5.015579873008256,0.7537257058802085,0.013146884631715277,0.9999998247612019,0.007990039314929785,0
1.32,-0.003753618836959501,0.004731690647390205,-1.260892909180078e-11,-0.46270751667945015,0.04555011990103078,0.46654949578275623,3.036655199922542,2.9389142234134877e-05,1.000002867172952,18.126147915743456,1,0.44212091556382416,0.5665997967816973,0.7205217626996417,0.9124092554408472,-0.00349817423341349,1.000000399877332,2.6658488788274264,1,-0.44681989331701294,0.9001327060161447,1.0084710052461936,2.0312242448152396,0.0002856187786666433,1.0000000100285724,1.0103266576217935,1,-0.7327890276814923,-1.4037300194800282,1.5811397672781042,-2.053598558315321,0.00014715769935347444,1.0000000350804266,0.23386951007093773,1,3.620397395838482,3.4719116307719204,5.017496195597941,0.7651183829567401,0.013298481476052303,1.0000000105058893,0.007982245901089084,0
1.34,-0.003753618836817617,0.004731690647254215,-1.296276497600446e-11,-0.44817527670542173,-0.11671873943920566,0.4635622516282715,-2.894546766468021,2.4930853995071904e-05,1.000002577813675,17.192026548350206,1,0.3168886295267391,0.6454292536593668,0.7214667282185899,1.1180812309069827,-0.0036524538497971545,1.000000399916183,2.6661078873231134,1,-0.5556014157107589,0.839688775773621,1.0103874934772796,2.1545845832302173,0.00020615737521825534,1.0000003410685507,1.0060110922570777,1,-0.6408222418713515,-1.438742574644524,1.5724705268783188,-1.9914537080508616,0.00017455086329679954,1.0000000354407597,0.23627173101025498,1,3.582022575346922,3.514203890973201,5.019435317163972,0.7765022965503806,0.013439044547823234,1.0000001681122759,0.007974301551444749,0
1.36,-0.0037536188355571124,0.004731690647139065,-1.3341902669466998e-11,-0.3628302458825737,-0.2608239587054749,0.4459767941950251,-2.5262767249795033,2.0645660643444027e-05,1.0000023820008923,16.44322779367332,1,0.1784297786767187,0.6970756381060711,0.7225105521120199,1.3231849179662092,-0.003853347411795869,1.0000003997630693,2.6650871280564044,1,-0.6558683811405613,0.7663536826688111,1.0121538621597148,2.277495493030635,0.00013798754721425075,1.0000001190960248,1.0015838405406892,1,-0.5462490342504681,-1.4679264210091654,1.563555693936505,-1.9286098110053316,0.00020075183056878106,1.0000000358335956,0.23889063807885025,1,3.543200635514407,3.556056919568595,5.021396978916501,0.7878773516793,0.013568787887384696,0.9999998211493449,0.00796621276949567,0
1.3800000000000001,-0.003753618833114052,0.004731690647046197,-1.3737047523804113e-11,-0.21353565956739598,-0.35869184551629535,0.41520793326751526,-2.114875218579959,1.7526317557494397e-05,1.0000023459282195,15.997152855155415,1,0.03257891328531073,0.7194985470903702,0.7236091655959526,1.5276790297933627,-0.004068219077923606,1.0000003994264635,2.662843089559453,1,-0.7461392490357759,0.6813094397426733,1.0137440157651472,2.3999989646872595,7.717090368580858e-05,0.9999999876753534,0.9971146258188999,1,-0.44941510402485335,-1.4910610292299173,1.5544278376141134,-1.865036299261638,0.00022587265412061058,1.0000000362588954,0.24172596973611962,1,3.5039369468564225,3.5974660062647725,5.023380921614994,0.799243455377221,0.013688642314131421,1.000000018445625,0.00795798553175009,0
1.4000000000000001,-0.0037536188291520623,0.004731690646974418,-1.4135811878673854e-11,-0.01878741268092902,-0.37800023285127304,0.3750684704435766,-1.6247175702277643,1.6974472318969028e-05,1.0000024779427696,16.029079470058456,1,-0.11457159499481,0.7118960723258905,0.7247165869940012,1.7315483290160902,-0.004256082684011702,1.0000003989224935,2.6594832903064027,1,-0.8250934124541914,0.5858978481531248,1.015134711091803,2.522142324915343,2.0105968193153903e-05,1.0000003270321562,0.9926721142341748,1,-0.35068733634078003,-1.50794225429438,1.5451215201982236,-1.8007041371416117,0.00025039914216700104,1.000000036716514,0.244776760134907,1,3.4642369286215686,3.638426513536418,5.025386884956204,0.8106005169699763,0.013800712121131249,1.0000001635916262,0.00794962535058364,0
1.4200000000000002,-0.0037536188237238047,0.0047316906469131335,-1.452224668643809e-11,0.17855271870966666,-0.2871692723612311,0.3343941472981939,-1.0126961875635507,2.0407645015082415e-05,1.0000027412009942,16.786922914647953,1,-0.25693026708779376,0.6747164443779069,0.7257868985163396,1.9348036934604749,-0.004376975549656021,1.0000003982740444,2.655160295393209,1,-0.891585973428875,0.4815993903288255,1.0163058154759241,2.643977492549158,-3.477612490104705e-05,1.0000001484059966,0.988323042607844,1,-0.25045373637102963,-1.5183844820960852,1.5356732919308345,-1.735586116810174,0.0002754127158425286,1.000000037206179,0.2480411940559573,1,3.424106047651745,3.6789338770807825,5.027414605313865,0.821948448353926,0.013908523589629634,0.9999998178225684,0.007941137326594776,0
1.4400000000000002,-0.0037536188192519105,0.004731690646832447,-1.4888592962669644e-11,0.3001925720100522,-0.08397370630726703,0.30932478912348826,-0.2630098635783075,2.9284373536656843e-05,1.000003063033851,18.366486791358412,1,-0.3886561379372728,0.6096174486406705,0.726776146926255,2.1374810770248924,-0.004403624905021922,1.000000397509601,2.650064007081934,1,-0.9446599844345718,0.3700113559880061,1.0172405187816578,2.7655602264521937,-8.780051188749641e-05,0.9999999693454115,0.9841314532070394,1,-0.1491231607643628,-1.5222229367496358,1.5261216696788489,-1.6696571854153561,0.00030193112682054616,1.0000000377274674,0.2515164488034767,1,3.3835498172394143,3.7189836062529884,5.0294638107830965,0.8332871637193107,0.014014490308873024,1.0000000263578468,0.00793252619301421,0
1.46,-0.003753618820600179,0.004731690646696965,-1.5263872197440742e-11,0.2723585568174048,0.15743254142130872,0.31506925988902423,0.5364303192321647,4.0864575944958826e-05,1.0000032946929098,20.10545599014764,1,-0.5043896541834256,0.5193788693827611,0.7276440897674482,2.339639502735921,-0.004343610268281004,1.0000003966619184,2.6444127893914118,1,-0.98355627748851,0.2528254344424321,1.0179254961987274,2.886949370237559,-0.00014599031551431991,1.0000003087304146,0.9801580332526771,1,-0.04712480884816413,-1.5193161371468942,1.5165070949136434,-1.60289479884167,0.00032830051133695136,1.0000000382797778,0.2551985192396526,1,3.3425737959829633,3.758571284482618,5.031534219415432,0.844616577658616,0.014113213651505167,1.0000001588134957,0.007923796351763782,0
1.48,-0.0037536188271386417,0.004731690646516836,-1.5702313147653024e-11,0.11400107516960686,0.32542141174180655,0.3477217022192012,1.2415863755129999,4.606373591788797e-05,1.000003300953375,20.989111027349445,1,-0.5994572991107879,0.40777452544593473,0.7283557364324492,2.541358244792259,-0.004234314322444293,1.000000395766594,2.6384439596131775,1,-1.0077210019451024,0.13180495148029006,1.0183510275066534,3.008206087449565,-0.0002217829015022533,1.0000001779216838,0.9764595545638488,1,0.055092565639312654,-1.5095484850147256,1.5068718539155606,-1.5352793012123762,0.00035125903263229376,1.0000000388623043,0.2590820280024276,1,3.301183586642569,3.7976925696729262,5.033625552793343,0.8559366039379562,0.014197328514025546,0.9999998147861583,0.007914951901104432,0
1.5,-0.003753618833730793,0.004731690646341799,-1.62227982783425e-11,-0.08943912137415287,0.3752156651131544,0.3896687562326943,1.806671991383383,4.435150726681606e-05,1.0000031347449512,20.880415492129124,1,-0.6700444065130471,0.27941107233704066,0.7288826510387902,2.7427333837584476,-0.004101948511113258,1.0000003948606146,2.632404098403994,1,-1.0168109789426842,0.008761882019214354,1.0185110909400097,3.1293930975238524,-0.0003185222979521681,0.999999955699093,0.9730884014652209,1,0.1570617623618984,-1.4928329588602094,1.4972599607213406,-1.466794341709936,0.0003706229537727553,1.000000039474004,0.2631600277063492,1,3.2593848349983165,3.8363431945808992,5.035737545148917,0.8672471583353651,0.01426946100155775,1.000000034230032,0.007905996667205024,0
1.52,-0.003753618838232116,0.004731690646210158,-1.680726781708164e-11,-0.2715816283279804,0.32471914355295345,0.4272259197734589,2.2647516840798416,4.245765376336351e-05,1.000002942245183,20.172371854807306,1,-0.7133323714102456,0.13954082745574597,0.7292039767295693,2.9438738981537664,-0.0039602722064614945,1.000000393980931,2.626539539226825,1,-1.0106969576255054,-0.11446626737499466,1.0184034212122015,-3.0326113774646517,-0.0004336417426346636,1.0000002868115199,0.9700921663844178,1,0.25829860174614294,-1.4691138794200815,1.487717021126303,-1.3974273188648616,0.00038787318238002135,1.0000000401135698,0.2674237981960139,1,3.217183228708452,3.874518967175102,5.037869933316116,0.8785481605440179,0.014335771994201097,1.0000001537854668,0.007896934239747324,0
1.54,-0.0037536188408052737,0.004731690646138907,-1.7429981503253034e-11,-0.3998861795159487,0.20734450322663825,0.4536848661336068,2.6576711275221405,4.345989069581124e-05,1.0000028246686445,19.20499150970956,1,-0.7275978472940361,-0.006144371931644818,0.7293071625473242,-3.138287893041254,-0.0038169352256468498,1.000000393163093,2.621087286305393,1,-0.9894648285117059,-0.23603963814377008,1.0180295228423992,-2.9113731229050805,-0.0005656972879746865,1.0000002070999696,0.9675132720234136,1,0.3583037900925969,-1.4383697029642757,1.4782900637643936,-1.3271698355561052,0.00040413769535022797,1.0000000407793963,0.2718626419193031,1,3.1745844961666854,3.912215770972885,5.040022449238402,0.8898395334824124,0.014400682435899228,0.999999812044936,0.007887767998979736,0
1.56,-0.0037536188418843047,0.004731690646133746,-1.806852670954706e-11,-0.46095441060875664,0.05392406626099483,0.46628355715495634,3.017545192555638,4.602221503556628e-05,1.000002797084013,18.185529873724498,1,-0.7122725240507883,-0.15173164687306828,0.7291883849612374,-2.9372595722329824,-0.00366452334739219,1.0000003924399665,2.616266443987547,1,-0.9534148159870361,-0.35413920849989844,1.017394649919184,-2.790014511029205,-0.0007167947282514021,0.9999999472422799,0.9653885168827303,1,0.45656521678617445,-1.4006157888618274,1.4690273261599447,-1.2560181611429957,0.00042008527316447444,1.0000000414695525,0.2764636834425816,1,3.1315944053598987,3.94942956535827,5.042194819115361,0.9011212025257986,0.01446717478252198,1.0000000420497164,0.007878501137299316,0
1.58,-0.0037536188416468184,0.004731690646195496,-1.870371219014899e-11,-0.45033506701538445,-0.10858113118391963,0.46410456210429557,-2.9138661977639795,4.823482195817034e-05,1.0000028060087045,17.243639885060986,1,-0.6679627657139166,-0.29131160426377056,0.7288526465002145,-2.7361050346885167,-0.003470065289384606,1.0000003918405147,2.6122700977708115,1,-0.9030586390932905,-0.46698994052168025,1.0165077635077766,-2.66847400509345,-0.000892829488065424,1.0000002619694228,0.9637483910767072,1,0.5525607118303639,-1.355907077498926,1.4599779952954657,-1.1839736938696812,0.0004361614070285739,1.000000042181752,0.28121168090992144,1,3.0882187627271724,3.9861563858799993,5.044386764081794,0.912393095191903,0.014537619335689476,1.0000001485155137,0.007869136680034914,0
1.6,-0.0037536188401046527,0.00473169064632182,-1.931735674198798e-11,-0.36872515495701663,-0.25435632904478656,0.44729177120081687,-2.5471107651986458,5.166692911057117e-05,1.0000027793740711,16.48155805343095,1,-0.5964288650109577,-0.41920282370140965,0.7283135368078507,-2.5347077846991737,-0.0031827035826711325,1.0000003913886766,2.6092578444822534,1,-0.8391145994471477,-0.5728838201873774,1.0153814758555333,-2.5466922073861227,-0.0010969315662092529,1.0000002353586601,0.9626162721863387,1,0.6457612832177594,-1.3043406045390349,1.4511919025449596,-1.1110434117999202,0.0004527398009267373,1.0000000429133287,0.286088858459671,1,3.0444634120204066,4.022392344529574,5.046598000726334,0.9236551410511876,0.014614222740659114,0.9999998096032521,0.00785967750547079,0
1.62,-0.0037536188371487932,0.004731690646506276,-1.989102025451439e-11,-0.22257428955896333,-0.355523093146984,0.41717460443746646,-2.138872276930258,5.952920748693632e-05,1.0000026834830686,16.014760345315924,1,-0.5005240963740588,-0.5301702027309346,0.7275926805408128,-2.3329605632543156,-0.0027692604315424415,1.0000003911025417,2.6073502785273486,1,-0.762500519395631,-0.670202690164898,1.0140319707622503,-2.4246126326572766,-0.0013175645198889923,0.9999999443013604,0.9620082911296345,1,0.7356348421087324,-1.246057768271779,1.44271917252242,-1.0372402982696778,0.0004702346407145429,1.0000000436612155,0.29107476978635216,1,3.000334233166337,4.058133629998864,5.048828241276712,0.934907271742695,0.014699352679151761,1.0000000498045176,0.007850126363416048,0
1.6400000000000001,-0.0037536188327209185,0.0047316906467358855,-2.040617761572827e-11,-0.029487977388892084,-0.37997703884499523,0.3773815599137866,-1.6540979966909055,6.98256327235185e-05,1.0000025590479695,16.014300659404817,1,-0.3840942730356613,-0.6196308258003014,0.7267189400777966,-2.130769357527308,-0.002244933294867291,1.0000003909939537,2.6066263582836737,1,-0.6743244081309911,-0.7574407374127573,1.0124788566190697,-2.3021825172759436,-0.0015271645728293503,1.0000002349139072,0.9619342445888579,1,0.8216504093463411,-1.1812462591496575,1.434609826354328,-0.9625837262944246,0.0004892596321796338,1.0000000444219306,0.29614620390170937,1,2.955837141129925,4.093376507917249,5.051077193261988,0.9461494210832385,0.014795986392634014,1.0000001430119925,0.007840485892184204,0
1.6600000000000001,-0.003753618827286278,0.004731690646987248,-2.0846442627675543e-11,0.16941971003412792,-0.2956755348578198,0.336386799676683,-1.0496948450089907,7.957561811346198e-05,1.000002515306925,16.725986754784834,1,-0.251839247593777,-0.6838406396375499,0.7257274148372782,-1.9280570695940666,-0.0016567278158528863,1.000000391068171,2.607121140435106,1,-0.5758727140706762,-0.8332264766354215,1.0107449278151683,-2.1793536184727906,-0.0016959007812008507,1.0000002620778163,0.9623981715738293,1,0.9032827796254094,-1.1101415554239302,1.4269133417937443,-0.8870997853453677,0.0005108626218302257,1.0000000451915716,0.3012771440702581,1,2.9109780847795497,4.128117321068595,5.053344557762868,0.9573815252357926,0.014908043944894223,0.9999998074649804,0.007830758634334724,0
1.6800000000000002,-0.0037536188229480667,0.004731690647222122,-2.1207058678585078e-11,0.29753705369617217,-0.09748395636065386,0.30998229161953933,-0.3064513187186628,8.976812270872007e-05,1.0000026576088916,18.268342282903223,1,-0.1091388306802342,-0.7200548396841071,0.724658216125751,-1.7247667876143087,-0.001047069063298042,1.000000391323443,2.6088229533168605,1,-0.46859604807832883,-0.8963440300939655,1.0088558685218731,-2.056082963153314,-0.0018054046553196675,0.9999999470038122,0.963397777669618,1,0.9800175999689665,-1.0330278870295757,1.4196781764550799,-0.8108215332471767,0.0005363053211059358,1.0000000459658187,0.3064387912455884,1,2.86576304575377,4.162352489587891,5.05563002476812,0.9686035224645246,0.015038038341542177,1.0000000574821526,0.00782094705142369,0
1.7000000000000002,-0.003753618823636392,0.004731690647398502,-2.1514979901826603e-11,0.27839558870438796,0.14493052857563596,0.31393213475875736,0.4942917209426258,0.00010163286058414712,1.000002945811172,20.028297332250986,1,0.038152998556271654,-0.7266546678008495,0.7235549879179142,-1.5208644882918874,-0.0004586613934112437,1.000000391750782,2.611671880620926,1,-0.3540922859753024,-0.9457534246923782,1.0068399302954996,-1.9323335465120972,-0.0018585226503070253,1.0000002063459856,0.9649235996234824,1,1.0513567973753806,-0.9502385721575553,1.4129512644915916,-0.7337891523285507,0.0005650576308324822,1.0000000467399504,0.3115996693948218,1,2.8201980373294457,4.196078511137924,5.057933270060232,0.9798153512662898,0.015179745394299282,1.000000137283627,0.007811053535441098,0
1.72,-0.003753618829442717,0.004731690647510323,-2.1822509944924295e-11,0.1250705791002956,0.31888201737690985,0.3455434159518218,1.2068915742953974,0.00010896723461301024,1.0000032105733447,20.970828455966277,1,0.18393994535848246,-0.7032334593153087,0.7224631958947051,-1.3163409554634216,6.3968129956907e-05,1.0000003923340655,2.6155604364771667,1,-0.2340869737456557,-0.9806095510677842,1.0047275729324356,-1.8080749951424875,-0.001870478071628293,1.0000002866132207,0.9669585534928041,1,1.1168242681285936,-0.8621556376941931,1.4067774859915891,-0.6560499852314404,0.0005944578684427476,1.0000000475088728,0.3167258195617864,1,2.774289103292389,4.22929196106815,5.060253967529726,0.9910169485063688,0.015322917601776963,0.9999998056335121,0.0078010804132960946,0
1.74,-0.00375361883608504,0.004731690647590086,-2.215853976000881e-11,-0.07797580597910818,0.37497042532430563,0.3874065258016693,1.7790632925621435,0.00010760639820819195,1.000003351747574,20.906914206563062,1,0.3221336469799062,-0.6506354312572281,0.7214282587790665,-1.1112127548081059,0.0005052606757779501,1.0000003930504708,2.620336471748168,1,-0.11041099829752525,-1.0002793708992697,1.0025510645275075,-1.6832842036651245,-0.0018470546246606707,0.9999999552763094,0.9694778155317991,1,1.1759717200864352,-0.7692086480602999,1.4011991055083273,-0.5776584448390887,0.0006236156989945737,1.0000000482671618,0.32178107899781466,1,2.7280423168125445,4.261989492555782,5.062591801768959,1.002208251685834,0.015467134382074074,1.0000000650704604,0.007791029953309432,0
1.76,-0.003753618841048593,0.0047316906476676706,-2.2518695241835474e-11,-0.26235721031790815,0.3290878351273273,0.4254241752447327,2.241830536674895,0.00010165164588645533,1.0000033393169665,20.221282032502216,1,0.4469125783399647,-0.5709420489152917,0.720493620553208,-0.9055221272506291,0.0008680124696174431,1.0000003938712334,2.62580822263823,1,0.015024443876938876,-1.004356908204423,1.0003440497911265,-1.557945914219221,-0.0017891245217756511,1.0000001769404703,0.9724488722487153,1,1.2283845387326409,-0.6718726860168605,1.3962552121532394,-0.4986757951489973,0.000653274583442996,1.0000000490091185,0.32672745743116477,1,2.681463779322982,4.294167836726373,5.0649464607780805,1.01338920115752,0.015616010605073056,1.0000001313394957,0.007780904378704461,0
1.78,-0.003753618843983726,0.004731690647755681,-2.288749918755162e-11,-0.39404896667006106,0.2145197272822819,0.45258190203102666,2.6373922612622747,9.541725489694952e-05,1.0000031728207441,19.261598856866406,1,0.5529780352943592,-0.46740293769182106,0.7196988479459462,-0.6993357025032059,0.0011578278096767626,1.0000003947627123,2.6317514147857066,1,0.14025545609407633,-0.9926755193754809,0.9981410742542666,-1.432053205275657,-0.0017001710895773036,1.0000003083073246,0.9758316743753923,1,1.273687530935597,-0.5706654525757999,1.3919811823782355,-0.4191697824242412,0.000684040517942473,1.000000049728841,0.33152560736952325,1,2.634559619401121,4.3258238027549005,5.067317628456324,1.02455973965916,0.015771056177604773,0.9999998041117514,0.007770705875721207,0
1.8,-0.0037536188451861756,0.004731690647854827,-2.3250950643982637e-11,-0.4589424465971022,0.06234455730817243,0.465970785948947,2.9983894995833573,9.025142449674158e-05,1.0000028973587494,18.24107761326552,1,0.6357943149170987,-0.3443111849966169,0.7190778433758571,-0.4927420168354577,0.0013837953220424363,1.0000003956877406,2.6379182710893376,1,0.2632953958725373,-0.9653169122242204,0.9959770625620166,-1.3056078736997088,-0.001586239383147554,0.9999999688370663,0.9795788978184757,1,1.311550389248337,-0.4661434823684539,1.3884081702747764,-0.3392141109702126,0.0007160166895560354,1.0000000504203066,0.3361353770460172,1,2.5873359916529686,4.356954277949455,5.069704983868052,1.0357198115206745,0.01593185745028113,1.0000000725574196,0.007760436595706477,0
1.82,-0.0037536188450100934,0.004731690647960089,-2.359951557090456e-11,-0.45224319886399506,-0.10032289971512523,0.4646020463957811,-2.9331632297808614,8.603152179594474e-05,1.0000026040113024,17.292163832038746,1,0.6917997728593929,-0.2068263246129188,0.7186572725817192,-0.28584789392616883,0.0015607709148393004,1.0000003966072186,2.644048124467994,1,0.382166818329649,-0.9226163835635194,0.9938867602365612,-1.178620689433171,-0.0014545554824344543,1.0000001473186548,0.9836363353855457,1,1.341692714603446,-0.3588975040009228,1.385562639086093,-0.2588877701232375,0.0007489122860226807,1.000000051077466,0.34051644073312226,1,2.5397990756018354,4.387556227818356,5.0721082025698125,1.0468693623114986,0.01609708212390458,1.0000001251890187,0.0077500986561416215,0
1.84,-0.0037536188437211643,0.0047316906480646525,-2.39273262661599e-11,-0.3743897055538167,-0.24768837928822346,0.4485656584746907,-2.567846733723933,8.268933162226461e-05,1.000002396048553,16.517519126874564,1,0.7185761053379783,-0.06075199742048788,0.7184553005452587,-0.07877382822394961,0.0017081940406949408,1.0000003974818743,2.649879162307863,1,0.49493492059351346,-0.8651637743703734,0.9919041490112698,-1.0511114995508943,-0.0013124435803847818,1.000000326497275,0.9879434440911056,1,1.3638884372872278,-0.24954700975512664,1.3834659494011468,-0.1782742239941531,0.0007822553047231683,1.0000000516943517,0.34462901158169473,1,2.491955074582348,4.4176266961210775,5.074526957977437,1.0580083387570627,0.01626511077515154,0.9999998029021113,0.007739694141454965,0
1.86,-0.003753618841287047,0.004731690648161721,-2.423005806412304e-11,-0.2314325465696637,-0.35206104478990813,0.41910840670618316,-2.1626678931632903,8.07093819632441e-05,1.0000023439249768,16.030857163266873,1,0.7149650867222913,0.08772118388274505,0.718480714766624,0.12835140688137806,0.0018458641659267127,1.0000003982741006,2.6551606702836046,1,0.599741865733244,-0.7937997057804071,0.9900618468956828,-0.9231091606737508,-0.0011666306385069893,0.9999999871992412,0.9924340678319886,1,1.3779694863306267,-0.13873413272526672,1.3821340159892657,-0.09746048050006885,0.000815681126409566,1.0000000522651946,0.3484346302799824,1,2.4438102146399894,4.447162804902946,5.076960922455261,1.0691366888052476,0.01643453457375275,1.0000000799311695,0.007729225103021875,0
1.8800000000000001,-0.003753618837388995,0.004731690648243412,-2.4502121685754386e-11,-0.040123046903583676,-0.38156162560292833,0.3796827488970176,-1.683135180247687,8.089453976622925e-05,1.0000024605389068,15.999148825836361,1,0.681125019439643,0.23229413288354103,0.7187324923995625,0.33539663362690075,0.001988541489701793,1.0000003989497546,2.6596650304331653,1,0.6948412389895066,-0.709606760179817,0.9883905058282202,-0.7946512828733702,-0.0010220709668193881,1.0000001180344604,0.9970373475178449,1,1.383828577680856,-0.027116960116570756,1.3815770429762442,-0.016536060471958165,0.0008491853753383579,1.0000000527845465,0.35189697650820817,1,2.3953707434366414,4.476161754514028,5.079409767913615,1.0802543618311329,0.01660479053667126,1.0000001188419423,0.007718693558313123,0
1.9000000000000001,-0.0037536188319821414,0.004731690648294838,-2.4735236428541363e-11,0.160123492835034,-0.3037561155625183,0.33841289682223186,-1.0862446692939935,8.430293797709983e-05,1.000002711758357,16.665672038113417,1,0.6185230549427058,0.3668438529297854,0.719199838477026,0.5422342898353762,0.002141428153720711,1.0000003994798043,2.6631986950977433,1,0.7786317819737659,-0.6138954093970136,0.9869182216612928,-0.6657837740930128,-0.0008806383828337654,1.0000003405373874,1.001678819230749,1,1.381421021102854,0.08463756148276583,1.3817993471433583,0.06440810737422008,0.000883231373178009,1.0000000532473952,0.35498263418808806,1,2.346642929163104,4.5046208236127026,5.081873165032315,1.0913613089732905,0.016776766706737136,0.9999998020065093,0.007708101490135749,0
1.9200000000000002,-0.00375361882710971,0.00473169064828411,-2.4927974615063242e-11,0.2944596647700935,-0.11077266415064962,0.31072727691181473,-0.3496493182775081,9.296164286890705e-05,1.000003030440023,18.16950533042828,1,0.5298638983897497,0.485698224669654,0.719862690845503,0.748746243411722,0.002294468564363837,1.000000399841713,2.665611420884507,1,0.8496894735737152,-0.5081846628767478,0.9856699744754385,-0.5365601816808412,-0.0007423648529653182,1.0000000096936625,1.0062816775050507,1,1.3707654806399898,0.19586095147571536,1.3827992786485044,0.1452808330865248,0.0009183355578382105,1.0000000536492673,0.3576617822068906,1,2.297633059458898,4.5325373691532365,5.0843507792785365,1.1024574832132616,0.016950878171772103,1.0000000871800279,0.007697450847638786,0
1.9400000000000002,-0.003753618827666255,0.004731690648171726,-2.5113567475587573e-11,0.28404770976520033,0.13228120604543314,0.3128783427512415,0.4519319401774289,0.00010571446386597703,1.000003277898702,19.947264147092174,1,0.4189597058028605,0.5838860366002101,0.7206926607307411,0.9548290686791113,0.0024103092103248897,1.0000004000204787,2.666803191092594,1,0.9067969890765857,-0.39417760592673073,0.9846671218039434,-0.4070408340874364,-0.0006124475216933077,1.0000000895764098,1.0107681950761094,1,1.351943660906662,0.30589056154163335,1.3845692491554007,0.2259918178785397,0.0009534592526972447,1.000000053986321,0.3599088062857778,1,2.2483474403394665,4.559908826356766,5.086842266615343,1.1135428378997732,0.017119360248449095,1.0000001123083233,0.0076867435490117,0
1.9600000000000002,-0.0037536188339087,0.004731690647960737,-2.5355755689515647e-11,0.1360263492930984,0.31204731747680453,0.3433970047322462,1.1718300810077993,0.00011350183024193889,1.0000033077308612,20.94842350634263,1,0.2905497213487175,0.6573494128381209,0.7216543581421443,1.160398512138921,0.0024428145310194656,1.0000004000092604,2.6667284021067768,1,0.9489695772747228,-0.2737322079719822,0.983926955482589,-0.27729178702363316,-0.0005016507144682234,1.0000003498360128,1.0150613272973192,1,1.3250989308185885,0.41407679118103324,1.3870958708182979,0.30645278521319674,0.0009862548985489453,1.0000000542554233,0.36170282181055236,1,2.1987923951310133,4.586732708666431,5.08934728372527,1.12461732465889,0.017269491545984676,0.9999998014263649,0.007675981482308559,0
1.9800000000000002,-0.00375361884069411,0.004731690647700435,-2.568777569128544e-11,-0.06642087413261966,0.37448252547336,0.3851374860926384,1.7511817649485053,0.00010825974047712301,1.0000031536068366,20.930617371100997,1,0.15008099054494942,0.7031088913184428,0.7227070232398951,1.3653929522531882,0.0023816277476965634,1.0000003998095408,2.665396939299745,1,0.9754764630447895,-0.1488279908221976,0.9834623206942368,-0.14738359911346305,-0.0004123756325083369,1.0000000355119485,1.0190863380217536,1,1.2904339348150666,0.5197899687082775,1.3903601805714294,0.3865785607329067,0.0010160926008972288,1.0000000544542142,0.36302809456219803,1,2.14897426341405,4.613006607686343,5.091865502849666,1.1356808952779909,0.0173991625411568,1.0000000942925094,0.007665166509668148,0
2.0,-0.0037536188454895024,0.004731690647434363,-2.6102574095243636e-11,-0.25293874048637466,0.33331216024891586,0.42359654715660205,2.218746494459649,9.725271188211243e-05,1.0000029598477358,20.268462971377183,1,0.003463097441006068,0.7193750226039773,0.7238063633377992,1.5697756872912012,0.0022364626599319605,1.0000003994309057,2.662872703961116,1,0.9858570039178257,-0.021529349194661367,0.9832813257940952,-0.01738998476896259,-0.0003391931474553105,1.0000000623879794,1.0227724348920078,1,1.248207277943807,0.6224267315629609,1.394337939121014,0.4662880553260279,0.0010434174806509796,1.0000000545811485,0.3638743229489008,1,2.0988993999749517,4.638728193101401,5.0943966067281865,1.146733504404202,0.017512211467983638,1.0000001055985142,0.00765430048137308,0
2.02,-0.003753618848340871,0.004731690647185585,-2.6582167890476516e-11,-0.38797178900042856,0.2216426107209492,0.4514439476875895,2.617031898840094,8.788856962540282e-05,1.000002834682137,19.31714414074212,1,-0.14318974601271797,0.7056040384817821,0.7249064859593396,1.7735360012602888,0.002032485897142392,1.0000003988904698,2.659269798931618,1,0.979930994181183,0.10605351787388734,0.9833871636609924,0.11261362730274385,-0.00027610128207202595,1.0000003539080127,1.0260543945390315,1,1.1987294029942837,0.7214157639259244,1.3990000132895453,0.545505128442362,0.0010683513628618941,1.000000054635516,0.36423677208006194,1,2.0485741737626055,4.663895212577768,5.096940280154555,1.1577751095573774,0.017611335682870325,0.9999998011625975,0.007643385246644495,0
2.04,-0.0037536188496750562,0.004731690646966092,-2.7110463179935707e-11,-0.4566718678614543,0.07079455491769883,0.4656182130057315,2.979216088633959,8.07811062757267e-05,1.0000028008112483,18.29601404239479,1,-0.2838165993391716,0.6624985133936612,0.7259618459063154,1.9766890692126877,0.0018048230688780943,1.0000003982119172,2.6547461147870504,1,0.9578027209880815,0.23180498322188434,0.9837780428312062,0.24255159301552354,-0.000218918406042026,1.0000000637691782,1.0288740866997748,1,1.1423578005350894,0.8162227792909486,1.404312826095777,0.6241593207279668,0.0010906176675157355,1.0000000546174397,0.364116264102549,1,1.998004966849341,4.688505491647104,5.0994962079332735,1.1688056705156438,0.017697904654872355,1.0000001012573454,0.007632422654784286,0
2.06,-0.00375361884969763,0.004731690646783657,-2.767356656330211e-11,-0.45389006793281234,-0.09195653824327604,0.46505748192898116,-2.9524158949926353,7.452474955761916e-05,1.000002809124356,17.340456352611767,1,-0.4126564830224215,0.5919566554848957,0.7269291215222772,2.179274783322189,0.0015851965708681699,1.0000003974243092,2.6494953946222504,1,0.9198586149726965,0.35364452396572843,0.9844472278916476,0.37234955985548246,-0.00016526106260479154,1.0000000369032127,1.031181833300513,1,1.0794917075503077,0.9063546695881929,1.4102388547164808,0.7021864435287664,0.0011097613008988329,1.000000054527854,0.363519026640817,1,1.9471981733976167,4.712556933577205,5.1020640752311195,1.1798251490490816,0.017772917942663828,1.0000000987231457,0.007621414550818247,0
2.08,-0.0037536188484437513,0.0047316906466436034,-2.8257440658208122e-11,-0.37980694354722605,-0.24082789365014154,0.4497986188779542,-2.588462725325371,6.840305726861576e-05,1.0000027868601786,16.553670586381077,1,-0.524474609588213,0.49697580721008217,0.7277689374959956,2.3813556343238984,0.0013936617293809604,1.0000003965607414,2.643738275426997,1,0.8667585863392193,0.4695662501300643,0.9853831879726778,0.501935933567503,-0.00011453305095673438,1.000000352435613,1.0329375490376398,1,1.010566457010864,0.9913627773740693,1.416737160654889,0.7795290184970354,0.0011253434440150856,1.0000000543684613,0.36245640904089155,1,1.8961601986341723,4.736047519230647,5.104643568081469,1.1908335088961346,0.017837574744476982,0.9999998012156245,0.007610362768930152,0
2.1,-0.003753618845790614,0.004731690646547793,-2.884645647349693e-11,-0.2400878681792966,-0.348308363245758,0.4210091315551976,-2.186238728030613,6.318719429173349e-05,1.0000026951117458,16.04772882723113,1,-0.6147610000647855,0.38151691018777195,0.7284473745290976,2.5830138124311577,0.001236425333707655,1.000000395656912,2.637712746673721,1,0.7994213796260013,0.5776763227466336,0.9865698480592237,0.631243260117863,-6.840138522089952e-05,1.0000000935752842,1.0341116193519022,1,0.9360476390958427,1.0708452814071596,1.423763937701808,0.8561365676404903,0.0011371379634010708,1.0000000541416723,0.3609444817984476,1,1.8448974578327182,4.758975306911636,5.107234373641711,1.2018307158635884,0.017893669572083146,1.0000001080635001,0.007599269125608735,0
2.12,-0.0037536188416641483,0.004731690646492207,-2.942335784739125e-11,-0.05066555271418843,-0.38274974401620415,0.38197293784310404,-1.711807542718983,6.077918014977082e-05,1.0000025675553816,15.985626076439969,1,-0.6798963080057735,0.25033718887642836,0.728937225165486,2.7843476956373454,0.0011092644994956514,1.0000003947496707,2.631664471183613,1,0.7190044991774465,0.6762272647613701,0.9879869336879904,0.760209483812283,-3.002611090495701e-05,1.0000000135844882,1.034685484787436,1,0.8564252259964649,1.1444487167746622,1.4312730640085265,0.9319657599856446,0.0011453612264494303,1.000000053850531,0.35900353897662024,1,1.7934163753062207,4.781338432201038,5.109836180036186,1.2128167380377668,0.01794411811514913,1.000000091693111,0.007588135414098293,0
2.14,-0.0037536188364449496,0.004731690646462923,-2.9971081172419645e-11,0.15069330315783785,-0.3113947838649697,0.34047466656455955,-1.1223279945186282,6.306367921429657e-05,1.0000025090455595,16.6077067049575,1,-0.7172813628550698,0.10879831101669843,0.7292189700900972,2.985467884347414,0.001004438275641198,1.0000003938755995,2.625837329079695,1,0.6268794386066594,0.7636483253661847,0.989610396046424,0.8887790494129283,-2.6262464443400976e-06,1.0000003453217017,1.0346519164728318,1,0.7722077977182856,1.2118686770744895,1.4392166453402968,1.0069804254068422,0.0011508481790266998,1.0000000534986293,0.35665752940467116,1,1.74172338340963,4.803135107779544,5.112448675003295,1.223791546126703,0.0179935404168746,0.9999998015853616,0.007576963401470235,0
2.16,-0.0037536188319515166,0.00473169064643114,-3.0481099415335944e-11,0.2909790371660224,-0.12380761280999382,0.31156405021637723,-0.3925884044149901,7.073673054934844e-05,1.000002631553128,18.07148883440001,1,-0.7254282614269276,-0.03734300691933387,0.7292814600022957,-3.096692380518803,0.0009147363070983828,1.0000003930696677,2.620464451953797,1,0.5246030809570456,0.8385712497151829,0.9914129017784771,1.0169038231650755,9.4292981665105e-06,1.0000001240976217,1.0340149846374969,1,0.6839169875685033,1.2728497669302072,1.447545537027877,1.0811514483522342,0.0011544834970474713,1.0000000530900177,0.35393345098130197,1,1.6898249215531373,4.824363623237709,5.115071541338587,1.2347551136390904,0.018046550766963772,1.0000001147001893,0.0075657548292713175,0
2.18,-0.0037536188320963977,0.004731690646360933,-3.0973106024401176e-11,0.2893131434043152,0.11951403086883283,0.31191395601037997,0.40933905930636544,8.197136637904762e-05,1.0000029145298739,19.86346595979805,1,-0.7040117826760066,-0.1821553702387736,0.7291222923996356,-2.8956404456398044,0.0008243039010573406,1.0000003923639902,2.6157599351317273,1,0.41388621596725284,0.8998510159452695,0.9933643733440713,1.144543813143901,-6.664271187760771e-06,0.9999999929452716,1.032789738058746,1,0.592082244498973,1.3271848878977277,1.4562098363791367,1.154456553712342,0.001154822374071955,1.0000000526291122,0.3508607477450525,1,1.6377274352255995,4.845022344872073,5.1177044505905425,1.2457074155895618,0.018099618527068834,1.000000084519548,0.007554511416767708,0
2.2,-0.003753618837681676,0.0047316906462473544,-3.1494545686683306e-11,0.1468645125739769,0.30493501481404084,0.34128529822047654,1.1363620587327805,8.966258046771745e-05,1.0000031905755213,20.92264460363158,1,-0.6538805467436287,-0.31975780359386463,0.7287478772938428,-2.694440625121058,0.000711240865611258,1.0000003917867044,2.6119113622250003,1,0.2965601463170679,0.9465813146098528,0.9954325741919969,1.2716676848789286,-6.850995519559618e-05,1.0000003327185165,1.0310016162680227,1,0.4972359865473422,1.3747139500994021,1.4651593488177832,1.2268800042530106,0.0011482729212785626,1.0000000521206107,0.34747073765692044,1,1.5854373750276285,4.865109715468176,5.120347070013018,1.2566484260095323,0.018142290073833712,0.9999998022712222,0.007543234861555879,0
2.22,-0.003753618844527655,0.004731690646126286,-3.207313668124323e-11,-0.05477512920867233,0.373768426420838,0.38286007015368895,1.7229893063302146,8.709913761838919e-05,1.0000033469840641,20.952177907401772,1,-0.5770278018715616,-0.44454349031265883,0.728173204873187,-2.492977488699407,0.0005777630097116422,1.0000003913609856,2.609073237929554,1,0.17454233038991213,0.9781047485394552,0.9975837195303038,1.3982530898908554,-0.0001784285082931758,1.0000001545989898,1.028685607390689,1,0.39990919702554406,1.4153221067096957,1.4743440156072045,1.2984122418317703,0.0011335456129097992,1.0000000515694107,0.34379607183473665,1,1.532961195715115,4.884624254071471,5.122999078446376,1.267578119063484,0.018173956958484214,1.0000001211568965,0.007531926839199032,0
2.24,-0.0037536188498061515,0.004731690646033757,-3.270069545008303e-11,-0.2433289355521167,0.3374102295541846,0.4217390453894338,2.1954742738559982,7.740054392689505e-05,1.0000033496934397,20.314547261091413,1,-0.47652214604269494,-0.5513960175951614,0.7274213207378266,-2.291145538010693,0.0004449715374005301,1.0000003911042108,2.6073614056426364,1,0.04980194269091238,0.9940179092929778,0.9997830814971018,1.5242868031698977,-0.00032792474772025957,0.9999999755456946,1.0258852392834945,1,0.30062749444107867,1.4489376088265642,1.4837142785072495,1.369049483520152,0.0011109826914586832,1.000000050980532,0.3398702141501034,1,1.4803053552540493,4.903564555744369,5.12566016360074,1.2784964718008338,0.018200656141767423,1.0000000772138218,0.007520589011477911,0
2.2600000000000002,-0.00375361885303106,0.0047316906459872275,-3.335499845075196e-11,-0.381661767444807,0.22873093083763632,0.4502665617160718,2.596577194763608,6.70338825997169e-05,1.000003195845095,19.37223466376043,1,-0.35639902198904544,-0.6358917417744809,0.7265225035243682,-2.0888533147394353,0.0003351804101856676,1.0000003910272828,2.6068485521626403,1,-0.07567386926181449,0.9941716307284542,1.0019955818116602,1.6497646698980113,-0.0005066822890894696,1.000000315022828,1.0226514757381058,1,0.1999076889011579,1.4755293749715659,1.4932213931466987,1.4387932792624394,0.001080820959599797,1.0000000503590396,0.33572693094031075,1,1.4274763138847804,4.921929291307782,5.128330013109691,1.2894034643530548,0.01822705112929131,0.9999998032721185,0.007509223036008018,0
2.2800000000000002,-0.0037536188544518147,0.0047316906459899805,-3.401416995285622e-11,-0.45415397528272855,0.07928956109255977,0.465222232715021,2.9600212209751398,5.840722182994099e-05,1.0000029265631967,18.35090503630508,1,-0.22151459678586977,-0.6944815152065584,0.7255131597725472,-1.8860271313392758,0.0002662625880786547,1.0000003911341406,2.6075609375423916,1,-0.19991237642435025,0.9786668355210527,1.0041863669126547,1.7746913903054946,-0.0007033776065976,1.0000001844458473,1.019041469982651,1,0.09825482296828322,1.4951043635287844,1.5028177025509675,1.507650051668611,0.001043309447819258,1.0000000497099701,0.3313998012802098,1,1.37448053319428,4.939717207068463,5.1310083116118,1.300299079224342,0.01825577914276153,1.0000001274233905,0.007497830569794132,0
2.3000000000000003,-0.0037536188544335155,0.0047316906460374945,-3.466058429851815e-11,-0.4552898896406884,-0.08346964365198506,0.4654686919173219,-2.9716227636350423,5.0988224195741616e-05,1.0000026301647855,17.389026534423042,1,-0.07736474809808563,-0.7246446534222348,0.7244344607682968,-1.6826142819143532,0.00024955494681231044,1.0000003914214775,2.6094765168425753,1,-0.320985783342655,0.9478464656163881,1.0063213549790946,1.899080166776256,-0.0009061947123221068,0.999999961960749,1.0151172663509147,1,-0.0038403170831648134,1.507704827059387,1.5124568706931627,1.5756306326328835,0.0009990085512295757,1.000000049038267,0.32692178009856043,1,1.3213244751969488,4.956927124534143,5.133694740786531,1.3111833008459768,0.018288377235388988,1.000000069787506,0.007486413269483416,0
2.3200000000000003,-0.0037536188532758105,0.004731690646121615,-3.528064819457999e-11,-0.38499251201331264,-0.233765617442613,0.4509898299397962,-2.6089561031427726,4.3683811004010315e-05,1.000002410742437,16.59045216985974,1,0.07012663158517353,-0.7250078439525168,0.7233307537104612,-1.4785855774874481,0.00028857212938914964,1.0000003918786968,2.6125246450276243,1,-0.4370394766365761,0.9022840236732762,1.0083677445662709,2.0229522344183293,-0.001103957191536613,1.0000002928412417,1.0109445157240216,1,-0.1059032439156609,1.5134055166397562,1.5220940765373208,1.6427498060218273,0.0009488562987527182,1.000000048348725,0.3223248327783411,1,1.2680146014247273,4.973557940117515,5.1363889799011915,1.3220561153750257,0.01832587740748185,0.9999998045864631,0.007474972790838031,0
2.3400000000000003,-0.003753618850963071,0.0047316906462326665,-3.5863157929472145e-11,-0.2485555383512812,-0.34425869383620383,0.4228767038593353,-2.209584461994331,3.6089757926909866e-05,1.0000023428564655,16.06573763964326,1,0.2148439697416918,-0.6954219059779646,0.7222477923305098,-1.2739370470937634,0.00037929026399552353,1.0000003924881344,2.6165875630007034,1,-0.5463177436703746,0.8427692596696685,1.0102944784548942,2.146336297576649,-0.0012869637467258204,1.0000002130934347,1.006591229533581,1,-0.20747739765601017,1.5123108938678227,1.531686170675975,1.709025864058195,0.0008941381750744667,1.0000000476459465,0.3176396429527448,1,1.2145573720267295,4.989608624828987,5.139090706339331,1.3329175106296003,0.01836923185819153,1.0000001334897415,0.007463510787858612,0
2.3600000000000003,-0.0037536188472015344,0.004731690646358845,-3.639669381855226e-11,-0.06112765276563914,-0.3835367079389605,0.38425186128862954,-1.74011889618725,2.8895678987787385e-05,1.0000024440799997,15.974015236231159,1,0.35073289550898007,-0.6369900952771222,0.7212308471112746,-1.068690655961362,0.0005127026694245398,1.0000003932255757,2.6215038378148208,1,-0.647186810705129,0.7702915177698967,1.0120726593940748,2.269267894041626,-0.0014471624943655345,0.9999999527314808,1.0021265972866784,1,-0.30812539725301563,1.5045523980629667,1.5411917973738445,1.774480183847532,0.0008365093575879098,1.0000000469343082,0.3128953876950192,1,1.1609592448786723,5.005078223958648,5.141799595940083,1.3437674761521416,0.018419891265186096,1.000000062252366,0.007452028911620543,0
2.38,-0.0037536188418744033,0.004731690646481123,-3.686811619885155e-11,0.14112234891086947,-0.31858266531122387,0.3425708915952707,-1.1579468026378308,2.476162247008261e-05,1.0000026830653201,16.552342943072276,1,0.4720595250504761,-0.5520431593787645,0.7203227703925672,-0.8628939189923674,0.0006785455032126172,1.0000003940610778,2.6270738517337864,1,-0.7381551443115667,0.6860212190529866,1.0136759163198243,2.391788706990088,-0.0015778314678321739,1.0000002669379071,0.9976198880331933,1,-0.40742995432878887,1.4902858065914981,1.5505714848829542,1.8391368292777177,0.0007781428466191601,1.000000046217936,0.3081195724053789,1,1.1072266747024173,5.019965856748056,5.144515322438963,1.3546060034455596,0.01848055304689026,0.9999998062121724,0.00744052880919529,0
2.4,-0.0037536188366630264,0.004731690646563488,-3.72705520959582e-11,0.287083548032922,-0.13656746563126265,0.3124923592405351,-0.43525451651613734,2.9651493616660914e-05,1.0000029973165927,17.97464303402441,1,0.5736642455947397,-0.4440586448200641,0.7195621079662188,-0.6566183344000139,0.0008637425735268622,1.0000003949600824,2.633067216014219,1,-0.8178910343086093,0.5912899026520041,1.0150807201008272,2.5139458425666104,-0.00167372563840992,1.0000002400605563,0.9931394492626013,1,-0.5049944900765782,1.469688717387978,1.5597877055198697,1.9030221819117403,0.0007215070290742976,1.0000000455006877,0.3033379180730913,1,1.0533661121956996,5.03427071605154,5.147237553881069,1.3654330861825161,0.018553932488933635,1.0000001393463358,0.007429012123399603,0
2.42,-0.003753618836391738,0.004731690646558491,-3.7630248743425465e-11,0.2941615402679817,0.10664667649833973,0.31104215945929237,0.3665194132454325,4.163742711038725e-05,1.0000032585530532,19.77715037540073,1,0.6511969437842485,-0.3175249819023189,0.718981362979938,-0.4499566372064365,0.0010490938270444076,1.000000395884814,2.6392320941639404,1,-0.8852375303897492,0.4875691870054132,1.016266645762755,2.6357910852835102,-0.0017378214997630713,0.9999999483130696,0.9887518107542604,1,-0.6004434952365401,1.4429581747662974,1.5688049059691593,1.9661646000506348,0.0006671155845206821,1.0000000447861441,0.29857429444311967,1,0.999384003171901,5.047992067987059,5.149965946074567,1.3762487191237243,0.0186346738163699,1.0000000546203385,0.00741748049318051,0
2.44,-0.0037536188421943882,0.0047316906464557,-3.8009783688564e-11,0.1575530995586674,0.2975461178167522,0.33921099358671286,1.100470106409499,5.09891008045771e-05,1.0000033121434866,20.893535306813813,1,0.7013203862080195,-0.17775439601567605,0.7186054918609067,-0.24301894350151518,0.0012116144932248212,1.000000396795968,2.64530645341097,1,-0.9392248385404421,0.37644894946520707,1.0172165849272654,2.757380131980335,-0.001785350191274782,1.0000002381783206,0.984520895667575,1,-0.6934226716310083,1.410308452626266,1.5775895204932155,2.0285941020141776,0.0006123856971899105,1.000000044077604,0.2938506928754988,1,0.9452867877093456,5.061129251577843,5.152700147500376,1.387052895407522,0.01870864317198704,0.999999808146669,0.007405935550213834,0
2.46,-0.0037536188490415404,0.004731690646295241,-3.844866612590092e-11,-0.043062986515187245,0.3728228087694419,0.3805748567765063,1.694465013502047,5.329109895634942e-05,1.0000031715203967,20.97162883321125,1,0.7218693973506,-0.030652397303486005,0.7184507119416005,-0.03592792069877663,0.0013461076980568031,1.00000039765447,2.6510297996146064,1,-0.9790802994699389,0.2596149611161936,1.017916926902465,2.8787718167478755,-0.0018274185433415362,1.0000002649062176,0.9805073327084308,1,-0.7835988915088417,1.371969003277519,1.586109982537786,2.0903420845398077,0.0005563432882098677,1.000000043378085,0.289187231950172,1,0.8910808993106317,5.073681678386858,5.155439816857488,1.3978456069657101,0.018770608955268164,1.000000144983893,0.007394378911056402,0
2.48,-0.0037536188540086414,0.00473169064611661,-3.894520556740888e-11,-0.23354745087860684,0.3413761997654852,0.41985113155227904,2.171997367038004,5.0844666381362014e-05,1.0000029775525439,20.359603229260294,1,0.7119556134189848,0.11754494020285121,0.7185237198094051,0.1711867441368241,0.0014675632845092873,1.0000003984233006,2.656155337135798,1,-1.0042360719927113,0.1388261577988223,1.018357701747122,3.0000273492151455,-0.0018674728771276847,0.9999999490311935,0.9767678581027556,1,-0.870660008199138,1.3281825753007563,1.5943367159472912,2.1514410821968073,0.0005002569362532267,1.0000000426903284,0.28460218984508945,1,0.8367727640737728,5.085648832144154,5.158184624130277,1.4086268473646133,0.018823135272020154,1.000000046903515,0.007382812175239126,0
2.5,-0.003753618857000284,0.00473169064593935,-3.948533253833597e-11,-0.375136491875249,0.23577892301546807,0.4490490264985193,2.5760158932578445,4.742407453735942e-05,1.0000028451129135,19.426959305767458,1,0.6720108166810966,0.26055199418860003,0.7188213725017738,0.3781942738116403,0.0015918254166632359,1.000000399069275,2.6604618331169223,1,-1.0143346316886057,0.015891680446182558,1.018532674108433,3.121209557825359,-0.001908640304047483,1.000000207478782,0.9733547985623984,1,-0.9543145483875475,1.2792034998432853,1.6022421032338257,2.2119245534071688,0.0004453209530321688,1.0000000420168091,0.28011206056222565,1,0.7823687998746812,5.097030268365332,5.160934242575566,1.41939661239133,0.018868030876187016,0.999999810386886,0.007371236926942998,0
2.52,-0.0037536188584367264,0.0047316906457719864,-4.005737148232713e-11,-0.4514054588268881,0.0878232817936621,0.4647826221210255,2.940795303123265,4.4389925178976735e-05,1.0000028046843548,18.405843415577728,1,0.6037658971586747,0.3923173848189251,0.7193308436403649,0.5849687955037594,0.0017259507962388686,1.0000003995646394,2.663764262799374,1,-1.0092321724002085,-0.10735222011616809,1.0184393971767485,-3.0408031757785,-0.001954821804036986,1.0000002872146554,0.9703156227634658,1,-1.034291313075187,1.2252961413827668,1.6098004459724309,2.271826690230719,0.0003921278410444313,1.0000000413597447,0.27573163099635134,1,0.7278754155596794,5.1078256139616265,5.163688345871198,1.430154899512144,0.01890536020674138,1.000000150393479,0.00735965473221318,0
2.54,-0.003753618858563532,0.00473169064561962,-4.065274245707018e-11,-0.4564588460300869,-0.07486969521920983,0.46583650275953864,-2.990792805846318,4.12527486482664e-05,1.000002811920856,17.437956844947653,1,0.5101668723954181,0.5072947703547457,0.720030240578096,0.7913950490288172,0.0018639479155143582,1.0000003998883824,2.665922549406272,1,-0.9889999683536576,-0.229065345387755,1.0180792320674787,-2.919576445624822,-0.0020093188990137874,0.9999999550515368,0.9676925431319333,1,-1.110338911336884,1.1667335065425652,1.6169879210141191,2.3311822538826372,0.00034087318056164636,1.0000000407211107,0.2714740719259393,1,0.67329901014852,5.118034566843711,5.166446608485442,1.440901707524665,0.018934475448557486,1.0000000391141202,0.007348067133298201,0
2.56,-0.0037536188574339774,0.00473169064548618,-4.126331134418626e-11,-0.3899621189516266,-0.2265108717443635,0.4521415933562468,-2.629338206294792,3.7814259206820464e-05,1.0000027938244256,16.62791863754756,1,0.39523361045031513,0.6006860221972133,0.7208896415341256,0.9973734876909154,0.001986343603779991,1.0000004000271794,2.666847862751263,1,-0.9539237202915284,-0.3474267240408891,1.0174573330047108,-2.7982324213179903,-0.002074157172575971,1.0000001757645307,0.9655221622204677,1,-1.1822252481209086,1.1037960030139786,1.623782532990381,2.3900264349282385,0.0002915627851695401,1.0000000401026556,0.26735103735981064,1,0.6186459720490637,5.127656895520189,5.1692087066629355,1.4516370364715605,0.018954761769378572,0.9999998129292723,0.007336475643818767,0
2.58,-0.0037536188549207967,0.004731690645373723,-4.187954670553662e-11,-0.2568502743465458,-0.33992406477008724,0.42471498693348325,-2.232723541803323,3.477825168649663e-05,1.0000027065957724,16.08488338855396,1,0.26387046424897953,0.668644518445373,0.7218724869587916,1.2028245096376684,0.0020654788987693826,1.0000003999759215,2.6665061429625356,1,-0.904500872073018,-0.4606577462858093,1.0165825967714506,-2.676709377538512,-0.002149399790783688,1.0000003065891607,0.9638351834269402,1,-1.2497369843875996,1.0367703394873347,1.6301640643705695,2.4483947359610903,0.0002441601483273021,1.0000000395059156,0.2633727704399101,1,0.5639226782844355,5.136692438689929,5.171974319339236,1.4623608877139813,0.018966172155162463,1.0000001555665208,0.0073248817467579325,0
2.6,-0.0037536188509515287,0.004731690645280047,-4.2490039264819757e-11,-0.07152099617478608,-0.3839378830521423,0.38652423489859233,-1.768101114042434,3.351101494350307e-05,1.0000025768999792,15.964222023230384,1,0.12164057417127028,0.7084295328616128,0.7229372422582783,1.4076916339134824,0.002076525650396956,1.000000399737812,2.664918746351584,1,-0.8414358481820586,-0.5670451946383758,1.0154675738897854,-2.554947761076141,-0.0022327460908559502,0.9999999663617627,0.9626561566236997,1,-1.3126789852134757,0.9659485566009762,1.6361140245799157,2.5063228746238133,0.0001987506914802936,1.000000038932232,0.2595482138848069,1,0.5091354937331865,5.145141104827455,5.174743128785216,1.473073264148017,0.018969877507375513,1.000000031264493,0.007313286896306573,0
2.62,-0.003753618845823389,0.004731690645194789,-4.308271794872809e-11,0.13140577410747573,-0.32533538580398386,0.344705227967268,-1.193148036524275,3.6097311706853e-05,1.0000025046914025,16.49938656483493,1,-0.025483054219502744,0.7185063632826764,0.7240392400426928,1.6119435182016866,0.00201066502057548,1.00000039932405,2.662160332941879,1,-0.7656331325461614,-0.664964085890737,1.0141283415396996,-2.4328909505426495,-0.002319530242124188,1.000000143935077,0.9620032066025573,1,-1.3708737691586301,0.8916271784303536,1.6416155995459032,2.563846705275921,0.00015579352510348407,1.0000000383827683,0.2558851223537851,1,0.45429077038252985,5.1530028717603145,5.177514820344882,1.4837741706167802,0.018969130281228434,0.9999998157697976,0.007301692523820319,0
2.64,-0.0037536188410934855,0.004731690645094202,-4.3651818271150944e-11,0.2827709344562434,-0.14905951037232382,0.3135134750517755,-0.47769578166302185,4.4085596774284546e-05,1.0000026069614996,17.878800359966206,1,-0.17137643090213167,0.6985904866813677,0.7251326072841696,1.815574794005167,0.0018810913954745204,1.0000003987531452,2.6583543016098607,1,-0.6781880849201186,-0.7529002034850801,1.012584339323748,-2.3104860137362584,-0.0024040181263941395,1.0000003226516656,0.9618877694068082,1,-1.424160970120827,0.8141064738776432,1.6466536016171955,2.621002158283736,0.0001161787963342606,1.000000037858526,0.2523901744461324,1,0.3993948465940418,5.160277786236724,5.180289079111697,1.4944636143950862,0.018968443281945187,1.0000001604948199,0.007290100047116595,0
2.66,-0.003753618840595453,0.004731690644945852,-4.421661994880033e-11,0.298582209422331,0.09367295625278345,0.3102625921329944,0.3234226491321922,5.5965925595947513e-05,1.000002882452299,19.688145229817273,1,-0.31002101118346914,0.6496372641216048,0.7261721850503194,2.018605759300701,0.0017053937016460329,1.000000398049932,2.65366621304024,1,-0.5803753742862194,-0.82947215408634,1.0108581644378103,-2.1876844560145274,-0.0024873608527161578,0.9999999827629265,0.9623143568775312,1,-1.4723968210573881,0.7336898173655358,1.6512144155563366,2.6778251944293157,7.978663149575254e-05,1.0000000373603624,0.24906908256885227,1,0.3444540463806114,5.166965963482632,5.183065582387379,1.505141604564603,0.018965645288770136,1.0000000233670694,0.00727851088078169,0
2.68,-0.0037536188457951247,0.004731690644744341,-4.4826013560761435e-11,0.16808371260356184,0.2898682746915485,0.33717077591427097,1.0641020134355132,6.615373106347694e-05,1.000003168806985,20.86090489685142,1,-0.43574685425991055,0.5737812883792731,0.7271153630034937,2.221081018734066,0.0014879877063162265,1.0000003972443567,2.64829571225949,1,-0.4736349046131417,-0.8934527288340448,1.008975314257201,-2.064442955851164,-0.002578704096430954,1.0000001128340419,0.9632803473315571,1,-1.515453667341773,0.6506831384098435,1.6552859420941919,2.7343517654722405,4.417278191574424e-05,1.000000036889005,0.24592669920051483,1,0.2894746786928389,5.173067586749151,5.185844001160241,1.5158081493851576,0.01894900352104141,0.9999998189039586,0.007266926441244921,0
2.7,-0.0037536188527195944,0.004731690644528044,-4.5513316206113874e-11,-0.031287311479969354,0.37163609415736715,0.3782767997273084,1.665572704988339,7.064075228599028e-05,1.0000033405353508,20.988904502129564,1,-0.5434536834531934,0.4742312552870276,0.7279237661518733,2.423067220407236,0.001245900481671171,1.00000039637012,2.642467467329221,1,-0.359555119592255,-0.9437892898496264,1.0069638790540818,-1.9407240943500683,-0.0026770870409419524,1.0000003350445636,0.964775808162573,1,-1.5532195161760214,0.5653944499172652,1.6588575601519473,2.7906177810620822,7.825495973944593e-06,1.0000000364450676,0.2429671175549798,1,0.23446303671400504,5.17858290685316,5.18862401703844,1.5264632561278262,0.018914944761214775,1.0000001651705652,0.007255348142538994,0
2.72,-0.003753618858244296,0.004731690644339986,-4.627363076048496e-11,-0.22359660859323183,0.34520595566912204,0.41792845930806644,2.148295364842814,7.142397854400923e-05,1.000003358612279,20.40367151264268,1,-0.6288031078879219,0.3551272660246681,0.728564724475216,2.6246500571108524,0.0010055984861645135,1.000000395463242,2.6364216133811373,1,-0.23985360144903278,-0.9796228396785056,1.004854200841962,-1.8164970574715003,-0.0027731004377226968,1.0000000038670793,0.9667833594899182,1,-1.5855976274041887,0.4781334454787602,1.6619201008396887,2.846659094860383,-2.8754450340832272e-05,1.0000000360290646,0.24019376486098779,1,0.1794253971651764,5.183512241713427,5.191405325525313,1.5371069339420318,0.018869029084358665,1.0000000154343587,0.007243777392483671,0
2.74,-0.0037536188617062444,0.0047316906442049144,-4.7084434441624357e-11,-0.368400439427893,0.24278655650136458,0.44778883623139665,2.555336249714517,7.278456423532635e-05,1.0000032178687892,19.481410070848543,1,-0.688377198467993,0.2213678525928994,0.7290124797188647,2.825930676212423,0.0007807569419125574,1.0000003945606197,2.630404131727666,1,-0.1163549266219963,-1.0003053695996678,1.002678486508644,-1.6917382823710678,-0.0028588658810436408,1.000000083221138,0.9692780918319981,1,-1.6125061500245308,0.3892111564546285,1.66446581455215,2.9025115018215604,-6.470363371657121e-05,1.0000000356414234,0.23760948947911745,1,0.12436801962123974,5.187855975881347,5.194187627604453,1.5477391948143107,0.018816781629327047,0.9999998223267873,0.007232215592539099,0
2.7600000000000002,-0.003753618863301548,0.004731690644132337,-4.792150617299873e-11,-0.4484337824045409,0.09639832716418714,0.4642988617349808,2.9215292069821217,7.639661929363107e-05,1.0000029555265664,18.46093797723772,1,-0.7198002319090172,0.07841394622099095,0.7292491110543181,3.027021651877449,0.0005709535187535069,1.0000003936986166,2.6246574439302006,1,0.009034190910929035,-1.0054150268571398,1.0004703684354799,-1.5664320377753576,-0.00292933593264883,1.0000003434324116,0.9722275586560688,1,-1.633877807536013,0.2989396600866398,1.6664883390314515,2.9582107382605205,-9.933859849186231e-05,1.000000035282497,0.23521664635059228,1,0.06929714583710073,5.191614560066043,5.196970625365253,1.5583600531395538,0.018761993181395306,1.0000001695863463,0.0072206641350310566,0
2.7800000000000002,-0.003753618863418765,0.004731690644122925,-4.87637014101594e-11,-0.4574077392311485,-0.06615253215538923,0.4661620323749667,-3.009937053057552,8.134553516807765e-05,1.0000026569337142,17.487352177391276,1,-0.721821660196038,-0.06792331692838986,0.7292651692700126,-3.055142642058617,0.0003706301885812163,1.0000003929117007,2.6194113381569366,1,0.13435234977564958,-0.9947685966577362,0.9982644183427892,-1.4405709219456828,-0.002981334000760065,1.0000000291000462,0.975591867273874,1,-1.649659634148857,0.20763183004127703,1.6679826734815992,3.0137924852505185,-0.0001321453895992482,1.0000000349525777,0.23301718455389142,1,0.014218999084154903,5.1947885106555765,5.199754021145416,1.568969525335613,0.018707518125712214,1.0000000074789273,0.007209124398073564,0
2.8000000000000003,-0.0037536188623710936,0.004731690644172713,-4.959309005125867e-11,-0.3947299684419472,-0.21905918789007345,0.4532558951701346,-2.64962561334698,8.660943075288654e-05,1.0000024266849428,16.66615279758944,1,-0.694359241243268,-0.21170444555061302,0.7290600132471643,-2.8540693013097598,0.00017639624428485224,1.0000003922312117,2.6148747452887235,1,0.25761327918155896,-0.9684307682906136,0.9960956201424873,-1.3141562554826487,-0.0030130204548003076,1.0000000557473,0.9793238917584542,1,-1.6598127632657314,0.1156011206716319,1.6689451577680487,3.0692923758766195,-0.0001627478093031586,1.00000003465191,0.23101273301729283,1,-0.04086021650220396,5.197378409235283,5.202537517583549,1.5795676296711172,0.01865588924928075,0.9999998260328579,0.007197597741308466,0
2.8200000000000003,-0.003753618860156846,0.004731690644275246,-5.03935036061387e-11,-0.2649886941879647,-0.3353013730449561,0.4265255584169441,-2.2556806365675848,9.046928812396114e-05,1.0000023432629779,16.105211802417276,1,-0.6385018541502413,-0.3470868974850205,0.7286418303201162,-2.6528233045377205,-1.2394862373889985e-05,1.0000003916843387,2.6112289254195105,1,0.37683767697262815,-0.9267196523952547,0.9939988080236326,-1.1871983454167978,-0.003023353068618449,1.000000347505069,0.983369631066266,1,-1.6643122697336417,0.023161376346153877,1.6693734561369373,3.1247460060640613,-0.00019085184771236704,1.0000000343807012,0.22920467430478061,1,-0.09593431656352466,5.199384902102547,5.205320817800034,1.5901543862259333,0.018609733450292442,1.0000001737351636,0.007186085503614236,0
2.8400000000000003,-0.0037536188565225367,0.004731690644421183,-5.114816903351027e-11,-0.08186123847692912,-0.3839524326677593,0.3887894997604431,-1.7957861134083757,9.199088946347071e-05,1.0000024290085558,15.956257325496933,1,-0.5564719681104705,-0.46854777091964606,0.7280273355854232,-2.4512907954930703,-0.00019243515444636344,1.0000003912931719,2.608621145230872,1,0.4900865880907038,-0.8702080440863188,0.9920080780737026,-1.0597165979131833,-0.0030115552833120413,1.000000057711981,0.9876687332292032,1,-1.6631470675182844,-0.06937334221344978,1.6692665463113954,-3.102996358915972,-0.00021612331965800545,1.0000000341391304,0.22759420285992818,1,-0.1509971371475243,5.200808699777946,5.208103625519645,1.6007298169722919,0.018572316394915585,0.9999999995133777,0.00717458900254806,0
2.8600000000000003,-0.003753618851281263,0.004731690644593634,-5.183805988628887e-11,0.12153363063665869,-0.331649744422456,0.3468736375554224,-1.227958649991969,9.376739777210071e-05,1.0000026554667683,16.448892567402662,1,-0.4515481781972206,-0.5710977157481457,0.7272411732668139,-2.2493687265066673,-0.0003523994268332211,1.000000391073846,2.6071589732184077,1,0.5954957097921441,-0.7997199886056447,0.9901561842012503,-0.9317394592305596,-0.002976215176494164,1.0000000309372186,0.9921551987425451,1,-1.656319863954238,-0.1616889220175185,1.6686247152392149,-3.047528540130458,-0.00023802884573478444,1.000000033927356,0.22618237334910643,1,-0.2060425353256266,5.2016505765126295,5.210885644608044,1.6112939460462314,0.018548391814116334,0.9999998300162953,0.007163109535115483,0
2.8800000000000003,-0.0037536188457753692,0.004731690644758376,-5.2448431882290425e-11,0.278029866828849,-0.1612673371369239,0.31462235110111486,-0.5199079235314096,0.00010113188561379416,1.0000029640351236,17.78426300713246,1,-0.327948781439259,-0.6504796085687801,0.7263150335727876,-2.046968916362874,-0.0004745684924548633,1.0000003910358868,2.606905912612925,1,0.6913098833808992,-0.7163223055541174,0.9884739330160351,-0.803304168805521,-0.002915221260405253,1.0000003469868028,0.996758259590233,1,-1.6438471709144094,-0.2534713596171901,1.667449561864053,-2.992000270745605,-0.0002559743290989225,1.0000000337455217,0.2249701446075466,1,-0.2610643897988557,5.201911369791151,5.213666575931487,1.6218468001693582,0.01854373768014923,1.000000177610441,0.00715164837996201,0
2.9000000000000004,-0.003753618844672433,0.004731690644865773,-5.29944308921837e-11,0.30254440111766506,0.08061048958348033,0.3095744915076221,0.2800691485978683,0.00011424097034538816,1.0000032368895684,19.5968526907938,1,-0.1906781960131889,-0.7033451536183425,0.7252864950659039,-1.844021697458894,-0.0005535870137413764,1.0000003911817612,2.6078784077131085,1,0.7759169225462133,-0.6213108644556583,0.9869895970643089,-0.6744563130112106,-0.0028314114853686422,1.0000000888009597,1.0014034683263584,1,-1.6257593726682698,-0.3444069281116717,1.6657440023859056,-2.9363759478359475,-0.00027059467679031973,1.000000033593763,0.22395842039714295,1,-0.316056601492266,5.201591979829504,5.216446109335291,1.6323884081712712,0.018557614425121095,0.9999999915503274,0.007140206801280756,0
2.92,-0.003753618849933014,0.004731690644896012,-5.353116040718309e-11,0.17841952631549546,0.2819020983242722,0.3351660864444981,1.0272632398251267,0.0001258559639046796,1.0000033142195655,20.825005354757142,1,-0.04533921558673799,-0.7274022305292265,0.7241976075616074,-1.6404790027187606,-0.0006066304926749497,1.0000003915066424,2.610044282507316,1,0.8478798469281276,-0.5161915709402388,0.9857283575901287,-0.5452491662877124,-0.0027380257728990484,1.0000000091859274,1.0060140140161675,1,-1.6021008498430034,-0.4341823570058707,1.6635122703077816,-2.8806199242752415,-0.00028417418891935915,1.000000033472213,0.2231480863267517,1,-0.3710130941386931,5.20069336906821,5.219223922268908,1.6429187982649132,0.01857792952279587,0.9999998342707855,0.007128786051510926,0
2.94,-0.0037536188567681536,0.004731690644881613,-5.4097789616014413e-11,-0.019478607544947606,0.3701992888047069,0.3759669858279699,1.6363130579455252,0.0001304749428988477,1.0000031885492044,21.00421798752807,1,0.10208434216546293,-0.7215256918036638,0.7230932489548061,-1.4363167521809996,-0.0006388414880081105,1.0000003919984206,2.613322803665321,1,0.9059665534770235,-0.40265621897847187,0.9847117791489576,-0.4157428236021971,-0.00264407025978133,1.0000003416576695,1.0105121309657652,1,-1.5729301585595898,-0.5224850327239694,1.6607599273836493,-2.82469650575252,-0.00029764316437647,1.0000000333810064,0.22254004208061737,1,-0.42592781485263626,5.199216561661729,5.221999696157804,1.6534379970587902,0.018598473393394953,1.0000001812060355,0.007117387368448735,0
2.96,-0.003753618861862104,0.0047316906448584255,-5.4691446683963196e-11,-0.21350118799286558,0.3488872970749297,0.4159717120322887,2.1243699680418207,0.00012841524759343018,1.0000029955169545,20.446959686953715,1,0.24546814222117133,-0.6858246217253409,0.7220193197527864,-1.2315363792529557,-0.0006418821497648689,1.000000392637985,2.6175865674682877,1,0.9491759653494316,-0.28255357942999404,0.983957344855768,-0.28600315634856155,-0.002549155048168146,1.0000001213554104,1.014820639622442,1,-1.5383202634825184,-0.6090032277877597,1.65749389632214,-2.768569947611013,-0.00031048634377577364,1.000000033320284,0.22213522769791408,1,-0.4807947346932649,5.197162642965949,5.2247731228557965,1.6639460321032082,0.0186222649911322,0.9999999836023902,0.007106011973853956,0
2.98,-0.0037536188649433815,0.004731690644841353,-5.5295147800837885e-11,-0.361474211957916,0.24974005859299414,0.446486274400095,2.534540448770634,0.00012314318326363992,1.000002856187594,19.53577095925724,1,0.3788024700842529,-0.6216599923681947,0.7210208357538143,-1.0261653321929558,-0.0006141456744251312,1.0000003933998045,2.622665364140602,1,0.9767597573176835,-0.15785630496508782,0.9834780803261203,-0.1561006042469774,-0.002451336932071357,0.9999999907752288,1.0188645918813486,1,-1.4983588231565663,-0.6934263668931594,1.6537224934500452,-2.712204448992618,-0.0003223578096353487,1.0000000332901966,0.2219346433349903,1,-0.535607849215595,5.194532759022223,5.227543897412464,1.6744429330181931,0.018652260275081482,0.9999998387895845,0.007094661078224162,0
3.0,-0.003753618866423833,0.004731690644832398,-5.589505160802366e-11,-0.4452554794575719,0.1049995766991276,0.46377019022489,2.902224852398761,0.00011755409338546679,1.0000028089556878,18.516331494916855,1,0.49645145537153546,-0.5316083242144026,0.7201399906950475,-0.8202564414576217,-0.0005625810601555874,1.0000003942528155,2.628352103897759,1,0.9882388740715519,-0.030624430635409143,0.9832822713226703,-0.02610882531037397,-0.0023492235024446407,1.000000331391065,1.022572941493373,1,-1.4531485254606034,-0.7754453383715187,1.6494554589225912,-2.6555641538138826,-0.00033332576945471813,1.0000000332909045,0.22193936262480016,1,-0.5903611790108677,5.191328116036273,5.230311713646243,1.6849287310649126,0.01868915571561167,1.000000184516247,0.007083335884855204,0
3.02,-0.003753618866592556,0.00473169064482918,-5.6482154023318465e-11,-0.4581478332722846,-0.05733469847891686,0.46644222347927855,-3.029052595153534,0.00011257100461062143,1.000002814625844,17.537312716192417,1,0.5934041680993032,-0.41936941610846723,0.7194142821296668,-0.6138860963416133,-0.0004971749033597777,1.000000395161615,2.6344107670516794,1,0.9834142248818543,0.09703357958662238,0.983373281869078,0.1038967545863731,-0.0022419968672192795,1.0000001543167836,1.0258801780767872,1,-1.4028074703344549,-0.8547528598470575,1.6447039907685272,-2.59861316074458,-0.0003436846687195129,1.000000033322581,0.22215053944946747,1,-0.6450487702371671,5.187549979853305,5.233076263531199,1.6954034586499331,0.018732171165112027,0.9999999756821558,0.00707203759041486,0
3.04,-0.003753618865520454,0.004731690644828054,-5.704980064746845e-11,-0.39929968716413033,-0.21142831133102188,0.45432617811550574,-2.6698100883443594,0.00010802540162144093,1.0000028004257198,16.705239438371116,1,0.6655043903987224,-0.28961935983565823,0.7188748006484665,-0.40715123945418863,-0.00042506675364566035,1.0000003960879265,2.6405861763917073,1,0.9623711462846152,0.22300116302842585,0.9837494805143209,0.2338404467947761,-0.002129048618680289,0.9999999759093893,1.0287278636126231,1,-1.3474695961731653,-0.9310439072650639,1.6394807838650343,-2.541315542290708,-0.00035380517030157547,1.000000033385411,0.22256940773195769,1,-0.6996646951404092,5.183199675430636,5.235837237839654,1.7058671490401658,0.018779787340364167,0.9999998435655294,0.0070607673838802695,0
3.06,-0.003753618863089598,0.004731690644823928,-5.759177423153572e-11,-0.27296349925829616,-0.33040773849259575,0.42829798131034663,-2.278434690338066,0.0001040660644053052,1.0000027180015079,16.126839448218643,1,0.7096458621776539,-0.14781366079205033,0.7185447809093095,-0.2001652706732322,-0.0003454812807890858,1.0000003969922813,2.6466152086535195,1,0.9254774609359356,0.3451942154732679,0.9844042779511498,0.36364781245969197,-0.002009523047668249,1.0000003162033277,1.0310660117129973,1,-1.2872851453811531,-1.0040162168091107,1.6338000731941504,-2.4836353739983807,-0.000364009118750021,1.000000033479591,0.22319727429420202,1,-0.7542030525655135,5.178278586308045,5.238594327127681,1.716319836234759,0.018830305217579203,1.0000001875358278,0.007049526445202468,0
3.08,-0.003753618859232659,0.00473169064480846,-5.8101578236102736e-11,-0.09212700706183528,-0.38359103092018904,0.3910341045659445,-1.823128712403312,0.00010193751754659373,1.0000025870634202,15.950333727928584,1,0.7239209712781358,5.1020230737611454e-05,0.7184385034206808,0.006946959652245763,-0.0002461358297911508,1.0000003978358332,2.652238887794197,1,0.8733752095302084,0.4616007136255808,0.9853262742677993,0.4932471354076138,-0.0018826283033523202,1.0000001866546262,1.0328542565734957,1,-1.2224211634477853,-1.0733708695292115,1.6276776806877964,-2.4255367753451575,-0.00037442067947419326,1.0000000336053259,0.22403550530892433,1,-0.8086579684577847,5.172788154076369,5.241347222837169,1.7267615549866024,0.018882540612255493,0.99999996780217,0.00703831594386884,0
3.1,-0.0037536188541746024,0.0047316906447667575,-5.857311250606623e-11,0.11153926295962886,-0.33751707199412817,0.3490620210763635,-1.2622910976805948,0.00010364077413713153,1.000002502231363,16.401287220775046,1,0.7077132429049416,0.1477046575398541,0.7185606175358236,0.21405480763547122,-0.00010232043346758539,1.0000003985821997,2.6572146642657395,1,0.8069663757085574,0.5703182913189251,0.9864995092505361,0.6225708107270974,-0.001747289825698209,0.999999964759992,1.0340627688787336,1,-1.1530620245526375,-1.138812968857216,1.6211310653462356,-2.366983963975196,-0.000384810129017797,1.0000000337628259,0.22508550519513001,1,-0.8630235963546525,5.166729877844859,5.244095618048817,1.7371923410545544,0.01893688762964128,0.9999998485910498,0.0070271370371865595,0
3.12,-0.0037536188492469954,0.004731690644672356,-5.90064594407913e-11,0.27288346173013533,-0.17314999937446487,0.31581096960915545,-0.5617442279498429,0.00011043854201339196,1.0000025840460354,17.691816597798198,1,0.6617274226275154,0.2888868198386417,0.7189059294719577,0.42102781956503404,0.00011679115031457178,1.0000003991992161,2.6613281067868018,1,0.7273931441737138,0.6695887652460948,0.9879038046008145,0.7515566088434033,-0.0016023842831710032,1.0000002963022987,1.034672885616944,1,-1.0794099753062867,-1.2000524215663149,1.6141793770915513,-2.3079413242717974,-0.0003948481276098546,1.0000000339523027,0.22634868530028462,1,-0.9172941178677987,5.160105313707175,5.246839205876119,1.7476122317174894,0.01899541859526005,1.0000001902599898,0.007015990868477549,0
3.14,-0.0037536188481361384,0.004731690644489757,-5.942519219759301e-11,0.3060302490807666,0.06750719172900646,0.30898334390946647,0.23661581821288377,0.00012116375095628894,1.0000028498593072,19.50403836522094,1,0.5879551006708207,0.4176290990015901,0.7194596684713248,0.6277416839617553,0.00042366666835931636,1.0000003996604832,2.664403221752124,1,0.6360134154483229,0.7578287615480304,0.989515186307335,0.8801487800243288,-0.0014525578327153532,1.0000002174381042,1.0346774164217463,1,-1.0016856866832904,-1.2568048328648982,1.606843512309339,-2.248373489281609,-0.00040585933422701835,1.0000000341739632,0.22782642185833143,1,-0.9714637431557733,5.152916074206426,5.24957767240365,1.7580212656554357,0.01905514986152157,0.9999999599749148,0.007004878565852915,0
3.16,-0.003753618852918171,0.004731690644207417,-5.988497718545371e-11,0.1885231776386807,0.27366658075970796,0.3332109126592762,0.9900523629099064,0.0001292132017310644,1.000003145395309,20.78609370477693,1,0.48957821965255804,0.5285213564953938,0.7201982138025512,0.8340838045148015,0.0007869620460626606,1.000000399946583,2.6663105532363267,1,0.5343724361935028,0.8336557860956993,0.9913063831975797,1.0082989787215644,-0.0013067919487739766,0.9999999575031551,1.034080535465238,1,-0.920128802244032,-1.3087925261736728,1.5991461590764064,-2.188245438624655,-0.000421262133408478,1.0000000344280007,0.22952000395166988,1,-1.0255267113876136,5.145163827799463,5.252310693570635,1.7684194804951159,0.019101673484103448,0.9999998538581798,0.006993801239830352,0
3.18,-0.0037536188599471883,0.004731690643860965,-6.043174467784684e-11,-0.007665373840664303,0.36851031630112663,0.37366003121609204,1.6067346585292466,0.00012651899520933757,1.0000033325148174,21.0174998580352,1,0.3708169288834046,0.6169475574382864,0.7210902225573854,1.039958194849016,0.0011303729348234146,1.0000004000458351,2.6669722347039286,1,0.4241714878718714,0.8959092944019622,0.993247391366662,1.1359670093867498,-0.0011561034319787504,1.00000027211719,1.0328970835843345,1,-0.8349984684307655,-1.3557456978075546,1.59111183384041,-2.1275226264718925,-0.00044223732265660207,1.0000000347145857,0.2314305713958911,1,-1.0794772911982564,5.136850298321605,5.255037950956456,1.778806911353612,0.01912542425742173,1.0000001926844138,0.006982759975160483,0
3.2,-0.0037536188658027526,0.0047316906434970545,-6.10724127519946e-11,-0.20327614464139124,0.3524118013581106,0.4139927240325296,2.1002408551241527,0.00011757583066525243,1.000003366184752,20.48926632027132,1,0.23673161431803766,0.6792795267386852,0.7220980419870351,1.245289442925531,0.0013372849563219422,1.0000003999546583,2.666364387818553,1,0.30723460992215257,0.943666530642135,0.9953060818222422,1.2631213701356538,-0.0009763254590913838,1.0000002458857173,1.031151347630968,1,-0.7465738302076463,-1.3974037162359068,1.5827669311857975,-2.0661711369154787,-0.00046765958727508435,1.0000000350338563,0.23355904106369196,1,-1.1333097811349397,5.127977264454518,5.257759141583975,1.789183593272525,0.019127447131477845,0.9999999522127881,0.006971755822341917,0
3.22,-0.003753618869613184,0.0047316906431463515,-6.179300213876582e-11,-0.3543625509013478,0.25663165680520517,0.44514925131944577,2.513632592291907,0.00010759934260709592,1.0000032389690943,19.58980550241307,1,0.09299121790250263,0.7130203413441626,0.7231793141558334,1.4500256603128414,0.0013168901960992018,1.00000039967756,2.664517065541304,1,0.18547431433558723,0.9762530981569528,0.99744884101478,1.3897395567514244,-0.0007565369545444989,0.999999954331983,1.0288760516332858,1,-0.6551544726842581,-1.4335165747342777,1.5741397735585634,-2.0041578565718448,-0.0004964909332468935,1.0000000353859029,0.23590601985319948,1,-1.1870185100924626,5.118546559196474,5.260473972260808,1.7995495628154135,0.01911030694593981,0.9999998593585707,0.006960789796886662,0
3.24,-0.0037536188715304964,0.004731690642824946,-6.25759730490949e-11,-0.4418690286998891,0.11362196405130742,0.4632007750020683,2.882879337869804,9.871186312410672e-05,1.0000029842890281,18.571808910408855,1,-0.054378906872129956,0.7168928024812694,0.7242887728829271,1.654140395844509,0.001078637361919379,1.000000399226948,2.6615129867992215,1,0.06085717655407221,0.9932483880904773,0.9996412024024944,1.5158081292116927,-0.0005184508508492943,1.0000002442934224,1.0261124257698868,1,-0.5610607865299742,-1.4638465048449414,1.5652606472763506,-1.9414506715925581,-0.0005281159966098716,1.0000000357707555,0.2384717035677241,1,-1.2405978377366458,5.108560069332243,5.263182154931135,1.8099048579921138,0.01907534947818249,1.000000194805255,0.0069498628829942595,0
3.2600000000000002,-0.0037536188719527906,0.0047316906425406875,-6.340558546952257e-11,-0.45867440749982896,-0.04841859876700128,0.46667871624137625,-3.0481443920393416,9.106050313866924e-05,1.000002684345067,17.58767246679624,1,-0.19925639137718132,0.6908720045949717,0.7253802096992875,1.857633399627343,0.0007089309761549465,1.0000003986226464,2.657484309996449,1,-0.06462993365450787,0.994486143280906,1.0018484129934355,1.641322595116084,-0.00030220771342395335,1.0000002713786413,1.0229103541608828,1,-0.4646342319258033,-1.4881697560454903,1.556161826267187,-1.8780186945100714,-0.0005620665645711155,1.0000000361883643,0.2412557612962413,1,-1.294042154916384,5.0980197349020955,5.265883405675385,1.8202495179828724,0.01902331699359869,0.9999999445280852,0.0069389760386104555,0
3.2800000000000002,-0.003753618871192119,0.0047316906422974255,-6.426802839909485e-11,-0.40366527187969936,-0.20361862451032892,0.4553530453765614,-2.6898973749926776,8.367715786369944e-05,1.000002443920967,16.745054600981664,1,-0.33567632858364277,0.6361641111912384,0.7264084772233468,2.060530158238846,0.00029376565111629584,1.0000003978908503,2.652605669012623,1,-0.1890123379244271,0.9800505809444857,1.0040359437139552,1.7662871792564805,-0.0001391094969335674,0.9999999554370373,1.0193270569061117,1,-0.3662374726425482,-1.5062785443469544,1.5468775833981963,-1.8138325220698928,-0.0005978439996530202,1.0000000366385808,0.24425720484649555,1,-1.3473458840643746,5.086927548669424,5.268577444966611,1.830583583034522,0.018955010377389017,0.9999998650835038,0.0069281302024446914,0
3.3000000000000003,-0.0037536188692763126,0.004731690642097084,-6.515004681573178e-11,-0.2807679176126508,-0.3252422227099576,0.4300326697589483,-2.3009937276946006,7.585124588925808e-05,1.000002345225229,16.149656329271014,1,-0.4580704042106044,0.5551358692278092,0.7273313665803905,2.262880313125254,-0.00011194749696914039,1.0000003970627167,2.647084778244042,1,-0.31035821215911824,0.9502685800229291,1.0061699832492748,1.8907144975227697,-4.203319923504234e-05,1.0000002136574,1.0154250044289748,1,-0.2662543487058696,-1.5179831691006447,1.537444186751482,-1.7488645246513617,-0.0006348155414126545,1.0000000371211364,0.24747424287492567,1,-1.4005034795867273,5.075285555585685,5.271263998181103,1.840907094493114,0.018871742328711395,1.000000196619149,0.006917326302565908,0
3.3200000000000003,-0.003753618865983022,0.0047316906419393664,-6.603651913489328e-11,-0.1023093377594751,-0.3828514686913305,0.3932581719805592,-1.8501413531286157,6.8514427865693e-05,1.0000024154466987,15.946326052623089,1,-0.5614823181441689,0.45120104515376813,0.7281112725336036,2.4647551799698584,-0.00047612297188265925,1.000000396172874,2.6411524941050013,1,-0.4268070137449226,0.9056984568160594,1.0082179213742442,2.0146251272295683,-9.335186413599375e-06,1.0000002934556407,1.0112701506090649,1,-0.16508965315621504,-1.5231142929848707,1.5278998775635668,-1.6830891677029045,-0.0006720847401462305,1.000000037635618,0.25090411954559766,1,-1.4535094282423981,5.063095852252354,5.273942796138021,1.8512200949592112,0.01877588077503611,0.9999999369329776,0.006906565264374242,0
3.3400000000000003,-0.0037536188610556693,0.004731690641817292,-6.69084362567296e-11,0.10143660267769279,-0.34293009287427595,0.3512695465611361,-1.2961592478750854,6.492981104301136e-05,1.0000026291833761,16.35643844197217,1,-0.6417532033903106,0.3286708467017526,0.728716615894905,2.6662445651416466,-0.0007788704882915673,1.0000003952579446,2.635052963242364,1,-0.5365953966118104,0.8471158519278549,1.0101488057554295,2.1380470806838834,-2.976736811498032e-05,0.9999999609803545,1.0069305958925703,1,-0.06316867585372343,-1.5215253748530702,1.5182848266498454,-1.616483365186373,-0.000708259140027475,1.000000038181441,0.2545429387973509,1,-1.5063582495136598,5.0503605863801955,5.276613575323783,1.8615226286452946,0.018671772070581433,0.9999998710239048,0.0068958480157001335,0
3.3600000000000003,-0.0037536188555414044,0.004731690641707465,-6.774802073505892e-11,0.2673448611003285,-0.18468558770749444,0.317078601937863,-0.6032053405510174,6.922621397241989e-05,1.0000029310771368,17.601437096119994,1,-0.6956726260725288,0.19257565163704304,0.729123002698298,2.867453040311718,-0.0010098330613899193,1.000000394355098,2.6290339860503575,1,-0.6380804556435556,0.775497237917734,1.0119337583164272,2.2610152018764107,-8.626930472286278e-05,1.0000001811705792,1.0024754688512048,1,0.03906352468764802,-1.5130952386367214,1.5086410670268888,-1.5490268639849831,-0.0007414651140492618,1.0000000387578218,0.2583854783611278,1,-1.55904449596845,5.037081956246391,5.279276075996676,1.871814742020588,0.018566004441562613,1.0000001981232183,0.006885175488440134,0
3.3800000000000003,-0.003753618853863462,0.0047316906415686664,-6.856256794945947e-11,0.3090345013117066,0.05439110985101113,0.308491659280093,0.1930628958872549,8.067713565856306e-05,1.00000321338073,19.409678490934475,1,-0.7210922943836442,0.048465207066800575,0.7293140979829579,3.0684958188822966,-0.0011778327686893005,1.000000393500662,2.623337747052169,1,-0.7297602372981294,0.6920015237609168,1.0135463418735375,2.3835705055899536,-0.0001645087816634011,1.000000311791202,0.9979739117169806,1,0.1411431618082665,-1.497730753927619,1.4990124009550774,-1.4807026543350115,-0.000771188782933492,1.0000000393637491,0.2624249948488884,1,-1.6115627536150792,5.02326221015078,5.281930034476958,1.8820964840165688,0.018461268193298103,0.9999999294394954,0.00687454861820975,0
3.4000000000000004,-0.0037536188587231154,0.004731690641382739,-6.940008463740543e-11,0.1983810578210965,0.26517751777605514,0.331307609829416,0.9524448019662229,9.0942400145453e-05,1.0000033140705384,20.743938255572434,1,-0.7170007645107416,-0.09780590300939333,0.7292821951441335,-3.01369094983703,-0.0013186549957525575,1.0000003927288148,2.6181920992549617,1,-0.8102915282087958,0.5979501824037646,1.0149628760811285,2.505759467737868,-0.00026257653289052315,0.9999999710506543,0.9934941458903983,1,0.24258911406374686,-1.475369595858723,1.4894442702535804,-1.4114973974007174,-0.0008000773936056686,1.0000000399979527,0.26665301763269805,1,-1.663907642249609,5.008903645871896,5.284575176741844,1.8923679038451047,0.018348494626136514,0.9999998771703571,0.0068639683424949055,0
3.4200000000000004,-0.00375361886570585,0.00473169064118492,-7.029833052479839e-11,0.004141366963970896,0.3665794267919416,0.37135486228313114,1.5768095177091932,9.498995566114104e-05,1.0000032046585121,21.02850855366996,1,-0.6835582374406346,-0.24030111694107373,0.7290284819259516,-2.8126135136895076,-0.0014637738506580596,1.0000003920703844,2.6138025618339107,1,-0.8785049885903243,0.4948062682318068,1.0161627180870105,2.627633283207531,-0.0003782801549635982,1.000000147861381,0.9891026195726358,1,0.3429047100994564,-1.4459830428047957,1.4799835747843477,-1.34140187385656,-0.0008295822434643977,1.000000040658871,0.27105913947416355,1,-1.716073815796644,4.994008610123646,5.287211231307505,1.9026290490011573,0.018221370778749683,1.0000001993150756,0.006853435593565768,0
3.44,-0.0037536188711031412,0.004731690641018306,-7.125086545073378e-11,-0.19293301662713486,0.3557893998467797,0.41198822851833616,2.0758908343711022,9.39545889471288e-05,1.000003013704035,20.530428413676464,1,-0.622091085272904,-0.3732269559469023,0.7285630049785238,-2.6113369535458926,-0.001624726049768331,1.0000003915517712,2.610345141356023,1,-0.9334177332685984,0.3841526286976992,1.0171285030055932,2.749247120690136,-0.0005015743282378799,1.0000003261606425,0.9848632397503537,1,0.44157994025808145,-1.4095787599950709,1.4706784561792154,-1.270411454649038,-0.0008583338621613798,1.000000041344622,0.27563081329419753,1,-1.7680559626435886,4.978579498015544,5.28983794055419,1.9128799672746022,0.018084078837126552,0.9999999220595077,0.0068429512892556246,0
3.46,-0.0037536188744243795,0.004731690640903978,-7.223304940295883e-11,-0.3470803735926581,0.26347038707901743,0.4437743913808265,2.492606689998951,9.03567872290309e-05,1.0000028679043085,19.64341304132121,1,-0.535046161071043,-0.4911542414722505,0.7279043203255057,-2.4097484669764753,-0.0018043184531669027,1.0000003911940112,2.6079600745764364,1,-0.9742434811695215,0.267669553054954,1.017846330215048,2.870659373077283,-0.0006228807773696341,0.999999985622996,0.9808366902771622,1,0.5380941246848897,-1.3662035067294955,1.4615780510464693,-1.1985265707297716,-0.0008847307103422087,1.000000042052974,0.280353160341639,1,-1.8198488059665712,4.962618752516571,5.292455055694406,1.9231207085138626,0.017942514474602503,0.9999998835131187,0.00683251632980567,0
3.48,-0.003753618876066616,0.004731690640847438,-7.322185913150037e-11,-0.4382931595534216,0.12227229685690136,0.46258863791444205,2.863494130650644,8.605887859588743e-05,1.0000028136524235,18.627299357136987,1,-0.4259053816410488,-0.5892292846106246,0.7270788351094903,-2.207747008057845,-0.0019993877089093852,1.0000003910119901,2.6067466005859194,1,-1.0004003960904502,0.14711204451164445,1.0183059048876213,2.9919308992503693,-0.0007365323394867138,1.0000001147671107,0.9770798293161288,1,0.6319190594833837,-1.3159456948700596,1.4527321974705452,-1.1257531679996844,-0.0009077364204361515,1.0000000427813196,0.2852087973328027,1,-1.8714471040472405,4.94612886392054,5.295062331082862,1.9333513246252938,0.017800930854116125,1.0000002001928288,0.006822131598485446,0
3.5,-0.003753618876354367,0.004731690640847608,-7.419879207576363e-11,-0.4590094739822227,-0.03940033741543355,0.4668717116244784,-3.0672080860517785,8.159671297596846e-05,1.0000028172686153,17.638362197539898,1,-0.2990616755543526,-0.663368541593166,0.7261198549548512,-2.005247317994184,-0.002200203945490116,1.0000003910138326,2.606758884752986,1,-1.0115167305521793,0.02428685363297454,1.01850064178961,3.1131242634853282,-0.0008399097726729427,1.0000003364175025,0.9736451566067728,1,0.7225226513993752,-1.2589377168305178,1.444191092073709,-1.0521031384818507,-0.0009267092860172211,1.0000000435266538,0.29017769279031214,1,-1.9228456505812435,4.929112369312694,5.2976595222009095,1.9435718692131805,0.01766231283879833,0.9999999148047034,0.006811797961435659,0
3.52,-0.0037536188753701685,0.004731690640900225,-7.51478584221088e-11,-0.40785147315255144,-0.19562950702093915,0.4563391008935646,-2.7098851366746852,7.650837624960789e-05,1.0000028066674083,16.785509035637464,1,-0.1596582826160357,-0.7104298285205718,0.7250663539254248,-1.8021835148132337,-0.0023918024597004597,1.000000391200487,2.608003246361155,1,-1.0074343624782764,-0.09897062755925246,1.0184277320374693,-3.0488823323107384,-0.0009320379228039178,1.0000000045348627,0.970580367428747,1,0.8093730375515461,-1.1953579532170966,1.4360049002404893,-0.9775947133745807,-0.0009412250592995738,1.0000000442855597,0.2952370638676244,1,-1.9740392749789,4.91157185203808,5.3002463852157655,1.9537823973368147,0.017528963582366164,0.9999998900421364,0.006801516266453556,0
3.54,-0.003753618873007387,0.004731690640997907,-7.60539435248897e-11,-0.28842894255577756,-0.3198081793700529,0.43173441230995624,-2.3233634014568874,6.96167958638193e-05,1.0000027292961704,16.17352810428975,1,-0.013394653681060254,-0.7283528619889169,0.723961492538702,-1.598512090362695,-0.0025568294790484112,1.0000003915655313,2.6104368753683413,1,-0.9882102840514355,-0.2208195395563836,1.0180881713593528,-2.927654580284626,-0.0010133081117482934,1.0000000828868962,0.9679279903900803,1,0.8919431699384702,-1.1254323644890354,1.428223322244724,-0.9022528008635178,-0.0009509705086859211,1.0000000450541988,0.3003613254043828,1,-2.0250228426579335,4.893509941171797,5.302822677038876,1.9639829653837888,0.01740291458045575,1.0000002007550834,0.006791287341925011,0
3.56,-0.003753618869202369,0.00473169064112865,-7.690224065187712e-11,-0.11243594483378648,-0.3817422892467156,0.39546773178541955,-1.8768451401440076,6.0535305506873945e-05,1.0000025980002378,15.9440165663925,1,0.13369615663981077,-0.7162618312315141,0.7228509216360539,-1.394214153686425,-0.0026788345812545833,1.0000003920952365,2.613968242687213,1,-0.9541160691636783,-0.3394367426149003,1.0174867500982674,-2.8063146690241276,-0.00108460296334826,1.0000003424784032,0.9657250442277145,1,0.969715825144325,-1.0494355684057441,1.4208951190864956,-0.8261092506137968,-0.0009556377073773915,1.0000000458283154,0.3055221027196334,1,-2.075791255328227,4.874929310991475,5.305388155638516,1.9741736310511162,0.01728642880943722,0.9999999076865734,0.006781111996521209,0
3.58,-0.003753618864121837,0.004731690641272796,-7.767906803901603e-11,0.0912011387819958,-0.3479018158304726,0.35350139311231876,-1.329604034813729,5.341267051282665e-05,1.0000025017037282,16.314022637620106,1,0.2754917589097979,-0.6745231161679462,0.7217809252319912,-1.1892967601126956,-0.0027466567584752085,1.0000003927689047,2.618459364292033,1,-0.9056353112215932,-0.45303996458927526,1.0166320073273598,-2.684800813807554,-0.0011455668716589672,1.0000000274739966,0.9640027063092704,1,1.0421889784547578,-0.9676913065017412,1.4140676037892765,-0.7492030268736596,-0.0009547569761262137,1.0000000466032477,0.31068831800475716,1,-2.126339451268524,4.8558326804518614,5.30794258035007,1.9843544535181257,0.01718291774811889,0.9999998967470612,0.006770991019689404,0
3.6,-0.003753618858895868,0.004731690641398285,-7.837710602059955e-11,0.2613928113873635,-0.19588444759437895,0.3184277032174172,-0.6443403667761223,5.647814894086196e-05,1.0000025631235372,17.51279978593841,1,0.40603741580516534,-0.6047523293022689,0.7207964759464179,-0.9837931840580687,-0.0027566018692951953,1.0000003935594952,2.623729968167948,1,-0.8434589866217965,-0.5599108464719403,1.0155361498884314,-2.5630533233087434,-0.0011948991745862525,1.0000000531432645,0.9627860154709722,1,1.1088814594268466,-0.8805722092476816,1.4077861071077429,-0.6715802732955831,-0.0009476428735924708,1.0000000473739534,0.3158263562843715,1,-2.1766624055948696,4.836222812661035,5.310485710585921,1.9945254939475903,0.017097497351324736,1.0000002010009446,0.006760925183031628,0
3.62,-0.0037536188570123216,0.004731690641461521,-7.901159154027892e-11,0.3115281514738502,0.041251923843550635,0.3080999834832947,0.14935970651492525,6.721169392119586e-05,1.000002817124069,19.31348748359345,1,0.5198048039102688,-0.5097666919758002,0.7199392882642868,-0.7777620426805412,-0.0027085296972375293,1.0000003944346099,2.6295640661142183,1,-0.7684786666580521,-0.6584178012692177,1.0142149336950115,-2.441015356590033,-0.0012363470839124968,1.0000003443133392,0.962093602162272,1,1.169338783876061,-0.7884987816857122,1.4020934323957814,-0.5932942535540006,-0.0009345570097278355,1.0000000481350475,0.3209003159986963,1,-2.2267551305207656,4.816102514358184,5.3130172988227535,2.0046868157695563,0.01703175107618356,0.9999999007163918,0.006750915243334913,0
3.64,-0.0037536188610992885,0.004731690641437293,-7.963290617196694e-11,0.20796445294451138,0.25641373362182307,0.3294540490674534,0.9143833366542505,7.798587800066121e-05,1.000003120395548,20.698221232116424,1,0.6119400372477602,-0.39348135966880254,0.719245944968291,-0.5712852029289612,-0.0026279952493389997,1.0000003953577925,2.635718616107212,1,-0.6817774752424192,-0.7470385684728684,1.0126874972777615,-2.318633676768641,-0.0012824817851499414,1.000000053975936,0.961937436870963,1,1.2231390360457586,-0.6919375490610644,1.3970293133641196,-0.5144051485721307,-0.0009185204654287485,1.0000000488808538,0.32587235901529593,1,-2.2766126756090794,4.795474635392076,5.31553708255233,2.0148384826669865,0.016975050854373928,0.9999999036172658,0.006740961946963928,0
3.66,-0.00375361886794063,0.004731690641347907,-8.028953196737021e-11,0.015921152875507497,0.36438325367569085,0.36904749970850925,1.5464915925587832,8.437967517361996e-05,1.0000033228384446,21.03704351367521,1,0.6784876354909577,-0.2607516123907871,0.7187462017120586,-0.36446447560579254,-0.0025436846299149575,1.000000396290024,2.6419334930931107,1,-0.5846186731970867,-0.8243823020971736,1.0109761479180008,-2.1958594125407678,-0.0013391289813748227,1.000000026350386,0.9623225976183125,1,1.269898656836123,-0.5913983248123826,1.392629870228869,-0.43497970033419,-0.0009025604792756548,1.000000049605475,0.3307031673920429,1,-2.326230128016682,4.774342068199737,5.31804479516735,2.0249805560064567,0.016917188064086246,1.0000002009300186,0.006731066030635314,0
3.68,-0.003753618873842434,0.004731690641231703,-8.099288167223717e-11,-0.18248797795948804,0.35899990316023095,0.4099546950195033,2.051287605856578,8.526047659158672e-05,1.0000033722888353,20.57036402705101,1,0.7165773237410397,-0.11716650626650212,0.7184615807660988,-0.15741724753524544,-0.0024628892508134176,1.0000003971914577,2.647943051336564,1,-0.4784317450561445,-0.8892109771462808,1.009106116771309,-2.072648815295373,-0.0014018797772440853,1.0000003419381112,0.9632470585393392,1,1.3092779811315778,-0.48743059173825803,1.3889270789265546,-0.35509071514524815,-0.0008874408813390293,1.0000000503028776,0.33535251828274204,1,-2.37560261273299,4.752707747287503,5.320540179892812,2.035113096263774,0.01685799232979767,0.9999998939051981,0.006721228218201413,0
3.7,-0.0037536188777210567,0.004731690641112561,-8.173262327354491e-11,-0.3396427613282949,0.27023875068095665,0.44235949684512343,2.4714381118888356,8.186871853529123e-05,1.0000032589974817,19.69657247285086,1,0.7245619801176663,0.03119675033203961,0.7184043458730531,0.049728752916718154,-0.002384082405478477,1.0000003980232748,2.653488498557159,1,-0.3647958744763804,-0.9404598401342377,1.0071052715063555,-1.9489639870819628,-0.001465644093707322,1.0000000834275926,0.964701504009812,1,1.3409863604240393,-0.38061901823059263,1.3859482872497717,-0.2748164239918292,-0.0008731483694915201,1.0000000509669946,0.3397799638761628,1,-2.4247252928114835,4.73057464871517,5.32302298720565,2.045236164869335,0.016799390689519335,0.9999999106418607,0.006711449220911108,0
3.72,-0.003753618879681133,0.004731690640999856,-8.249540894150753e-11,-0.43454277788638596,0.13093423302246582,0.4619326546382453,2.8440473402200874,7.673435940041461e-05,1.0000030126901474,18.682803396410332,1,0.7020976858966393,0.17804520995494927,0.7185769188174042,0.25684129041639386,-0.002301611863503702,1.000000398749538,2.6583302540526357,1,-0.24542072139801452,-0.9772565665239763,1.005003775479137,-1.8247735753848535,-0.001527169382251083,1.0000000031864302,0.9666691814521265,1,1.3647867099768407,-0.27157816537363705,1.3837157872435288,-0.19423969662979726,-0.0008596981391467511,1.0000000515918335,0.34394555698825496,1,-2.4735933695933077,4.707945789581528,5.3254929698233555,2.0553498243162527,0.016741762718437185,1.000000200542414,0.00670172974083676,0
3.74,-0.003753618880124889,0.004731690640895276,-8.327080171233181e-11,-0.4591675466978257,-0.03029653119224439,0.46702043432173507,-3.086265375738684,7.163023161601757e-05,1.0000027122541568,17.689384720977934,1,0.6501604739917877,0.31715459158620496,0.7189717729571198,0.4637897179025206,-0.002205184149186874,1.0000003993389264,2.6622595095354877,1,-0.12212446004209049,-0.998938725742116,1.0028336966335563,-1.7000534249274337,-0.0015842985533164292,1.0000003354065663,0.969125810269133,1,1.3804993309192197,-0.16094647700365425,1.3822464538084884,-0.11344712495176575,-0.0008471957315271638,1.0000000521715882,0.3478105879558537,1,-2.5222020829238443,4.68482422751099,5.3279498812132315,2.065454137801396,0.016684293549280367,0.9999998872637801,0.006692070472927145,0
3.7600000000000002,-0.00375361887938197,0.0047316906407975125,-8.405151834950386e-11,-0.41187146293542665,-0.1874791886724655,0.45728318668874096,-2.7297956315252074,6.664941026797144e-05,1.0000024623431947,16.826600240087984,1,0.570998640873701,0.4426498222935471,0.7195718105567952,0.6704509698227732,-0.002081602091761019,1.0000003997662352,2.6651082352404476,1,0.0031908968638434754,-1.0050690980010524,1.0006285689369294,-1.5747871681252081,-0.0016352341025856348,1.0000001150752043,0.972039566513401,1,1.388004875229403,-0.04937967851184785,1.3815514642750146,-0.03252799955739126,-0.0008357759217218686,1.0000000527007495,0.351338330759716,1,-2.570546711363293,4.661213060141763,5.330393475881346,2.0755491689717287,0.016625685550837276,0.9999999178097121,0.006682472104408104,0
3.7800000000000002,-0.003753618877516231,0.004731690640704805,-8.483186896002248e-11,-0.29595647658188484,-0.31412647702172686,0.43340114150172443,-2.3455661617643178,6.099299868550632e-05,1.000002348669893,16.198444674412325,1,0.4680238884894371,0.5492662101448524,0.7203511976878686,0.8767151036252665,-0.0019188848581638252,1.0000004000135472,2.666756981736294,1,0.1285667756616105,-0.9954483418693614,0.9984229085381189,-1.4489667332687362,-0.0016783498971782043,0.9999999841700218,0.9753711651786965,1,1.3872463467655238,0.062456261976150465,1.3816361100807102,0.048426792207278725,-0.0008255093298131181,1.0000000531742184,0.35449478839719994,1,-2.618622572391607,4.637115424616182,5.332823510268587,2.0856349818113427,0.01656470262987526,1.0000001998387402,0.006672935312397892,0
3.8000000000000003,-0.0037536188743321204,0.004731690640614971,-8.560493720138895e-11,-0.122510029408313,-0.38028649451376956,0.3976593689751524,-1.9032609952589434,5.477372191054632e-05,1.0000024033228303,15.943390721602553,1,0.3456485757459544,0.6325774500473962,0.721276600008503,1.0824900842861211,-0.0017108265118459336,1.0000004000710017,2.6671400111639354,1,0.2520177036879055,-0.97012448355673,0.9962516882675199,-1.3225927481844406,-0.0017118524971071966,1.0000003248029974,0.9790740627663472,1,1.378230064213226,0.17389243544608537,1.3824997070511431,0.12932591508797986,-0.0008162751039753111,1.0000000535874114,0.3572494092886015,1,-2.6664250226081525,4.612534497074277,5.335239743939197,2.0957116406636063,0.016500773883914972,0.9999998808026562,0.006663460760629788,0
3.8200000000000003,-0.003753618869533978,0.004731690640521461,-8.636000334988347e-11,0.0808402728971976,-0.3524517387697066,0.3557523483859615,-1.3626373587100675,5.12208444581298e-05,1.0000026041322132,16.274064280093665,1,0.2090795375692916,0.6891794671204039,0.722308738823063,1.2877055775951607,-0.0014595479941709004,1.0000003999371285,2.666247523026087,1,0.3715630171077527,-0.9293986948416096,0.9941497766508806,-1.1956748165260622,-0.0017332548326910457,1.0000001480375846,0.9830947974342781,1,1.3610255497740407,0.2842643692644458,1.3841356067057984,0.21007874767814427,-0.0008076002217457264,1.0000000539363612,0.359575740773947,1,-2.7139494579261347,4.587473492151054,5.3376419408407,2.1057792104686066,0.016434985048191735,0.9999999251094587,0.006654049095798678,0
3.8400000000000003,-0.0037536188639121447,0.004731690640404034,-8.708615859692737e-11,0.25503932699976284,-0.20674970741581777,0.3198526989867818,-0.6851317142445094,5.586329883946663e-05,1.0000028984620435,17.42613271564043,1,0.06408098078973395,0.7168225972473852,0.7234041713517889,1.4923156043790153,-0.0011760592214527885,1.0000003996187474,2.6641249835212943,1,0.4852601449388224,-0.8738268523631687,0.992151351450373,-1.0682316449786102,-0.0017388923843309858,0.9999999696436185,0.9873734804606743,1,1.335764347748667,0.3929192884315019,1.3865313071988958,0.29059652177607037,-0.0007986867270490634,1.0000000542177985,0.36145198918962346,1,-2.7611913137613593,4.5619356624776515,5.340029869228177,2.1158377573848646,0.01637090741850829,1.0000001988201086,0.00664470094425241,0
3.8600000000000003,-0.003753618861574891,0.004731690640224618,-8.779362740268803e-11,0.3135053471222761,0.02809744546928468,0.30780742664283356,0.10554679255846795,6.822579994346554e-05,1.0000031880389637,19.215844308158463,1,-0.08328020909305738,0.714488327430066,0.7245171931501966,1.6962999945664876,-0.0008888055499414727,1.0000003991304685,2.6608697894007127,1,0.5912388640068272,-0.804216429976437,0.9902893011247741,-0.9402910013448971,-0.0017276414063996362,1.0000003102383435,0.9918445053703485,1,1.3026378171307014,0.49922307526517806,1.3896686616067697,0.37079340381563497,-0.0007895044762810141,1.0000000544292191,0.3628614614012955,1,-2.8081460652150168,4.535924298186828,5.342403295871054,2.1258873494198296,0.016310271284487202,0.9999998745320597,0.006635416910759421,0
3.8800000000000003,-0.0037536188658839624,0.004731690639963308,-8.853378880707696e-11,0.21725602181972242,0.24736939997048848,0.32765290557956805,0.8758901363912638,8.095479378550962e-05,1.0000033114636426,20.649133845231933,1,-0.22689372887557233,0.6824103349115617,0.7256017696739985,1.899664656405292,-0.0006527676328959379,1.0000003984938501,2.6566256676958027,1,0.6877357923121397,-0.7216183695841878,0.9885946231477313,-0.8118894773330765,-0.0017109386644338883,1.000000181328953,0.9964374633307801,1,1.2618939794981987,0.602566757173522,1.3935241846416515,0.45058749049215996,-0.0007818651118497093,1.00000005456893,0.3637928674043985,1,-2.8548092272494974,4.50944272642197,5.344761976784175,2.1359280549449435,0.01624382213934549,0.9999999325295307,0.006626197580914262,0
3.9000000000000004,-0.0037536188729307652,0.004731690639655563,-8.935408749716212e-11,0.02766245397088688,0.36190580605899075,0.3667402392087091,1.515790758760311,9.092920898558629e-05,1.0000032195996367,21.043207541277564,1,-0.3608578813184358,0.6220425397742281,0.7266134210114028,2.10244075647776,-0.0005097029099588329,1.0000003977362963,2.651575308913481,1,0.773128280672138,-0.627313712645997,0.9870958221869701,-0.6830720428702722,-0.0017008327178344204,0.999999959769814,1.001078187715307,1,1.213833535308514,0.7023723750085206,1.398069440764266,0.5299017038634536,-0.0007765954883789205,1.000000054636072,0.3642404809764684,1,-2.9011763548570415,4.482494310848333,5.347105665410643,2.145959939971671,0.01616174400974651,1.0000001974881287,0.00661704352387355,0
3.9200000000000004,-0.0037536188786249807,0.0047316906393514244,-9.025642646459664e-11,-0.1719456104576404,0.3620257122032469,0.4078935400674444,2.026439855199918,9.965928799415538e-05,1.0000030319640598,20.60917711733785,1,-0.47971436273159446,0.5359791255014136,0.7275109793870849,2.304682953303765,-0.0004620041941992986,1.0000003968897648,2.64593176526866,1,0.8459667774182564,-0.5227949427754065,0.9858183323037804,-0.5538914075741741,-0.0016981421579104583,1.0000002918566,1.0056900022264008,1,1.1588051855040633,0.7980981136727746,1.4032714804898982,0.6086645572668106,-0.0007724423568924502,1.000000054630624,0.36420415957616087,1,-2.9472430432220995,4.455082451167211,5.349434128004947,2.1559830692140505,0.01606455238997889,0.9999998684619215,0.006607955293324774,0
3.9400000000000004,-0.0037536188822282065,0.004731690639080275,-9.121997081307232e-11,-0.3320499533255294,0.27692065296347285,0.44090578278015535,2.450136288885636,0.00010669900195288535,1.0000028802092895,19.74939744143066,1,-0.578657885344306,0.4278329329191617,0.7282581583066536,2.5064668166366757,-0.0004894087353332946,1.0000003959893615,2.6399290773129773,1,0.9050046973274712,-0.409742180682712,0.9847839946526588,-0.42440718395063864,-0.0017008381465640667,1.0000002138974755,1.0101951489715948,1,1.097200412399432,0.889242610800672,1.4090933254281581,0.6868107677443795,-0.0007679422240027255,1.0000000545533818,0.36368921275328425,1,-2.993004927876703,4.42721058263316,5.351747142771844,2.165997508208151,0.015955964874107612,0.9999999400581674,0.006598933432324485,0
3.9600000000000004,-0.003753618884115093,0.004731690638855181,-9.222317614437925e-11,-0.4306159212235265,0.13959431415776166,0.4612347185901084,2.824547879666766,0.00011029501240452295,1.0000028187806225,18.73843765548109,1,-0.6537147537742163,0.3020793660164214,0.7288249052610787,2.707885578729277,-0.0005598200241248692,1.0000003950718614,2.633812409593402,1,0.9492248316340407,-0.2899945836435676,0.9840105994859495,-0.2946848534730475,-0.001708120846597758,0.9999999545472049,1.0145163431677633,1,1.029447882417951,0.9753483937099945,1.415494496782177,0.7642817163626999,-0.0007619838729291489,1.0000000544059209,0.3627061387803351,1,-3.0384576848478457,4.398882175572204,5.354044494499861,2.1760033237484055,0.015838792180421727,1.0000001958449067,0.006589978481725767,0
3.98,-0.0037536188846346197,0.004731690638682008,-9.32478009738058e-11,-0.45914632009414513,-0.0211173588303236,0.46712817198997936,-3.1053107332423924,0.00011205112750719061,1.0000028198651059,17.740845204554777,1,-0.7018863264267184,0.16387311602472984,0.7291885096772839,2.9090463565721127,-0.0006441663332112295,1.000000394174263,2.627828420633454,1,0.9778613937491031,-0.16551751550589786,0.9835115033838033,-0.16479456048469135,-0.0017194501769546623,1.000000269857036,1.0185784099497426,1,0.9560076322322473,1.0560044286962638,1.4224315661434572,0.8410257593078742,-0.000753661545978051,1.0000000541905374,0.36127024912663863,1,-3.083597030798159,4.370100734899924,5.356325972206777,2.186000583701138,0.01571497557700576,0.9999998626018551,0.0065810909864358145,0
4.0,-0.0037536188838777785,0.004731690638563114,-9.427704537184889e-11,-0.41572435617746306,-0.17917449882137637,0.45819009118707654,-2.74963084192145,0.00011398655176173361,1.000002812525992,16.868401032350818,1,-0.7212547485110774,0.018844794311695473,0.7293344228245202,3.11006597988378,-0.0007273975256530413,1.0000003933324861,2.6222165746350914,1,0.9904169077336621,-0.03836625419337532,0.9832953365838814,-0.034809766463694804,-0.001733873940784991,1.00000024468284,1.0223099505888409,1,0.8773651920927621,1.1308477984341812,1.4298587114881927,0.9169983940418466,-0.0007421445703612829,1.0000000539101799,0.3594011990731069,1,-3.1284187231615905,4.340869799639882,5.35859136859528,2.1959893568452196,0.015586118434556881,0.9999999476834359,0.0065722714966556205,0
4.0200000000000005,-0.003753618881750362,0.004731690638497536,-9.529395328389256e-11,-0.3033522600025186,-0.30820158086613336,0.43503834486079823,-2.3676163331093836,0.00011532166719364703,1.0000027403819094,16.224422643036522,1,-0.7110494376369653,-0.1271158190045737,0.7292567702127432,-2.9721187301517595,-0.0008052936076207015,1.0000003925800942,2.617200627888317,1,0.9866733100395138,0.08935282361563042,0.9833658122576157,0.09519419726330483,-0.001749562555783388,0.9999999538476952,1.0256449775970529,1,0.7940257864397635,1.1995645505442138,1.4377282651521333,0.9921622900902752,-0.0007265993346053446,1.000000053568367,0.35712244699010487,1,-3.1729185602752277,4.311192942443422,5.360840480153122,2.2059697128112776,0.015453873733142902,1.0000001938930418,0.0065635205649048275,0
4.04,-0.0037536188781870806,0.004731690638479338,-9.628075160056371e-11,-0.13253518684936477,-0.37848803507868894,0.3998374419020996,-1.9294194533324025,0.0001152264371934138,1.0000026095259607,15.9443886032631,1,-0.6716735526409603,-0.26808356808518674,0.728958563167112,-2.7710142717690127,-0.0008802421323741512,1.0000003919470837,2.6129805585109613,1,0.9666968407571439,0.21552251068591977,0.9837216451169467,0.22514163480702307,-0.001762779835179937,1.0000002445315557,1.0285244549320582,1,0.7065087336290311,1.2618897824069981,1.4459912424774932,1.0664871983135267,-0.0007060920378942221,1.0000000531691,0.3544606661216688,1,-3.217092381507917,4.281073769112643,5.363073107588467,2.2159417221180644,0.015320382890302206,0.9999998569611409,0.006554838740973629,0
4.0600000000000005,-0.003753618873296019,0.004731690638494537,-9.72196056298058e-11,0.0703525947017838,-0.35658276943932854,0.3580231065939672,-1.3953022418045837,0.0001151299050516449,1.0000025028821236,16.23645137047089,1,-0.6046901756574575,-0.3983226592634756,0.7284516057496954,-2.5696868731182345,-0.0009558547328076262,1.000000391458825,2.609725499636282,1,0.9308365358887707,0.33805534376580293,0.9843565821415416,0.3549580019281614,-0.0017675227957398224,1.0000002726886543,1.0308976811359074,1,0.6153421454943311,1.3176070436256,1.4545978414026337,1.1399497552731421,-0.0006794252810479492,1.0000000527167698,0.351445132156416,1,-3.260936067385567,4.250515918127418,5.3652890564777005,2.225905456383878,0.015189099885748736,0.9999999553932505,0.00654622656666413,0
4.08,-0.0037536188680226184,0.004731690638516464,-9.809722392034592e-11,0.24828505863879094,-0.21727459638464738,0.32134978615333065,-0.725610851315528,0.00011867054491774713,1.0000025441231808,17.341451343432855,1,-0.5127683460954603,-0.5125062888259978,0.7277560936677974,-2.3680257498293407,-0.001031954220942448,1.0000003911351536,2.6075676905195215,1,0.8797163806440533,0.4549333219569795,0.9852595433590544,0.48457138466337746,-0.001756052574955183,0.9999999574685567,1.0327234598409158,1,0.5210580051279181,1.3665471481228808,1.4634979043564769,1.2125332004317757,-0.0006451661607358687,1.0000000522160661,0.34810710817261986,1,-3.3044455397125883,4.21952306017671,5.36748813698652,2.23586098891074,0.015065643559969392,1.0000001916356227,0.006537684571565906,0
4.1000000000000005,-0.0037536188656146757,0.0047316906385047154,-9.891980897597241e-11,0.3149522080424418,0.014943431129132309,0.30760971510133184,0.06161979541413512,0.00012784797007576044,1.0000027843399535,19.116993493560308,1,-0.39958954601343644,-0.605924925064378,0.7268999093520166,-2.165932696636922,-0.0011116411591078864,1.0000003909896211,2.6065974742609366,1,0.8142214276437559,0.5642456523623535,0.9864148675892891,0.6139138918161662,-0.0017238151823425838,1.000000216307359,1.033971012237786,1,0.4241876790699816,1.408586493082637,1.4726413356551957,1.2842270221001457,-0.0006031332888319521,1.000000051671887,0.34447924603261226,1,-3.3476167616890944,4.188098897694549,5.369670158257735,2.2458083954369035,0.014954217757571463,0.9999998515487123,0.006529213271122347,0
4.12,-0.003753618869158567,0.004731690638431155,-9.972884584125152e-11,0.22622946108428527,0.2380497620451018,0.32590121966776975,0.8369657524190639,0.00013755394340035697,1.0000030938050428,20.596923792743677,1,-0.26971588963895954,-0.6746766629363696,0.725917618604805,-1.96332603924728,-0.0012133973913031905,1.0000003910289188,2.6068594592838634,1,0.7354784066181288,0.6642235105898849,0.9878026612897586,0.7429229210468309,-0.0016756171569143176,1.0000002970559443,1.0346205860086757,1,0.32525789916414116,1.443644982485977,1.4819784782761891,1.3550265463371003,-0.0005562931332914314,1.0000000510892528,0.34059501951566834,1,-3.3904457380231237,4.156247164399832,5.371834917417841,2.2557477529917924,0.014848349294381677,0.9999999631753917,0.0065208131679421865,0
4.140000000000001,-0.0037536188759529666,0.004731690638313659,-1.0056975217886954e-10,0.03934021818027517,0.3591429609289081,0.3644309606934147,1.484713537540144,0.00014153942884361878,1.000003311522334,21.047273756552183,1,-0.12842223250778897,-0.7158326709796444,0.7248491837113045,-1.7601441267004956,-0.0013425539458257556,1.0000003912525024,2.60835001606368,1,0.6448315397759449,0.7532709567253788,0.9893992388208197,0.8715422786411429,-0.0016135283049383544,0.9999999651835253,1.0346637286690357,1,0.22478723052197216,1.47168364981513,1.491460458430212,1.4249324950348825,-0.0005069626794177349,1.0000000504732298,0.3364881991030574,1,-3.432928515037819,4.123971624838667,5.37398220411339,2.2656791368903235,0.014739081141061053,1.0000001890762222,0.00651248475278659,0
4.16,-0.00375361888206487,0.004731690638189807,-1.0145186080112722e-10,-0.16132769304450792,0.36485894722747503,0.40580395389550256,2.0013598241419612,0.0001404622593819854,1.0000033769801948,20.64715833233479,1,0.01850424469894365,-0.7275704613733703,0.723738435768559,-1.556348212249605,-0.001477932094315451,1.0000003916524456,2.611016303593099,1,0.5438144153999152,0.8299913327149322,0.9911776188662292,0.9997231208798922,-0.0015310610150675373,1.0000001857777927,1.034103309612718,1,0.12328302603718959,1.4927020682854624,1.5010394774614546,1.4939505348660351,-0.0004546446813506494,1.0000000498288568,0.332192378604286,1,-3.475061180775235,4.091276073930121,5.376111816361736,2.2756026211300266,0.014626683746282428,0.9999998463731407,0.006504228501326001,0
4.180000000000001,-0.0037536188861668216,0.004731690638082829,-1.0236057964782552e-10,-0.32432038550979186,0.28350602010212705,0.4394129908271899,2.428714329062366,0.00013630473229479546,1.000003278001801,19.802147459211362,1,0.1649917084239359,-0.7092677320649282,0.7226313462754194,-1.3519245389897738,-0.0015957410690280798,1.0000003922135534,2.614757022345431,1,0.43411885481844864,0.8932086766703109,0.9931080644541346,1.1274246860421746,-0.0014218672757478985,1.0000003171192542,1.0329532327122533,1,0.02123885461089794,1.5067356280587285,1.5106690461441705,1.56209081493829,-0.0003986531902338551,1.0000000491610848,0.3277405652608046,1,-3.5168398650967747,4.0581643365165405,5.37822356142806,2.2855182804524654,0.014514538737434537,0.9999999710175254,0.006496044871870006,0
4.2,-0.0037536188882975313,0.004731690637999589,-1.0327765812695455e-10,-0.42652658232296026,0.14824031599320697,0.46049312353763383,2.8050084215751454,0.0001308666840401024,1.0000030407515925,18.794409888924484,1,0.3049313325284795,-0.6615500572106247,0.7215741448760579,-1.146885474004319,-0.001680321985232672,1.000000392913763,2.619425087354555,1,0.3175617439324089,0.9419839060005677,0.9951586639669795,1.2546148190124988,-0.0012835542602818927,0.9999999767754856,1.0312378317471533,1,-0.08086762059406055,1.5138527502317787,1.5203041788231453,1.6293675032071628,-0.00033899329130657066,1.0000000484747245,0.32316482955999803,1,-3.558260739778863,4.024640266917872,5.380317250428151,2.2954261908530995,0.014404801390010363,1.000000186218891,0.006487934307138064,0
4.220000000000001,-0.003753618888867668,0.004731690637937576,-1.0418850287727266e-10,-0.45895335886747174,-0.011877552972990538,0.4671897543169073,-3.124328396836753,0.00012582759498041768,1.0000027406697825,17.79291795046121,1,0.43243557800460725,-0.5862869121132717,0.7206113569343938,-0.9412695596271449,-0.0017251100673499281,1.0000003937248547,2.624832365187607,1,0.1960507807811715,0.9756257211946984,0.9972959332390151,1.381270293927346,-0.0011173278261539543,1.000000153706038,1.0289910522465282,1,-0.18257634506063825,1.5141520977926293,1.5299015518403312,1.69579833615631,-0.00027608716030065453,1.0000000477744015,0.318496010907256,1,-3.5993200186037146,3.990707748489021,5.382392695538224,2.305326429336142,0.014298283236206771,0.9999998414426224,0.006479897237152353,0
4.24,-0.0037536188882211505,0.004731690637890096,-1.0508305597206613e-10,-0.41940844623318696,-0.1707323792155037,0.4590502010241651,-2.7693650056232024,0.00012174172046257304,1.0000024819698172,16.911092191712026,1,0.5420957886504831,-0.48653251384557944,0.71978384951333,-0.7351403840816921,-0.0017318794367555594,1.0000003946134772,2.630756514843631,1,0.0715500259226035,0.993696363617133,0.9994854194042623,1.5073769434101645,-0.000927503776031721,1.0000003324320446,1.0262554513662518,1,-0.28344619304927277,1.507759833348679,1.5394196271652376,1.7614041893741312,-0.000210498634576001,1.000000047064522,0.31376348063946363,1,-3.6400139574457318,3.9563706931798377,5.384449709230337,2.3152190736331826,0.014194970502988284,0.999999978907222,0.006471934080856021,0
4.26,-0.0037536188864517265,0.004731690637849445,-1.0595445744734922e-10,-0.3106018012411253,-0.3020501748781968,0.43663232864772705,-2.3894689946233525,0.00011800737510720707,1.0000023536318479,16.251695969053088,1,0.6292263534222151,-0.36641072816810394,0.7191269831778482,-0.5285842339619173,-0.0017088014538238203,1.000000395542474,2.6369498271637735,1,-0.053953953903368615,0.9960125122611369,1.0016922922491365,1.6329296093850314,-0.0007209024959115944,0.9999999920414481,1.0230810576873308,1,-0.38305594407082805,1.4948269634361273,1.548818744229011,1.8262086736228207,-0.00014274600228459343,1.0000000463492438,0.3089949592123948,1,-3.680338854353944,3.9216330410976887,5.386488104381443,2.3251042020010804,0.014094439489014902,1.0000001830681526,0.006464045246242047,0
4.28,-0.0037536188834031885,0.0047316906378075145,-1.0679633392907117e-10,-0.14248127873118474,-0.37635673761272176,0.4019859784498572,-1.9552450268589892,0.00011409732918108064,1.0000023926734443,15.947352626539045,1,0.6900820580243512,-0.23094668483598882,0.7186689709348542,-0.32170656998594127,-0.0016669117265135044,1.0000003964724673,2.6431497815708602,1,-0.17848467774077922,0.9826417196220395,1.0038819115783957,1.757931935339326,-0.0005056684429328666,1.0000001209969194,1.0195241407840732,1,-0.4810049559593762,1.475526800194251,1.5580611839212055,1.890237759590497,-7.314692339533572e-05,1.0000000456324576,0.304216383901115,1,-3.7202910496310535,3.8864987600734335,5.388507694924037,2.334981893108458,0.013996327589243978,0.9999998367649655,0.006456231129754787,0
4.3,-0.0037536188787564446,0.004731690637752746,-1.0760016835864583e-10,0.059781522300769295,-0.3602851573543895,0.3602991585735935,-1.427478679726218,0.00011124384959600374,1.000002580360322,16.201712090840076,1,0.7220357056524812,-0.08585145907035499,0.7184295415345409,-0.11462745642384249,-0.0016151003866758155,1.000000397363628,2.649090853803874,1,-0.3001065381975527,0.9538948650259489,1.0060203614922365,1.8823960229230554,-0.00028949237052313444,1.000000342760065,1.0156459385947187,1,-0.5769135743496001,1.4500525629918612,1.5671112085334373,1.953519433356941,-1.6447997341621272e-06,1.000000044917774,0.29945182640663565,1,-3.759866925909027,3.850971845230923,5.390508296975158,2.3448522260893467,0.013901182539801986,0.9999999868319772,0.006448492115672246,0
4.32,-0.0037536188730728486,0.004731690637661608,-1.0835758245536509e-10,0.24116704802404004,-0.22741588263061793,0.32291292864233256,-0.7656048144424346,0.00011300742881404667,1.0000028663966787,17.259543783263247,1,0.7237047685715684,0.06273019726484205,0.7184189908989583,0.09252383645288681,-0.0015556867809619229,1.0000003981775416,2.654516944345464,1,-0.41695337828920975,0.910315146457695,1.0080749443964492,2.0063419771084265,-7.753113110945839e-05,1.0000000107728155,1.0115113858342448,1,-0.6704233168077873,1.4186151352050158,1.5759350799283156,2.016083383737113,7.226815092091836e-05,1.0000000442085193,0.29472346182498577,1,-3.7990629082208938,3.8150563185600554,5.3924897295453285,2.354715280984706,0.013811477514439974,1.0000001796289948,0.006440828575966242,0
4.34,-0.0037536188701131432,0.004731690637492755,-1.09079232191861e-10,0.31586449213874235,0.0018482053081598573,0.307516829799259,0.01775489281759964,0.00012135716628109193,1.0000031611898421,19.01762990867674,1,0.6950186967549385,0.2084960227463313,0.7186376844728805,0.29961476092536204,-0.0014889764346773177,1.000000398879052,2.6591936794943165,1,-0.5272545769996702,0.8526641426430055,1.010014627711268,2.129797362109137,0.00012434381987935236,1.0000000886441829,1.0071878801767071,1,-0.7611968677196687,1.381440984863628,1.5845010549638359,2.0779607207861046,0.0001483627644929279,1.000000043507738,0.290051586684776,1,-3.837875464068737,3.778756228493677,5.394451810524684,2.364571139528322,0.01372889367869044,0.9999998323475773,0.0064332408715462985,0
4.36,-0.003753618873798747,0.004731690637218185,-1.0981819446864716e-10,0.2348523738072519,0.22848407735067722,0.32421864856244403,0.7977024998488379,0.0001292262913210049,1.0000033064940514,20.54156656805742,1,0.6372223194121702,0.34527118362708065,0.7190760510135739,0.506515611344327,-0.0014259113263357058,1.0000003994379492,2.66291966166724,1,-0.6293584765371149,0.7819054613477024,1.0118104409589275,2.2527965818360736,0.00029994477090184243,1.0000003480525377,1.002744115021625,1,-0.8489179176980345,1.3387702525745626,1.5927793608546472,2.1391837196283507,0.0002230237187464329,1.000000042818201,0.2854546737130723,1,-3.8763011034870964,3.7420756494876466,5.396394345781654,2.37441988435058,0.013645475774325911,0.9999999947792307,0.006425729356210615,0
4.38,-0.003753618880838848,0.004731690636866301,-1.1063155209642406e-10,0.05092891304173565,0.356097993552577,0.3621368793398959,1.4532810148285724,0.00013127255859766952,1.0000032333813005,21.04874591224121,1,0.5528151238109172,0.4672860749064131,0.719715073479546,0.7131054779941438,-0.0013747557853194161,1.000000399830394,2.665535959687401,1,-0.7217530805047527,0.6991864536786487,1.01343583666697,2.3753802035438714,0.0004341504011228274,1.0000000327233212,0.9982489964084147,1,-0.9332908787867644,1.2908550062475157,1.6007421702085776,2.1997855901612353,0.0002918474952286392,1.0000000421424164,0.28094944349112655,1,-3.9143363791015138,3.7050186816027657,5.398317131298849,2.384261595855068,0.013549916534061157,1.000000175906863,0.006418294380783059,0
4.4,-0.0037536188868023683,0.004731690636487604,-1.1153183454917781e-10,-0.15064720184685682,0.3674946309481584,0.4036966898941783,1.9760383791230558,0.000131924276659404,1.000003050342236,20.683695913809142,1,0.44543054751668343,0.569431712530114,0.7205272138214533,0.9192776686803744,-0.0013195349120861547,1.000000400040064,2.6669337593403974,1,-0.8030840291036236,0.60581842372137,1.0148670129119652,2.4975942591415397,0.000526741035668565,1.0000000576676495,0.9937706513923685,1,-1.0140405038609441,1.2379576595443604,1.6083635741970932,2.259800286311204,0.0003533716132326775,1.0000000414826407,0.27655093819610854,1,-3.9519778861840265,3.6675894500888058,5.400219970189264,2.394096352019631,0.013439755069113222,0.9999998281974527,0.0064109362925423505,0
4.42,-0.003753618890676497,0.004731690636114727,-1.125054424622185e-10,-0.31645987016760707,0.2899890565681546,0.43788639373132965,2.4071550068940275,0.00013194967001519412,1.0000028931968097,19.85424747846125,1,0.31966329855964976,0.6474794243678599,0.7214777157400311,1.1249443153479721,-0.0012379396859582223,1.0000004000588214,2.6670588098112096,1,-0.8721699141952434,0.5032557039741307,1.016083181347973,2.6194895293545986,0.0005839302925998856,1.0000003484052074,0.9893755318271084,1,-1.0909114352144929,1.1803495489424267,1.6156195358599588,2.3192623467652487,0.000407391991701976,1.0000000408408896,0.27227259654123187,1,-3.989222262706444,3.6297921049718305,5.402102676613114,2.403924230461098,0.013316435853156476,1.000000002736387,0.006403655433346465,0
4.44,-0.003753618892799357,0.004731690635764267,-1.1353643676256797e-10,-0.42227837444431143,0.15686716975896275,0.4597104138694753,2.7854120353717717,0.00013034987788352722,1.0000028244635752,18.850230453507884,1,0.18085570111455113,0.6982545242820484,0.722526225364911,1.330039947037972,-0.001117959926376287,1.0000003998869418,2.665912944519648,1,-0.9280150342937862,0.3930739048954344,1.0170667898013932,2.741120808065658,0.0006129312901388035,1.000000057578155,0.9851276101916491,1,-1.1636677037658547,1.1183096623328594,1.6224878351789505,2.3782067558660174,0.00045374740591508085,1.0000000402189506,0.26812633721356727,1,-4.026066189390602,3.591630820644877,5.40396507162802,2.41374530919544,0.013180953307664674,1.0000001719076508,0.006396452140228313,0
4.46,-0.003753618893542026,0.004731690635446087,-1.1461151082012289e-10,-0.458593204792068,-0.0025815429278652972,0.46720774601222836,3.139850678987181,0.00012749039892939702,1.0000028225356827,17.84519020710696,1,0.03485584791270778,0.7197572315225655,0.7236286211331694,1.5345238935815222,-0.0009612091018248067,1.0000003995329256,2.6635528375505797,1,-0.9698197083232653,0.2769475860674161,1.017803707514722,2.862546155929654,0.0006207319383336746,1.0000000290532627,0.9810876786818569,1,-1.2320921972069931,1.0521235103190325,1.628948015022997,2.436668825129825,0.000492326323463778,1.0000000396183981,0.26412265477696834,1,-4.0625063897555505,3.5531097954615554,5.405806980902164,2.423559666566809,0.013033651122407923,0.9999998243211635,0.006389326746520792,0
4.48,-0.003753618893008206,0.004731690635167428,-1.1571822623387962e-10,-0.4229310801975401,-0.16215728901677176,0.4598677640177017,-2.789017788780577,0.00012421232741850627,1.0000028180883362,16.954302059362604,1,-0.11223908309820654,0.7112278186246425,0.7247389468855787,1.7383814789725915,-0.0007821221002697325,1.0000003990129207,2.660086137405628,1,-0.996988269043191,0.15662753966514212,1.0182833722083118,2.9838261491323412,0.0006130669261734336,1.0000003440258622,0.9773127748796485,1,-1.295986112980573,0.9820821302684626,1.6349813282535102,2.494684095191919,0.0005232206817541525,1.0000000390406087,0.260270724437769,1,-4.098539630162206,3.5142332513321963,5.40762823437649,2.4333673811066014,0.012874728172266486,1.0000000106908344,0.006382279581201675,0
4.5,-0.0037536188911191357,0.004731690634933194,-1.1684307124268378e-10,-0.3177161421419027,-0.2956783212502883,0.4381893534671738,-2.411153851606649,0.0001202814965210707,1.0000027512983871,16.279888505087452,1,-0.2543415138329284,0.673156399039813,0.7258113517796765,1.941624041993329,-0.0006035895148672985,1.000000398349811,2.6556654066760705,1,-1.0091348477432576,0.03391782694608432,1.018498897960944,3.10502312716282,0.0005946199426952834,1.0000000849326764,0.9738556823801852,1,-1.355168409787063,0.90848121274842,1.6405706860968088,2.552288256248792,0.0005468159913802747,1.0000000384867767,0.25657851105896406,1,-4.134162719855979,3.4750054333228695,5.409428666735872,2.4431685314743286,0.012704628948172678,1.0000001676376902,0.006375310966307013,0
4.5200000000000005,-0.003753618887804119,0.004731690634744075,-1.179705660415975e-10,-0.15236192826406028,-0.37390294741018437,0.40411217880503003,-1.9807856848583911,0.00011531331540446414,1.000002621650034,15.951848553449487,1,-0.3856226871866596,0.607240598203511,0.7268019526700533,2.1442878836020007,-0.00044904899290595934,1.0000003975720588,2.6504803922316813,1,-1.0060870429470137,-0.08934733003006208,1.0184471461718427,-3.056984865885659,0.0005692820011895292,1.000000003703019,0.9707644666147974,1,-1.4094752692058274,0.8316203398024608,1.6457006085899577,2.609517084880329,0.0005638656924411198,1.000000037957932,0.2530528794213305,1,-4.169372511007963,3.435430609258288,5.411208118307103,2.452963196490508,0.012524441467865025,0.9999998207248474,0.006368421213876739,0
4.54,-0.003753618883120407,0.004731690634593589,-1.1908376845379265e-10,0.04911608798419173,-0.36357488535274335,0.362585972566964,-1.4592379708743946,0.00011081337746114124,1.0000025058218445,16.169317142756107,1,-0.5007428462545261,0.5162964245668726,0.7276705505489559,2.3464322808339224,-0.0003329521879684325,1.0000003967123756,2.644749171400137,1,-0.9878875366845042,-0.21132672685663867,1.0181287614134313,-2.935763604623034,0.0005405460452954466,1.0000003352067584,0.9680820672496558,1,-1.4587595771713437,0.751802324514273,1.6503571781466182,2.666406395473932,0.0005756326965143607,1.0000000374549554,0.24969970251565274,1,-4.204165898754043,3.3955130693289384,5.412966436353098,2.4627514553267833,0.01233660646984945,1.0000000186299662,0.006361610624221989,0
4.5600000000000005,-0.003753618877856678,0.004731690634463305,-1.201680972610919e-10,0.2336823150424951,-0.2371879308005484,0.32454296170607305,-0.805194195805218,0.00011094859644431443,1.0000025273336361,17.179891915753682,1,-0.5950548777822893,0.40412894724387044,0.7283821494523159,2.548136725848397,-0.0002540293942442351,1.0000003958063028,2.638708686267288,1,-0.9547936877117444,-0.33019536798951166,1.0175481725256161,-2.8144352787255476,0.0005122828979386696,1.000000114283131,0.9658459452215409,1,-1.5028904334493585,0.6693326415480008,1.6545279969171172,2.722992005113405,0.0005840440907224639,1.0000000369785949,0.24652396563507495,1,-4.238539821231054,3.3552571257023085,5.414703476100532,2.4725333880745866,0.012145831956099178,1.0000001631037434,0.00635487948663268,0
4.58,-0.0037536188749877743,0.004731690634320179,-1.2122486044499614e-10,0.3162371368526834,-0.011194499934523415,0.3075261772114635,-0.02611509344578202,0.00011837455540189355,1.00000275194985,18.917412098675612,1,-0.6647759350939653,0.27536998571992083,0.7289082395777495,2.749497549291735,-0.0002021058107949798,1.000000394890766,2.6326051078022368,1,-0.9072750954211473,-0.44416761780148095,1.0167135574265467,-2.6929380169308255,0.0004849406301956008,0.9999999823963969,0.9640877674728953,1,-1.5417526957211178,0.5845189387505404,1.6582021454108475,2.7793097110041547,0.0005910065380896616,1.00000003652948,0.24352986741540297,1,-4.272491259609461,3.3146671121379248,5.416419097455517,2.482309076779132,0.011956873987671049,0.9999998174141987,0.006348228082912048,0
4.6000000000000005,-0.0037536188779575767,0.004731690634138576,-1.2228921781459734e-10,0.243115458462373,0.21866293064834957,0.32260046979157425,0.7580395729666052,0.00012722834029558068,1.000003065760483,20.48277907464581,1,-0.7071233004208198,0.13529009000790776,0.7292278159263602,2.9506240688356673,-0.00018077476513627305,1.0000003940026578,2.626684385187145,1,-0.8460090929586902,-0.551520250047488,1.0156367635559793,-2.5712119467594166,0.00044930197776634715,1.0000003223035343,0.9628331187671885,1,-1.575246563325436,0.4976706202048488,1.6613701366479057,2.835395274707228,0.0005963652745036996,1.0000000361081383,0.24072092210017687,1,-4.306017238121566,3.2737473836050195,5.418113153436239,2.4920786052030426,0.011766106293276476,1.0000000265411997,0.006341656693828501,0
4.62,-0.0037536188846663122,0.0047316906339371165,-1.2340485317646754e-10,0.06242253824755414,0.35276136479699527,0.3598516602268051,1.421449013977308,0.0001311431255580561,1.00000329851528,21.0474730578588,1,-0.7204121287160504,-0.010408165347282733,0.7293281226365232,-3.1315509231379592,-0.00019983555426541616,1.0000003931774866,2.621183243287987,1,-0.7718740958963962,-0.650615313387039,1.0143331828049513,-2.4491999598332796,0.00039856235760992825,1.0000001450271583,0.9621012371589905,1,-1.6032872044143613,0.40909849113201313,1.6640238780427288,2.891284405112197,0.0005991677288643649,1.0000000357150096,0.23810006376886955,1,-4.339114824085183,3.232502315901082,5.41978548849435,2.5018420558676002,0.011565922553751851,1.00000015831299,0.006335165605249008,0
4.640000000000001,-0.0037536188909794137,0.004731690633758256,-1.2458001774282024e-10,-0.1399100318856637,0.36992764591419325,0.4015662733920681,1.9504505299947252,0.00013090476678501357,1.0000033801574604,20.71877357746189,1,-0.704113722440061,-0.15580893792599104,0.7292051182803617,-2.930534355612834,-0.00025916061970742994,1.0000003924481202,2.616320801028209,1,-0.6859407064165823,-0.739922698046261,1.012821597976634,-2.3268484848907067,0.00033735837084667987,0.9999999657607843,0.9619047699167601,1,-1.6258044297569896,0.3191144550401527,1.6661566539851562,2.9470127514426223,0.0006002968615116567,1.0000000353504617,0.23566974412010125,1,-4.371781127924999,3.1909363052710518,5.421435954474675,2.5115995093649914,0.01135672052920085,0.9999998143944596,0.006328755107626867,0
4.66,-0.0037536188952941125,0.004731690633631076,-1.2579537628579218e-10,-0.3084771750333584,0.2963679718256199,0.4363225593049071,2.3854443320417857,0.000128158860561416,1.0000032958498837,19.905742070248234,1,-0.658873676743453,-0.29500764475927754,0.7288636389385483,-2.729389252044221,-0.00036449411898154395,1.0000003918436404,2.6122909365818194,1,-0.5894604556228813,-0.8180422455232546,1.0111239912980814,-2.2041082467221615,0.0002732740578111227,1.0000003057172642,0.9622495482497614,1,-1.6427424163970785,0.2280312540485751,1.66776310719856,3.0026159109653783,0.000601279214060945,1.0000000350148024,0.23343201531840643,1,-4.404013303193699,3.1490537680286046,5.423064415900028,2.5213510463916573,0.011142819770248608,1.0000000344119968,0.0063224254908830265,0
4.680000000000001,-0.0037536188975810796,0.00473169063356654,-1.2702563523606103e-10,-0.41788335809782406,0.16547429926982468,0.458884759179698,2.76574894645696,0.00012384642885062685,1.000003068322496,18.90595397646449,1,-0.5864897145825075,-0.42233518519003677,0.7283172512655836,-2.527998047070388,-0.0005337962026739064,1.0000003913883264,2.609255509624069,1,-0.48385206096644484,-0.883725191004158,1.0092653008675792,-2.080935011812529,0.00021362996797028364,1.0000001764703221,0.9631343882099733,1,-1.6540594839275136,0.13616224414725492,1.6688392157946241,3.0581294401166197,0.0006033040132336489,1.0000000347082898,0.2313885991262092,1,-4.435808546592629,3.106859140180786,5.424670745588722,2.5310967487262976,0.010927986414883092,1.0000001532730176,0.006316177040301112,0
4.7,-0.0037536188982460884,0.004731690633564148,-1.282482986995903e-10,-0.4580805384817334,0.006769435588915079,0.4671808837553875,3.1208472652003247,0.00011880462480556723,1.000002769450827,17.897708564785603,1,-0.48984944136406167,-0.5325757769365558,0.7275877994281238,-2.326252347837669,-0.0007903010081935459,1.0000003911007809,2.6073385392806547,1,-0.370685084123603,-0.9358946691079826,1.0072731270061859,-1.95729031775969,0.00016573153586703723,0.9999999542483257,0.9645509289586184,1,-1.6597279252448478,0.04382119765884234,1.6693822756438135,3.1135888665490072,0.000607214205386599,1.0000000344311424,0.22954094855187332,1,-4.467164097991625,3.0643568770563796,5.4262548213222805,2.540836699259177,0.01071501553440006,0.9999998116704107,0.006310010034167286,0
4.720000000000001,-0.003753618897633898,0.004731690633617367,-1.2944516509030835e-10,-0.4263084013190776,-0.15345275253385962,0.460641284890875,-2.8085972257339376,0.00011294540940382971,1.0000025027010497,16.99806874447336,1,-0.3728287388481257,-0.621172104781237,0.7267046500681242,-2.1240571780892217,-0.0011509673569357706,1.0000003909932156,2.6066214372025893,1,-0.25166089971856725,-0.9736649509393549,1.0051773897967098,-1.833142172941865,0.00013598654392705205,1.000000285877293,0.9664835136703434,1,-1.6597338928130347,-0.04867787471990571,1.669390889826574,-3.114155604358339,0.0006136283632871186,1.000000034183546,0.22789030622316545,1,-4.498077240447601,3.0215514529376937,5.4278165244598515,2.550570981858021,0.010506109714252369,1.0000000422298834,0.006303924742006288,0
4.74,-0.003753618895879228,0.0047316906337169645,-1.3060135741968515e-10,-0.3247110969731108,-0.2890930868908708,0.43970736725847104,-2.432677908840554,0.00010482992806902389,1.0000023600678525,16.30903337392341,1,-0.24015222763817615,-0.6844111158942009,0.7257036431230861,-1.9213348840374551,-0.001610661235919381,1.0000003910709077,2.6071393850229616,1,-0.12859092909619046,-0.9963590187083825,1.0030099383198274,-1.7084657088713435,0.00012702577789972072,1.0000002078362484,0.9689090889259196,1,-1.6540773409104021,-0.1410208899711293,1.668864964261681,-3.058697845889909,0.0006230162086917725,1.000000033965664,0.2264377600764489,1,-4.528545300221866,2.9784473606956516,5.429355739467418,2.560299681266305,0.010303177171567103,1.0000001479918075,0.006297921422801497,0
4.76,-0.003753618892860735,0.0047316906338518315,-1.3170309851387452e-10,-0.1621897651350699,-0.37113744821911115,0.4062134827385685,-2.0060464806347977,9.406978509847727e-05,1.0000023835022396,15.957907304173697,1,-0.09721826441119807,-0.7195834049137079,0.7246257599035413,-1.7180285592750844,-0.002122270415767609,1.0000003913318312,2.6088788738252773,1,-0.003372156927987654,-1.0035240289238996,1.0008041161225694,-1.5832437649157418,0.00013192350625359253,0.9999999481180799,0.9717970207397155,1,-1.6427720240554105,-0.23289385464124412,1.6678057089861347,-3.003187637824491,0.0006357719321374743,1.0000000337776442,0.22518429417579675,1,-4.558565646796641,2.9350491114285435,5.430872353976854,2.570022883055596,0.010108142476275275,0.999999809246365,0.006292000323298027,0
4.78,-0.003753618888236085,0.004731690634006464,-1.3273520216988688e-10,0.03835037666745443,-0.3664632196040995,0.36488081226927105,-1.4905801868724864,8.70348544946729e-05,1.0000025579136294,16.13930988695349,1,0.050107642596011366,-0.7251088858190536,0.7235155230944431,-1.5141048212654464,-0.002586426299305794,1.0000003917664502,2.6117763340178706,1,0.12203996647379521,-0.9949441729901191,0.9985942954651776,-1.4574673865960297,0.00013007609680448315,1.000000263224166,0.9751086694737133,1,-1.6258455516548254,-0.32398303026559355,1.6662156452961372,-2.9475894229400073,0.0006523312205600761,1.0000000336196249,0.22413083291539374,1,-4.588135692890524,2.891361234104393,5.432366259398522,2.5797406736932955,0.009923546408179171,1.000000049982469,0.006286161676712692,0
4.8,-0.0037536188823826836,0.004731690634153116,-1.336826747390385e-10,0.22582913429238827,-0.24659298208757258,0.326238324313049,-0.8443642399750019,9.08144743364723e-05,1.0000028350562868,17.102631439883705,1,0.19572533731062094,-0.700621549755014,0.722419159764401,-1.309555737034278,-0.0028781408577323564,1.0000003923577723,2.6157184823749344,1,0.2456610240792237,-0.970650417703493,0.9964153968215671,-1.3311362322768205,9.785083914212159e-05,1.0000002382791782,0.9787969501146677,1,-1.6033394986338796,-0.4139751099806677,1.6640986193948135,-2.8918676002790327,0.0006732032059424721,1.0000000334917418,0.22327827893504237,1,-4.617252894472687,2.8473882752069315,5.433837351668823,2.5894531409502646,0.009753391509722828,1.000000142477725,0.006280405702043132,0
4.82,-0.0037536188786874195,0.004731690634244546,-1.3454773536633602e-10,0.31605425229373896,-0.024179003347117027,0.30764084914470696,-0.06996698187133119,0.00010217654130617297,1.000003133045462,18.816533663401614,1,0.3335507416476939,-0.6470067635973143,0.72138260396105,-1.1043996739743143,-0.0029383289289268053,1.0000003930819412,2.6205462747244845,1,0.36550918915498304,-0.9309265886556518,0.9943023866576373,-1.2042588954229025,3.104904167367217e-05,0.9999999474224617,0.9828069578162949,1,-1.5753095713982954,-0.502557414041988,1.6614598212615066,-2.8359865112466616,0.0006981684894105921,1.0000000333941317,0.22262754527845555,1,-4.645914750775839,2.803134798385445,5.435285528464176,2.599160374855579,0.00960140560170657,0.9999998071261599,0.006274732604419763,0
4.84,-0.0037536188815031502,0.0047316906342402335,-1.353759279155986e-10,0.250991500868998,0.20857642935869028,0.32105271645202765,0.7179671865958971,0.00011457586681755917,1.0000032989986458,20.420475796113852,1,0.4577750078377837,-0.5663859659159233,0.72044949710705,-0.898680916707115,-0.0028427526418592468,1.0000003939093014,2.6260620097936904,1,0.4796383773501222,-0.8763112589545305,0.9922897106091828,-1.076853110693958,-5.708946130834953e-05,1.0000002381908561,0.9870778886516766,1,-1.5418258280538168,-0.5894181121411242,1.6583058003190747,-2.779910427217162,0.0007248963422385717,1.0000000333269372,0.2221795818911864,1,-4.674118804307103,2.7586053841080815,5.436710677427466,2.6088624677112864,0.009463352559518226,1.0000000576574677,0.00626914257796212,0
4.86,-0.0037536188882708963,0.004731690634153873,-1.3622555037132167e-10,0.07380254370060176,0.349110841920365,0.3575790458848488,1.3891843764223244,0.00012246903966209785,1.0000032456616958,21.04322404447174,1,0.563120395788362,-0.46204580140832324,0.7196593215537489,-0.6924681063552961,-0.0027100070128288885,1.0000003948056373,2.632037582386505,1,0.5861724232533952,-0.8075949760016529,0.9904106438990329,-0.948945769259869,-0.00014872237356732668,1.0000002668975327,0.9915444879274709,1,-1.5029729513247279,-0.6742464806347711,1.654644479228596,-2.723603549580771,0.0007511324033285094,1.0000000332903094,0.22193539664767534,1,-4.701862640855809,2.7138046293176576,5.43811267113688,2.6185595111263624,0.009330100964785315,1.0000001367395024,0.00626363581056998,0
4.88,-0.0037536188942797733,0.004731690634027123,-1.371139707849467e-10,-0.12912589679458103,0.37213494088887816,0.39941354027500464,1.9245616288943885,0.00012662183925144318,1.0000030685373198,20.752187279536844,1,0.6450798831694766,-0.33831161103068985,0.7190456856807916,-0.48585161375043895,-0.00260279086335459,1.0000003957334669,2.638223111976702,1,0.683339577036254,-0.7258124847635751,0.988696618449547,-0.8205727132759417,-0.00022522189188397765,0.9999999520027976,0.9961373739203515,1,-1.4588505720569664,-0.756733203093241,1.6504851888136935,-2.667030020255877,0.0007766755683894581,1.0000000332844106,0.22189607046608956,1,-4.729143889499206,2.668737147089209,5.439491381967651,2.6282515945953313,0.009199225931156208,0.9999998053131512,0.006258212485415386,0
4.9,-0.0037536188982122843,0.0047316906338857705,-1.3803087275596204e-10,-0.30037841401323595,0.3026216310576202,0.43472076123978876,2.3635527065464075,0.00012825746958636852,1.0000029066565101,19.956480556967136,1,0.7001271550546452,-0.20036868105754463,0.7186348028596042,-0.2789398521484514,-0.002538015024968491,1.0000003966535234,2.6443568222378637,1,0.7695064800498765,-0.6322297340457504,0.9871765938496214,-0.6917783094101543,-0.0002765998904321581,1.000000211197239,1.0007833585551116,1,-1.409573640631744,-0.8365707229327052,1.645838713789705,-2.610153930402291,0.0008016372985600952,1.0000000333094148,0.2220627656479824,1,-4.755960222607371,2.6234075662898304,5.440846689494207,2.637938807175863,0.009071852816486222,1.0000000652427152,0.006252872779509692,0
4.92,-0.003753618900367112,0.00473169063373898,-1.38963861251451e-10,-0.41334714025807745,0.17404159360371907,0.4580153778993388,2.745994542222616,0.0001277251001498417,1.0000028305687791,18.96146989471203,1,0.7258843484075049,-0.054038400843730634,0.7184442556669126,-0.07185459315503506,-0.0025159983548809547,1.0000003975264744,2.650176495852253,1,0.8432106877518296,-0.5283255978777328,0.9858764794263525,-0.5626148073030476,-0.00030235872554456553,1.0000002927714833,1.0054063801629762,1,-1.3552728429186256,-0.9134536572377873,1.6407173339141334,-2.552939334441108,0.0008256599966132357,1.000000033365509,0.22243672731813316,1,-4.782309355846944,2.577820531241549,5.442178477127719,2.6476212384485174,0.008948378066259567,1.000000130786229,0.006247616864070356,0
4.94,-0.0037536189011408826,0.004731690633589294,-1.3990482904124857e-10,-0.4574217623945946,0.016155026204962376,0.46710960004676044,3.1018244731740716,0.0001259541435250853,1.0000028251850446,17.950381880695737,1,0.721236857817518,0.09447998439777423,0.718482142645922,0.135274501107835,-0.002532090391516168,1.000000398314761,2.655431739064477,1,0.9031907682893354,-0.4157684306687141,0.984818605947944,-0.43314149637828436,-0.0003072907648787089,0.9999999615165925,1.009928895042379,1,-1.2960950564865823,-0.9870792812342907,1.635134865593272,-2.4953502755736165,0.0008480958480709507,1.0000000334528916,0.22301927785075693,1,-4.808189048183163,2.5319807013871274,5.443486629072256,2.6572989784711316,0.00882809834790768,0.9999998038102087,0.006242444907129522,0
4.96,-0.003753618900657065,0.00473169063343766,-1.4084824018906206e-10,-0.4295480713973764,-0.1446404346004083,0.4613731462201199,-2.8281273597313294,0.00012409397080855063,1.0000028232490732,17.042295313631918,1,0.6863875833286726,0.23888846515146483,0.718746678285732,0.34231582129525623,-0.0025786125784558332,1.0000003989844088,2.659896059665029,1,0.9484130092999338,-0.2963877878399413,0.9840212580029831,-0.30342367375487056,-0.0002979119381389642,1.000000182666343,1.0142734914662628,1,-1.232203841734019,-1.0571480932461124,1.62910670714282,-2.437350823495763,0.0008682177346965659,1.0000000335717705,0.22381180373413584,1,-4.833597101879536,2.4858927509579956,5.444771029333681,2.666972117517011,0.008709687860903653,1.0000000727261904,0.006237357076578646,0
4.98,-0.0037536188988613224,0.00473169063328417,-1.417887985841193e-10,-0.33159544333829405,-0.2823186343151307,0.4411905750951995,-2.454072956591729,0.0001226095634619117,1.0000027618947829,16.338996232274916,1,0.6228469446208524,0.3730748302674251,0.7192262783030501,0.5491418753591669,-0.0026436758979823563,1.0000003995066793,2.6633778624813504,1,0.9780938195756068,-0.17214186103033022,0.9834982819597715,-0.1735314416553634,-0.0002808042130313806,1.0000003150120347,1.0183645959062675,1,-1.163779961390133,-1.1233644703124812,1.622649887356337,-2.378905125171599,0.0008853676270951337,1.0000000337223602,0.22481573422081685,1,-4.8585313624953965,2.4395613686437936,5.446031561866751,2.6766407458416728,0.008591613457477915,1.0000001246273338,0.00623235354222398,0
5.0,-0.003753618895681,0.004731690633126678,-1.4272009919366613e-10,-0.1719730248149123,-0.36808834064608104,0.4082944082071297,-2.031073812546388,0.00012134544860044184,1.0000026341626194,15.965319634232351,1,0.5333593607714217,0.49138684829006196,0.719900124842154,0.7556351109166146,-0.002709899234540673,1.000000399859441,2.6657296055747044,1,0.991717020477223,-0.04508138153086228,0.9832587836637325,-0.043538362229727956,-0.0002618850074540553,0.9999999754727047,1.0221301980975095,1,-1.091021920424831,-1.1854374248770778,1.6157831164493246,-2.3199774702944977,0.0008991107089218964,1.0000000339048767,0.22603251172524877,1,-4.882989718882303,2.3929912572636285,5.447268111437052,2.6863049535177383,0.008472551565194091,0.9999998026197101,0.006227434476360651,0
5.0200000000000005,-0.003753618891138489,0.004731690632958049,-1.436346120167742e-10,0.027481739630865136,-0.36898160056316315,0.36718509028519897,-1.5215680116696109,0.00012072713946084328,1.000002510282882,16.111400720813702,1,0.4217711842621156,0.5888811436334757,0.7207391723421018,0.9616931579206218,-0.0027541097592835135,1.0000004000281797,2.6668545308279343,1,0.9890453818652518,0.08268907781059157,0.9833069271219765,0.0864799934363973,-0.00024498375432810844,1.0000001530443028,1.025503535308419,1,-1.0141465166894406,-1.2430814730548365,1.6085268385344078,-2.260532373412847,0.0009094273408867295,1.0000000341195332,0.2274635543044009,1,-4.906970103179542,2.346187133438995,5.448480565216328,2.695964830399078,0.008352046648762079,1.0000000800960334,0.006222600053026489,0
5.04,-0.003753618885888787,0.004731690632761648,-1.445265027447129e-10,0.21761485427661603,-0.2556562951420239,0.32799405187422953,-0.88317158852795,0.0001230686272236164,1.0000025126388845,17.027565953437335,1,0.29284878248939455,0.6615340380009375,0.721707526060719,1.1672332104001293,-0.0027493432643985486,1.0000004000065894,2.6667105966838993,1,0.9701259609116437,0.209051337243146,0.9836418414728109,0.2164475581977105,-0.00023119923401302377,1.0000003328199134,1.0284246769403773,1,-0.9333893906240799,-1.2960176250437088,1.6009032853664944,-2.2005346744985337,0.0009167639303906752,1.0000000343665312,0.22911020824382233,1,-4.930470490809178,2.2991537272686418,5.4496688148630845,2.70562046643771,0.008231390685407736,1.000000118272572,0.006217850446251482,0
5.0600000000000005,-0.003753618882614618,0.0047316906325076446,-1.4540333477183753e-10,0.3153191084870819,-0.03711543013285421,0.30785266966980007,-0.11381631567012515,0.00013092041745099874,1.0000027200267532,18.715158129202578,1,0.15205819080624292,0.7064047607349815,0.7227641037541183,1.3721953424159572,-0.0026772510593678213,1.0000003997967224,2.665311483106503,1,0.9352890366157324,0.33191423511648055,0.9842576404643443,0.3462892940615481,-0.0002221825083953538,0.9999999932874565,1.0308419503075417,1,-0.8490055603273742,-1.343974508210172,1.5929365312721853,-2.139949658126087,0.0009209612380778147,1.0000000346460531,0.23097368774683927,1,-4.953488900471356,2.2518957820058363,5.450832755816736,2.7152719526605393,0.00811232228228701,0.9999998017435391,0.006213185827854192,0
5.08,-0.0037536188850272527,0.004731690632171016,-1.463050939079502e-10,0.2584710836633238,0.1982121057091634,0.3195690038687641,0.677494581731429,0.00014085249032532948,1.0000030361893064,20.35498359315504,1,0.005319303750867801,0.7217450655813196,0.7238644827789281,1.5765446381413908,-0.002552666603087814,1.0000003994087168,2.6627247782569827,1,0.8851406821135889,0.4492534767410905,0.9851435603149841,0.4759326815385209,-0.00022672732736631748,1.000000122838446,1.032713136546625,1,-0.7612699260527555,-1.3866896328753313,1.5846525418259896,-2.0787431902074283,0.0009192165025005421,1.0000000349582503,0.23305500175426258,1,-4.97602339413941,2.204418053738187,5.451972277151065,2.724919381598772,0.007990163127286185,1.0000000873405643,0.006208606366445983,0
5.1000000000000005,-0.003753618891690497,0.004731690631770352,-1.472848882785871e-10,0.08506009777987489,0.3451260807452794,0.35531502270060905,1.3565087676271952,0.0001479180186125092,1.0000032836871053,21.036391950291197,1,-0.14125209276133197,0.707052965316848,0.7249628393498042,1.7802721165190574,-0.0024072961588870218,1.0000003988601482,2.659067654626322,1,0.8205492642813322,0.5591495821857557,0.9862842134687488,0.6053091387132341,-0.0002533102196915155,1.000000345556486,1.0340063893580305,1,-0.670477725507211,-1.423910809837301,1.5760792044604732,-2.0168818819084215,0.000908914512206997,1.0000000353032303,0.23535486887359808,1,-4.998072077054078,2.1567253110696427,5.453087254686622,2.7345628446615864,0.007855953415425505,1.00000011173201,0.006204112228162634,0
5.12,-0.0037536188983162944,0.004731690631354148,-1.4836172871832143e-10,-0.11829848905328356,0.37409392003217445,0.39723737162563477,1.8984012107301083,0.00015341307063859635,1.0000033817277474,20.784369084416284,1,-0.28160186106080415,0.6630716115010912,0.7260138770269141,1.983394519477783,-0.0022557754709137796,1.000000398175068,2.654500453582825,1,0.7426263834458815,0.6598229061244361,0.9876599282932873,0.7343553247012098,-0.00029924215521984036,1.0000000143496146,1.0347009276238444,1,-0.5769449183326106,-1.455397727297021,1.5672463583595873,-1.9543332908517317,0.0008907168514914848,1.000000035681043,0.23787361985502656,1,-5.019633097717655,2.108822334804077,5.454177565132794,2.7442024303167565,0.007707433387912367,0.9999998011830813,0.006199703574522393,0
5.140000000000001,-0.003753618903016328,0.0047316906309609824,-1.4952310613616793e-10,-0.29216196685303475,0.30872868404983184,0.433082583546225,2.341509538190803,0.00015452059788115068,1.0000033124601448,20.00687999427424,1,-0.4099835289969685,0.591737026928612,0.7269746556915612,2.1859530582438884,-0.002104146697938588,1.0000003973827802,2.6492185348530675,1,0.6527029546992421,0.7496648562980308,0.9892471652071072,0.8630142772790556,-0.0003570139571859073,1.0000000926524402,1.034787373358876,1,-0.48100847509044015,-1.480923693071043,1.5581858299190465,-1.891066147329198,0.000866137752281121,1.0000000360916628,0.2406110857101079,1,-5.0407046478894175,2.0607139176309954,5.455243096089438,2.7538382256628404,0.007546495324224497,1.000000094448302,0.006195380556806089,0
5.16,-0.0037536189056755287,0.004731690630611465,-1.5074740023976463e-10,-0.4086632370818939,0.18255138171676186,0.45710546324328793,2.7261725115059057,0.00015100033505446828,1.0000030953123642,19.01714965320507,1,-0.5211836284022628,0.4960803081414098,0.7278062679353537,2.388011241815602,-0.001966131217873346,1.000000396516468,2.643443121221427,1,0.5523012810107325,0.8272646243405178,0.9910190113022874,0.991236364842947,-0.0004194784465943791,1.0000003528022614,1.0342677459734066,1,-0.383026543008301,-1.500277545552391,1.54893145341197,-1.8270506044659973,0.0008362492696321405,1.0000000365349706,0.2435664704240743,1,-5.061284962582431,2.0124048638146905,5.456283744176138,2.7634703176909943,0.007374984068725738,1.000000105016008,0.006191143312258812,0
5.180000000000001,-0.0037536189066702517,0.00473169063031445,-1.5201380670730458e-10,-0.4566065150500603,0.025562878497938053,0.46699710826967544,3.0827980056735163,0.00014749999895606462,1.000002798505584,18.003527545388906,1,-0.6107192689577113,0.38009104282243195,0.7284752983380489,2.5896519483964475,-0.0018607370374894379,1.0000003956118289,2.6374121916156845,1,0.4431040557693091,0.8914309487061847,0.9929457327225707,1.1189800405458017,-0.0004803052917803195,1.0000000380716851,1.0331551754459947,1,-0.28337845763186603,-1.5132657336022204,1.5395190722360832,-1.7622585195775788,0.0008018433942583891,1.0000000370107311,0.24673820828237883,1,-5.081372320060603,1.9638999888873496,5.457299412272774,2.7730987935197593,0.007194210037145157,0.9999998009392219,0.0061869919643945,0
5.2,-0.003753618906354039,0.00473169063007249,-1.533042586106259e-10,-0.43263695578711375,-0.13572683031150007,0.462064917042146,-2.8475999411451616,0.0001458509681454161,1.0000025244614088,17.087251624104393,1,-0.6750028317727899,0.24854916875015257,0.7289550247822612,2.790973930487421,-0.0017942729250381053,1.0000003947056475,2.631370983270624,1,0.32692126658412457,0.9412086448575512,0.994995363399153,1.2462123901189208,-0.000533429649224796,1.0000000631997867,1.0314733408451058,1,-0.1824645664945551,-1.5197145613933525,1.5299865213134505,-1.696663768405232,0.000763663103582154,1.000000037518571,0.2501238061114518,1,-5.100965041834217,1.9152041193455442,5.458290008472059,2.7827237403509044,0.007005300218035357,1.000000101407983,0.006182926626815968,0
5.220000000000001,-0.0037536189048983726,0.004731690629885117,-1.546026906756176e-10,-0.33835361252995544,-0.27535597503329545,0.44263750534140606,-2.4753349736231987,0.00014526082852354407,1.0000023679215229,16.37001763007669,1,-0.7114703323149222,0.10683251606640898,0.729226357520067,2.9920879025384552,-0.0017585709645880983,1.0000003938343742,2.6255624947498117,1,0.2056559564113644,0.9758898434694031,0.9971343128272703,1.3729094736352991,-0.000573033667119,1.0000003543867102,1.0292556677971725,1,-0.08070582818939456,-1.5194725891279521,1.5203735882768197,-1.6302425916431624,0.0007225254332193209,1.0000000380579506,0.2537196710599439,1,-5.120061492653031,1.8663220923491812,5.459255446010418,2.7923452454224047,0.006809475568194139,1.000000098135204,0.006178947408992799,0
5.24,-0.0037536189021927764,0.0047316906297496675,-1.5589287933465146e-10,-0.18169241314422158,-0.36475118645198773,0.41034973474337944,-2.0558610800102097,0.00014412455977533663,1.0000023757477985,15.974330500801008,1,-0.7186712942364685,-0.03929301632324546,0.7292785038931237,-3.090072979375218,-0.0017379388244935163,1.0000003930327934,2.6202186228043307,1,0.08126973733107198,0.9950200614689032,0.9993279773188539,1.4990564698854052,-0.0005937066286786342,1.000000063914399,1.02654433093859,1,0.021456851975037113,-1.5124131744436922,1.5107219498104008,-1.5629739725267038,0.0006794239809143534,1.0000000386281387,0.2575209249985067,1,-5.138660080496984,1.817258755422025,5.460195643760754,2.801963396003431,0.006608312740231367,0.999999801012345,0.0061750544220114355,0
5.260000000000001,-0.003753618897887003,0.004731690629658933,-1.5715593583431886e-10,0.016535382132487543,-0.37111660798233276,0.3694905446648014,-1.5521796882295795,0.00014216119368628914,1.0000025367065097,16.085903775061684,1,-0.6963189159174908,-0.18389408195373705,0.729109347252349,-2.8890162917573785,-0.001716551540643704,1.0000003923328025,2.615552015781483,1,-0.04425114339982229,0.9983993843696464,1.0015413406093727,1.624647638664536,-0.0005899108196459366,1.0000000352866487,1.0233891112960354,1,0.12356358995736494,-1.4984371321860475,1.5010750794027687,-1.4948400434533848,0.000635706926918172,1.0000000392281811,0.2615212071736896,1,-5.156759256564748,1.7680189661528352,5.4611105273465155,2.8115782794807167,0.006404207835754484,1.0000001082085768,0.006171247782391601,0
5.28,-0.003753618892200677,0.004731690629593755,-1.5837124710607609e-10,0.20906552273290135,-0.26434487169593046,0.3298021280259399,-0.9215591475821491,0.0001427212568141738,1.000002804447659,16.95521253317864,1,-0.6452999575534044,-0.3210950557705843,0.7287255338726316,-2.6878066766235538,-0.0016837498691196972,1.0000003917623055,2.61174870331594,1,-0.16892850466066192,0.9860791563433842,1.0037395511012874,1.7496861210992976,-0.0005553996539810418,1.0000003503836687,1.0198461590725638,1,0.22513683506547708,-1.4774754820384859,1.491478123482909,-1.4258265185408527,0.000593301219067215,1.0000000398568705,0.26571246908402624,1,-5.17435751526112,1.7186075918967278,5.462000030846322,2.821189983744764,0.00620103082959093,1.0000000911004978,0.006167527612700534,0
5.3,-0.003753618888108847,0.004731690629514288,-1.5953143081733068e-10,0.31403331149804786,-0.04995151115432315,0.30816048306036026,-0.15757151172395537,0.0001505223716407583,1.0000031038150143,18.61400930652332,1,-0.5676442434069116,-0.4453016567852646,0.7281422636353213,-2.486329087527794,-0.001642089061745194,1.0000003913442375,2.6089615836463675,1,-0.2908231515146118,0.9583546551864399,1.0058884636482035,1.874183599867318,-0.00048642366735497867,1.000000091382817,1.015976710436844,1,0.3256830653817138,-1.4494922441389275,1.481977744636858,-1.355923146500786,0.0005539854521484288,1.0000000405127154,0.2700847693163836,1,-5.191453394184981,1.6690295094770962,5.462864096346809,2.830798598255952,0.006002915735045457,0.9999998014023321,0.006163894039002678,0
5.32,-0.0037536188902743974,0.004731690629380858,-1.6067008574288666e-10,0.26552544605480694,0.18760831527670635,0.3181557874872575,0.6366896452105986,0.00016146943177369928,1.0000032890653097,20.28675970389441,1,-0.46645410341115845,-0.551416876005651,0.7273827783694231,-2.2844784479998754,-0.001620624022450661,1.000000391095729,2.6073048598546578,1,-0.40806359938490466,0.9157542737482154,1.0079551376538303,1.9981598367667888,-0.0003927601589360495,1.0000000097675836,1.0118458029993804,1,0.42469490310005625,-1.414487232788289,1.4726219279394734,-1.2851241717843938,0.0005166994007022561,1.0000000411939105,0.27462607016592516,1,-5.208045474118158,1.619289604888694,5.463702663927598,2.840404214879895,0.005808020540670503,1.000000114839307,0.006160347187445389,0
5.34,-0.0037536188969478023,0.004731690629203996,-1.6183968054583886e-10,0.09616219685072955,0.3408228954170474,0.35306694345628464,1.323455022463594,0.00016744869734220454,1.0000032564587158,21.027144942102126,1,-0.34579461708869375,-0.6350428106301755,0.7264775457949282,-2.0821637734706346,-0.0016526407432169445,1.0000003910274315,2.606849544340033,1,-0.5188723154668398,0.8590257414189403,1.009908298355745,2.1216421095770968,-0.00029178375961295776,1.0000003410792642,1.0075210260474234,1,0.5216536813217233,-1.3724987886204587,1.4634597330698644,-1.2134287945947886,0.00047896745673061466,1.0000000418983057,0.2793220382193583,1,-5.224132379014916,1.5693927730022974,5.464515661471881,2.8500069256535636,0.0056100364185033315,1.0000000839230334,0.006156887182507697,0
5.36,-0.003753618903185524,0.004731690629026485,-1.63054131394752e-10,-0.10745564924733064,0.3758087661143148,0.3950429787298563,1.8719867558128969,0.00016960821572968059,1.0000030866234622,20.815377426696877,1,-0.21054630305373384,-0.6926616343639161,0.725463161956134,-1.8793119375897473,-0.001743547718822271,1.0000003911430266,2.6076201781773976,1,-0.6215893055715289,0.7891199046488967,1.0117187584324951,2.2446645888779884,-0.0001895299729221973,1.0000001200039232,1.0030713293265925,1,0.6160324858291598,-1.3236063792704937,1.454540992890727,-1.14084163387027,0.00044119198454889696,1.0000000426233795,0.28415586359228767,1,-5.239712775992337,1.5193439172706813,5.465303015846386,2.859606820536219,0.00540841451223971,0.9999998021085634,0.006153514143957356,0
5.38,-0.0037536189073378995,0.0047316906288761345,-1.642961927530301e-10,-0.283851013137952,0.3146869955262148,0.4314103335788992,2.3193275226671934,0.00017012185542710526,1.0000029207246652,20.056950279007506,1,-0.066223016881822,-0.7217885747764216,0.72438099401466,-1.67587091213147,-0.0018833771497745312,1.00000039143894,2.609592933149268,1,-0.7146929724972727,0.7071725498314615,1.0133597802122714,2.367267670259665,-8.585294692425722e-05,0.9999999874870803,0.998565905275865,1,0.7072996850211317,-1.2679329883299537,1.445915979392301,-1.0673731755125597,0.00040507343007000586,1.0000000433662162,0.28910810837482454,1,-5.2547853753224825,1.4691479494361264,5.466064663699417,2.8692039886555625,0.00520614079376486,1.000000121289665,0.0061502281809393275,0
5.4,-0.00375361890964723,0.004731690628761474,-1.6554506593671747e-10,-0.4038509743514341,0.19099614737892898,0.45615430692146947,2.7062968280867925,0.00016872739012230162,1.0000028372667746,19.072983197277583,1,0.08124068140566278,-0.7210895983893438,0.7232755845698305,-1.4718123192763106,-0.0020574717291544156,1.000000391904295,2.61269529971602,1,-0.796818249861864,0.6144847015353142,1.0148073852111963,2.4894972642830484,1.879737714581783e-05,1.000000326926134,0.994073160258498,1,0.7949229480807248,-1.2056472039933566,1.4376350286171715,-0.9930401797498202,0.00037183634245952814,1.0000000441234889,0.2941565917501748,1,-5.2693489304268395,1.4188097892406222,5.466800549895338,2.87879851964045,0.005005655257647311,1.000000076614181,0.0061470293875718,0
5.42,-0.0037536189105186533,0.004731690628682001,-1.667847194988109e-10,-0.4556498672006418,0.03498004957610002,0.4668402748635523,3.063787356631964,0.0001662509501508635,1.0000028279784643,18.05713772126845,1,0.22572658875867202,-0.6904567228232924,0.7221928654902,-1.267133140797205,-0.002247888001904872,1.000000392521136,2.616807574165698,1,-0.8667720718598665,0.5125017697070897,1.016040619352752,2.6114040600615605,0.0001230523053266221,1.0000001492995532,0.9896598200820385,1,0.8783737352924571,-1.136964912615163,1.4297481177921252,-0.9178660340662788,0.0003420810765803427,1.0000000448914481,0.29927632098936774,1,-5.283402237872123,1.3683343641393617,5.467510624029516,2.888390503899821,0.004808368528412174,0.9999998031299178,0.006143917842188402,0
5.44,-0.0037536189101018335,0.004731690628633834,-1.6800285121409964e-10,-0.43558453319999246,-0.12672969880375676,0.46271209556114007,-2.866987414771863,0.00016420036212379813,1.0000028281280542,17.13294451028955,1,0.36118619220331794,-0.6310346769755999,0.7211782466538472,-1.0618564309107852,-0.0024353499991359084,1.0000003932649486,2.6217663237985596,1,-0.9235462770704261,0.40279185548361424,1.0170417730365424,2.7330427768491785,0.00022572934503126683,0.9999999692211516,0.9853901650312422,1,0.9571322256228183,-1.0621504991317317,1.422304399835982,-0.8418810365099175,0.0003158977225585221,1.0000000456659217,0.30443947750018285,1,-5.296944137365908,1.317726609017189,5.4681948385205486,2.897980032533284,0.004615016811200628,1.000000127549429,0.006140893609494362,0
5.46,-0.0037536189083704277,0.004731690628611127,-1.6918881161516464e-10,-0.3449878994053466,-0.26822572368692704,0.44404348030534685,-2.496427497638772,0.00016295454816427372,1.0000027722198386,16.402121411764167,1,0.48190006326559925,-0.5451941627873855,0.7202746580869129,-0.8560309066859855,-0.0026025410612926406,1.0000003941054902,2.6273699344907673,1,-0.9663280660271495,0.2870234646143883,1.0177965582280368,2.8544714132835463,0.000326746235478433,1.0000003084967184,0.9813253327741867,1,1.0306926256393876,-0.9815174570122189,1.4153517026144056,-0.7651225915038349,0.0002929621486737093,1.0000000464423204,0.3096154695129204,1,-5.3099735117512665,1.2669914659074255,5.468853147792291,2.9075671971869004,0.004425953041152907,1.0000000691855182,0.006137956744242522,0
5.48,-0.0037536189052480525,0.004731690628605052,-1.703323881680624e-10,-0.1913419596358372,-0.36114584009578604,0.41237564392267106,-2.08036387137666,0.00016162345412696851,1.000002647043206,15.984972219928379,1,0.5827313460633635,-0.4364492947128883,0.7195206365809229,-0.6497293394177603,-0.002737161320323365,1.0000003950079341,2.633386228237614,1,-0.9945081357548203,0.166942822498729,1.018294247108331,2.975750498107425,0.0004277990138418906,1.0000001787653843,0.9775227019953386,1,1.0985687810772338,-0.8954283157348765,1.4089360008496652,-0.6876353008415499,0.0002727565907917879,1.000000047215661,0.31477107322743947,1,-5.322489287000433,1.2161338837125613,5.469485508156102,2.9171520899150503,0.004241429954700766,0.9999998044647751,0.006135107295154966,0
5.5,-0.0037536189007375542,0.004731690628601629,-1.7142378337144104e-10,0.005525156160530955,-0.3728814829712525,0.3717948232038705,-1.5823644968278527,0.00015931076104484302,1.0000025162294013,16.062848082346928,1,0.6593602401478228,-0.3093198386946276,0.7189485564320106,-0.44304573943420805,-0.002833004973939716,1.0000003959342973,2.6395619824678693,1,-1.0076866037323287,0.04435093495611334,1.0185277750895119,3.096942343225979,0.0005323467154534465,0.9999999556286837,0.9740353689760607,1,1.1602999890751993,-0.8042938038393089,1.403100868765455,-0.609470934292912,0.0002549921787763923,1.0000000479806037,0.3198706914885428,1,-5.334490432207211,1.1651588179262526,5.470091878486003,2.926734803095613,0.0040620668025186015,1.0000001336086788,0.006132345308274963,0
5.5200000000000005,-0.003753618895381762,0.004731690628577788,-1.7245598026884024e-10,0.20019668594133186,-0.2726564781946031,0.33166249386692226,-0.9594670192280601,0.0001574026398915353,1.0000025001765975,16.885629955420626,1,0.7084861831832289,-0.16914242868669016,0.7185831052234096,-0.2360914114768773,-0.0028883178558226958,1.0000003968451001,2.6456340014957154,1,-1.0056768135425105,-0.07891950144994646,1.0184938101178538,-3.065075007743262,0.0006448737587507626,1.000000286443119,0.970911699891152,1,1.2154568878419187,-0.7085711807953596,1.3978869224891324,-0.5306882661526785,0.00024001261756625048,1.0000000487315102,0.3248767345703356,1,-5.345975959578397,1.1140712303563645,5.470672221842001,2.936315429596428,0.0038894729660464275,1.0000000616488136,0.006129670829357254,0
5.54,-0.0037536188915751546,0.004731690628497401,-1.7343501222850943e-10,0.31219386672823785,-0.06267104698235208,0.30856947056229406,-0.20117003132045083,0.00016007116958780018,1.0000026890155242,18.513150931065205,1,0.7279853982899422,-0.021838655681190956,0.7184400984657989,-0.02899004857360312,-0.0029075401485715263,1.000000397701179,2.6513411937614206,1,-0.9885070867762672,-0.20102726446712996,1.0181927887381268,-2.9438672914701076,0.0007680558111779906,1.0000002078607777,0.9681949408978322,1,1.2636472836378352,-0.6087616928404632,1.3933312666559425,-0.4513527667836552,0.00022837873740779542,1.0000000494625132,0.32975008792625055,1,-5.356944924424887,1.0628760888490623,5.4712265058452845,2.945894063633482,0.0037252229420073057,0.9999998061110185,0.006127083905296715,0
5.5600000000000005,-0.0037536188932097737,0.0047316906283258004,-1.7439959578476744e-10,0.2721313235122394,0.17676693586569847,0.31682241347570544,0.5955727950885101,0.00016576801534890254,1.0000030054343554,20.21551848728709,1,0.7170136577250628,0.12634864140894003,0.7185257170360844,0.17812788840893268,-0.0029171557768276754,1.0000003984655208,2.6564368053117597,1,-0.956420452730168,-0.32014578855385534,1.0176289133097496,-2.8225566066493695,0.0008951026987242325,0.9999999472158262,0.965922872912908,1,1.3045217621738072,-0.5054071369030056,1.3894669673562448,-0.3715361397277068,0.0002188374589736665,1.0000000501675965,0.3344506438998151,1,-5.3673964251522115,1.0115783670140222,5.471754693961533,2.9554708017200766,0.003565337754557493,1.0000001394578129,0.006124584585886888,0
5.58,-0.003753618899552924,0.004731690628069974,-1.7540797850670864e-10,0.10709046495611103,0.3361857121785858,0.35084197660660676,1.2900050733096655,0.00016720906327860073,1.0000032672340196,21.01495310609951,1,0.6760474020069479,0.2691368553867132,0.7188362229271423,0.3851311894629164,-0.0029533122996604263,1.0000003991050475,2.6607003159161096,1,-0.9098723517133598,-0.43448631138000404,1.0168101081991354,-2.7010809356589824,0.001014539724872687,1.0000002614645256,0.9641275020433198,1,1.3377789225220282,-0.399085549165069,1.386322561098657,-0.2913156965877408,0.00020869995115732764,1.0000000508406865,0.33893791005836116,1,-5.377329603249807,0.9601830439506723,5.472256733571914,2.9650457406868465,0.003401708722687221,1.000000054016007,0.006122172927723641,0
5.6000000000000005,-0.0037536189062460745,0.0047316906277724766,-1.764886993060183e-10,-0.09660597647882499,0.3772601870742377,0.39283384920941444,1.8452903491458699,0.00016579362119624406,1.0000033818396914,20.844693712699804,1,0.6068604073376037,0.4004872770079198,0.7193581389328734,0.5918939531743731,-0.00302294708700491,1.0000003995922582,2.6639483873292495,1,-0.8495262724772673,-0.5423209236187486,1.0157479518530972,-2.5793802148729297,0.0011228151218913762,1.0000002360080964,0.9628347756595362,1,1.3631700708118066,-0.2904060684256266,1.3839215992773044,-0.2107735864862292,0.00019703556757626317,1.0000000514757528,0.34317168504961226,1,-5.386743643278884,0.9086951039745692,5.472732565053036,2.974618974917067,0.003231816348813307,0.9999998080660378,0.006119848996901864,0
5.62,-0.0037536189111115215,0.0047316906274701516,-1.7763720019676327e-10,-0.27544912643433594,0.3204788959905448,0.42970516954963767,2.296979868099578,0.00016395794186734454,1.0000033279305454,20.1062564418012,1,0.5124376150539424,0.5148751848481409,0.7200688957414572,0.7983013326967611,-0.0031162712518528392,1.0000003999065035,2.666043356300874,1,-0.7762472522027679,-0.6420054415090237,1.014457578409413,-2.4573970913648484,0.0012190583812487056,0.9999999443116304,0.9620643135979661,1,1.3805032190514985,-0.18000305963197516,1.3822822609824434,-0.12999590502478414,0.0001840276317687821,1.0000000520669188,0.34711279253988886,1,-5.395637772859961,0.8571195363432278,5.473182134519894,2.984190597087077,0.0030567341596340262,1.000000145087561,0.006117612867030248,0
5.640000000000001,-0.0037536189139250726,0.004731690627182972,-1.7883836588277607e-10,-0.39891228302514786,0.19936019659950827,0.4551620197879737,2.686343189150128,0.00016175658826271763,1.0000031217686247,19.128614912623053,1,0.3968319451835102,0.6075317858896032,0.7209379222691885,1.0042546352923862,-0.003219432473472543,1.0000004000349074,2.6668993830882606,1,-0.6910931409333787,-0.7320019900692066,1.0129575322216262,-2.335077677504276,0.001300213393252715,1.0000002342797876,0.9618291516861135,1,1.389646250282366,-0.06852961588198284,1.3814170554539584,-0.0490716922197907,0.00016972991858902153,1.0000000526085777,0.3507238517953685,1,-5.404011262661545,0.8054613349820942,5.47360539428664,2.993760699467153,0.002877263901948875,1.0000000462991903,0.006115464615833193,0
5.66,-0.003753618915040166,0.004731690626919836,-1.8007749371523607e-10,-0.45455347680139085,0.044391810158141545,0.46663870586496403,3.0447698727489034,0.0001588840276481003,1.0000028278574424,18.110916681557217,1,0.26497343529340567,0.6746458586649463,0.7219280959448534,1.209675511771576,-0.0033161900859033236,1.0000003999728733,2.666485821274805,1,-0.5953035141808107,-0.8109011425110941,1.0112695767511544,-2.212372307637613,0.0013620842897200912,1.000000262597985,0.9621354995350485,1,1.3905291363715826,0.04334941360542732,1.3813326153735592,0.0319081580148684,0.00015398220330471138,1.0000000530955073,0.353970049138994,1,-5.411863426390203,0.7537254982113247,5.474002300396937,3.0033293742368437,0.002693587492887418,0.9999998103267341,0.006113404322958194,0
5.680000000000001,-0.0037536189148321655,0.004731690626684255,-1.8134251457239958e-10,-0.43839232927621363,-0.11766416265395252,0.46331392737574273,-2.886311542307622,0.0001555774943445476,1.0000025472862466,17.17912189682652,1,0.1224425487360505,0.7135162283200686,0.7229974593251517,1.4145090500981257,-0.0033898085581921937,1.0000003997241462,2.664827641672124,1,-0.49028611057970595,-0.877443409979755,1.009418458958151,-2.089236289928132,0.0014008569018112242,0.9999999470518176,0.9629825166093595,1,1.3831451269163217,0.15496469854494696,1.3820295859954979,0.11285204395652366,0.00013657408534086871,1.0000000535229816,0.356819877234615,1,-5.4191936207811855,0.7019170284734,5.474372811521428,3.0128967134070455,0.0025056976833829764,1.0000001504890028,0.00611143206894832,0
5.7,-0.0037536189134953924,0.004731690626477781,-1.8262308657500392e-10,-0.3514988147737525,-0.2609447839978967,0.44540746017205124,-2.5173719708136026,0.0001520501508843677,1.000002377264065,16.43508556898307,1,-0.024779213684252926,0.7226498827660025,0.7241011034385831,1.6187256752368524,-0.003426464870944357,1.0000003993004594,2.6620030628413485,1,-0.3776006786684205,-0.9305398172761766,1.0074316271476964,-1.9656306434406108,0.001413742304951722,1.0000002056020512,0.9643621134157873,1,1.3675508648980308,0.26564981929252685,1.3835026149390768,0.19366882322081136,0.00011737107081983017,1.0000000538868716,0.3592458115321134,1,-5.426001245589477,0.6500409320613711,5.474716888960082,3.0224628086945318,0.0023137190426532105,1.0000000385105885,0.00610954793452585,0
5.720000000000001,-0.0037536189109398234,0.004731690626300943,-1.8390825093275026e-10,-0.20091889860549897,-0.35729186732215046,0.41437089018610723,-2.104603915957923,0.00014840533436488861,1.000002369517396,15.99703828631168,1,-0.17056816415244236,0.7018041700730546,0.7251931174868063,1.8223218439010238,-0.0034184643511645445,1.0000003987208093,2.6581387283971343,1,-0.2589401408566746,-0.9692912379691561,1.005338900452541,-1.8415228085295199,0.001399740639502278,1.000000286996946,0.9662587855653069,1,1.3438654247704427,0.37474858285382706,1.3857404434680825,0.2742689661217282,9.642042711288887e-05,1.0000000541837344,0.36122489585163625,1,-5.432285743581747,0.5981022188474728,5.475034497330548,3.032027751424053,0.002118181257016245,0.9999998128895243,0.006107751999207719,0
5.74,-0.003753618906829543,0.0047316906261511285,-1.851837836720771e-10,-0.005538948750971186,-0.37429686479805624,0.37409647761656195,-1.612143899511252,0.00014593673224068827,1.0000025168779283,16.042033906686335,1,-0.30891440843748197,0.6519747202524309,0.726228511238043,2.0253195963317743,-0.003365214382123524,1.000000398010435,2.6534029007717628,1,-0.13610902552470647,-0.9930061002096109,1.0031720896601701,-1.7168873162299993,0.0013606917787394948,0.9999999553680654,0.9686494906414042,1,1.3122683089953604,0.48162207468898055,1.3887260957397427,0.35456566129322903,7.408161789063998e-05,1.000000054410882,0.3627392132835467,1,-5.438046600529349,0.5461059020118658,5.4753256059956295,3.0415916324982284,0.0019204163809748015,1.000000155653579,0.006106044338598558,0
5.760000000000001,-0.003753618901237786,0.004731690626015547,-1.8643222046439006e-10,0.19102708573233274,-0.2806045519513813,0.33357389197193926,-0.9969088307832442,0.0001472159748310571,1.0000027748166171,16.81867719184106,1,-0.4341642384677395,0.5753332593448018,0.7271650286527072,2.2277650822184345,-0.003270848709325009,1.000000397199581,2.647997206346333,1,-0.010999181632924742,-1.0012160163130503,1.0009645703476218,-1.5917064007760384,0.0013030649987052128,1.0000001761138695,0.9715036136153008,1,1.2729964769913316,0.5856552711463131,1.3924371583384114,0.43447584194231503,5.1114681033042845e-05,1.0000000545664336,0.36377622433321166,1,-5.443283345203129,0.4940569977716367,5.475590191485841,3.051154542610868,0.0017230308738881899,1.000000030662541,0.006104425020301917,0
5.78,-0.0037536188967347175,0.004731690625861502,-1.8764554845932327e-10,0.3098140314101291,-0.07527394278335675,0.30908112406857513,-0.2446131405090637,0.000154971790590999,1.0000030738676138,18.41255121573437,1,-0.5412402140995548,0.4751212262053561,0.7279647855232941,2.429726212005157,-0.003143871882365679,1.0000003963221207,2.6421474713023656,1,0.11443712705454927,-0.9936888398134677,0.9987508097071433,-1.4659705349963965,0.001235357916932195,1.0000003085558027,0.974783060378903,1,1.2263405136045804,0.6862630590896832,1.3968461396777956,0.5139211039928543,2.8085799359070817e-05,1.0000000546493442,0.3643289609575124,1,-5.447995549370986,0.4419605251105154,5.475828239228132,3.0607165731729453,0.0015288119004923727,0.9999998157503468,0.006102894099073072,0
5.800000000000001,-0.003753618898178511,0.00473169062565205,-1.8885360679801733e-10,0.278289086497451,0.16568277435008533,0.31557264741974306,0.5541214930249702,0.00016593644612010258,1.0000032767440585,20.1410480731413,1,-0.625832282047871,0.3555060912502441,0.7285956784299751,2.6312895942300325,-0.0030093786883702016,1.0000003954141217,2.636094145046218,1,0.23821654995438613,-0.9704386243598294,0.9965658509419498,-1.3396788581051313,0.0011555892810155431,0.9999999689829879,0.9784424231065514,1,1.1726400706559819,0.782895537730657,1.4019209024983643,0.5928284928115538,3.6768415409111195e-06,1.0000000546594106,0.36439607076130726,1,-5.452182827797868,0.38982150551008254,5.476039736610481,3.070277817639676,0.0013355644028710007,1.000000160573105,0.006101451613350456,0
5.82,-0.0037536189046641177,0.004731690625396853,-1.9011007042690417e-10,0.11784911509422563,0.33120109017670485,0.34864118980214553,1.2561183909444074,0.00017142115236739601,1.0000032655605273,20.999483029345733,1,-0.6845551867826442,0.22140763945490627,0.7290325366833705,2.8325569124116234,-0.0028996569731672924,1.0000003945124094,2.630082729773349,1,0.3583560805909468,-0.9317319523508645,0.9944447528112837,-1.2128394713704016,0.0010547116748331263,1.0000001464445554,0.9824292679785691,1,1.1122787337556552,0.875042510591417,1.407625161908925,0.6711311519988828,-2.3978621718228345e-05,1.000000054597257,0.3639817126598857,1,-5.455844838247108,0.3376449626832574,5.47622465971618,3.0798383701593157,0.0011374951411056954,1.0000000227674817,0.006100097586570861,0
5.84,-0.0037536189111050033,0.004731690625143249,-1.9143262284604737e-10,-0.08574022356939213,0.3784369976744534,0.3906082247603839,1.818276639489318,0.00017204224760343124,1.0000031043803659,20.87204966820051,1,-0.7150690209445795,0.0783014018014297,0.7292580072767632,3.0336409064069816,-0.0028181853566459766,1.0000003936531794,2.6243545298053323,1,0.47290614032066164,-0.8780901187002429,0.9924219922612162,-1.0854695984212672,0.0009361834562135296,1.0000003266213024,0.9866846107539814,1,1.0456784762304074,0.9622371099316938,1.413919014100239,0.7487688311674908,-5.4322660466439704e-05,1.0000000544642986,0.36309532449805987,1,-5.458981281481486,0.28543592230974485,5.476382979478484,3.0893983226984854,0.000934422596194345,0.999999818904668,0.006098832031695787,0
5.86,-0.0037536189155035478,0.004731690624926303,-1.9280353049234804e-10,-0.2669474462037984,0.32609771215794986,0.4279644614042834,2.2744413555946,0.00017193646940104722,1.0000029352487647,20.154610571365737,1,-0.7161609821360606,-0.06799389934863725,0.7292631507809854,-3.0485242050972867,-0.002747270209049462,1.000000392870692,2.619137947088802,1,0.579984731240946,-0.8102867082743969,0.9905308585800022,-0.9575955844533981,0.0008103862739870188,0.9999999874146531,0.9911435801853363,1,0.9732938625632693,1.0440585307490633,1.420759475142751,0.8256882348763133,-8.583099110458205e-05,1.000000054262691,0.3617512729153501,1,-5.46159190126319,0.2331994117725141,5.476514675163943,3.0989577655097653,0.0007295682374167606,1.0000001652397859,0.00609765495460606,0
5.88,-0.0037536189180089846,0.004731690624760415,-1.9419847400634592e-10,-0.39384173745276213,0.20763976128775122,0.4541266961925156,2.6662939784483077,0.00017190729167675705,1.0000028444725952,19.18391035287134,1,-0.6877872686306877,-0.21153840168661717,0.7290477403966165,-2.8474459202247373,-0.0026676303855240223,1.0000003921960732,2.6146404872732605,1,0.6778119448509857,-0.7293401968115804,0.9888028456012068,-0.8292527007645571,0.0006860871066094787,1.0000001171551087,0.9957362706550504,1,0.8956061582500882,1.1201338845664994,1.428101033942722,0.901843217221338,-0.00011732185301690619,1.0000000539952594,0.3599683962414734,1,-5.463676484353248,0.18094045989513893,5.476619735850112,3.1085167886000327,0.0005256196340817685,1.0000000148379184,0.006096566357576528,0
5.9,-0.003753618919027423,0.004731690624649125,-1.9559675030361191e-10,-0.45331647986004253,0.05379548303831416,0.46639226625037555,3.0257314289331085,0.0001710793764091645,1.0000028308690434,18.164758105196007,1,-0.6310746412430337,-0.3464964510433939,0.7286202695084112,-2.6461897781469914,-0.0025673722417363224,1.0000003916562377,2.6110415837225744,1,0.7647439983931367,-0.6365013333243621,0.9872670489531049,-0.7004847449175309,0.0005695685795229691,1.0000003405561082,1.0003887882424884,1,0.8131174904382115,1.1901392110049756,1.4358962055923457,0.9771948386194974,-0.00014793002776569702,1.0000000536654208,0.3577694723625119,1,-5.465234860510131,0.1286640966798289,5.4766981577189675,3.1180754822695884,0.0003243732946301788,0.9999998223474892,0.00609556624385858,0
5.92,-0.003753618918742121,0.004731690624591345,-1.9698091527592214e-10,-0.44106440967416,-0.10853333907595644,0.4638725140106424,-2.9055876742220463,0.00016885934174636088,1.0000028326784756,17.225682421138657,1,-0.5482816257908181,-0.4673591560425827,0.7279976680010634,-2.4446425688708344,-0.0024460727119859343,1.0000003912729476,2.6084863175392736,1,0.8393058830599793,-0.5332352245714058,0.9859495860386934,-0.5713434333663928,0.00046497923041063146,1.0000000099965836,1.0050244849218735,1,0.7263451856105018,1.2537997083138892,1.4440960684646345,1.0517112983700683,-0.0001769209723276407,1.0000000532770954,0.35518063546562206,1,-5.466266902486748,0.07637535304549906,5.476749942262482,3.127633937180663,0.00012712833772000017,1.0000001696462268,0.006094654621916904,0
5.94,-0.0037536189171414464,0.004731690624582918,-1.98334847717886e-10,-0.35789529121635594,-0.2535184482260072,0.44673361710106374,-2.5381904162308526,0.00016552497890480992,1.0000027821984976,16.468788737474473,1,-0.44271977334550605,-0.5691579579543209,0.7272047265305858,-2.242701933445168,-0.002315348978073983,1.0000003910620154,2.607080103483671,1,0.9002216580074245,-0.42119823297807407,0.9848730572887042,-0.4418875879644521,0.0003750020653455948,1.000000088737502,1.0095653625786654,1,0.6358163898306444,1.31088926180125,1.4526507741202077,1.1253677582119805,-0.00020358216468504485,1.0000000528346145,0.35223076365065575,1,-5.466772526026217,0.024079260565201113,5.476775095481808,3.1371922443220823,-6.504448715431049e-05,1.0000000068864148,0.006093831507809779,0
5.96,-0.003753618914141619,0.004731690624615593,-1.996426344282997e-10,-0.2104358339860892,-0.35319907390233035,0.4163407561021438,-2.128616246201972,0.00016361031782706576,1.0000026601805825,16.01035565416905,1,-0.3186359780428243,-0.647662740977594,0.7262732328737517,-2.040280395470966,-0.0021962173314768307,1.0000003910326574,2.6068843824059034,1,0.9464414206207017,-0.302210008728645,0.9840560661652541,-0.3121821263345868,0.0003013969706898945,1.0000003497732262,1.013933615674066,1,0.5420630548043495,1.3612293609310775,1.4615100222880162,1.1981460743539274,-0.0002271295942762394,1.000000052342629,0.3489508592337791,1,-5.466751689857451,-0.02821914879753117,5.476773627722024,-3.136434812220278,-0.0002510780326388222,0.9999998260733547,0.00609309692504831,0
5.98,-0.0037536189097340405,0.004731690624675027,-2.0088870118176866e-10,-0.01666910446987522,-0.3753787355971144,0.3763997699883435,-1.6415707422344459,0.00016659281532866224,1.0000025235355916,16.023207741171312,1,-0.18105770183804154,-0.6995576301434564,0.7252408344422795,-1.8373090022110687,-0.002106362514618096,1.0000003911870228,2.60791348577133,1,0.9771640330658178,-0.1782211914673824,0.983512814118755,-0.1822968757724954,0.00024522462824046594,1.0000000359188925,1.0180532695650473,1,0.4456173505857565,1.404687502156621,1.470623495185483,1.2700344564008141,-0.0002465537714175146,1.0000000518060161,0.34537344137850834,1,-5.466204395691076,-0.08051484295352788,5.476745554222538,-3.1268765265734935,-0.0004295694877830629,1.0000001737854451,0.006092450902102076,0
6.0,-0.003753618904358276,0.004731690624737128,-2.0205999238165004e-10,0.181550849541789,-0.2882065082424733,0.3355368014599929,-1.0339463393201491,0.00017190753642603904,1.0000024899084192,16.754086628272866,1,-0.03560415496857245,-0.7225872843249483,0.724149641259365,-1.6337404387823817,-0.002042136999620349,1.0000003915200002,2.610133335292626,1,0.9918547896170595,-0.051277521701112876,0.9832527844570715,-0.05230524008117544,0.0002078863329828477,1.0000000616333424,1.021851861725527,1,0.34700754440476356,1.4411751759779574,1.4799412467633113,1.3410270713811097,-0.0002604450782420373,1.000000051229795,0.34153196763686544,1,-5.465130688216823,-0.1328027899537876,5.476690896778052,-3.1173181140060167,-0.0005984026781627257,0.9999999989255679,0.006091893468271067,0
6.0200000000000005,-0.0037536189001233073,0.004731690624763482,-2.0315521801709396e-10,0.306887568792926,-0.0877698367867416,0.3096930222807757,-0.28794578006862054,0.00017902582599581203,1.000002659030355,18.31213099690118,1,0.11173195583819075,-0.71566638599465,0.7230445882771924,-1.4295514377583156,-0.001992028069082314,1.00000039201925,2.6134616662933947,1,0.9902573659319501,0.0765187191777097,0.9832805271040506,0.0777172418386261,0.00018994147227283952,1.000000353787062,1.0252621040825778,1,0.24675436570970102,1.4706455340509783,1.4894140429067526,1.4111236090331338,-0.0002676019846349064,1.0000000506190447,0.33746029766848806,1,-5.4635306551032485,-0.18507795825578374,5.476609685373865,-3.107759481396689,-0.0007558841832704221,0.9999998300763607,0.006091424648854502,0
6.04,-0.003753618901003574,0.004731690624712624,-2.0420486558214018e-10,0.2839841399938932,0.1543421699366205,0.3144045711514206,0.5122969366968191,0.0001884261384237629,1.0000029733796396,20.06332259345728,1,0.2548255972980209,-0.6789453729937076,0.7219716228834628,-1.224744294508495,-0.001961828197573654,1.0000003926654413,2.617769608343238,1,0.9723995931300085,0.20304888337228563,0.9835955581895359,0.20769440202512768,0.00018346663947878521,1.0000000642900455,1.0282234430192974,1,0.14536786068589574,1.4930908263261655,1.4989936532238761,1.48032881958213,-0.0002695262882791568,1.0000000499788313,0.3331922089087279,1,-5.461404426999688,-0.23733531698956795,5.4765019520473555,-3.09820053296918,-0.0009056198194328816,1.0000001776508827,0.006091044461339097,0
6.0600000000000005,-0.00375361890698705,0.0047316906245801925,-2.0526447886250535e-10,0.12842876900440664,0.3258476175922848,0.3464624117322178,1.2217556754117636,0.00019369662271927313,1.0000032488469948,20.98070885905244,1,0.38767490050744036,-0.613826391731826,0.7209757841978389,-1.0193473509551496,-0.0019678572933921937,1.0000003934328234,2.622885488983872,1,0.938592833356642,0.32621860237697003,0.9841923820746222,0.3375509765275266,0.00017460582992766946,1.0000000362690307,1.0306834705231642,1,0.043344725511444394,1.5085396901315742,1.5086331088502685,1.548652038517083,-0.00026954223185705656,1.0000000493141454,0.32876096941334426,1,-5.458752177539803,-0.2895698362229288,5.476367715931342,-3.0886411712143578,-0.001054887839735414,0.9999999909679911,0.006090752915636128,0
6.08,-0.0037536189137355735,0.0047316906244006885,-2.0636531394314928e-10,-0.07486061031103262,0.37931908300317563,0.38836395488906494,1.790914622298254,0.00019444581016260536,1.0000033801942643,20.89749234396122,1,0.5046603673286855,-0.5229251377925755,0.7200992453143009,-0.8134143547361166,-0.0020014497351148533,1.000000394290125,2.6286008334553674,1,0.8894249785524403,0.44399773430628275,0.9850606144296231,0.4672141166697734,0.00015861324076421032,1.0000003522743282,1.0325991942230555,1,-0.05883390339853206,1.5170543637639309,1.5182869245112314,1.61610672386319,-0.0002681209636990653,1.0000000486298455,0.32419896934285836,1,-5.455574123345158,-0.3417764872258234,5.4762069856023015,-3.0790813000256576,-0.0012054794443041076,0.9999998343501646,0.006090550017088237,0
6.1000000000000005,-0.003753618918768035,0.004731690624205868,-2.0750490789620685e-10,-0.2583453602149434,0.33152710736878255,0.4261867697383143,2.251687796123056,0.00019383852451915036,1.0000033419937344,20.202105580715358,1,0.6007955330742193,-0.40997673403724394,0.7193794243326788,-0.6070226254080917,-0.002040583133988232,1.000000395201759,2.634678393791206,1,0.8257473430554617,0.5544584843765494,0.9861852035669803,0.5966148160492293,0.00013598713739196527,1.0000000942090246,1.0339379899338872,1,-0.16070423190990943,1.51872788683171,1.527911265608932,1.6827100088214957,-0.0002641853514264018,1.0000000479306124,0.31953741563186067,1,-5.451870524028377,-0.3939502427351089,5.476019772499672,-3.069520824811441,-0.0013560977594462512,1.000000181236414,0.006090435767037898,0
6.12,-0.0037536189217360085,0.004731690624010462,-2.086696775116005e-10,-0.38863839919382,0.21582127044589813,0.45304762230905826,2.6461280445495654,0.00019288606124574906,1.0000031474419917,19.238972851894907,1,0.671955863337138,-0.2796869687827484,0.7188472621773675,-0.40027001678151236,-0.0020696572479250957,1.0000003961292996,2.6408619978175345,1,0.7486559524863031,0.6558106639555545,0.9875467601755373,0.7256892149565186,0.0001065533446790137,1.0000000130948838,1.0346782560183305,1,-0.26182119888819805,1.5136813387540249,1.537464073507488,1.748482266142288,-0.0002571643188312684,1.0000000472209136,0.31480609134131093,1,-5.447641682197058,-0.4460860772197764,5.475806093413396,-3.059959651181741,-0.00150630455311027,0.9999999830262922,0.006090410161720857,0
6.140000000000001,-0.0037536189229739076,0.004731690623817566,-2.098474512104813e-10,-0.45193844534889926,0.06317876721412116,0.46610062457220947,3.0066513647769293,0.0001915415947104317,1.000002857280206,18.21875565463179,1,0.7150726901585082,-0.13753383667179836,0.7185257615093956,-0.19327077123440692,-0.0020824721801350264,1.0000003970331757,2.64688783805092,1,0.6594679208868359,0.7464331998026866,0.9891219783852438,0.8543797535017796,6.95468895319664e-05,1.0000003451291477,1.0348097764310549,1,-0.3617595142775555,1.5020611570482465,1.546905161539385,1.813446694508244,-0.00024706367152935133,1.0000000465049754,0.3100331700624222,1,-5.442887943458895,-0.4981789671462696,5.475565967861228,-3.050397684464078,-0.0016566890341927754,0.9999998388879945,0.006090473192119962,0
6.16,-0.003753618922873588,0.004731690623625098,-2.1103017402122892e-10,-0.4436007356687868,-0.09934962133603278,0.4643874227010821,-2.924837524151724,0.00019023909625155445,1.000002570988738,17.272698800691163,1,0.7282802033956424,0.010471979037415416,0.718428878797228,0.013849547215799703,-0.002079802764949155,1.0000003978744958,2.652496638426236,1,0.5596937556324852,0.8249011914888162,0.9908841286705586,0.9826361454538883,2.4103634166131093e-05,1.000000124830288,1.0343337670344233,1,-0.46011438500969853,1.4840365681414656,1.5561962836443977,1.8776289337249052,-0.00023419087635835582,1.0000000457867622,0.30524508078472684,1,-5.437609696426952,-0.5502238912436209,5.475299416134191,-3.0408348297477703,-0.0018083115607547917,1.0000001845363586,0.006090624845274275,0
6.180000000000001,-0.0037536189216554007,0.004731690623429763,-2.1221293743534791e-10,-0.36417662557709735,-0.24596032696355657,0.4480206901293136,-2.5589064791469003,0.00018981367182807805,1.0000023879530056,16.50327514360795,1,0.7110059385003656,0.1580557242296194,0.7185608433304538,0.22095977661120444,-0.0020656984613341223,1.0000003986168986,2.657445990718062,1,0.45100652427287236,0.8900080228293739,0.9928036058107923,1.1104161535477994,-3.0092357880675255e-05,0.9999999926106276,1.033262615117124,1,-0.556501969003353,1.459797154815216,1.5653011778315304,1.9410567109743382,-0.0002189800865920588,1.000000045069963,0.30046642117877476,1,-5.431807372724767,-0.6022158307684705,5.475006458460253,-3.0312709920697944,-0.001962310160793072,0.9999999751130543,0.006090865106669122,0
6.2,-0.0037536189192637747,0.004731690623228493,-2.1339158467591907e-10,-0.2198887608900465,-0.34888265051629924,0.4182819303090205,-2.1524256287843575,0.00019057107702686655,1.0000023646900646,16.0249421318366,1,0.6639986789239111,0.2989618440178097,0.7189159496441684,0.42792921195971745,-0.0020429743967309713,1.000000399228311,2.661522074143369,1,0.3352088564691838,0.9407822478366016,0.9948485149221424,1.2376861574342406,-9.229645625000922e-05,1.0000003324945685,1.0316193388693196,1,-0.6505595963960024,1.429550576848577,1.5741855877673396,2.0037595190494413,-0.00020185230187989473,1.000000044357987,0.2957199137982901,1,-5.425481446990977,-0.6541497697702575,5.474687114984454,-3.0217060766308954,-0.0021195693926978005,0.9999998436826606,0.006091193962983198,0
6.220000000000001,-0.0037536189153763895,0.004731690623017001,-2.1455969130296931e-10,-0.02785329107719036,-0.37614120527774697,0.37869784871652196,-1.670663887881018,0.000192186524369753,1.0000024982918236,16.006405415755474,1,0.5892918719346675,0.4272361640621575,0.7194788377126843,0.6346336334672465,-0.002008199180986756,1.0000003996824969,2.6645499786800473,1,0.2141987412031412,0.9764991785728684,0.9969852786378051,1.3644215148445327,-0.0001604329738138553,1.0000001554047075,1.0294368046838929,1,-0.7419457951474778,1.3935204551096994,1.5828172660070334,2.065768326850863,-0.00018301362533922145,1.0000000436539598,0.2910263989687814,1,-5.418632436882975,-0.7060206953569811,5.474341406642459,-3.0121399890010094,-0.002280302621460942,1.0000001875454878,0.006091611404241733,0
6.24,-0.003753618909946367,0.00473169062278343,-2.1570756324803403e-10,0.17178986209360936,-0.29546456134821786,0.3375409545644315,-1.070570028037774,0.0001955354749968895,1.0000027460606364,16.692074056945142,1,0.49010506183953534,0.5374913414800764,0.720225241423143,0.8409609525995716,-0.0019473845167456766,1.0000003999602924,2.6664019494361377,1,0.08993502115007157,0.9966872885083388,0.9991792489165896,1.4906067246485168,-0.00023034946569502546,0.999999975363783,1.0267567483800948,1,-0.8303401555304502,1.3519444240671807,1.5911659618560157,2.1271153220495633,-0.00016214808858484503,1.0000000429607288,0.28640485853387504,1,-5.411260903080022,-0.7578235979619712,5.4739693574023045,-3.0025726351720397,-0.0024436512086753286,0.999999967240815,0.006092117424555307,0
6.260000000000001,-0.003753618905164412,0.004731690622498206,-2.1683267811475893e-10,0.3034275475207405,-0.1001382377489993,0.3103969006497405,-0.331104582803714,0.00020389541523565757,1.0000030432524647,18.21249536040272,1,0.37068995272233185,0.6251414203907262,0.7211231539544997,1.046816155884673,-0.0018389990206277307,1.0000004000504568,2.6670030455065925,1,-0.03559660770187726,1.0011297012018208,1.0013953070326973,1.6162354060692694,-0.00029794971722752915,1.0000003147602254,1.0236286517865716,1,-0.915443065046243,1.3050723533659818,1.5992033946365845,2.187833685228295,-0.00013858149038946564,1.0000000422808697,0.28187246506361524,1,-5.403367449286656,-0.809553471611954,5.473570997225533,-2.9930039209650467,-0.0026088275300084974,0.9999998487265663,0.006092712021075211,0
6.28,-0.003753618905951535,0.004731690622125041,-2.179675433200412e-10,0.28920140960101454,0.1427641365193706,0.31331734315384846,0.47017835676884284,0.00021642097505714477,1.0000032619425414,19.98300435518844,1,0.2361310587456311,0.6865939564535118,0.7221343353932094,1.2521252877695845,-0.0016735511754182061,1.0000003999500906,2.666333937612308,1,-0.16041640134493093,0.989861154941466,1.0035984382472778,1.7413101084509983,-0.00037004971281001214,1.0000001852900577,1.0201085284235063,1,-0.9969753421642704,1.2531647356531088,1.6069032110465615,2.247957390949156,-0.0001135069149179604,1.0000000416166976,0.2774446516245736,1,-5.394952722236663,-0.8612053141962319,5.473146358437753,-2.9834337505623085,-0.002779882604766036,1.0000001902590339,0.006093395192046352,0
6.300000000000001,-0.003753618912270513,0.00473169062167123,-2.1917318643576572e-10,0.13880613332290898,0.3201239600832187,0.344308841196662,1.1869785737031453,0.00022595257043321314,1.0000032727398438,20.95911094882938,1,0.09211315960328914,0.7193915738519205,0.7232160773225197,1.456838305958673,-0.0014506977892625268,1.0000003996646212,2.6644308075623258,1,-0.2825816197984511,0.9631609171742251,1.0057542812196971,1.8658419715676033,-0.00046368433900008437,0.9999999619198121,1.0162576676473336,1,-1.0746777941425096,1.1964912351454255,1.6142409385336212,2.3075210282180123,-9.057584843828831e-05,1.0000000409702796,0.2731351973229836,1,-5.38601741169775,-0.912774127736464,5.472695461300771,-2.9738620269643805,-0.00296385315153559,0.9999999594220478,0.006094166937079306,0
6.32,-0.0037536189190086754,0.004731690621188101,-2.2047848789730207e-10,-0.06398426173898933,0.37989268010772287,0.38610561844507074,1.763254144468699,0.0002284893064989472,1.0000031216481304,20.921408940993363,1,-0.055331183560956655,0.7222985292827206,0.7243231203845452,1.6609307476838515,-0.0011442996706306186,1.000000399207364,2.6613824269288218,1,-0.4002154026278621,0.9215421695148568,1.007829647017055,1.9898502782570808,-0.0005851199910801738,1.0000002925291005,1.0121413698462647,1,-1.1483107212117178,1.1353293894677263,1.6211939504402866,2.3665596491067484,-7.142698450997808e-05,1.0000000403434484,0.2689563231298451,1,-5.376562250475885,-0.9642549186570563,5.472218314064242,-2.964288655191382,-0.0031613429813475017,0.9999998540117203,0.006095027259674496,0
6.340000000000001,-0.00375361892378721,0.00473169062071961,-2.2187289039441588e-10,-0.2496515875625496,0.33674908637846757,0.4243774547538214,2.228759885887512,0.00022325316469938542,1.0000029501699326,20.249065268806355,1,-0.20008091978320028,0.6953314362973637,0.7254096195749327,1.8644041910284683,-0.0007275962902194133,1.0000003985986952,2.657324633886034,1,-0.5115331741407081,0.865738398790249,1.00979298405408,2.113361922774711,-0.000730720735520074,1.0000002139373096,1.007827675504009,1,-1.2176533866151547,1.0699634559834879,1.6277414231345742,2.425108650525958,-5.5520769458085224e-05,1.000000039737819,0.26491879299477317,1,-5.366588014418671,-1.0156426980572095,5.471714927367873,-2.9547135428552083,-0.0033692707520850155,1.000000192672698,0.006095976166717961,0
6.36,-0.0037536189266319155,0.004731690620289159,-2.2333555339294764e-10,-0.3833034373248941,0.22388743737827,0.45193038199947644,2.6258765431423727,0.00021607049227131172,1.0000028521998836,19.294066184730845,1,-0.33618054478748555,0.6397363753740469,0.7264310616017708,2.0672855488893327,-0.000217506068715385,1.000000397864991,2.652433272684194,1,-0.6148664014425833,0.7966873165547028,1.0116147929593278,2.236410801561745,-0.0008932523098462507,0.999999952814268,1.0033860626183468,1,-1.282503469303617,1.0006833929728607,1.6338642807511965,2.4832036748287076,-4.205613597284459e-05,1.0000000391548025,0.2610320169652138,1,-5.356095522419592,-1.0669324819852923,5.471185319128,-2.9451365988545293,-0.0035851349549902082,0.9999999516691412,0.006097013664663276,0
6.38,-0.003753618927954862,0.0047316906199089065,-2.2484750216225646e-10,-0.4504147352920376,0.07252795215090131,0.46576874754437825,2.9875513619885825,0.00021052438080949003,1.0000028338964884,18.273119816409913,1,-0.45807855176386103,0.5579169742970305,0.7273460297840123,2.2696253476542165,0.0003268792403580431,1.000000397037326,2.646915505973165,1,-0.708683628856347,0.7155127946873467,1.0132680038158624,2.359037148662367,-0.0010593930416675,1.0000002665657846,0.9988860372586895,1,-1.3426765135526695,0.927783965487256,1.6395451407573693,2.5408805254238294,-3.0323863213355085e-05,1.0000000385956231,0.25730415461941214,1,-5.345085636424208,-1.1181192917152891,5.470629513247851,-2.9355577327085345,-0.003807182407516557,0.9999998595297492,0.006098139755131562,0
6.4,-0.003753618927964541,0.004731690619586321,-2.2639173478597452e-10,-0.4459927262107279,-0.09012194133722329,0.46486205144471376,-2.944047719936119,0.00020676220384394748,1.000002836916135,17.320340370100986,1,-0.5608419998413073,0.4533196387599962,0.7281177493180323,2.471495187422478,0.0008240828577631947,1.0000003961499577,2.640999718305707,1,-0.7916087934002618,0.6235052589179944,1.0147283239532012,2.4812868306101614,-0.00120808166704972,1.0000002408654198,0.994395596153063,1,-1.3980053874700686,0.8515639654974365,1.644768263519927,2.5981750982597664,-1.956934751047195e-05,1.0000000380613328,0.2537422186229273,1,-5.333559261438105,-1.1691981540248584,5.470047538405508,-2.925976854425814,-0.004033872014921576,1.000000194782657,0.006099354430945024,0
6.42,-0.0037536189266544435,0.004731690619325761,-2.2795119307764122e-10,-0.370331556493651,-0.23827465214555946,0.4492697056339332,-2.579512726252066,0.00020440612070741365,1.000002791784538,16.538689430401856,1,-0.640340957485052,0.33028294984588585,0.728715375368051,2.672984595783819,0.0012195079118965681,1.0000003952388776,2.634925850314155,1,-0.8624368760075842,0.522100927179755,1.0159745554789186,2.6032105934818603,-0.001321017621216306,0.9999999484996758,0.9899802062710426,1,-1.4483397602126378,0.772325536014385,1.6495195053667062,2.6551233277372774,-8.940937126454149e-06,1.0000000375528273,0.2503521818123353,1,-5.321517345536832,-1.2201641014747167,5.469439427726978,-2.916393874523514,-0.004263561934945574,0.9999999439943799,0.006100657672916781,0
6.44,-0.0037536189239395323,0.004731690619127405,-2.2950763143257669e-10,-0.2292637435780374,-0.34434258873947954,0.4201926976553496,-2.176026914114296,0.00020303760029502334,1.000002673453654,16.040935739601498,1,-0.6933984462231296,0.1938585184629419,0.7291150521684818,2.8741974620098785,0.0015215354020214238,1.0000003943405895,2.628937263962301,1,-0.920146968199355,0.41286020178522237,1.0169888495366357,2.724863259776437,-0.001396173778325331,1.0000002377370591,0.9857029682486096,1,-1.493545605554645,0.6903735888542301,1.653786274505449,2.7117611448525962,2.4397390002453348e-06,1.0000000370708644,0.24713909523674735,1,-5.30896087987777,-1.2710121726890204,5.468805219088863,-2.9068087040773305,-0.004494284644964032,0.999999865271911,0.006102049447696512,0
6.46,-0.003753618919797724,0.004731690618985183,-2.3104168361473554e-10,-0.03907350224471739,-0.3765785562164718,0.3809863115977158,-1.6994146010768436,0.00020198660521818687,1.0000025320382802,15.991779793412931,1,-0.7179030164527211,0.0496104765663069,0.7293007806310035,3.0752481057880923,0.0017756796961609764,1.0000003934909474,2.623272982517549,1,-0.9639128681786089,0.29744544441901083,1.0177568674629383,2.846302915974327,-0.0014438152051448286,1.00000026563314,0.981624909124439,1,-1.5335047377623008,0.6060153053311979,1.6575574889649674,2.7681244460128,1.5435402840208345e-05,1.0000000366160824,0.2441072164185774,1,-5.295890898713156,-1.321737412636378,5.468144956113143,-2.8972212547705056,-0.004723450927048294,1.0000001965855676,0.006103529706874575,0
6.48,-0.0037536189145699265,0.0047316906188830206,-2.3253470524987885e-10,0.16176531371232186,-0.30235957517069767,0.3395799645279292,-1.1067531164954232,0.0002018009791677679,1.0000024817864939,16.63289394152162,1,-0.7128822130180856,-0.09659957324647381,0.7292650426463758,-3.0069283070669193,0.002025388838003813,1.000000392723847,2.6181589799848233,1,-0.9931113507719256,0.1775983209206404,1.0182678748713512,2.967590136290578,-0.0014726635833479,0.9999999492974165,0.9778042202420539,1,-1.5681143851354127,0.5195597090348681,1.6608235363798542,2.824249072170667,3.102755123579318e-05,1.0000000361890198,0.2412601326055004,1,-5.282308479404201,-1.372334872911218,5.467458690393747,-2.8876314388292545,-0.0049475950589533465,0.9999999364099245,0.006105098387429284,0
6.5,-0.003753618910090935,0.004731690618789828,-2.3397697928445593e-10,0.2994411239049245,-0.11233917953042814,0.31118867450830645,-0.37402661671599197,0.00020599971601605496,1.0000026303775378,18.11414518656293,1,-0.678536013646837,-0.2388357343250227,0.7290091061979608,-2.8058390309615975,0.0022986348304704363,1.0000003920699174,2.6137994492313616,1,-1.007328239579929,0.05511687551236849,1.0185148103696855,3.0887872419915787,-0.0014850615117361703,1.0000002069599625,0.9742950583486046,1,-1.59728680642989,0.431317300599567,1.663576235492081,2.8801707988704575,5.026042267080992e-05,1.0000000357901295,0.23860086422456528,1,-5.268214742435851,-1.4227996120153175,5.46674648478238,-2.878039168373366,-0.005163692449651669,0.9999998712291083,0.006106755413430676,0
6.5200000000000005,-0.0037536189103263675,0.004731690618667432,-2.3538747448599573e-10,0.2939173803269015,0.1309855110985361,0.3123139008936691,0.4278292537564564,0.00021477857391395797,1.0000029403862334,19.90053302966781,1,-0.616229904604532,-0.3713129735564185,0.7285429929858013,-2.604550123948346,0.0025966253155490534,1.0000003915553797,2.610369198458201,1,-1.006362369973567,-0.06816755009259043,1.0184943343507042,-3.073227733350638,-0.0014841974940258474,1.0000002878276661,0.9711466965171549,1,-1.6209489546755746,0.34159974549142924,1.6658087950910379,2.9359253357255155,7.283649739196693e-05,1.0000000354197922,0.23613194749183075,1,-5.253610851431397,-1.473126695639161,5.4660084111246885,-2.8684443537357045,-0.005374118520431571,1.0000001980785747,0.006108500699165732,0
6.54,-0.0037536189159717076,0.0047316906185091425,-2.368131407116947e-10,0.14894845779256138,0.3140455825929324,0.34218666682843957,1.1518198207584958,0.00021941005865753842,1.0000032287637473,20.93485612455595,1,-0.5284476901895152,-0.48861818178661426,0.7278851241653428,-2.4029496811737916,0.0028978486848682,1.0000003912011033,2.6080073556607766,1,-0.9902274998248635,-0.19041347753893442,1.0182068467502896,-2.9520205513145403,-0.0014762926117322026,0.999999955374574,0.9684030504797969,1,-1.63904219167393,0.2507196065429064,1.6675157719548097,2.9915483259685036,9.67198782548229e-05,1.0000000350783256,0.23385550436484157,1,-5.238498013166347,-1.5233111969428286,5.465244535515068,-2.858846903259857,-0.005584745834895036,0.9999999289277929,0.006110334155548849,0
6.5600000000000005,-0.0037536189227957715,0.004731690618348938,-2.3828083299884395e-10,-0.05313913588380472,0.3801605822175466,0.3838386219424899,1.7353094188416853,0.0002169717821136252,1.0000033769941568,20.94383626008163,1,-0.4187045773250931,-0.5859209187508804,0.7270616742257157,-2.200937431130611,0.003188634624185763,1.0000003910218378,2.6068122526115673,1,-0.9591521959882682,-0.30979247762746137,1.0176564836293012,-2.8307133603931343,-0.0014591427060397864,1.0000001751666776,0.9661023785157696,1,-1.6515220553286543,0.15899011317351583,1.6686930498725592,3.0470753460282585,0.00012126246073234939,1.000000034765996,0.23177330703518847,1,-5.22287747757963,-1.5733481968366219,5.464454914488843,-2.8492467263089147,-0.005794949143348621,0.9999998773919034,0.006112255699336029,0
6.58,-0.0037536189280057666,0.0047316906182204395,-2.3978164375923483e-10,-0.24088900887929202,0.34175994894943496,0.42253922873119426,2.205664976491563,0.00021187030861548686,1.0000033548084197,20.29547626703776,1,-0.29142169108893196,-0.6591673153726527,0.7261056505389514,-1.998428722885148,0.003458955497757241,1.0000003910256186,2.6068374567451267,1,-0.913577692329767,-0.424512329702332,1.0168510886690536,-2.709244208114764,-0.001424959678203704,1.0000003070608192,0.964277034092184,1,-1.6583580812613592,0.06672495929503,1.6693378325421877,3.10254191818936,0.00014731438819236755,1.000000034483026,0.22988683966573842,1,-5.206750537781046,-1.6232327842629517,5.46363960822277,-2.839643734218077,-0.006000672343231804,1.0000001992593135,0.006114265258612396,0
6.6000000000000005,-0.003753618931106716,0.004731690618138448,-2.4129330326340404e-10,-0.3778559389927044,0.23182901786751584,0.4507743460273319,2.6055475940956674,0.00020708658282868637,1.0000031724337641,19.34916574464355,1,-0.15176408140036263,-0.7052502252136149,0.7250556985932688,-1.795358081169482,0.003693158288766842,1.000000391213358,2.608089052949256,1,-0.8541536811077131,-0.5328400945154864,1.0158021423655976,-2.5875530853239934,-0.0013676312394988689,0.999999966723144,0.9629532313475342,1,-1.6595336797040403,-0.025761878000606617,1.6694486314700674,-3.125201777867201,0.00017577712066241914,1.0000000342296036,0.2281973576873609,1,-5.190118530056798,-1.6729600564810723,5.462798686080607,-2.8300378390265393,-0.0061991501134299335,0.9999999215598407,0.006116362772637831,0
6.62,-0.003753618932399538,0.004731690618103604,-2.42794630104029e-10,-0.44876049410151364,0.08182773390209697,0.46539307223645476,2.9684456315614463,0.000203051260097167,1.0000028868346869,18.32783764297717,1,-0.005445547750528869,-0.7221484139484119,0.7239546530467244,-1.5916821926445517,0.0038756108948306864,1.000000391578654,2.610524358996213,1,-0.7817319671661165,-0.6331250202197204,1.014524651348345,-2.4655826690948035,-0.001284640582627999,1.0000001432641807,0.9621508153932363,1,-1.6550460682762713,-0.11815630676556511,1.6690252554216978,-3.0697496589745645,0.00020731389912766014,1.0000000340058917,0.22670594374556977,1,-5.172982833874799,-1.722525119354931,5.461932225081915,-2.820428952676764,-0.00638902550554675,0.9999998837505328,0.006118548189056611,0
6.640000000000001,-0.0037536189322940113,0.004731690618109218,-2.442691784520362e-10,-0.44825019020002266,-0.08087163348656716,0.4652910380283904,-2.9631945610504737,0.00019953895444600454,1.000002595621688,17.3686173121491,1,0.14149475178461685,-0.7090275391883283,0.7228478713800318,-1.3873821624323053,0.003997894240240736,1.000000392107843,2.614052287637803,1,-0.6973578876649411,-0.7238211697744531,1.0130370005359637,-2.3432790696987587,-0.001176730959885914,1.0000003229633794,0.9618830364832353,1,-1.6449062609458684,-0.21014428321852455,1.6680688064677818,-3.0142515650410555,0.00024244531085595959,1.0000000338120338,0.22541355923577464,1,-5.1553448718901995,-1.771923087643708,5.4610403078899035,-2.810816986796599,-0.006569705487509596,1.0000002001259145,0.006120821460532547,0
6.66,-0.003753618931041056,0.004731690618145611,-2.4570488655825673e-10,-0.3763627252964982,-0.23048736266122175,0.4504750464690621,-2.599974475051886,0.00019678185446973128,1.0000024000583088,16.575066260208647,1,0.28293699984772047,-0.6662961037055778,0.7217814002494852,-1.1824648756748035,0.00406226565200222,1.0000003927803345,2.6185355632857177,1,-0.6022593818506561,-0.803509616383339,1.0113607661542532,-2.220592577478752,-0.0010471711476347464,0.9999999831485948,0.9621563283868559,1,-1.6291391131466906,-0.30141197705897493,1.6665816825008049,-2.9586720143926586,0.00028162850271156885,1.0000000336481636,0.22432109128701536,1,-5.137206109951657,-1.8211490852947505,5.460123021554102,-2.8012018526883558,-0.006740978354226663,0.9999999143177432,0.00612318254188026,0
6.680000000000001,-0.0037536189286136324,0.004731690618201963,-2.470921117454089e-10,-0.23855486466627987,-0.3396063448544542,0.42206884192896954,-2.199375278116153,0.00019547012497312963,1.0000023613568307,16.058385054657126,1,0.4129377397241853,-0.5956106430673156,0.7208000410951609,-0.9769633150915338,0.004081370332673686,1.0000003935692436,2.623794957492076,1,-0.49783358825410806,-0.8709200029178553,1.0095204868076817,-2.097478404283259,-0.0009012644950763548,1.00000011210339,0.9629700907337453,1,-1.6077834226558865,-0.3916459466854591,1.6645675856011857,-2.9029754962771275,0.00032530913788110993,1.0000000335144092,0.223429394949286,1,-5.11856805710823,-1.8701982457385855,5.459180456856332,-2.791583461391654,-0.00690272750546159,0.9999998902949231,0.0061256313882086235,0
6.7,-0.0037536189247147573,0.0047316906182656845,-2.484207555376178e-10,-0.05031520034197415,-0.37671492509426824,0.3832638078815245,-1.727771609195545,0.00019561461334454054,1.0000024810588277,15.979368232686225,1,0.5259882585367879,-0.4998262518623968,0.7199453975227834,-0.7709357218270957,0.004075720003557978,1.0000003944423428,2.6296156187952513,1,-0.3856308538537101,-0.9249512035367777,1.0075433902902784,-1.9738974122945527,-0.0007444237105698784,1.0000003351874343,0.9643164897004838,1,-1.5808920855383275,-0.48053333207308857,1.6620315361683287,-2.8471264583525486,0.00037399859469536615,1.0000000334108994,0.2227393289797278,1,-5.099432265616281,-1.9190657121857955,5.458212708339807,-2.7819617237891006,-0.007054570007929223,1.0000002006770057,0.00612816795385099,0
6.720000000000001,-0.00375361891921369,0.004731690618316893,-2.4967903590987495e-10,0.15149662962258573,-0.3089053171029987,0.34165649829948913,-1.1424430477073266,0.0001958558243329922,1.0000027183940132,16.576545915176837,1,0.617261830020029,-0.38289117500454284,0.7192539992526342,-0.564463544208494,0.004070553302660448,1.000000395363316,2.6357554400162644,1,-0.26733606288858336,-0.964690762886131,1.0054590733678068,-1.849816820776882,-0.0005795558541768274,1.0000000042684625,0.9661803249073672,1,-1.5485323062139174,-0.5677620731941136,1.6589798934112574,-2.7910892971128334,0.00042836015285756994,1.0000000333377677,0.22225178439465193,1,-5.079800330946444,-1.9677466379260222,5.457219875627774,-2.7723365506640936,-0.007195534064166974,0.9999999072129763,0.006130792191196968,0
6.74,-0.0037536189139403785,0.004731690618318503,-2.508622094776758e-10,0.29493766855438297,-0.12437347547773714,0.3120763766550782,-0.4166684786623188,0.00019896053970675033,1.0000030124457144,18.01699829680586,1,0.6828365203307029,-0.2496874694677741,0.7187556048833393,-0.35764819433198675,0.004088323304809434,1.0000003962932802,2.641955201391447,1,-0.14474723309111026,-0.9894327259881684,1.0032991325406153,-1.7252108748860175,-0.0004087696726121076,1.000000082451933,0.9685389466870327,1,-1.5107858602813433,-0.6530211619920058,1.6554203826219274,-2.734828351112302,0.0004888335748305582,1.000000033295156,0.22196770654126075,1,-5.059673891790903,-2.0162361866294156,5.456202066306727,-2.762707852266211,-0.0073253289735548234,0.9999998970147066,0.006133504048394824,0
6.760000000000001,-0.0037536189137760533,0.004731690618223475,-2.5199950719895226e-10,0.2981230937954914,0.11899630851867371,0.31140538442027754,0.38524429649488356,0.0002078123946769064,1.000003245044138,19.81544508125901,1,0.7198805072754848,-0.10582341060309937,0.7184717924894988,-0.150606719062983,0.004127014806272382,1.0000003971924878,2.647949917886848,1,-0.019751389558719325,-0.9986934168048097,1.0010967478979043,-1.600061452585567,-0.00024299912540179546,1.0000003434085023,0.9713621951051401,1,-1.4677494081603477,-0.7360009361623803,1.6513621244393302,-2.6783078961268756,0.000554056007852009,1.0000000332832166,0.2218881111772595,1,-5.039054630071261,-2.0645295326504973,5.455159394653931,-2.7530755367507123,-0.007449421010345483,1.0000002009117155,0.006136303465872175,0
6.78,-0.003753618919563647,0.004731690618023715,-2.5315503512923776e-10,0.1588510764907227,0.3075852058283944,0.34010206282154637,1.1162285941332752,0.00021351180113357386,1.000003278111394,20.90718097352044,1,0.7267883056406033,0.04261301414091284,0.7184149276704027,0.056533411379492464,0.004163782913923399,1.000000398022194,2.6534812934536554,1,0.10570218978346628,-0.9922246750567969,0.9988862138826856,-1.4743585884469874,-0.00010216419198554467,1.0000000295153166,0.9746124333255529,1,-1.4195348569740764,-0.8163934233107139,1.6468156573511348,-2.621492149108574,0.0006212906679862726,1.0000000333021142,0.22201409465980396,1,-5.017944270947722,-2.11262186133393,5.454091967039466,-2.7434395096213597,-0.007577117368652969,0.9999999002567984,0.006139190374727843,0
6.800000000000001,-0.0037536189262793703,0.0047316906177604125,-2.5436801233055806e-10,-0.04231960143073209,0.3800931699288035,0.3815628447752222,1.7070266273708692,0.00021328966569076664,1.0000031384763552,20.96407464368692,1,0.7032589309491799,0.18932699811403714,0.7185875454828954,0.2636401319280051,0.004186442678466617,1.0000003987465333,2.6583102230490465,1,0.22963116301620007,-0.9700240270790446,0.9967024172553214,-1.3481009100335122,5.878567223063734e-06,1.0000000549690917,0.9782447135722652,1,-1.3662697673343942,-0.8938927444013851,1.6417929699176612,-2.564345290086212,0.0006898063033410957,1.0000000333520258,0.22234683807896113,1,-4.996344582828348,-2.160508369321269,5.452999874604908,-2.733799676711831,-0.007710542591836153,0.999999903899238,0.006142164699592907,0
6.82,-0.003753618931153742,0.00473169061747303,-2.5563706403455844e-10,-0.23204821205944726,0.3465337129088816,0.42066924509201775,2.1823614765529156,0.00021095863127151758,1.0000029655567009,20.34079329409322,1,0.6503107096988693,0.32810137573258036,0.7189822098657007,0.47058288934411563,0.0041914511196337375,1.0000003993342244,2.662228163095065,1,0.35005143605354544,-0.9323412567415398,0.9945802866357103,-1.2212959623552109,8.437690768729166e-05,1.0000003473280998,0.9822070850939267,1,-1.3080978008610458,-0.9681955858164373,1.6363075536517426,-2.5068314899423045,0.0007600640286409376,1.0000000334331407,0.22288760427075285,1,-4.974257377376629,-2.208184264858874,5.451883205225009,-2.7241559457754576,-0.007847691421058912,1.0000002008296738,0.006145226361375437,0
6.840000000000001,-0.003753618934081335,0.004731690617181527,-2.5694904277201447e-10,-0.3722868621743956,0.23962332171304276,0.44957700427519687,2.585110049654599,0.00020866178241874022,1.0000028605469204,19.403848418774036,1,0.5702317011996239,0.45307678686822916,0.7195818744355779,0.6772386539992221,0.00417378810005523,1.0000003997600797,2.6650671973442663,1,0.46501015650569005,-0.8796808614238653,0.992554217157058,-1.0939603800535682,0.00013746393742854074,1.0000000581465105,0.9864410591229884,1,-1.2451792033426763,-1.0390017497325084,1.630374455481318,-2.448914941789753,0.0008321011243720491,1.0000000335456591,0.2236377269675114,1,-4.951684509518019,-2.2556447681080996,5.450742050374012,-2.714508225560364,-0.00798764551043543,0.9999998934602328,0.006148375277224354,0
6.86,-0.003753618935477215,0.004731690616895234,-2.5829299246313275e-10,-0.44696850411734185,0.09105743572877276,0.46497295570738995,2.9493079651174074,0.00020622579685752968,1.0000028371699539,18.382563377097128,1,0.46646909153526533,0.5590120673116264,0.720360709384325,0.8834974932382272,0.004128511518827795,1.0000004000061893,2.666707929227184,1,0.5726198143233248,-0.8127999297015915,0.9906574710366715,-0.9661198887889095,0.0001684567805741808,1.0000000301871321,0.990882249977725,1,-1.1776913172740209,-1.106014792842423,1.624010326688626,-2.3905599052611963,0.0009054907168587337,1.0000000336897887,0.2245985918906087,1,-4.9286278774462495,-2.302885111457942,5.449576504449441,-2.704856425118389,-0.008130604935094394,0.9999999109376112,0.006151611359832262,0
6.88,-0.0037536189355773597,0.004731690616620093,-2.596604077587106e-10,-0.4503681407444641,-0.0716185112545031,0.4656759573238017,-2.982304917320592,0.00020326132250692515,1.0000028409305917,17.417223845278066,1,0.3434649287859939,0.6415111160944191,0.7212853362165046,1.089267395280327,0.004054860069802512,1.000000400062703,2.667084686548531,1,0.671092743977738,-0.732701065316098,0.9889215679616528,-0.8378091216405223,0.00018064720370201368,1.0000003466812393,0.9954612065642315,1,-1.1058291160949936,-1.1689427637247116,1.6172334732543434,-2.3317307665514466,0.0009795939823760138,1.0000000338657413,0.2257716092747188,1,-4.905089422629106,-2.3499005398397137,5.448386663238278,-2.6952004536946506,-0.008277072569621277,1.0000002004310122,0.006154934517322527,0
6.9,-0.0037536189343916632,0.004731690616360549,-2.610429390009772e-10,-0.3822672389398553,-0.22261878260375162,0.45163996788047567,-2.6203245672372373,0.00020035493837498045,1.0000028010245294,16.61210764045795,1,0.2064487314565392,0.6972053138230582,0.7223163915779727,1.2944781006831516,0.00395845928370884,1.0000003999281706,2.666187803372148,1,0.7587752077068808,-0.6406201073363682,0.9873756817090393,-0.7090712368230215,0.00017739233462901914,1.000000089266037,1.0001044390586618,1,-1.0298057508561955,-1.227499049368033,1.6100639081085752,-2.272392115077919,0.0010537281224560087,1.0000000340737265,0.22715817695910695,1,-4.881071129813754,-2.3966863110437076,5.447172623168171,-2.6855402208365877,-0.008427377265035145,0.99999988683405,0.006158344653951466,0
6.92,-0.003753618931838377,0.004731690616118699,-2.624308864836167e-10,-0.24775995661724445,-0.3346966628944758,0.4239139238093302,-2.22251435269183,0.00019863002846517722,1.0000026868629084,16.07696998188802,1,0.0611995316196804,0.7238840774382632,0.7234103257039008,1.4990837853912486,0.0038514202897855436,1.000000399609447,2.664062980314033,1,0.8341801499475768,-0.5380085564806558,0.9860460595569096,-0.5799573288923647,0.00016223944576795876,1.0000000085059912,1.004735634763337,1,-0.9498530982247048,-1.2814033414132227,1.6025234041168466,-2.212508838322128,0.0011273058179419447,1.000000034313945,0.22875963320520953,1,-4.856575027031217,-2.4432376960377034,5.44593448127121,-2.6758756365696974,-0.00858134876530955,0.9999999181186764,0.006161841671654222,0
6.94,-0.003753618927884719,0.004731690615892163,-2.638127407500468e-10,-0.06157266627507941,-0.37657673299256433,0.385531997239129,-1.7557912033741339,0.000198487878493645,1.0000025417166027,15.968812028329758,1,-0.08620928673166983,0.7205698689242104,0.7245213342983381,1.7030645295009217,0.0037511081960673294,1.0000003991211914,2.6608079435868195,1,0.8960176603400938,-0.42651080643337685,0.9849554813689088,-0.4505256338405243,0.0001393983732562854,1.0000003412557177,1.0092770454777111,1,-0.866222296682002,-1.330382732476539,1.5946355464663793,-2.1520462369254525,0.0012000216509417258,1.0000000345865798,0.23057719927800907,1,-4.8316031855992465,-2.489549979287233,5.444672335904727,-2.66620661160305,-0.008737954361113477,1.0000001997163648,0.006165425472070575,0
6.96,-0.0037536189227897416,0.00473169061567039,-2.6517651182528246e-10,0.140999631103786,-0.3151270063886791,0.3437680528012863,-1.1776980515661335,0.00019971574854615794,1.000002475863918,16.522700261349275,1,-0.2296693338088961,0.6875374922278407,0.7256033246161884,1.9064265885700284,0.003678523222221802,1.0000003984850194,2.656566795515083,1,0.9432221761410821,-0.30793648705092846,0.9841227752237734,-0.3208405379482142,0.00011391471516943402,1.0000001218648893,1.0136510166911203,1,-0.7791842553576465,-1.3741729524099204,1.586425783343104,-2.0909701622388144,0.0012720503293641866,1.0000000348917868,0.23261191198875722,1,-4.8061577201236,-2.5356184590781607,5.443386288818446,-2.6565330574912704,-0.008894998609680564,0.9999998803887504,0.006169095958008108,0
6.98,-0.003753618918134447,0.004731690615429351,-2.665166368848171e-10,0.2899376771604029,-0.1362522465110585,0.3130545662041215,-0.45906084974097155,0.00020412487545588587,1.000002603320503,17.920980292785238,1,-0.3632889663908472,0.6262804791709354,0.7266118245516915,2.1092015512492486,0.003653634225535095,1.0000003977283838,2.6515225587490345,1,0.9749755008135647,-0.18422844039745198,0.9835624063337468,-0.1909714106871198,9.100254848484826e-05,0.999999990207596,1.0177816138171891,1,-0.689030117264155,-1.4125197536764784,1.5779214745849102,-2.029247177638765,0.0013436629448275214,1.0000000352296814,0.23486454331410517,1,-4.780240788497777,-2.581438447842197,5.442076449165595,-2.646854886344056,-0.009050457428626238,0.9999999254310578,0.006172853032846206,0
7.0,-0.0037536189177941963,0.00473169061513634,-2.67852722207057e-10,0.3018265619593079,0.10679145752813672,0.31058828196998256,0.3424146779826627,0.00021277957952191385,1.0000029065946772,19.72783573011799,1,-0.4816274943358098,0.539429587161732,0.7275057551206933,2.311444510137239,0.0036765362649899963,1.0000003968832691,2.6458884615212535,1,0.990724816934904,-0.057427055793228925,0.9832841588568255,-0.06099129027651872,6.951869403806933e-05,1.0000003309275312,1.0215962730543184,1,-0.596071656040853,-1.4451804540303055,1.5691519355816295,-1.9668447421656516,0.0014130804324289177,1.0000000356003256,0.23733550422946298,1,-4.753854591901865,-2.6270052724858735,5.440742934678248,-2.637172009303717,-0.009207940843015525,1.0000001986868654,0.006176696597078378,0
7.0200000000000005,-0.0037536189231366637,0.00473169061478617,-2.692340217956557e-10,0.1685195487652044,0.3007304833931811,0.33805332068584754,1.080194970321198,0.000218512881108184,1.0000032068557299,20.876151375358273,1,-0.5799039691592259,0.4306298601582815,0.7282490082850783,2.5132313926797303,0.0037175119870420086,1.0000003959847745,2.6398984963397276,1,0.9901950248684626,0.07036812797518528,0.9832929264070635,0.06902454929548237,3.905902799866717e-05,1.000000154881912,1.0250274548226321,1,-0.5006415824927645,-1.4719256429088943,1.5601484624158977,-1.9037314185553058,0.0014764386552072993,1.00000003600371,0.2400247339550163,1,-4.727001374801798,-2.6723142747230897,5.439385859064684,-2.6274843354832744,-0.009375267581327652,0.9999998741345486,0.006180626544606106,0
7.04,-0.003753618930140472,0.004731690614417385,-2.706936107557678e-10,-0.03151477175568618,0.3796775892945108,0.3792775733379961,1.6783987725680352,0.00021874797579078513,1.0000033720574308,20.98221537898911,1,-0.654174729984491,0.3043834136267216,0.7288117950809317,2.71465562707688,0.003753616518307025,1.0000003950696572,2.633797714847726,1,0.9733949328023241,0.19703850529837744,0.9835885996818381,0.1990001097946288,-5.004475066540682e-06,0.9999999754901406,1.0280142679565507,1,-0.40309373400183884,-1.492541055400252,1.5509443380083987,-1.8398771202913446,0.0015325688078364564,1.0000000364397363,0.24293157593662454,1,-4.699683424948728,-2.71736081141024,5.438005322552307,-2.617791774574969,-0.009552421458459743,0.9999999328631715,0.006184642762625223,0
7.0600000000000005,-0.003753618935700762,0.004731690614072551,-2.7222615351166213e-10,-0.22311518983924547,0.35106137507350177,0.41876768073040344,2.158845077725074,0.00021779726925787944,1.0000033661935719,20.385126777833026,1,-0.7014756891354831,0.16586525177463202,0.7291717221781553,2.91582431871666,0.0037787210043685343,1.0000003941748958,2.627832638784212,1,0.9406170587877307,0.3204870363187572,0.9841660562927141,0.32886019594650157,-6.035352574733566e-05,1.0000003157094415,1.0305038796376773,1,-0.3038031166158939,-1.5068296145223952,1.541574839755279,-1.7752533947161337,0.0015825314783324866,1.0000000369081958,0.24605463957895637,1,-4.671903073377019,-2.7621402548836875,5.436601422929279,-2.608094238771476,-0.009734528544026358,1.000000197344148,0.006188745131709727,0
7.08,-0.0037536189391416857,0.004731690613775569,-2.738091272810883e-10,-0.36658163306254343,0.24726545731862057,0.4483390033517081,2.564559989558017,0.00021846819104656066,1.0000031965613168,19.458223816441972,1,-0.7199267903362078,0.020719208567008242,0.7293145699108614,3.1168540689919846,0.00379183681096615,1.000000393336314,2.6222420923844005,1,0.8924310543166092,0.43867826118088743,0.9850152728066713,0.4585319113175156,-0.00012512227776170055,1.000000187278473,1.032452734830919,1,-0.2031657666049835,-1.5146136387363434,1.5320772355201098,-1.7098337307565001,0.0016272234546359492,1.000000037408747,0.24939164655535973,1,-4.64366269440151,-2.806647993300637,5.435174264082968,-2.598391641938667,-0.009917941365782652,0.999999868081356,0.006192933522941647,0
7.1000000000000005,-0.0037536189407220352,0.004731690613535024,-2.7541891467128266e-10,-0.44502515355604616,0.1002153256342783,0.46450910796187767,2.9301337459575536,0.00022043023257986645,1.0000029163483863,18.437398813856515,1,-0.7087971413870231,-0.12515927635934496,0.7292347683643584,-2.9653187431157617,0.0037975924126502913,1.0000003925873007,2.6172486715341483,1,0.8296710027398033,0.5496765618124207,0.9861215499722463,0.587946085250755,-0.0001989205956208014,0.9999999645131682,1.0338275412720819,1,-0.1015983955642575,-1.5157372067950834,1.522490753595779,-1.6435938958052216,0.0016671195664227706,1.0000000379408893,0.25293926222134805,1,-4.614964705615118,-2.8508794309834076,5.433723956417323,-2.588683898746588,-0.010100461269463568,0.9999999404032446,0.006197207794613279,0
7.12,-0.003753618940866976,0.0047316906133510256,-2.770352970464518e-10,-0.45233480317314906,-0.06236249556206334,0.466017500185778,-3.001384380959169,0.00022232176696973142,1.0000026210465893,17.466253942301456,1,-0.6685300600717492,-0.26584720601826006,0.7289355700649971,-2.764201249587007,0.0038079602540395407,1.000000391957646,2.6130509733064957,1,0.7534170761361048,0.6516816301802921,0.9874658372860202,0.7170385876340435,-0.000281518610402698,1.000000295800253,1.034605964306889,1,0.0004622191552490322,-1.5100686661238276,1.5128565259331903,-1.576512304437703,0.0017025456425019735,1.0000000385039371,0.25669291360282376,1,-4.585811567886562,-2.894829988766119,5.432250615665507,-2.57897092436462,-0.010280512190628605,1.0000001956903417,0.006201567790965214,0
7.140000000000001,-0.003753618939837658,0.004731690613219435,-2.7864151741149867e-10,-0.38803553263658436,-0.2146686282140218,0.45276550875898186,-2.6405701142839093,0.00022481941909522672,1.0000024134899448,16.649897848385017,1,-0.6007277812882483,-0.3956187918446855,0.7284289222450833,-2.5628604488415077,0.003838740736561618,1.0000003914724909,2.609816606466791,1,0.664972230659908,0.7430602453305221,0.9890251447889503,0.8457514937338964,-0.0003723940519545245,1.000000218111301,1.0347770097363476,1,0.10256013849842074,-1.4975032639787094,1.5032175031091193,-1.5085704169675023,0.0017338530105312938,1.0000000390969894,0.2606465960280173,1,-4.556205785358015,-2.9384951043430325,5.430754362165216,-2.5692526344030346,-0.010456682834357406,0.9999998622387657,0.006206013344082688,0
7.16,-0.0037536189376312385,0.004731690613133995,-2.8022253441284395e-10,-0.2568713244353506,-0.32961476473395096,0.4257299725557732,-2.245455010844741,0.000231070657033025,1.0000023594617153,16.096749453290787,1,-0.5080959928045566,-0.5091648578782033,0.7277350486016214,-2.3611863856477915,0.003906396132021305,1.000000391151415,2.6076760997872155,1,0.5658347708310236,0.8223736440347669,0.9907730279964436,0.974034070819883,-0.0004701472017226605,0.9999999574365804,1.0343410900271515,1,0.2042215006183356,-1.477965872662589,1.493618337583084,-1.4397531642636712,0.001761525590174757,1.0000000397189006,0.26479267127092593,1,-4.526149905441403,-2.981870232617695,5.429235320655239,-2.5595289449423335,-0.010627436340108778,0.9999999480393325,0.006210544279102997,0
7.180000000000001,-0.0037536189339825547,0.004731690613085772,-2.8176239553340254e-10,-0.07283829632797417,-0.3761677542046974,0.38779411557917315,-1.7834926902657726,0.00024027406862182148,1.0000024651150081,15.960110415981928,1,-0.3943488390985587,-0.6018006145893805,0.7268817436429096,-2.159081671911629,0.004026772738102763,1.0000003910077468,2.606718312274057,1,0.4576677108881648,0.8883999762366147,0.9926801296962369,1.1018435680125558,-0.0005714749238941529,1.000000271616769,1.0333097844527508,1,0.30495613424244883,-1.451413771169431,1.4841052314597496,-1.370049394023387,0.0017863114837458212,1.0000000403682492,0.2691216608527651,1,-4.4956465188116175,-3.024950846052475,5.427693620650308,-2.5497997726159034,-0.010790772845721958,1.0000001937280696,0.0062151604215764855,0
7.2,-0.0037536189286764177,0.004731690613057984,-2.832428835745915e-10,0.13028474041248161,-0.32102837659995537,0.34591821788254024,-1.212548187771483,0.0002489001671590969,1.0000026917406457,16.471282828593072,1,-0.2640756940913065,-0.6696551958629136,0.7259033746150946,-1.956465380420753,0.0042044368137935054,1.0000003910480533,2.6069870211235657,1,0.3422659042512365,0.9401515509983919,0.9947147611301401,1.2291458004014744,-0.0006705100442049431,1.0000002465850346,1.0317053177830589,1,0.4042595835793977,-1.4178394359791995,1.4747257455526201,-1.2994523322775386,0.0018094436136538098,1.0000000410433059,0.2736220389455919,1,-4.464698259395828,-3.0677324350192454,5.426129398000199,-2.5400650346957687,-0.010943921716447567,0.9999998566160373,0.00621986160440118,0
7.220000000000001,-0.003753618923201492,0.004731690613016265,-2.8465076736677863e-10,0.2844496795063656,-0.1479725823396361,0.31412686114781724,-0.5012374413668225,0.00025826324809484155,1.0000029814476137,17.826018305607022,1,-0.12257199199708778,-0.7098359824449798,0.7248396191530572,-1.7532764664995912,0.00442854107662827,1.0000003912717328,2.6084782186535835,1,0.2215219026784342,0.9768867861759513,0.9968435041111156,1.3559155268028966,-0.0007598542605879034,0.9999999544373716,1.0295597940657895,1,0.5016155771643547,-1.377273283541062,1.4655285684564756,-1.2279600520640268,0.0018325778734387145,1.000000041742005,0.27828003271464546,1,-4.433307804358294,-3.1102105081525253,5.424542798549486,-2.5303246488204185,-0.011084637806292215,0.9999999557593393,0.0062246476711032145,0
7.24,-0.0037536189223055863,0.004731690612911947,-2.860037233085033e-10,0.30502522835112716,0.09437047135352783,0.3098663806087805,0.2992895132850762,0.00027094700735020476,1.0000032258839,19.637511662667244,1,0.02436223902354828,-0.7205604616032831,0.72373397598618,-1.5494765794749308,0.004666914407774552,1.000000391670854,2.611139027177172,1,0.0973914514784237,0.998116962661595,0.9990318168647409,1.4821366247055954,-0.0008394151164224607,1.0000002437949043,1.0269142311634252,1,0.5964989659572285,-1.329786296384199,1.4565632462444793,-1.1555759362866354,0.0018558276280200507,1.000000042461916,0.2830794401465273,1,-4.401477874081544,-3.152380592706484,5.42293398019186,-2.5205785314821934,-0.011216978270759029,1.0000001914604437,0.006229518473412926,0
7.260000000000001,-0.003753618927661703,0.004731690612728233,-2.873583298396154e-10,0.17795443972062325,0.2934704349569097,0.33604037684771804,1.04364958943959,0.00028091367439532527,1.0000032812796888,20.841441758102892,1,0.17065079187938031,-0.7012484133769427,0.7226320719921311,-1.3450521105765896,0.004868512927993021,1.0000003922302718,2.6148684781985176,1,-0.028140564293276084,1.0036080425413176,1.0012446376238442,1.6078020732942067,-0.0009203155165778522,1.0000002720737071,1.0238174447004067,1,0.6883791467176502,-1.2754924550188742,1.4478798641844168,-1.0823091159509013,0.0018761810203455115,1.0000000432002196,0.2880014645647699,1,-4.369211232146108,-3.194238234916857,5.421303101230732,-2.5108265964900056,-0.011350559500173132,0.9999998512220822,0.006234473865663707,0
7.28,-0.0037536189344559677,0.004731690612499695,-2.8875325004326657e-10,-0.02071733069950253,0.3789041315308386,0.3769787061866756,1.6493668051077308,0.0002831494060210756,1.0000031545171062,20.998032472926354,1,0.31018930984001813,-0.6525677717353856,0.7215798078747957,-1.1400153328718903,0.005007872239410935,1.000000392928027,2.6195201797443715,1,-0.15309302466511526,0.9933779342996749,1.0034469783659266,1.7329137793883937,-0.0010045922250551554,0.9999999556979446,1.020324820451395,1,0.7767239740087843,-1.2145508899282909,1.4395286676587944,-1.0081748784413644,0.0018917608423964238,1.000000043953686,0.2930245735457217,1,-4.336510685309542,-3.235779000366759,5.419650307727035,-2.50106875712924,-0.011487284420522608,0.9999999635510358,0.006239513702027352,0
7.300000000000001,-0.0037536189395326247,0.004731690612263008,-2.901856142531467e-10,-0.214082714863765,0.3553380130224549,0.41682931997542366,2.1350742452916753,0.00027970174824939743,1.000002981188923,20.428374643393795,1,0.43710351536867886,-0.5764287417115342,0.7206214244310062,-0.934404492820285,0.005091173540886409,1.0000003937360498,2.6249069991238736,1,-0.2755197634270806,0.9676896749327644,1.0056044802325521,1.8574822697967905,-0.0010836888481247692,1.000000213158196,1.0164970108376703,1,0.8610041478639967,-1.1471676609064159,1.4315596433331188,-0.9331950400237534,0.001902999237690424,1.000000044718661,0.298124406986408,1,-4.303379083483566,-3.2769984743554623,5.417975741782072,-2.4913049284340287,-0.011623716891147969,1.0000001888910588,0.006244637835501085,0
7.32,-0.003753618942617619,0.004731690612034359,-2.916392839030779e-10,-0.36073680129102087,0.25475316098205214,0.44705617607611653,2.5438683476072934,0.0002745988558756269,1.0000028693998992,19.51226064848909,1,0.5460063174629421,-0.4759227621134821,0.71979757324961,-0.7282827292033811,0.005133819484358989,1.000000394621172,2.630807812596138,1,-0.3935386067696843,0.9270410475671094,1.0076839247490892,1.9815262536209455,-0.0011507453141189534,1.0000002941129242,1.0123986478192912,1,0.9406980453869765,-1.0735970661249636,1.4240220710484959,-0.8573982528804319,0.0019106015180906984,1.0000000454910642,0.3032737620042423,1,-4.269819319709506,-3.3178922622709446,5.416279550285142,-2.481535026619907,-0.011757961287319223,0.9999998460654496,0.006249846114934584,0
7.340000000000001,-0.0037536189441208737,0.0047316906118176905,-2.931010495074715e-10,-0.44293131063391505,0.10929955809462584,0.46399922124372633,2.910899800324737,0.0002701450159069331,1.0000028406341017,18.492335147738004,1,0.6322410626656733,-0.3552056758516188,0.7191434808845921,-0.5217357775636485,0.005151783155640367,1.0000003955464354,2.636976235581512,1,-0.5053579579776083,0.8721511671386319,1.0096537029250308,2.1050720800642977,-0.0012026802477470562,0.9999999613722502,1.008097119039281,1,1.0152969439896595,-0.9941423820484119,1.4169640365326661,-0.7808202257165354,0.0019151619811788056,1.0000000462664012,0.3084426739258317,1,-4.23583433013266,-3.3584559899664566,5.414561885374274,-2.471758968212025,-0.011889990132508847,0.9999999714020799,0.00625513838149668,0
7.36,-0.003753618944319141,0.004731690611612862,-2.945617985639082e-10,-0.4541544983016028,-0.0531063686531398,0.4663147292285485,-3.0204558539796467,0.00026638300433785893,1.0000028446709384,17.515685580618186,1,0.6920975976753468,-0.21932785330999335,0.7186873095443376,-0.3148685018378073,0.005158708012247939,1.00000039647266,2.643151067082699,1,-0.6093007435406615,0.8039445574021273,1.01148423849401,2.2281531213949726,-0.0012385419651691943,1.000000180663504,1.00366135967277,1,1.084310562999937,-0.9091559390756321,1.4104319078442058,-0.703503842565544,0.0019172947786306363,1.0000000470397872,0.31359858144936714,1,-4.2014270939756155,-3.3986853041406015,5.412822902701931,-2.4619766697343115,-0.012020626679379398,1.00000018602399,0.006260514466164525,0
7.380000000000001,-0.0037536189432362116,0.004731690611418299,-2.9601434454670783e-10,-0.3936735030454114,-0.20664143277970834,0.45385025730634515,-2.6607372937887157,0.0002633096526137629,1.0000028098270044,16.688381690804285,1,0.7229882951502501,-0.0740177124205858,0.7184488142422537,-0.10780037895171199,0.0051636380159012915,1.0000003973601985,2.6490679900400225,1,-0.7038256348789481,0.7235332106584985,1.013148364115774,2.350809100491326,-0.0012588703646236174,1.0000003123742132,0.9991607124793747,1,1.1472728290816654,-0.8190384482951684,1.4044697871313723,-0.6254991623721184,0.0019175713275425342,1.0000000478059834,0.3187065561703716,1,-4.166600633510632,-3.4385758727207856,5.411062760008966,-2.452188047696296,-0.012150911788377364,0.9999998411543127,0.006265974188526377,0
7.4,-0.0037536189407974515,0.004731690611230727,-2.9745165358585623e-10,-0.2658928862038661,-0.3243672296092614,0.42751219683205893,-2.268225511628905,0.0002618465284351037,1.0000027002518617,16.11764945171434,1,0.7235728954631652,0.07457131914790005,0.7184383821979247,0.09933985099229933,0.005169706323599464,1.0000003981707855,2.6544719027551396,1,-0.7875455403657974,0.6321970707215123,1.0146216497241678,2.4730853783196554,-0.0012651857169493628,0.9999999715433636,0.9946638946707081,1,1.2037477490613073,-0.724237511076414,1.399118951733376,-0.5468632842666904,0.0019164496108454035,1.000000048559441,0.32372960598737494,1,-4.131358014030563,-3.478123385249518,5.409281616240268,-2.442393018710343,-0.012281661972799623,0.9999999793000348,0.006271517356973846,0
7.42,-0.003753618936973673,0.004731690611043481,-2.988660928980591e-10,-0.08410815203628204,-0.37549429434961035,0.3900392269674061,-1.8108953659135862,0.00026292941080912263,1.0000025523540659,15.953245302800749,1,0.6938238928929137,0.22013731290915498,0.7186565184832931,0.3064200805410758,0.005174840708611952,1.0000003988693706,2.6591291371723877,1,-0.8592434233813704,0.5313633205699064,1.0158826834215633,2.5950322150490046,-0.001259648360261224,1.000000147338663,0.9902380718407041,1,1.2533352536234996,-0.6252452639343131,1.3944172987522412,-0.46766006797163223,0.0019143502639626811,1.0000000492943613,0.3286290751117999,1,-4.095702343817581,-3.5173235532731,5.40747963129893,-2.4325914997001488,-0.012412982279052832,1.0000001828637817,0.006277143770331727,0
7.44,-0.003753618931954722,0.004731690610843333,-3.0025030335265046e-10,0.11936814000186691,-0.32660444427566815,0.3480895206439459,-1.2469737122254811,0.0002665153182693204,1.0000024719479028,16.422530796931046,1,0.6350280056016775,0.35651468239668266,0.7190938131172714,0.5133109356714604,0.00517475772915975,1.0000003994258155,2.6628387706089263,1,-0.9178855426784971,0.42258479366800683,1.0169133066437919,2.716704016123693,-0.0012440228314405742,1.000000326635357,0.9859480368738381,1,1.2956768599106214,-0.5225951365223689,1.3903988070358915,-0.38795970370533384,0.0019118728653634695,1.0000000500047723,0.333365148340514,1,-4.05963677410935,-3.556172110732762,5.405656967063162,-2.4227834081647375,-0.012543780847262079,0.9999998364964561,0.006282853220393121,0
7.46,-0.003753618927092686,0.004731690610605352,-3.01602756658248e-10,0.27848604663055404,-0.15950049117743043,0.3152759238971646,-0.5430944522422229,0.00027300290309080727,1.0000025778969635,17.732943869684522,1,0.5497236062606223,0.4779514711193551,0.7197313914280585,0.7198917188893477,0.005164424930767475,1.0000003998163416,2.6654422776977995,1,-0.9626322332352232,0.3075177658500319,1.0176988053051401,2.838158572658351,-0.0012189490189336788,0.999999986185576,0.9818554901448249,1,1.3304609919829695,-0.41685773084477906,1.3870930317282248,-0.3078381319021006,0.0019098475248399574,1.0000000506846174,0.337897449946606,1,-4.023164499061909,-3.59466481435846,5.403813790850068,-2.4129686621825046,-0.012672840958069411,0.9999999872323904,0.006288645493685087,0
7.48,-0.0037536189261114725,0.004731690610295322,-3.029450514231702e-10,0.3076936382616768,0.08177805368130496,0.30923465078620865,0.2560306695982787,0.00028327360381589194,1.000002872104824,19.5456655121012,1,0.4415783460440113,0.5793638609146418,0.7205418175280756,0.9260558441647804,0.005127375027240396,1.0000004000246352,2.666830901678453,1,-0.9928463510900245,0.1878993266958577,1.0182280550610792,2.9594563023273373,-0.0011892832210540528,1.0000001142238621,0.9780184146205599,1,1.3574277963622097,-0.30863586357144,1.3845246510881315,-0.22737631855903578,0.0019081387384979945,1.0000000513278577,0.34218571807398734,1,-3.9862887557091753,-3.632797444065999,5.401950278724209,-2.40314717920115,-0.012804776195529308,1.0000001794154454,0.006294520370276332,0
7.5,-0.003753618931002994,0.0047316906099031785,-3.043306891215014e-10,0.1871068092275235,0.28582228340667354,0.33407073228238393,1.0067313390930588,0.0002915112814734887,1.0000031830873553,20.803973834733963,1,0.3152150662631768,0.6565546553918429,0.7214903971938081,1.1317154678719585,0.0050349719231646715,1.000000400042546,2.6669503063557487,1,-1.0080994970988342,0.06552447867304748,1.0184936192215854,3.080659485503512,-0.0011684391648267593,1.0000003367556207,0.9744905381272582,1,1.3763732958266548,-0.19855884863351653,1.3827130834871184,-0.14665939122093058,0.0019045687777230836,1.000000051928581,0.3461905406416745,1,-3.94901282392043,-3.6705658033583655,5.400066605986367,-2.3933188743250375,-0.012950236369079651,0.9999998320992626,0.0063004776205860015,0
7.5200000000000005,-0.003753618938066832,0.004731690609465704,-3.05802445432074e-10,-0.009970539597956539,0.37776417492375947,0.3746794231936401,1.620028655846488,0.00028838457489347677,1.0000033653568499,21.012135104994687,1,0.17599704034188343,0.7063854953611618,0.722536799139912,1.3368051109279704,0.004885786927170541,1.0000003998703193,2.6658021294068965,1,-1.0081761150087973,-0.05777692895971902,1.0184918161863399,-3.0813538134315435,-0.0011643565544216042,1.000000005138115,0.971320871313347,1,1.3871527386492155,-0.08727613077527543,1.3816721693032972,-0.06577565081126127,0.0018978029615061623,1.0000000524811192,0.3498741285762331,1,-3.9113400263561355,-3.7079657197302685,5.398162932872562,-2.3834836621449336,-0.013111490970789523,0.9999999951865814,0.006306517005679226,0
7.54,-0.0037536189438933435,0.004731690609029559,-3.0736348926099777e-10,-0.2049788579648594,0.3593426193569807,0.4148679143213992,2.1111130208565494,0.0002775744806183148,1.0000033761391025,20.47092948541707,1,0.029785374874064952,0.7268961567349936,0.7236368912837875,1.5412841140683635,0.004694931613923973,1.0000003995164004,2.6634426700242795,1,-0.9930755315761679,-0.18016335485482163,1.018222759742939,-2.9601492765521296,-0.001175288928426808,1.0000000823225106,0.9685533052755539,1,1.3896830245347838,0.0245495889116681,1.3814099276966632,0.015184500058835,0.0018882828445234774,1.0000000529801625,0.35320108354681257,1,-3.8732737284205796,-3.7449930450746445,5.396239410955286,-2.3736414594558406,-0.01328380998949682,1.000000175684447,0.00631263828041066,0
7.5600000000000005,-0.0037536189476025904,0.004731690608624486,-3.089964395464051e-10,-0.35476540400400686,0.2620620263143471,0.4457395440664171,2.5230750185530817,0.0002678696242657466,1.000003219800427,19.566212985888356,1,-0.11731805484738303,0.7173679853975296,0.72474467873054,1.7451378531485662,0.004477930541029041,1.000000398996914,2.6599794266072365,1,-0.963011973430491,-0.29980475053726363,1.017690355025886,-2.8388489245861908,-0.0011967721821860848,1.0000003426590058,0.966226257168586,1,1.3839441188452068,0.13624956883258163,1.381928417991443,0.09612968437280794,0.0018766581427779548,1.0000000534208713,0.3561391415602479,1,-3.834817338210791,-3.7816436560919064,5.394296193302299,-2.363792185107807,-0.013463273423759348,0.9999998279697027,0.006318841194332866,0
7.58,-0.0037536189494139305,0.004731690608264972,-3.106808725214516e-10,-0.4406876950226699,0.11828663814869927,0.4634498384826394,2.891631577176153,0.00026107244886909293,1.0000029457807245,18.54755149459003,1,-0.2592293135637072,0.6783319680312438,0.7258142535167507,1.9483777817560985,0.004254779538709903,1.0000003983347465,2.655564976830458,1,-0.9184125595497894,-0.4149057232126462,1.0169022530419214,-2.7173906392178595,-0.0012232294416413896,1.0000000280919104,0.9643723552298767,1,1.369979401995985,0.24715640068480696,1.3832237072374114,0.17696870985069382,0.0018633310037379717,1.0000000537989795,0.35865986380208503,1,-3.7959743064621483,-3.8179134547026794,5.39233343661177,-2.35393575921713,-0.01364747072504424,1.0000000031500087,0.0063251254907485946,0
7.6000000000000005,-0.0037536189497576243,0.004731690607957009,-3.123985315225952e-10,-0.4558182542950166,-0.043871327837595134,0.4665694493032434,-3.0394994527587924,0.0002559286850119807,1.0000026472260324,17.565674827277718,1,-0.39013130904191085,0.6115247674042509,0.7268016820093354,2.1510403900146446,0.0040439333767951615,1.0000003975583698,2.6503891322379745,1,-0.8599132323748346,-0.5237286174216773,1.015869769047291,-2.5957142228608836,-0.0012481542407225639,1.0000000525619732,0.963018153113171,1,1.3478949406298844,0.3566113498734126,1.3852859388863796,0.2576117246685953,0.00184856658982049,1.0000000541108864,0.36073924328805534,1,-3.7567481264909346,-3.853798368463887,5.3903513006226405,-2.3440721028517126,-0.013834507263606952,1.0000001716767017,0.006331490905678106,0
7.62,-0.003753618948900408,0.004731690607702456,-3.1413356941720205e-10,-0.39916424415126267,-0.19855593224302315,0.4548925101048959,-2.6808044636146615,0.0002516250187256146,1.000002428232134,16.72772930775822,1,-0.5047033492461779,0.5197980991720548,0.7276667502991925,2.353185205177459,0.003858110698930146,1.0000003967005082,2.6446700542274626,1,-0.7883525578504496,-0.6246164375590876,1.0146077646775662,-2.473762150691649,-0.0012644938536907336,1.0000003443238108,0.9621838618676307,1,1.317857707680123,0.46397147279963724,1.3880994997079739,0.33797133384900246,0.001832613840879912,1.0000000543537304,0.36235820220918313,1,-3.7171423341342336,-3.889294350988298,5.388349947628235,-2.3342011379966827,-0.01402242448616822,0.9999998241143226,0.0063379371673565575,0
7.640000000000001,-0.003753618946878133,0.004731690607501114,-3.158708941110311e-10,-0.27480079923285505,-0.3189698332643164,0.4292577175780106,-2.2907983733447113,0.00024916186816534975,1.0000023590122746,16.139861778015693,1,-0.598323911890137,0.4069881040994827,0.7283745072311996,2.5548919923338382,0.0037024455136078997,1.0000003957967105,2.6386447366677737,1,-0.7047632978923508,-0.7160155025199383,1.013134492949551,-2.3514803207578723,-0.001264640823260932,1.0000000545866814,0.9618830926534274,1,1.280092817038821,0.5686163325071036,1.3916432793464522,0.4179636439159811,0.0018157965724439292,1.0000000545254442,0.36350296053362424,1,-3.677160507686811,-3.924397382367117,5.386329542438768,-2.3243227876293777,-0.014208860004626976,1.000000011110058,0.006344463996519509,0
7.66,-0.0037536189434488713,0.0047316906073502875,-3.17593560825169e-10,-0.095352147464217,-0.374567030718272,0.3922655605175088,-1.8379664915917093,0.0002497458752088791,1.0000024504835094,15.948404112938778,1,-0.6672411973296336,0.2777519511081927,0.7288965626213737,2.7562573186544626,0.0035751152926356564,1.0000003948838943,2.632559295512034,1,-0.6103616400342821,-0.7964976815345836,1.0114714046337265,-2.2288188007066148,-0.0012405950936090055,1.0000000257615314,0.9621226332789894,1,1.234879872874522,0.6699541540897775,1.3958910132457727,0.4975092077786923,0.0017986226400640494,1.0000000546247894,0.3641652629025377,1,-3.6368062678345954,-3.959103469595214,5.384290252858905,-2.314436975863956,-0.014390675727663683,1.000000167398563,0.006351071107699916,0
7.680000000000001,-0.0037536189383231156,0.0047316906072399825,-3.1928109635315227e-10,0.10828409365610527,-0.33185557620272954,0.35028261999884175,-1.280939483463083,0.00025291578176721454,1.000002666195213,16.37659798366211,1,-0.7087077776579219,0.13737896202952038,0.7292121116588313,2.9573906377145995,0.0034709877559014218,1.0000003939989153,2.6266594349248082,1,-0.5065339602002177,-0.8647820087877246,1.009642912769182,-2.1057325671343516,-0.001184442050858658,1.0000003417749135,0.9629022717889522,1,1.1825485616420761,0.76742728824144,1.4008116964431427,0.5765338470890566,0.0017819191746492814,1.0000000546513688,0.36434245811857036,1,-3.5960832775844827,-3.993408646999108,5.38223225124189,-2.3045436281504337,-0.014563546956018195,0.9999998205392345,0.006357758211273419,0
7.7,-0.0037536189326947186,0.004731690607143091,-3.209153155887823e-10,0.2720739984306467,-0.1708200385864593,0.3165060262545338,-0.5845959766691856,0.0002593628689460129,1.000002950618,17.641885485621344,1,-0.7210770285150808,-0.00841671865307039,0.7293086669161915,-3.1247752687400068,0.003385629538755325,1.0000003931772052,2.6211813683528025,1,-0.3948210006809086,-0.9197554183921245,1.0076761144904456,-1.9821822282149593,-0.001090099998108694,1.0000000840146372,0.964214613196926,1,1.1234736350416497,0.8605168832603792,1.406370053231889,0.6549693347403774,0.001766644874019978,1.000000054605615,0.3640374329787046,1,-3.5549952421897046,-4.027308976667822,5.380155718455263,-2.294642671272756,-0.014723001137942487,1.000000019054121,0.006364525014702405,0
7.720000000000001,-0.0037536189310835417,0.0047316906070153,-3.2250466620170615e-10,0.3098363838820359,0.06903119605249895,0.30870117094594157,0.2126479014721306,0.0002705170813491114,1.0000032048776635,19.45219675073922,1,-0.703860025706624,-0.15371527899856754,0.7291824849450845,-2.9237475171579557,0.003309414158330109,1.000000392451509,2.6163433934564866,1,-0.2768993698919126,-0.9604922801393204,1.005600471536172,-1.8581347158742478,-0.000961369698362,1.000000002604951,0.9660449067345854,1,1.0580694438735243,0.9487467003924446,1.4125270491847954,0.7327539248439804,0.00175237482053679,1.0000000544887613,0.3632584087196467,1,-3.513545909070624,-4.0608005488874,5.378060848709361,-2.284734032172393,-0.01487067094515838,1.0000001628568125,0.006371371220326381,0
7.74,-0.0037536189359200587,0.004731690606837273,-3.240981207366933e-10,0.19597472682533415,0.27778665633626376,0.3321500517133869,0.9694076494574664,0.0002793070225730318,1.0000032824003606,20.763312237730734,1,-0.657742267794582,-0.2926159426895845,0.7288386775518098,-2.722589513466854,0.003223139704398039,1.0000003918507396,2.612338264531747,1,-0.15456031110704804,-0.9862723528180827,1.0034474404837286,-1.7335639331876107,-0.0008161676167783185,1.0000003350761897,0.9683709359936638,1,0.9867841859870912,1.0316860423481842,1.41924044020045,0.8098327286027475,0.0017366741167283025,1.0000000543027918,0.36201861181750195,1,-3.4717390677324196,-4.093879482580426,5.375947842553266,-2.274817635822583,-0.015015868949375791,0.9999998172501062,0.006378296519883435,0
7.760000000000001,-0.003753618942741638,0.004731690606642344,-3.2573279577091663e-10,0.0007286622138354413,0.3762520290944688,0.3723795935601992,1.5903442441201887,0.00027894517159748357,1.0000031698393261,21.024062485636296,1,-0.5845600608480894,-0.419461139336016,0.7282910164131571,-2.521184266854142,0.003126353280435799,1.0000003913989703,2.609326469192593,1,-0.029685747040553823,-0.9965967138840889,1.001250047178105,-1.6084513564218834,-0.0006662806220226441,1.000000115628713,0.9711629871352409,1,0.9100940271158188,1.1089517977859304,1.4264653391752835,0.8861579512329156,0.0017187818246805395,1.000000054050376,0.36033583949147335,1,-3.4295785496807265,-4.126541925749616,5.373816891251766,-2.2648934063469444,-0.015160377827355492,1.000000026969614,0.006385300592411118,0
7.78,-0.0037536189479975505,0.004731690606470088,-3.274025512506329e-10,-0.19579985030842667,0.363069073308629,0.4128795072043832,2.086933833646708,0.0002726225083887435,1.0000029971492763,20.512433533527293,1,-0.48723681506621525,-0.5290540440112486,0.7275614447486372,-2.3194241063042584,0.0030398263847260182,1.0000003911145734,2.6074304895554468,1,0.09577831208102973,-0.9912011762274573,0.9990424251305835,-1.4827865747157192,-0.0005126556022287211,0.9999999836171367,0.9743839079374172,1,0.828497241630995,1.1802096332733187,1.4341547648923716,0.9616889907279041,0.0016999150769570215,1.0000000537347928,0.3582319516676241,1,-3.3870682283341345,-4.158784055923213,5.371668180398653,-2.2549612697998906,-0.01529846598191754,1.0000001580586497,0.006392383107759476,0
7.800000000000001,-0.003753618951203672,0.004731690606338485,-3.290846189302199e-10,-0.34866629496637574,0.26918455902110244,0.44438420790026134,2.5021670637894275,0.00026513865719262676,1.000002878868957,19.619820252636092,1,-0.3696800049663483,-0.6168631631316047,0.7266792936843921,-2.117214835671567,0.002981168115690223,1.0000003910095212,2.6067301418732716,1,0.2198508089985282,-0.9700666702869671,0.9968593181988934,-1.356567727533894,-0.00035539268694459745,1.0000003243228188,0.9779892757955265,1,0.742508503169384,1.2451743891865097,1.442260172914619,1.0363923991705797,0.0016811758095535065,1.0000000533598452,0.3557323014378316,1,-3.344212018932273,-4.190602080601918,5.3695019002971,-2.245021154203276,-0.015425593016364376,0.9999998142521527,0.006399543730738438,0
7.82,-0.0037536189527716756,0.00473169060625072,-3.307583347836318e-10,-0.4382959550512341,0.12716610280803084,0.4628572032845356,2.8723269715892905,0.00025840055575046083,1.00000284440845,18.602851335137142,1,-0.23664027134855767,-0.6792072799872952,0.7256802174293291,-1.9144795248150996,0.002952511107368426,1.0000003910888684,2.6072591228537068,1,0.34054682367740075,-0.933426059083739,0.9947355408623498,-1.2298018193591551,-0.00019541499283210086,1.0000001485555545,0.9819276993868047,1,0.6526534357786717,1.3036097553909647,1.4507319688137261,1.110241729034879,0.0016631743180154316,1.000000052929769,0.35286512622159155,1,-3.3010138784387584,-4.221992237707573,5.3673182486572895,-2.2350729886413125,-0.015539553083636044,1.0000000348439997,0.006406782124646667,0
7.840000000000001,-0.0037536189530087685,0.004731690606203857,-3.3240755460683946e-10,-0.45732939060763095,-0.03467127811492264,0.4667800772357219,-3.058511743438623,0.00025225405863460557,1.0000028482350602,17.61605530448885,1,-0.09353519780571232,-0.7134136963756733,0.7246048735752667,-1.711161805363817,0.0029379070777574797,1.0000003913504376,2.609002918017681,1,0.45591046809674074,-0.8817668704183417,0.9927054043918219,-1.10250489389649,-3.300455446424628e-05,0.9999999691470081,0.9861412795223009,1,0.5594635140774228,1.3553273150479068,1.4595199911299417,1.1832172852368492,0.0016462423365848529,1.0000000524491393,0.3496609288214566,1,-3.2574778054385445,-4.252950796033753,5.365117429862469,-2.225116702765833,-0.01563943944886212,1.0000001530116809,0.006414097954235212,0
7.86,-0.003753618951942669,0.004731690606192011,-3.3401884817069183e-10,-0.4045114449004379,-0.19042910678753106,0.4558928041991903,-2.700768251402061,0.00024623718927821323,1.0000028182428813,16.767773801736407,1,0.053758273754720975,-0.717942487948221,0.7234973788917246,-1.5072285244622683,0.0029072083067419523,1.000000391784738,2.6118982535748057,1,0.5640489247128008,-0.8158294798305675,0.990802120543238,-0.974702045882542,0.00013339647150883532,1.0000003096366517,0.990566250869266,1,0.4634713781209407,1.4001850523868853,1.4685739552781434,1.2553058004477162,0.0016305897750702378,1.00000005192278,0.3461518674134065,1,-3.2136078400295753,-4.283474055699142,5.362899653957123,-2.215152226609844,-0.015724981944924946,0.9999998115501276,0.0064214908869425725,0
7.880000000000001,-0.00375361894952157,0.004731690606206347,-3.355799266940851e-10,-0.2835976721865406,-0.31344214940348597,0.4309681469043816,-2.313175361905759,0.00024056614518593047,1.0000027136216605,16.163195098365737,1,0.199137039660952,-0.6924696270469632,0.7224035801682828,-1.3026716035133645,0.0028251244976031605,1.0000003923751433,2.615834288396921,1,0.6631669317602149,-0.736600363648511,0.9890571951318026,-0.846427250521965,0.00030751424052874796,1.0000001818174045,0.9951338207550008,1,0.3652066070531056,1.4380854228828805,1.4778438539641061,1.3265000512311091,0.0016164097694040742,1.0000000513556757,0.3423711706833442,1,-3.1694080637086564,-4.313558348604294,5.360665135887089,-2.20517949054252,-0.015796136134172332,1.0000000426648055,0.0064289605916658795,0
7.9,-0.0037536189457182396,0.004731690606233794,-3.3707913196789896e-10,-0.10656933369524677,-0.37340746154864585,0.3944741334198525,-1.8647158677640288,0.00023566529274651765,1.000002563935514,15.945358306271418,1,0.3365228678159732,-0.6379225129264893,0.7213691931601243,-1.0975089525468857,0.002662556995440869,1.0000003930983594,2.6206557292094876,1,0.7516009025259163,-0.6453001641187777,0.9874998253683834,-0.7177229953221392,0.0004953379911412722,0.9999999593626856,0.9997712128750527,1,0.26519197580620657,1.4689730825070961,1.4872803119061413,1.3967984321545417,0.0016040167702043781,1.0000000507528888,0.33835259185545774,1,-3.124882599251959,-4.343200038892256,5.35841409509105,-2.1951984253260224,-0.015852625945931693,1.0000001477239062,0.006436506735801149,0
7.920000000000001,-0.003753618940659494,0.004731690606254271,-3.3850629764520246e-10,0.09704065455081,-0.3368011826589653,0.352496306585813,-1.314458401496182,0.00023154854788354508,1.0000024701196404,16.333252022937064,1,0.4601214252146452,-0.5564628418272716,0.7204378780678309,-0.891784311271229,0.0024067339687873996,1.000000393925198,2.62616798688033,1,0.8278517747675336,-0.543366465934878,0.9861563164066374,-0.5886397053638583,0.000705543325399892,1.0000002911711898,1.0044029067404707,1,0.16394020170201876,1.4928323675488733,1.4968348939526763,1.4662045038530616,0.0015940730942441703,1.0000000501194868,0.3341299120595266,1,-3.0800356105909112,-4.372395523413462,5.356146755985601,-2.1852089622768545,-0.015893379165096796,0.9999998091483162,0.006444128982167795,0
7.94,-0.0037536189355052126,0.004731690606235952,-3.3985758218085804e-10,0.265223880519394,-0.18193845616529908,0.31781459736315637,-0.6257378275334391,0.0002317507097683891,1.0000025545044162,17.55276733122742,1,0.564677628303373,-0.4514139255765198,0.7196493354480135,-0.6855659295559459,0.002063835823692695,1.0000003948216425,2.632144283913836,1,0.8906156321034467,-0.43243136979476304,0.9850495352104481,-0.4592349606534214,0.000948106581840374,1.0000002143691136,1.0089520172078663,1,0.061951173201659875,1.5096846088543119,1.5064603658336932,1.5347265290284309,0.001587576334083392,1.000000049460475,0.3297365001951907,1,-3.034871302683343,-4.401141232194509,5.353863350818223,-2.1752110333362045,-0.015917244423779103,1.0000000504196436,0.006451826986449621,0
7.96,-0.0037536189337772892,0.0047316906061360894,-3.411516234438916e-10,0.3114480494643058,0.05612750825553327,0.3082664274320076,0.1691569583328203,0.00023981387341475801,1.0000028374144265,19.357131019245152,1,0.6457143775834545,-0.3271324896331594,0.7190375206072237,-0.47894406780269794,0.0016516717685672107,1.0000003957501613,2.638334408224695,1,0.9388111320698674,-0.31429415483167705,0.9841984271117692,-0.3295725119630153,0.0012263807780486932,0.9999999542658181,1.0133416525851633,1,-0.040290358626032065,1.5195853550414264,1.516110907078868,1.6023770058851448,0.0015841188745369245,1.0000000487807401,0.3252049334933205,1,-2.9893939213797425,-4.429433628910916,5.351564124385585,-2.1652045700898284,-0.015929150862480607,1.000000142203708,0.006459600393317961,0
7.98,-0.0037536189380234933,0.004731690605931371,-3.424421284731194e-10,0.20454680433799,0.2693462940182458,0.3302807226350213,0.9316753207560833,0.000248079970492876,1.0000031576668722,20.71933299954507,1,0.6997413322398333,-0.18882845464247772,0.7186290515546044,-0.2720273722177851,0.001192696624023043,1.0000003966712716,2.644475144143872,1,0.971602820635182,-0.19088953707986991,0.9836176249758519,-0.19972110742587432,0.0015281093232813487,1.0000002691320773,1.017496060812889,1,-0.14231665419237347,1.5226215691015448,1.5257422861096024,1.669172204432085,0.0015800576519392118,1.000000048085002,0.3205666799180976,1,-2.943607753285486,-4.457269211364996,5.349249328455673,-2.1551895014951636,-0.015942991210986194,0.9999998070505277,0.00646744883003433,0
8.0,-0.0037536189449740103,0.004731690605646716,-3.4377975639821035e-10,0.011377407934631548,0.37434247467113474,0.37008121736551186,1.560301513104268,0.0002507230296832293,1.0000033569522078,21.03366655418985,1,0.7244211143205189,-0.042339898951156744,0.7184418599844651,-0.0649381979368945,0.000713315970059591,1.0000003975451888,2.6503012578816003,1,0.9884195103168981,-0.0642522397848477,0.9833171615595695,-0.06975316513978326,0.0018347850849937523,1.0000002451535863,1.0213415815788531,1,-0.24367845954749956,1.5189088525204446,1.5353120126394706,1.7351317229523067,0.0015728295436561002,1.000000047377776,0.3158518398169829,1,-2.897517125620083,-4.484644511968277,5.346919204386992,-2.145165754462856,-0.01596579774918629,1.000000058096231,0.00647537190302314,0
8.02,-0.0037536189509374306,0.004731690605322861,-3.451771594248365e-10,-0.18654059116514257,0.3664925522258764,0.41086586705458,2.0625233914893606,0.0002485895159718506,1.000003384641072,20.552772510030138,1,0.7186823080334039,0.10612606250777591,0.7184842057933257,0.14219295928946662,0.00023826665577572254,1.0000003983336863,2.655557908578676,1,0.9889670424803177,0.06352121775582835,0.9833022892248944,0.060256623898834565,0.0021303855941890502,0.9999999537255008,1.024808297207511,1,-0.343946118931228,1.5085887411053103,1.5447794507592878,1.8002780783673724,0.0015627868482263568,1.0000000466633416,0.3110889438063902,1,-2.851126406072726,-4.511556098226231,5.344573982882534,-2.1351332568549743,-0.015995754450368563,1.000000136459836,0.006483369200460704,0
8.040000000000001,-0.0037536189548159253,0.00473169060498586,-3.4662511749772307e-10,-0.3424294333496531,0.2760985999559468,0.4429917085766794,2.481130253776063,0.0002446792652306119,1.0000032420989848,19.672991953598384,1,0.6827717263956244,0.2502728620251978,0.7187542167263742,0.34923362975117606,-0.0002205406980494947,1.0000003990022366,2.6600149106602617,1,0.9732349233991144,0.19031247057267708,0.9835733849154809,0.1902327088601589,0.0024026044099320415,1.000000243808849,1.0278331118276,1,-0.4427103657299778,1.491826106994142,1.5541058889917942,1.864636320513896,0.0015505741487892132,1.000000045945721,0.30630480737935645,1,-2.8044400026526715,-4.5380005732248705,5.342213893654986,-2.1250919380167232,-0.01603144303756039,0.9999998052600899,0.006491440295191319,0
8.06,-0.0037536189567867564,0.004731690604647279,-3.481112438238898e-10,-0.4357431009316691,0.13591830038011943,0.4622223935130746,2.8529706700586415,0.00024063775424190914,1.000002975054339,18.658157822084767,1,0.618242383647535,0.3839990653789062,0.7192400343140873,0.5560556529483166,-0.0006561343796465753,1.0000003995219178,2.6634794520226697,1,0.9414965594727113,0.3140218929983752,0.9841259075535074,0.3201001269735352,0.0026446460258366914,1.000000273167077,1.0303623778160422,1,-0.5395828322778734,1.4688066923631224,1.5632545851358215,1.9282336711790573,0.0015363083082485169,1.0000000452286655,0.30152443694361647,1,-2.757462363533876,-4.563974576119621,5.339839168388807,-2.115041728090978,-0.0160733711902942,1.0000000656824095,0.006499584745892749,0
8.08,-0.0037536189572799855,0.0047316906043112505,-3.4962579706365737e-10,-0.4586730244985171,-0.0255243107301587,0.46694717563797544,-3.0775087781237436,0.000236573898696728,1.0000026740923844,17.66675886745822,1,0.5278779745108699,0.5016720531197123,0.7199204845382655,0.7625410826490658,-0.0010648214447489513,1.0000003998707183,2.6658047882330913,1,0.8943031031205558,0.4326086738241309,0.9849504429557244,0.4497859856323218,0.0028538675847535593,0.999999957524658,1.0323526892373625,1,-0.6341963182415868,1.4397347930402287,1.572190791459189,1.9910991942717369,0.001519813076177472,1.0000000445156465,0.2967709766882342,1,-2.7101979768939555,-4.58947478262673,5.337450039928187,-2.1049825576664105,-0.0161228005225721,1.0000001305013955,0.006507802097725046,0
8.1,-0.0037536189565780106,0.004731690603979245,-3.511618938342731e-10,-0.40969864391904104,-0.18227873449641432,0.45685151079605796,-2.7206452800038803,0.00023228033026961124,1.0000024442548847,16.808450485453218,1,0.4155589629607633,0.598375903050175,0.7207661500870752,0.968587410494496,-0.001449043487762597,1.0000004000343714,2.6668958092115314,1,0.83247116767336,0.544129235897393,0.986032879286363,0.5792209137361932,0.003029703232918432,1.0000002156172019,1.0337709747525352,1,-0.7262048552768174,1.4048311038941252,1.5808817617342181,2.05326349856498,0.001500844713028291,1.0000000438098537,0.2920656918377251,1,-2.6626513707476276,-4.614497905517394,5.335046741106255,-2.094914357755645,-0.01618091611328927,0.9999998037798439,0.006516091883006012,0
8.120000000000001,-0.0037536189547567587,0.004731690603652343,-3.527136031161726e-10,-0.2922649446674942,-0.3078028985804247,0.4326442891109475,-2.3353747747288525,0.00022848826968384502,1.0000023600168662,16.187575292242116,1,0.2860791020696671,0.6701208282394439,0.7217407710848344,1.1741119092210435,-0.001815074188559003,1.00000040000685,2.666712334162426,1,0.7570648755373853,0.6467729379671088,0.9873547087716815,0.7083404074731692,0.003172197660784966,1.0000002975397413,1.0345947819213912,1,-0.8152836030173009,1.364330732139608,1.5892967426300095,2.1147584723496324,0.0014792323867914138,1.0000000431141978,0.28742798464947295,1,-2.6148271127744183,-4.639040695114282,5.332629503940841,-2.0848370599351633,-0.016248307743026928,1.0000000731661627,0.0065244536220431405,0
8.14,-0.0037536189515911264,0.00473169060333108,-3.5427296426332466e-10,-0.11773719806628234,-0.37203580814986836,0.39666662009062903,-1.8911667513468036,0.0002270922425335085,1.000002437183061,15.94399729695987,1,0.14492391393785092,0.7140046804946275,0.7228029124588278,1.3790549259973637,-0.0021673095431721584,1.0000003997904914,2.6652699419672525,1,0.6693728950498037,0.7388941460208759,0.9888934301475146,0.8370860226344586,0.0032818879344095405,0.9999999654232349,1.0348126364332673,1,-0.9011286086164285,1.3184813800603867,1.5974069523928764,2.1756170489102824,0.0014550305181066276,1.0000000424313156,0.2828754374634611,1,-2.566729810140455,-4.663099939790035,5.330198559326304,-2.0747505965954987,-0.016324450111472957,1.0000001243378307,0.006532886824536539,0
8.16,-0.0037536189467452024,0.004731690603011035,-3.55827772628714e-10,0.08566743879230973,-0.34146022010586563,0.3547326132106473,-1.3475613625531375,0.00022993081316545193,1.000002641782647,16.292325574269892,1,-0.001975842315614471,0.728320676392025,0.7239078163998026,1.5833820116926223,-0.002502689485621319,1.0000003993957207,2.6626381375425074,1,0.5708812799064832,0.8190399452029731,0.990623028018747,0.9654063859512008,0.003361128715193368,1.000000185140896,1.0344242106963604,1,-0.9834564590072286,1.2675416950356901,1.6051855495973,2.2358730016508335,0.0014287766370025652,1.0000000417635815,0.27842387706147287,1,-2.5183641093143487,-4.686672466467634,5.327754137712278,-2.064654901307732,-0.016407068756683074,0.9999998026121386,0.006541390992260776,0
8.18,-0.0037536189411480412,0.004731690602673152,-3.573657975444733e-10,0.2579695446222898,-0.19286449014731838,0.31920312671482926,-0.6665509805970123,0.0002378771885835727,1.000002920096963,17.465439816407354,1,-0.14850239413138314,0.7126091821394421,0.7250093446618504,1.787084851914703,-0.0028088216470992873,1.0000003988404018,2.6589360118523016,1,0.4632430311348337,0.8859729679530732,0.9925145086527936,1.0932580084192303,0.003414018158573042,1.0000003175968997,1.0334401940932936,1,-1.0620038519249122,1.2117797819626634,1.6126075935486104,2.2955607678060344,0.0014017073047372717,1.0000000411131182,0.27408745502138426,1,-2.4697346958763298,-4.709755141121809,5.325296472287065,-2.054549909158535,-0.016492646710058987,1.0000000805356375,0.006549965622902138,0
8.200000000000001,-0.0037536189390107804,0.004731690602280713,-3.588968506065826e-10,0.312552095592361,0.04306531098028588,0.3079318180235483,0.12552510890162846,0.00025054778752066825,1.0000031821189037,19.260322298000553,1,-0.28860830339362015,0.6676547028560139,0.7260619145040362,1.9901810400180244,-0.003077177636130398,1.0000003981488708,2.6543258050104663,1,0.3482453505600719,0.9386890272910617,0.9945364736762612,1.220605889029966,0.003439738266092821,0.9999999771897642,1.0318818617424061,1,-1.1365271086775375,1.151471871083301,1.6196499945507878,2.3547152982577466,0.0013746295997763257,1.0000000404818108,0.2698787392131886,1,-2.4208462943197686,-4.732344869281541,5.322825805074138,-2.0444355561307095,-0.016582543389539496,1.0000001179789115,0.006558610212287404,0
8.22,-0.003753618943447937,0.004731690601816808,-3.604713897167877e-10,0.21284285465417557,0.2604928419162976,0.3284617804848394,0.8934890635633865,0.00026230597996572776,1.0000032812658806,20.671784741321392,1,-0.4165618935028121,0.5954318833674365,0.727022345832365,2.1927127856832356,-0.0033232022139848953,1.0000003973507345,2.6490048972799713,1,0.22777554976580605,0.9764294519779358,0.9966557217374594,1.3474239052328931,0.0034264867424111437,1.0000001531314031,1.0297803769573912,1,-1.2068016486988584,1.086901132756236,1.626291455976728,2.413371925191751,0.0013456408104991736,1.0000000398713218,0.2658088126821973,1,-2.3717036678452015,-4.754438596535395,5.320342384716962,-2.0343117768515353,-0.01668753449172549,0.9999998017588284,0.006567324251789252,0
8.24,-0.0037536189504691394,0.004731690601319014,-3.6213365986470514e-10,0.022000356629520552,0.3720277053403223,0.36778026747590925,1.5298638321269329,0.0002670767004737754,1.0000031841842048,21.040773498186592,1,-0.5271716738172837,0.49900621052096966,0.7278515602324915,2.3947447057843605,-0.0035602948585893306,1.000000396479515,2.6431967669200835,1,0.1037865269774388,0.9986882103182443,0.9988378685895493,1.4736950114285199,0.003369266685159492,1.000000332881672,1.027175861066795,1,-1.2726214430758007,1.0183566297427669,1.632512428293737,2.4715662457981704,0.001312857663684666,1.0000000392831068,0.26188737837019904,1,-2.3223116181479964,-4.776033309040269,5.317846449922356,-2.0241785046199396,-0.01681216063792738,1.0000000877791615,0.006576107225341268,0
8.26,-0.003753618956126197,0.004731690600837289,-3.638825863891415e-10,-0.17717578612963364,0.36961074906273805,0.4088222857879178,2.0378613636682053,0.0002666559891177244,1.000003013261271,20.591891470942535,1,-0.6159827685841753,0.3823962182996317,0.7285160705254832,2.596360874236038,-0.0037836132653855103,1.0000003955712125,2.6371414158492756,1,-0.021737363777537867,1.005214071543297,1.0010479541578436,1.5994112633007653,0.0032760901406186657,0.9999999926068783,1.0241162775479764,1,-1.3337984615183516,0.9461323969271406,1.638295071896507,2.529334034485691,0.0012769796490394822,1.0000000387184307,0.25812287133355716,1,-2.2726749851998593,-4.797126034032023,5.315338227124121,-2.0140356744441092,-0.01695072316938807,1.0000001114347172,0.006584958611321422,0
8.280000000000001,-0.003753618959705521,0.004731690600400668,-3.6569562829325e-10,-0.33603237328501456,0.2828065573297328,0.44155858166049555,2.459955806863137,0.00026691333246325975,1.0000028888663317,19.725747054597594,1,-0.6794403161944192,0.2504044492050322,0.7289892120965693,2.7976612769195732,-0.003990396614088653,1.0000003946628557,2.63108570516424,1,-0.14681334104213456,0.9960081779080799,1.0032510222664186,1.7245736652852317,0.003155766999182066,1.000000120482777,1.0206562542552935,1,-1.390162124756489,0.8705266377741804,1.643623207630331,2.5867111759539565,0.0012393449568667135,1.000000038178387,0.2545225798669709,1,-2.222798647022993,-4.817713840337453,5.312817940820591,-2.0038832239437476,-0.01709718751022271,0.9999998012212693,0.00659387788447339,0
8.3,-0.003753618961606635,0.00473169060002208,-3.67549826511826e-10,-0.4330107879305066,0.1445489391565055,0.46154414633608476,2.833559309129205,0.00027022544287309494,1.0000028484611965,18.713525151672883,1,-0.7150164642398644,0.1084243970367182,0.729252097454214,2.9987578154443724,-0.004186746331142473,1.0000003937910875,2.6252739168892893,1,-0.2694915440985664,0.9713174887189585,1.0054126720017154,1.8491918656259343,0.003015455609319961,1.000000343152405,1.0168558488156645,1,-1.4415587725331651,0.7918410263595139,1.6484822628193736,2.643733609101193,0.001200868026851129,1.0000000376639153,0.25109276882381854,1,-2.172687519456232,-4.8377938388882065,5.310285818349223,-1.9937210927140914,-0.017247527677310793,1.0000000948852623,0.006602864514851058,0
8.32,-0.0037536189621424475,0.004731690599707193,-3.6942527596034447e-10,-0.45983555915199426,-0.016422347977174817,0.46707203769084527,-3.0964940066764512,0.0002750947846442713,1.0000028516007737,17.717848758740935,1,-0.7212988712320213,-0.03776964930329074,0.7292942822857462,-3.083415304024463,-0.004382129887614621,1.0000003929908001,2.6199386672142677,1,-0.38788425742662347,0.9316246143828948,1.007499574774012,1.9732837302473254,0.0028619581198550334,1.00000001145551,1.012779251120046,1,-1.4878511561725523,0.7103801040253368,1.6528592205340156,2.70043728279756,0.0011620846811512685,1.000000037175819,0.24783879444201182,1,-2.1223465559135004,-4.85736318323754,5.307742090361621,-1.983549221866033,-0.01739876708168015,1.0000001047156204,0.006611917964908112,0
8.34,-0.0037536189613526947,0.004731690599457807,-3.7130356341646964e-10,-0.4147176705153584,-0.17409525956004307,0.4577722693072057,-2.740444622248974,0.0002802200458377677,1.0000028262157388,16.849805588499684,1,-0.6980395430929088,-0.1822433301086859,0.7291141360254092,-2.882364835296406,-0.004581194841644368,1.0000003922938654,2.615292436295885,1,-0.500192696119115,0.8776345765825697,1.0094799504580703,2.096874817332934,0.0027019422113234064,1.000000088181996,1.008493514790549,1,-1.5289179634486565,0.6264507604508949,1.6567425729768106,2.756858123952514,0.001123352163355877,1.000000036714781,0.2447652070047283,1,-2.071780747135066,-4.876419070080621,5.3051869905214755,-1.9733675538646491,-0.017548248766813778,0.9999998010003173,0.0066210376855681576,0
8.360000000000001,-0.0037536189592059094,0.004731690599271907,-3.731663294342935e-10,-0.3008001043669075,-0.3020425766909616,0.43429104799161455,-2.3574171224173934,0.00028497570048819027,1.0000027268527258,16.213001104746382,1,-0.646163446514681,-0.31912729391489897,0.7287189017073586,-2.6811549176460057,-0.004780099170229256,1.0000003917280729,2.6115204856475525,1,-0.604731156373725,0.8102590198963453,1.0113239977294877,2.219997773221823,0.0025418111635107737,1.000000348355969,1.004067351276613,1,-1.56465338196583,0.540361789549174,1.6601222793996981,2.8130320164327114,0.0010849931579452656,1.0000000362813768,0.24187584486390784,1,-2.0209951209318278,-4.894958739778271,5.302620755313484,-1.9631760325171905,-0.017693216953728882,1.0000001018426847,0.006630223111747315,0
8.38,-0.003753618955655404,0.004731690599142243,-3.749947626724426e-10,-0.12885712586375733,-0.3704447164070806,0.39884702661431054,-1.917355427482644,0.0002891413387758844,1.0000025762693938,15.94424765934611,1,-0.5677367839856805,-0.44284057214179395,0.7281244284684231,-2.4796703929252355,-0.0049662640748270245,1.0000003913162008,2.6087746718805107,1,-0.6999484378080618,0.7305983688658504,1.0130042766911544,2.3426916692859048,0.002388013187725784,1.0000000334842187,0.9995700016723081,1,-1.5949667057954602,0.4524235108893362,1.6629897291039637,2.868994789041239,0.0010474032566722572,1.0000000358760885,0.2391739243568446,1,-1.9699947419231119,-4.912979476884036,5.30004362411357,-1.9529746030629993,-0.01783038221123984,1.0000000978322712,0.006639473658338747,0
8.4,-0.003753618950777769,0.004731690599053567,-3.7677047332734803e-10,0.07416423423269979,-0.3458268068722247,0.3569918609075465,-1.380295937103438,0.0002939484371470885,1.0000024701539612,16.253701295603964,1,-0.46589524952235306,-0.5483061196223892,0.727354594208396,-2.2778064901008768,-0.0051159633981632145,1.0000003910751474,2.607167648562774,1,-0.7844465271573936,0.6399223766608811,1.014496043724592,2.465001297214342,0.0022474188790039223,1.0000000572466903,0.9950702004884331,1,-1.619781988983752,0.36294744746518404,1.66533771000617,2.924782211154511,0.0010111871324664453,1.000000035499319,0.23666212685307497,1,-1.9187847112685663,-4.930478610674183,5.297455839956525,-1.9427632123878678,-0.017955301838825027,0.9999998010963265,0.006648788718565011,0
8.42,-0.003753618945559986,0.004731690598977957,-3.7847987331002253e-10,0.2503124839346784,-0.20358476849389937,0.32066786988739254,-0.7070687314537858,0.0003009881703125597,1.0000025330490832,17.379931859494405,1,-0.34473312292238956,-0.6311521100893107,0.7264404400741459,-2.075472925303494,-0.005196995306674511,1.000000391015243,2.6067682875281513,1,-0.8569965952849564,0.5396494534053654,1.0157775391184927,2.5869764378874134,0.002127480507739675,1.000000348590616,0.9906352402168184,1,-1.639037748788356,0.272246050827238,1.6671603828648436,2.9804299955269338,0.0009772185351753393,1.0000000351514022,0.23434268145889545,1,-1.8673701663939553,-4.9474535156787995,5.2948576525279245,-1.9325418092758062,-0.01806266953092729,1.0000001086404093,0.006658167666460344,0
8.440000000000001,-0.0037536189432637508,0.004731690598873833,-3.8012911481727363e-10,0.3131362324194582,0.0298638332784848,0.3076945645921498,0.08174348668563305,0.0003115691969230802,1.0000028025173617,19.162003789426837,1,-0.2091548458667836,-0.687892188342347,0.7254190306472108,-1.8725975972968303,-0.005189038308285338,1.000000391139781,2.607598539839337,1,-0.9165524017941911,0.43132509961679966,1.0168302259920832,2.7086711156604952,0.002032240250867756,1.0000000583776474,0.9863301398503547,1,-1.652686720941774,0.18063246491231671,1.6684532578886966,3.035973808356133,0.0009457745274939292,1.0000000348326161,0.23221744156820182,1,-1.8157562807098835,-4.9639016122126,5.292249324624117,-1.9223103438531153,-0.018152176433550903,1.0000000907955802,0.0066676098620706845,0
8.46,-0.003753618946911347,0.004731690598712446,-3.8176005672657665e-10,0.22084160477921644,0.25123275425942865,0.3266924312914762,0.8548355103320492,0.0003221188435255079,1.0000031304415615,20.620838277092226,1,-0.06469186685125156,-0.7160775163917937,0.724332058699303,-1.669129729556089,-0.005108047888771635,1.0000003914447606,2.609631737783427,1,-0.9622612249742679,0.3165997075646176,1.0176389788253033,2.8301428393081207,0.0019539129052900486,1.0000000286640724,0.9822169165112942,1,-1.660695668742768,0.08842032024580404,1.669213167132817,3.091449281380634,0.0009150735202543336,1.0000000345431932,0.2302879542153017,1,-1.7639482633224894,-4.979820366905712,5.289631132230257,-1.9120687651778343,-0.018234551430583324,0.9999998015091489,0.006677114654571631,0
8.48,-0.003753618953756655,0.004731690598511509,-3.8341789465601295e-10,0.032580553730806504,0.3693053226305768,0.365475956925776,1.4990172754518558,0.0003257907214461475,1.0000033467051619,21.04554688440222,1,0.08271093115336446,-0.7144132856845057,0.7232242251535985,-1.4650423209948003,-0.004979988037173759,1.0000003919188742,2.612792495321919,1,-0.9934724415438483,0.1972059347014568,1.0181922366338658,2.9514518292638874,0.0018826648215649014,1.0000003440700853,0.9783539537393723,1,-1.66304524731166,-0.004076449516184579,1.6694382462038606,-3.1362932895799043,0.0008833942850441135,1.0000000342833282,0.2285555217810911,1,-1.7119513587360833,-4.995207293234871,5.2870033481848004,-1.9018170204882188,-0.018316479076424738,1.0000001152676703,0.006686681384470615,0
8.5,-0.0037536189598490525,0.004731690598307967,-3.8511131263130327e-10,-0.16771856120982878,0.372418817820872,0.40674793166578194,2.012938757035889,0.0003227967987025133,1.000003391614401,20.62997817051028,1,0.22693304234716896,-0.6828326054985003,0.7221414555021864,-1.2603337628276596,-0.004821363521365805,1.0000003925437602,2.616958400931506,1,-1.0097438736591995,0.07493580181185647,1.0184821280159952,3.072660253201859,0.001817016059742812,1.0000000857338665,0.9747954530935404,1,-1.6597299239735714,-0.0965437764924884,1.6691279393201086,-3.0808477054574377,0.0008508008382398111,1.0000000340531885,0.22702125595284867,1,-1.6597708465476135,-5.01005995205398,5.284366236307768,-1.8915550579873093,-0.018394202489992892,1.0000000836167002,0.006696309389762367,0
8.52,-0.0037536189638528563,0.0047316905981240305,-3.8682543800072633e-10,-0.32948650141282143,0.289301979972912,0.44008393476231106,2.438638185045088,0.0003173894890879635,1.000003263385729,19.778269517328592,1,0.3619321422255106,-0.6225215112256247,0.7211290146232461,-1.055028460819016,-0.004651937289381066,1.0000003932945483,2.621963654547211,1,-1.010846002184644,-0.04838237377045021,1.018504550823578,-3.0893538348034366,0.0017571100630156629,1.0000000033394956,0.9715909577774883,1,-1.6507579553796663,-0.1886676204700012,1.6682830059117408,-3.0253636874922862,0.000817715130318281,1.000000033852919,0.22568612602371624,1,-1.6074120411313728,-5.024375952123586,5.2817200604333845,-1.8812828279969316,-0.018463561931887768,0.9999998022381349,0.006705998010741084,0
8.540000000000001,-0.0037536189658939493,0.0047316905979655115,-3.885422400484728e-10,-0.43010879135080393,0.15304927987096667,0.4608208774099574,2.814089043589037,0.00031249777280391343,1.0000030040970902,18.769108104981367,1,0.4820035865913727,-0.5358904070062811,0.7202295829365919,-0.8491763471671229,-0.004492353977109369,1.000000394140711,2.627604739400531,1,-0.9967641178822227,-0.17090713110913505,1.0182592087191187,-2.96815602132538,0.0017011725274417222,1.0000003350945874,0.9687849387100778,1,-1.6361514214485577,-0.2801341311606154,1.6669055242704207,-2.9698056305647396,0.0007842793136669674,1.000000033682651,0.2245510058775719,1,-1.5548802913129722,-5.038152950640451,5.279065089300874,-1.871000282344133,-0.01852297675988897,1.0000001217139711,0.006715746589014823,0
8.56,-0.0037536189664005093,0.0047316905978292195,-3.9024763368727955e-10,-0.4608236811318739,-0.007377085835005329,0.46715110795609627,-3.115469356895435,0.0003087806523373911,1.0000027015843922,17.769440297187273,1,0.5820335699701645,-0.42648961575125766,0.7194813791204677,-0.642851218139395,-0.004355434069466517,1.000000395047217,2.6336481129914344,1,-0.9676984493655169,-0.2908070458021403,1.0177496119444889,-2.846868134734351,0.0016466799596729007,1.0000001150537718,0.9664164286931318,1,-1.615946315607952,-0.3706298182589272,1.6649988996236116,-2.914137896443654,0.0007504488155639435,1.0000000335425083,0.22361672269646501,1,-1.5021809800331125,-5.051388653769112,5.2764015967245665,-1.8607073737995266,-0.018572490087879288,1.0000000763070103,0.006725554462400243,0
8.58,-0.0037536189656763945,0.004731690597708302,-3.91932285237484e-10,-0.41956934363257664,-0.16589358217780606,0.45864810447490123,-2.760162731279969,0.0003060036183469998,1.0000024615218788,16.89193384527383,1,0.6577328105847803,-0.2988697821050417,0.7189164255692756,-0.43614789127232967,-0.004242409761785715,1.000000395975962,2.639839746561998,1,-0.9240622710288109,-0.4062838856624249,1.0169830431317666,-2.7254277755144702,0.0015915729043704586,0.9999999820566285,0.9645186879672996,1,-1.590192690348946,-0.45984173702886033,1.6625678776547839,-2.858324803088624,0.0007161145328378971,1.0000000334326158,0.22288410562375985,1,-1.449319524002181,-5.06408081717663,5.273729860601843,-1.850404055826877,-0.01861288747734068,0.9999998032821333,0.006735420958141234,0
8.6,-0.0037536189638400085,0.004731690597595306,-3.935898169882268e-10,-0.30919428278122074,-0.296178158662801,0.4358973699607931,-2.3792859738965015,0.0003045120282869055,1.000002362458131,16.239594179216407,1,0.7058374764991295,-0.15839144242899458,0.7185590542662394,-0.2291782546545088,-0.004144633799165259,1.0000003968874245,2.6459161634539994,1,-0.8664779581887673,-0.5155956845159814,1.0159704870447621,-2.6037743844714645,0.0015353326257611939,1.0000003220285145,0.9631189031415915,1,-1.5589548568585971,-0.5474576975294415,1.6596185625693436,-2.802330617236225,0.0006811693262499353,1.0000000333531043,0.22235402808322433,1,-1.3963013733463068,-5.076227246570369,5.2710501618526315,-1.8400902825189933,-0.018645120316869337,1.0000001279691024,0.006745345386093814,0
8.620000000000001,-0.0037536189606952766,0.0047316905974826295,-3.952138668411598e-10,-0.13990653569775705,-0.3686485370752423,0.4010009382342274,-1.943241262641021,0.0003051444732311385,1.0000024251841804,15.946323439058094,1,0.7242650735326108,-0.010991788315058697,0.7184247444694799,-0.022066368895303376,-0.0040481539764190815,1.0000003977424672,2.6516164482293045,1,-0.7957709223645535,-0.6170796582410119,1.014726521433881,-2.4818500067236755,0.0014803555020591202,1.000000145740696,0.9622379397390948,1,-1.522311637378691,-0.6331665058978603,1.6561584395199487,-2.746119550840575,0.0006455792585156137,1.0000000333041155,0.22202743711720838,1,-1.3431320112455243,-5.087825798238643,5.2683627835105575,-1.8297660086735401,-0.018669708232493764,1.0000000688780954,0.0067553270330568405,0
8.64,-0.003753618955882461,0.004731690597359008,-3.9679561806421626e-10,0.0625676678570734,-0.34990120351886095,0.35925880056961507,-1.412580434009398,0.00030881940931078237,1.00000261845312,16.217788835387243,1,0.7122152413125873,0.13707993568250235,0.718519367935086,0.18505713376526906,-0.003938305150485304,1.0000003985041825,2.656694549806754,1,-0.7129613307421921,-0.7091748583500956,1.0132691659203137,-2.359600056098109,0.001432286164727717,0.9999999654472335,0.9618901070271774,1,-1.4803566687718346,-0.7166582462712715,1.6521964021608204,-2.689655762216854,0.0006095102871518239,1.000000033285805,0.22190536728503824,1,-1.289816953564583,-5.098874379593758,5.265668010383353,-1.8194311900409745,-0.018685908509895113,0.9999998046394944,0.006765365159546155,0
8.66,-0.003753618950097604,0.004731690597200651,-3.9832652454219186e-10,0.2422870125862192,-0.21406992497937388,0.3221986902132306,-0.7471497638460257,0.0003162688639315326,1.0000028899498563,17.296998312233637,1,0.6702087201929653,0.2795443017502024,0.7188388927779857,0.3920610413089237,-0.003804004048986707,1.000000399139667,2.6609311138108276,1,-0.6192534955680588,-0.790444418524742,1.0116196893561185,-2.2369740747473053,0.00139939405808566,1.0000003052819264,0.9620829024829092,1,-1.4331987553116867,-0.7976246119708753,1.6477427866576317,-2.6329033625642118,0.0005732977130270163,1.0000000332983414,0.2219889426143605,1,-1.236361748476357,-5.109370949715855,5.262966130808551,-1.8090857837095955,-0.018691571004317373,1.000000134023158,0.0067754590003145975,0
8.68,-0.0037536189472093117,0.004731690596966239,-3.998179547853864e-10,0.31319747743981563,0.016568093844643503,0.30755781464155313,0.03798042312766301,0.00032781637257166865,1.0000031577542452,19.063042088770683,1,0.6000618406489898,0.41037522145148425,0.7193695673331432,0.598819591677847,-0.0036488836373100636,1.0000003996216114,2.6641440760650417,1,-0.5160228107893456,-0.8595971981498569,1.009802376001425,-2.113926480226538,0.0013868314980662515,1.0000001771066007,0.9628167766396709,1,-1.3809622678292375,-0.8757592947012918,1.6428094111443783,-2.5758264271935585,0.0005363286826411109,1.0000000333419057,0.22227937192039518,1,-1.1827719760771849,-5.119313519896142,5.260257442489048,-1.798729747877462,-0.018688395516798677,1.0000000613417313,0.006785607767419027,0
8.700000000000001,-0.003753618950924997,0.0047316905966296756,-4.013234649116737e-10,0.22851147000138364,0.2415840739269228,0.32498606790419354,0.8158295721733156,0.00033846562737177604,1.000003277821645,20.5668639106959,1,0.5047982877322096,0.5240693624989949,0.7200885777639731,0.8052181871110016,-0.0035012068910881744,1.0000003999295934,2.6661972902243316,1,-0.40480011685203154,-0.9155085689027104,1.0078442421040061,-1.9904172894732113,0.001388513146531388,0.9999999539678023,0.9640849367144516,1,-1.3237875852645369,-0.9507584408678784,1.637409610981564,-2.5183890132412468,0.0004959107178553752,1.000000033416691,0.22277794012905436,1,-1.1290532479931625,-5.128700154179876,5.257542254270289,-1.788363039655818,-0.018689176461205385,0.9999998063080716,0.006795810650485073,0
8.72,-0.0037536189578392235,0.004731690596220945,-4.028981046358404e-10,0.043091337153418965,0.3661658905038617,0.3631828644824461,1.4678212203563497,0.00033794682393349857,1.0000031974698758,21.047966262071455,1,0.38850408990215024,0.6158869536900454,0.7209651424118095,1.0111584848801938,-0.003388397305485315,1.0000004000509664,2.667006441713073,1,-0.28725339534688404,-0.9572400285933051,1.0057746958074847,-1.8664128217422489,0.001401022807427068,1.0000002852930612,0.9658731931363194,1,-1.2618315735421368,-1.0223211845478384,1.6315582701888474,-2.460555196134418,0.0004504972732611748,1.0000000335228993,0.223485995744186,1,-1.0752112069777084,-5.137528969909932,5.254820870500009,-1.7779856138657542,-0.018703779256017485,1.000000139866549,0.006806066814504124,0
8.74,-0.0037536189636510975,0.004731690595789949,-4.0455218081741906e-10,-0.15818131511387298,0.37489593403423266,0.40465477509132186,1.9877837622480166,0.00032949270669727337,1.000003029522696,20.666856460628004,1,0.2561352902608132,0.6820519178523232,0.7219619595261578,1.216562577634107,-0.003327029484545902,1.000000399981365,2.66654243291952,1,-0.16516673495121809,-0.984057263741437,1.003625158727153,-1.741886371961148,0.0014314005880334659,1.0000002083818207,0.9681598596562289,1,-1.19526809548469,-1.0901502670766794,1.6252718719437222,-2.4022891235538104,0.0004010637310597444,1.00000003366074,0.2244049328333687,1,-1.0212515265015423,-5.145798138270054,5.25209358189776,-1.7675974257524105,-0.018730265182893387,1.000000053709862,0.006816375403451549,0
8.76,-0.003753618967396506,0.004731690595368325,-4.062711347896375e-10,-0.3227920022581595,0.2955617811803388,0.4385762681572413,2.4171888057231277,0.0003197496987716203,1.0000028994621455,19.830336077193817,1,0.11329020365622623,0.7199025655157991,0.7230369036341738,1.4213760682425913,-0.0033236164742605863,1.0000003997247997,2.664831998756628,1,-0.04041656979820567,-0.9954462237345052,1.0014286508714647,-1.6168188192680832,0.0014854262308191834,0.9999999478811764,0.970915719898954,1,-1.1242885442130217,-1.153952753594234,1.6185685578126288,-2.34355507514825,0.000348921024037382,1.000000033830425,0.22553616533901524,1,-0.9671799103342726,-5.153505884825584,5.249360673312896,-1.7571984326719858,-0.01876469858678166,0.9999998082852252,0.006826735547758728,0
8.780000000000001,-0.003753618969441843,0.004731690594971867,-4.0803831494184983e-10,-0.4270287612191962,0.16139750995911833,0.4600578582234084,2.794562633604908,0.00031102445351087986,1.0000028528976486,18.824691338004833,1,-0.034040570301587844,0.7279877923943122,0.7241448964596894,1.6255699690949954,-0.00337830580454689,1.0000003992932684,2.6619551231576075,1,0.08505472855646108,-0.9911267199966833,0.9992193277616405,-1.4911991535593991,0.00156327360415818,1.0000002625105908,0.9741040801805098,1,-1.0491023910008181,-1.2134408571132256,1.6114681804727018,-2.28431753492934,0.0002950935811925659,1.000000034032164,0.22688109253682845,1,-0.9130020921161177,-5.160650490060744,5.246622429374576,-1.7467885938158956,-0.018804867357248286,1.0000001454900216,0.006837146370152571,0
8.8,-0.0037536189701138376,0.004731690594609627,-4.098394132748262e-10,-0.46162364972255915,0.0015918386613855027,0.46718740573252643,-3.1344361968372105,0.0003033060152406541,1.0000028548637712,17.821355457224602,1,-0.17973313773323732,0.7061073378380354,0.7252398562020028,1.8291414030103896,-0.0034857024181549345,1.0000003987060253,2.658040169410296,1,0.20926772508718205,-0.9710630294450899,0.9970319741170494,-1.3650249067068316,0.0016607356432063374,1.000000238727557,0.9776809322566954,1,-0.969937736757262,-1.268332880716795,1.6039923533099274,-2.2245412827165945,0.00024054618463822166,1.0000000342661581,0.22844105482229962,1,-0.8587238349192013,-5.167230289913166,5.2438791354242325,-1.736367869812428,-0.018849520232606522,1.0000000459945835,0.006847606989445976,0
8.82,-0.0037536189694753375,0.004731690594287641,-4.1166103772333207e-10,-0.4242367258116682,-0.15769125738823597,0.45948096309663466,-2.779803855789273,0.0002956643708697859,1.0000028337970455,16.934693365681262,1,-0.31778600615773855,0.6552978513762786,0.7262766247054088,2.0321131622866666,-0.0036343461242033257,1.000000397988562,2.6532570805584657,1,0.33023696477818726,-0.9354709688542773,0.9949014618716238,-1.23830246747134,0.0017708868141982927,0.9999999472444931,0.9815952490477547,1,-0.8870418542613454,-1.31835428836506,1.5961644989548929,-2.1641915060509724,0.0001863585937638291,1.000000034532592,0.23021727882081308,1,-0.8043509307982263,-5.173243676306332,5.241131077147192,-1.725936222599085,-0.0188975432468694,0.9999998105678263,0.006858116522723645,0
8.84,-0.0037536189675048902,0.004731690594009003,-4.1348894187082097e-10,-0.3174282431726638,-0.29022554940911816,0.43746463984299194,-2.400989732014214,0.0002875766036288325,1.0000027399431843,16.267223593951574,1,-0.44256182220867973,0.5777690241539089,0.7272127912719312,2.2345322392451865,-0.003808044033002916,1.0000003971713682,2.647809121506561,1,0.44600376117617996,-0.8848209214924534,0.9928621798112293,-1.1110472576334331,0.0018859034728428896,1.0000002373783672,0.9857894347318397,1,-0.8006817059899053,-1.3632389144260426,1.5880098956892497,-2.1032339339223936,0.00013381245121774004,1.0000000348316216,0.23221081067886226,1,-0.7498892003302553,-5.178689097679867,5.2383785401423495,-1.7154936154619984,-0.018947474611575775,1.0000001508846699,0.006868674085870661,0
8.860000000000001,-0.003753618964142398,0.004731690593772332,-4.15307268609999e-10,-0.15086287670640738,-0.36666175749890273,0.4031287011680389,-1.968838367236779,0.000280093432935339,1.0000025893256381,15.95007882618984,1,-0.5490064986991056,0.4767957619870331,0.7280103480624375,2.436467473622113,-0.003988449534997325,1.0000003962885546,2.641923697951195,1,0.554670172026797,-0.8198363448719833,0.9909474435455138,-0.9832837481405103,0.0019988953281828204,1.0000002672542854,0.9901999476097458,1,-0.7111444198769672,-1.4027303213438245,1.5795557199969434,-2.0416349942027145,8.44844517146953e-05,1.0000000351633656,0.2344224366563006,1,-0.6953444921435996,-5.183565059518195,5.235621809663707,-1.70504001319015,-0.01899703516959369,1.0000000382081242,0.006879278792526812,0
8.88,-0.003753618959431262,0.004731690593569025,-4.1709933597255944e-10,0.050906695314083816,-0.35369384728929193,0.3615317015251251,-1.4444313054691442,0.0002758848393122182,1.0000024720818574,16.18443552163183,1,-0.6328391574336621,0.35657334131451135,0.728637127443866,2.63800647607181,-0.0041575548582124455,1.0000003953764112,2.6358427417071737,1,0.654433473719014,-0.7414873718829024,0.989188896686709,-0.8550452968516467,0.002105643830563359,0.9999999519080986,0.9947581083288497,1,-0.6187377026050497,-1.436583313663586,1.5708310835558617,-1.979361996933122,4.0406759215427836e-05,1.0000000355278886,0.2368525914524664,1,-0.6407226824360653,-5.187870124878099,5.232861170860001,-1.6945753823788448,-0.019042412180009023,0.9999998131522624,0.006889929752353172,0
8.9,-0.0037536189541966395,0.004731690593378558,-4.1885120458801106e-10,0.23392647943983927,-0.22431648012502908,0.3237922593956033,-0.7867949967207344,0.0002779864191378868,1.0000025138369926,17.216608487420533,1,-0.690708222127349,0.22204282843366072,0.7290679856507156,2.839251986864321,-0.004300059915601355,1.000000394471961,2.629813073658365,1,0.7436203294280777,-0.6509792379283174,0.9876159168670108,-0.7263737940991117,0.0022060188008358136,1.0000002103281016,0.9993910911160225,1,-0.5237901669793744,-1.464565614885122,1.5618670634844931,-1.9163833453027959,4.045484163371524e-06,1.0000000359251882,0.23950125442297057,1,-0.5860296744827792,-5.19160291491451,5.230096910918124,-1.6840996918934796,-0.019078013502632215,1.0000001560419496,0.006900626070457828,0
8.92,-0.003753618951414064,0.00473169059316587,-4.20565121790617e-10,0.31275454731113467,0.0031950261071609833,0.3075212957038304,-0.0057453834369660855,0.000286991160735515,1.0000027679293348,18.963557116419125,1,-0.7203105824322217,0.07869394224585996,0.7292857070302944,3.040317819351633,-0.004412319312791295,1.00000039361156,2.6240770664582085,1,0.8207197535466937,-0.5497354228445029,0.9862550455195878,-0.5973191084289955,0.002300701627011644,1.0000002930513154,1.0040230852236063,1,-0.42665154674628875,-1.4864597115117977,1.552696725007655,-1.8526687738801706,-2.3141534216045858e-05,1.0000000363551744,0.2423678299912467,1,-0.5312713981333577,-5.194762109403808,5.227329325614999,-1.6736129128583639,-0.01910130422985567,1.0000000303628245,0.006911366848313793,0
8.940000000000001,-0.0037536189544902995,0.00473169059290383,-4.2227782642151324e-10,0.23585754588838395,0.23155404531272356,0.3233455965059605,0.7764712806070215,0.0002972160678784846,1.0000031016632787,20.50980423582006,1,-0.7204719566503844,-0.06764779634085336,0.7292816087611788,-3.0418607902609134,-0.004516705882042968,1.000000392829577,2.618863847092013,1,0.8844139155620708,-0.43937558128578164,0.9851294601598732,-0.4679383273138565,0.0023830533161873224,0.9999999615315894,1.0085766775764715,1,-0.32769276928850594,-1.5020648659355311,1.5433551278709738,-1.7881896113859814,-4.2922946374724165e-05,1.0000000368176516,0.24545101059977947,1,-0.4764538092974068,-5.1973464472650654,5.224558723989391,-1.6631150165895203,-0.01912129033711902,0.9999998160344423,0.006922151180969072,0
8.96,-0.0037536189612710083,0.00473169059261019,-4.24034216593705e-10,0.05354091676112136,0.36260785818680985,0.3609028467109031,1.4362612638984786,0.0003015498934508188,1.0000033346832589,21.047874293341827,1,-0.6911874291851484,-0.21104317334105277,0.7290558424576143,-2.8407904765378182,-0.004640136000862212,1.0000003921571814,2.6143812096489167,1,0.9336058137144555,-0.3216885371499789,0.9842584904164309,-0.33829479232843057,0.0024465540372652105,1.0000001817863702,1.01297437053478,1,-0.22730585372383,-1.5111992958608607,1.5338793022882433,-1.7229190766504658,-5.684383256574727e-05,1.0000000373122937,0.2487486253704063,1,-0.4215828894182464,-5.199354727081075,5.221785415166487,-1.652605972773642,-0.019146306759105083,1.000000160953694,0.006932978148287793,0
8.98,-0.003753618967585424,0.004731690592326166,-4.2584327644007436e-10,-0.1485521717973035,0.3770398771427288,0.4025429525588112,1.9623828474130804,0.00029886289846890377,1.0000033970557947,20.70238962815297,1,-0.6336217144240518,-0.34566448669140876,0.728617398312976,-2.6395361648064974,-0.004788904264656945,1.000000391621252,2.6108083477784905,1,0.9674428916383194,-0.19860083439846934,0.9836571921556095,-0.20845696181415216,0.0024958694262615633,1.0000003152325787,1.0171401476262334,1,-0.1259035989642268,-1.5137025130351305,1.5243082102485075,-1.6568326170095247,-6.348953901737125e-05,1.0000000378386213,0.2522574761159658,1,-0.36666464493656103,-5.200785807620025,5.2190096971337905,-1.642085751734022,-0.019172999131007045,1.0000000224711194,0.0069438468093043085,0
9.0,-0.003753618971839999,0.004731690592079256,-4.276869518260451e-10,-0.31593662651276455,0.301584666757056,0.4370348044793283,2.3955988480662094,0.0002923522473783637,1.000003283606208,19.881843521945406,1,-0.5500691283803507,-0.4660177896315429,0.7279837980907218,-2.437984354275775,-0.004956915352596713,1.0000003912434245,2.608289497168254,1,0.9853357606506091,-0.07214154379997872,0.9833360143925207,-0.07849713157269343,0.0025395329287570515,0.9999999756214443,1.0210011226570208,1,-0.023919023812344918,-1.5094378083957583,1.514682697976333,-1.5899082746980364,-6.115038966262099e-05,1.000000038395974,0.2559731602200581,1,-0.31170510674437646,-5.20163860835611,5.216231863393082,-1.6315543263293586,-0.019195648134343563,0.9999998192098037,0.006954756200788733,0
9.02,-0.003753618974089488,0.004731690591878877,-4.295418708222254e-10,-0.4237595903085138,0.16959239552222247,0.459254148891781,2.774975507899507,0.00028507135713778194,1.0000030328229903,18.880192071797367,1,-0.44387367974253555,-0.567155999601264,0.727180475151848,-2.2360327722206734,-0.005129156669404064,1.0000003910392892,2.6069285938562197,1,0.9869713354539508,0.055595793391726246,0.983300568887781,0.05150996562253553,0.002585040135342235,1.00000015219912,1.0244891910058935,1,0.07819548047864416,-1.4982948641343774,1.5050454196913738,-1.5221270764424337,-4.901342427637042e-05,1.0000000389834822,0.259889881330212,1,-0.2567103296286646,-5.201912109988027,5.213452209468117,-1.6210116717486347,-0.0192106809310794,1.0000001656121245,0.006965705334876547,0
9.040000000000001,-0.0037536189747466434,0.004731690591723415,-4.313879288508904e-10,-0.46222568938915143,0.01048221918331146,0.46718037251501193,3.1297890743705246,0.00027822638824891106,1.0000027296188014,17.87351797900149,1,-0.3193102712490842,-0.644876396727226,0.7262398545384827,-2.0335944343942116,-0.005280860078523337,1.0000003910177608,2.6067850721290067,1,0.9723198836764388,0.18249305651213807,0.9835515043228137,0.1814886404208855,0.002638210974796265,1.00000033299874,1.027542609241118,1,0.17996932546409,-1.4801924654204184,1.4954407267813947,-1.4534734487253251,-2.7013406788524957e-05,1.0000000396000375,0.26400025045012077,1,-0.20168639170469507,-5.201605354955891,5.210671034548281,-1.6104577649936407,-0.019216153865079348,1.0000000145455161,0.006976693196012762,0
9.06,-0.003753618974133157,0.0047316905916059545,-4.3320970595506214e-10,-0.4287110551740317,-0.14949229677897624,0.4602711764431636,-2.7993686383273984,0.00027131669594435457,1.0000024799860296,16.978004359771763,1,-0.1814288583197363,-0.6958956384071566,0.7252001504922619,-1.8306012767207498,-0.0053814346758920256,1.000000391180643,2.6078709536018554,1,0.941635715780279,0.3064481459947797,0.9840844899736966,0.31136375876034045,0.002702939277639782,0.9999999935878146,1.0301074414974773,1,0.280915268343501,-1.4550812757882,1.4859145218706729,-1.3839356554250055,4.364724760796704e-06,1.0000000402442621,0.2682950803930927,1,-0.146639393839724,-5.2007174479566025,5.207888641404966,-1.5998925845927163,-0.01921094728759166,0.9999998226733192,0.006987718739353518,0
9.08,-0.0037536189724070848,0.004731690591517523,-4.349951458065826e-10,-0.3254937300342254,-0.28419133802086216,0.4389946558403606,-2.4225310478207063,0.00026322658140186977,1.0000023663407536,16.295792727299407,1,-0.03586462959614905,-0.7179950722647312,0.7241039084606186,-1.6270072042545314,-0.005403210694996072,1.0000003915224116,2.6101494101525935,1,0.8954514870501219,0.4254151298709856,0.9848903105143612,0.4410622370505088,0.002781756014398446,1.0000001220684163,1.0321388145673678,1,0.38053135997269233,-1.4229466307116405,1.4765140755211847,-1.313506251322899,4.418623390030767e-05,1.0000000409144765,0.2727631765956468,1,-0.09157545906746332,-5.19924755645626,5.205105335975999,-1.5893161104828413,-0.019194267620699704,1.0000001700098642,0.006998780892018759,0
9.1,-0.0037536189693946316,0.004731690591447788,-4.3673292239587713e-10,-0.1617172513179032,-0.36449427724657957,0.40523383605822416,-1.9941569746603236,0.0002539267328681686,1.000002414539283,15.955370534880448,1,0.1113811252244787,-0.7101290266516487,0.7229963321666496,-1.422790397442415,-0.005330863472196993,1.0000003920302503,2.6135350010219067,1,0.8345663308314406,0.537442796623099,0.9859550686898327,0.5705144741818357,0.0028762056023674673,1.0000003457062134,1.033601931345755,1,0.4783033314294446,-1.3838112939421958,1.4672878028989231,-1.2421825433516889,9.118209324874994e-05,1.0000000416086692,0.2773911282805795,1,-0.036500731993446715,-5.197194911198395,5.202321426908583,-1.5787283240126047,-0.01916515826993478,1.000000006598576,0.0070098785574379905,0
9.120000000000001,-0.0037536189647194487,0.004731690591382225,-4.384101527990514e-10,0.03919362600872418,-0.3572172182170336,0.3638149868222341,-1.4758727783319572,0.0002468113860087772,1.0000025963238404,16.15341352779187,1,0.25418287225347325,-0.6724891000282768,0.7219234508642579,-1.2179547198823262,-0.00516749434871699,1.0000003926843637,2.6178957583652567,1,0.7600282744155921,0.6407105584892078,0.9872604880971428,0.6996556776386885,0.0029871921214489616,1.0000000148082484,1.0344728041579576,1,0.5737074457357946,-1.337738111058706,1.45828499829749,-1.1699670500826729,0.00014404892598120984,1.0000000423244664,0.28216310915938847,1,0.01857862180903475,-5.194558806706924,5.199537225339045,-1.5681292081073979,-0.01912172726366212,0.9999998264195048,0.007021010622023583,0
9.14,-0.0037536189588812593,0.004731690591293948,-4.4001427675077753e-10,0.22524735693723405,-0.23433329729568034,0.32545221930553303,-0.826039646397437,0.0002495744203470158,1.00000286048728,17.13848876807379,1,0.3865467367301386,-0.6065184461046358,0.7209301986440195,-1.0125300905633183,-0.004935234834531223,1.0000003934585737,2.6230571585235642,1,0.6731115898483966,0.7335607854766196,0.9887843039299674,0.8284270466014655,0.0031156564000387374,1.0000000919872556,1.0347386844304993,1,0.6662138316272854,-1.2848324845730856,1.4495555264344617,-1.0968679486963289,0.00020194592611767255,1.0000000430591063,0.2870607082283993,1,0.07365641641306768,-5.191338601782221,5.196753046205178,-1.5575187476530679,-0.019060617189819603,1.0000001741399485,0.007032175963387176,0
9.16,-0.003753618955373982,0.004731690591137128,-4.4155085490715784e-10,0.31181677766557137,-0.010259351494909615,0.307587617983422,-0.049474601399729305,0.00026180083974490764,1.000003132199704,18.863282577857525,1,0.5028697533864196,-0.5148717887369666,0.7200584924196771,-0.8065717299008236,-0.0046619556501016676,1.0000003943212397,2.6288082648008126,1,0.5752898892492616,0.8145268271908407,0.9905007267353909,0.9567767804253704,0.003258155179059061,1.000000352926298,1.0343981818990975,1,0.7552903037229624,-1.2252445851078273,1.4411494715311652,-1.0228994957865225,0.00026405537943180446,1.0000000438094228,0.29206281851332316,1,0.1287264461633375,-5.187533719989411,5.193969214012198,-1.5468969295929844,-0.018981095285661057,0.9999999986428932,0.007043373458929949,0
9.18,-0.003753618958374402,0.004731690590875004,-4.4306869458055065e-10,0.24288443731777196,0.22112949445718907,0.32177091154711435,0.7367045901960145,0.0002750957470402599,1.0000032721245475,20.44928890426758,1,0.5981901221149658,-0.40131940833672697,0.7193453817316603,-0.6001582289172205,-0.004387068327692125,1.0000003952365335,2.6349102240186695,1,0.46820587992901336,0.8823561827603655,0.9923809688617905,1.0846608890709382,0.0033989397336053164,1.0000000386805978,1.0334610799068207,1,0.8404066590812819,-1.1591712048582046,1.4331167433912584,-0.9480824000771704,0.00032722392876301156,1.0000000445718382,0.2971455876455169,1,0.1837824863142252,-5.183143650139213,5.191186068775628,-1.5362637410150966,-0.01889420982957373,0.9999998304424285,0.007054601988903237,0
9.200000000000001,-0.0037536189651710817,0.0047316905905256754,-4.4462667575517756e-10,0.06394090907549699,0.3586142481091411,0.358632203068946,1.4042864447627366,0.00028211516442411066,1.00000320954253,21.044972698113856,1,0.6684152198527044,-0.27059655035532004,0.7188213576350252,-0.3933884253660401,-0.004149320979145793,1.0000003961658996,2.6411059978708953,1,0.3536387456657139,0.9360284933144459,0.9943938240907807,1.2120438066563788,0.0035235103520903028,1.0000000626552914,1.031947848505749,1,0.9210394240593487,-1.0868571559812426,1.4255066272744628,-0.8724441265972462,0.00038760910419499467,1.0000000453423605,0.30228240311472393,1,0.23881829368183352,-5.17816794676391,5.1884039544833,-1.5256191667887051,-0.0188125763117421,1.0000001779958374,0.007065860429103632,0
9.22,-0.003753618971163327,0.0047316905901334475,-4.462419418357899e-10,-0.13881532799533297,0.378837283133074,0.40040775180276295,1.9367014136453922,0.00028103647770679114,1.0000030457755082,20.73642172917929,1,0.7105141868864906,-0.12820335620126921,0.7185089276905954,-0.1863772154017284,-0.0039531682084871424,1.0000003970697364,2.647131576776831,1,0.233470119972309,0.9747682407332583,0.9965062679146064,1.3388988125736534,0.003629250164284971,1.000000354477667,1.0298888978800882,1,0.9966770051069294,-1.0085961175274503,1.4183672849962403,-0.7960191292160247,0.00044411535145465013,1.0000000461165879,0.3074439196977349,1,0.29382760730827445,-5.172606230591164,5.18562320485833,-1.5149631913173283,-0.01873730385813425,0.999999990691077,0.007077147643133809,0
9.24,-0.0037536189751016806,0.004731690589726663,-4.4790478097300745e-10,-0.3089043780073484,0.3073610521389876,0.4354558341896594,2.3738459226509687,0.00027598882269194177,1.0000029105498878,19.932728184213364,1,0.7226631633030816,0.019835908795367094,0.7184215485197841,0.020749509936768603,-0.0037836391792501456,1.0000003979092227,2.6527281505108493,1,0.10964956817661296,0.9980522242290881,0.9986840564166001,1.4652082451681427,0.0037152648701636705,1.0000000646506315,1.0273236883972992,1,1.066825174072835,-0.9247308374784792,1.4117452374382329,-0.7188489907354352,0.0004967598994130161,1.000000046889724,0.31259816075526725,1,0.34880414913669394,-5.166458189014493,5.182844147266091,-1.5042958006873712,-0.01866623098828409,0.9999998347357194,0.007088462479887954,0
9.26,-0.0037536189773157832,0.004731690589317683,-4.4960316025743907e-10,-0.42028648742912467,0.17762669208664383,0.4584078109305144,2.7553114315681997,0.00027014501997532804,1.0000028576575748,18.935590106619532,1,0.7043337298119416,0.16724226100440537,0.7185629802204372,0.22786056381617326,-0.0036229698408520336,1.0000003986481563,2.657654374513235,1,-0.015839593720839762,1.00561205111854,1.0008923210847926,1.590963523557616,0.0037795686407137994,1.0000000348649383,1.02429965169162,1,1.1310127959439635,-0.8356526039184972,1.4056848308841845,-0.6409824432693917,0.0005453515033037351,1.0000000476566069,0.3177107131022799,1,0.40374162469717734,-5.159723576558719,5.180067108720572,-1.493616982696522,-0.01859895603460594,1.0000001815714246,0.007099803771779005,0
9.280000000000001,-0.003753618978150634,0.004731690588912542,-4.5132842168421616e-10,-0.46261640427788653,0.019288033517114535,0.4671298499127902,3.110821010176129,0.00026439838655557807,1.0000028579795204,17.925919560582244,1,0.6563186172581836,0.3077655198898396,0.7189271025148481,0.43482547899867524,-0.0034571363723108098,1.0000003992546953,2.6616979694065086,1,-0.1410134255404045,0.9974320101274393,1.0030961501907916,1.7161650034985982,0.003819986854544481,1.0000003504249628,1.0208709711396324,1,1.1887976854083868,-0.7417999129719728,1.400227689273154,-0.5624752565357515,0.0005895194249431443,1.0000000484117535,0.3227450232354803,1,0.45863372380367035,-5.152402215340488,5.177292417204357,-1.4829267264091686,-0.01853642547537917,0.9999999827557295,0.007111170332728251,0
9.3,-0.0037536189776873714,0.004731690588515431,-4.530737694741216e-10,-0.43298009425119777,-0.14130240562381668,0.4610199041934586,-2.8188741794794323,0.00025839335327844045,1.0000028409212114,17.021849067654426,1,0.5806929429702222,0.4354661862221929,0.719498207456442,0.6415204856381244,-0.003279060553874596,1.0000003997028852,2.6646859008961985,1,-0.2639188456180251,0.9737427847308027,1.0052611436234937,1.840821687286029,0.0038349034527363087,1.0000000922112784,1.0170973167452797,1,1.239772459275209,-0.6436562807896649,1.3954121650601226,-0.48338998479321044,0.0006289260186476971,1.0000000491494192,0.3276627953037705,1,0.513474121261763,-5.14449399552394,5.1745204010258,-1.4722250219261974,-0.01848001192543201,0.9999998392925787,0.007122560956795603,0
9.32,-0.0037536189759223466,0.004731690588129164,-4.548319871774953e-10,-0.333378887180433,-0.2780819436397978,0.44048906206285626,-2.443932326426601,0.00025170684417719926,1.0000027527804476,16.325257076584773,1,0.4807136306075261,0.5449800696857519,0.7202517513711649,0.8478341024320718,-0.003089332033215429,1.0000003999738714,2.66649247497826,1,-0.38266301606377773,0.9350115189130435,1.007353931642575,1.9649508094774824,0.003823843584523945,1.0000000094599428,1.013042567699268,1,1.2835702361291264,-0.5417471721098993,1.3912728035679578,-0.4037955652450731,0.0006634053200877325,1.000000049863673,0.33242448685949477,1,0.5682564775872041,-5.135998875770584,5.171751387772811,-1.4615118603499593,-0.018430888984204894,1.0000001848610485,0.007133974417571762,0
9.34,-0.0037536189727902947,0.004731690587753793,-4.5659441418738345e-10,-0.1724560234298951,-0.362154084960422,0.40731722310529994,-2.0192268769213007,0.00024528658166783884,1.0000026029399092,15.962112795628205,1,0.3606637543865204,0.6317515790515642,0.7211555175752704,1.05367202902399,-0.0028941246545298844,1.0000004000567277,2.6670448521628476,1,-0.4954403072768399,0.8819287696970182,1.0093426516833004,2.0885773211635814,0.0037878030512995104,1.000000341049086,1.0087735553155537,1,1.3198700242893593,-0.4366360478387656,1.38783983596603,-0.3237667656769265,0.0006930665458482813,1.000000050548484,0.33698989441906374,1,0.6229744397351515,-5.1269168836832835,5.1689857032486985,-1.4507872338972927,-0.018389447048451416,0.9999999748494269,0.0071454094679500235,0
9.360000000000001,-0.0037536189683025586,0.004731690587384046,-4.583511443653765e-10,0.02744818780150921,-0.3604789268002966,0.3661070367959973,-1.5069391623815405,0.00024227109986161,1.0000024757224413,16.124609346467274,1,0.2256518589079751,0.6922242479504944,0.7221711160982284,1.2589610919244791,-0.002700519387606509,1.0000003999488558,2.6663257056483243,1,-0.6005566377522299,0.8153928736706145,1.0111973798198686,2.2117332947985884,0.003730056540979915,1.0000001208821931,1.0043588574423337,1,1.3484016356719297,-0.32891956731511485,1.3851387159285993,-0.24338348542867608,0.0007184256857366715,1.0000000511978224,0.3413188161324144,1,0.6776216418400922,-5.117248116244128,5.166223670653018,-1.4400511361992,-0.01835444513193468,0.9999998441057898,0.0071568648401379225,0
9.38,-0.0037536189631453727,0.004731690587004737,-4.600936289941848e-10,0.21627617871106397,-0.24411753855052173,0.32717371763454384,-0.8649029538695743,0.0002460867996360956,1.000002496821871,17.062643470266085,1,0.0813785249032777,0.7239804832439811,0.7232557291349293,1.463652078270882,-0.0025112844805138183,1.0000003996559481,2.6643729877769977,1,-0.6964510886126616,0.7364922244802005,1.0128905148578726,2.3344572702192554,0.0036569408940635845,0.9999999872783286,0.9998676685599286,1,1.3689499676350538,-0.21922201565275903,1.3831897145781364,-0.16272992101349196,0.0007405105506910259,1.0000000518057661,0.34537177355880155,1,0.7321917059660564,-5.106992740245338,5.163465611187496,-1.4293035628735002,-0.018322248598876722,1.0000001878594997,0.007168339247104883,0
9.4,-0.00375361895999956,0.0047316905865869546,-4.618265023875745e-10,0.3104001177729359,-0.0237773581598578,0.30775301480702394,-0.09319463849041834,0.000256444914115875,1.000002733773863,18.76247332771305,1,-0.06611654954332931,0.7258262324408583,0.7243640018292713,1.667721377685369,-0.0023292217383532577,1.000000399191549,2.66127699340784,1,-0.7817147765340513,0.6464859113538253,1.0143971121418014,2.4567935597429176,0.0035746819765872045,1.00000032680216,0.9953687627140547,1,1.3813585079429214,-0.10818906062427124,1.3820075893850896,-0.08189361518522784,0.0007602415401149401,1.0000000523666153,0.3491107681755744,1,0.786678242866733,-5.096150992712174,5.160711849284533,-1.4185445119923723,-0.01829018992450327,0.9999999669846993,0.007179831387647968,0
9.42,-0.0037536189625513756,0.004731690586106465,-4.6358706803917293e-10,0.24959332770326353,0.2103211492328938,0.3202618585385352,0.6965404029168559,0.0002686116712058388,1.000003071278635,20.385520087039172,1,-0.21071384126572493,0.6978198290195055,0.7254499812918964,1.871171429077652,-0.002175712440303046,1.0000003985762633,2.657175089523947,1,-0.8551070326540345,0.5467831114142965,1.0156951642141647,2.57879152112393,0.0034795366120997976,1.0000001501830438,0.9909295606865703,1,1.385531939563775,0.0035190252082370546,1.3816013458278822,-0.0009644105833763208,0.0007767588053775246,1.0000000528750068,0.3525000447377146,1,0.8410748527561777,-5.0847231813162495,5.157962720211734,-1.4077739826513072,-0.018266158788680306,0.9999998491677293,0.007191339951901385,0
9.440000000000001,-0.0037536189692987695,0.004731690585582624,-4.6542506394048333e-10,0.07429463485894709,0.3541860971318193,0.3563715116982739,1.3718996265024976,0.0002779127304174958,1.0000033207527057,21.039394705377322,1,-0.3464676580089415,0.6412473381573249,0.7264690235331971,2.0740300471779642,-0.0020721160215606575,1.000000397836689,2.6522445924976976,1,-0.9155689787807972,0.4389215660943878,1.0167658405509725,2.700504802911964,0.003362894745946903,0.9999999690940006,0.9866153058364732,1,1.3814377504827413,0.11523451527755095,1.381974094462529,0.07996667311433106,0.0007888028328012368,1.0000000533260265,0.35550684293148666,1,0.8953751260915815,-5.072709684779684,5.155218561607444,-1.3969919724001159,-0.018260823032511826,1.0000001905620308,0.007202863619439094,0
9.46,-0.0037536189759109742,0.004731690585063682,-4.673553887640791e-10,-0.1289625035181147,0.3802875799015144,0.39824959596188214,1.9107432359058474,0.0002846640002118222,1.0000034008523804,20.76909573635418,1,-0.46784388653727155,0.5585490734569438,0.7273795869249161,2.276348768745353,-0.002009803762429725,1.0000003970041482,2.6466943221940613,1,-0.9622346172160918,0.3245454094083318,1.017593696028212,2.8219905878879157,0.0032255177269934453,1.0000003082604423,0.9824883441583226,1,1.369106788255072,0.22628957296734498,1.383122989747196,0.16080859839566228,0.0007971361607547322,1.0000000537153149,0.35810209867595527,1,0.9495726443675476,-5.060110953272501,5.1524796980130665,-1.386198478586431,-0.01827317336130197,0.9999999591740105,0.0072144010562393964,0
9.48,-0.003753618980515395,0.004731690584586796,-4.69361832386439e-10,-0.3016845226247397,0.31289163142369575,0.4338398859339908,2.351935865776883,0.00029085730204490216,1.000003302654376,19.983144112396257,1,-0.5699336074798869,0.4532035147452863,0.7281448389043159,2.4782003563522186,-0.0019674512446962184,1.0000003961133008,2.640755339372543,1,-0.9944395588671753,0.2053825571763345,1.0181668311065717,2.9433088444815314,0.003072259298871769,1.0000001796119469,0.9786075033231151,1,1.3486327391477122,0.3360235991270446,1.3850392689297086,0.24147145974745005,0.0008032417068264225,1.000000054039159,0.3602610587939068,1,1.0036609809204071,-5.046927508802114,5.1497464431659585,-1.3753935008329712,-0.018297613589565803,0.9999998544703801,0.007225950917511844,0
9.5,-0.0037536189830751497,0.004731690584170409,-4.714197036209677e-10,-0.41659816654976534,0.18550291169644365,0.45751992732681784,2.7355767611120947,0.00029585094172770814,1.0000030611237196,18.991040704142968,1,-0.6486364123370236,0.3295756827793325,0.728734040465526,2.6796756070022245,-0.001923187958504276,1.0000003952006782,2.634671187751336,1,-1.0117275080742332,0.0832218140151244,1.0184770049336078,3.0645215754251756,0.002906106101588411,0.9999999555673459,0.9750275634503257,1,1.3201705514445397,0.443790392733281,1.3877083997473436,0.3218675992017021,0.0008083400829959263,1.0000000542945693,0.3619637951756814,1,1.0576337017428306,-5.033159945592562,5.147019106862417,-1.3645770414140082,-0.018329697538770912,1.0000001929643627,0.007237511851186897,0
9.52,-0.003753618983979154,0.004731690583820884,-4.735057658467046e-10,-0.46278534604016536,0.028013782380454644,0.46703792368207997,3.091849397485327,0.0002994497374193162,1.0000027580980442,17.978705096541272,1,-0.7008091089206644,0.19273726573495836,0.7291236847762207,2.8808796157602794,-0.0018601836366027172,1.0000003943032143,2.6286880948021025,1,-1.0138546048470862,-0.040110188562741546,1.0185197110494215,-3.097493241330787,0.00272702672642499,1.0000002860831625,0.9717987973498873,1,1.2839338609793458,0.5489649440769946,1.3911103238485067,0.40191265905802315,0.0008133920028121269,1.0000000544793395,0.3631955959838249,1,1.1114843663094698,-5.018808930453661,5.144297997590604,-1.353749104931411,-0.01836616163554243,0.9999999514297389,0.007249082499472089,0
9.540000000000001,-0.00375361898356872,0.004731690583538339,-4.756002388792147e-10,-0.43703550381913125,-0.13311523979675105,0.4617303950977881,-2.838321020596186,0.0003033171499817979,1.0000024995755847,17.06634624024383,1,-0.7243770033101034,0.048265627280192125,0.7292983529573609,3.0819276239416684,-0.0017732517247274243,1.0000003934569113,2.6230460747511963,1,-1.0007916992825263,-0.16277214238971174,1.0182942189158173,-2.9763011720901402,0.002532193163993411,1.0000002086343232,0.9689665383488173,1,1.240191512333114,0.6509496982099318,1.3952197843420955,0.481526541357374,0.0008192231960715871,1.0000000545920826,0.36394721782635475,1,1.1652065284139053,-5.003875203140547,5.141583422997219,-1.3429096981096067,-0.018404208624480858,0.9999998600053432,0.007260661499062413,0
9.56,-0.0037536189820332588,0.004731690583319821,-4.77685634103775e-10,-0.3410784166705553,-0.2718900830351774,0.441951901542001,-2.4652028788264535,0.0003068284144557876,1.0000023716126982,16.355690923755354,1,-0.7184060789940857,-0.0979715422838833,0.7292512528580579,-3.0002447097394302,-0.0016593537616327125,1.000000392695559,2.617970393262897,1,-0.9727246011308612,-0.2829312421550169,1.0178035839875619,-2.8550239141740343,0.0023153652096254687,0.9999999472087666,0.9665706998695814,1,1.1892632983930165,0.749180151971406,1.4000067262543718,0.5606342495829467,0.0008266104264501871,1.0000000546322487,0.3642149917699981,1,1.2187937370169186,-4.988359576703282,5.138875689799905,-1.332058829743344,-0.01844104549803919,1.0000001950626918,0.007272247480355689,0
9.58,-0.0037536189792125086,0.004731690583160125,-4.797444247417459e-10,-0.18307647727758758,-0.35963465581026655,0.4093826243145313,-2.0440698086741134,0.0003082560405407466,1.0000024051777772,15.970316649499372,1,-0.683135187501834,-0.24003953669587946,0.7289844332130487,-2.799144637814276,-0.0015036298027155314,1.000000392049442,2.613662947479939,1,-0.9300523141558439,-0.39878634498516474,1.0170546325924585,-2.7335988081468114,0.0020670306446823107,1.000000260978997,0.9646450914374377,1,1.1315150626520663,0.8431296788945364,1.405436756651434,0.6391665948808319,0.0008363706133049782,1.0000000546001175,0.36400078353282755,1,1.2722395371062505,-4.97226293782693,5.136175103558296,-1.3211965107589059,-0.018473458948777378,0.9999999437641569,0.007283839065473007,0
9.6,-0.0037536189747291167,0.004731690583049276,-4.817567664239242e-10,0.01567376246045951,-0.3634736179312219,0.3684095473404959,-1.5376643918727777,0.0003085762619120612,1.0000025752655537,16.09797285497586,1,-0.6199678870983497,-0.37216176837694454,0.7285086601530792,-2.5978387302452757,-0.0012806676691094776,1.0000003915441722,2.6102944811530926,1,-0.873383234152846,-0.5085910538574925,1.0160579312363345,-2.611964894785527,0.001781316478506588,1.0000002366809324,0.9632166088771357,1,1.0673533219350697,0.9323135103356365,1.4114716494580848,0.7170607558569512,0.0008494965176775854,1.0000000544967722,0.36331181513458133,1,1.3255374705679825,-4.9555862471626195,5.133481968496243,-1.3103227544307376,-0.018497111950559603,0.9999998657638517,0.007295434864825416,0
9.620000000000001,-0.0037536189689092595,0.004731690582964629,-4.837017036907199e-10,0.20701897742408396,-0.25365869021661747,0.3289551511247053,-0.9034163757116235,0.00031227082019553374,1.0000028316081289,16.989070706456353,1,-0.5314239893996717,-0.4889406631008045,0.7278429715344359,-2.3962160489988884,-0.0009827549340127428,1.0000003911998163,2.607998775648054,1,-0.8035292506170588,-0.6106766405409353,1.0148277317070535,-2.4900636980004953,0.001466779375980924,0.999999944352016,0.9623050961358488,1,0.9972195720277637,1.0162918359166235,1.4180698787990758,0.7942606873209845,0.0008672073881472996,1.0000000543240541,0.3621603614362941,1,1.3786810770691922,-4.938330539649446,5.130796588372418,-1.2994375768731743,-0.018505747838657174,1.000000196853696,0.007307033473084612,0
9.64,-0.0037536189648418906,0.004731690582862916,-4.85573026232089e-10,0.30849988570884807,-0.03733949517927804,0.30801482826901955,-0.13691669889232697,0.0003225931287925301,1.0000031054762886,18.66131289026449,1,-0.42105135907206953,-0.5855680883195146,0.7270139845584241,-2.1941775811232374,-0.0006466050129832127,1.0000003910303732,2.6068691549884515,1,-0.7214976420077728,-0.7034746945768515,1.0133818505786154,-2.3678400412989293,0.001143017123322525,1.0000002336746099,0.9619242080008595,1,0.921584435475839,1.0946720196434352,1.425187165008519,0.8707173778420957,0.0008900306967445097,1.0000000540845009,0.36056333989920447,1,1.431663894951286,-4.920496924827289,5.128119271696891,-1.288540997569066,-0.018493907195668333,0.9999999361894134,0.007318633467478782,0
9.66,-0.0037536189670600113,0.004731690582703037,-4.87406465014828e-10,0.2559645260233938,0.19913895562182415,0.31881607104160375,0.6559700632787849,0.00033542367528088145,1.0000032640647298,20.318676810869455,1,-0.2932991575323283,-0.6580187317173296,0.72605499684115,-1.991640074129798,-0.00034101465039162516,1.000000391043343,2.606955620502788,1,-0.6284806318085463,-0.7855393689221641,1.011741455022399,-2.2452428512457336,0.0008206017722839299,1.0000002631480962,0.9620819136184456,1,0.8409418006767835,1.1671099580991757,1.4327770252664331,0.9463889605064636,0.000915900809987767,1.000000053781272,0.3585418142332234,1,1.4844794621338444,-4.902086587139292,5.125450340995098,-1.2776330381653451,-0.018466593050613267,0.9999998717367844,0.007330233407817481,0
9.68,-0.0037536189736278986,0.004731690582494807,-4.892547729798413e-10,0.08458219736241605,0.34932099264947164,0.3541176494372273,1.339097652581891,0.0003428456656317651,1.0000032202795461,21.031341860177225,1,-0.15335462281028847,-0.7032194535389814,0.7250048279710897,-1.7885395378929572,-0.00010920411620245594,1.0000003912392676,2.6082617840192293,1,-0.5258424903673506,-0.8555690528092625,1.0099307793164884,-2.122225922940721,0.000502386453600626,0.9999999471340895,0.9627798975131251,1,0.7558030858866588,1.2333106326669916,1.440791325180623,1.021240696977623,0.0009425264590243903,1.0000000534180649,0.3561204322989238,1,1.5371213170301314,-4.883100786223813,5.122790127809404,-1.2667137195040605,-0.01843397990205754,1.0000001983345403,0.00734183182967739,0
9.700000000000001,-0.0037536189796939312,0.004731690582278594,-4.91131850466342e-10,-0.11901049401278131,0.3813825040636905,0.39606591508411454,1.8845160908275445,0.0003427741681189275,1.0000030620066513,20.80067053766246,1,-0.006946755935808188,-0.7191873707581551,0.7239063770838793,-1.5848342342001185,6.479279571722984e-05,1.0000003916114313,2.6107428745444894,1,-0.4151040798154759,-0.912427225540272,1.007976819751914,-1.998748660718764,0.00019693980112251043,1.0000002048891996,0.9640127229957056,1,0.6666917425192282,1.2930279274862126,1.4491808015732315,1.0952448566838335,0.000970302471053618,1.000000052999024,0.3533268273268161,1,1.5895829994740247,-4.863540857198984,5.120138956427922,-1.2557830621765438,-0.018396076322230552,0.9999999287175121,0.007353427234927937,0
9.72,-0.0037536189837044506,0.0047316905820795375,-4.930221361373888e-10,-0.29429077775312307,0.3181643281562596,0.43218551103921815,2.3298818009578546,0.00033783545969416666,1.000002922212374,20.033350455197017,1,0.1398780425455494,-0.7051294284762486,0.7228049389117425,-1.380506907216271,0.0002210726576869014,1.0000003921458722,2.614305814332877,1,-0.29792474438466204,-0.9551621712973445,1.0059090107838295,-1.8747767856059576,-8.619552933688059e-05,1.0000002874102172,0.9657673622908118,1,0.5741380899135198,1.3460637984587056,1.4578955402825138,1.168380492407651,0.0010002070742726255,1.0000000525286514,0.35019100927602526,1,1.6418580516555945,-4.84340821093931,5.11749714384726,-1.2448410889522266,-0.01834830566288615,0.99999987791468,0.007365018091009376,0
9.74,-0.003753618985939582,0.004731690581904397,-4.949071950866024e-10,-0.41270401010337027,0.193205548413631,0.4565889179165762,2.7157855031950255,0.0003311705840587782,1.0000028628739033,19.046760044811315,1,0.2810013779846967,-0.6614966668290329,0.7217463438267938,-1.175566065015263,0.0003917183038721069,1.0000003928217265,2.6188115103425247,1,-0.17608147796167933,-0.9830251753470848,1.0037588558785246,-1.7502830021805489,-0.00033922281486386993,0.9999999554923827,0.9680230370844148,1,0.478674551225469,1.3922668879153093,1.4668854196425274,1.2406331291394943,0.0010326143414015436,1.0000000520117132,0.34674475483205996,1,1.693940019063887,-4.822704334340789,5.11486500651522,-1.2338878252529224,-0.018287623373016804,1.0000001995028807,0.007376602836362796,0
9.76,-0.0037536189867485876,0.0047316905817515725,-4.967733030492028e-10,-0.4627353572594573,0.03664055683342414,0.46690073258587717,3.072889694299654,0.0003247619202797618,1.0000028610789864,18.032046255666994,1,0.41049021677634884,-0.5899874994684844,0.7207750083783578,-0.9700461814390093,0.0005890298918797339,1.0000003936118957,2.6240793056867995,1,-0.05144535933574071,-0.9954867664737359,1.0015595066029102,-1.62524761484764,-0.0005551485310854696,1.0000001753158327,0.9707512154724703,1,0.3808313389781783,1.4315306831459593,1.4761005165627004,1.3119943908805858,0.001067433735339231,1.0000000514531526,0.3430210173306793,1,1.7458224514369673,-4.801430790572874,5.112242863304469,-1.2229232987361107,-0.018212807527549623,0.9999999213602936,0.00738817988829557,0
9.780000000000001,-0.003753618986246558,0.0047316905816165095,-4.986103864859648e-10,-0.4408705832266831,-0.12495275971835564,0.4623947420578259,-2.857687093844845,0.0003190618279397951,1.0000028476716925,17.111654924118238,1,0.5228551425775988,-0.4934962027063659,0.7199319913584495,-0.7640067284014842,0.0008060167730766331,1.0000003944840303,2.6298935351849186,1,0.07404467352363857,-0.9922505209270239,0.9993452927364418,-1.499659072023625,-0.0007274398263176722,1.0000003088295208,0.973915706309653,1,0.28113261844976856,1.4637913155382072,1.4854914687090017,1.3824615833145582,0.001104335225163772,1.0000000508580063,0.3390533748097798,1,1.797498903719592,-4.779589219316008,5.109631035983705,-1.2119475389263286,-0.01812374590228833,0.9999998842877522,0.0073997476518175625,0
9.8,-0.0037536189844576138,0.004731690581492774,-5.004099695379849e-10,-0.3485722818195156,-0.26563877786128665,0.44337057407909375,-2.4863053460450826,0.0003133575703529366,1.0000027653743566,16.387288120826017,1,0.6132969506313112,-0.3760054762182406,0.7192531524684234,-0.5575300066801571,0.00102527032466738,1.0000003954018089,2.636012058874516,1,0.19841053914486806,-0.9732639072475857,0.9971512075603419,-1.373514413785702,-0.0008507867659536456,0.9999999691560799,0.9774728538147904,1,0.18009315903700804,1.4890250925911406,1.4950097907034217,1.4520372476309564,0.00114289359714509,1.0000000502313289,0.3348755259352243,1,1.8489629370290388,-4.757181336983512,5.107029848837588,-1.200960576993176,-0.018020910359268026,1.0000002003568678,0.00741130452729961,0
9.82,-0.0037536189813066377,0.004731690581371211,-5.02164114110637e-10,-0.1935415066551512,-0.3569544336312638,0.41141356681475416,-2.0686209459132927,0.0003069681627667043,1.0000026170487,15.980271865906051,1,0.6779282742509025,-0.24242524197605866,0.7187675099309444,-0.3507178163397459,0.0012311328913152603,1.0000003963264759,2.6421765056295285,1,0.3196659309953335,-0.938725636225713,0.9950123543937907,-1.246819598728275,-0.0009220348170850409,1.0000001455929155,0.9813718558219225,1,0.07821546864637487,1.5072458479982775,1.5046081447878212,1.5207286994802636,0.0011827288808277448,1.000000049578126,0.33052084082057104,1,1.9002081196301235,-4.734208936928034,5.104439627911409,-1.1899624456505313,-0.01790485511443765,0.9999999141294171,0.007422848914836265,0
9.84,-0.003753618976793878,0.004731690581237984,-5.038654432923395e-10,0.0039246603260017915,-0.3662033309865488,0.37070502946667666,-1.5679395169425514,0.00030129832583166354,1.0000024809839516,16.073980278250914,1,0.7139572421712297,-0.0983835193459228,0.718495887628595,-0.14368708846475958,0.0014195884259053785,1.0000003972185685,2.648123790575078,1,0.43584902284306576,-0.8890889926939326,0.9929633628980247,-1.1195896868295496,-0.000940478024165117,1.0000003267626028,0.9855552298509628,1,-0.024012606025295424,1.518502186068271,1.5142405675535748,1.588547565418032,0.0012237280289704529,1.0000000489032956,0.32602197119233794,1,1.9512280279201608,-4.7106738896333855,5.101860700045066,-1.178953179223669,-0.017775428087083923,0.9999998908459052,0.007434379214511352,0
9.860000000000001,-0.0037536189714972266,0.004731690581070622,-5.055091501643405e-10,0.19753299847519992,-0.26292565719666355,0.33078447682008133,-0.9414087858526088,0.0003008778199019502,1.0000024820558164,16.918562089376017,1,0.7198216737563027,0.05002114614624112,0.7184499302596584,0.06343531933955052,0.00160195893796952,1.000000398039747,2.653598313525418,1,0.5450564107947854,-0.8250606713072112,0.9910377867791682,-0.9918488575482659,-0.0009077182532320481,0.999999987647953,0.9899594384260669,1,-0.12611983980398145,1.5228746868034382,1.523862654477551,1.6555093273341195,0.0012662945236749216,1.0000000482115783,0.32141052172650025,1,2.0020162474237497,-4.6865781428923885,5.099293392536026,-1.1679328140323444,-0.01763074871948967,1.0000002008951507,0.007445893823923188,0
9.88,-0.0037536189677985932,0.004731690580833883,-5.07103229199779e-10,0.3061388068541832,-0.05088727448365802,0.3083766312298782,-0.1804323834759177,0.0003078306605408694,1.000002700367964,18.560748996558523,1,0.6952650143347817,0.19649307304787902,0.7186315469340346,0.27051838870747497,0.0017968660308253456,1.00000039875462,2.6583641326091065,1,0.6454776095205648,-0.7475947205671223,0.9892674988850522,-0.8636302466021846,-0.0008286731372995419,1.0000001162882188,0.99451569528527,1,-0.2276531831052007,1.5204731276438808,1.5334317027787243,1.72163288234535,0.0013106557757031347,1.0000000475075173,0.31671678218584726,1,2.05256637379662,-4.661923721971606,5.0967380367324475,-1.1569013889888649,-0.01746908326196698,0.9999999070363408,0.007457391137340363,0
9.9,-0.0037536189695768175,0.0047316905804946074,-5.086883640009754e-10,0.26198177341382584,0.187620274144809,0.31745249703431827,0.615137409275688,0.0003167749824621552,1.000003039505681,20.24909578802059,1,0.6413488856145894,0.334823803483975,0.7190328239203414,0.47743294436831646,0.0020089238641657005,1.0000003993324422,2.662216282133094,1,0.7354292991916457,-0.6578813167427744,0.987682099039635,-0.7349755850699399,-0.0007191226754069233,1.0000003405803808,0.9991510167121923,1,-0.3281789472151024,1.5114337677199743,1.5429068163644888,1.7869401197208028,0.001354196301998054,1.0000000467954278,0.3119695181888397,1,2.1028720138375085,-4.636712729761524,5.094194977092475,-1.1458589447404066,-0.01729801913745055,0.99999989757875,0.0074688695490728015,0
9.92,-0.0037536189760348625,0.004731690580061997,-5.103238586920411e-10,0.094788940292746,0.3440236994290785,0.3518920542994906,1.30593547015803,0.0003205915419868975,1.0000033050290074,21.020507612176083,1,0.5604013982535466,0.4591716138682061,0.7196364223962735,0.6840575588772532,0.002227631174130095,1.000000399748553,2.6649903528936094,1,0.813388427088766,-0.5573302422898565,0.9863083380499441,-0.6059346242931711,-0.0006025358870226875,1.000000010304514,1.003789420532353,1,-0.4272836605515186,1.495916730869801,1.552248991338016,1.8514555196326898,0.0013928406414922365,1.0000000460793723,0.30719581617733,1,2.1529267865089077,-4.61094734691064,5.091664568454062,-1.1348055205680536,-0.017131382094930286,1.0000002011168783,0.007480327452090942,0
9.940000000000001,-0.0037536189827537545,0.004731690579580529,-5.120380786038936e-10,-0.10895740537888822,0.38211390780689475,0.39387303319321354,1.8580247987225025,0.00031973265787883364,1.0000034031047218,20.83058516701513,1,0.45590473500423584,0.5643207792558241,0.7204164151857227,0.8902840013528527,0.0024509597133105187,1.0000003999855538,2.666570358750334,1,0.8780232091936206,-0.4475491324809193,0.9851695700608389,-0.4765643630042946,-0.0004918133713698003,1.0000000878979565,1.0083532605908405,1,-0.5245746363240064,1.4741035150331292,1.561421183252833,1.9152057912366613,0.0014256195640135968,1.0000000453631464,0.30242097628682374,1,2.2027243239680576,-4.584629831946196,5.089147158441387,-1.1237411542908435,-0.016973459810562787,0.9999999000923051,0.007491763230274496,0
9.96,-0.0037536189875722794,0.004731690579088218,-5.138260650294768e-10,-0.28670862719483997,0.3231697878471491,0.4305024663631569,2.3076676060854244,0.0003158926997498417,1.0000033206001944,20.082750488161658,1,0.3323294568130362,0.6459069713364417,0.7213394967479374,1.0960219344479605,0.0026803066495987276,1.000000400034063,2.666893752561833,1,0.9282210583905931,-0.33031675747669187,0.984285267878229,-0.34692809259247803,-0.0003916665714549825,1.00000034970189,1.012764733408356,1,-0.6196802912022049,1.4461946478916041,1.5703883372040457,1.9782195464634496,0.0014531746008236365,1.0000000446502675,0.2976684491594032,1,2.252258272606397,-4.557762521382436,5.08664308390317,-1.1126658847738082,-0.01682280645058005,0.9999999044756205,0.00750317525584671,0
9.98,-0.003753618990347495,0.004731690578605732,-5.156723823993015e-10,-0.4085829965833772,0.20072725222195292,0.45561946525836894,2.695915789518117,0.00031052496488332435,1.000003089031583,19.102211070130355,1,0.19492611868555654,0.7005980096322877,0.7223665215138557,1.301202639891936,0.002907023784462614,1.0000003998930052,2.665953368351273,1,0.963112503005579,-0.20755181937065909,0.9836706161786354,-0.2170942625600267,-0.0003048971654317903,1.0000000363163326,1.0169474897219901,1,-0.7122502527621658,1.412407501575103,1.579117392759361,2.0405269994645847,0.0014759113378640931,1.0000000439439722,0.2929598144527837,1,2.3015222940960345,-4.530347829813986,5.084152676422474,-1.1015797527719382,-0.01667847098352539,1.0000002010217006,0.007514561890503175,0
10.0,-0.003753618991442681,0.0047316905781425835,-5.17562182347775e-10,-0.462443263930268,0.04516299020304684,0.46672054165710136,3.0539201910747935,0.0003050083636351249,1.000002787039632,18.085490180035276,1,0.04948675215336552,0.7262226740371567,0.7234542737843679,1.5057816180342736,0.0031151673551842803,1.0000003995695024,2.663796682746482,1,0.9820902507814269,-0.08127795235938885,0.9833361881158547,-0.0871351918367157,-0.00023256884434609863,1.0000000608643564,1.0208282933865396,1,-0.801955291310194,1.372974273372097,1.587577275630519,2.102159695167864,0.001493942849271987,1.000000043247219,0.28831479271088206,1,2.3505100664435115,-4.502388249993757,5.081676265008155,-1.0904828007378495,-0.01654050651558003,0.9999998933083135,0.007525921485861717,0
10.020000000000001,-0.0037536189912230093,0.004731690577703064,-5.194833599744819e-10,-0.44446261073025783,-0.11681925814403663,0.463015248206127,-2.8769941529247114,0.00029983041148399803,1.0000025203269651,17.157387826657295,1,-0.09791046832470857,0.721843999995095,0.7245573644295256,1.7097400004291814,0.0032877505948124097,1.0000003990783675,2.6605224497630555,1,0.9848226969382289,0.04641419969824721,0.9832877164355749,0.0428743365019858,-0.00017343039447906522,1.0000003536440392,1.0243386718172924,1,-0.8884871090810024,1.3281401349937811,1.5957388779187363,2.163150268921567,0.0015073647455335056,1.0000000425626923,0.2837512811424675,1,2.399215285050962,-4.4738863528952955,5.079214176316796,-1.079375072614978,-0.016409295173824237,0.9999999115255909,0.007537252383193321,0
10.040000000000001,-0.0037536189899015924,0.004731690577289506,-5.214253317314954e-10,-0.35583954016177616,-0.2593326753306308,0.4447489549156683,-2.507265806025454,0.0002944483852599957,1.0000023783502097,16.419688389029233,1,-0.24116041405417749,0.6877769638524817,0.7256301587833053,1.9130847928895576,0.003411916209700286,1.000000398441262,2.6562750802423953,1,0.9712613649864016,0.17340680511854414,0.9835259688132159,0.1728585557512897,-0.00012448535983675688,1.0000000647885476,1.0274164967915802,1,-0.9715580166221239,1.2781615493196712,1.6035750286400001,2.223532235978789,0.001516443930579293,1.0000000418928114,0.2792854090626921,1,2.44763166378422,-4.444844787759212,5.076766734061198,-1.0682566137737823,-0.01628504310976591,1.00000020060977,0.007548552913089743,0
10.06,-0.0037536189873360326,0.004731690576903203,-5.233766215556601e-10,-0.20383165144715978,-0.3541205494536048,0.41341575456479973,-2.0929182124277563,0.00028827302125067204,1.000002397215182,15.99159226114233,1,-0.37438233111589125,0.6255534016458963,0.7266286495448347,2.115848030222827,0.003482596686170158,1.0000003976855893,2.651237262790119,1,0.9416419938715992,0.29759544309568425,0.9840467327086607,0.30274222638929676,-8.109368670605133e-05,1.0000000356096181,1.0300074333061655,1,-1.050900522920441,1.2233047505134413,1.6110604569470186,2.283339808798634,0.0015217418141110172,1.0000000412397414,0.27493160985035214,1,2.495752936047789,-4.415266282123824,5.074334258149425,-1.0571274710699758,-0.0161673407169559,0.9999998866951165,0.007559821395171942,0
10.08,-0.0037536189831599703,0.0047316905765420044,-5.253223021514652e-10,-0.007777599171892369,-0.3686792998300394,0.37299953255025153,-1.597822676699374,0.00028272733363491107,1.0000025554383314,16.052160971886508,1,-0.49215341442584754,0.5378392026309511,0.7275122015947577,2.3180849687409886,0.0035048653673139317,1.0000003968432039,2.645621358389416,1,0.8964792299781188,0.41692931563387925,0.9848409103533371,0.4324521303813585,-3.692979393887713e-05,1.000000352081477,1.032066198062623,1,-1.1262668625713577,1.1638443811093844,1.6181717503479278,2.3426077400501484,0.0015242247155584064,1.0000000406054064,0.27070270852663075,1,2.5435728558664525,-4.385153641839792,5.071917063689191,-1.0459876930616947,-0.01605449004329188,0.9999999187174923,0.007571056137463484,0
10.1,-0.003753618977539567,0.004731690576192736,-5.272443428031015e-10,0.18784744080518037,-0.27192909555009465,0.33266508294891367,-0.9789555584167791,0.00028244224647187404,1.0000028036172541,16.850587184300387,1,-0.5897167990661671,0.4283102328647832,0.7282451107472022,2.5198714679132252,0.0034946987374128895,1.0000003959490122,2.6396600820206775,1,0.8365551304838369,0.5294499299433124,0.9858947197824178,0.5619185026216686,1.5293095093223166e-05,1.0000000948124788,1.0335575777214698,1,-1.19742848003812,1.1000622778136844,1.62488730915838,2.4013711895152787,0.001525386259001359,1.000000039991504,0.2666100269567077,1,2.5910851989730634,-4.354509751068539,5.069515460508701,-1.0348373305414353,-0.01594254330766216,1.0000001998817405,0.007582255435316638,0
10.120000000000001,-0.0037536189731609973,0.004731690575822147,-5.291352772607283e-10,0.30334753174706847,-0.06442178739764237,0.3088382009054737,-0.22381411381775085,0.00029080037037986054,1.0000030780511886,18.460352187666125,1,-0.6631581748732853,0.30149414772560773,0.7287979321756287,2.721300720483993,0.003472620067701398,1.0000003950395389,2.6335969249886797,1,0.7629019177008272,0.633327189472672,0.9871899937133755,0.691076354853804,8.055861018303482e-05,1.0000000125749071,1.034457169725888,1,-1.2641754882513396,1.0322463961795867,1.6311872954336892,2.459665613526212,0.0015268256657238262,1.0000000393995256,0.26266350384999526,1,2.638283763901878,-4.323337572264733,5.06712975633524,-1.0236764373978238,-0.01582669136324391,0.9999998802631931,0.00759341757234394,0
10.14,-0.0037536189747905766,0.0047316905753943435,-5.310263166691254e-10,0.26767022441685306,0.1757647435004972,0.3161677253751024,0.5739715706440207,0.00030255449908036765,1.0000032537948327,20.17638279806666,1,-0.7095470260406671,0.1625854006573981,0.729148544244642,2.922479480313716,0.0034426211161012877,1.0000003941515037,2.627676690958317,1,0.6767796266166773,0.7268919656127935,0.9887045696275772,0.8198666522880134,0.000153424221416563,1.0000003449019408,1.034751819449195,1,-1.3263161167913036,0.96068986344485,1.6370535723071336,2.5175266722745215,0.0015280441349779293,1.0000000388307726,0.25887181710246004,1,2.6851623730859755,-4.291640146141394,5.064760266726375,-1.0125050702916496,-0.01570996846705506,0.9999999260399309,0.007604540826972907,0
10.16,-0.0037536189813029835,0.00473169057492087,-5.329704889228681e-10,0.10494240048471738,0.3382941957913807,0.34968762182203267,1.2723564117550707,0.0003087946831113354,1.000003229555916,21.006614504201767,1,-0.727039942042245,0.017240543697917117,0.7292829310116876,3.123523915835041,0.0033929800378567974,1.0000003933204649,2.622136432092341,1,0.5796494479132962,0.8086643980608864,0.9904127652779644,0.9482373237067673,0.00022450694709493006,1.0000001255313942,1.0344397214099095,1,-1.3836761631424257,0.8856901489369405,1.6424696454286356,2.5749901470642915,0.0015265645946226732,1.0000000382863745,0.2552424973934109,1,2.731714873958903,-4.259420591615091,5.062407316271465,-1.0013232856684757,-0.015602412417070497,1.000000198838767,0.007615623476747833,0
10.18,-0.0037536189876788825,0.004731690574449067,-5.349839512364118e-10,-0.0987759695960822,0.3824877144265811,0.39166307889808827,1.8312380017109786,0.00030816139641353675,1.000003078058382,20.85874427615861,1,-0.7149445144189082,-0.12863945883738032,0.729195682846677,-2.9586300824951923,0.0033230066664033902,1.000000392579547,2.6171969812786076,1,0.47314367826062215,0.8773773734370095,0.9922859099794428,1.076144092538149,0.0002937697196246266,0.9999999922471426,1.0335302220190408,1,-1.4360984583994694,0.807548341903274,1.6474206232711772,2.6320918763241172,0.001521905488213201,1.0000000377673048,0.25178203295535295,1,2.7779351400628456,-4.226682105732994,5.06007122214026,-0.9901311390393764,-0.015505707504479268,0.9999998740227354,0.00762666379373306,0
10.200000000000001,-0.0037536189920380526,0.004731690574013254,-5.37048905346893e-10,-0.27891505125897614,0.3279189388088773,0.42878480957290005,2.285280327597491,0.00030414496175147637,1.000002934337991,20.131358372776216,1,-0.6737430740610881,-0.2691335474057696,0.7288901979881125,-2.7574901694698597,0.003234727434974227,1.0000003919582823,2.6130552150535165,1,0.35903324073245335,0.9319948418411201,0.9942929048872764,1.2035510979408333,0.0003641618803039542,1.0000003322394369,1.0320433993665625,1,-1.4834423565939356,0.7265685267568621,1.6518931761749542,2.6888677155171887,0.0015151963211846799,1.0000000372743956,0.24849597088672834,1,2.82381707216244,-4.1934279635837655,5.057752288670485,-0.9789286874325371,-0.015415492950250359,0.9999999334813061,0.007637660042782561,0
10.22,-0.0037536189945664034,0.004731690573627529,-5.391415855426906e-10,-0.4042171224589505,0.20808173881671507,0.4546084175418381,2.6759636675859126,0.00029882739273932396,1.0000028684837114,19.157446240671657,1,-0.6050760367870048,-0.39852538989548286,0.7283785751957728,-2.556123903339255,0.003121914787619632,1.0000003914815736,2.6098771580269116,1,0.23919373860948473,0.9717248442756078,0.9964008105451169,1.3304313052720518,0.00043647549386891345,1.0000001561836145,1.0300093380001334,1,-1.5255832549526456,0.6430572456347377,1.6558754882395281,2.7453535076660027,0.0015075747406754743,1.0000000368083526,0.24538901782852826,1,2.8693545993622496,-4.159661518190423,5.05545081296983,-0.9677159905118782,-0.015327749574264827,1.0000001974825026,0.0076486104841311875,0
10.24,-0.0037536189956132848,0.0047316905732956655,-5.412417172431794e-10,-0.46189556274972215,0.05359610895625539,0.46649663539106384,3.034939300746736,0.0002929578669803949,1.0000028641213823,18.139088377864756,1,-0.5116850470191471,-0.511522612480964,0.7276812031062413,-2.354421951503325,0.0029728099469788706,1.0000003911688036,2.607792023797834,1,0.11557096358753056,0.9960273160101298,0.9985754497724887,1.4567667198765633,0.0005096201430216434,0.9999999751598561,1.0274671866738583,1,-1.5624121509956033,0.5573230382255385,1.6593572128873144,2.8015850609149444,0.0014999099188875479,1.000000036369771,0.24246513953717896,1,2.9145416802281554,-4.12538620038441,5.053167088713779,-0.9564931104819934,-0.015239685010030899,0.9999998679836317,0.007659513375074894,0
10.26,-0.0037536189953340116,0.004731690573016853,-5.433321409974157e-10,-0.4478019158988096,-0.10869946778359815,0.4635927960522987,-2.8962455602936723,0.0002863053634744574,1.0000028539981096,17.20357835284124,1,-0.39731658903253936,-0.6034641583216371,0.7268260510438288,-2.152287636294832,0.0027770503907784904,1.000000391033094,2.6068872928977527,1,-0.009853306696770725,1.004616892918586,1.000782006930729,1.582548416325333,0.0005817602522454129,1.000000314474424,1.0244640726697098,1,-1.5938352412505838,0.46967604908104144,1.6623294343565773,2.8575981342137746,0.0014928850094787503,1.0000000359591488,0.2397276581001295,1,2.959372303913004,-4.090605518660789,5.050901407383394,-0.9452601118557731,-0.015149234683412617,0.9999999410298283,0.0076703669696900605,0
10.280000000000001,-0.0037536189937543065,0.004731690572786952,-5.453969827845517e-10,-0.3628735093778997,-0.2529574167739594,0.4460885538408169,-2.5280921347989027,0.0002777068086055025,1.0000027776476346,16.45289782811943,1,-0.26658741289010324,-0.6705091553328939,0.7258476685534502,-1.9496408509406344,0.0025327232367499328,1.0000003910807436,2.607204956724392,1,-0.13509449924726236,0.9974610792259162,1.0029856095307803,1.7077763999024027,0.0006510357154780364,1.000000186115629,1.021053906979062,1,-1.6197735654778114,0.3804276929470341,1.6647846343091135,2.9134284306371496,0.0014870731027297882,1.0000000355769016,0.23717934438731939,1,3.003840491286472,-4.055323059014608,5.048654058496028,-0.9340170613145166,-0.015054659562236696,1.0000001958150972,0.007681169516945945,0
10.3,-0.00375361899078896,0.004731690572597734,-5.474207346103932e-10,-0.2139414356780351,-0.3511207618772994,0.4153902970800172,-2.1169757207674533,0.000266361723193843,1.0000026315559665,16.004248998312125,1,-0.12481410968104986,-0.7098002941853749,0.7247859085044974,-1.7464215099420743,0.0022509266872020534,1.000000391310863,2.608739086988836,1,-0.25819682958206847,0.974774229098341,1.005151881940766,1.832459321048392,0.0007163580208443951,0.9999999618658715,1.0172961255481683,1,-1.6401626996371574,0.2898903690765651,1.6667166633979098,2.9691115972030855,0.0014830108542496475,1.0000000352233755,0.23482250348508346,1,3.047940296069352,-4.019542484759143,5.046425329407745,-0.9227640276579113,-0.014954195137453873,0.9999998621554513,0.007691919257414716,0
10.32,-0.0037536189864406126,0.0047316905724350666,-5.493885103791118e-10,-0.019425099776721834,-0.37089099486419524,0.3752927560123559,-1.62733303345894,0.00025626023012676835,1.0000024877960298,16.03245557464991,1,0.022189469577595784,-0.719594459681536,0.723684400823272,-1.5425923743632788,0.0019546257245312807,1.0000003917152303,2.6114348685432636,1,-0.3772628178591264,0.9370078513962012,1.0072474633274355,1.9566140655080566,0.0007782698096631501,1.0000002922026978,1.013254411069125,1,-1.654952500165545,0.19837721595386235,1.6681207182419617,3.024683230040081,0.0014813090957716292,1.000000034898858,0.23265905321906805,1,3.0916658059720485,-3.983267536326416,5.044215504786807,-0.9115010818814965,-0.01484547689400228,0.9999999486735381,0.007702614418695635,0
10.34,-0.003753618981175014,0.0047316905722752465,-5.512879887835387e-10,0.1779749011360207,-0.2806535771208785,0.3345951209135425,-1.016069670210954,0.000255808421857076,1.0000024696243668,16.785134995033243,1,0.1683415304122759,-0.699353419308809,0.7225888224861525,-1.3381410877369182,0.0016797622396497612,1.0000003922783922,2.6151892807456663,1,-0.4904804066930984,0.8848377702041538,1.009240483940598,2.080265243602263,0.0008401316118365954,1.000000214770128,1.008995434042362,1,-1.6641069014663974,0.10620189818616575,1.6689933244077506,3.080178884191444,0.0014827790599180315,1.0000000346035895,0.23069059652770527,1,3.1350111438366373,-3.9465020310503722,5.042024866219995,-0.9002282975492488,-0.014724612477296471,1.0000001938391931,0.007713253210155241,0
10.360000000000001,-0.0037536189770824326,0.004731690572080492,-5.531185301443919e-10,0.30013063948555657,-0.07791680775849834,0.3093993547043587,-0.2670565102520646,0.00026448088015525135,1.0000026680076703,18.360265545871666,1,0.3075409631212524,-0.6497879420304331,0.721545017552571,-1.1330812736846683,0.0014756090367697705,1.0000003929781178,2.6198541188119515,1,-0.5961474700096691,0.8191486679716076,1.0111009941558136,2.2034446009492843,0.0009067490025677363,0.9999999528907466,1.0045876450451967,1,-1.6676037679806381,0.013678417547350575,1.6693323244852973,3.1356340883873677,0.0014880777232910455,1.000000034337773,0.22891848779837293,1,3.177970468781386,-3.9092498629336845,5.0398536948362755,-0.8889457515902046,-0.014587073622766681,0.9999998565474292,0.007723833820277418,0
10.38,-0.0037536189781464356,0.00473169057181046,-5.549115082367773e-10,0.27301927915366797,0.1635901739068732,0.31496516783448053,0.5324640141536578,0.00027629454439700714,1.0000030063975638,20.100554611303654,1,0.4339257869241869,-0.5728499740944529,0.7205970287296048,-0.927452532919343,0.0013596856729445287,1.000000393786144,2.6252409594597017,1,-0.6926936062935429,0.7410165090153903,1.0128013409814,2.3261903660873164,0.000974206146894615,1.0000002661844538,1.0001001435375896,1,-1.6654348017820744,-0.07887905964709821,1.6691368645353817,-3.092100943624405,0.0014961740420948546,1.000000034101584,0.22734389319798262,1,3.220537977344891,-3.871515002397158,5.037702281340136,-0.8776535242227631,-0.014435570914038333,0.9999999564003255,0.007734354423339198,0
10.4,-0.0037536189842808446,0.00473169057146272,-5.567228141163671e-10,0.11503581253171355,0.3321371244887885,0.34750733321227323,1.2383300348311062,0.0002859573086759624,1.0000032873155833,20.989525144712736,1,0.5421300190196388,-0.4716695647993944,0.7197851440638159,-0.7213192213595307,0.0013091717550170613,1.0000003946691745,2.631127830345835,1,-0.7786991947110695,0.6516892952765532,1.0143165002142829,2.4485465451236244,0.0010301400447039466,1.0000002416616667,0.9956016402805673,1,-1.6576055062330315,-0.1711563665058465,1.668407378748896,-3.0366200716447818,0.0015048773839012825,1.0000000338951769,0.2259678453425112,1,3.2627079046276175,-3.833301496008078,5.035570930420326,-0.8663516959536947,-0.014280880839974402,1.0000001915579215,0.007744813191331402,0
10.42,-0.0037536189910674757,0.0047316905710735905,-5.585828449089503e-10,-0.08846527993906714,0.38250677447398257,0.38943714101193494,1.8041220146605512,0.000291924780636055,1.0000034035675114,20.885018473588563,1,0.6275261765939564,-0.3504360350372517,0.7191440611028772,-0.5147680188630781,0.0013024832487890262,1.0000003955902166,2.6372681099374007,1,-0.8529117576682163,0.5525665496233344,1.0156243748676064,2.570562192958188,0.0010719517164570105,0.9999999486813212,0.9911595191005146,1,-1.6441352058613443,-0.2628394984833978,1.6671455947421958,-2.9810730648362043,0.001513648180174484,1.0000000337186938,0.2247912921620483,1,3.3044745254326786,-3.7946134661865742,5.0334599453844495,-0.8550403460175383,-0.014127220495224552,0.9999998511684507,0.007755208298976606,0
10.440000000000001,-0.003753618996055105,0.004731690570676058,-5.604880322883365e-10,-0.27090635607021857,0.3324166508176552,0.42703237567915847,2.2626898224922556,0.0002946131546302475,1.0000033371937451,20.179084484018315,1,0.6864400724434839,-0.21422628252813516,0.7187012788655274,-0.3079043516792431,0.0013218804140366276,1.0000003965101734,2.6434011563244098,1,-0.9142597182993605,0.44517786016394767,1.016706043053383,2.69229067962501,0.0011042561511339635,1.000000237287812,0.9868389989316124,1,-1.6250571223461594,-0.3536147828811557,1.665354552385994,-2.9254243577262025,0.0015228375234456791,1.000000033572271,0.22381513938139058,1,3.345832155406242,-3.7554551108911913,5.0313696199824465,-0.8437195544523787,-0.013972988268796494,0.9999999641979478,0.007765537929027212,0
10.46,-0.003753618998971039,0.0047316905702856436,-5.624238227919243e-10,-0.3996032444139931,0.21527504706137607,0.45355520915386094,2.655902934763331,0.0002949225411168841,1.0000031163025154,19.212404862639527,1,0.7163251076477948,-0.06878682745862541,0.7184758116295713,-0.10084779440650148,0.0013496398155131773,1.0000003973896139,2.6492640928248257,1,-0.9618636673907552,0.33116075663969674,1.0175459545307017,2.8137889444922695,0.001131296915876999,1.0000002663526266,0.9827023924198649,1,-1.6004185061934144,-0.44316906258810534,1.6630386181387058,-2.869638340340185,0.0015324987721583494,1.000000033456043,0.22304028679274526,1,3.3867751521761638,-3.71583070328223,5.02930024262901,-0.8323894033091491,-0.013816901987965537,1.0000001889748968,0.007775800279958216,0
10.48,-0.0037536190001561647,0.004731690569906334,-5.643771487477689e-10,-0.4610910150877036,0.06194543658984504,0.46622885443425194,3.015923381542265,0.0002940368677701006,1.000002816224996,18.19279440598559,1,0.715885025371464,0.07972021467367521,0.718477295829243,0.10627331935180924,0.001375517403444116,1.0000003981906176,2.6546041170487267,1,-0.9950452635142522,0.21223813110728953,1.01813208767383,2.9351167427367506,0.0011561118724447478,0.9999999495611896,0.9788084509477568,1,-1.570280823274537,-0.531189901840431,1.6602035005765734,-2.8136793463213343,0.0015423413529733324,1.0000000333701489,0.2224676585386108,1,3.427297916489786,-3.675744591362146,5.027252099893239,-0.821049976551542,-0.013658985547200072,0.9999998460270387,0.007785993569411077,0
10.5,-0.0037536190000062065,0.004731690569537168,-5.663390060736684e-10,-0.450889501239849,-0.10058990359179176,0.4641283309933195,-2.9154648901160245,0.0002932489071205579,1.0000025420663508,17.250178006257066,1,0.6851370146462455,0.22499405135959535,0.7187055439217462,0.31332777768480236,0.0014010603963899764,1.0000003988785888,2.659190592640104,1,-1.0133338843706394,0.09019536310068337,1.0184560698317373,3.056335890210206,0.00118042726233476,1.0000002064368867,0.9752118092707422,1,-1.5347199949759165,-0.6173658219810997,1.6568562717200233,-2.7575116461825586,0.0015519005705492556,1.000000033314734,0.2220982272178363,1,3.467394893352004,-3.635201197593685,5.025225477336596,-0.8097013597371507,-0.013500023823588395,0.9999999720540507,0.0077961160322895994,0
10.520000000000001,-0.003753618998755779,0.004731690569176052,-5.683031979036857e-10,-0.369677153827691,-0.24651299304767688,0.447391778982892,-2.5488117897056317,0.00029277939672004756,1.0000023864246952,16.486844060512286,1,0.625410889914569,0.36087985523777494,0.7191505719492183,0.5201875239327035,0.001437239510252412,1.000000399423922,2.662826146357316,1,-1.0164711293280713,-0.0331427344773818,1.0185132598936038,-3.105675798589664,0.0012047136934917062,1.000000288436685,0.9719625377876623,1,-1.4938266902357642,-0.701386575439037,1.6530053942172231,-2.701099445736669,0.001560663654264832,1.0000000332899548,0.22193303180848728,1,3.5070605731637876,-3.5942050184968615,5.023220659116628,-0.798343639786908,-0.013341054490051492,1.000000186094212,0.007806165915831197,0
10.540000000000001,-0.003753618996292737,0.004731690568821093,-5.702637277324452e-10,-0.22387440850831217,-0.34796003021642397,0.41734058969908194,-2.140830425902058,0.0002914946862965852,1.000002390538102,16.018114903775913,1,0.5392844061133983,0.4816452808073081,0.7197930968182746,0.7267334932760771,0.0014985024131157869,1.0000003998034066,2.66535604389502,1,-1.0044132483677195,-0.1559350663754643,1.018302793221633,-2.984484034753137,0.001228809277991255,0.9999999556987186,0.9691057390686,1,-1.4477066671440173,-0.7829434664235398,1.6486607538251619,-2.644406890647764,0.0015681722819123494,1.0000000332959784,0.22197318969151728,1,3.5462894928611313,-3.5527606242261616,5.021237927005516,-0.7869769048645597,-0.013182913578791089,0.9999998411313396,0.00781614147402105,0
10.56,-0.0037536189922703607,0.0047316905684687445,-5.72211845614734e-10,-0.031018046965998455,-0.3728485662738613,0.37758701377056997,-1.6565214963243016,0.0002891202247929804,1.0000025367010457,16.014657793932468,1,0.4304590932188949,0.5822337305651084,0.7206054693258787,0.9328609220651941,0.001597372148287591,1.0000004000012874,2.6666752499930033,1,-0.9773315421592271,-0.27634744092159474,1.017827591538784,-2.863210649558224,0.001252270663921182,1.000000174568247,0.9666811664117022,1,-1.3964811610655157,-0.8617297272243409,1.6438336969474867,-2.5873980783318236,0.0015741398727985093,1.0000000333329853,0.2222199015750028,1,3.5850762370536327,-3.5108726581283496,5.019277558944728,-0.7756012444053805,-0.013025596287724662,0.9999999799561867,0.007826040962533852,0
10.58,-0.0037536189867206074,0.0047316905681069055,-5.741354180271996e-10,0.1679235856086459,-0.2891079659349284,0.3365726208653663,-1.0528056406917874,0.0002891829059843737,1.0000027763914812,16.72200574258009,1,0.30358480445590075,0.6584812638830889,0.7215529820713544,1.1384838484977668,0.001741814395627739,1.000000400009916,2.666732773986836,1,-0.9356107418735113,-0.3925757372388248,1.0170943392027512,-2.741793118022219,0.0012751123531524766,1.0000003075311277,0.9647228862526235,1,-1.3402873155638781,-0.9374409594920545,1.6385370737371736,-2.530037078320046,0.0015785322179853933,1.000000033401167,0.2226744464937914,1,3.6234154391618727,-3.468545836280949,5.017339827468728,-0.7642167494660488,-0.012867267414140031,1.000000182920431,0.007835862634090474,0
10.6,-0.0037536189819495133,0.0047316905677051635,-5.760303189300542e-10,0.2964959711019054,-0.09136890556473669,0.3100543150915609,-0.310186894684588,0.00029691838747163016,1.0000030499341166,18.260544808327754,1,0.16404406151732567,0.707287053727682,0.722595469924492,1.343538593476415,0.001930059683190589,1.00000039982997,2.6655331338367994,1,-0.8798453408566747,-0.502868997241401,1.016113425397129,-2.620170618969373,0.0012960447385113223,0.9999999670879599,0.9632589777168904,1,-1.2792786516606975,-1.0097756502287885,1.6327852874270616,-2.4722879611988398,0.001580978475757674,1.0000000335007249,0.22333816602010376,1,3.6613017825531293,-3.4257849470121333,5.015425000597172,-0.7528235136191802,-0.012704687761077013,0.99999983648911,0.007845604734885141,0
10.620000000000001,-0.0037536189828303625,0.004731690567227446,-5.77928307640696e-10,0.278023253269668,0.1510997947772937,0.3138390759299385,0.49061029993715033,0.0003095240147415953,1.0000032411803896,20.0218345876785,1,0.01770900632418874,0.7267308774741256,0.7236891095718216,1.5479860896993936,0.002132795148544824,1.000000399470251,2.6631350073220394,1,-0.8108338166117731,-0.6055523702696128,1.014898846466979,-2.4982847860722033,0.0013045009814243425,1.0000001425952216,0.962311255024399,1,-1.2136255699073406,-1.0784357724181834,1.6265943446744926,-2.4141148353490443,0.001578978144004407,1.000000033631866,0.22421243966057913,1,3.698730001673437,-3.3825948504017944,5.013533350630328,-0.7414216333502225,-0.012540121888851225,0.9999999878918356,0.007855265507284163,0
10.64,-0.003753618989081395,0.0047316905666820695,-5.798878547486064e-10,0.12506152291574935,0.32554591937352334,0.34534599272767624,1.2038651111966012,0.0003201837238654703,1.0000032371263803,20.969535676233175,1,-0.1293157162940687,0.7161348189367305,0.7247883286817551,1.7518130181465548,0.00230211446165079,1.0000003989471011,2.6596473415452273,1,-0.7295706527501016,-0.6990498102424343,1.0134680596749552,-2.3760804647846654,0.0012851296440188923,1.0000003232754533,0.9618950078725447,1,-1.1435158783479922,-1.1431274803343783,1.619981896557656,-2.3554818994315614,0.0015693216463671888,1.0000000337947983,0.22529865569643043,1,3.735694883173576,-3.338980477761279,5.011665160812851,-0.73001120545211,-0.012383385560633951,1.0000001794585829,0.007864843197786438,0
10.66,-0.0037536189956288825,0.004731690566119218,-5.819341115757826e-10,-0.07802892116285703,0.38216008729410755,0.3871918465261601,1.7766995135147603,0.0003282317573363623,1.0000030937699897,20.909786420203154,1,-0.27095138789374007,0.6760697490135599,0.7258477295528052,1.955031806361257,0.0024158994097696596,1.0000003982834988,2.6552233262177287,1,-0.6372360492181666,-0.781906386151154,1.0118418012596997,-2.2535064820890627,0.0012333054971615548,0.9999999835392673,0.9620187596498545,1,-1.0691553376883007,-1.2035619095966614,1.6129672860031927,-2.296353521301064,0.0015517773105453109,1.0000000339897275,0.22659818260928874,1,3.7721912670308044,-3.2949468310906993,5.009820711407397,-0.7185923249828756,-0.01223836235784877,0.999999832107705,0.007874336056285246,0
10.68,-0.0037536190002318056,0.004731690565580263,-5.840542780313762e-10,-0.2626816564079803,0.33665095076094725,0.4252445731578251,2.239924585827363,0.00033130146370425055,1.0000029468745761,20.226328797752018,1,-0.4013935928858904,0.6083099435120727,0.7268239326979811,2.1576795767845214,0.002478510595936738,1.0000003975078922,2.6500526138581897,1,-0.5351831982202255,-0.8528100180230944,1.0100438735577102,-2.13051640580441,0.0011496742183938122,1.0000001113767574,0.9626840419026487,1,-0.9907682129281531,-1.2594560921555962,1.6055716113368868,-2.236694331903572,0.0015275842598358685,1.0000000342168514,0.22811234176988812,1,3.8082140476676094,-3.250498982516103,5.008000268951374,-0.7071650871702806,-0.012102548301076202,0.999999995848424,0.007883742332538368,0
10.700000000000001,-0.0037536190029578784,0.004731690565086138,-5.862262511362182e-10,-0.39473588009800126,0.22229655446827704,0.4524616699177102,2.6357599534040412,0.0003278637804675419,1.000002874506884,19.267459469471934,1,-0.5153410706742985,0.5157412326831734,0.7276772843163788,2.3598161562672875,0.002501436388962862,1.00000039665284,2.644352266548802,1,-0.4249230058654215,-0.9106123940589128,1.0081008829208817,-2.0070692832935446,0.001033961831463335,1.0000003353322195,0.9638851892467402,1,-0.908597818589368,-1.3105339966521639,1.5978177846438644,-2.1764693318300545,0.0014978233252630475,1.0000000344763562,0.22984237436805624,1,3.843758175065142,-3.205642073706803,5.0062040891410025,-0.6957295889964612,-0.011972977395946367,1.000000175714152,0.007893060278475555,0
10.72,-0.0037536190041708934,0.004731690564646729,-5.884299839921392e-10,-0.4600198076993799,0.07020364986147284,0.46592006407546827,2.99689214996375,0.00032295818596207753,1.0000028671465961,18.246930905984474,1,-0.6081976414760412,0.4022293269828264,0.7283733691287467,2.561521289604655,0.002490090853234091,1.0000003957536405,2.638357602783974,1,-0.30810615780072054,-0.9543487631418441,1.0060419257382727,-1.8831303590006556,0.0008857671553637605,1.000000004676316,0.9656091656418819,1,-0.8229070425819786,-1.3565277047097801,1.5897305806955668,-2.1156440190070085,0.0014633437226911218,1.0000000347684086,0.2317893912702217,1,3.878818655870278,-3.160381315271809,5.0044324205489605,-0.6842859294098673,-0.01184746339660279,0.9999998279940667,0.007902288151975944,0
10.74,-0.0037536190040534352,0.004731690564267011,-5.906475772886333e-10,-0.45371179280265467,-0.09249352534380807,0.4646238542599324,-2.9346401042940142,0.0003196248825050405,1.0000028599090056,17.297457879093205,1,-0.6762418061530456,0.27245552833062925,0.7288842714059642,2.7628912377233865,0.0024531317021025552,1.000000394846935,2.6323128991262155,1,-0.18650246321164266,-0.9832562338617771,1.0038982251013249,-1.7586717586791611,0.0007059273831765498,1.000000081688828,0.9678354363822185,1,-0.7339788316604077,-1.3971787333224241,1.5813366803191091,-2.0541845403877335,0.0014248624900962167,1.0000000350931448,0.23395429860966221,1,3.913390554496033,-3.1147219861346818,5.002685506015465,-0.6728342092025009,-0.011724245187096156,1.000000003813345,0.007911424219533322,0
10.76,-0.003753619002626913,0.004731690563948371,-5.928613776122471e-10,-0.3762332623861007,-0.2399978588663675,0.44865789409774864,-2.5694181617383363,0.0003171976212936925,1.0000027895408226,16.52176099103779,1,-0.7167603536907903,0.1317271117946551,0.7291895713020405,2.9640349247425406,0.0024054299274261872,1.0000003939692752,2.626461834788442,1,-0.06197746763079279,-0.9967901512382453,1.001702718258685,-1.6336731227304377,0.0004976086615925793,1.0000003433880797,0.9705359041390426,1,-0.6421166190335071,-1.4322395123619625,1.5726647085896575,-1.9920578688750108,0.0013830067463015982,1.000000035450655,0.2363377003508738,1,3.94746899421509,-3.06866943288672,5.000963582869791,-0.661374530921026,-0.011601635810892158,1.000000171693071,0.007920466757843973,0
10.780000000000001,-0.0037536189998155656,0.0047316905636878345,-5.950531148553317e-10,-0.23360849065610428,-0.34463210925003634,0.41926181090911735,-2.164474974542317,0.00031371544268862366,1.0000026463199618,16.0334185923068,1,-0.7281436633417149,-0.014230595046774847,0.7292770651908892,-3.118115551172339,0.0023626036087930546,1.00000039315577,2.6210384667914144,1,0.06353359839253533,-0.9946380707886455,0.9994895954433223,-1.5081221686957769,0.00026702382659149487,1.0000000299382776,0.973674930696052,1,-0.5476446718156217,-1.461475024437831,1.5637452662982527,-1.9292320073300986,0.001338395343524665,1.0000000358409675,0.23893978333339366,1,3.981049158246629,-3.022229069118934,4.999266882627041,-0.6499069988496164,-0.011477731560902935,0.9999998241547121,0.007929414054555961,0
10.8,-0.0037536189956137063,0.004731690563476199,-5.972041199238387e-10,-0.04252701876721618,-0.3745380855424297,0.3798733272328512,-1.685367523338028,0.0003085945568005349,1.0000024959545017,15.999055801619749,1,-0.7099413824290663,-0.15949379589475626,0.7291431953079682,-2.9170680833231697,0.002336797860675078,1.0000003924388396,2.616258931630191,1,0.18805437133364009,-0.9767308121632744,0.9972937924865427,-1.3820151608573013,2.3684048254332522e-05,1.0000000541985747,0.9772094649842795,1,-0.45090833279351306,-1.4846646120373752,1.5546109524358436,-1.8656762218006218,0.0012918348986982427,1.0000000362640284,0.24176018935096766,1,4.014126290836111,-2.9754063747327892,4.997595630240714,-0.638431719097508,-0.011349965551091122,1.0000000117739782,0.00793826440803228,0
10.82,-0.003753618990380355,0.004731690563294396,-5.99296947137451e-10,0.1577281391033512,-0.2972606156366403,0.33858706381384035,-1.0891075532581054,0.0003058381809146836,1.000002459392803,16.661686018277877,1,-0.6628778476577342,-0.2981651752250145,0.7287931820258314,-2.715886895322048,0.0023346150569864862,1.000000391847088,2.6123139205163928,1,0.3095981299948246,-0.9432500580335287,0.9951504426757707,-1.2553572637739838,-0.00021915221287002905,1.0000003471554424,0.9810892925345145,1,-0.35227412767648003,-1.5016039539291193,1.545296375366678,-1.8013613059140998,0.001244581433484127,1.0000000367196815,0.24479787733581415,1,4.046695698327817,-2.928206895229925,4.995950043052372,-0.6269487999573217,-0.011214317083726796,1.0000001674017103,0.007947016125426346,0
10.84,-0.0037536189859426247,0.004731690563108581,-6.013234697503644e-10,0.2924610971348981,-0.10472211274236154,0.3107982538770372,-0.3531005434471104,0.00031072868980162085,1.000002636847393,18.161985417705772,1,-0.5888271034969007,-0.42459810534776116,0.7282408573559782,-2.5144558038651326,0.002352365916532384,1.0000003914043012,2.6093620080001916,1,0.4262003884082994,-0.8946319740490501,0.9930942972587443,-1.1281627572665334,-0.0004453735327179117,1.0000000585887294,0.9852574572958468,1,-0.2521297056429523,-1.512107209125344,1.5358381511436379,-1.7362598769412243,0.00119787719502249,1.0000000372076463,0.24805097526649886,1,4.078752750230572,-2.880636240981901,4.994330331614707,-0.6154583528336778,-0.011065595335551525,0.9999998205957239,0.0079556675189859,0
10.860000000000001,-0.0037536189862864095,0.004731690562878234,-6.033050118509076e-10,0.28266498622710046,0.13834375101946994,0.31279520350511875,0.448508342203091,0.0003208945559088234,1.0000029721484556,19.940874112187178,1,-0.4907477967249969,-0.5336139847009371,0.7275081983165038,-2.3126679045585763,0.0023612035751161106,1.0000003911285884,2.6075239222133337,1,0.5359527659642299,-0.8315663652061477,0.9911591243201354,-1.000455086175417,-0.0006465503666311452,1.0000000294447084,0.9896509031664478,1,-0.15088357792633603,-1.5160093225119253,1.5262748851190517,-1.6703466998545815,0.0011504881088279986,1.0000000377274925,0.2515166163914863,1,4.11029288027538,-2.8327000864808753,4.992736708461812,-0.6039604929824967,-0.01090352364910069,1.0000000197177101,0.007964216905773612,0
10.88,-0.0037536189920246094,0.004731690562595304,-6.052909549449093e-10,0.13499352522244606,0.3185447968792985,0.34321371625059555,1.1690140281190629,0.0003289824057097647,1.0000032677390096,20.94690867854143,1,-0.37257873926959023,-0.620706360433879,0.7266245580316703,-2.110429732129123,0.0023160303887288566,1.00000039103168,2.606877866351937,1,0.6370374645144874,-0.7549909634322205,0.9893770903858908,-0.872266714124161,-0.0008264200723662438,1.00000034637887,0.9942012508386904,1,-0.04896461688729846,-1.5131684810818056,1.5166471206782304,-1.603599038430235,0.0010990672784133304,1.0000000382786138,0.25519075939894115,1,4.1413115874620905,-2.7844041695701085,4.991169398041279,-0.5924553372614821,-0.010735604623063296,1.0000001628468689,0.007972662614611681,0
10.9,-0.003753618998844594,0.0047316905622927004,-6.073098243915276e-10,-0.06748526437154992,0.38145683016501497,0.38493619974240667,1.7489936597104092,0.000332486196367299,1.0000034023818336,20.93311076343532,1,-0.23909666746412628,-0.6822251324739674,0.7256256128328713,-1.9076650895941667,0.0021947221224774796,1.0000003911184046,2.6074560304699244,1,0.7277615597368444,-0.6660805605308311,0.9877781340176248,-0.7436387805003524,-0.000983106582328374,1.0000000897363968,0.9988357637084245,1,0.053178723820919815,-1.503468702986809,1.5069972527697624,-1.535997045822122,0.0010430177816092938,1.0000000388601995,0.2590679960397315,1,4.171804437095738,-2.73575429065256,4.98962862608922,-0.5809430014890091,-0.010564998886455242,0.9999998173227406,0.007981002986505559,0
10.92,-0.003753619003985611,0.004731690562002523,-6.093545949943657e-10,-0.25425101287237367,0.34062444420819743,0.4234269858589479,2.2169939910124534,0.0003320665749624309,1.0000033525631373,20.273062903512738,1,-0.0957387883870526,-0.7155337699402403,0.7245520507075163,-1.7043183856662074,0.0019964109198559324,1.000000391386368,2.6092424528851303,1,0.806590214555081,-0.5662308493432388,0.9863893657112303,-0.6146205608411943,-0.0011099654794672613,1.0000000078309546,1.003478536179234,1,0.15507950857831826,-1.486822533977789,1.4973694259730064,-1.467524188371041,0.0009835684327797068,1.0000000394712019,0.26314134597114625,1,4.2017670618147696,-2.6867563118793405,4.988114607655194,-0.5694236018250102,-0.010389214852898137,1.000000027631954,0.00798923636904643,0
10.940000000000001,-0.003753619007016572,0.004731690561737968,-6.114054844005845e-10,-0.3896185459753588,0.2291444102230867,0.4513289614067187,2.615540675609378,0.000329094526597707,1.00000314302777,19.322544865640197,1,0.05160585752171202,-0.7191322644839422,0.7234480171281432,-1.5003573150719318,0.001731192540279194,1.000000391825864,2.6121724261072408,1,0.872177859805218,-0.4570370184466578,0.9852345143981931,-0.48526871292941404,-0.0012042059235156573,1.0000003408529712,1.0080518622043122,1,0.2562537788964598,-1.4631738174856392,1.48780940519366,-1.3981676864981518,0.0009215418441726606,1.000000040110306,0.26740204019625746,1,4.231195162609555,-2.637416156319568,4.986627549105226,-0.5578972564057852,-0.010205681481117453,1.0000001580357627,0.00799736111616387,0
10.96,-0.0037536190082614026,0.004731690561498643,-6.134443365606035e-10,-0.458679486701189,0.07836417939408984,0.4655673235893247,2.977856017053316,0.0003254164424927326,1.0000028457194303,18.301436228578822,1,0.19683039858494425,-0.6927386960540498,0.7223593578173244,-1.2957747261087844,0.0014205853383042614,1.0000003924200498,2.6161336655119394,1,0.923396368048313,-0.34026735179574863,0.984333429399331,-0.3556463157198411,-0.001268197046710037,1.000000122374184,1.012477750499218,1,0.3562024103758917,-1.4325004951239066,1.478364405075748,-1.32791897102073,0.0008573041342635578,1.0000000407758958,0.27183930456527616,1,4.2600845098297215,-2.58773980711112,4.985167652342117,-0.546364085581251,-0.010013073823417548,0.9999998143409471,0.00800537559043525,0
10.98,-0.003753619008140029,0.004731690561277629,-6.154581609976728e-10,-0.4562595223197343,-0.08442164809532803,0.46507372912943024,-2.9537511142813853,0.0003226185546774693,1.0000025648594981,17.34538408648083,1,0.33386165038160776,-0.6373229914052507,0.7213317195517369,-1.090589516731618,0.00109553388438544,1.0000003931454156,2.6209694366377034,1,0.9593592783001129,-0.21783229959860823,0.9837016543749397,-0.2258217238985552,-0.0013075738703489741,0.9999999896390507,1.016679547442862,1,0.45441340155524335,-1.3948173836347262,1.4690828759538994,-1.2567741510919594,0.000791276733984093,1.0000000414660246,0.2764401634715293,1,4.288430944179592,-2.5377333065916625,4.983735116847829,-0.5348242116935601,-0.009810995981110024,1.0000000355041698,0.008013278164664317,0
11.0,-0.0037536190069042616,0.004731690561065735,-6.174383179215204e-10,-0.3825241722664535,-0.23342662396782268,0.4498804596875874,-2.5898789750935762,0.00032117511882860905,1.0000023959188395,16.557650657075662,1,0.4569192368294843,-0.5550878721099332,0.7204085853177932,-0.8848464210103537,0.0007892073788678015,1.0000003939725652,2.6264837686807447,1,0.9794412163510364,-0.09174969637067616,0.983350089591152,-0.09586726712918017,-0.0013288553341586778,1.0000003304564657,1.0205836169513627,1,0.5503646230349755,-1.3501788631436806,1.4600142436785175,-1.1847344840443916,0.0007242403171241303,1.000000042178391,0.28118927354085976,1,4.316230377701362,-2.487402755410156,4.9823301403687354,-0.5232777588317273,-0.00959961810238685,1.0000001529760136,0.008021067223044898,0
11.020000000000001,-0.0037536190044824766,0.004731690560853442,-6.193782262249592e-10,-0.24311631725738128,-0.3411514898815492,0.42114859131725535,-2.1878651967305824,0.00032012397112386504,1.0000023852392714,16.05019089924646,1,0.5607705818274843,-0.44939419261400343,0.7196293352582408,-0.6786145944068702,0.0005280413297088795,1.0000003948673148,2.6324487659387197,1,0.9832917962074729,0.03589300910507485,0.9832847548508473,0.0341421697870548,-0.0013380532877067378,1.0000001554389695,1.024121018100374,1,0.6435270475449554,-1.298681401748436,1.4512086007687521,-1.1118068338643676,0.0006573042886240666,1.0000000429103162,0.286068775016828,1,4.34347879474556,-2.436754311619478,4.9809529188767545,-0.5117248526287833,-0.009379357353824813,0.999999811655067,0.00802874116340568,0
11.040000000000001,-0.003753619000552674,0.004731690560629869,-6.212704487147669e-10,-0.05391506351884635,-0.3759682404044312,0.382148751253445,-1.7138180849821172,0.0003179647366962277,1.000002519144865,15.985687307869913,1,0.640968796524972,-0.32463081489987083,0.719027436228142,-0.4719849751376051,0.00032606321744199667,1.000000395792081,2.6386138733363653,1,0.9708434762845052,0.1629784948087086,0.9835066609655707,0.16413064332508281,-0.0013391825766727716,0.9999999750623048,1.0272291173447885,1,0.7333684703337332,-1.2404658334571113,1.4427163490516752,-1.0380041032200837,0.0005917897867084154,1.0000000436587229,0.29105815296442933,1,4.370172252927424,-2.385794189750061,4.979603645868001,-0.5001656201377579,-0.009150415346850014,1.0000000433218839,0.008036298401699098,0
11.06,-0.003753618995038931,0.004731690560376715,-6.231055632403837e-10,0.14743060465430444,-0.30510583965941657,0.3406386562678795,-1.1249157526535827,0.00031544635427678666,1.0000027500988318,16.60421415275706,1,0.6940601374399917,-0.1860326647548249,0.7186288665022932,-0.2650664859831656,0.00018659995209765364,1.0000003967075157,2.644716772037708,1,0.9423130680691302,0.28740015729071894,0.9840117928418797,0.2940226774893459,-0.0013329066215601905,1.0000003152003194,1.029853073266234,1,0.8193577140394395,-1.175719299369509,1.4345877962526083,-0.9633456235396451,0.0005292949654885723,1.000000044420119,0.29613412570894004,1,4.396306884067885,-2.334528659864027,4.9782825109850934,-0.48860018994965115,-0.008911987973972042,1.000000147675638,0.00804373737805377,0
11.08,-0.0037536189898921546,0.004731690560058631,-6.248816381872191e-10,0.2880558045631324,-0.11795270351362182,0.31163621555765214,-0.39573553560656854,0.0003174053025434804,1.000003021526933,18.064624094995217,1,0.7177484928964276,-0.03945433384118276,0.7184508756458424,-0.057981237512734145,0.00010822294665873873,1.000000397574309,2.65049539299015,1,0.8981968402540487,0.4071023892231205,0.9847912030044645,0.4237447705801796,-0.001318515430611405,1.0000001878863194,1.0319471377684841,1,0.900969294277947,-1.1046767562296367,1.4268727114610367,-0.8878574870837534,0.0004715480180803714,1.000000045190588,0.30127058687150754,1,4.421878895119186,-2.282964046589591,4.976989699700582,-0.4770286929164396,-0.008662305184635276,0.9999998092693551,0.008051056561611564,0
11.1,-0.003753618989982016,0.00473169055963197,-6.266313050048988e-10,0.28695119807479297,0.12533975645697426,0.31184291682988863,0.4061833382354769,0.00032429844557358106,1.0000032265307406,19.857403780461254,1,0.7110063658150855,0.1088899037748771,0.7185011660003391,0.1491410184406762,7.919497333228356e-05,1.0000003983550394,2.655700262707343,1,0.8392594102483192,0.520119395311969,0.985831214360402,0.5532268337166103,-0.0013013621863053534,0.9999999642511437,1.033475721100597,1,0.9776885021339737,-1.0276219537750089,1.419619847559776,-0.8115728009879741,0.0004185463507808456,1.0000000459657936,0.3064386246792048,1,4.4468845690750065,-2.2311067281357215,4.975725400470003,-0.4654512630183268,-0.008403767279820581,1.0000000510727083,0.008058254454725846,0
11.120000000000001,-0.0037536189958826483,0.004731690559093775,-6.284199285076786e-10,0.14483866661624045,0.31113384606458183,0.34111743441117004,1.1337587369977342,0.0003272064845032541,1.0000032430786967,20.921074833896494,1,0.6741249676222014,0.2527059632821771,0.7187775589743204,0.356168868296143,7.860043511341795e-05,1.0000003990159618,2.6601064124025906,1,0.7665168505978712,0.624611477931881,0.9871137318981781,0.6824035271083574,-0.0012913357730064733,1.0000002952777856,1.0344141543282135,1,1.0490168383779521,-0.9448877838367411,1.4128764292089842,-0.7345318377144398,0.0003676537116465523,1.000000046740994,0.3116066259967366,1,4.4713202658634295,-2.1789631352867316,4.974489815980085,-0.4538680354463419,-0.008145996755343374,1.0000001421430322,0.008065329600990354,0
11.14,-0.00375361900257592,0.00473169055848897,-6.302857541440332e-10,-0.05681824367463753,0.3803927048771689,0.38267251467348984,1.720976644464845,0.00032672674769412553,1.000003109200759,20.95442798933871,1,0.6087000067951603,0.38590426709281667,0.7192681362410809,0.5629752801490516,0.00011070959888993198,1.0000003995286866,2.6635245777430483,1,0.6812146435939533,0.7188978545013742,0.9886166400302462,0.8112154676531976,-0.0012873729781581827,1.0000002187646257,1.0347491543009555,1,1.114477712556064,-0.8568559120452813,1.4066875994298473,-0.6567820725584136,0.0003175628286239099,1.0000000475110693,0.316740462552566,1,4.495182423223691,-2.1265397503751027,4.973283154818761,-0.4422791434170792,-0.007894880343578657,0.9999998071875903,0.008072280585137499,0
11.16,-0.003753619007439285,0.004731690557859511,-6.322269960161442e-10,-0.24559351043411567,0.34433521902441433,0.4215793694898972,2.193875119669142,0.00032594585452378654,1.0000029599148896,20.318830103977533,1,0.5175541441812386,0.5028726899468324,0.7199518316176776,0.7694433557574909,0.00018224317162536218,1.0000003998714904,2.665809936435981,1,0.5848012755432386,0.801485242512549,0.9903142609187048,0.9396102638412982,-0.0012758082129418332,0.99999995735397,1.0344789123255484,1,1.1736222974978476,-0.7639556163745725,1.4010958536101512,-0.5783781035381952,0.00026875286702538717,1.0000000482705662,0.32180377467636934,1,4.518467557570553,-2.0738431062340856,4.972105617159591,-0.43068471893110016,-0.007650606605276136,1.0000000587443618,0.008079106020491177,0
11.18,-0.0037536190104105376,0.004731690557228122,-6.342303576854086e-10,-0.3842292424498615,0.23582019399887613,0.45015663432572717,2.5952276153861273,0.00032446179669320485,1.0000028810651092,19.377304252973634,1,0.40460136452640866,0.5987233064022058,0.7207994460310423,0.9754714606292068,0.0002575359407933339,1.0000004000302123,2.6668680815200068,1,0.4788983771361832,0.8710916568026937,0.9921778836122677,1.0675433579480251,-0.0012329040710386378,1.0000002710984552,1.0336125327622578,1,1.2260354091663543,-0.6666617748837473,1.396140483035381,-0.49938142900196875,0.00022161055968401326,1.0000000490137535,0.32675835668871184,1,4.541172264846612,-2.0208797851336886,4.9709573940938725,-0.41908489444831853,-0.0074127496677515925,1.0000001363869622,0.008085804539167069,0
11.200000000000001,-0.0037536190118618914,0.004731690556607223,-6.362840614636267e-10,-0.4570487263597143,0.08643190324634954,0.46517118754717507,2.958799317323744,0.000321763979026849,1.0000028702793133,18.35602011920591,1,0.27466214046108167,0.6695003703271999,0.7217749852112091,1.1809774937784125,0.0002557431171533115,1.000000399998704,2.666658026009379,1,0.3652683804209751,0.9266650763459334,0.9941763645956804,1.1949786638018818,-0.0011300975344946862,1.0000002472696916,1.0321689046706963,1,1.2713412651906393,-0.5654919693842992,1.3918570311054692,-0.41986007081757776,0.0001760263923403359,1.000000049734696,0.3315646400998718,1,4.563293221360678,-1.9676564177011222,4.969838670659809,-0.40747980326768496,-0.007181524897766433,0.9999998054130702,0.008092374787234754,0
11.22,-0.00375361901199546,0.0047316905560055855,-6.383780815164691e-10,-0.458512820426128,-0.07636671321804817,0.4654795921797977,-2.9728155063682977,0.0003182175181264599,1.000002865501621,17.393702592656435,1,0.13324092485346004,0.7123401401375618,0.72283723144652,1.3859021815615886,0.00011662254328930067,1.0000003997789477,2.6651929847091105,1,0.24578066924712616,0.9673968374779661,0.9962767766278013,1.3218889717406286,-0.0009542186503011262,0.9999999545350033,1.0301758135672758,1,1.309208963784566,-0.46100270115810515,1.3882767747467124,-0.33988804329921696,0.0001315666132701147,1.0000000504273403,0.33618226853700056,1,4.584827184610486,-1.9141796818255683,4.96874962707267,-0.39586957938981326,-0.006957441434508285,1.0000000663246886,0.008098815422183346,0
11.24,-0.00375361901084058,0.004731690555429817,-6.40502012972527e-10,-0.3885315737264941,-0.22679021825173165,0.4510616041191549,-2.6102166985341126,0.000314427101499316,1.0000028011061934,16.59427186571122,1,-0.013720998528656532,0.7255768284930445,0.7239415277521932,1.590211328912167,-0.00012950282100161878,1.0000003993810151,2.6625401007286356,1,0.12237714531252186,0.9927297848803395,0.9984450482766462,1.4482561093627382,-0.0007242305782810167,1.0000002432884305,1.0276701832196113,1,1.339357519728483,-0.35378474778740343,1.3854262478687331,-0.25954467215283683,8.766048480317236e-05,1.000000051085613,0.3405707531792058,1,4.60577099408877,-1.8604563015473639,4.96769043862043,-0.3842543573493722,-0.006740921865823594,1.000000130416547,0.008105125112139117,0
11.26,-0.0037536190083283794,0.004731690554883602,-6.42643912694349e-10,-0.25237995747894215,-0.3375092334056935,0.4230026182807136,-2.2110304882981895,0.0003105591488712546,1.00000266135557,16.068183964425256,1,-0.16010396270409963,0.7087926152605997,0.7250417501628499,1.7938968954177308,-0.00039514980497394733,1.000000398822668,2.6588177861572846,1,-0.0029619747162662833,1.0023613851721704,1.0006465398529685,1.5740709094651513,-0.0004764320954551042,1.0000002727634087,1.0246982613728564,1,1.3615602969421363,-0.24445772501240917,1.3833268227700892,-0.17891377331451455,4.376716004411055e-05,1.0000000517035288,0.3446901916955141,1,4.626121572072227,-1.8064930459318926,4.966661274880669,-0.372634272107682,-0.006532000876263268,0.999999803948606,0.008111302536690129,0
11.280000000000001,-0.0037536190044351533,0.0047316905543657185,-6.447900603202827e-10,-0.06516101853372772,-0.37713087317897115,0.3844134585275752,-1.7419091767477215,0.00030653801888425405,1.000002505477614,15.97428806800359,1,-0.29986709301847514,0.6628129261000804,0.7260923302945379,1.9969768066327749,-0.0006136554067222783,1.000000398128366,2.6541891063086367,1,-0.12825141920271688,0.9962421748530288,1.002846569368283,1.699333053138862,-0.0002386505038577347,0.9999999559599735,1.0213142623311617,1,1.3756486885720387,-0.13366395220238353,1.3819943635540426,-0.09808270820967266,-4.3481047656911455e-07,1.0000000522753043,0.3485020284362065,1,4.645875924392264,-1.752296727928041,4.965662298358355,-0.3610094590365297,-0.0063299388174837875,1.0000000738016779,0.008117346388827117,0
11.3,-0.0037536189994381523,0.004731690553866352,-6.469262070485371e-10,0.13705986250967805,-0.31263109609815976,0.34272550701322135,-1.1602637510804896,0.0003039250498869904,1.0000024514967127,16.54936161809399,1,-0.42729321656540187,0.589650831773513,0.7270501595217728,2.1994936157709364,-0.0007609720343287432,1.0000003973279,2.648852665994838,1,-0.25153256595330215,0.9745700110307604,1.0050109262876825,1.8240508039847423,-2.1767845235408767e-05,1.0000002126596519,1.0175782743787143,1,1.3815149154642397,-0.022061752150743796,1.3814389631964552,-0.01714133857931637,-4.483318524248968e-05,1.0000000527954744,0.35196982941247607,1,4.6650311411869385,-1.6978742032111291,4.964693662438749,-0.3493800541372892,-0.0061325828385389355,1.0000001242412448,0.00812325537687449,0
11.32,-0.0037536189949153014,0.00473169055336188,-6.490444811376589e-10,0.28330868630538303,-0.13103355689863594,0.31256663397009643,-0.4381054935917538,0.0003071685117147034,1.0000026072682697,17.968408012446815,1,-0.5372124952612312,0.4924063159621345,0.7278762867566604,2.4015122386423315,-0.0008376950174334311,1.0000003964549302,2.6430328682766877,1,-0.3709031088654334,0.9377806284365787,1.0071063737922055,1.94824062637431,0.00017482348285566073,1.000000294772602,1.0135544965577141,1,1.379113841693656,0.08968165689284197,1.3816647737243162,0.06381908960942038,-8.901078636433555e-05,1.0000000532590063,0.3550600424087227,1,4.683584397634523,-1.6432323690106783,4.96375550996507,-0.33774619488803775,-0.0059364502621964375,0.9999998027965169,0.008129028224556975,0
11.34,-0.003753618994757995,0.004731690552819712,-6.511625151844197e-10,0.2908955397532992,0.11211729241670444,0.3109838346783712,0.363619729678527,0.00031602268267395323,1.000002936997829,19.771349363140104,1,-0.6251978516507904,0.37512725652868867,0.7285373761406374,2.603116959892063,-0.0008630869908275272,1.0000003955455237,2.6369701580675406,1,-0.4845443462272665,0.8865350231874075,1.0091011185616023,2.0719266930289417,0.000349048810603811,0.9999999617733621,1.0093098864047831,1,1.3684637401532236,0.20089749888643607,1.3826699405171086,0.14470709983164873,-0.00013361546791976385,1.0000000536614064,0.3577427093248146,1,4.701532954668463,-1.5883781629238953,4.96284797887624,-0.3261080215365614,-0.0057412992094465235,1.0000000811634817,0.008134663670640318,0
11.360000000000001,-0.0037536190002589887,0.004731690552235098,-6.53327532048123e-10,0.15460896091002221,0.30333397085201746,0.3390583223889277,1.0980654815798152,0.0003227638785809098,1.0000032462309207,20.89181651898561,1,-0.6877272035193758,0.24263939409489427,0.7290069071753151,2.804407863847104,-0.0008717224679171245,1.0000003946367106,2.630911403940368,1,-0.5907458747750989,0.8217041837040919,1.0109652409746783,2.1951402961852673,0.0004888309944858226,1.0000001801659306,1.004913009617461,1,1.3496459799690264,0.31092281753415374,1.3844466485229325,0.2254321491636701,-0.0001805914499191959,1.0000000539988154,0.35999210331318016,1,4.718874159671516,-1.5333185617158807,4.961971214869855,-0.31446567592375957,-0.005553256596519658,1.0000001178708402,0.008140160476624988,0
11.38,-0.003753619007306636,0.0047316905516467675,-6.555696478293543e-10,-0.04601186431352514,0.3789895987249339,0.3804000999689999,1.692615404919282,0.00032652854072950786,1.0000033993872028,20.97354626599658,1,-0.7223091741421567,0.1003525196727189,0.7292661120876057,3.005496840052713,-0.0008783553161806814,1.000000393765088,2.6251005877805578,1,-0.6879275778408751,0.744351665767115,1.012671091024806,2.3179191976709372,0.0005903103369421074,1.0000003129680937,1.0004329818712676,1,1.322803647200608,0.41910770166683153,1.3869812603340104,0.3059057731115278,-0.00023011815491146473,1.0000000542680911,0.36178727435563984,1,4.735605447146923,-1.4780605801048743,4.961125366772711,-0.3028192982072409,-0.005375047440716368,0.9999998019586273,0.00814551743539626,0
11.4,-0.0037536190128117704,0.00473169055109628,-6.578805286996947e-10,-0.2366939998196144,0.34781005263882075,0.4197002885099294,2.170542053529134,0.0003295580147481624,1.000003366524427,20.363496707281772,1,-0.7275702225136301,-0.04595019638131764,0.7293046296873723,-3.0766819959791163,-0.000875755395538081,1.0000003929654986,2.619769990462818,1,-0.7746588810928214,0.6557144658291528,1.0141936319344456,2.4403069473769556,0.0006604219536523101,0.9999999720539317,0.9959384789749905,1,1.2881391500109647,0.5248221750087443,1.3902545361255463,0.386042662158986,-0.00028075880557649357,1.00000005446687,0.3631124657810462,1,4.751724339368653,-1.4226112695316175,4.960310571770386,-0.2911690271919373,-0.005203966185254478,1.000000088398435,0.008150733368993355,0
11.42,-0.0037536190161674664,0.004731690550605677,-6.602352831119873e-10,-0.3785572158557884,0.24235423788184235,0.44894342576221097,2.574800625238181,0.00033144017177744937,1.0000031690141309,19.431641671335942,1,-0.7033020497096201,-0.1903332018786918,0.7291208579642225,-2.875635520661676,-0.0008544398488070258,1.0000003922698066,2.615132044129922,1,-0.8496753148357069,0.5571825912348135,1.0155107271452928,2.5623521692428497,0.0007074670653084765,1.0000001468344535,0.991496818107298,1,1.2459108968249446,0.6274625834040739,1.3942419477697248,0.46576164047070717,-0.0003310264981402617,1.0000000545936083,0.3639573885036576,1,4.767228447012109,-1.3669777169152928,4.959526953454519,-0.2795150021793494,-0.005036773999884624,1.0000001113154247,0.008155807127118296,0
11.440000000000001,-0.0037536190176711125,0.004731690550181549,-6.626086482882515e-10,-0.455122620171715,0.09443843742732044,0.4647311757984231,2.9397051765718043,0.00033160679020506596,1.0000028753437515,18.41060742631934,1,-0.6504687585170333,-0.3269336732992779,0.7287220072069882,-2.67442796812913,-0.0008102883899196966,1.0000003917057967,2.611371977569919,1,-0.9118924673024766,0.4502776649044365,1.0166033831798431,2.6841078235221447,0.0007387621916929004,1.0000003271289688,0.9871731276080042,1,1.1964291658424284,0.7264573367601578,1.3989140745526483,0.5449865306017491,-0.0003796429430542833,1.0000000546476029,0.36431735227688494,1,4.782115469763799,-1.311167043397085,4.958774625162741,-0.2678573636278125,-0.004871025945002901,0.9999998014362639,0.008160737589865817,0
11.46,-0.003753619017747835,0.004731690549822053,-6.649793933815457e-10,-0.46047304742879414,-0.06829791796867181,0.4658422180512547,-2.991849692127671,0.0003305500902581409,1.0000025885699593,17.442345580797294,1,-0.5711736940495886,-0.45018467138146373,0.7281238548147306,-2.4729441947925603,-0.0007466586794081166,1.000000391296202,2.608641347703053,1,-0.960417439305675,0.33663083955924594,1.017455950836045,2.8056304575267417,0.0007608335210023261,0.9999999867733936,0.9830296452525362,1,1.1400513073505567,0.8212718936342306,1.4042370611559207,0.6236468855727495,-0.0004254314967979472,1.0000000546289876,0.3641932501171166,1,4.796383196908458,-1.255186403070968,4.958053692086735,-0.2561962531786643,-0.004704822769002118,1.0000000954950736,0.008165523670949783,0
11.48,-0.0037536190166643424,0.0047316905495212455,-6.673300614358502e-10,-0.3942629496433995,-0.22006073632765738,0.4522036428362985,-2.630450827961269,0.0003283984214872548,1.0000024067536515,16.631548587426014,1,-0.4685863167813831,-0.5550302041935923,0.7273502028743581,-2.271079343487058,-0.0006753921681289446,1.0000003910578812,2.6070525405517415,1,-0.994557921063988,0.21796023638014256,1.0180562837335245,2.9269794530867506,0.0007795639256376972,1.0000001137062204,0.9791251132853576,1,1.0771764353826523,0.9114129102873243,1.4101731222839868,0.701678574910669,-0.000467250123874358,1.0000000545387102,0.3635914011565614,1,4.810029507893412,-1.199042981701775,4.957364252110208,-0.24453181357244314,-0.004536518899786096,1.0000001045853841,0.0081701643201613,0
11.5,-0.0037536190143891233,0.004731690549271289,-6.696450460114134e-10,-0.2614119857032212,-0.3336827266456962,0.42482766126615695,-2.2339983264668204,0.0003258991722039215,1.0000023812835375,16.08728994936836,1,-0.34683000345838205,-0.6371257955670695,0.7264320444742922,-2.0687429485339344,-0.0006172836542090096,1.0000003910011457,2.606674304327703,1,-1.013829009615513,0.09604807151836446,1.0183958570900895,3.0482162756478943,0.0008007607370879415,1.0000003371181956,0.9755142211709918,1,1.0082397716234865,0.9964315109732257,1.4166810789095265,0.7790242188777606,-0.000503945323930975,1.0000000543784897,0.36252326452541794,1,4.823052372870507,-1.1427439954309655,4.95670639595921,-0.23286418857356084,-0.004364501396374255,0.9999998012302537,0.008174658525080598,0
11.520000000000001,-0.0037536190106178223,0.004731690549061567,-6.719079205779604e-10,-0.07627939326220824,-0.37801072576029643,0.3866717384312975,-1.769682135502474,0.0003264348442240907,1.0000025027430366,15.964684462142001,1,-0.2108324677578605,-0.6930177790329072,0.7254064539379834,-1.8658626611810918,-0.0005966619582658138,1.000000391129258,2.607528387527267,1,-1.0179578686683899,-0.027282408776498034,1.0184698501633769,-3.1137815815691203,0.0008308789057041854,1.0000000057709162,0.9722471167544635,1,0.9337068025931557,1.0759256700726265,1.423716911071044,0.8556334718541478,-0.0005342643009321601,1.0000000541507563,0.36100504200500805,1,4.835449853215208,-1.086296689470315,4.956080206743218,-0.22119352293613728,-0.0041868912340018655,1.0000001024421528,0.008179005312053858,0
11.540000000000001,-0.0037536190051842087,0.004731690548873135,-6.741002634563786e-10,0.1266049538742006,-0.3198261274134093,0.3448502142736831,-1.1952063565661184,0.00033003250383911535,1.000002724729699,16.496895929492055,1,-0.0661416358196608,-0.7202941762739422,0.7243152210269626,-1.662387463569954,-0.0006219957021774482,1.0000003914381745,2.609587830423059,1,-1.0068863066803577,-0.15019009777744635,1.0182771939399577,-2.9925801158435057,0.0008769474969905432,1.0000000817874362,0.969368989238756,1,0.854067402086754,1.149541727506429,1.4312343124290015,0.9314631614775788,-0.0005567311561165764,1.0000000538585787,0.35905719081851206,1,4.84722010202295,-1.0297083367837925,4.955485758659308,-0.20951996254076832,-0.0040010269947934295,1.000000097691381,0.008183203745851502,0
11.56,-0.0037536189997100008,0.004731690548669218,-6.76209694467321e-10,0.27820986501391104,-0.14395029940622298,0.3135893629272279,-0.4802605232691471,0.0003365163372379683,1.0000029929165128,17.873197921820164,1,0.08128867566893634,-0.7176998529904279,0.723203243439679,-1.458290212520871,-0.0006869591903036752,1.0000003919165632,2.6127770875378826,1,-0.9807713178273252,-0.27083923829114753,1.017820584831638,-2.871301402867631,0.0009451609569628253,1.0000003428660693,0.9669197059998735,1,0.7698300560002198,1.2169750852202859,1.4391852322829524,1.0064772939035647,-0.0005699962374882739,1.0000000535055804,0.35670387005999493,1,4.8583613645837085,-0.9729862367580613,4.954923115703266,-0.1978436551142647,-0.0038036001056823785,0.9999998013409218,0.008187252926229953,0
11.58,-0.003753618998956945,0.004731690548400046,-6.782561843979643e-10,0.294478572071924,0.09868815489936417,0.3102170293165958,0.3207713867525665,0.00034741967283554576,1.0000032097322675,19.682626081716652,1,0.22533707630476604,-0.685208904275696,0.7221167292483213,-1.2535693188709962,-0.0007941846687340892,1.0000003925460073,2.616973381660135,1,-0.9399835961178094,-0.38742261836391184,1.0171064611842657,-2.7498831093398355,0.0010344846651038648,1.0000000287399462,0.9649334883115291,1,0.6815163076412721,1.2779701535194974,1.4475203950191087,1.0806469364237588,-0.000574807369638583,1.0000000530958517,0.3539723446530467,1,4.868871978835663,-0.9161377138625183,4.954392336533692,-0.18616475162020246,-0.0035947432603736936,1.0000001092286643,0.008191151981157352,0
11.600000000000001,-0.0037536190043288694,0.0047316905480496085,-6.802974855538504e-10,0.16428687231357933,0.29514633866275997,0.33703385601588554,1.0618854456781228,0.0003554707715451592,1.000003247024526,20.859030064860132,1,0.3599686315081438,-0.6240480598923901,0.7211012810269791,-1.0482494106386575,-0.0009575678464834966,1.000000393301517,2.6220101129279927,1,-0.8851039973408502,-0.49818469518272496,1.0161449352107847,-2.6282645457677125,0.0011351638463706405,1.0000000520100345,0.9634386173017927,1,0.5896555200917847,1.3323196313513441,1.4561897992698851,1.1539499951504026,-0.0005741952236648802,1.0000000526338553,0.3508923681029686,1,4.87875037579739,-0.8591701163009021,4.953893488548284,-0.17448340557610936,-0.003380868114438231,1.0000000906443374,0.008194900065415336,0
11.620000000000001,-0.0037536190109880834,0.004731690547652333,-6.823716404208077e-10,-0.03507685472305699,0.3772470894661774,0.3781153004220402,1.663872313771399,0.00035839015389951167,1.0000031239807001,20.99045805990136,1,0.4794942774760706,-0.5366664623126302,0.7201999246991992,-0.8423808785730627,-0.0011650898752439932,1.0000003941523823,2.627682549100688,1,-0.8169178897689985,-0.6014445744890519,1.0149496916378442,-2.506387427605611,0.0012432565540332421,1.0000003443593373,0.9624571638721175,1,0.49478002988621883,1.3798632143559948,1.465143187166365,1.226370919049576,-0.0005690600237202893,1.0000000521243346,0.3474955635702358,1,4.887995079976132,-0.8020908146543766,4.95342664754205,-0.1627997695462283,-0.0031656026438347928,0.9999998017680927,0.008198496363793988,0
11.64,-0.003753619015927547,0.004731690547243494,-6.844762498762688e-10,-0.2275605946580615,0.35105046174734267,0.41778653528549975,2.146968773853602,0.0003591188356775901,1.0000029732034168,20.40713442387334,1,0.5788235604501751,-0.42664954079409867,0.719451182587378,-0.6360382299135626,-0.0013815374859117912,1.0000003950633398,2.633755598984611,1,-0.7364073057601589,-0.6956187459052563,1.0135378614995496,-2.3841966340505296,0.0013602638083638858,1.0000000552249015,0.9620047339793492,1,0.3974207443378731,1.4204858283832296,1.4743304564923163,1.297900342623426,-0.0005585078536832709,1.0000000515722245,0.34381482942366215,1,4.8966047097530945,-0.7449072005148245,4.952991883250753,-0.151113994698034,-0.0029478027390353106,1.0000001158438554,0.00820194008422618,0
11.66,-0.0037536190189305495,0.004731690546838403,-6.865965863347631e-10,-0.372610467993464,0.24874904129886005,0.4476871794940943,2.5542401784312734,0.00035863126513718726,1.0000028880036655,19.485658779119827,1,0.6536975448637421,-0.2985777938440363,0.7188872940385502,-0.429317217129481,-0.0015777710638293853,1.0000003959960215,2.6399734774059427,1,-0.6447407850923541,-0.7792434365353079,1.011929852427084,-2.261640956486914,0.0014853335363860971,1.0000000251992338,0.9620902259030955,1,0.2981032137243403,1.4541154855838772,1.4837020226070534,1.3685346725701601,-0.0005420750596231508,1.0000000509825673,0.3398837820223244,1,4.904577977748232,-0.6876266851109432,4.952589255911382,-0.13942623244262417,-0.0027262138149112994,1.0000000834554181,0.008205230450598374,0
11.68,-0.0037536190203777946,0.004731690546441036,-6.887207198861059e-10,-0.4529095049928368,0.10238574174236788,0.4642459904312879,2.920556669878963,0.00035703181654193574,1.0000028734190525,18.46529885431654,1,0.7008885948337404,-0.15783487829981402,0.7185326809718066,-0.2223308129034442,-0.0017424658871415218,1.000000396910637,2.646070913946638,1,-0.543260789553198,-0.850996397261454,1.0101491310332564,-2.1386738427813885,0.0016143709906440036,1.0000003416330636,0.9627156033601973,1,0.1973441912849453,1.480720856984031,1.4932091396226577,1.4382756404343477,-0.0005199415981970696,1.0000000503604358,0.33573623920187484,1,4.911913691162712,-0.6302566979295621,4.952218819354545,-0.12773663507582855,-0.0025006406868084852,0.9999998025110883,0.008208366703944944,0
11.700000000000001,-0.0037536190205040305,0.00473169054605157,-6.908404355304362e-10,-0.4621482994850622,-0.06021505442897216,0.46616062941678926,-3.010870221421209,0.00035484164622293047,1.000002870677457,17.491396949519295,1,0.7183547633901228,-0.010373130610518713,0.718402758034174,-0.015204204525526016,-0.0018814628778291312,1.0000003977678047,2.6517853650878265,1,-0.43346856999190064,-0.9097178805617968,1.008221960243225,-2.0152541319985615,0.001741532261616587,1.0000000846246049,0.9638756910396965,1,0.095648678767066,1.500308648562366,1.5028041783498152,1.5071298392540853,-0.0004926493781094015,1.0000000497108636,0.3314057578141116,1,4.918610752095672,-0.5728046853324457,4.951880623305453,-0.11604535570476128,-0.00227157846796746,1.0000001222772439,0.00821134810992541,0
11.72,-0.0037536190193509372,0.004731690545668637,-6.929491060819748e-10,-0.39972481730216614,-0.2132404878044901,0.4533051283702314,-2.650598760758484,0.0003527975210414234,1.0000028122069833,16.66953885634901,1,0.7053387841171898,0.13755193374403882,0.7185031719707615,0.19193093187932656,-0.002009617324226127,1.0000003985304284,2.6568695236431354,1,-0.3170063842605357,-0.9544305079357855,1.0061770907868985,-1.8913467683029517,0.0018600737276244226,1.0000000020457855,0.9655580020498709,1,-0.006492557675771594,1.5129208587836913,1.512440860207562,1.5751082564285641,-0.0004609015433774816,1.0000000490387848,0.326925231955618,1,4.92466815783332,-0.5152781091681498,4.9515747143059,-0.1043525480100519,-0.002039815201186081,1.000000076136013,0.00821417396981813,0
11.74,-0.0037536190168622812,0.004731690545289155,-6.950400932960801e-10,-0.27021484995519063,-0.3296767468138704,0.42662053492438856,-2.2567867665925623,0.00035134328778891705,1.0000026764688308,16.10753952189189,1,0.6624050165285895,0.2796639485398286,0.7188295258023681,0.3989425452117932,-0.002138885543727765,1.000000399165498,2.661103320327446,1,-0.19563699959288203,-0.9843576626465171,1.0040454052756604,-1.7669234806485594,0.001963106731933089,1.000000334762516,0.967742609593605,1,-0.10860502639844073,1.518631985739031,1.5220744490804388,1.642225812930758,-0.00042540840934985295,1.000000048348983,0.32232655303608626,1,4.930085001109653,-0.457684445378108,4.951301135755386,-0.09265836599695468,-0.0018061146969476857,0.9999998035687314,0.008216843631827364,0
11.76,-0.0037536190130137105,0.004731690544906681,-6.971061518291043e-10,-0.08726433430860074,-0.378612596729677,0.3889169518112734,-1.7971504089053953,0.00035093218298181,1.0000025161211281,15.956911625167487,1,0.5914118227099792,0.4099491714505065,0.7193676066683783,0.6057043392284719,-0.0022682196532784493,1.0000003996456908,2.6643046046368024,1,-0.07122046767919228,-0.9989399841406792,1.001859514553118,-1.6419634123739817,0.0020447458199335474,1.0000001161999323,0.9704020743771521,1,-0.21023213627343515,1.517546241790096,1.5316619042288033,1.7085009173314405,-0.00038669001074488277,1.0000000476460496,0.31764033107228556,1,4.934860470338492,-0.40003118259592596,4.95105992715383,-0.08096296377736478,-0.0015708425795387846,1.0000001285186357,0.008219356499150295,0
11.780000000000001,-0.0037536190080177494,0.004731690544508189,-6.991401910530493e-10,0.11608320587285345,-0.32668653111512835,0.3470021466035319,-1.2297330422834436,0.0003527360423780374,1.0000024457212253,16.446991377606302,1,0.4954212778129887,0.5229253250164535,0.7200940973038018,0.8121015468952272,-0.00237977350019533,1.0000003999506675,2.6663377835844155,1,0.05431176412760557,-0.997849489172181,0.9996533080984907,-1.5164536828437771,0.002101959009500531,0.9999999830819231,0.9735014465194235,1,-0.3109364467554176,1.5097948234021248,1.5411619975116058,1.7739550414785963,-0.0003447762175639801,1.0000000469343513,0.3128956749951746,1,4.938993849818149,-0.34232582073932233,4.950851122250574,-0.06926649550211969,-0.0013334296049987916,1.000000068697718,0.008221712032306127,0
11.8,-0.003753619003224193,0.004731690544068993,-7.011406691240056e-10,0.2727746723505342,-0.15667551646088493,0.3146944717022126,-0.522135269151029,0.00035830590664034484,1.0000025792756315,17.779552990044053,1,0.3785523130049948,0.6138813278386773,0.7209777159990768,1.0180360170686356,-0.002445529905910428,1.0000004000679814,2.667119875404215,1,0.17898524657583365,-0.9810008057372016,0.9974614617258302,-1.3903898620090829,0.00213603299552545,1.000000323854595,0.9769984066743239,1,-0.4103005815523269,1.4955332741164138,1.5505353969638294,1.8386123228476952,-0.0002992025236808035,1.0000000462180043,0.3081200283509826,1,4.9424845199111385,-0.28457586959487086,4.950674746536599,-0.05756911586246069,-0.0010924998086540092,0.9999998049393453,0.008223909744444171,0
11.82,-0.003753619002373359,0.00473169054355504,-7.031292656401941e-10,0.29768789460222506,0.08508597762042208,0.3095411093521986,0.2777327726478156,0.00036834548014000367,1.000002900985071,19.59195836488435,1,0.24578687358876314,0.6790759444653452,0.7219807047837995,1.2234303479416158,-0.002451845502806467,1.000000399993551,2.666623672938669,1,0.3008131573981578,-0.9485589864584633,0.9953189066947657,-1.263776331235204,0.002144030695698568,1.0000001490859511,0.9808435478321119,1,-0.5079278463180782,1.4749389696489648,1.5597447174488563,1.9024991943080682,-0.00025092948760392056,1.0000000455008584,0.30333905573913067,1,4.945331957201101,-0.22678884739667088,4.950530819736532,-0.04587098149295597,-0.0008496149165017163,1.0000001345581415,0.008225949190130293,0
11.84,-0.003753619007397545,0.0047316905429569,-7.051594652705655e-10,0.1738472353900939,0.28658334241417216,0.33504913147357296,1.0252894175301726,0.0003777810281320262,1.0000032226922067,20.82320024713513,1,0.10274109866403545,0.7158867168668671,0.7230605766069306,1.4282308925011218,-0.002413385480757417,1.0000003997316949,2.6648779651398464,1,0.41782877074039576,-0.9009433796353137,0.9932602623964366,-1.1366264979584755,0.002112028930978774,0.9999999686632952,0.9849807522019939,1,-0.6034425903002215,1.448208746090199,1.568754549750555,1.96564403800416,-0.00020390718067109852,1.000000044786486,0.2985765741552814,1,4.947535734628166,-0.1689722794017241,4.950419369125511,-0.03417225083408026,-0.0006117339453956328,1.0000000611523185,0.008227829957259227,0
11.860000000000001,-0.003753619014486618,0.004731690542312063,-7.072728366652259e-10,-0.024031087357994294,0.37516193493489713,0.37582500956574105,1.6347957902266748,0.00038249840613570915,1.0000033944974644,21.005485413087015,1,-0.044585269043637556,0.7229042473816257,0.7241720212543797,1.6324095731335906,-0.002336475125608459,1.000000399294741,2.661964939736394,1,0.5281192370245793,-0.838827076242335,0.991319233421807,-1.008962855456902,0.0020347823213692122,1.0000003090419887,0.9893477496147024,1,-0.6964903504183305,1.4155566853053783,1.5775314854704605,2.02807687351237,-0.00016051333438574448,1.0000000440781782,0.2938545215722761,1,4.949095521600127,-0.1111336964636832,4.9503404320302185,-0.0224730806663395,-0.0003824549360782222,0.9999998066207579,0.008229551668404935,0
11.88,-0.003753619020235635,0.004731690541666738,-7.094709614447522e-10,-0.21820029453316406,0.3540478500856749,0.41584500383658085,2.123189372818171,0.00037984620817421016,1.0000033790151304,20.449980932253762,1,-0.19006801750303384,0.6999705310660826,0.72526886272671,1.835964504429814,-0.0022151107207533907,1.0000003987022397,2.6580149317351793,1,0.629860011485738,-0.7631315236427153,0.9895279978135759,-0.8808168790992731,0.0019203096340956146,1.000000182312471,0.9938768835716362,1,-0.7867378139937934,1.377212065939973,1.5860441213001708,2.0898290886278885,-0.00012019608832640022,1.0000000433789433,0.289192955700956,1,4.950011084078286,-0.05328063360345215,4.950294041027845,-0.010773625047229687,-0.00016024464574777698,1.000000140386192,0.008231113975814199,0
11.9,-0.003753619023844276,0.004731690541049342,-7.117354024445752e-10,-0.366386591867768,0.2549963962304552,0.44639401077004154,2.5335695067899215,0.00037369365473679264,1.0000031941955057,19.539536314745327,1,-0.3277138828023154,0.6481632020797411,0.7263059832281783,2.0389194589455224,-0.00206331875730792,1.0000003979799204,2.6531994692276326,1,0.721349149311234,-0.6750160095620505,0.9879166049140156,-0.7522287255956424,0.0017790612811617985,0.9999999589626206,0.9984960712892258,1,-0.8738726333270811,1.3334174835788555,1.5942630376326812,2.150933198669972,-8.193597817604192e-05,1.000000042691512,0.28461008118154985,1,4.950282284641117,0.00457937142244361,4.9502802178679,0.000925963126968388,5.6847852183561164e-05,1.000000053511769,0.0082325165525889,0
11.92,-0.003753619025571091,0.0047316905404728975,-7.140452544697343e-10,-0.4503998642776167,0.11026893103052492,0.46372043012250685,2.9013682363768774,0.00036853268940442203,1.0000029050286847,18.520233981095295,1,-0.45190165590984094,0.5697300190562865,0.7272411226975484,2.241322306666343,-0.0019058284162882604,1.0000003971584868,2.647723245068025,1,0.8010405858678146,-0.5758618688746999,0.9865123872229165,-0.6232467218839032,0.0016206556514750461,1.000000290486214,1.0031299526848427,1,-0.9576031218983768,1.2844271393023097,1.6021607672085376,2.2114226302392486,-4.507924520280622e-05,1.0000000420183461,0.2801223074010174,1,4.949909082525688,0.06243877955340252,4.950298975201358,0.012625531257204536,0.0002700510995980716,0.9999998086103051,0.008233759089330535,0
11.940000000000001,-0.00375361902584295,0.004731690539941947,-7.163823088749853e-10,-0.46352412590154257,-0.052118489077493446,0.4664378552598336,-3.029869627417808,0.00036530941637171615,1.0000026131433324,17.540968125742705,1,-0.5576004127739526,0.4679796195277586,0.7280364993600882,2.4432426082983407,-0.0017614164599482622,1.0000003962722124,2.6418147486550096,1,0.8675754541483808,-0.467251445447896,0.985339401716807,-0.4939266454576785,0.0014533676288098157,1.0000002148388443,1.007701217402924,1,-1.037657858806216,1.2305052923010023,1.609711757674066,2.2713315316412377,-9.338860339809673e-06,1.00000004136165,0.2757443347581349,1,4.948891533644681,0.12029005185542022,4.95035031833237,0.0243249269163684,0.0004802287705107505,1.000000145993553,0.008234841294338702,0
11.96,-0.0037536190249445036,0.004731690539457061,-7.187310899973813e-10,-0.4048993051094031,-0.20632536175001293,0.4543669776739006,-2.670657904584437,0.0003640191779259034,1.0000024189004055,16.708339033440403,1,-0.640558363350441,0.3471355125713995,0.7286602150776291,2.6447685111282824,-0.0016403360983320465,1.0000003953574803,2.6357165360819907,1,0.9198104683202962,-0.35094204356583936,0.9844179197803856,-0.364330802566332,0.0012836319734732583,0.9999999539815743,1.0121320857627247,1,-1.113785225357039,1.1719248696713642,1.6168923276255336,2.330694609491863,2.531199640455564e-05,1.0000000407233889,0.2714892589054531,1,4.9472297905782785,0.17812565095053834,4.950434245848617,0.036023997921215134,0.000688210729666318,1.0000000457881753,0.008235762895188927,0
11.98,-0.0037536190228809434,0.004731690539017036,-7.210769378514573e-10,-0.27876757344652603,-0.32548330389526947,0.42837997747648926,-2.2793954457552377,0.0003641793197812813,1.0000023786549592,16.129027098762823,1,-0.6974577125778115,0.2121605887077194,0.7290874076560631,2.8460030975433375,-0.0015433424288926586,1.0000003944513436,2.629675623477332,1,0.95684242950303,-0.22883531674926466,0.9837639836507146,-0.23452691870971848,0.0011160543169735648,1.0000002683955487,1.0163459063707034,1,-1.1857528952784648,1.10896622507237,1.6236806173592708,2.389546990027115,5.882854831654356e-05,1.0000000401053017,0.2673686781386675,1,4.94492410254084,0.23593804244456112,4.950550749532475,0.04772259242879145,0.0008950157876401888,0.9999998109048345,0.008236523641453662,0
12.0,-0.003753619019360943,0.004731690538618049,-7.23403346177421e-10,-0.09809052571978143,-0.3789240456260444,0.3911458343351396,-1.8243122909851832,0.0003646340610922682,1.0000024874672502,15.951072628055657,1,-0.7260325008286457,0.06855931792740365,0.7293011262848954,3.0470603329512715,-0.0014614970281390598,1.0000003935901334,2.623934221868947,1,0.9780279918105828,-0.10294275185823264,0.9833890456635088,-0.10458686551604102,0.0009532711117730576,1.00000024560757,1.0202688216307991,1,-1.253347297396342,1.0419160373533745,1.6300565369102595,2.447924103334549,9.134732932613466e-05,1.0000000395089195,0.2633927964980793,1,4.941974815321341,0.2937196963524395,4.950699813636119,0.05942055901903447,0.0011021133374895214,1.0000001513713397,0.0082371233088695,0
12.020000000000001,-0.0037536190141471025,0.004731690538248551,-7.256905195577971e-10,0.10552519780717644,-0.33318971644951645,0.3491761995313949,-1.2638316137687773,0.00036472477304479124,1.0000027002881333,16.399806684727185,1,-0.7251475846473,-0.07783553060856273,0.7292929172302641,-3.035124562608493,-0.0013771981433176228,1.000000392808154,2.6187210260844784,1,0.9829979624329547,0.02465190277524701,0.9832997041350968,0.025414742393844687,0.0007966322320653276,0.9999999535846817,1.0238314434774052,1,-1.3163730666305409,0.971066339782111,1.6360017138783145,2.5058615885315327,0.0001234783547407675,1.000000038935579,0.25957052607727193,1,4.938382371197124,0.35146308852084984,4.950881413157394,0.07111774666961937,0.001311811145994077,1.0000000379937743,0.008237561704915622,0
12.040000000000001,-0.0037536190085577584,0.004731690537879656,-7.279218595078463e-10,0.2670278940817755,-0.16916619493169224,0.31587726116996834,-0.5636874123521075,0.00036740191879705943,1.000002964338464,17.68784004507302,1,-0.6948377586907094,-0.2210851976752313,0.7290631135467632,-2.834058358457315,-0.001268936828615075,1.0000003921364824,2.614243215403039,1,0.9716655931737153,0.1518322602528503,0.9834975464137208,0.15540203798146443,0.0006470984644106871,1.0000002430593724,1.0269704761537155,1,-1.3746524964136733,0.8967136698071136,1.6414994416299238,2.5633952183328477,0.00015641806719904973,1.000000038386439,0.2559095928573754,1,4.934147308820835,0.40916070204786065,4.951095511140657,0.0828140042260898,0.0015269502606567998,0.9999998135007101,0.008237838674332556,0
12.06,-0.003753619007148783,0.004731690537466252,-7.301088653468603e-10,0.3005206585649804,0.07136034242615767,0.3089565346117011,0.23456043321107317,0.00037564999512060087,1.0000031910851421,19.499778322748558,1,-0.6363065928646836,-0.3553701089762563,0.7286208245442114,-2.6328061713234825,-0.0011280454392934645,1.0000003916018914,2.610679275361508,1,0.9442285422079709,0.2764898561010891,0.983979108867761,0.28529943055415674,0.0005005545744121088,1.0000002736145461,1.0296302137714957,1,-1.4280250034679178,0.8191583287852424,1.6465346239663947,2.6205608404882716,0.00019064402510157567,1.000000037862497,0.25241664581742673,1,4.929270263080591,0.4668050286996982,4.9513420599201945,0.09450917884004667,0.001747172797376126,1.0000001565110308,0.008237954101512656,0
12.08,-0.003753619012101358,0.004731690536990323,-7.323028067187515e-10,0.18327230901132596,0.27767686635565075,0.33310779156084186,0.9883120554918097,0.00038092896700998716,1.0000032490763444,20.784539134939124,1,-0.5518849908862887,-0.4752118526198701,0.727983619238579,-2.4312546960318007,-0.00096907671680825,1.0000003912259097,2.608172731637731,1,0.901164429942908,0.39656448425833274,0.9847359639360473,0.4150331285823713,0.00034503643895706444,0.999999957550415,1.0317638276423273,1,-1.4763466141117083,0.7387037409989313,1.6510937161309047,2.6773943274712204,0.0002241420369199156,1.000000037364605,0.24909736676637023,1,4.923751964934447,0.5243885703235355,4.951621014340994,0.10620311542066761,0.001966664367255002,1.0000000301409155,0.008237907913609847,0
12.100000000000001,-0.003753619018880515,0.004731690536485895,-7.345410771601377e-10,-0.012890055153602767,0.37275284383659985,0.3735325379387107,1.6054067167325483,0.0003794204225116813,1.000003138196899,21.01873164277651,1,-0.4449499137266623,-0.5756857789445284,0.7271769131663101,-2.2293018247780116,-0.0008019546539623047,1.0000003910240336,2.6068268905171013,1,0.8432201618762698,0.5100831549616193,0.985754920261699,0.5445326157210357,0.00017599649378133962,1.0000002148908465,1.0333344610813742,1,-1.5194894797552863,0.6556559014589572,1.6551646823341897,2.733931532815866,0.00025533732712640345,1.0000000368934867,0.24595657797309378,1,4.917593241217191,0.5819038402548781,4.951932338324718,0.1178956597880283,0.0021829700403098833,0.9999998163938187,0.00823770009246148,0
12.120000000000001,-0.003753619024077415,0.00473169053599174,-7.368187186686942e-10,-0.20862408664810628,0.3568146270388213,0.4138774353063014,2.0992208951553786,0.00037635554840712964,1.0000029868691134,20.492102716792072,1,-0.31980429953004624,-0.6526177431008214,0.7262330768663742,-2.026860680542366,-0.0006287244242972891,1.0000003910051032,2.6067006875118026,1,0.7713954248805999,0.6151965958185346,0.9870183121611107,0.6737320192571283,-1.4794330580098608e-07,1.0000002979838911,1.03431605827326,1,-1.5573414279760678,0.5703229023391442,1.658736966329662,2.7902082674327677,0.0002847513252580887,1.0000000364497517,0.24299834507125376,1,4.910795014417223,0.6393433647214269,4.9522759918463635,0.1295866602811918,0.002398527665131974,1.0000001614044831,0.008237330680425257,0
12.14,-0.0037536190272885296,0.004731690535525531,-7.391153003218423e-10,-0.3598928000057618,0.26110442824032887,0.4450637434891453,2.512806520523518,0.000373634101958135,1.000002895483917,19.593326156731234,1,-0.18152007530785436,-0.7027581221497546,0.7251902683156656,-1.823863228668665,-0.0004594159055439051,1.000000391170867,2.6078057809217556,1,0.6869209773112528,0.7102123479067034,0.9885043857430474,0.8025713269865831,-0.00017463678461821934,0.9999999656250654,1.0346938232223926,1,-1.5898055544177854,0.4830145283125165,1.661801454335232,2.8462602894824514,0.0003132970942802342,1.0000000360339112,0.24022607430659315,1,4.903358302427493,0.6966996842445942,4.952651923742387,0.14127596636883494,0.0026156777757016117,1.0000000222420409,0.00823679977586112,0
12.16,-0.0037536190289010653,0.004731690535091184,-7.414124972597233e-10,-0.4475970775214704,0.11809227976940337,0.46315262187760387,2.8821614714422545,0.00037073667139067085,1.0000028767282234,18.57546193152727,1,-0.03574737666345083,-0.7239259066782204,0.7240910080812755,-1.6202633307222853,-0.00031195056077070507,1.0000003915157611,2.6101050742124525,1,0.591232519438037,0.7936236766010164,0.9901877710692343,0.9309974302994415,-0.00033863834382739434,1.0000001844615296,1.0344643809849576,1,-1.6167998596962165,0.39404191144660994,1.6643504373340512,2.902123298542175,0.0003415915148104823,1.0000000356463905,0.23764260399957982,1,4.895284218272721,0.7539653550369468,4.953060073253698,0.15296342765101037,0.0028355641492109184,0.9999998195795763,0.008236107529095524,0
12.18,-0.003753619029167412,0.004731690534686894,-7.436962266718986e-10,-0.4645991765789924,-0.044007214128577984,0.46667087446700023,-3.04882086517625,0.00036751687397524257,1.000002875563739,17.591111674543097,1,0.1115053096914569,-0.7151155775819306,0.7229805352768166,-1.4160390855707714,-0.0002054087635031038,1.000000392026931,2.6135128725095873,1,0.4859410439014553,0.8641337178446682,0.9920400164931034,1.0589649736528748,-0.0004836757482632126,1.000000318028865,1.033635634131749,1,-1.6382569345814018,0.30371723669172734,1.6663775794689786,2.957832934494041,0.0003700040910974864,1.0000000352875436,0.23525029059281102,1,4.886573969812228,0.8111329503944092,4.953500372360001,0.16464889364431823,0.0030585795037237993,1.0000001660439433,0.008235254139566679,0
12.200000000000001,-0.0037536190281371867,0.004731690534308009,-7.459548447691366e-10,-0.40977910384368044,-0.1993162199808866,0.45538573136774335,-2.6905948954438688,0.00036465024742504844,1.000002822910642,16.74800608512882,1,0.25411344975995687,-0.6765598333620323,0.7219049936492422,-1.2111942962627362,-0.00015331594108264858,1.0000003926845311,2.617896874480654,1,0.3728006275795003,0.9206744947445012,0.9940301657900255,1.1864369977559428,-0.0006022817507580247,0.9999999775612403,1.032226325130359,1,-1.654123695941622,0.21235348931488204,1.6678778924896205,3.0134247815234936,0.0003987582998991449,1.0000000349576634,0.23305108966434834,1,4.8772288594186595,0.8681950620828588,4.953972747148275,0.17633221383634134,0.0032847453278917263,1.0000000143096657,0.008234239852267932,0
12.22,-0.0037536190257784425,0.004731690533947201,-7.481777098902742e-10,-0.28705584444126814,-0.32110266711580915,0.4301028610068645,-2.3017848181502356,0.00036284579449760663,1.0000026916678164,16.15180866735014,1,0.3860924994348156,-0.6097422168786236,0.7209095110750452,-1.005758914744809,-0.00015855116704667705,1.0000003934623245,2.623082164066966,1,0.2536746336161935,0.9624206502991094,0.9961253606931015,1.3133853739633095,-0.000688228069393851,1.0000001525111297,1.0302653387215541,1,-1.664361175365619,0.1202642358754776,1.6688477156459685,3.0689343764410437,0.00042801051703440595,1.0000000346569946,0.23104663067980155,1,4.867250283633509,0.9251443017187599,4.9544771184640295,0.18801323781302615,0.0035139694627539975,0.9999998230529354,0.008233064953152158,0
12.24,-0.0037536190220590166,0.004731690533593137,-7.503548223302542e-10,-0.10873628018348674,-0.3789409803454368,0.39335640017064527,-1.8511232221113767,0.0003618366614438144,1.0000025278695113,15.947210769353266,1,0.5018569539635194,-0.5173554309893498,0.7200362504614176,-0.7997883483551534,-0.0002108782466202015,1.0000003943285931,2.6288572872756886,1,0.13050125140166666,0.9887979371479829,0.9982914525451136,1.4397910362435353,-0.0007366560765075914,1.0000003332833298,1.0277907878711696,1,-1.6689443619948825,0.027763430631729175,1.6692847011233711,3.1243972203149206,0.00045795252494587764,1.0000000343857427,0.22923828431305338,1,4.856639732799664,0.9819733021432118,4.955013401908542,0.19969181541620912,0.0037463431094018644,1.0000001704220602,0.008231729763792483,0
12.26,-0.0037536190171338375,0.004731690533227825,-7.524774822340041e-10,0.09495807088377177,-0.33932112883927834,0.35137259263373627,-1.2974533300000692,0.00036046387389739585,1.0000024421430425,16.355367070654985,1,0.5964700614425978,-0.40320365898610244,0.7193225222786822,-0.5933615638549546,-0.0002878145281754885,1.0000003952473566,2.6349823768144893,1,0.005259221858003199,0.9994866738779826,1.0004936082113274,1.5656440242071814,-0.0007434565686425334,0.9999999931288572,1.024848932126631,1,-1.6678621006695362,-0.06483476043450696,1.6691878055894962,-3.1033365146269203,0.0004889558195915078,1.0000000341440836,0.2276272230026791,1,4.845398790671791,1.038674718788801,4.955581506763035,0.211367796855934,0.0039825488951883686,1.000000006356358,0.008230234635668918,0
12.280000000000001,-0.003753619012161641,0.004731690532822008,-7.545428405350552e-10,0.26099039014456765,-0.18139137521274856,0.3171423029217353,-0.6048654250572849,0.0003602429555165657,1.0000025532669583,17.598080042010796,1,0.6658709366218184,-0.27205041451639295,0.7187990569679547,-0.3865779950620556,-0.0003615688580949689,1.000000396179867,2.6411991133731925,1,-0.12006551395025863,0.9944205123258161,1.0026968962861518,1.6909433556924567,-0.0007051095143451319,1.0000001199247186,1.0214929793164749,1,-1.6611170460300175,-0.15721612562607973,1.668557288158012,-3.047860739816334,0.0005215194467741305,1.0000000339321713,0.22621447554640425,1,4.833529134005449,1.0952412310386914,4.9561813334936815,0.2230410324087653,0.00422354294709351,0.9999998268083935,0.008228579943906158,0
12.3,-0.0037536190106754984,0.00473169053233565,-7.565703491214243e-10,0.3029756330002827,0.05754216342837381,0.30847330940425144,0.19127563887324156,0.0003658147853146502,1.0000028646240582,19.405860468099846,1,0.707065903538809,-0.12941708758790849,0.7184885425327739,-0.1795533424393961,-0.00042264234863763925,1.000000397086299,2.647241993196286,1,-0.24351163169861814,0.9737809583407344,1.0048668405963865,1.815696747677413,-0.0006258345800130402,1.0000003434998654,1.0177818210749778,1,-1.6487256728345117,-0.249066571165407,1.6673947110929772,-2.9923252739363915,0.0005551537323244161,1.0000000337501465,0.22500097587352927,1,4.821032532125434,1.1516655435772098,4.956812773873048,0.23471137101744471,0.0044668423912424945,1.0000001745318985,0.00822676607893782,0
12.32,-0.0037536190151788917,0.004731690531748946,-7.586141684452763e-10,0.19255683092028447,0.2684394260021731,0.3312183952520631,0.9509212407496912,0.00037127402045943736,1.000003197386422,20.742429155782812,1,0.71827217841772,0.01865894477435571,0.718404528407735,0.027585552673142243,-0.0004935080881931903,1.0000003979275875,2.6528505829996885,1,-0.3631722287496506,0.9379881496191272,1.0069699379504615,1.9399202019075699,-0.0005249773138666949,1.000000012099636,1.0137787487002776,1,-1.6307183424048597,-0.3400722900314373,1.6657029354091448,-2.9366945970300935,0.0005875661084483901,1.000000033598141,0.22398760619411498,1,4.807910846475033,1.2079403877302177,4.9574757233855085,0.2463786593613258,0.00470442608302468,0.9999999983947206,0.008224793439779105,0
12.34,-0.0037536190222748405,0.004731690531090831,-7.607236951912705e-10,-0.001649650697762124,0.37002664514768036,0.3712409352216044,1.5756561565953218,0.00037285937501982657,1.0000033878458576,21.029533098972397,1,0.6990044863548726,0.1658944884955188,0.7185507415640521,0.2347064999481486,-0.0005965281398956382,1.000000398667338,2.657782254261371,1,-0.47722227114299687,0.8876884210849338,1.0089741459640957,2.0636374888248272,-0.0004186683552859632,1.0000000876832218,1.0095501852408657,1,-1.6071394247323396,-0.42991994362093394,1.6634861252095354,-2.8809331518020196,0.0006174759004904587,1.0000000334762853,0.2231752347176332,1,4.794166030144419,1.2640585227919316,4.958170091155336,0.25804274479001316,0.004932094183881528,0.9999998308400005,0.00822266244180888,0
12.360000000000001,-0.0037536190282593217,0.004731690530404999,-7.629092975847823e-10,-0.19882351824310263,0.3593610613237921,0.4118834034760883,2.0750195992586367,0.0003733698708602743,1.0000033901021514,20.53294750004519,1,0.6500987676508084,0.3060443967358006,0.7189208714171654,0.4416780951256464,-0.0007430733720170614,1.0000003992735647,2.661823763938506,1,-0.5839434581620958,0.823739185903478,1.0108493226213098,2.1868795647555452,-0.00031126950486377755,1.0000003486231062,1.0051644575817178,1,-1.5780474754261806,-0.5182968639977121,1.6607497748092628,-2.8250053377352202,0.0006453100452539768,1.000000033384712,0.22256474733342815,1,4.7798001273730195,1.320012737337742,4.958895788798224,0.2697034776444325,0.0051510734678332105,1.000000178366946,0.00822037352997512,0
12.38,-0.0037536190321154697,0.004731690529719578,-7.651593332460432e-10,-0.3531215353894003,0.26708752917601936,0.443695053171991,2.4919151758154725,0.00037303299805424415,1.0000032185859131,19.646585616856246,1,0.5736713509074307,0.4331833060226904,0.7194988691501888,0.6483758130296294,-0.0009383404552685282,1.0000003997202347,2.6648015642136738,1,-0.681746386103754,0.747191634120443,1.01256760833246,2.3096839259787028,-0.0002048586026452426,1.000000034216458,1.000690628766354,1,-1.5435154663593664,-0.6048912846718392,1.657500737353607,-2.768875500685993,0.0006715739791574618,1.000000033323561,0.22215707290737846,1,4.764815273026307,1.3757958505252015,4.959652721562467,0.28136071032434296,0.005362646365825856,0.9999999904373676,0.008217927185432862,0
12.4,-0.0037536190340624097,0.004731690529047896,-7.674589080561289e-10,-0.44449680231717237,0.12587270882103027,0.4625418058023019,2.862905121088311,0.0003714770304897805,1.0000029347615036,18.63061863165409,1,0.4730163790948278,0.5419696186224934,0.7202597341096788,0.8546876970661333,-0.001176567198032903,1.000000399988507,2.666590046315792,1,-0.7691899792140606,0.6592717064973659,1.0141037612834354,2.432093911714319,-0.0001031431818359093,1.0000000568009895,0.996197441819758,1,-1.503631068398403,-0.689392608060434,1.6537472504879491,-2.7125079277144453,0.0006964833271838003,1.0000000332929804,0.22195320244276484,1,4.749213692048673,1.431400713383153,4.9604407885938855,0.29301429636309667,0.005567111307329487,0.9999998351413691,0.00821532393189063,0
12.42,-0.0037536190345252235,0.004731690528395593,-7.69795764892639e-10,-0.46537309709305963,-0.03586357064242658,0.46686010829574653,-3.0677540104742453,0.00036937474935848976,1.0000026385759926,17.64151383310009,1,0.35244837121057554,0.6278776734887855,0.7211707274946828,1.0605193165248743,-0.0014376455283614676,1.0000004000675657,2.6671171052427844,1,-0.8449982223234562,0.5613597438750392,1.015435446491738,2.5541579760024806,-1.0925846034881683e-05,1.0000003487522406,0.9917524008693468,1,-1.4584969840276327,-0.7714917180674824,1.6494989658720491,-2.655866849756285,0.0007201406931617526,1.0000000332931303,0.22195420202625635,1,4.732997698891649,1.4868202100888441,4.961259884636467,0.30466409026076774,0.0057643947476322946,1.000000181921127,0.008212564340986436,0
12.440000000000001,-0.0037536190338067054,0.004731690527765407,-7.721602847138992e-10,-0.4143678351494957,-0.19219655548305598,0.4563630760470421,-2.710442354847561,0.0003674235912582394,1.0000024323907448,16.78825133783802,1,0.21710009862279478,0.6873867555019099,0.7221929301114206,1.2657977313332653,-0.0016914363481277557,1.000000399955013,2.666366754565492,1,-0.9080742788083156,0.454969151561804,1.0165434782974803,2.6759289438170684,6.79994582908495e-05,1.000000059161454,0.987420928595252,1,-1.4082313270401723,-0.8508813465528814,1.644766984029369,-2.5989164520438504,0.0007426877336237624,1.000000033324183,0.22216121925804383,1,4.716169696918427,1.5420472592337542,4.962109900832891,0.31630994760886266,0.0059545239280680805,0.9999999824969075,0.008209649033231067,0
12.46,-0.003753619031951292,0.004731690527159491,-7.745433348513298e-10,-0.2950862086641487,-0.31652168269245523,0.4317917216427836,-2.3239941557934665,0.00036616266167621383,1.0000023774213112,16.17559397675196,1,0.0726881397805512,0.7181190465355578,0.7232830436343787,1.4704742977706127,-0.0019066939146535173,1.0000003996568156,2.6643787710431113,1,-0.9575121054736594,0.34172435791681655,1.0174120198086325,2.7974632599503297,0.00013167812473748082,1.000000028264225,0.9832656059918651,1,-1.3529680457099134,-0.9272565027887022,1.6395638939502353,-2.5416208931017623,0.0007644171469634607,1.0000000333863226,0.2225754833256996,1,4.698732177786615,1.5970748150784253,4.9629907247301555,0.3279517252847079,0.0061379213630426924,0.9999998397056845,0.008206578674589468,0
12.48,-0.003753619028680691,0.004731690526578767,-7.769334379407328e-10,-0.11920775019485703,-0.37865546544480133,0.3955508744457793,-1.8776329289095732,0.00036586473879061373,1.0000024733988737,15.945006878269817,1,-0.07474057096768105,0.7189223535098294,0.7243953288656997,1.6745262458213515,-0.0020591967321332578,1.000000399186837,2.661245580118033,1,-0.9926056855274928,0.22333828643361775,1.0180287417557725,2.918820235225419,0.00018023405004205403,1.000000344104497,0.9793455185577473,1,-1.292857384894357,-1.000314975318477,1.6339038167956907,-2.483944333731414,0.0007858917094838222,1.000000033479745,0.22319829927448215,1,4.680687720810377,1.6518958687956335,4.963902239576972,0.3395892816623948,0.0063157033139416155,1.000000185188811,0.008203353970974972,0
12.5,-0.0037536190237069996,0.004731690526018183,-7.793148123352855e-10,0.08438222530469361,-0.3450757186563573,0.3535912328540336,-1.330655760358623,0.0003668243032613532,1.0000026768761934,16.313337656447374,1,-0.21906809314839074,0.6898970117450118,0.7254835787965337,1.8779570460361263,-0.0021351492936041846,1.0000003985660164,2.6571067754959,1,-1.01285599729972,0.10158950700778899,1.018384942780641,3.040061293408017,0.00021681579588201237,1.0000000865328538,0.975715697044652,1,-1.2280663813705508,-1.06975791603566,1.6278024534267919,-2.425850977510069,0.0008080723245312031,1.0000000336046553,0.22403103532421745,1,4.662038992303324,1.7065034497010143,4.964844322513491,0.35122247678004576,0.006490048812958332,0.9999999745859216,0.008199975663039902,0
12.520000000000001,-0.0037536190180730896,0.004731690525457055,-7.816722531837211e-10,0.25466877317177117,-0.19333747655519443,0.31848641749034157,-0.6457136381232286,0.00037109240148313667,1.0000029360264548,17.510085582099492,1,-0.35435876526108123,0.6323694068902055,0.7265030350305889,2.080795652652408,-0.0021308395488421777,1.000000397821267,2.652141780943505,1,-1.0179758210051322,-0.021700812191210273,1.0184756331078249,-3.1219360855693905,0.0002472406893480922,1.0000000029790603,0.9724266360711477,1,-1.1587793855341455,-1.1352905167341014,1.621277136265306,-2.367305123792028,0.0008321289439928746,1.0000000337612651,0.2250751008296484,1,4.642788744902627,1.7608906264703696,4.9658168410523436,0.3628511721332661,0.006663780636229574,0.9999998445257154,0.008196444522167275,0
12.540000000000001,-0.0037536190160542184,0.004731690524857117,-7.840141400677902e-10,0.3050490549096661,0.04365306964671469,0.3080882541817634,0.14785497754925517,0.0003806989348749782,1.000003170752167,19.31020286219728,1,-0.4750962287083015,0.5488168748766159,0.7274121693027757,2.28309475425508,-0.0020606700236304007,1.0000003969841813,2.646561209135934,1,-1.0078924611151492,-0.14469206464234105,1.0182995803253674,-3.0007378806141713,0.0002746244355623669,1.000000334985548,0.969523877106564,1,-1.085198601265473,-1.1966227886121266,1.6143468840560156,-2.308271232362408,0.0008578580951950764,1.0000000339497872,0.22633191456676632,1,4.622939816874375,1.815050508343147,4.966819650981734,0.3744752293031661,0.006836422649531645,1.0000001881648208,0.008192761345448205,0
12.56,-0.0037536190205424216,0.004731690524201472,-7.863891762164427e-10,0.2016906203124364,0.25888527381362025,0.3293781676588481,0.9130948133884383,0.0003882125742295558,1.0000032490645316,20.696858374926702,1,-0.576396051924022,0.4427502627512576,0.7281742710754979,2.4849281807282377,-0.0019682545964389356,1.0000003960896189,2.640597458837675,1,-0.9827484308698189,-0.2655474119692044,1.0178593116032988,-2.879466116315452,0.00029458517386782485,1.0000001158338818,0.9670476451773369,1,-1.0075446340499095,-1.2534704552449787,1.6070324484780634,-2.2487140014964915,0.0008827575538190289,1.0000000341704296,0.22780286403105732,1,4.602495131401998,1.8689762463118402,4.967852606439919,0.3860945084792788,0.007001808330843144,0.9999999667169451,0.00818892694884816,0
12.58,-0.0037536190274217555,0.00473169052352674,-7.888378062738399e-10,0.009683325463166829,0.3669946080197022,0.3689473835164091,1.545529238019596,0.00038829008576067033,1.000003151608176,21.037932864694934,1,-0.6541878722298384,0.3185612257430541,0.7287588089943198,2.6863876339373025,-0.0018931243480668541,1.0000003951742535,2.6344950230774975,1,-0.9429001105905198,-0.3824569821177095,1.0171610823697272,-2.7580583905467964,0.00030711095697878667,0.9999999817312512,0.9650325296106532,1,-0.9260570354003822,-1.3055559694531518,1.5993563519730025,-2.1885984729472305,0.0009060499083132498,1.0000000344233884,0.2294892557036325,1,4.581457695858009,1.922661034294941,4.968915571926523,0.3977088707631838,0.007158026465094013,0.9999998495938259,0.00818494216956632,0
12.600000000000001,-0.0037536190328840233,0.004731690522879622,-7.91356130581608e-10,-0.18880349699625404,0.36170021678638586,0.40986080653736157,2.0505790910525996,0.0003866388316934799,1.0000030007398222,20.572614210065076,1,-0.7053628106421775,0.1813415471908186,0.7291425322019924,2.887578920965302,-0.0018487622415106328,1.0000003942751334,2.628500889510982,1,-0.8889143558518638,-0.49366100221760784,1.016214823432356,-2.636453936501629,0.000320750148682618,1.0000003217667388,0.9635071958925813,1,-0.8409948293782142,-1.352609664243117,1.5913429393937548,-2.1278901632792904,0.0009293758563942423,1.0000000347088382,0.23139225496658322,1,4.55983060105518,1.9760981102920259,4.970008413132782,0.4093181808027994,0.007309217470691372,1.0000001908444418,0.008180807874234645,0
12.620000000000001,-0.0037536190363225783,0.004731690522285744,-7.939204328677452e-10,-0.34607806162116617,0.27296065082427706,0.44228668661389664,2.4708936920987288,0.0003871270482848398,1.0000029034129594,19.699433238865296,1,-0.7278834079948282,0.036681591667785084,0.7293102810593494,3.0886178237774313,-0.001837882595034569,1.0000003934283006,2.622855337560961,1,-0.8215629981919803,-0.5974727946196228,1.0150340489498684,-2.5145943680621055,0.00034507788754587886,1.0000001464721384,0.9624941195526039,1,-0.7526370046228589,-1.3943710475184306,1.5830184331691448,-2.066555210240209,0.0009542941745717102,1.000000035026922,0.23351281379646294,1,4.537617020477635,2.0292807575232636,4.971130986562887,0.42092230606372616,0.007459432731362101,0.9999999589024462,0.008176524958495265,0
12.64,-0.003753619038113656,0.004731690521755098,-7.965070820785403e-10,-0.4411055829415144,0.13362598163233774,0.46188732767047475,2.843599423344029,0.0003890419237512301,1.0000028801618943,18.685822972520732,1,-0.7208544432853866,-0.10954536196512303,0.7292555026366838,-2.9935595843252503,-0.0018599921415546376,1.0000003926675027,2.617783352150229,1,-0.7418151518122845,-0.6923015380683148,1.0136357195870322,-2.3924244266941197,0.00038815085249324795,0.9999999651559146,0.9620093403184661,1,-0.661282952691012,-1.4305902493556135,1.574410976753632,-2.0045605406932596,0.0009817479348856806,1.0000000353777379,0.2358515851762803,1,4.514820209494744,2.0822023055534804,4.9722831386011395,0.4325211156946032,0.007611360762394661,0.9999998549019862,0.008172094344736877,0
12.66,-0.003753619038512213,0.004731690521290453,-7.990957648189301e-10,-0.46585392203083414,-0.027672115007101088,0.46700535181168107,-3.086668028907227,0.00039041896156958715,1.0000028801207967,17.692287503868947,1,-0.6845537679600757,-0.25140653455795714,0.7289804694039442,-2.792460214251274,-0.0019134623823075232,1.0000003920230185,2.613486789419998,1,-0.6508272176176308,-0.7766746582672144,1.0120400645501564,-2.2698927297657825,0.0004566472300667702,1.000000304866553,0.962062237440149,1,-0.5672528306109512,-1.4610296292289096,1.5655506678873268,-1.9418740662374423,0.0010122805123900934,1.0000000357613235,0.23840882315382408,1,4.491443504557811,2.1348561313991863,4.973464707002402,0.44411448010608917,0.007766951435543455,1.0000001932234297,0.008167516982812512,0
12.680000000000001,-0.003753619037591695,0.004731690520890485,-8.016679642168512e-10,-0.41867485103535285,-0.1849522868056169,0.45729938186004143,-2.7301994408820693,0.00039097925986246885,1.0000028331475337,16.82917810349614,1,-0.6204228201941748,-0.38313468635082776,0.7284962000160834,-2.5911503287692974,-0.0019988875047556205,1.0000003915206013,2.6101373410998705,1,-0.5499304641706022,-0.849259664699499,1.0102703616059387,-2.14695251386702,0.0005564945857016027,1.0000001777659118,0.9626553295251714,1,-0.47088782248580147,-1.4854655486323558,1.5564695823372172,-1.8784649079567575,0.0010461553759396713,1.00000003617764,0.24118426675541696,1,4.467490322379276,2.1872356606180023,4.974675521895182,0.45570227088472937,0.007927870634752554,0.9999999511548074,0.008162793852151188,0
12.700000000000001,-0.0037536190353372034,0.004731690520549964,-8.042056807815168e-10,-0.3028687714406295,-0.3117285565209324,0.4334478350146729,-2.346024793106172,0.0003940683710738761,1.0000027068359936,16.20046503942133,1,-0.5310169049440616,-0.49934871365771055,0.7278220870537228,-2.3895187585266013,-0.0021195919466181026,1.000000391180548,2.6078703191942254,1,-0.4406160660618998,-0.9088851953686482,1.0083526725240344,-2.0235623649648,0.0006925786433747024,0.9999999537143415,0.9637841024550599,1,-0.37255027183867645,-1.5036903119990952,1.547201786135372,-1.8143036511978234,0.0010833767708989643,1.0000000366265507,0.2441770051165234,1,4.442964159094654,2.239334368380337,4.975915406187926,0.46728436081144076,0.008095755364407492,0.999999860441787,0.00815792596401376,0
12.72,-0.0037536190316937446,0.004731690520258426,-8.066911800011511e-10,-0.12951437243125838,-0.3780584340699817,0.39773155186185016,-1.903848659224734,0.00040213128265913537,1.0000025405611723,15.944494721492912,1,-0.4199157843867259,-0.5952635671480192,0.7269852361279611,-2.1874664813060107,-0.002271959616876907,1.0000003910169593,2.6067797281203076,1,-0.3245174964793885,-0.9545609708588677,1.0063155321737438,-1.8996869246314199,0.000867616633835528,1.0000002847332417,0.9654368608188058,1,-0.27262365332000954,-1.5155142755540294,1.537783333770215,-1.7493626313466852,0.001123728487768902,1.0000000371077982,0.24738532068542216,1,4.4178685894069245,2.2911457805229363,4.977184175428121,0.47886062392968937,0.008272480422327992,1.000000195298015,0.008152914363642575,0
12.74,-0.003753619026784314,0.00473169051999771,-8.091077109521894e-10,0.07379136009731636,-0.3504450767779127,0.3558348829595148,-1.3634545426271925,0.00041206610259167246,1.0000024405971375,16.273686079144856,1,-0.2915957526473622,-0.666882920749405,0.7260195065758795,-1.9849106087684356,-0.002437844923004297,1.0000003910372166,2.6069147771637864,1,-0.20339020494113566,-0.9854962973074297,1.0041895916277768,-1.7752975588257014,0.0010807543323956101,1.0000002089542288,0.9675945899274206,1,-0.17151234961572134,-1.5207681195876397,1.5282522499906046,-1.6836162515220434,0.0011669670271917626,1.0000000376209763,0.25080650957233985,1,4.392207265714026,2.3426634745842225,4.978481636693449,0.49043093562327184,0.008460509751716095,0.9999999434863045,0.00814776013243173,0
12.76,-0.0037536190215936554,0.004731690519737411,-8.11443619328639e-10,0.24805712547053746,-0.20499007326642646,0.3199128370957791,-0.6862497881880467,0.0004210392518787807,1.0000025292117705,17.423821456719466,1,-0.15126530561152068,-0.7111676375184719,0.7249642623187634,-1.7817879307467,-0.002574002387020007,1.0000003912415356,2.608276904736609,1,-0.07908856365127234,-1.0011166985869746,1.002007218726247,-1.6503729722419163,0.0013223983578800876,0.9999999476760981,0.9702307562556122,1,-0.06964119709258523,-1.51930527424925,1.5186484935495215,-1.6170413326919848,0.0012129890279725627,1.000000038165503,0.2544366859730643,1,4.365983917219697,2.3938810808213793,4.9798075856599,0.5019951724230634,0.008662462341819105,0.9999998662044515,0.008142464389920308,0
12.780000000000001,-0.0037536190193902513,0.004731690519433684,-8.137076069371363e-10,0.3067234694758959,0.029707230691993103,0.30780668505509234,0.10426787853352774,0.00043139684926800777,1.0000028278963589,19.212685555196703,1,-0.0046678328208456105,-0.7261727724933803,0.72386285987687,-1.5780578583341036,-0.0026078870960634685,1.0000003916226705,2.610817803543945,1,0.046459861192592634,-1.0010782106579945,0.9998020682665223,-1.5248997465762588,0.0015625954711303797,1.00000026182732,0.9733108391753474,1,0.03254523815003958,-1.5110044821737028,1.5090139011888968,-1.549617493866355,0.0012605755707751532,1.0000000387405876,0.2582705848462856,1,4.339202349027784,2.4447922832093294,4.981161803983484,0.5135532106918445,0.008876991923143767,1.0000001970649122,0.008137028293305246,0
12.8,-0.0037536190231851826,0.004731690519056598,-8.159445636507501e-10,0.2106564811532213,0.24901437784547553,0.32759084423842105,0.8747694798541261,0.00044093409115435113,1.0000031700649665,20.64745980876875,1,0.14214357700184244,-0.711145823758823,0.7227608886334926,-1.3737045677628124,-0.0024850324355071233,1.0000003921658995,2.6144393303607734,1,0.17128255545669932,-0.9852788371883995,0.9976086333719065,-1.3988727909649306,0.0017528138345808757,1.000000239208868,0.9767918330248185,1,0.1345836933435688,-1.4957724733950275,1.4993921004637243,-1.4813275559879175,0.0013057608137664561,1.000000039345207,0.26230138059516245,1,4.3118664412220475,2.4953908204225126,4.982544068159066,0.5251049247283542,0.00909592170281746,0.9999999359090888,0.008131453031810848,0
12.82,-0.003753619030090447,0.004731690518623713,-8.182018396141189e-10,0.02110235352846175,0.3636540002722474,0.36665111972608017,1.5149578077470915,0.000443265490193714,1.0000033791592922,21.043568427610563,1,0.2830521620105871,-0.6665794332485245,0.721704233171518,-1.1687381237807888,-0.0022205070217534667,1.0000003928494874,2.6189965828947646,1,0.2933925423932128,-0.9538666319106623,0.9954617573483048,-1.27229572290734,0.001868914452928353,0.999999947104817,0.9806228121701872,1,0.23599359118512966,-1.4735467188925573,1.4898283721465024,-1.4121579737055414,0.0013461025832822804,1.00000003997808,0.2665205333785871,1,4.283980147933396,2.5456704867982953,4.983954164416706,0.5366501884296451,0.009314957864450177,0.9999998721808501,0.00812573982538173,0
12.84,-0.003753619036121862,0.004731690518171336,-8.20489805004182e-10,-0.17856654214666884,0.36383422079603395,0.4078061654739613,2.0258435974585294,0.0004407446133164024,1.000003399559925,20.61085289324616,1,0.4121351713112421,-0.5942129100921631,0.7207371252233946,-0.963194468179689,-0.0019007035769527357,1.00000039364566,2.6243043998305953,1,0.41082071704556883,-0.9072438576259292,0.9933960776958155,-1.1451811679123514,0.0019302248128150242,1.000000236601669,0.9847467502083801,1,0.3362788108470459,-1.4442982198359926,1.4803694747733687,-1.3420992981695266,0.0013828692046539942,1.0000000406376461,0.27091764064634616,1,4.255547496392031,2.5956251332797113,4.9853918833260025,0.5481888782587895,0.009536252313700703,1.0000001985213223,0.008119889930908866,0
12.860000000000001,-0.0037536190400406563,0.004731690517720808,-8.227956415154947e-10,-0.33876675885536045,0.2787295911877634,0.44083475545189066,2.4496988629864433,0.00043742020765010815,1.0000032419866187,19.751708602663957,1,0.523922043378319,-0.49697886311255146,0.7199003009067316,-0.7571342995854937,-0.0016216352535440974,1.0000003945217506,2.6301450041205046,1,0.5216495325516098,-0.8460667236641393,0.9914454031476965,-1.0175508868122929,0.00196720600447803,1.0000002676465747,0.9891018230070299,1,0.4349298849867074,-1.4080342814981301,1.4710634387751027,-1.271146648085018,0.0014179572991915885,1.0000000413220387,0.275480257702438,1,4.22657258596398,2.645248668339701,4.986857009446746,0.5597208729560714,0.009761570408789225,0.9999999284351663,0.008113904640357541,0
12.88,-0.0037536190420188274,0.004731690517277486,-8.25103786510073e-10,-0.43743155506706843,0.14135881442991247,0.46118630689833684,2.824209128163491,0.0004344988069639117,1.0000029643645525,18.740962672134195,1,0.613640437026973,-0.3788938943956904,0.7192292664422971,-0.5506408830895754,-0.0014313295842495353,1.0000003954413792,2.6362758616931052,1,0.624047402215263,-0.7712403097282465,0.9896420666576886,-0.8894356761921907,0.0019981988866222744,0.9999999518521812,0.9936215920534215,1,0.5314266532550972,-1.3648012121135304,1.461959315788921,-1.1993001752116657,0.0014524738712552454,1.0000000420290531,0.28019368759659385,1,4.197059587175233,2.6945350588885097,4.988349320124033,0.5712460524580478,0.009990837977561671,0.9999998783615147,0.008107785273226404,0
12.9,-0.0037536190424719658,0.004731690516838305,-8.274029764283874e-10,-0.46605328270553864,-0.019427208514152097,0.467105021441104,-3.105595450803533,0.00043206352151923085,1.0000026647248432,17.743331710611354,1,0.6774368066800435,-0.2448956371756825,0.7187527052639086,-0.3438167735468501,-0.0013297433262191138,1.0000003963658426,2.6424389507498875,1,0.7163030351359586,-0.6839083901891354,0.9880162993707211,-0.7608750524777245,0.002029221140427579,1.0000002094936977,0.9982352192160907,1,0.625241393417788,-1.3146868764106319,1.4531068808868668,-1.1265655183956678,0.0014867431153664673,1.000000042756116,0.28504077345976037,1,4.1670127407249575,2.7434783311633013,4.989868587473725,0.5827642974816901,0.010222960376503477,1.0000001996649386,0.008101533169909405,0
12.92,-0.0037536190417377466,0.004731690516397274,-8.296865468965242e-10,-0.4227138187653303,-0.17758012655546518,0.4581933544383456,-2.749900371749806,0.0004304724733037154,1.0000024471255913,16.870668989454476,1,0.7125585690706298,-0.1006321152217418,0.7184911259610842,-0.13677949909301512,-0.001294050365611447,1.0000003972557714,2.6483718092674566,1,0.7968588193012374,-0.5854379987732435,0.9865956399085735,-0.6319167349418381,0.002060399714403406,1.000000293363713,1.0028682980024506,1,0.7158424400384713,-1.25782302285592,1.4445562897520645,-1.0529542351122048,0.0015205616635481788,1.0000000435002587,0.29000172486871406,1,4.1364363564885815,2.792072571599493,4.991414580117583,0.5942754895033591,0.010456461948256082,0.9999999210763804,0.008095149685792224,0
12.940000000000001,-0.003753619039904111,0.004731690515948498,-8.319503332770983e-10,-0.3104162229329714,-0.3067231497168851,0.4350678646825343,-2.367914030203205,0.00043046482029990144,1.0000023775127282,16.226284237448283,1,0.7174864476646676,0.0477869689352459,0.7184558573877257,0.07034362191087531,-0.0013006088689277904,1.0000003980729446,2.653819630996455,1,0.8643423050935962,-0.47739874584467296,0.9854043837755017,-0.5026159310779255,0.0020904019820525022,0.9999999615818173,1.0074441433210595,1,0.8026982872425262,-1.1943872948624519,1.4363576915336163,-0.9784841958210229,0.0015534572694334793,1.0000000442580994,0.295053995714338,1,4.105334812511479,2.840311927683472,4.992987064304578,0.6057795108940547,0.010689895999798627,0.9999998847366535,0.008088636185624087,0
12.96,-0.003753619036708974,0.0047316905154861835,-8.341896721997255e-10,-0.13966232183518112,-0.37715199075106914,0.39989011760699344,-1.9298046112330423,0.0004325626710111327,1.0000024604570505,15.945562991757262,1,0.692008305689291,0.1940642894095128,0.7186484695464543,0.27742125864599615,-0.0013367785236934704,1.000000398782119,2.6585474600299817,1,0.9175948195163582,-0.3615371046403105,0.9844630826969194,-0.37303442797935776,0.0021189445808261474,1.0000001809375494,1.011885317089218,1,0.885282155797061,-1.1246048302647977,1.428560798590943,-0.9031799245110977,0.0015849468381629495,1.0000000450258335,0.3001722229813582,1,4.073712553993585,2.888190608785772,4.994585804408309,0.6172762451460971,0.010922261900778928,1.0000002004939506,0.008081994039264987,0
12.98,-0.0037536190318415855,0.004731690515000671,-8.363968888140672e-10,0.06319237920274458,-0.35542575790998754,0.35808847480131306,-1.3958582139657647,0.00043653915726410723,1.000002654387859,16.236476403226224,1,0.637229477108541,0.3319993830355598,0.7190606654412097,0.4843241090556892,-0.0014020969120497175,1.0000003993527409,2.662351605623165,1,0.9556962655114309,-0.23974609840747588,0.9837881076839358,-0.2432395019355575,0.0021476330180145893,1.0000003154811057,1.0161152719880007,1,0.9630769857332265,-1.0487493507850651,1.421214416145414,-0.8270728678414958,0.0016148432720750209,1.000000045799235,0.3053282340675693,1,4.04157409226559,2.9357028869737682,4.996210562360532,0.6287655771607626,0.011153514933525779,0.999999913844391,0.008075224620748394,0
13.0,-0.003753619026100264,0.004731690514469452,-8.385646092443078e-10,0.24116844686278446,-0.21632155932254402,0.3214032169368584,-0.7264111993658321,0.0004425195387222023,1.0000029079767705,17.339861503814195,1,0.5555188879613926,0.45576772691447165,0.7196746556020116,0.6909308464285727,-0.0015020220946502581,1.0000003997604248,2.6650694982402565,1,0.9779852383319881,-0.11403103171950044,0.9833912902815134,-0.11330266928645641,0.0021793790188089942,0.9999999758005156,1.0200600484236804,1,1.0355807946634001,-0.9671436447107691,1.414365937842077,-0.7502015753826536,0.001643496922537466,1.0000000465736694,0.31049112982309196,1,4.008924003756228,2.982843097802628,4.997861094963871,0.6402473933606355,0.011384305134619833,0.9999998912961666,0.008068329311987208,0
13.020000000000001,-0.003753619023430593,0.004731690513852962,-8.407063782113477e-10,0.3079838043910392,0.015753404029635168,0.30761829763016707,0.06065507628505247,0.0004523638963662817,1.0000031487770462,19.11442825818126,1,0.45039463047425643,0.5601790462824016,0.7204639944265661,0.897133616723486,-0.0016475178404616125,1.0000003999881015,2.6665873438973944,1,0.9840737224883696,0.013527898623916226,0.983279657419726,0.016701688489450472,0.002213833313330766,1.0000001513802221,1.0236499604528948,1,1.1023123196498565,-0.8801593523924031,1.4080608185852297,-0.6726117734228257,0.0016709419808526478,1.000000047344118,0.3156274524284891,1,3.97576692894926,3.029605641083616,4.999537150241264,0.6517215807503141,0.011611815006804494,1.0000002010070455,0.008061309509076561,0
13.040000000000001,-0.003753619027351123,0.004731690513128849,-8.428771357087139e-10,0.21940944550256855,0.23885709720195872,0.325858501710894,0.8360889696053194,0.0004616727937744937,1.0000032468238467,20.595270821425345,1,0.3263565942425903,0.6409013038196514,0.7213948311658579,1.1028427724355396,-0.0018574157534361347,1.000000400026768,2.666845119003062,1,0.9738558138848593,0.14081511878224529,0.9834552776119603,0.14669779085081638,0.002239647368033838,1.0000003331995175,1.0268211993293999,1,1.1628168378215484,-0.788215975614557,1.4023420362599408,-0.5943563103920523,0.0016948784248860397,1.0000000481052178,0.3207014527096338,1,3.942107571330291,3.0759849816308176,5.001238473832678,0.6631880249581035,0.011826192691649732,0.9999999067506576,0.008054166625170804,0
13.06,-0.0037536190342772006,0.004731690512330524,-8.451305094116235e-10,0.032562030964300985,0.3600085143476289,0.3643615374789817,1.4840557341097098,0.0004606248824049031,1.0000031640413296,21.04721531344255,1,0.18867683718466202,0.6946396998455262,0.7224275004514943,1.3079906160729684,-0.0021219552921849425,1.0000003998757827,2.6658385520431604,1,0.9475101281722645,0.2657202115943393,0.9839152156277021,0.27660998024290867,0.002244694803915534,0.9999999939117716,1.0295173772794897,1,1.2166720404786628,-0.6917790487359224,1.3972495373768101,-0.5154949574106781,0.0017128501276250118,1.0000000488513179,0.3256754518709776,1,3.907950696324794,3.1219756499866853,5.0029648248363765,0.6746466114061533,0.012021910468301124,0.999999898029662,0.008046902093387372,0
13.08,-0.003753619040032832,0.0047316905115090836,-8.474754045230404e-10,-0.16814448245119062,0.3657520392564478,0.4057316868484645,2.000896885471779,0.0004506909628951142,1.0000030147415802,20.648228333755995,1,0.043160319993894865,0.719263546147068,0.7235183477328533,1.512533991903751,-0.0024014690272294984,1.0000003995427051,2.663618034126405,1,0.9054957964924054,0.38617830950963156,0.984651581397618,0.4063642418930472,0.0022247189994728275,1.0000001213177374,1.0316908777241636,1,1.263493818486949,-0.5913574333024628,1.392819679089367,-0.4360940703832148,0.001724870721179978,1.0000000495765442,0.3305102941303523,1,3.873301130226108,3.1675722431245688,5.004715973085808,0.6860972286400162,0.012201552501350367,1.000000201203411,0.00803951737597966,0
13.100000000000001,-0.0037536190437823342,0.004731690510697025,-8.498968451751965e-10,-0.3312035079191369,0.2843791070089823,0.4393510276813216,2.4283890421566077,0.0004414103522339485,1.0000029118015767,19.80381812485538,1,-0.10411066109621309,0.7138775782096262,0.7246216728549931,1.7164556255162533,-0.0026622683842508644,1.0000003990428061,2.660285374917977,1,0.8485422051306664,0.5002091937034416,0.9856516917164356,0.5358896660742823,0.002176248606310094,1.0000003458696194,1.0333039280172729,1,1.3029418031751303,-0.48749972593905816,1.389084704344609,-0.3562261076317654,0.0017318419293944507,1.0000000502748845,0.3351658961519988,1,3.838163759112337,3.2127694251299346,5.006491687671189,0.6975397686227979,0.012368221224535942,0.9999998998064206,0.008032013965973549,0
13.120000000000001,-0.003753619045865319,0.004731690509911455,-8.523777196220439e-10,-0.43347656701692994,0.14905809434390752,0.4604477647641706,2.8047736705487303,0.0004348975270474063,1.0000028837708483,18.79633646783655,1,-0.24703543390776853,0.6788377484907191,0.7256916854369421,1.919764265173562,-0.0028785539917542398,1.0000003983982082,2.655988054151221,1,0.7776328714959946,0.6059540118968599,0.9868983448834726,0.6651198178599173,0.00209425382817191,1.0000000152812798,1.034329427264035,1,1.3347245003296129,-0.3807898008452881,1.38607226100204,-0.275968993877581,0.001734551458400035,1.0000000509402822,0.3396018809695226,1,3.8025435277551463,3.2575619278628687,5.008291733734913,0.7089741257973192,0.01252362217263753,0.9999999049264715,0.008024393380586038,0
13.14,-0.003753619046544935,0.004731690509162684,-8.549029778363859e-10,-0.46596194202115265,-0.01113691946612184,0.4671641259788027,-3.1245084691843408,0.00042956985150981056,1.0000028843894078,17.794885439287523,1,-0.3797456646574477,0.615714464985023,0.726684397681632,2.1224937291546904,-0.0030382729585718775,1.0000003976367229,2.6509114851758535,1,0.6939840591357861,0.7017086523058549,0.9883701916505636,0.7939939772683936,0.0019744558908018355,1.0000000913320521,1.0347514773065571,1,1.358603856164236,-0.27184154273431343,1.3838049724439994,-0.1954053397421406,0.0017336550921456925,1.0000000515667418,0.3437782790211294,1,3.766445438522802,3.3019445516011934,5.010115873125569,0.7204001966602914,0.012668875353315555,1.000000201082737,0.008016657155676598,0
13.16,-0.0037536190459226976,0.004731690508457561,-8.57458188219945e-10,-0.4264669173392604,-0.17008231492289816,0.4590459648316754,-2.769521647338673,0.0004245188175109791,1.0000028429096857,16.91294499534837,1,-0.4968380304300636,0.5272083812982844,0.7275593761542345,2.3247009844375914,-0.0031445970222565263,1.0000003967905333,2.6452702224167246,1,0.5990189063204225,0.7859529790890638,0.9900421882315227,0.9224582151433607,0.0018153711791512993,1.0000003530535064,1.0345655962786229,1,1.3743991035701815,-0.16129286086520878,1.3823000739441034,-0.1146215334639206,0.001729771210123387,1.0000000521484413,0.34765627564208995,1,3.729874550278304,3.345912165663177,5.011963865107865,0.7318178797097306,0.012805133991219887,0.999999893022683,0.008008806843427791,0
13.180000000000001,-0.0037536190439801265,0.004731690507799627,-8.600280002046823e-10,-0.3177037672369259,-0.3015016911787642,0.4366500082703687,-2.389636617143292,0.00042026742070773497,1.0000027219042356,16.253278153850736,1,-0.5935811292945651,0.41702521526232494,0.7282812905886132,2.5264634183207555,-0.003211337903451925,1.0000003958947776,2.639298517320686,1,0.494337963496881,0.8573753330125686,0.9918861166203079,1.0504662795385125,0.00161930297266857,1.0000000392926525,1.0337786178363464,1,1.3819897548912472,-0.049799107571779175,1.3815691282571507,-0.033706726120693184,0.001723531378378564,1.000000052679847,0.3511989799319985,1,3.6928359772724093,3.3894597090091705,5.013835466568478,0.7432270755295947,0.012933916843371482,0.9999999119756684,0.008000844012229552,0
13.200000000000001,-0.003753619040647335,0.004731690507187635,-8.62595774756697e-10,-0.14962070763842925,-0.3759251130938492,0.40202392353880084,-1.9554705963659524,0.00041810144921611964,1.000002554089933,15.948439057976348,1,-0.6660909265617665,0.28971674167594397,0.7288212186141935,2.72787547029736,-0.003255797628939607,1.000000394986098,2.6332406541089495,1,0.3816871006146307,0.9148919143059061,0.9938711554167226,1.177980277480674,0.0013932589093311855,1.0000000621097933,1.032408293902864,1,1.381317633438045,0.061973946896578834,1.3816178308138938,0.04724826322587697,0.0017156258056167972,1.000000053155828,0.35437218661762215,1,3.655334888031154,3.432582190821653,5.015730431711073,0.754627686943495,0.013057426327814849,1.000000200645215,0.007992770247612805,0
13.22,-0.0037536190360261635,0.004731690506613005,-8.651442080093164e-10,0.05262087973904447,-0.35999525987805336,0.36035024297465573,-1.4278302996436698,0.0004190288173695438,1.0000024410331108,16.20192579621096,1,-0.7114708056704658,0.1504952279867559,0.7291576798169183,2.9290447824195134,-0.003291200951915266,1.0000003941012163,2.62734144189587,1,0.2629237569582699,0.9576608771798973,0.9959644830800619,1.3049711468811964,0.0011492518893879856,1.0000003545602973,1.0304826316356648,1,1.3723878686871855,0.17335740950024245,1.3824459113150134,0.12815209160832544,0.0017068849397053228,1.0000000535717652,0.3571451010158173,1,3.617376504238177,3.475274691064026,5.0176485108581215,0.766019619224299,0.013178972913994261,0.999999886410194,0.007984587153488395,0
13.24,-0.0037536190309235907,0.0047316905060552665,-8.676587148412351e-10,0.2340343847828495,-0.22729055238019888,0.322958706279407,-0.7661516913161406,0.00042360364347702437,1.0000025073511924,17.258445718666554,1,-0.7279137067446879,0.005028359568288683,0.7292773832233704,3.130088011806774,-0.00332156628079586,1.0000003932755719,2.621837146396403,1,0.1399824687080104,0.9850911633749229,0.998131894960503,1.4314189223592264,0.000903313505709341,1.0000000653783319,1.0280390058018578,1,1.3552688176992655,0.2836866421388389,1.3840471347128942,0.20891405119241246,0.001698252636705917,1.0000000539236495,0.35949099762184816,1,3.578966099611934,3.5175323610182225,5.019589447214839,0.7774027801820331,0.013302687620715454,0.9999999191660849,0.007976296353371333,0
13.26,-0.003753619028322509,0.004731690505479214,-8.70141226433363e-10,0.308837931744046,0.001843068811686238,0.3075297957403026,0.017053737429065883,0.0004325899838735133,1.0000027913055876,19.015564158897977,1,-0.7147648757019431,-0.14077866902340166,0.7291756782345791,-2.9520588731917123,-0.003347659436484814,1.000000392542059,2.6169470602594798,1,0.014840531277141938,0.9968462740131936,1.0003384154580064,1.5573128042119333,0.0006686677062866383,1.0000000344315898,1.02512309534378,1,1.330090915372778,0.3923085304051506,1.3864094030763596,0.28944520677167257,0.0016898446176110697,1.0000000542081677,0.3613877843671834,1,3.5401089987776313,3.559350423801245,5.021552971872067,0.7887770792817526,0.013429163044669842,1.0000001998915393,0.007967899490381548,0
13.280000000000001,-0.0037536190316520227,0.004731690504858079,-8.726285436432002e-10,0.22794191477333825,0.2284500459202247,0.32418923095724234,0.7970441200668065,0.00044202393943433674,1.0000031410460823,20.54003105947248,1,-0.6725444651552097,-0.2810075705679417,0.7288566998022252,-2.750903860369674,-0.003380852776569157,1.0000003919298777,2.612865851277878,1,-0.11051545470214363,0.9928433175237037,1.0025488943659826,1.6826510418902054,0.00044446559543638494,1.0000003504476747,1.0217876962241772,1,1.2970444962561816,0.4985884573458944,1.3895149627827073,0.36965948003041926,0.0016795975214875525,1.000000054422767,0.3628184465723654,1,3.5008105761350707,3.60072417486216,5.023538807414342,0.8001424253763413,0.013550777263997851,0.9999998799794315,0.0079593982220962,0
13.3,-0.003753619038586389,0.004731690504210632,-8.751647084977165e-10,0.04405779182772387,0.35608503467816555,0.3620823849276371,1.4527899363368688,0.0004440835978376304,1.000003368614881,21.048456255102543,1,-0.6029297308084737,-0.4099517720211334,0.7283332108777338,-2.5495152417246074,-0.003424030539966529,1.000000391463519,2.60975679226568,1,-0.23412153182451312,0.9732477731052097,1.0047285870577067,1.807440661506604,0.0002287352053568956,1.0000000930214943,1.0180914567338955,1,1.25637666784514,0.6019168106673994,1.3933407053777358,0.44947466093558325,0.0016656459016729415,1.000000054565704,0.36377136027911494,1,3.4610762547248375,3.6416489824602745,5.025546684121997,0.8114987270060746,0.01366327354422384,0.9999999264863287,0.007950794213790463,0
13.32,-0.0037536190449057013,0.004731690503578267,-8.777571915835614e-10,-0.15754035148776407,0.36747991422300713,0.40363662649300697,1.9757082692453531,0.0004390562333802274,1.0000034074981494,20.68436321523505,1,-0.5086969911635129,-0.522335497906005,0.7276261571372847,-2.3477847841141997,-0.0034580816052633447,1.0000003911618927,2.6077459508972973,1,-0.3540663417559895,0.9384644737883128,1.0068436973697596,1.9316970758335767,3.0955861039487124e-05,1.0000000091327486,1.0140975681459765,1,1.2083873464109276,0.7017148745925254,1.3978585306009872,0.5288133133793756,0.0016480131096707346,1.0000000546360703,0.36424046840392105,1,3.420911505093092,3.6821202881217086,5.027576340616532,0.822845895610895,0.013771117947735508,1.0000001988229048,0.007942089141688393,0
13.34,-0.0037536190491302673,0.004731690502987818,-8.803867660930886e-10,-0.32339432054182,0.2899352061543607,0.4378322429771491,2.4069440209173285,0.00043125683224102434,1.000003264447547,19.85546151007461,1,-0.39362401233687755,-0.6135208131052374,0.7267639298793416,-2.145617204338229,-0.003461924532669335,1.000000391037614,2.6069174266506057,1,-0.4685187337705202,0.8891253427558586,1.008861866709118,2.055443584647911,-0.00013900022551383435,1.0000003409935856,1.0098724573460547,1,1.1534245920881459,0.7974399875381403,1.4030357722688758,0.6076035424075497,0.001626907073066178,1.000000054633795,0.3642253008133544,1,3.380321844152895,3.722133607073681,5.029627512561576,0.834183846122976,0.013879193541408317,0.9999998737405849,0.007933284696580695,0
13.360000000000001,-0.0037536190513462256,0.0047316905024479,-8.830294876381595e-10,-0.42925098053568284,0.1567475392350374,0.45966788314917767,2.785283393998529,0.0004239518063759321,1.000002993847087,18.851709842279693,1,-0.2623541809127746,-0.6796959572792941,0.7257813419070078,-1.9429339944157331,-0.003423204344500049,1.0000003910964643,2.607309762262064,1,-0.5757527931419371,0.8260744139452016,1.0107526159334699,2.1787107806874597,-0.00027695147625382256,1.0000001217365484,1.0054845701044994,1,1.0918793975164285,0.8885898794185798,1.408835684644793,0.6857796169134751,0.0016020756339765975,1.0000000545596277,0.363730851308132,1,3.339312834042632,3.7616845286586926,5.031699928568659,0.8455124959627243,0.013990269481656888,0.9999999339248026,0.007924382580955958,0
13.38,-0.003753619051958053,0.004731690501956277,-8.856652169465795e-10,-0.46559399531979767,-0.0027812509887042446,0.4671797297912977,3.1397764436806495,0.00041793270991584815,1.000002691592648,17.84675854896546,1,-0.12022484415410507,-0.7180379228571765,0.7247183391597961,-1.7396767715300891,-0.003339583190383778,1.0000003913370534,2.6089136896243623,1,-0.6741701658368188,0.7503506409355066,1.012487738585886,2.3015358902695655,-0.00038295238437350003,0.9999999870466009,1.0010032341613095,1,1.0241800919733766,0.9747061370248951,1.4152179682956663,0.7632824444065128,0.0015730163439140498,1.0000000544150989,0.36276732525015265,1,3.297890080983268,3.8007687167289568,5.033793310738991,0.8568317644115168,0.014105812298070165,1.0000001974410053,0.007915384506021708,0
13.4,-0.0037536190513427015,0.004731690501505755,-8.882787192431019e-10,-0.4299507508321415,-0.1624429824542286,0.4598559596494063,-2.789061129559768,0.0004126258800350673,1.0000024631311624,16.955836209535576,1,0.02693641386310984,-0.7268419837464366,0.7236184780587195,-1.5358100001719224,-0.003217784459286704,1.0000003917507094,2.611671395596468,1,-0.7623196461905546,0.6631689571511801,1.014041644836132,2.4239620707478013,-0.0004594476701753228,1.0000003266510362,0.9964975732041632,1,0.9507865229669996,1.055376780428782,1.4221393174207293,0.8400598957709956,0.001539211538562616,1.0000000542024658,0.3613497716224794,1,3.256059234135312,3.8393819100206383,5.035907375746376,0.8681415723798265,0.01422667731807022,0.9999998677035399,0.007906292190881804,0
13.42,-0.0037536190496119575,0.004731690501087483,-8.908579919759962e-10,-0.3247491801086293,-0.29605230198520666,0.4381947509218118,-2.4111913271914585,0.00040763339754358656,1.000002378988357,16.281272299964186,1,0.17304204333665402,-0.7056109672699434,0.7225272094414946,-1.3313229280994512,-0.003071067013797631,1.0000003923216259,2.6154775057861372,1,-0.8389140613394216,0.5658999951080702,1.0153916576829218,2.5460376787625645,-0.0005100354037068419,1.0000001510419492,0.9920355237188737,1,0.8721841699548052,1.1302379650549004,1.4295539742051313,0.9160669841058686,0.0015003035349028296,1.000000053924643,0.35949761934895913,1,3.213825984455441,3.8775199225075636,5.038041835639163,0.8794418423493318,0.01435349687242669,0.9999999414697212,0.00789710736292119,0
13.440000000000001,-0.0037536190465257396,0.004731690500691356,-8.933916705380907e-10,-0.15940658741151323,-0.37436954056454264,0.40413446416153775,-1.980851378966563,0.00040301367287779854,1.0000024487257078,15.952919209502317,1,0.3119938226081149,-0.6550976745258305,0.7214900244376322,-1.1262305836735111,-0.0029148440908055725,1.0000003930272954,2.620181969135901,1,-0.9028445343696313,0.4600488091613613,1.01651826265172,2.66781552047012,-0.0005385604564603791,0.999999968945376,0.9876829681730641,1,0.788878331294493,1.1989748515733503,1.4374142771983012,0.9912659072419512,0.0014562670344547668,1.000000053585121,0.35723414068219816,1,3.1711960635526095,3.9151786437340674,5.040196398292779,0.890732498418681,0.014487061874446929,1.000000195748031,0.007887831758576196,0
13.46,-0.003753619041769479,0.004731690500302827,-8.95866613098012e-10,0.042063647179054156,-0.36414660512250935,0.36262121097440747,-1.4593834319559869,0.0003992093613521913,1.0000026329567548,16.169792958932117,1,0.43794157440493203,-0.5772951577420793,0.7205505326688745,-0.920573704009603,-0.002760862463630252,1.0000003938392457,2.625594971364981,1,-0.9531922375688096,0.347232883151343,1.0174053130660012,2.7893520929426825,-0.0005483059980987111,1.0000003079999773,0.9835029756745056,1,0.7013885073664533,1.2613217080892998,1.4456711919429812,1.0656259675670534,0.0014076229416460878,1.0000000531878799,0.35458586541111203,1,3.128175242544108,3.9523540391275183,5.042370767143192,0.9020134664530439,0.014628852867900314,0.9999998618778623,0.007878467124229295,0
13.48,-0.003753619035918845,0.004731690499894626,-8.982703673769687e-10,0.22664469590019257,-0.23788306659283684,0.3245789308125687,-0.8054802678697043,0.0003992615189620901,1.0000028805337815,17.17938996399886,1,0.5455398317062441,-0.4753716452286157,0.7197485574657211,-0.7144175040635911,-0.002614052681499421,1.0000003947240803,2.6314938681666473,1,-0.989237759032346,0.22915964461657579,1.0180401934955865,2.9107068239456715,-0.0005407613350064635,1.0000001804375414,0.9795551415052689,1,0.6102430817273586,1.317061325720454,1.4542748130510714,1.1391233852187734,0.0013554961674972367,1.0000000527372954,0.35158196921312673,1,3.084769330911685,3.989042150290577,5.044564638974853,0.9132846742146644,0.014780972700057004,0.9999999491091308,0.007869015217286626,0
13.5,-0.0037536190325639937,0.004731690499420919,-9.006098579573962e-10,0.3092630044938549,-0.012002869343370684,0.30754180680696724,-0.026535161286378117,0.00040777650560949025,1.0000031256618733,18.916018151953185,1,0.630189634394094,-0.35354974118995847,0.7191183492040439,-0.5078492588050346,-0.0024795477721829295,1.0000003956447836,2.63763189128195,1,-1.0104682027259446,0.10760365346316599,1.0184139417197589,3.0319413157096173,-0.000518373529959491,0.9999999554895864,0.9758950161846138,1,0.515974379749855,1.3660238395072037,1.4631748285202522,1.2117410202837122,0.0013003756192586267,1.0000000522380488,0.3482536579407498,1,3.040984175357503,4.0252390952732835,5.046777699205143,0.9245460506829116,0.014941926022934187,1.0000001937466643,0.007859477806670687,0
13.520000000000001,-0.003753619035747482,0.004731690498847079,-9.029350795698721e-10,0.23622037053424016,0.21780111692039253,0.32258436786082667,0.7576208953787565,0.00041780754182256535,1.0000032425629994,20.48154832989385,1,0.6882521251423236,-0.21693295027361653,0.7186870164309004,-0.3009747566975857,-0.0023670963056817156,1.0000003965623234,2.643748823045564,1,-1.016582126640181,-0.015616412242783944,1.018521325188441,-3.1300667165268754,-0.000491993632753353,1.000000285704679,0.9725736142557587,1,0.4191141618702382,1.408085052079031,1.4723209467436762,1.2834680184771314,0.0012400163489534898,1.000000051695035,0.34463356655939215,1,2.9968256586605317,4.060941068826664,5.0490096239204325,0.935797523760721,0.015100942012917572,0.9999998562727829,0.007849856668581595,0
13.540000000000001,-0.0037536190425186177,0.004731690498193632,-9.053034658729198e-10,0.0555613597498542,0.3518807819628861,0.3598134960199023,1.421140692339796,0.0004205860756176003,1.0000031755247123,21.047091186999953,1,0.717221198046606,-0.07128625795612202,0.7184732395624025,-0.09391373809622644,-0.00228200961651922,1.0000003974374256,2.6495828372258305,1,-1.0074923989329867,-0.1386608855177233,1.0183608808259048,-3.008882979159512,-0.00047257213388939175,1.0000002093919371,0.9696369920735253,1,0.320189587494568,1.4431643583768752,1.481663293414719,1.354299406452689,0.0011726228862419985,1.000000051113278,0.3407551863288413,1,2.9522996985353447,4.0961443426396915,5.051260096732962,0.9470390199275349,0.01524955232060177,0.9999999568309279,0.007840153577422626,0
13.56,-0.0037536190483867657,0.004731690497505174,-9.07730441160326e-10,-0.1467762578515781,0.3690129475236235,0.4015201822513222,1.950262911851589,0.0004171848587594619,1.0000030288905322,20.719130568441717,1,0.7158442773780529,0.0772189294724887,0.7184863585234815,0.11320546424755093,-0.002212672729149623,1.0000003982323717,2.6548824783571177,1,-0.9833270208055849,-0.2596922902937409,1.0179349335410681,-2.887629203860913,-0.00046096664867272284,0.9999999471901848,0.9671258790850892,1,0.21971966681740043,1.4712223666258113,1.4911527578681363,1.4242356618245753,0.0010995616675556243,1.0000000504978501,0.3366523341344862,1,2.9074122464949532,4.1308452655581664,5.053528813650838,0.9582704674337534,0.015389085116013834,1.0000001914400771,0.007830370303946824,0
13.58,-0.0037536190522605367,0.004731690496810026,-9.102056304846617e-10,-0.31535773260417116,0.2953931053564945,0.4362777339516438,2.3853531365883494,0.000412666179463133,1.0000029206939645,19.906562672771912,1,0.6841832419841533,0.22228221709459847,0.7187259104821043,0.320251772046472,-0.002148947297219761,1.0000003989128021,2.659418680861463,1,-0.9444279300512973,-0.376898518465455,1.017249578090054,-2.766242666546897,-0.00045469037295999925,1.0000002604789724,0.9650753485308587,1,0.1182122014452078,1.4922583039788253,1.500741279488497,1.4932822581417171,0.0010228070503587236,1.000000049853802,0.3323586799146691,1,2.8621692867164863,4.165040263784022,5.055815473066601,0.9694917974610097,0.01552208373730642,0.9999998508971828,0.00782050861645644,0
13.600000000000001,-0.0037536190544347247,0.004731690496121151,-9.12716345211062e-10,-0.42477111759284014,0.16442228126399677,0.45884626804456236,2.765729844228804,0.00040888606185201707,1.0000028876165865,18.907032827964038,1,0.6236113641554283,0.3577588241524956,0.7191816415134383,0.5270973776348881,-0.002095923609102067,1.0000003994493762,2.662995841492787,1,-0.8913477632813065,-0.4885159492661972,1.0163146176340254,-2.644662242948402,-0.00045158295381202883,1.0000002373400732,0.9635145195525148,1,0.01616120077478985,1.5063072869063148,1.510382090839039,1.5614491957785213,0.0009437934621276907,1.0000000491860996,0.32790733161410807,1,2.8165768349095255,4.198725841056707,5.058119771194865,0.9807029433931759,0.015649200491679047,0.9999999646228781,0.007810570276037474,0
13.620000000000001,-0.003753619055192753,0.004731690495445235,-9.152528917047431e-10,-0.46496395740685575,0.005634231476612359,0.46715172795110926,3.1208812303307694,0.0004050661286729512,1.0000028884194745,17.898912633839764,1,0.5367464736613307,0.47793551545974106,0.719833987152792,0.7336235834832033,-0.0020734228183960715,1.000000399819176,2.665461172962652,1,-0.8248445203992912,-0.5928524422301222,1.0151434647643425,-2.522829161586017,-0.0004496179448084679,0.9999999443828638,0.9624662834791706,1,-0.08595524927369937,1.513437527365549,1.520029921877859,1.6287505359858492,0.000863577449009314,1.0000000484995715,0.3233304771763122,1,2.7706409371890532,4.231898578817265,5.060441402511635,0.9919038403089601,0.015770091930321573,1.000000188831924,0.007800557031748932,0
13.64,-0.003753619054662604,0.004731690494786731,-9.178069259457855e-10,-0.43317788292282405,-0.15466898888958144,0.4606236205962947,-2.808526228329462,0.00040040982829760814,1.0000028522091422,16.999305018218042,1,0.42732487155201965,0.5777827860141392,0.7206549929128556,0.939726130019702,-0.0021077095928486132,1.000000400006763,2.666711753102397,1,-0.7458740448762198,-0.6883101090533704,1.0137530053629331,-2.400687758551164,-0.0004469405785505253,1.000000233057526,0.9619470469181216,1,-0.18767669607241463,1.5137475352655274,1.5296411651687392,1.6952039481934305,0.0007830438940109316,1.0000000477988633,0.3186590883908314,1,2.724367668954253,4.2645551363541125,5.062780060948315,1.003094424877025,0.015884279964376625,0.9999998457595792,0.0077904706208189916,0
13.66,-0.0037536190528283846,0.004731690494148283,-9.203695279860757e-10,-0.33156243735540647,-0.2903836496423956,0.4397029537821314,-2.432587084923025,0.00039586937921115046,1.0000027368364126,16.310216332891958,1,0.3000243063620577,0.6531702795716429,0.7216096201419218,1.145319723749833,-0.0022191085494261626,1.0000004000048297,2.666698864666948,1,-0.6555802108203324,-0.7734077325781971,1.0121634232789947,-2.2781862310097036,-0.00044149542098531494,1.0000002636875038,0.9619664840664889,1,-0.2885616449475719,1.507363367205606,1.5391740043924302,1.7608302772524227,0.0007030440200558893,1.0000000470884027,0.3139226850409654,1,2.6777631337726913,4.296692250928717,5.065135440750719,1.014274635445615,0.01599165576307924,0.999999972472636,0.007780312774124996,0
13.680000000000001,-0.0037536190496214802,0.004731690493529304,-9.229304907126812e-10,-0.16902587272476993,-0.3724959038218854,0.40622330535485807,-2.005960214115444,0.0003941700761608588,1.0000025683801268,15.95891802539316,1,0.1602471825204906,0.7010354624939771,0.7226573604271969,1.3503415456845484,-0.0024105801073006855,1.0000003998144165,2.6654294430576453,1,-0.5552826954464805,-0.8468026540275724,1.0103979839875454,-2.1552773855555714,-0.0004302750244587337,0.9999999472112336,0.9625273006212046,1,-0.38818853811606024,1.4944359616353098,1.5485885098394208,1.8256531357845103,0.0006245557200232163,1.0000000463723733,0.30914915458873643,1,2.630833462268615,4.328306737879935,5.067507236869813,1.0254444122440507,0.016092932974018193,1.0000001859263377,0.007770085224968749,0
13.700000000000001,-0.003753619045120971,0.004731690492923595,-9.254784829118567e-10,0.03152150443490983,-0.3678904595843473,0.36490331660041325,-1.4905378967878142,0.00039704276974118617,1.0000024433791321,16.139935199785477,1,0.013876857735851428,0.7194991725771821,0.7237540657421083,1.5547536015702594,-0.002662262645834583,1.000000399444702,2.66296467956886,1,-0.4464622154751961,-0.907311893453302,1.0084827746414011,-2.031919376150023,-0.00040838335956355526,1.000000204169881,0.9636250459812608,1,-0.4861564285432665,1.475138591508363,1.5578467049166869,1.889698525488614,0.0005489482174106296,1.0000000456546934,0.3043646216886489,1,2.5835848110144704,4.359395490707245,5.069895144551409,1.0366036976958242,0.016190242166384598,0.9999998408681126,0.007759789718089842,0
13.72,-0.0037536190399811674,0.004731690492314861,-9.280035117090191e-10,0.2190062436184992,-0.24810226467441304,0.3262656856870557,-0.8444191583001435,0.00040399045468737256,1.0000024877607323,17.102542444832284,1,-0.13297964198478412,0.7079253570717621,0.724853892755832,1.758543861811801,-0.002934744602932254,1.0000003989124053,2.659416035569881,1,-0.3307431200723445,-0.9539322072121734,1.0064463973337676,-1.9080764218668629,-0.0003692028166079747,1.0000002878175818,0.9652479730195018,1,-0.5820853890544477,1.4496644573482775,1.566912607008334,1.9529944900386944,0.000478244223714886,1.0000000449390043,0.2995933621939428,1,2.536023361424767,4.38995548113375,5.072298856901106,1.0477524367618614,0.016287214993310296,0.9999999803677639,0.0077494280161968425,0
13.74,-0.0037536190369001146,0.0047316904916726524,-9.305091324199322e-10,0.3092581859187926,-0.025778981267895202,0.3076570427099154,-0.0701345366111286,0.00041458154485235135,1.0000027550561656,18.8156535232502,1,-0.274249769760774,0.6669256930023703,0.7259112586668383,1.9617262187707916,-0.003187122907507922,1.0000003982408627,2.6549390852696404,1,-0.2098732664247392,-0.9858587257999324,1.0043196167737256,-1.7837194877193536,-0.00030999485230392114,0.9999999556160253,0.9673768987225086,1,-0.6756166954484838,1.4182244364145389,1.5757522434179627,2.0155707998704124,0.0004142167063784822,1.0000000442286638,0.29485775963186556,1,2.4881553186520313,4.4199837591500595,5.074718059195839,1.0588905765956371,0.016384880355689826,1.0000001827279212,0.0077390019024291936,0
13.76,-0.0037536190396126384,0.00473169049097137,-9.330320942940729e-10,0.244238048421419,0.20690786272030406,0.32104586273187485,0.7177748001265452,0.00042608055861651737,1.0000031102919527,20.419513056163183,1,-0.4041431730353357,0.59831254809641,0.7268827165542103,2.16433934929704,-0.003408499823259483,1.0000003974588558,2.6497257054760683,1,-0.08570115850731262,-1.0025017548492565,1.0021349607768508,-1.6588269080156481,-0.00024194201530499974,1.0000001745153841,0.9699851162040282,1,-0.7664128198833023,1.3810449971655696,1.5843336450719814,2.07745866344672,0.000355525630725898,1.000000043526746,0.2901783060814429,1,2.439986910485556,4.449477453041631,5.07715242781907,1.070018064388538,0.01647476692556975,0.9999998362305325,0.007728513175969281,0
13.780000000000001,-0.0037536190464241715,0.004731690490229635,-9.35620964384598e-10,0.06707322697898681,0.34739019918046543,0.3575533320078196,1.3890594143096577,0.00043181268465659894,1.0000033560532327,21.04280385580838,1,-0.5173795973806853,0.505005738611874,0.7277286841270993,2.366444622853305,-0.0036073292921786518,1.0000003965992734,2.6439951558058765,1,0.03984959822847255,-1.003501267323164,0.9999262634912135,-1.5333849425204558,-0.00017786117863313186,1.0000003090997924,0.9730384057660761,1,-0.8541572681420234,1.3383662825071476,1.5926268362198042,2.138690464003191,0.00029938848167236046,1.0000000428360467,0.2855736442251379,1,2.391524386254998,4.478433769402223,5.079601645378995,1.0811348464152488,0.016549717270703944,0.9999999882957527,0.007717963640236636,0
13.8,-0.003753619052951028,0.004731690489494031,-9.382889101100522e-10,-0.13584779647254666,0.3703507569945705,0.39937877843631464,1.9245248130655868,0.0004318570765655511,1.0000034137576002,20.7523265656455,1,-0.6093896837166837,0.3908997592036977,0.7284149668092026,2.5681232393039974,-0.0037823747486428957,1.0000003956976837,2.6379845575785534,1,0.1648083815337935,-0.9887385749140291,0.9977281655892195,-1.4073882590934028,-0.00011758237598915221,0.999999969330084,0.9764951575059215,1,-0.9385542920546808,1.2904403610896693,1.6006038205568873,2.1992995359454963,0.00024562081586952157,1.000000042159095,0.2810606335962589,1,2.3427740157416572,4.506849993133145,5.082065408008907,1.0922408709936429,0.01661347937056828,1.0000001792417421,0.007707355096475207,0
13.82,-0.003753619057436994,0.004731690488798993,-9.410185209182687e-10,-0.307090733756869,0.3007577603856005,0.43468403495511354,2.36359265383532,0.00043190953592662314,1.0000032858134231,19.957011093844162,1,-0.6764833494585358,0.2606986997495352,0.728914020744699,2.769472756665951,-0.003934633901691856,1.000000394790884,2.631939226719189,1,0.28718792084838535,-0.958344646307128,0.9955755868305698,-1.2808403045195014,-5.772217703906174e-05,1.0000001447401212,0.980306619418628,1,-1.0193285057288293,1.2375296434044643,1.6082385439802132,2.259319975547235,0.000195151119157955,1.0000000414981636,0.2766544239166987,1,2.2937420880972317,4.534723487425845,5.0845434156020115,1.1033360900445648,0.016671903894753252,0.9999998318541866,0.00769668934476403,0
13.84,-0.00375361905986394,0.00473169048815997,-9.43784744800169e-10,-0.4200376592688155,0.17209069969609336,0.4579809183908878,2.746096628693817,0.00043501704662554826,1.0000030230613195,18.962251635368915,1,-0.7159821498645897,0.1197260967749149,0.7292059346584212,2.970603153954967,-0.004073073212977642,1.0000003939154825,2.6261032163096596,1,0.40501656898943356,-0.9127045452041972,0.9935031650050289,-1.153753533836354,2.733141993883248e-06,1.000000326900471,0.9844172913607783,1,-1.0962244307184368,1.1799054575176593,1.6155068448163095,2.3187864740645963,0.0001486035033314089,1.0000000408552803,0.2723685343932783,1,2.2444349107687054,4.562051693728153,5.087035365542236,1.1144204584808908,0.01672887722245825,0.9999999962440407,0.007685968181706826,0
13.860000000000001,-0.0037536190606345023,0.004731690487580444,-9.465649123893694e-10,-0.46407707816822474,0.0141197575753327,0.4670802912972555,3.1019769646017292,0.00044037519928182516,1.0000027190588427,17.951322931110752,1,-0.7263133542286654,-0.026283304933521327,0.7292791216387459,-3.1115527297592545,-0.004207391488139641,1.000000393106537,2.620710247076823,1,0.5163719635930809,-0.8524574970520272,0.991544667328075,-1.026149482870686,6.299604465104071e-05,0.9999999878817128,0.9887654866547269,1,-1.1690059916154354,1.11784677716364,1.6223864025290389,2.3777341735928323,0.00010626967555074366,1.0000000402322418,0.2682149446218827,1,2.194858808430185,4.588832131695483,5.0895409518758905,1.1254939335890515,0.016786972153288643,1.000000175473324,0.0076751933962044255,0
13.88,-0.003753619060150289,0.004731690487057983,-9.493403198973516e-10,-0.43615872793179133,-0.14674956310107332,0.46135148952686195,-2.8279344312295227,0.0004467537016440777,1.0000024803297531,17.04332952966177,1,-0.7070644402545302,-0.1714032861107996,0.7291307173248276,-2.9105024108192943,-0.0043396394991056415,1.0000003923962717,2.615975144726959,1,0.6194154320909739,-0.7784921643513995,0.9897323881187661,-0.8980586660680938,0.0001218255215432349,1.0000001154200677,0.9932840775231333,1,-1.237455980645397,1.051639093167296,1.6288566857952478,2.436198545690933,6.828487657457188e-05,1.0000000396306294,0.2642041959803705,1,2.1450201219228893,4.6150623991273845,5.092059865751484,1.1365564747679497,0.016848240902229146,0.9999998277460089,0.0076643667671220895,0
13.9,-0.0037536190585386,0.004731690486587515,-9.520947728131057e-10,-0.33815930443226544,-0.28448611546192387,0.441178912806333,-2.453850701443558,0.0004536160879769882,1.000002381803083,16.34005915338991,1,-0.6589973684235666,-0.30974111539192956,0.728766679024485,-2.7093101403807087,-0.004461336982483628,1.000000391812968,2.6120864534449875,1,0.7124263709887483,-0.6919368186452997,0.9880965471201679,-0.7695202833341017,0.00017850241160450716,1.0000003406005915,0.9979014324809052,1,-1.3013755073591269,0.9815734182298254,1.6348989001466359,2.4942152908082798,3.473727262975769e-05,1.0000000390518249,0.2603454996933397,1,2.0949252072033135,4.640740171888797,5.094591795815269,1.1476080434552363,0.01691465219867725,1.000000004200034,0.0076534900629989695,0
13.92,-0.0037536190555928087,0.004731690486161937,-9.548122787209068e-10,-0.17849809835907052,-0.3702980615629768,0.40829465882272203,-2.030838740503772,0.0004596504075072369,1.0000024381485324,15.966324417898788,1,-0.5840224599007288,-0.4356616477920241,0.7282015681778612,-2.507860196455211,-0.004558407448373248,1.0000003913800488,2.6092003260153223,1,0.7938357279602062,-0.5941442418106594,0.9866647037222416,-0.6405817253752322,0.00023330492753998404,1.0000000106123568,1.0025425443854845,1,-1.3605834471192682,0.9079454146063978,1.640495936058208,2.551820256293226,5.7544869215173576e-06,1.0000000384970273,0.2566468488208806,1,2.0445804342993728,4.665863203815456,5.0971364283729885,1.15864860316263,0.016988483693159955,1.000000171428637,0.0076425650429205304,0
13.940000000000001,-0.0037536190509934696,0.004731690485769265,-9.574746455756622e-10,0.020976337678190855,-0.371224735059125,0.36719775523688714,-1.521349297504195,0.00046463525302117175,1.0000026124680181,16.112187036191145,1,-0.4851321349617186,-0.5440044337382821,0.727458023303359,-2.3060465647511244,-0.004613942403736181,1.0000003911152149,2.6074347656991295,1,0.8622576447180518,-0.48667136544363604,0.9854612031442359,-0.5112978746171966,0.0002885881763235108,1.0000000870575485,1.0071303371171807,1,-1.4149158999504674,0.8310546339622785,1.6456323185741841,2.609049371092523,-1.834699978052793e-05,1.0000000379672698,0.2531151313021699,1,1.9939921862746652,4.690429326603907,5.099693447022015,1.1696781196318227,0.017072901660338476,0.9999998239125077,0.007631593458044439,0
13.96,-0.0037536190451131985,0.004731690485384614,-9.6006316264996e-10,0.2111066135921679,-0.25794229784144496,0.3280152587896609,-0.8830167996778538,0.0004705358767429538,1.0000028535871581,17.027836719782442,1,-0.36629529970317753,-0.630287461924055,0.7265659483913894,-2.103777056180328,-0.004608069613367506,1.0000003910297226,2.60686481776944,1,0.9165182899901061,-0.37125385712789755,0.9845066711453225,-0.38173020786439715,0.0003496828364190854,1.0000003496268701,1.0115871260610472,1,-1.464225669463239,0.7512038587251605,1.6502941592325266,2.665938595896603,-3.685917223825704e-05,1.0000000374634361,0.24975624153258655,1,1.943166858200693,4.714436449685945,5.102262530555118,1.180696561079797,0.017172195425707276,1.0000000121511272,0.00762057705383012,0
13.98,-0.0037536190411708355,0.004731690484962935,-9.625754585768087e-10,0.3088037811418877,-0.0394695450222816,0.30787053290149446,-0.11376076532913638,0.0004806479170351073,1.0000031013344874,18.71468602308376,1,-0.23231391587687694,-0.6908907843691562,0.7255614293073311,-1.9009770530536751,-0.004528047344045082,1.0000003911278816,2.6075192114335115,1,0.955680933521135,-0.2497760747409054,0.9838175758887149,-0.25194571664210846,0.0004216115664351197,1.0000000367143391,1.0158361833422294,1,-1.5083817699159872,0.668698534456441,1.6544691083427085,2.722523887909233,-4.914872572453604e-05,1.0000000369862783,0.24657518878759996,1,1.8921108561368003,4.737882560087124,5.104843347329511,1.1917038979186434,0.017287961784281894,1.000000167114089,0.007609517573070007,0
14.0,-0.0037536190436082773,0.004731690484463685,-9.650515568962459e-10,0.2519630634011025,0.19577799443312555,0.31957062695725713,0.6774986918674055,0.0004925609297106148,1.0000032360000533,20.35418593138883,1,-0.08864437813991313,-0.7232129047113873,0.7244853915443815,-1.6975927381651938,-0.004390241807882117,1.0000003914067657,2.6093784377113804,1,0.9790663878973564,-0.12423702130739349,0.9834058788996272,-0.12201566647698976,0.0005008667388823315,1.0000000600962735,1.0198033601943282,1,-1.547268968025175,0.5838462830557403,1.6581463023460423,2.7788411753161677,-5.664969142457969e-05,1.0000000365364303,0.24357620159550183,1,1.8408305961175218,4.760765722270289,5.1074355523283,1.2027001006028644,0.01741118458804867,0.9999998203597564,0.007598416757080162,0
14.020000000000001,-0.0037536190501935886,0.004731690483898248,-9.675462358388343e-10,0.07856372086471597,0.3426104254979529,0.35529950102262525,1.35654286414239,0.0004981847686109554,1.0000031857537632,21.035866767303077,1,0.05881220553600011,-0.7257926148635684,0.7233820214962251,-1.4935936596175003,-0.004222058291674343,1.0000003918561577,2.6123743849679064,1,0.9862680709766738,0.0032868735334940515,0.9832787793735117,0.007985781345640265,0.000581718077618328,1.0000003534991468,1.0234187876373466,1,-1.5807873648684896,0.49695648693530153,1.6613163172543084,2.8349263327494305,-6.204284382848692e-05,1.0000000361144241,0.24076282743989924,1,1.7893325031475302,4.783084077965877,5.110038801119898,1.2136851379600193,0.01753188835927373,1.0000000200847208,0.0075872763408921,0
14.040000000000001,-0.0037536190561831446,0.004731690483306848,-9.700751087832193e-10,-0.12477970186488703,0.37148678437156724,0.39721100524914615,1.8984979384830065,0.0004960846728595179,1.0000030430118787,20.78425843566908,1,0.203944917605597,-0.6983891407793191,0.7222970049990846,-1.2889744882120395,-0.0040323699464062,1.0000003924587604,2.6163917355596924,1,0.9771611204209691,0.13068116221948584,0.9834385447622614,0.13798303807853707,0.0006671260101218413,1.0000000652894623,1.0266184848335347,1,-1.6088520222105083,0.40833993465380647,1.663971144155777,2.8908151670663993,-6.613956275373967e-05,1.000000035720704,0.23813802662200897,1,1.737623010206061,4.804835845989778,5.112652760648008,1.2246589796594234,0.017651034412680896,1.0000001625365156,0.007576098050724258,0
14.06,-0.0037536190601975875,0.00473169048271452,-9.72625676179395e-10,-0.29861430157641294,0.3060213162883049,0.43305091818007285,2.341669582781737,0.0004906043788035342,1.0000029300345785,20.007105754331185,1,0.3406851616324806,-0.6420142011989716,0.7212756510599969,-1.0837558003449823,-0.003827261925539282,1.0000003931906938,2.621271292501227,1,0.9519052125782799,0.25583387738722657,0.9838824527515645,0.2679005892346209,0.0007625310607951278,1.0000000349537983,1.0293458275190799,1,-1.6313926367683713,0.3183085189089429,1.666104165878583,2.9465434194605384,-6.87775968471282e-05,1.0000000353556389,0.23570425954547364,1,1.6857085572610695,4.826019322046775,5.115277101626933,1.235621598050899,0.017772104454029478,0.999999817093383,0.00756488360883752,0
14.08,-0.003753619062469949,0.0047316904821290764,-9.751828337900559e-10,-0.41506803474582593,0.17974428528352476,0.45707205395620265,2.7263898597203498,0.00048506950442852876,1.0000028917115817,19.01762173355825,1,0.4632659998754812,-0.5589110455618362,0.7203609655530854,-0.8779837555366065,-0.0036185242757308883,1.000000394022301,2.626815340000336,1,0.9109409745984781,0.3766759603527636,0.9846028529761968,0.39766449318959346,0.0008705887992095412,1.0000003518892073,1.031552871620735,1,-1.6483532651723467,0.22717497817009985,1.6677101284546207,3.0021467722618365,-7.00034936840091e-05,1.000000035019535,0.23346356756568687,1,1.633595590291244,4.846632878519215,5.117911492211568,1.2465729676935673,0.017896240851814193,1.0000000279882442,0.007553634735236834,0
14.100000000000001,-0.0037536190633039256,0.004731690481550779,-9.777358714324613e-10,-0.4629464457161561,0.02266644210818702,0.4669644839112783,3.0830676258255525,0.00048014349174190716,1.0000028922341595,18.00418470775168,1,0.5664768827943368,-0.45247778492665863,0.71959176069526,-0.6717285989991304,-0.0034186070136727562,1.0000003949192557,2.632795038009559,1,0.8549801276335025,0.4912204659908194,0.985587337876507,0.527203833974736,0.0009900294278372638,1.0000000954202988,1.0332014518099233,1,-1.6596921017068331,0.1352526735568865,1.6687851170182355,3.057660857320579,-7.015335690326003e-05,1.0000000347126472,0.2314176476026951,1,1.5812905603159861,4.866674964243005,5.120555597333206,1.2575130646854469,0.018022812958115364,1.000000157703168,0.0075423531445671915,0
14.120000000000001,-0.00375361906285868,0.004731690480977314,-9.802771303024649e-10,-0.4389001639372306,-0.1386938534690621,0.46203537782154375,-2.8472813096668514,0.0004755004326350537,1.0000028610316312,17.08805604606592,1,0.645900754589597,-0.32713530819699443,0.7190008987550701,-0.4650819791427833,-0.003234610155534267,1.0000003958439545,2.6389596972329317,1,0.7849897387760832,0.5975994543641845,0.9868190140502658,0.656452082326386,0.0011160923531744094,1.0000000120608314,1.0342640089053565,1,-1.665381310342779,0.04285539286349233,1.6693265384278115,3.11312126699771,-6.971667724296326e-05,1.0000000344351883,0.22956792118374927,1,1.5287999224345832,4.886144104272477,5.123209079748073,1.268441866341896,0.018150361847804875,0.9999998141185619,0.007531040542288382,0
14.14,-0.0037536190611261525,0.0047316904804047205,-9.828001424835864e-10,-0.34453738378750204,-0.27836845452803494,0.44261363814846294,-2.4749699676510613,0.00047139130871043665,1.0000027515542016,16.370944510119013,1,0.6981202231825064,-0.18814358747583376,0.7186137686287254,-0.2581531473403913,-0.0030645565135591865,1.0000003967571405,2.645047602468531,1,0.702171172052666,0.6940975992939856,0.988276864423827,0.7853483257965055,0.0012412456254901338,1.0000003446769947,1.0347241191956835,1,-1.665406912057906,-0.04970282617453765,1.6693331099291073,-3.1146217397016227,-6.922999005530915e-05,1.0000000341873398,0.2279155982863356,1,1.4761301348751454,4.90503889963402,5.125871601240558,1.2793593510971755,0.01827720263911471,1.0000000358491739,0.007519698621544297,0
14.16,-0.0037536190580403092,0.004731690479826547,-9.852987618505504e-10,-0.18780776425570722,-0.36778108369560136,0.41033473634308754,-2.05545478829133,0.0004691235903341055,1.0000025832886916,15.975350170692153,1,0.7208803218618859,-0.04137388568047783,0.7184470864001662,-0.051064193986499445,-0.0028965012351273166,1.0000003976196812,2.650797874227208,1,0.6079345016232008,0.7791817090812065,0.9899361887524971,0.9138383369993892,0.0013558088975087522,1.0000001262375118,1.034576713539543,1,-1.6597687280904136,-0.14210786117828805,1.668804853505351,-3.059161993634494,-6.917270937572314e-05,1.0000000339692603,0.22646173473950668,1,1.423287658053544,4.923358027068506,5.128542823689365,1.2902654985530588,0.018401979460082384,1.0000001526217035,0.007508329060591657,0
14.180000000000001,-0.0037536190536677904,0.004731690479232012,-9.877669524330224e-10,0.010458559205034253,-0.374141391171648,0.3694880299099475,-1.5517473960456294,0.0004704574708366423,1.0000024474669142,16.08693323338718,1,0.71319744716637,0.10695214606807292,0.718508095003035,0.15605544266639337,-0.0027104459006155237,1.0000003983944064,2.65596270893443,1,0.5038692736172918,0.8515255507342971,0.9917691076283103,1.0418754578577256,0.0014498885088617822,0.9999999918901364,1.0338279895101405,1,-1.6484803795354759,-0.23404566666995896,1.6677430962107447,-3.0036492432503388,-6.982117317900887e-05,1.0000000337810924,0.2252072823791289,1,1.370278953642741,4.9411002387629885,5.131222409701645,1.3011602896908112,0.018524435934885286,0.9999998114400054,0.007496933520681125,0
14.200000000000001,-0.003753619048538268,0.004731690478602016,-9.902006150794285e-10,0.20298010457606414,-0.2673657596175264,0.3298140018892981,-0.9211414809433556,0.00047630843983413856,1.0000024704069572,16.95599983775959,1,0.6754072306418409,0.25054271362603053,0.7187942139082472,0.3630748919500334,-0.0024833073630580083,1.000000399047887,2.660319245750019,1,0.3917125722514678,0.9100295807546194,0.9937451133693094,1.1694212865621605,0.00151557279498307,1.0000003319863109,1.0324950346806732,1,-1.6315693433574507,-0.3252024394336673,1.6661504771546518,-2.9480479104591684,-7.11510260804126e-05,1.00000003362297,0.22415313278323834,1,1.3171104836527008,4.958264362071627,5.133910021645057,1.3120437072544455,0.018645994574480733,1.0000000436550534,0.007485513644760552,0
14.22,-0.0037536190450571595,0.004731690477904643,-9.926080252881109e-10,0.3079027131571518,-0.05301048499775716,0.3081811463355102,-0.1572331713124074,0.0004862764572796278,1.000002719349743,18.614114655218145,1,0.6091480976997151,0.3833200118865402,0.7192931603984558,0.5698678461920169,-0.00220183341250145,1.0000003995520446,2.6636802974042584,1,0.2733153614458666,0.9538353975103057,0.9958316501030905,1.2964461607843527,0.0015444149088015239,1.0000001569659989,1.0306051924594763,1,-1.6090770644825518,-0.4152647952882792,1.6640309602060437,-2.89232238164097,-7.344823729931196e-05,1.0000000334950232,0.2233001552532916,1,1.2637887095210065,4.974849299225455,5.136605316802248,1.3229157357982366,0.01876651090484096,1.0000001473001723,0.007474071057707531,0
14.24,-0.003753619047166031,0.004731690477110408,-9.950298258953882e-10,0.2593600662213957,0.1844578715703866,0.31817132262930836,0.6369340590890455,0.0004978548377155771,1.000003077895251,20.28615256164054,1,0.5172816420009683,0.4996924452834105,0.7199835366762959,0.7763182862361944,-0.0018817506851972633,1.0000003998854865,2.6659032431155514,1,0.15060803948919413,0.9823349284082713,0.9979947100982854,1.4229294348446213,0.0015186337306760296,0.9999999749607159,1.0281952120109947,1,-1.581059123251533,-0.503919964989829,1.6613898446857747,-2.836436991680199,-7.877958874579848e-05,1.0000000333973844,0.22264922916372043,1,1.2103200912141177,4.990854027031339,5.139307943084156,1.3337763599028263,0.01887565316470563,0.9999998090619558,0.007462607366836136,0
14.260000000000002,-0.0037536190538623635,0.004731690476232956,-9.975239679410608e-10,0.08999526608679967,0.33755764738922184,0.3530687022134692,1.3236659122967755,0.0005015636999482785,1.00000334148797,21.026359169644707,1,0.4037551865534538,0.5948001956598468,0.7208358511980991,0.9823256308193397,-0.0015510526561577976,1.000000400034453,2.666896352890261,1,0.0255660695075437,0.9951745385411587,1.000199442682826,1.5488595663789337,0.0014211331379579688,1.0000003141883012,1.0253102235317144,1,-1.5475854570894223,-0.5908560171439582,1.6582337733232941,-2.780356018524602,-8.934929295319236e-05,1.0000000333301906,0.22220127090738392,1,1.1567110863391399,5.006277596560987,5.1420175512652575,1.3446255621881344,0.018960983712262253,1.0000000513935137,0.007451124158498945,0
14.280000000000001,-0.0037536190606616616,0.004731690475320297,-1.0001159414518845e-09,-0.11359633388700062,0.37242348522646257,0.3950315372107316,1.8722149563574324,0.0004939854174921744,1.0000034183590896,20.814766510125605,1,0.2734155281602902,0.6647216861016203,0.721813904085023,1.1878090360698812,-0.0012300659969376132,1.0000003999933615,2.666622409670114,1,-0.09982355698044992,0.9922543893317427,1.0024107534648412,1.6742340434491754,0.0012524380024838185,1.000000186941297,1.022002569675421,1,-1.5087406347679102,-0.6757621162478232,1.6545707604775173,-2.7240436882076304,-0.0001050994817070261,1.0000000332935883,0.2219572551205354,1,1.1029681492677261,5.021119132830816,5.144733808503796,1.355463325480116,0.019022043876065185,1.0000001417470037,0.007439622996884146,0
14.3,-0.0037536190655075583,0.004731690474412624,-1.002797445776027e-09,-0.289940699770553,0.31118375746394544,0.43138896963227763,2.319593580763995,0.00048206203824706134,1.0000033060938525,20.056600926547254,1,0.1317854719681219,0.7066316678901926,0.7228764342279566,1.3927106245235221,-0.0009280628065940387,1.000000399764983,2.6650998864901254,1,-0.2235943903781581,0.973723480133714,1.0045938696687717,1.799059155743049,0.0010206523560296892,0.9999999618136189,1.0183305692924336,1,-1.4646241811695804,-0.7583288242910897,1.6504102334830213,-2.667464177132323,-0.00012522562468095046,1.0000000332877343,0.2219182293593836,1,1.0490977302730582,5.03537783447018,5.147456392705954,1.3662896351459566,0.01906275434340557,0.9999998069881796,0.007428105433613815,0
14.32,-0.0037536190682697745,0.004731690473532036,-1.0055498725347611e-09,-0.4098666558068379,0.187384749228023,0.45612587516726455,2.7066079059133084,0.000471324105709253,1.0000030519971415,19.07289044805188,1,-0.015183803953249845,0.718905329742743,0.7239789527891242,1.5969975606866744,-0.0006407935409598819,1.0000003993601303,2.662400869146363,1,-0.34383062819142735,0.9399708697911588,1.0067148711861131,1.9233496221567516,0.00073360353572545,1.0000002918730897,1.0143573042889094,1,-1.4153509498901125,-0.838248454654884,1.645763069770673,-2.6105816176154213,-0.00014915988698010422,1.0000000333127983,0.22208532212608803,1,0.9951062746777349,5.0490529733751695,5.150184985454673,1.3771044790538256,0.019085689545505373,1.000000059052292,0.007416573019281979,0
14.34,-0.0037536190693378524,0.004731690472689061,-1.0083554911194392e-09,-0.4615723236620766,0.031278371635354976,0.466807037701489,3.0641476161666135,0.0004629226306433535,1.0000027471106465,18.05728452057602,1,-0.16137126251767556,0.7011664779129092,0.7250756803352499,1.8006629344255642,-0.0003568280671275434,1.000000398796978,2.658646521407998,1,-0.4586948920795815,0.8916136085702236,1.0087411834975437,2.0471281086650057,0.00040068005451100687,1.0000002156001102,1.0101493624709927,1,-1.3610515402450845,-0.915215487382154,1.6406416343032444,-2.55336011353419,-0.00017647777518608752,1.0000000333689616,0.22245974423234863,1,0.9410002220108201,5.062143894349003,5.15291927034036,1.3879078470973036,0.01909235113915909,1.0000001359709947,0.007405027310552874,0
14.360000000000001,-0.0037536190691289427,0.004731690471888735,-1.0111992285177784e-09,-0.4414009310997447,-0.13049602897804372,0.4626762890836551,-2.8665730670245537,0.0004556345360008896,1.0000024987297895,17.133324390638016,1,-0.30074291469749,0.6542810969169095,0.7261214812755125,2.003725480031307,-7.260331504626282e-05,1.0000003981000707,2.6540004717017744,1,-0.566453437988842,0.8294819156875778,1.0106420301023114,2.170424663638942,3.654106246323348e-05,0.9999999529675405,1.0057754950247673,1,-1.301872754350917,-0.9889270552686132,1.63505982112459,-2.495763766763861,-0.00020672471076022106,1.0000000334564174,0.22304278305873235,1,0.8867860051736869,5.0746500147311,5.155658933194786,1.3986997309985711,0.019084053535307007,0.9999998052219604,0.007393469873407416,0
14.38,-0.003753619067790936,0.004731690471133906,-1.014067395159468e-09,-0.3506953213318197,-0.2720239202154981,0.44400796800542236,-2.495952389479521,0.0004483670032434941,1.0000023859982072,16.402744413861004,1,-0.4275961803431156,0.58030021788424,0.7270736951174536,2.2062282298956246,0.00018854672004217863,1.0000003972990557,2.6486603713485395,1,-0.6654986710623833,0.7546021142237924,1.0123888476492187,2.2932760901699467,-0.000335143154592062,1.0000002658003575,1.001305113333976,1,-1.237978088924087,-1.0590835105904874,1.629033098865683,-2.4377567150563215,-0.00023930889734145706,1.0000000335753685,0.22383578918609584,1,0.8324700496144734,5.086570824015955,5.158403662504434,1.409480124309318,0.019062449177504697,1.000000066619252,0.007381902282678829,0
14.4,-0.003753619065146709,0.004731690470425915,-1.016945326559604e-09,-0.19695324045525,-0.36493796206551105,0.4123446465023157,-2.079820588147888,0.000441491776321198,1.0000024287933316,15.985862190379367,1,-0.536782733921216,0.48235785312730195,0.7278937736274428,2.408236267648577,0.00038111780683198544,1.0000003964272348,2.642848231861013,1,-0.7543689281473985,0.6681777968527455,1.0139556723362093,2.4157252647247955,-0.0006829047903664028,1.0000002424566536,0.9968066735891422,1,-1.1695482552269347,-1.125389082577629,1.622578559352991,-2.379303182828614,-0.0002733979635768493,1.0000000337260233,0.22484015549882333,1,0.7780587725113038,5.097905883463344,5.161153149666018,1.4202490225311357,0.019029965127796512,1.0000001299812953,0.007370326117897246,0
14.42,-0.0037536190608698293,0.004731690469761834,-1.0198147378653877e-09,-2.749733528863152e-05,-0.37663217025236895,0.37177462207167866,-1.5817513566664239,0.0004371780302967953,1.0000025930262826,16.06400938846753,1,-0.6239029580919323,0.3645308269927606,0.7285486749669713,2.6098338029325276,0.0004827834309589762,1.0000003955201389,2.6368009257002396,1,-0.8317655514768023,0.5715696418156334,1.015319494377256,2.5378203953525245,-0.0009806489126928187,0.9999999488665391,0.9923466382144097,1,-1.0967817190913658,-1.1875526359437287,1.6157149685576737,-2.3203675466995883,-0.0003077820495244171,1.0000000339085933,0.2260572890932279,1,0.7235585819649925,5.108654825701708,5.1639070888596725,1.4310064233705995,0.018990451098152252,0.9999998037660951,0.007358742956690618,0
14.440000000000001,-0.0037536190551593716,0.004731690469126732,-1.0226546935665493e-09,0.19463491663335977,-0.27635596143900415,0.33166069327029907,-0.958809730136265,0.0004386999606824028,1.000002827410327,16.886901274456335,1,-0.6854670800017322,0.23166778254481596,0.7290120412524402,2.8111207572650385,0.0005260668358707212,1.0000003946143003,2.630762002696634,1,-0.8965673161131457,0.4662742207960943,1.0164605455892661,2.659614222469166,-0.0012214999173596607,1.0000002368396814,0.9879896172619683,1,-1.0198952512201733,-1.2452885410064283,1.6084628196903938,-2.260914417476144,-0.000340832327249247,1.0000000341232862,0.22748857404843273,1,0.6689758762020795,5.118817354325318,5.166665175502643,1.4417523271691424,0.018949776439389693,1.0000000740824018,0.007347154367927316,0
14.46,-0.003753619050854413,0.004731690468485184,-1.0254563986150655e-09,0.3065531890626047,-0.06637121167190442,0.30858826281573337,-0.20055154111387385,0.00044778163345940083,1.0000030762976202,18.51395531100769,1,-0.7190196880571254,0.08919463053854634,0.7292651880288908,3.012208918176633,0.000561512413091922,1.0000003937460533,2.6249736895072466,1,-0.9478423202275956,0.35390206162001214,1.0173624898469695,2.7811632085835756,-0.00141459360597032,1.0000002670734904,0.9837985768154032,1,-0.9391244761882223,-1.2983176660769977,1.6008443885933177,-2.20090873891334,-0.0003714124457987725,1.0000000343702984,0.22913532236969136,1,0.614317042788995,5.128393243485158,5.169427100750343,1.4524867371163008,0.01891292654960012,1.0000001237873932,0.007335561906865798,0
14.48,-0.00375361905266284,0.004731690467800559,-1.0282504838907136e-09,0.26641019357285367,0.17297261986006268,0.3168493284304685,0.5960715980557922,0.00045961752065735073,1.000003227402179,20.21533187318291,1,-0.7232255765267116,-0.05709661836398,0.7292978399298695,-3.0699676178069266,0.0006016733860656197,1.000000392950176,2.619667839369654,1,-0.9848574844386206,0.23615518608954375,1.0180125386798082,2.9025267601917446,-0.0015787091307683048,0.9999999498305263,0.9798339787921001,1,-0.8547244065683911,-1.346368502555664,1.5928837851799225,-2.1403159020938536,-0.00040100394357511755,1.000000034649807,0.2309987131877249,1,0.559588457857578,5.137382337473555,5.172192544739694,1.4632096576892604,0.018874662560171968,0.999999802622888,0.0073239671123261135,0
14.5,-0.00375361905913304,0.004731690467084331,-1.0310875053071156e-09,0.1013478544867443,0.3322463772977865,0.35086074594617916,1.2904083242143145,0.00046538759477600204,1.0000031947621686,21.01411533299276,1,-0.6979157928963883,-0.20126911830435879,0.729108533295326,-2.8689157441438744,0.0006271010706601203,1.000000392258529,2.6150568592485333,1,-1.0070857946132257,0.11480430984682358,1.0184015387913936,3.0237664686936836,-0.0017335468702863496,1.0000002059166828,0.9761525237694945,1,-0.7669699461555026,-1.3891784325514198,1.5846069886391632,-2.0791018837597424,-0.0004315486610470294,1.0000000349619582,0.2330797209726092,1,0.5047964853414996,5.145784550302794,5.174961185470013,1.473921092207725,0.018825423266619096,1.0000000814299157,0.00731237150110183,0
14.520000000000001,-0.00375361906534272,0.004731690466381464,-1.0339808306433773e-09,-0.10231613907519463,0.37317226492494665,0.3928380790443008,1.8456617141681297,0.00046290026210165665,1.0000030571049743,20.843735027176827,1,-0.6440934043915868,-0.3374663498116098,0.7287046815405557,-2.6676998072731624,0.0006290264782933397,1.0000003916988642,2.6113257621659653,1,-1.0142113887293107,-0.008334161017783507,1.0185240562176596,-3.1382399490361075,-0.0018860564628590992,1.0000002890481743,0.9728062655734033,1,-0.6761563434915828,-1.4264951479408456,1.5760418818201567,-2.01723341998702,-0.00046193008358002185,1.0000000353068548,0.23537903203477145,1,0.4499474762244168,5.15359986527935,5.177732713573662,1.4846210443236838,0.018767068363088384,1.0000001173991009,0.007300776561575918,0
14.540000000000001,-0.0037536190695872922,0.0047316904657230055,-1.0369115375358229e-09,-0.28108966032215804,0.316254897860728,0.42969513597090975,2.2973604842422004,0.000456153283295875,1.000002939847362,20.105438946450512,1,-0.563898946343838,-0.460135112644649,0.7281023147422445,-2.4662049311703753,0.0006114696458310176,1.0000003912938253,2.6086255020922127,1,-1.0061325619084387,-0.13142124864679702,1.0183784345177813,-3.017058163730085,-0.002035418246072985,0.9999999560301914,0.9698421008784273,1,-0.5825995740067758,-1.4580782285586318,1.5672182945699076,-1.9546782038297894,-0.000490165076909623,1.000000035684542,0.23789694687045645,1,0.39504776780138856,5.160828334572816,5.180506828389652,1.495309520455229,0.018706362293612416,0.9999998017941487,0.007289183755792074,0
14.56,-0.0037536190720123836,0.004731690465120361,-1.0398556868004838e-09,-0.404455497127626,0.1950193011018731,0.4551398233568123,2.6867546572516376,0.00044907782538554765,1.000002896100082,19.128032468170158,1,-0.4605359283794216,-0.564240207161736,0.7273255039147232,-2.2643267099258986,0.0005840196266872451,1.0000003910601207,2.6070674708057617,1,-0.9829627372287576,-0.25261857577204483,1.017966810958013,-2.8958098215082346,-0.002180229112744928,1.000000173975683,0.9673014328837722,1,-0.4866366261444492,-1.4837008854979767,1.5581680358694576,-1.8914051044856934,-0.000514971008388626,1.0000000360949899,0.24063326592596074,1,0.3401036829525853,5.167470078776671,5.183283230136094,1.5059865298734694,0.01864836114932944,1.0000000886501492,0.007277594524701584,0
14.58,-0.0037536190729424352,0.004731690464574995,-1.0427931729922735e-09,-0.4599784251682423,0.03995941876597356,0.46660666663449757,3.045225741655947,0.00044272766043090557,1.000002895871444,18.11060430978374,1,-0.3381573169768611,-0.645464391020526,0.7264054891384663,-2.0619753193977286,0.000560367457631367,1.0000003910078716,2.6067191439637267,1,-0.945029417668058,-0.3701115404870231,1.0172950953421753,-2.7744320662891253,-0.002319353609019366,1.0000003080071544,0.9652198945702988,1,-0.38862566379546376,-1.5031518730726434,1.5489249094574051,-1.827384415876861,-0.0005356922940824492,1.0000000365380735,0.24358715701296288,1,0.2851215294279528,5.173525286461434,5.186061617321604,1.5166520841205944,0.018596304982843787,1.0000001108265373,0.007266010290103622,0
14.600000000000001,-0.003753619072564476,0.004731690464083769,-1.0457070443933847e-09,-0.44368558959438775,-0.12215569606254396,0.46327454653068717,-2.8857992570921724,0.00043629327758716244,1.0000028693829326,17.179105176651305,1,-0.20171471664083385,-0.7003868150741493,0.725379529357997,-1.859079226305549,0.0005561672652774127,1.0000003911401463,2.607600975433119,1,-0.8928710992735445,-0.48213244031949104,1.0163729131910928,-2.6528636013233804,-0.002451218238498837,0.9999999674642606,0.9636270879110209,1,-0.2889460343735225,-1.516237569734262,1.5395247144609172,-1.7625881373156957,-0.0005520276056060081,1.0000000370135507,0.24675700452914975,1,0.2301075991428284,5.1789942137219,5.188841686534578,1.5273061966365045,0.01855245114383059,0.9999998012811879,0.00725443245481353,0
14.620000000000001,-0.0037536190708686167,0.004731690463640137,-1.048581961711481e-09,-0.35665776681775674,-0.2654555633204289,0.44536396376888693,-2.5167895403139675,0.00042924685048962777,1.0000027660240793,16.435403368225117,1,-0.05677312660902567,-0.7266327863656625,0.7242894962042643,-1.6555883501922388,0.0005856646224967915,1.000000391452706,2.609684706554572,1,-0.8272320912185932,-0.5869834787755156,1.015213512394039,-2.531045445516295,-0.0025737028661914833,1.0000001419374782,0.9625463245591888,1,-0.18799808907006094,-1.522784223873857,1.530005229212134,-1.6969902867689768,-0.0005637452725015035,1.000000037521037,0.2501402465185464,1,0.17506816748484466,5.18387718371847,5.191623132731391,1.5379488825764518,0.01851859799355676,1.0000000957316606,0.007242862403153717,0
14.64,-0.0037536190677993297,0.004731690463233585,-1.0514035579667347e-09,-0.2059584454964217,-0.3617753528137431,0.41432814780643157,-2.103934868520832,0.00042197173830473185,1.000002598763857,15.997754603734483,1,0.09070431338843325,-0.7229875591566657,0.7231802452865491,-1.4514765221735981,0.0006586405788939033,1.0000003919339937,2.612893292059585,1,-0.7490551580460073,-0.6830595615165396,1.013833631855812,-2.408921691681316,-0.0026833270821870186,1.0000003235984887,0.9619943852840674,1,-0.08620277910478419,-1.5226403547724183,1.5204061740917452,-1.6305672468419796,-0.000570363425105941,1.0000000380599816,0.25373321010446975,1,0.12000949263226673,5.188174586212543,5.194405649597524,1.5485801587508459,0.01849652525434445,1.000000104080114,0.00723130150213759,0
14.66,-0.0037536190634194825,0.004731690462847983,-1.0541584627779543e-09,-0.01050311281208285,-0.3787070643421842,0.37406235549324274,-1.6113734364055206,0.0004156018031036226,1.0000024532889744,16.04322238819204,1,0.23459530311669935,-0.6894671190093121,0.7220978125935121,-1.2467430815514526,0.0007786117589947373,1.000000392565396,2.6171026394923578,1,-0.6594718749767866,-0.7688707520362877,1.0122533289278064,-2.2864402652805738,-0.002774579395283002,0.9999999839468897,0.9619813199399382,1,0.015999010941059003,-1.5156792925113485,1.5107691483506016,-1.563298142460653,-0.0005708967537608935,1.000000038629642,0.2575309462464488,1,0.06493781488374901,5.191886877096327,5.197188929778273,1.5592000437068305,0.01848867323262071,0.9999998010848157,0.007219751103108371,0
14.680000000000001,-0.0037536190581442513,0.0047316904624580885,-1.0568360847909575e-09,0.18605407604250102,-0.2849220896306571,0.33355993135792034,-0.9960478260086408,0.00041528022082672856,1.0000024554872164,16.82026901619476,1,0.3688727336480347,-0.627339791721578,0.7210875007184343,-1.0414134624083664,0.0009407775103613339,1.0000003933217871,2.62214524791644,1,-0.5597905731184912,-0.8430642112003746,1.0104957633420149,-2.1635536777671613,-0.0028406370636125155,1.0000001106673584,0.9625102396575766,1,0.11814743351633362,-1.5018018341234958,1.501137537155671,-1.4951652476079929,-0.0005637607292021575,1.0000000392290576,0.2615270502889668,1,0.009859355999437174,5.1950145779166945,5.199972664048626,1.5698085580227772,0.018498930949481598,1.0000001026632266,0.007208212543815008,0
14.700000000000001,-0.003753619054102414,0.004731690462024915,-1.0594378230602275e-09,0.3047340310300494,-0.0795565708665782,0.3090961272516904,-0.24375063437569755,0.00042437098926461215,1.0000026846563612,18.41392088773139,1,0.4878640163752691,-0.5390941212565374,0.7201919400691902,-0.8355386589974477,0.001136506280479792,1.000000394172379,2.627815859605944,1,-0.4514817524528745,-0.9044453907780522,1.0085869390908633,-2.040219765409656,-0.0028767982232012377,1.0000003354931957,0.9635770963688394,1,0.21976499297690064,-1.480938985920083,1.4915563881691198,-1.4261544164241098,-0.0005475369694470839,1.0000000398570192,0.2657134620531946,1,-0.04521968144663725,5.197558275392935,5.202756536714724,1.5804057245427967,0.01853035289299999,1.0000000971705174,0.007196687151449864,0
14.72,-0.003753619055354139,0.004731690461507568,-1.0619974908157581e-09,0.27308595139546527,0.16130779968668285,0.3156072663520563,0.5548537343157444,0.0004367491408994316,1.0000030441105439,20.141283933129653,1,0.5865032735474317,-0.428350851248793,0.7194492072054638,-0.6291935120291803,0.0013489681298093914,1.000000395081941,2.6338796058856917,1,-0.3361608549751314,-0.9519981892085725,1.0065554009091606,-1.9164024005626767,-0.002889988788044243,1.0000000051057265,0.9651705000498629,1,0.32035824404933183,-1.453054752907431,1.4820722554390342,-1.3562555288966753,-0.000523702404513547,1.0000000405120377,0.27008025187846774,1,-0.1002931147032288,5.199518620928438,5.205540218218145,1.5909915670083514,0.018575662036542408,0.9999998012053405,0.00718517624634706,0
14.74,-0.0037536190616103337,0.004731690460904447,-1.064572885574322e-09,0.11260242644412116,0.32665442379607545,0.34867404835183924,1.256705448891634,0.0004459550603326422,1.0000033249064668,20.998683867956153,1,0.6605632339797605,-0.29971994403344676,0.7188910825575452,-0.42247378274648884,0.0015463642777266205,1.000000396012243,2.64008161949399,1,-0.21556832120711933,-0.9849037145584693,1.0044318731824349,-1.7920721687426209,-0.002892473213440892,1.0000000809474345,0.9672715902230029,1,0.4194199097746036,-1.4181489263144251,1.47273299436334,-1.2854629431788542,-0.0004958163869782069,1.0000000411923107,0.27461540476670754,1,-0.15535478146858264,5.200896330116557,5.2083233718705815,1.6015661072556007,0.01862097958035509,1.0000001094338626,0.007173681141690293,0
14.760000000000002,-0.0037536190683792026,0.004731690460252693,-1.0671950692944798e-09,-0.09095091780213108,0.3737137728170717,0.39062672751448363,1.818786946292009,0.000447975760309966,1.0000034211991093,20.870853526571555,1,0.7068535867827515,-0.1586071812060171,0.718541559825841,-0.2154921132716617,0.001718868230176044,1.0000003969236995,2.6461579968717657,1,-0.09154690464824454,-1.0025572387900084,1.0022488502409088,-1.6672070111655206,-0.0028844536392016776,1.000000343386936,0.9698539721162092,1,0.5164314495308817,-1.3762598094786618,1.4635875048393847,-1.213775960723217,-0.0004647900910303497,1.000000041895693,0.27930461966316805,1,-0.21039854050726978,5.201692182243056,5.211105670721191,1.6121293659996003,0.018662968098352693,1.0000000901086918,0.007162203138610398,0
14.780000000000001,-0.003753619073305042,0.004731690459585356,-1.0698608787079733e-09,-0.2720714218850144,0.32121972737253784,0.4279656222368931,2.2749324003039866,0.0004441218875695581,1.0000033251446534,20.153426163729286,1,0.7233736079602071,-0.01097858620894811,0.718415706809318,-0.008373071099462826,0.0018765299635968933,1.000000397777187,2.6518479127199583,1,0.03398370921653984,-1.0045828737038813,1.0000401526777256,-1.5417928003017263,-0.0028614656407270995,1.0000000303845789,0.9728837321473833,1,0.6108661004207169,-1.3274668115326689,1.4546854432246645,-1.1411992907544766,-0.0004299836679981261,1.0000000426196698,0.2841311323197008,1,-0.2654182722556773,5.201907019785839,5.213886797030898,1.6226813653503742,0.01870402357512413,0.9999998016425685,0.007150743526196463,0
14.8,-0.003753619076126404,0.0047316904589179126,-1.0725565184263597e-09,-0.39884576171320196,0.20263540842609132,0.45411134327608904,2.666800163168625,0.0004381501008541577,1.0000030804946274,19.182921326334736,1,0.7094091761189567,0.1369057101775216,0.718518947986005,0.19875248712466725,0.002034711893034402,1.0000003985358952,2.6569059680214266,1,0.1590548406485496,-0.9908454579776729,0.9978404392906315,-1.4158238185223249,-0.0028220447791692436,1.0000000534509674,0.976319552722317,1,0.7021924051865985,-1.2718928288218347,1.4460768948625307,-1.0677434889432411,-0.0003911289772298825,1.000000043361335,0.2890755666296298,1,-0.32040787941619664,5.2015417479096655,5.216666435314108,1.633222129164254,0.018745150688501695,1.0000001160328378,0.007139303584922779,0
14.82,-0.0037536190772236976,0.004731690458254611,-1.07526994166246e-09,-0.4581774174794142,0.048697714616079676,0.46636228127225554,3.026275175755983,0.0004324352597183486,1.0000027756055947,18.164049426502928,1,0.6655676684216816,0.2787739358265044,0.7188468096964491,0.4057534188497,0.0022090064985575758,1.0000003991670978,2.66111398532054,1,0.28167906126292636,-0.961459122650766,0.9956846747231302,-1.2893031251319298,-0.002767546981889754,1.000000347001601,0.980112951393659,1,0.7898782265352636,-1.2097063258366065,1.4378119974335564,-0.9934253580178096,-0.0003484727650630051,1.0000000441173733,0.29411582253262386,1,-0.3753612875414898,5.200597333956071,5.219444270089349,1.6437516825468477,0.01878564914527318,1.000000082905824,0.0071278845865226466,0
14.84,-0.0037536190770422286,0.0047316904575950966,-1.0779929622561912e-09,-0.4457679396929366,-0.11368549840318429,0.4638302240186737,-2.9049873152878916,0.00042724405938227207,1.0000025182333792,17.225311632710458,1,0.5937483498249662,0.4086258092744745,0.7193851436553899,0.6125043107146256,0.002410874003846017,1.0000003996437234,2.6642914894314584,1,0.39988237427143164,-0.9167920056428631,0.9936075625489402,-1.1622427913517734,-0.002700955285017091,1.0000000590522413,0.9842086682052869,1,0.8733952315846392,-1.1411230212058352,1.4299405180666673,-0.9182682966556143,-0.0003025834874584896,1.0000000448840514,0.2992270097436492,1,-0.4302724456093093,5.199074806930697,5.222219986270343,1.6542700515224102,0.018824071843440298,0.999999802395804,0.007116487790360512,0
14.860000000000001,-0.0037536190757500583,0.004731690456938205,-1.0807199015902547e-09,-0.3624386092869718,-0.2586781859167061,0.44668213967937287,-2.537512372063159,0.00042197993227840287,1.0000023915211091,16.468824837807674,1,0.497050272658633,0.5210006117699424,0.720110813004756,0.8188911531340526,0.0026424794980470187,1.0000003999456284,2.6663041895924064,1,0.5117378233071023,-0.8574666198644929,0.9916429539170801,-1.0346639804525761,-0.002625994658466788,1.0000000287225634,0.9885452213154924,1,0.9522238114211709,-1.0664070810203623,1.4225113895015686,-0.8423025791123725,-0.0002542518978374649,1.0000000456572153,0.3043814356961224,1,-0.48513532658750497,5.196975256988787,5.224993270178316,1.6647772629179067,0.018858911772065157,1.0000001224496935,0.007105114438643778,0
14.88,-0.003753619073206283,0.0047316904562830315,-1.0834448529312146e-09,-0.21483488323138342,-0.3583113975936957,0.4162850497304399,-2.127833833723127,0.0004166374164345114,1.0000024206205058,16.0109089010076,1,0.3796238693801689,0.6112158005899703,0.7209927940170635,1.0248163575184563,0.002893411630116467,1.0000004000604912,2.667069940553268,1,0.6153998903858479,-0.7843554485758538,0.9898232429147006,-0.906596852572824,-0.0025461805824073965,1.0000003460912854,0.9930556459627621,1,1.025858379950437,-0.9858717224180569,1.4155722115687261,-0.7655655472736569,-0.00020444091718385788,1.0000000464322982,0.3095486552012044,1,-0.5399439279887012,5.194299834919571,5.227763810626533,1.675273344398946,0.018889175211552728,1.0000000755733225,0.00709376575181551,0
14.9,-0.003753619069093283,0.004731690455626584,-1.0861585693355824e-09,-0.020972607429189924,-0.38038638405910086,0.37634872267131153,-1.6406528113780534,0.000412741142337523,1.000002574562338,16.024441051311765,1,0.24647587422964404,0.6755642782496984,0.7219936216452733,1.2302028622954895,0.0031424257668131728,1.0000003999842817,2.6665618774639843,1,0.709138919475737,-0.6985714480702663,0.9881787617493163,-0.7780802780182031,-0.002464033619626352,1.0000000902226787,0.9976684252211716,1,1.093812974059239,-0.8998791358030941,1.4091687260036247,-0.6881016977334821,-0.00015416398270244822,1.0000000472043387,0.31469559144301107,1,-0.5946922724141301,5.1910497516300405,5.230531299859763,1.6857583246723322,0.01891516800082705,0.9999998034638503,0.007082442925046432,0
14.92,-0.0037536190634633107,0.004731690454956602,-1.0888485321713937e-09,0.17724386411315993,-0.29307743137591485,0.3355056265139377,-1.0328811941823643,0.0004136262912589417,1.0000028019493663,16.756076719456996,1,0.10323960700956325,0.7114617650779999,0.7230710906197336,1.434997154736031,0.0033652414618246477,1.0000003997212987,2.6648086577311436,1,0.7913746982704505,-0.6014532803950269,0.9867371907867847,-0.6491613488710591,-0.0023799792209588657,1.0000000071707074,1.0023086108423265,1,1.1556270545482283,-0.8088396448586839,1.4033442745218603,-0.6099626489065727,-0.0001042011359291236,1.000000047968012,0.3197867463066054,1,-0.6493744080859297,5.18722627762748,5.233295433513883,1.6962322339412552,0.018939479460128895,1.0000001286742597,0.007071147127102629,0
14.940000000000001,-0.0037536190587820146,0.004731690454242173,-1.0915112745937816e-09,0.3024478747055053,-0.09256197325448201,0.3096982419150973,-0.2868156026044849,0.0004225277470823583,1.0000030506004884,18.31430261623252,1,-0.044076163682925246,0.7175394218623857,0.7241801157582574,1.639171120591386,0.003540628055563337,1.0000003992837951,2.6618919679171027,1,0.8607082585564215,-0.4945452738869164,0.9855230019480846,-0.5198946864449802,-0.002293539852224681,1.0000003404588123,1.0068991103303375,1,1.2108713856779916,-0.7132100397965171,1.3981392528991632,-0.5312069766526268,-5.512164988206084e-05,1.0000000487176794,0.3247845289057922,1,-0.7039844093672482,5.182830742499949,5.23605590681461,1.706695104442414,0.018965314509055902,1.0000000681228027,0.007059879503298623,0
14.96,-0.0037536190599028025,0.004731690453448111,-1.0941798335439845e-09,0.2793718015067129,0.1494673843075071,0.3144429029763067,0.513310575448566,0.0004356197925911444,1.0000032166243544,20.064377342621345,1,-0.18934655518371832,0.6936804850535516,0.7252746569483792,1.8427227079734636,0.0036402884836431145,1.0000003986912456,2.6579416372183675,1,0.9159509245054008,-0.37957230981090345,0.9845569586703795,-0.3903415484407575,-0.0022111926826969353,1.000000122892481,1.0113621379452453,1,1.2591538521573977,-0.6134910408221144,1.39359057742833,-0.45189990718700607,-8.783037237562928e-06,1.00000004944746,0.3296497325667059,1,-0.7585163772700289,5.177864534393344,5.2388124063886,1.7171469695876114,0.01898707004391904,0.9999998048450122,0.007048641183117734,0
14.98,-0.003753619066199204,0.004731690452584688,-1.0969119987325193e-09,0.12374144854936035,0.32077320411052257,0.34650875465750086,1.2225807863489417,0.0004462327290273262,1.0000032022734393,20.980352822133572,1,-0.3265858600211498,0.6410028401966853,0.7263096300351334,2.045675460741587,0.0036382331054532007,1.0000003979693226,2.6531288175384984,1,0.9561496536585541,-0.25841004427547887,0.9838556819853627,-0.26056874154468396,-0.0021450382628579023,0.9999999890789659,1.0156208472617405,1,1.3001250581189663,-0.5102238746283568,1.3897311687708604,-0.372112853117875,3.1813005837112046e-05,1.0000000501513235,0.3343421563544879,1,-0.8129644399515208,5.172329099483381,5.241564613870983,1.727587861197818,0.018991665629002008,1.000000134696671,0.007037433287540373,0
15.0,-0.003753619072662593,0.004731690451701889,-1.0997311993346526e-09,-0.0795118729115803,0.37403431854072444,0.3883985905881437,1.7916125113610875,0.00045356477043778263,1.000003070972101,20.89639360865334,1,-0.45018821468321757,0.5617919303004562,0.7272427282448775,2.2480770467412947,0.0035463923128592695,1.0000003971486613,2.6476577416730973,1,0.9806077910522173,-0.13305108425268722,0.9834312825370255,-0.13064736877385652,-0.0020977660843556614,1.0000003299877718,1.019600970939572,1,1.333483546734595,-0.4039859773449781,1.3865894492267166,-0.2919227981731378,6.594284945842712e-05,1.000000050823195,0.3388212996659656,1,-0.8673227532010124,5.1662259414437575,5.244312223075763,1.738017809786771,0.018976310669302263,1.0000000605660653,0.007026256931112577,0
15.020000000000001,-0.0037536190772303126,0.004731690450839702,-1.1026242523193286e-09,-0.2628913761415527,0.32606454080354175,0.4262023178217483,2.2523299631688465,0.0004593072954529813,1.000002950042729,20.200820490207356,1,-0.5551451014992443,0.4593900787822125,0.7280360742497901,2.4499969157824184,0.003399347115326201,1.000000396263486,2.641756573073154,1,0.9889004848101653,-0.005567935666364668,0.9832910885561843,-0.0006514601551042898,-0.002064644802928995,1.0000001559986875,1.0232324623593583,1,1.3589804804988614,-0.2953858731465084,1.3841888867931877,-0.2114115472672585,9.47216865020488e-05,1.0000000514570613,0.3430470744718639,1,-0.9215855009166605,5.159556620912005,5.247054941686296,1.7484368472438925,0.01894544410344128,0.9999998065370979,0.007015113224857478,0
15.040000000000001,-0.00375361907994101,0.004731690450018213,-1.1055695803285914e-09,-0.3930386607308572,0.21022164069227925,0.4530430772281678,2.646762222764018,0.0004637393050694268,1.0000029007647377,19.23779304038003,1,-0.637233223131219,0.3380492362818714,0.7286576555604327,2.651523224901879,0.0032309903969802395,1.0000003953501588,2.6356677257272896,1,0.9808841833296634,0.12192629793505846,0.9834374876341669,0.12934348449899086,-0.0020399295832516495,0.9999999746376897,1.026451108573017,1,1.376423629491122,-0.18505731353422017,1.3825476144368716,-0.13066484401180795,0.00011941830103564486,1.000000052047078,0.34698052005440966,1,-0.9757468955724531,5.152322754951574,5.249792483947804,1.75884500758144,0.018902991671212167,1.0000001405073817,0.00700400328058168,0
15.06,-0.003753619081138052,0.004731690449246857,-1.1085477605310423e-09,-0.45616808260977254,0.05748537789657662,0.46607732164295423,3.007309205026526,0.00046622334104453266,1.0000028993340226,18.217828606886965,1,-0.69316819555642,0.20275447240948263,0.7290825153404382,2.852759186871203,0.003066782721607854,1.0000003944456932,2.629637954563442,1,0.9566998500686651,0.24731837177510502,0.9838678794101131,0.25926200168283836,-0.002017549765011908,1.0000003146889314,1.0292000278522742,1,1.385680530679862,-0.07365279584977034,1.381678130502678,-0.04977137201637349,0.00014109439813834814,1.0000000525876784,0.35058452262453305,1,-1.0298011786767083,5.144526016510722,5.2525245671929826,1.7692423266102841,0.01885150837193525,1.00000005291508,0.006992928210437212,0
15.08,-0.0037536190810216682,0.0047316904485300345,-1.111541318189746e-09,-0.4476461742343984,-0.10508925123858642,0.46434750220201865,-2.924130443104537,0.0004680400523870677,1.0000028772359413,17.272116391517834,1,-0.7207210757929796,0.05902541165954961,0.7292936657990379,3.0538189801519673,0.0029155941645714295,1.0000003935863724,2.6239091487043176,1,0.9167697727880115,0.3685353554527887,0.9845747384459979,0.3890301692514758,-0.0019913438628695723,1.000000188492186,1.031430992418438,1,1.3866807052366543,0.03816339120761076,1.3815870885900925,0.031178330648227552,0.0001606808677943928,1.0000000530736808,0.35382453886335385,1,-1.08374262122289,5.136168133880677,5.255250911172807,1.7796288416637032,0.01879292758983098,0.9999998085374228,0.006981889121648846,0
15.100000000000001,-0.003753619079578684,0.0047316904478684725,-1.1145332191875301e-09,-0.36803708452780065,-0.2516919893881247,0.447967080674479,-2.558123036638492,0.00046945394844164347,1.000002780155961,16.503132879782147,1,-0.7187959291903058,-0.08729754984545203,0.729282687513119,-3.028361940323963,0.0027724023968721,1.0000003928064998,2.618709997817306,1,0.8617880927607592,0.4835839322637998,0.9855457855784812,0.5185770621753389,-0.001955189986958429,0.9999999639886535,1.0331055253271695,1,1.3794168520847174,0.14972242456453294,1.3822751849083112,0.1120930115570178,0.0001790823477043426,1.0000000535003957,0.3566693038407716,1,-1.1375655241322709,5.127250890154325,5.257971238167614,1.7900045914896567,0.018729104777099336,1.000000146097182,0.006970887109779327,0
15.120000000000001,-0.0037536190767684945,0.004731690447258516,-1.1175061978216383e-09,-0.22358342594892677,-0.3545441029442175,0.41821955814323514,-2.15153142478829,0.00046982647016351187,1.0000026146404366,16.02538469707261,1,-0.6874674907714015,-0.2302758027366273,0.7290500138834947,-2.8272901408413285,0.0026290899750211604,1.0000003921371694,2.6142477962962714,1,0.7927054189910476,0.5905874484506145,0.9867642615662082,0.6478361147622828,-0.0019028676956834316,1.0000002947496434,1.0341957291886288,1,1.363944972798893,0.2603583208955382,1.3837371470926672,0.19288186478214595,0.00019727620796897868,1.0000000538637237,0.3590914914452371,1,-1.1912642186877753,5.117776122686292,5.260685273278717,1.8003696162622749,0.018662247308836356,1.0000000451819662,0.0069599232528384245,0
15.14,-0.003753619072633194,0.004731690446690386,-1.120442813182243e-09,-0.031436649946710096,-0.3816669661735246,0.37863616275735923,-1.6696160953539296,0.00047009272845338656,1.0000024606186217,16.00765373571696,1,-0.6279785385055723,-0.36409769618597077,0.7286049120456605,-2.626030618178116,0.002481813905023516,1.000000391605149,2.6107009924474713,1,0.7107081066215037,0.6878197360459102,0.9882092927049508,0.7767463507553285,-0.001828495205689522,1.0000002194117148,1.0346848175699943,1,1.3403834229266032,0.36941523665844556,1.3859618242622849,0.27345567795357517,0.0002164334933655126,1.000000054160244,0.36106829400894686,1,-1.244833066958564,5.107745722554735,5.263392744725205,1.8107239577292256,0.018595564697982913,0.9999998108428141,0.006948998606980858,0
15.16,-0.0037536190674843832,0.004731690446144828,-1.1233270338223411e-09,0.1682064470485881,-0.30081356505046103,0.3374972149608288,-1.069339287806042,0.00047303079832007605,1.0000024428218173,16.694311265769493,1,-0.542697013289753,-0.4833002665271839,0.7279651595071508,-2.4244700783372704,0.002335788014967724,1.000000391231925,2.608212834343764,1,0.6171929533411885,0.773734895875706,0.9898563344105468,0.9052534500267221,-0.0017266086121297357,0.999999957266325,1.0345673357514926,1,1.3089109250342406,0.4762545065547122,1.388932373981747,0.35372793159676086,0.00023801920576373294,1.000000054387284,0.36258189283794934,1,-1.2982664622149716,5.097161634024228,5.266093383464128,1.8210676595996966,0.018534229900710207,1.0000001514572114,0.00693811420387308,0
15.180000000000001,-0.0037536190631910823,0.0047316904455879895,-1.1261523111608107e-09,0.2996900957386527,-0.10536728479821518,0.3103927478392665,-0.32975925768930614,0.0004812544727657607,1.000002651022022,18.215242364733815,1,-0.4350333548476463,-0.5829813497451516,0.727156419188308,-2.222506579719199,0.0022024524545091635,1.000000391032913,2.606886085965259,1,0.5137381930307298,0.8469924217666395,0.9916776756988049,1.0333106279203141,-0.0015946953700351916,1.0000002705688167,1.0338490743262438,1,1.2697636166155828,0.5802612460543922,1.3926265386690262,0.4336158182017042,0.0002633368428988236,1.00000005454297,0.36361979875451444,1,-1.3515588293335703,5.0860258540096215,5.268786919419797,1.8314007681072366,0.018484179125479044,1.0000000373789724,0.006927271050057525,0
15.200000000000001,-0.0037536190638172828,0.0047316904449797,-1.1289419303908699e-09,0.2852463219212314,0.13746776350127524,0.3133553766762751,0.4714311774428142,0.0004933876903700257,1.0000030089675902,19.984752704313763,1,-0.3093191127191616,-0.658995600600577,0.7262113201462321,-2.020053570908142,0.0020807174667173954,1.0000003910168314,2.606778875522164,1,0.4020717375157464,0.9064772577743123,0.9936429895948419,1.1608793093971912,-0.0014430055351925607,1.0000002479403691,1.0325466945575674,1,1.2232312390895417,0.6808503651612139,1.3970170064542897,0.5130411522703773,0.00029187331137805686,1.0000000546262573,0.36417504822671043,1,-1.404704625192299,5.07434043154031,5.271473072305097,1.8417233313991483,0.01844298883805436,0.9999998134496157,0.00691647012877705,0
15.22,-0.0037536190697877027,0.004731690444313644,-1.1317469270771818e-09,0.13474136605838816,0.31460747176655507,0.3443632685620147,1.1880201268004904,0.0005030051721712928,1.0000033062795655,20.95921971503038,1,-0.17064876039956067,-0.7081275487758382,0.7251682524445597,-1.817043499982639,0.0019602921653895404,1.0000003911852733,2.6079018222474657,1,0.28403763503152374,0.9513145920770768,0.9957199227180719,1.2879295978846004,-0.0012905024003585638,0.9999999546193248,1.0306870881024905,1,1.1696526007355426,0.7774718687517561,1.4020718514185622,0.591931157576446,0.00032202083589636944,1.0000000546369372,0.36424624839607245,1,-1.4576983390561127,5.062107467223923,5.274151551803674,1.852035396650269,0.01839889604630392,1.0000001565789742,0.006905712401214178,0
15.24,-0.003753619076704811,0.004731690443624534,-1.1345961722225573e-09,-0.06801955238297568,0.37413465127183393,0.3861516852883313,1.7641321216194779,0.0005044178607354664,1.0000034222891903,20.92050135564206,1,-0.024687871104338698,-0.7282344913204889,0.7240699076160925,-1.6134308628570768,0.0018532797476405643,1.0000003915324946,2.6102166312291843,1,0.16156168292274894,0.9808793905421183,0.9978747017460239,1.4144405591016547,-0.001145622013374765,1.0000002427629395,1.0283064894635898,1,1.109410464642085,0.8696153508890826,1.407755021004945,0.6702191232694792,0.0003542351148164162,1.0000000545756227,0.3638374846211246,1,-1.5105344929541582,5.049329112710866,5.276822074342861,1.8623370095699483,0.018348597886797418,1.0000000295184581,0.006894998803013479,0
15.260000000000002,-0.0037536190818823717,0.0047316904429453134,-1.1374827026469636e-09,-0.2535685408104518,0.33078880008285627,0.4244036038824585,2.2295533527206697,0.0004986741198050963,1.0000033429912503,20.247788816026212,1,0.12254757593916281,-0.7183519391643085,0.7229616125354148,-1.4091945170035174,0.001781048848196522,1.0000003920454525,2.6136363504591196,1,0.03661706083268094,0.9948008461529539,1.0000727268541723,1.540400316926628,-0.0010122045785370386,1.0000002734322353,1.0254494413444362,1,1.042926021810269,0.9568136253513371,1.4140268475826085,0.7478449048449254,0.0003899739294486368,1.0000000544437142,0.3629580948858215,1,-1.5632076420477685,5.036007570161318,5.279484367321955,1.8726282168825652,0.01829616102650948,0.9999998163536936,0.006884330242789273,0
15.280000000000001,-0.003753619084903002,0.004731690442289961,-1.1403872828691375e-09,-0.3870516895475964,0.2177758557745678,0.451933030119644,2.6266438173784743,0.0004905916761934834,1.0000031085685894,19.292794071557946,1,0.2649340632070009,-0.6787547066174775,0.7218894979545245,-1.2043390900780047,0.0017554073821968977,1.000000392704122,2.618027480408835,1,-0.08880925481282971,0.9929620597549175,1.002279147735985,1.665805966778416,-0.0008960073779093681,0.9999999562039663,1.0221676759387057,1,0.9706531119363663,1.038645469777041,1.4208445883917404,0.8247552669268337,0.0004302125152340743,1.0000000542433476,0.3616223172240097,1,-1.6157123749877305,5.022145091712811,5.2821381622826085,1.882909067215058,0.01824499262059311,1.0000001614543514,0.006873707606983051,0
15.3,-0.00375361908614599,0.004731690441659195,-1.1432926176960234e-09,-0.4539648110150577,0.06631778201377946,0.4657477073615502,2.988333633846751,0.0004833238055918794,1.0000028045549576,18.272058100886753,1,0.3964967951013778,-0.6109677401767342,0.7208985651260913,-0.9988953479813972,0.0017766293359722807,1.0000003934821144,2.623214096294578,1,-0.21274865854569822,0.9754953773394536,1.0044594185135656,1.7906633374717666,-0.0008027446793793437,1.0000002121392864,1.0185188678098704,1,0.8930723483764369,1.1147374923730433,1.4281629800453404,0.9009040797884551,0.00047538337595249067,1.000000053977326,0.3598488397121346,1,-1.6680433142612139,5.007743978946819,5.2847831910301135,1.8931796107431413,0.018196582538813816,1.0000000216128742,0.006863131765820611,0
15.32,-0.0037536190860700236,0.004731690441047625,-1.146186525899373e-09,-0.4493289441343253,-0.09637463075012088,0.46481874752435676,-2.9432159345090505,0.0004775169885048496,1.0000025388662421,17.319629735257642,1,0.5116685679899226,-0.5177225518952757,0.7200307349466681,-0.7929194153139285,0.001836257458764014,1.0000003943476083,2.628984056140459,1,-0.33328115907774397,0.9427738786074091,1.0065798230948089,1.914986625346516,-0.0007363205499081754,1.000000295408817,1.0145653509195323,1,0.8106852907060853,1.1847651583435308,1.4359347889305591,0.9762523793431922,0.000525560530325531,1.0000000536490414,0.35766027547699564,1,-1.720195116529402,4.992806582354533,5.287419184834615,1.9034398987892687,0.018151201032619725,0.9999998195504425,0.006852603577471779,0
15.34,-0.003753619084860958,0.004731690440448164,-1.1490608733608076e-09,-0.3734525939950456,-0.24450681569115817,0.4492071050497973,-2.578594966732739,0.00047238967428945536,1.0000023984167625,16.53847177181139,1,0.6055388606248285,-0.40285767728599275,0.7193229740851397,-0.5864907922361041,0.0019209237233912472,1.0000003952645853,2.635097234513707,1,-0.448563324083583,0.8953995435865936,1.0086079632499727,2.0387979211134253,-0.0006977376028414204,0.9999999621542817,1.0103728569906536,1,0.7240087909385106,1.2484530366200668,1.4441113445252791,1.0507683027675176,0.0005805786073372593,1.0000000532623876,0.3550825847988717,1,-1.772162472956131,4.977335300802022,5.290045874716916,1.9136899835733472,0.01810848989286783,1.0000001660756144,0.006842123891129373,0
15.360000000000001,-0.0037536190824311866,0.004731690439853689,-1.1519090542533306e-09,-0.23219037256906835,-0.35048149792491745,0.420116566405076,-2.174977649793984,0.0004673293970717382,1.0000024136741321,16.041409189391974,1,0.6740798741058617,-0.27116480774004603,0.7188055978353027,-0.3797091850927708,0.00201696888937434,1.0000003961943333,2.6412955550463826,1,-0.5568536770517148,0.8341886278409187,1.0105132048647654,2.1621266501878216,-0.0006848459773325802,1.0000001796447,1.0060092970013068,1,0.6335696189459267,1.3055743450978712,1.4526430458374344,1.1244269153737323,0.0006401387187819985,1.0000000528216701,0.35214446755177126,1,-1.82394010952776,4.961332580995089,5.292662992140539,1.9239299180876497,0.01806795899815055,1.000000013674742,0.006831693549793738,0
15.38,-0.0037536190784711186,0.0047316904392555115,-1.1547229093050726e-09,-0.041866594601535856,-0.38254566475882734,0.38090815381418036,-1.698176581438366,0.0004632660301614742,1.000002557094968,15.99324051504078,1,0.7143363843199864,-0.12818589600113892,0.7185008478062237,-0.17269025409041303,0.002115585163240249,1.0000003970971618,2.6473144119222853,1,-0.6565354062580678,0.760154755585685,1.0122670801319753,2.2850089459839507,-0.0006923721008998553,1.0000003135357713,1.0015436084266465,1,0.5398994504708462,1.355949884428759,1.4614798331627559,1.1972099463933672,0.0007039762992673664,1.0000000523315122,0.3488767479828015,1,-1.8755227873646174,4.944800916944191,5.295270269937143,1.9341597561173423,0.01802971498713569,0.9999998230347932,0.006821313392667,0
15.4,-0.003753619072911031,0.004731690438637033,-1.1574920770127117e-09,0.15897722147582752,-0.30810043460562886,0.3395213258353389,-1.1052810909736668,0.0004630612695532276,1.0000027772687274,16.635621864996587,1,0.7245675989152065,0.020029783370063104,0.7184218318962444,0.034439529907341296,0.002217436314674152,1.000000397934235,2.6528948985763394,1,-0.746136337677437,0.6744901994800587,1.0138436446898564,2.407486973849359,-0.0007117280227626415,0.9999999725413724,0.997044686305613,1,0.44353027880766943,1.39944645680767,1.470571618821227,1.2691054520473524,0.0007720747433478226,1.0000000517967658,0.3453117714261593,1,-1.9269053030242387,4.92774284942909,5.29786744290224,1.9443795525270315,0.017995592489127934,1.000000170435437,0.006810984256767383,0
15.42,-0.003753619067870201,0.004731690437964325,-1.1602142380509606e-09,0.296471124594753,-0.11791075929065281,0.311178244052048,-0.3723902585442081,0.00046948868678951475,1.0000030245133762,18.117654261333048,1,0.7043317482054765,0.16719637542872826,0.7185718945145919,0.24154864680913601,0.0023317344846076385,1.0000003986694201,2.6577961336668317,1,-0.8243461955379535,0.5785457622065764,1.0152197881620373,2.5296082214243474,-0.0007329659081986996,1.0000001463039936,0.9925804096898455,1,0.3449902899775117,1.4359748677097615,1.4798686712361728,1.3401074231306631,0.0008442497948040978,1.0000000512224245,0.3414828295795407,1,-1.978082488796787,4.910160965463738,5.300454245461514,1.9545893638430165,0.01796860160709915,1.000000005716635,0.006800706977902943,0
15.440000000000001,-0.0037536190682318053,0.004731690437196357,-1.1629221223150021e-09,0.290675251780308,0.1253615282617892,0.3123589840272799,0.42937226490963876,0.0004796543823383109,1.000003203856932,19.902938674283696,1,0.6545077024534874,0.3070753562019556,0.7189444613813916,0.44850657691668927,0.002461669110776111,1.0000003992710318,2.6618068787740663,1,-0.8900312258789255,0.4738096142386334,1.0163754940151795,2.6514247654375067,-0.0007536720837621287,1.0000003275932137,0.9882167697188512,1,0.24480022188805167,1.4654876059813944,1.4893219508215485,1.4102153501416528,0.000917849527927371,1.0000000506135442,0.33742362756956934,1,-2.029049212992958,4.892057897761574,5.303030403183797,1.9647892479522229,0.017944576584500386,0.9999998268012213,0.006790482391827457,0
15.46,-0.003753619074215734,0.004731690436334162,-1.1656790055783461e-09,0.14555834624819056,0.30817533087053095,0.34225681406641423,1.1530966890061065,0.00048442084281638596,1.0000032083200403,20.935163780089972,1,0.5772521368012921,0.4337568184052794,0.7195233784794435,0.6551897928706324,0.0025986201507980805,1.0000003997133227,2.664755484880972,1,-0.9422462907492631,0.3618853793798932,1.0172940529166337,2.7729925144832452,-0.0007820878959141032,0.9999999873351356,0.9840171007620879,1,0.14347021113453734,1.4879762920190145,1.49888340988448,1.4794337613255903,0.0009880682595969532,1.0000000499751702,0.33316780133654555,1,-2.0798003802248624,4.873436324200754,5.305595630900361,1.9749792613256556,0.01790933620420137,1.0000001745269076,0.0067803113337107515,0
15.48,-0.003753619080837603,0.004731690435424499,-1.16851915209909e-09,-0.05650520699380923,0.3740140187060341,0.3839015038835501,1.7363666775913602,0.00048361617286084426,1.0000030846655348,20.94275738699857,1,0.47589516659978903,0.5419225628684105,0.7202837113456269,0.8614873351606759,0.0027426046557511605,1.0000003999776983,2.666517989150575,1,-0.9802445552675177,0.24446969891544795,1.0179622466630291,2.894370441940102,-0.0008217549591865084,1.0000001131604161,0.9800414078825562,1,0.04149711715235025,1.5034689759825073,1.5085062563338036,1.5477717610013098,0.001052823518600473,1.0000000493122734,0.32874848942853285,1,-2.130330931681429,4.8542989672909105,5.3081496495127185,1.9851594579411793,0.017856091624089573,0.999999997751158,0.006770194631216712,0
15.5,-0.0037536190856531813,0.00473169043450943,-1.1714376907737134e-09,-0.2441221719116866,0.3353861552052835,0.4225791295981085,2.2066010166444308,0.0004804948764554189,1.0000029607282261,20.293847000029384,1,0.3547814118408316,0.6270770266955519,0.7211929249740193,1.067305650717101,0.0029025109402804534,1.0000004000535574,2.6670237162720363,1,-1.0034848892285408,0.12332945032222897,1.0183704927591655,3.015619829922975,-0.000870631445291619,1.000000337449661,0.9763457798520189,1,-0.06063769742508896,1.5120273585023196,1.5181451603014222,1.6152425750216945,0.0011120450751727867,1.000000048629695,0.32419796595913447,1,-2.180635845398526,4.8346485936442285,5.310692193640765,1.9953298916652389,0.01778649393454169,0.9999998308437552,0.006760133095947971,0
15.520000000000001,-0.003753619088579647,0.0047316904336119105,-1.1744188859255655e-09,-0.3808971821217991,0.22529074858423012,0.45078617506914176,2.6064366679691258,0.0004763734722998126,1.0000029058435376,19.347477982336006,1,0.21906672623111478,0.6857348140354591,0.7222123953206397,1.272572472460482,0.003075212910049659,1.000000399938638,2.6662575860557602,1,-1.0116370915610822,0.0002787497342300882,1.0185129397874921,3.1368035147833435,-0.0009276728028158118,1.000000006376677,0.9729818795586398,1,-0.16247015970590706,1.513743995723258,1.5277564147322718,1.6818631004741271,0.00116552540858109,1.0000000479321007,0.31954733765746746,1,-2.230710136522077,4.814488013450522,5.313223006312467,2.0054906175040883,0.017702668283788275,1.0000001783435395,0.006750127519669645,0
15.540000000000001,-0.003753619089975993,0.004731690432744539,-1.1774483081247733e-09,-0.4515770350019882,0.07518764939695932,0.4653762233861316,2.969339645608188,0.00047210153822087027,1.0000029027528532,18.326361212823336,1,0.07448297509483391,0.7155570274756644,0.7232991639079016,1.4772395778159144,0.0032418544187731856,1.0000003996389564,2.6642597086468194,1,-1.004585022366216,-0.1228441695490116,1.0183875229143133,-3.025200178103067,-0.0009940390520542788,1.0000000812249,0.969996499490984,1,-0.26355488829273366,1.508739540614737,1.5372980637504272,1.7476534713893361,0.0012128394936044402,1.0000000472239443,0.3148262954830056,1,-2.2805488575637374,4.793820079955447,5.315741835267072,2.015641691509343,0.017605634198169722,0.9999999897909279,0.0067401786725764965,0
15.56,-0.003753619090051983,0.0047316904319156675,-1.1805129287306704e-09,-0.45082534333079055,-0.08754893936970562,0.4652469074365586,-2.962253221107283,0.0004678425196545835,1.0000028846835383,17.367530378762325,1,-0.07291583559464417,0.7154323171512066,0.7244078271095635,1.6812843589651025,0.0033748357206255094,1.00000039916835,2.6611223322635205,1,-0.9824276969391973,-0.24420013559008796,1.017995983961771,-2.9039569641451592,-0.0010719124140127487,1.000000343043459,0.9674311646896193,1,-0.3634662424313081,1.4971600630277613,1.546730001048818,1.812636649143948,0.0012536388261750826,1.0000000465094379,0.3100629188618756,1,-2.3301470986494586,4.772647688941969,5.3182484322368655,2.0257831705513025,0.0174959397904645,0.9999998351559857,0.006730287301220012,0
15.58,-0.0037536190888030167,0.004731690431130838,-1.1835994155259821e-09,-0.37869544605516714,-0.2371306264906746,0.4504067322797795,-2.598942201036487,0.0004634861300893035,1.0000027939933882,16.574539600866448,1,-0.21701299465515902,0.6855021126366935,0.7254924642479167,1.884710219479117,0.0034485006174563952,1.000000398547671,2.656984474318,1,-0.9454783617079199,-0.36197221926635637,1.01734385631533,-2.7825892015630354,-0.0011627183745892846,1.0000000293634488,0.9653217797057831,1,-0.4617990582369055,1.4791744812994052,1.5560140402707718,1.8768380408775243,0.0012877188948429046,1.0000000457925307,0.3052835377896612,1,-2.379499987760563,4.750973778215047,5.320742553293548,2.03591511223068,0.017374233962196745,1.0000001818792816,0.006720454127427201,0
15.600000000000001,-0.0037536190861996816,0.004731690430392023,-1.1866932419363208e-09,-0.24066769566700738,-0.3461337504603669,0.42198243277233954,-2.198198056584015,0.0004589129789712956,1.0000026309285657,16.058651439320062,1,-0.35188214882615004,0.627132532874731,0.7265085206379233,2.0875458751112848,0.0034497258780315132,1.0000003978037095,2.652024729494647,1,-0.8942615349147299,-0.4743888645717236,1.0164404130282052,-2.6610354238440936,-0.0012665384050953303,1.0000000514350953,0.9636983396524151,1,-0.5581691116400899,1.4549721291514153,1.5651139599425108,1.9402851476609995,0.0013149642047026913,1.0000000450768984,0.30051265558109586,1,-2.428602690966704,4.7288013270894425,5.323223959500467,2.046037574910587,0.01724170356071985,0.999999981848553,0.006710679850037301,0
15.620000000000001,-0.0037536190822596133,0.004731690429695803,-1.1897784849349002e-09,-0.05227400395684488,-0.3830369083603245,0.38317178109336825,-1.7263798726824087,0.000454721023170437,1.0000024694835605,15.980782701025968,1,-0.4720238235948241,0.5428377766949743,0.7274145753277443,2.2898436790806738,0.0033841072867131406,1.0000003969679176,2.64645278447046,1,-0.829507959109171,-0.5797469023964388,1.0152985755933657,-2.5392364100785714,-0.0013818205213845115,1.000000344370593,0.9625846718040646,1,-0.6522133469899698,1.4247604738279473,1.573995525433644,2.003007243894474,0.0013354501697524395,1.0000000443659385,0.29577292285036866,1,-2.4774504126503354,4.706133355879913,5.325692417699013,2.056150617881065,0.01710068922516747,0.9999998397310764,0.00670096514963188,0
15.64,-0.0037536190772202325,0.00473169042903006,-1.1928391278198669e-09,0.149550349166663,-0.3149550047998658,0.3415832398554275,-1.1407742082405785,0.00045361007787753994,1.0000024325877186,16.57948862527434,1,-0.572577289671701,0.4361613159600307,0.728173936753384,2.4916771150025148,0.0032752523991685795,1.0000003960750223,2.640500148969203,1,-0.7521473833363163,-0.676434358995037,1.0139347837480686,-2.4171359480211465,-0.00150430764558597,1.0000000558449589,0.9619981594720964,1,-0.7435899089642848,1.3887629955266179,1.582626490906548,2.065035089381977,0.0013498475426354393,1.0000000436627712,0.2910851410532693,1,-2.5260383957225696,4.6829729253923,5.328147701003905,2.066254301773812,0.016955714190412204,1.000000185128528,0.006691310694726279,0
15.66,-0.0037536190726998077,0.004731690428368476,-1.1958659149741147e-09,0.2927890663909599,-0.1302034963931297,0.312056728149813,-0.41478221791618436,0.00045906500598162474,1.0000026189092608,18.02105047016007,1,-0.6495017220377529,0.3115220038543104,0.7287560204972111,2.6931376090482937,0.0031551519166313083,1.0000003951615837,2.6344105575910786,1,-0.6632990694002882,-0.7629529335013234,1.0123688274160785,-2.294681594427901,-0.0016287578592200061,1.0000000246221152,0.9619494763973431,1,-0.8319780129292726,1.3472172338454134,1.590976583636023,2.126400674548691,0.0013595215283181625,1.0000000429702423,0.28646828195182367,1,-2.5743619218311875,4.659323136415052,5.330589586632113,2.0763486893273284,0.016813226535541948,0.9999999739366131,0.0066817171475312565,0
15.680000000000001,-0.00375361907267212,0.004731690427675619,-1.1988758926578802e-09,0.2956521597142989,0.11313809035472226,0.3114528448419053,0.387055594398345,0.00046955384981095874,1.0000029728018627,19.818453957655418,1,-0.6997224415546748,0.1740324186740919,0.7291374705491064,2.8943308086127493,0.003039849132661375,1.0000003942645637,2.62843042377604,1,-0.5642599008858582,-0.8379399723314396,1.0106236366840669,-2.1718254254795144,-0.0017575225730861465,1.000000341475858,0.9624423501657292,1,-0.9170776853452587,1.30037300293861,1.5990174709113234,2.187136994939707,0.001364530552489673,1.0000000422909288,0.28193952540162037,1,-2.6224163115616106,4.6351871292111095,5.333017846937602,2.086433845510147,0.01667389418929501,0.9999998445617744,0.0066721851686232,0
15.700000000000001,-0.0037536190782716567,0.004731690426944947,-1.2019159990189765e-09,0.15618972920033458,0.3014636123117303,0.3401841470692143,1.1177359637189381,0.00047773867150961296,1.0000032856306966,20.907750951042946,1,-0.721239528685928,0.029296581082459198,0.7293029980047272,3.0953724566084935,0.002917533744571912,1.000000393419947,2.622799647605277,1,-0.4564899713064134,-0.9001897142285715,1.0087250178111031,-2.048524774326653,-0.0018990250340102095,1.0000000852257802,0.9634733528901611,1,-0.9986094022742775,1.2484907731367807,1.6067227204029257,2.2472778469982577,0.001362428229506938,1.000000041627148,0.2775143198537497,1,-2.670196924631621,4.610568083009651,5.3354322440617254,2.0965098350251457,0.016527958656101273,1.0000001880861258,0.006662715419108152,0
15.72,-0.0037536190852841987,0.004731690426213247,-1.205015162306089e-09,-0.04496884571874603,0.3736647428596237,0.38164058639395976,1.7082648764660902,0.0004800373695593132,1.0000034215376423,20.96291264451507,1,-0.7131972166985316,-0.11680618931433283,0.7292459325469557,-2.986801313937148,0.0027775064570203425,1.000000392661449,2.6177429922126914,1,-0.34159554084469423,-0.9486735192387568,1.0067013403293674,-1.9247429617631575,-0.0020499020819430454,1.000000001482429,0.9650317257585757,1,-1.076313650999505,1.191840213666379,1.6140677711951126,2.3068576522659687,0.0013525979946162044,1.0000000409809695,0.273206462706333,1,-2.717699160081593,4.585469215499208,5.337832544444525,2.1065767207051804,0.0163714278198146,0.9999999660676399,0.006653308555957236,0
15.74,-0.003753619090675853,0.004731690425518928,-1.2081640219513412e-09,-0.2345555169261939,0.33985472658933336,0.4207224107666996,2.1834425040489163,0.0004771960283164702,1.0000033594971527,20.33888702592561,1,-0.6759132467597371,-0.2583448956054591,0.7289684720924473,-2.7856972818712,0.002614769366682084,1.0000003920193261,2.6134621744626454,1,-0.2213092817541484,-0.982558731764326,1.0045831897879351,-1.8004499960003455,-0.0021988096955879543,1.0000003344443102,0.9670992468960516,1,-1.1499504369616143,1.1306988890654832,1.6210298972497503,2.3659113167664043,0.001336875919831878,1.000000040354229,0.26902819430932773,1,-2.7649184564610967,4.559893782324905,5.340218528051166,2.1166345656362573,0.016208844603096094,0.9999998496404217,0.006643965224043646,0
15.760000000000002,-0.0037536190938695685,0.004731690424880554,-1.211337664723533e-09,-0.37458363244417914,0.23276733773434347,0.4495983400991995,2.5861220510188,0.0004713811723956014,1.000003136062196,19.40180248774285,1,-0.6108678956492222,-0.3895618410429364,0.7284816152460477,-2.5843815411504805,0.002420785559574008,1.0000003915193185,2.6101287894173506,1,-0.09746778272668236,-1.001225766663136,1.0024029731847803,-1.6756232143912357,-0.002335467220973779,1.0000001167728534,0.9696501565125948,1,-1.2192987553749695,1.065351100537435,1.627588155955254,2.4244741113776818,0.0013173472119994546,1.0000000397485451,0.2649903012969403,1,-2.811850292010122,4.53384507659046,5.342589983306095,2.126683434616204,0.016045364616224324,1.0000001907473852,0.006634686052718109,0
15.780000000000001,-0.003753619095225912,0.00473169042430137,-1.2145117958203833e-09,-0.44901815429072434,0.08409651873826167,0.4649608413802613,2.950313103671669,0.0004648361603252783,1.0000028338132827,18.380714019526412,1,-0.5206528022205498,-0.5050928983062861,0.7278047819281085,-2.3827427606532052,0.002186135324091941,1.000000391181726,2.6078781724671134,1,0.028013647048694603,-1.0042829525593415,1.0001944718673603,-1.5502478570669906,-0.002451770569568114,0.9999999825534922,0.972651161051586,1,-1.2841560441132265,0.9960868625040862,1.6337233350798825,2.482581568487166,0.0012957347356869428,1.000000039165334,0.2611022268870434,1,-2.8584901848340176,4.507326428363805,5.344946702300864,2.1367233941503523,0.015884701303766503,0.999999958254097,0.006625471655957473,0
15.8,-0.0037536190951986087,0.0047316904237765765,-1.2176667590901857e-09,-0.4521526355242121,-0.07861184646579808,0.46563124786638066,-2.981256136381668,0.00045829199176504205,1.0000025605268585,17.41579172963019,1,-0.408880171916024,-0.600176846953719,0.7269651302909945,-2.1806817909335994,0.0019054013098661548,1.0000003910206452,2.6068043019840363,1,0.15316874290725943,-0.9915786239633337,0.9979923478168226,-1.4243175550800933,-0.0025410060091430155,1.0000003233923425,0.9760615404654371,1,-1.3443376320242602,0.9232010039612684,1.6394179017154045,2.540269396272058,0.0012734608973114386,1.0000000386058276,0.2573721847881802,1,-2.90483369307241,4.480341204185831,5.347288479003418,2.146754512180077,0.01572955159442688,0.9999998549589671,0.006616322632613523,0
15.82,-0.003753619094006975,0.004731690423297951,-1.2207870660543851e-09,-0.3837853084002869,-0.22956583595596447,0.4515655075658164,-2.619180471695504,0.0004505488873038875,1.0000024066429611,16.611299884088062,1,-0.28005357424046884,-0.6708472255306813,0.7259965800328291,-1.9781156477547779,0.0015793177879307658,1.0000003910433801,2.60695586809691,1,0.27601037859438937,-0.9632099300912877,0.995831609163986,-1.2978347099592304,-0.0025973485416458143,1.0000001496274227,0.9798333831669894,1,-1.3996761948177636,0.8469923840245284,1.6446559528703684,2.5975734097674894,0.0012517442741643214,1.0000000380710907,0.2538072720993592,1,-2.9508764150623885,4.452892806581984,5.349615108759601,2.156776857894375,0.015582066910748617,1.0000001931080853,0.006607239565972747,0
15.840000000000002,-0.0037536190916100678,0.004731690422855792,-1.2238592431157436e-09,-0.2490350327875191,-0.3415073353843325,0.42381602094829135,-2.2212108384538216,0.00043991101515077936,1.0000024079599674,16.0770641797365,1,-0.13940248435948832,-0.7140997522945699,0.7249385593384269,-1.7749810397813226,0.00121379073128299,1.0000003912500497,2.608333664667425,1,0.3945626250964463,-0.9195278293625986,0.993747041398042,-1.1708107409979276,-0.0026156339191128956,0.9999999681954951,0.9839119730682939,1,-1.4500212287641143,0.7677632111690288,1.6494231681161367,2.654529476887204,0.0012316685000853776,1.0000000375620368,0.250413579413544,1,-2.9966139894961854,4.424984673577236,5.351926388289227,2.166790501631662,0.015444212554618876,0.9999999505083601,0.006598223023272314,0
15.860000000000001,-0.0037536190876973855,0.004731690422437722,-1.2268689883465633e-09,-0.06267431215202374,-0.38315081920688066,0.3854243960873027,-1.7542444365015146,0.0004281934143192759,1.0000025406540918,15.970232933931065,1,0.007315972427600528,-0.7280280726080999,0.7238345034339777,-1.5712372866542303,0.0008154904813977374,1.000000391633419,2.6108894601826993,1,0.5068942777497124,-0.8611377700996464,0.991772612627447,-1.043266177584455,-0.002590716667267148,1.0000003084614626,0.9882363512632483,1,-1.4952385506341308,0.6858184557965828,1.6537067651001527,2.7111734775872782,0.0012142764953818996,1.0000000370794446,0.24719629802692258,1,-3.0420420955734238,4.396620278214546,5.354222116016333,2.1767955148871754,0.01531830572079047,0.9999998605089802,0.006589273555693597,0
15.88,-0.0037536190821149716,0.004731690422023014,-1.229800333617248e-09,0.13991825797880342,-0.3213845327041535,0.34367859209414603,-1.1758266362911,0.0004241128078635339,1.0000027534571538,16.52593477573544,1,0.1540429322468187,-0.7119205870749781,0.7227301491834914,-1.3668684672764202,0.00038966608631032124,1.0000003921789695,2.614526463540686,1,0.6111532211910564,-0.7888956246112862,0.9899408638584207,-0.9152305762804158,-0.002516786997495131,1.0000001828251563,0.9927400671771156,1,-1.5352098307933626,0.6014653459336637,1.6574954587420014,2.767541274841873,0.0012007432846885126,1.0000000366239736,0.24415982350387366,1,-3.087156453147562,4.367803128076467,5.356502092441855,2.1867919705478363,0.015208001602321195,1.000000195164482,0.0065803916989438495,0
15.9,-0.0037536190766545453,0.004731690421573207,-1.2326444769408806e-09,0.2886339299808084,-0.14223949353515158,0.3130249639806282,-0.4569143764586605,0.0004315649762401309,1.000002998271159,17.925675902091985,1,0.29466423924531676,-0.6663115997503766,0.7216716829204686,-1.1618846547800865,-4.847972825170443e-05,1.000000392865292,2.6191019466498293,1,0.7056008767581097,-0.7038985479650456,0.9882822993344944,-0.7867422465547436,-0.002387998490159222,0.9999999585845253,0.9973521170645717,1,-1.5698321651135017,0.5150129361575579,1.660779423715357,2.8236686969563993,0.0011923379358138879,1.0000000361961783,0.24130785461232176,1,-3.131952822866597,4.338536764809991,5.358766118450652,2.1967799435220097,0.01511838001601298,0.9999999428426979,0.006571577974638643,0
15.92,-0.003753619076115983,0.00473169042103848,-1.2354261355249085e-09,0.30014811567813315,0.10080153990954155,0.310638875765926,0.344505428452481,0.00044449498503592775,1.0000031891291754,19.731546077975807,1,0.42326821727146857,-0.5929811677151158,0.7207037956420077,-0.9563220957692898,-0.0004959752301765824,1.0000003936648172,2.6244321151303662,1,0.7886458700920469,-0.60747057349806,0.9868247963477957,-0.6578477730107414,-0.002204582018702598,1.0000002898207223,1.0019981039708037,1,-1.5990176902889994,0.4267717402122572,1.6635502551551624,2.8795915296811136,0.001189039205169462,1.000000035796523,0.23864348703848082,1,-3.17642700630777,4.308824763654315,5.361013986756454,2.2067595109832916,0.015049175327601987,0.9999998662816629,0.006562832893470789,0
15.940000000000001,-0.003753619081567015,0.004731690420405177,-1.2382062718890863e-09,0.1666045132485473,0.2944588820101272,0.33814922045199325,1.0819373363368836,0.00045536724575724814,1.000003212617144,20.877024767309354,1,0.5344036176298104,-0.49489998170657706,0.7198677336201872,-0.7502422019846682,-0.000977398161624289,1.0000003945447722,2.6302984816127277,1,0.8588759805015819,-0.501142927059375,0.9855930453721874,-0.5286013190768044,-0.001978386868192161,1.0000002153304857,1.006601585446524,1,-1.6226932462029138,0.33705341814396117,1.6658009266926979,2.9353455094980743,0.0011885894483258397,1.0000000354253953,0.23616930175170892,1,-3.220574846105825,4.2786707329702995,5.363245474255258,2.216730749992242,0.014988963522403488,1.0000001969133123,0.0065541569598591065,0
15.96,-0.003753619088166041,0.00473169041970897,-1.2410242616542333e-09,-0.03343186361826809,0.37306580980102644,0.3793720779707107,1.6798146280587232,0.0004619700898537495,1.0000030978747252,20.980953287732376,1,0.6233250893842363,-0.3761183197825823,0.7191994378862526,-0.5437293444653588,-0.0014969409630131358,1.0000003954684324,2.6364562169975354,1,0.9150874054970422,-0.38662924109903424,0.9846080278546654,-0.3990637166748094,-0.0017200778606829643,0.9999999537241315,1.0110853563584825,1,-1.640800088196548,0.24617050911913196,1.6675257668855727,2.9909663167118863,0.0011895313772650395,1.000000035083117,0.23388744756125,1,-3.2643922260760077,4.248078313771401,5.365460354742246,2.226693735224706,0.014929953568970738,0.9999999352692513,0.006545550673011705,0
15.98,-0.003753619093074458,0.004731690418985335,-1.2438799417563429e-09,-0.22488248815448506,0.3441731316183212,0.4188355354436449,2.160063106548722,0.00046455025518384973,1.0000029716749705,20.382896917035698,1,0.6862128176992914,-0.2416014432266982,0.7187278584459142,-0.3368875011585768,-0.0020281471500790305,1.0000003963965929,2.642643952488351,1,0.9563103910119277,-0.2657960663943414,0.9838865729501417,-0.26930137444191893,-0.0014385386205811952,1.0000002676841409,1.015372506078418,1,-1.6532936515146168,0.15443620141901176,1.6687204503672686,3.0464895821246127,0.001191875733449128,1.0000000347699576,0.23179971702774382,1,-3.3078750713331577,4.2170511792575995,5.367658410696387,2.2366485405739085,0.014872467965253405,0.9999998722678648,0.0065370145243436924,0
16.0,-0.0037536190960772257,0.004731690418250743,-1.2467614735750532e-09,-0.36812081376566885,0.24018540905216082,0.4483709119775029,2.5656848673362247,0.00046368926906085914,1.000002911187426,19.45576065628907,1,0.72035334224906,-0.09701749489637446,0.7184735210460984,-0.12983581605392214,-0.002541957121315592,1.0000003972891958,2.648594638042401,1,0.9818303464503307,-0.14062929455720863,0.983441032911365,-0.13938503150458972,-0.0011502163061728465,1.0000002460891333,1.0193873344186613,1,-1.6601433696834094,0.062164131429459486,1.6693819833711465,3.1019509017338804,0.0011956138017972602,1.0000000344861424,0.22990761577257718,1,-3.3510193484059827,4.18559303435287,5.369839430140118,2.2465952406462795,0.014817527810884117,1.0000001983518017,0.0065285489977681055,0
16.02,-0.003753619097546392,0.004731690417511229,-1.2496594774605296e-09,-0.4462958486179098,0.09302492221036576,0.4645027753781166,2.9312388372238427,0.0004608777124007719,1.0000029060205307,18.435109624572757,1,0.7242701622352685,0.051512400685915075,0.7184474455004619,0.07729681105475678,-0.003027252719667981,1.0000003981072365,2.6540482428870313,1,0.9912036749212221,-0.013197307741617963,0.9832790717239528,-0.009388414507281775,-0.0008754726635434849,0.9999999534766464,1.0230571385442264,1,-1.661332548068828,-0.0303317963114994,1.6695086895493565,-3.1257994560438234,0.0012003666023254064,1.0000000342318638,0.22821242548044146,1,-3.3938210653457075,4.153707615245446,5.372003202423021,2.2565339107757576,0.0147646441002967,0.999999927800016,0.006520154572891054,0
16.04,-0.0037536190977056814,0.004731690416769293,-1.2525675505484224e-09,-0.45331750840607715,-0.06958296543181114,0.46597347979323506,-3.000240752723753,0.00045754896823533284,1.0000028916136108,17.464398781600465,1,0.6977955360370768,0.19768898518251354,0.7186505742995306,0.2843778225528576,-0.003484196590583197,1.0000003988149364,2.6587662427178813,1,0.9842676997911004,0.11438817649386282,0.9834035214908882,0.12061315265737131,-0.0006280646745170208,1.00000024233996,1.0263153934211087,1,-1.6568582934282912,-0.12273757576166273,1.6691002020651897,-3.0703553072484766,0.0012055331372518372,1.0000000340072892,0.22671526086586255,1,-3.436276271829531,4.121398688930052,5.374149516999179,2.266464626687934,0.014712286746255276,0.999999878458097,0.006511831727638401,0
16.060000000000002,-0.0037536190965688394,0.004731690416026004,-1.2554803208338072e-09,-0.38872838023803735,-0.22183320592460062,0.45268625043267874,-2.6393293161395976,0.00045423517646735244,1.000002807386143,16.648713596473243,1,0.6420786225435249,0.3353196054171176,0.719073801456744,0.491277291206875,-0.0039037930069095333,1.000000399381689,2.6625445930364116,1,0.9611442961632136,0.24001250314801736,0.9838122841827225,0.2505441961962589,-0.00041198366359024367,1.000000274091531,1.029104360135696,1,-1.6467314998591827,-0.21473926033421864,1.6681574620746304,-3.0148663806562133,0.0012104408660020664,1.0000000338125683,0.22541712140514913,1,-3.4783810592594753,4.088670052751922,5.376278163730694,2.2763874642424624,0.01465849085330771,1.0000001994776666,0.006503580938841466,0
16.080000000000002,-0.0037536190941177307,0.0047316904152806824,-1.2583920823774908e-09,-0.2572977861183288,-0.3366253046076506,0.42562128711747543,-2.2440439189662076,0.00045097091588929813,1.00000264742876,16.0965556511661,1,0.5595294006666,0.45859692509505356,0.7196985257088565,0.697873912487896,-0.004264669919780206,1.0000003997834337,2.6652228906436677,1,0.9222371119714936,0.36159858206583717,0.9844983254799784,0.38033059364742855,-0.00022492924705226096,0.9999999576086819,1.0313759104921265,1,-1.630976891139778,-0.306023125768999,1.6666827229747208,-2.9592970745296516,0.0012144627316814163,1.0000000336478407,0.2243189380215508,1,-3.520131560857552,4.055525533953275,5.378388933844884,2.286302499290387,0.014601357992387584,0.9999999204468221,0.0064954026811036986,0
16.1,-0.003753619090355706,0.004731690414529256,-1.2612961721066018e-09,-0.07306983064614206,-0.3829134194341088,0.38766973107082303,-1.7818125137567422,0.0004484625764112591,1.000002479647501,15.961411496088996,1,0.45370219601289724,0.562356281790331,0.7204976145249551,0.9040603987119294,-0.004542297024113795,1.0000004000035978,2.6666906516014377,1,0.8682225067464214,0.4771463240035741,0.985449803603744,0.5099010628467502,-6.0909267809571925e-05,1.0000002141928437,1.0330917596538898,1,-1.6096331191724866,-0.3962758426084568,1.6646795603120217,-2.903611750423961,0.001217150634447446,1.000000033513242,0.22342161334931684,1,-3.561523951757691,4.021968989222919,5.380481621335435,2.2962098076653548,0.0145397064395303,0.9999998848425476,0.00648729742460033,0
16.12,-0.0037536190854625625,0.004731690413761246,-1.2641856771480886e-09,0.1300863760989823,-0.32741426536334556,0.34580791955970863,-1.2104919521108524,0.00044899082408791707,1.0000024245924157,16.47472231724821,1,0.3291265881448496,0.6422982486352639,0.7214367132167018,1.1097480598867084,-0.00471627395370647,1.0000004000337122,2.666891414260105,1,0.8000345528918662,0.5847698968655228,0.9866503273901747,0.6391885631276403,8.856995732238683e-05,1.0000002984543135,1.0342239201137275,1,-1.5827529180040971,-0.4851846660362303,1.662152887886731,-2.8477747217521134,0.0012183841250621955,1.0000000334089083,0.22272605500193285,1,-3.6025544490945163,3.9880043042490456,5.382556024580192,2.306109465429368,0.014474146478122035,1.000000200289119,0.00647926563215833,0
16.14,-0.003753619080818374,0.004731690412954312,-1.2670587920884935e-09,0.28401514207036527,-0.1540323012962311,0.3140792728151326,-0.49882576781593607,0.00045541375040711584,1.0000025883466952,17.831448641906917,1,0.19109650308689055,0.695165871063979,0.722475838724666,1.3148703797096526,-0.004777128788115895,1.0000003998736564,2.6658243761261318,1,0.7188446555674883,0.6827318127354953,0.9880793181070423,0.7681315576604187,0.0002324109238827423,0.9999999658562044,1.0347552236008184,1,-1.5504033125068168,-0.5724376509160686,1.6591089805184742,-2.7917502442495334,0.0012181505580068927,1.0000000333349803,0.2222332026887467,1,-3.643219312089319,3.9536353932759627,5.384611946312235,2.316001549589867,0.014407531208225945,0.9999999132213162,0.0064713077559784785,0
16.16,-0.0037536190802434184,0.004731690412076561,-1.2699369108387648e-09,0.3041615599600901,0.0883440473318883,0.3099126543381451,0.3017032998101029,0.00046690933580939646,1.000002935649967,19.64230327373637,1,0.04543016529319116,0.7188695896996935,0.723571175486524,1.5193854476681103,-0.004745202668288955,1.0000003995314983,2.6635433223716394,1,0.6260365300895618,0.7694730203003597,0.9897124541527629,0.8966751018308623,0.00037226664061679827,1.0000001838080759,1.034679645476066,1,-1.5126658803007893,-0.6577239000747251,1.6555554993933408,-2.735502507388591,0.0012151220993348553,1.0000000332916075,0.22194404964617861,1,-3.6835148421331474,3.9188661986650475,5.386649186673339,2.325886138717671,0.01433919878838232,0.999999891411097,0.006463424235259908,0
16.18,-0.003753619085540447,0.004731690411121604,-1.272872912107259e-09,0.1767981488674048,0.28714646310827874,0.3361474959429096,1.0456906481103172,0.00047791902213306344,1.000003262842268,20.843115184812493,1,-0.1017857645280069,0.7125565675916612,0.7246769840158878,1.7232771921604197,-0.00467618850740159,1.0000003990229465,2.660152975792267,1,0.5231774089308696,0.8436383703758938,0.9915221892685282,1.0247717392369964,0.0005011078710495084,1.000000318484559,1.034002312828981,1,-1.4696370649547388,-0.7407338541524318,1.651501510908695,-2.678995632529858,0.0012065841531880123,1.0000000332789487,0.2218596584827758,1,-3.7234373828663263,3.8837006904593396,5.388667534308204,2.335763311078008,0.0142584189053604,1.0000002007848696,0.00645561549566544,0
16.2,-0.003753619092768702,0.004731690410129795,-1.275906124243581e-09,-0.02189473630567336,0.37220093853065733,0.3770920645103848,1.6510195665729834,0.00048553588843295345,1.0000034188279545,20.997102437858075,1,-0.24445499141460297,0.6766245881961642,0.7257475307191927,1.9265554620601542,-0.004616203367774116,1.0000003983704722,2.6558031481544253,1,0.4119864282050139,0.9040970330843591,0.9934783236752035,1.1523822080670376,0.000619844207856462,0.999999977960102,1.032739169310716,1,-1.421428537856356,-0.8211596316582964,1.6469575132024077,-2.6221936877193786,0.001191776745915205,1.0000000332971757,0.22198117138016454,1,-3.7629833202549237,3.848142865951661,5.390666777106624,2.3456331421297762,0.014157497303513424,0.9999999061349428,0.006447881946988316,0
16.220000000000002,-0.0037536190985605713,0.0047316904091487,-1.2790352327610166e-09,-0.21510053895093756,0.3483271495743973,0.41691651482544495,2.1364760732666914,0.0004891017418508313,1.0000033745651908,20.42615615932871,1,-0.3767217644421983,0.6126835644956291,0.7267389412148981,2.129255054407046,-0.004585073022431334,1.0000003976021696,2.6506811312356873,1,0.29430116563081116,0.9499576550349873,0.9955485932251532,1.2794759415315007,0.0007353754922363274,1.0000001519157964,1.030916404568086,1,-1.3681676054378669,-0.8986954282516423,1.641935484293034,-2.5650607080716368,0.0011715926128077132,1.000000033346472,0.22230981371119599,1,-3.802149082665153,3.812196749257369,5.392646716095451,2.355495705887241,0.014037517283077715,0.9999998981533341,0.006440223978237855,0
16.240000000000002,-0.003753619102155248,0.004731690408207269,-1.2822393667677456e-09,-0.3615041195062335,0.24753404330784554,0.44710407236339944,2.5451405311050963,0.00048640895865972086,1.000003162880317,19.509638531004356,1,-0.49320271913182917,0.5234698277155723,0.7276109164940404,2.3314338015430343,-0.004586957410448081,1.000000396750406,2.6450027071782793,1,0.17204327021536087,0.9805782439292046,0.9976992673820883,1.4060313541493916,0.0008521692059016001,1.0000003337074281,1.0285696564241489,1,-1.3099976576734176,-0.9730379846623759,1.63644893116093,-2.5075607176011694,0.0011468281101681078,1.0000000334270336,0.22284689035486124,1,-3.8409311409344764,3.775866390892499,5.394607163992545,2.36535107675279,0.013901378885737654,1.0000002009641291,0.006432641956949298,0
16.26,-0.0037536191038659993,0.004731690407318674,-1.285495671281972e-09,-0.44340405693078466,0.10196627250511699,0.4640036798301932,2.912129041134863,0.00048115833043627977,1.0000028632927858,18.48981131451577,1,-0.5891927333528664,0.41271970782471346,0.7283282661620353,2.533169856346456,-0.004623169627556303,1.0000003958504204,2.6390028022394216,1,0.04718405570232734,0.9955709490299666,0.9998957510536945,1.532035935359651,0.0009711246407906882,0.9999999936769722,1.0257429717203175,1,-1.247078652769988,-1.0438871330084172,1.6305129350328322,-2.449657761955789,0.0011180024876422095,1.0000000335390662,0.22359377459381455,1,-3.8793260084376913,3.7391558673563816,5.396547940883638,2.375199329880753,0.01375125753139475,0.9999998991989255,0.006425136234385732,0
16.28,-0.0037536191041462412,0.004731690406487517,-1.2887842225708934e-09,-0.45431319783931146,-0.060463919135867523,0.46627541099935654,-3.0192008821594185,0.000477566665316016,1.0000025831508421,17.51358019519711,1,-0.6608391579987101,0.2850095520167712,0.7288622001943394,2.734558341577846,-0.004689231014423077,1.0000003949389449,2.6329262996121408,1,-0.07828917072863359,0.9948020481694625,1.0021031747504363,1.6574861689837943,0.0010904314921080713,1.0000001193907506,1.0224876442487494,1,-1.1795876317584708,-1.1109464316018172,1.6241441983304998,-2.3913159552081957,0.001085564863369434,1.0000000336827835,0.22455188919089233,1,-3.9173302411473676,3.7020692807168483,5.398468872430067,2.3850405410723696,0.013588834169404889,0.9999999050585723,0.006417707152828779,0
16.3,-0.0037536191032461566,0.004731690405714558,-1.2920879153936748e-09,-0.39351769882983917,-0.21392956961101253,0.4537693034570285,-2.6593887566063934,0.00047550020708888387,1.0000024161617014,16.68697684362297,1,-0.7052805577682334,0.14556944781599085,0.7291913584093038,2.935707533087379,-0.004771663195760602,1.0000003940527773,2.627018515602085,1,-0.20240539763933993,0.9783875592388617,1.004286959017693,1.782387297836394,0.0012064280536522658,1.000000343868012,1.0188609783648457,1,-1.1077192553026927,-1.173923898634187,1.6173610942533143,-2.332499541395584,0.0010500239011436918,1.0000000338584019,0.22572267887097683,1,-3.9549404376891433,3.6646107581967082,5.400369789514206,2.394874786688685,0.013415720296584317,1.0000002008266091,0.006410355051310813,0
16.32,-0.0037536191011484964,0.004731690404998632,-1.2953903739607031e-09,-0.2654480990481486,-0.33148033676195565,0.42739554022011356,-2.26670048236216,0.000473071143787022,1.000002403441474,16.11730647382417,1,-0.7207474945976293,7.769589240150384e-05,0.7293025707402628,3.136734698137159,-0.004856647833597927,1.0000003932274055,2.621516037306703,1,-0.32324030219181227,0.9466849661600729,1.0064133439940617,1.9067529559367058,0.0013147340216821508,1.0000000127674582,1.0149250163940329,1,-1.0316863534594716,-1.2325328553289632,1.610183718046377,-2.2731729722076577,0.0010120384792708299,1.000000034066136,0.2271075734565088,1,-3.992153239393361,3.6267844517615635,5.4022505284607485,2.4047021436392617,0.013233776965788474,0.9999998924242501,0.00640308026801674,0
16.34,-0.0037536190975497423,0.004731690404335515,-1.2986731590287903e-09,-0.08344919758672713,-0.38231231595185816,0.3899011068255459,-1.809081871329263,0.0004694754235093729,1.0000025251631801,15.954527878623006,1,-0.7066239135933599,-0.14555730660983676,0.7291913304036897,-2.945423608601909,-0.004936589891470212,1.0000003924957444,2.6166382957772503,1,-0.4389443649139864,0.9002815855389342,1.0084498779852589,2.030604691849344,0.0014117145580525793,1.0000000872059753,1.0107452708553686,1,-0.9517204772871182,-1.2864928891524652,1.602633938824431,-2.213301002781208,0.0009725406659530833,1.0000000343061912,0.22870794166309608,1,-4.028965330344276,3.5885945377095774,5.404110931649436,2.4145226894629035,0.013045560193202849,0.9999999121158669,0.00639588313933161,0
16.36,-0.0037536190922288423,0.004731690403712647,-1.3019147595931535e-09,0.12007105855563878,-0.33301962277830366,0.3479614285621819,-1.2447434519332234,0.0004671405337597263,1.0000027304250079,16.426202471552337,1,-0.6634684047251025,-0.28542146652253875,0.7288619672025081,-2.7442748374133763,-0.0050103372133843,1.0000003918869864,2.6125799097575846,1,-0.5477684491089092,0.8399801053433623,1.0103658612037678,2.153971406370454,0.0014963369475809363,1.0000003489070577,1.0063894966617422,1,-0.8680724390199268,-1.3355309474678916,1.5947354510529117,-2.152848807719158,0.0009328702698537838,1.0000000345787552,0.2305250352964949,1,-4.065373437427306,3.5500452162639133,5.405950848429117,2.42433650261351,0.012855173119723104,1.000000200372524,0.006388763996653186,0
16.380000000000003,-0.003753619086651146,0.004731690403099483,-1.3050978891343545e-09,0.27893976522174907,-0.16553415890267226,0.31521189801440225,-0.540440790463882,0.0004712588356483093,1.0000029719640577,17.739043791439308,1,-0.5929951088924041,-0.4138195825303427,0.7283275154292388,-2.542886822426669,-0.005081518507929124,1.0000003914255808,2.609503871649653,1,-0.6480866982722526,0.7667818067645814,1.0121327419278898,2.2768887264144935,0.0015713789159304923,1.0000000349673797,1.0019265307156497,1,-0.781012825101005,-1.3793825717369266,1.586513825622385,-2.0917821187314196,0.0008944345497018478,1.0000000348839881,0.23255992022594188,1,-4.101374330374784,3.5111407111690163,5.407770134819988,2.4341436632043556,0.012668731113171983,0.9999998858216467,0.00638172316270168,0
16.400000000000002,-0.0037536190854444403,0.00473169040245009,-1.308234695053534e-09,0.30766538899469464,0.07581786580075393,0.3092752540256719,0.25874369463025126,0.0004821494204101397,1.0000031725838439,19.55147271788968,1,-0.49801445308215725,-0.5254940261959454,0.7276092742948289,-2.3411509892096443,-0.005167040168814869,1.0000003911303503,2.607535668781728,1,-0.7384166975982811,0.681867940756676,1.0137244611659766,2.39939833192051,0.0016371496921822903,1.0000000563714815,0.9974252190741386,1,-0.6908324639563944,-1.4177932818561332,1.5779965587168494,-2.0300673828083835,0.0008566887392711661,1.0000000352220086,0.23481339023873038,1,-4.1369648218097135,3.4718852692913034,5.409568646573929,2.44394425385106,0.012489368583652193,0.9999999193140322,0.00637476094968688,0
16.42,-0.003753619090485808,0.004731690401747629,-1.3113761261791812e-09,0.186725312155833,0.27955469401655936,0.33418567731910925,1.0090586791339327,0.0004912362013224296,1.000003215186084,20.806459062173865,1,-0.3823343862237247,-0.6158312134344405,0.7267360584762083,-2.1389718831373985,-0.005297152576898597,1.000000391013768,2.6067584535258477,1,-0.817436918463919,0.5865796779785691,1.01511774852667,2.5215472420577396,0.001684318360226341,1.0000003489240468,0.9929534448755848,1,-0.5978428278145128,-1.4505201190114239,1.5692131058988594,-1.9676719424428157,0.0008165492409445886,1.0000000355928795,0.237285863814641,1,-4.172141767286213,3.432283160223637,5.411346227820473,2.4537383581918033,0.012310243880791345,1.0000001996025893,0.006367877661136601,0
16.44,-0.003753619097177585,0.004731690401025914,-1.314557406071476e-09,-0.010400342035322358,0.371079532511155,0.37480751681484326,1.6219172793762304,0.000495224774463472,1.0000031106597602,21.011600841492303,1,-0.2506234851942711,-0.6810492048996709,0.7257431532462121,-1.9362710614036054,-0.0054787554560583014,1.000000391081411,2.6072094070734253,1,-0.8840015175978074,0.4823969908529307,1.0162923864310778,2.6433870771127084,0.001709289050156107,1.0000000599561603,0.988577259984556,1,-0.5023763449388102,-1.4773333534548545,1.5601948992620622,-1.9045642525376916,0.0007731093007707357,1.0000000359965902,0.2399772671417348,1,-4.2069020653266245,3.3923386758926948,5.413102718053453,2.4635260580414453,0.012125813260176551,0.9999998794015725,0.006361073593823747,0
16.46,-0.003753619102281152,0.004731690400321744,-1.3177724549583159e-09,-0.20524625995823942,0.3523160527602744,0.41497036447847524,2.112706513241229,0.0004964345715809559,1.0000029830188881,20.468805845791163,1,-0.1082383196635526,-0.7183593842892829,0.7246710064799207,-1.7329905001943258,-0.005693205100369571,1.000000391331619,2.608877460691177,1,-0.9371525962379128,0.3709167641650176,1.0172314361391113,2.7649733225029225,0.0017195987464791987,1.000000027872682,0.9843601159726636,1,-0.4047865954549499,-1.4980183608195525,1.5509753688480818,-1.8407141338897128,0.0007279359744759177,1.0000000364330366,0.24288691011855468,1,-4.241242657456558,3.3520561301693115,5.414837966523052,2.47330743419293,0.011938394864428404,0.9999999266416598,0.006354349036164779,0
16.48,-0.003753619105424914,0.004731690399651289,-1.3210010463976518e-09,-0.35476424045749294,0.25480566164830254,0.4457997576691152,2.524509476236679,0.0004959450960808046,1.0000029169755162,19.563516130633037,1,0.03898113654451692,-0.7260949119430572,0.7235636789775849,-1.5290953445495377,-0.0059173840234567005,1.0000003917553846,2.611702563508449,1,-0.9761300403788984,0.25383037017279025,1.017921413575911,2.886364589625585,0.0017242240657034985,1.0000003441403065,0.980362189693245,1,-0.3054483604669685,-1.5123776671089542,1.54158995656003,-1.7760930515678321,0.0006826643356467339,1.0000000369020041,0.24601336012124098,1,-4.275160528237931,3.3114398584825144,5.41655183180894,2.4830825682411977,0.011751773706713564,1.0000001985180211,0.006347704267461666,0
16.5,-0.0037536191069774674,0.00473169039901756,-1.3242253079671917e-09,-0.4403676023967875,0.11090680052785182,0.4634621624609383,2.893005886895637,0.0004942929215265329,1.0000029093139713,18.544871447641253,1,0.18494249651560918,-0.7037987350000865,0.7224670917821598,-1.324575847292584,-0.006130505069657345,1.000000392336506,2.6155767065559448,1,-1.0003790637761312,0.13290088891231633,1.0183524250614935,3.0076218689048537,0.001730271822989905,1.000000087333137,0.9766397913459173,1,-0.20475749054798742,-1.5202331587760798,1.5320761057207959,-1.7106744223734265,0.0006385428883368127,1.000000037403146,0.24935430555977875,1,-4.30865270529923,3.2704942174372666,5.418244177009402,2.4928515429907576,0.011568498972523104,0.999999873174196,0.0063411395602349365,0
16.52,-0.0037536191071772264,0.0047316903984179854,-1.3274314199923642e-09,-0.4551577266554566,-0.05127422353429065,0.46653305097724496,-3.0381076307318224,0.0004925015528337854,1.0000028981593976,17.56338739051361,1,0.32355077757611644,-0.6522645553140491,0.7214271325319478,-1.1194483452331545,-0.006315782215997924,1.0000003930520336,2.6203468907914913,1,-1.0095555632440396,0.0099401071863605,1.0185182687306333,3.1288077799320417,0.0017426791864651081,1.00000000261772,0.9732448433051426,1,-0.10313055685309139,-1.521428450328476,1.5224732256536901,-1.644433954566334,0.0005965032292202025,1.000000037935959,0.25290639433789525,1,-4.341716259362523,3.2292235844348722,5.419914867205813,2.5026144422758194,0.011390022038456259,0.9999999340871359,0.006334655183410751,0
16.54,-0.0037536191060620707,0.004731690397847239,-1.3306080395500408e-09,-0.3981629695592524,-0.20587866037638847,0.4548094375772612,-2.6793201017941395,0.0004913858991236438,1.0000028203992282,16.726154567539258,1,0.4489673771621335,-0.5735254780421115,0.7204876961667867,-0.9137551389196968,-0.0064620417716789395,1.0000003938730246,2.625820164209175,1,-1.0035293728580117,-0.11321460734412324,1.018416501150744,-3.033199487364809,0.0017639008101491586,1.000000334868477,0.9702244462061105,1,-0.0010042464424743552,-1.5158313965394703,1.5128226313875925,-1.5773500186397305,0.0005571900780634866,1.0000000384997567,0.2566650453634332,1,-4.374348304267413,3.1876323572953718,5.4215637685590385,2.5123713507387992,0.011217107231704668,1.0000001971205343,0.006328251404294826,0
16.560000000000002,-0.003753619103627456,0.0047316903972972986,-1.3337450510339521e-09,-0.2734861023494705,-0.32609717840432395,0.42913392024895386,-2.289131188743477,0.0004903929940493943,1.0000026641383617,16.139396175318396,1,0.5558666585997016,-0.47078717481262167,0.7196887478474158,-0.7075631855863286,-0.006564721416419854,1.0000003947656122,2.631770747806741,1,-0.9823854731999452,-0.2347234874554886,1.0180484668588206,-2.9119656977375916,0.001794267922613233,1.0000001166055918,0.9676205240212604,1,0.10116553770894578,-1.5033367290347308,1.5031674561172124,-1.5094040471104946,0.0005210431028580697,1.0000000390936366,0.2606242441593716,1,-4.406545996992859,3.1457249538821643,5.423190748193992,2.5221223536574366,0.01105016363526245,0.9999998671493806,0.006321928488824467,0
16.580000000000002,-0.0037536190998687788,0.004731690396756292,-1.3368331103560949e-09,-0.09380304616975664,-0.3813681756184973,0.3921155448799164,-1.8359943057468868,0.000488442660738235,1.0000024910713003,15.949661738114692,1,0.6396772545418073,-0.3483052652894846,0.7190645056892434,-0.5009615791835865,-0.006625089838557183,1.0000003956923682,2.637949121776908,1,-0.9464231789528096,-0.3527675487138847,1.017419290492281,-2.7906131687219062,0.0018326085877208233,0.9999999813962981,0.9654694829540206,1,0.2029049122215826,-1.483868788481908,1.4935525327093253,-1.4405809604512858,0.0004884783376061952,1.00000003971645,0.26477633241020315,1,-4.438306537677366,3.1035058117291614,5.4247956746880766,2.531867536843339,0.010889701774336541,0.9999999416386601,0.006315686700609506,0
16.6,-0.003753619094924739,0.004731690396206156,-1.3398642087318613e-09,0.10988768242831079,-0.33820982919225,0.35013921341138143,-1.2785170486362782,0.0004861629809786395,1.0000024188660481,16.38043923919321,1,0.696794712322064,-0.21121007619210447,0.7186418440522787,-0.29405787216332413,-0.006647121584995523,1.000000396613915,2.6440927667398286,1,-0.896153293377437,-0.4655717193496628,1.0165378331242305,-2.669080298934225,0.0018772683018330944,1.000000321488794,0.96380188174808,1,0.30372362403544295,-1.4573843144973753,1.4840242404844206,-1.3708696148960615,0.0004601878382949291,1.0000000403667695,0.2691117959948666,1,-4.469627169637517,3.06097938767065,5.4263784191688895,2.5416069867229067,0.010737179010711598,1.0000001954123394,0.0063095262994535065,0
16.62,-0.003753619089969962,0.0047316903956176985,-1.3428360658672422e-09,0.2734152558359849,-0.17673729608126815,0.316427773064569,-0.5816934222053471,0.00048696967753262193,1.0000025596545823,17.648509801312198,1,0.7247527342034916,-0.06528566091331335,0.7184390128490971,-0.08697338351738969,-0.0066345285019163095,1.0000003974907112,2.649938074758406,1,-0.8322931822627752,-0.5714278528662704,1.0154166130741884,-2.547307634640999,0.0019264942562750265,1.000000147187331,0.9626421349757327,1,0.40311707356496446,-1.423875245685283,1.4746303150006215,-1.3002632660550466,0.0004372446627942667,1.0000000410428587,0.273619057076016,1,-4.500505179385197,3.01815015747442,5.427938855834211,2.5513407908846593,0.010595632280917377,0.9999998613366684,0.006303447539926405,0
16.64,-0.0037536190886213617,0.004731690394951006,-1.345768837514305e-09,0.3106434073240854,0.063229050610191,0.30873711513708824,0.21566001005337532,0.0004930938687618908,1.0000028979386841,19.45883179337753,1,0.7223421219289234,0.08328646991339485,0.718464757053706,0.12016227687571907,-0.006599028069472339,1.0000003982849086,2.6552327240726155,1,-0.7557596880506692,-0.6687175360776783,1.0140716878586984,-2.4252386277721816,0.001972389565994,0.9999999648486969,0.9620082415617802,1,0.5005687828403594,-1.3833714717478345,1.4654196203989418,-1.2287600377860832,0.000419441551275528,1.0000000417426418,0.278284278539896,1,-4.530937896643226,2.9750226154782955,5.429476856485893,2.5610690389388857,0.010465596350057834,0.9999999492842643,0.006297450671077222,0
16.66,-0.0037536190932913526,0.004731690394187629,-1.3487173222866133e-09,0.19636617618328317,0.27166926590025114,0.33227306221112085,0.9720203534745875,0.0004980970992066505,1.0000032381399004,20.76643329861624,1,0.6896695534366156,0.22820551076556483,0.718717906472542,0.32721717131137695,-0.006571338775461832,1.0000003989621424,2.6597476156282034,1,-0.6676597801048029,-0.7559345707778576,1.0125224866651887,-2.302820392342664,0.0019982522183155456,1.0000003044297452,0.9619115305737257,1,0.5955533344685534,-1.3359434693407946,1.456441875687111,-1.1563633795796426,0.0004034306962051972,1.0000000424636772,0.28309118099826885,1,-4.560922694358407,2.931601274229563,5.430992278667461,2.570791821341129,0.010338272172154796,1.0000001933961395,0.0062915359387922636,0
16.68,-0.0037536191004286764,0.004731690393358245,-1.3517299636382762e-09,0.0010423206847182788,0.36967977443184397,0.37252261354746796,1.592467156620366,0.0004991505266976912,1.00000341429857,21.023764252963343,1,0.6281522162778735,0.3633361088979734,0.7191874490082826,0.5340631283946495,-0.00656563289680568,1.0000003994932298,2.663288199213937,1,-0.5692788216566578,-0.8317069620929323,1.0107915957838853,-2.180004470033789,0.001995815609087649,1.0000001784042032,0.9623564258174971,1,0.6875397973575595,-1.2817047441065357,1.447747319520356,-1.0830825073686752,0.00038681701461383403,1.0000000432031322,0.2880208804911264,1,-4.590456988712077,2.887890664126515,5.432484970208831,2.58050922625005,0.01020526670675836,0.999999855745266,0.00628570358803858,0
16.7,-0.0037536191063548244,0.004731690392506981,-1.354815292071987e-09,-0.19532204823989355,0.3561198534181013,0.4129975830192986,2.0887160728118728,0.0004981999618629946,1.0000033882866755,20.51026284524187,1,0.5404486815504144,0.48298382733537315,0.7198530598320295,0.740581609402226,-0.006567951442021888,1.00000039985557,2.6657038000628424,1,-0.46206633048485013,-0.8948181928435893,1.0089045125303988,-2.056747589558753,0.0019671739364995064,0.9999999534417171,0.9633402314468199,1,0.7759956420287565,-1.2208139921982977,1.4393863308333608,-1.0089328243943587,0.00036991715374402786,1.0000000439577648,0.29305176438439495,1,-4.619538239129485,2.8438953330618566,5.433954785203713,2.59022133971777,0.010065771169872954,0.9999999570118311,0.006279953860623218,0
16.720000000000002,-0.0037536191101001154,0.004731690391661703,-1.3579601314955836e-09,-0.34790200677089267,0.26198340027395733,0.4444571563845765,2.503759442708735,0.0004956698305335782,1.0000031890698786,19.61692657281353,1,0.4303307442978802,0.5821462864966319,0.7206860836076143,0.9466690090694716,-0.006558681738630031,1.0000004000341496,2.666894330495393,1,-0.34761912199146255,-0.9442275034059792,1.0068893542881097,-1.9330123963181698,0.0019152764588222597,1.0000002841496045,0.9648529439319591,1,0.8603911328601812,-1.1534768873418588,1.4314090173011127,-0.9339362931919764,0.00035341998398324975,1.0000000447239124,0.29815941562033216,1,-4.648163948288837,2.7996198460690067,5.4354015863308875,2.59992824748983,0.009920920043163086,1.000000191075126,0.00627428699198454,0
16.740000000000002,-0.0037536191119340446,0.004731690390835187,-1.3611484491610204e-09,-0.43718800585079454,0.11983188198837487,0.462877516735345,2.8738408545118896,0.0004919221990393434,1.0000028930200962,18.59991141486152,1,0.3025047014781132,0.6567270591049182,0.7216509026127403,1.1522411027156063,-0.006520762830634396,1.0000004000221607,2.6668144043833713,1,-0.2276617523052483,-0.9790888337356402,1.0047765133092628,-1.8087681486141678,0.0018424825561079879,1.0000002095030383,0.9668771043152998,1,0.940204166374081,-1.0799473955553085,1.423864761620119,-0.8581217368891916,0.0003376147382571921,1.0000000454974893,0.30331659546341594,1,-4.676331662129712,2.7550687849719164,5.436825241265421,2.609630035556162,0.009771143428936487,0.9999998503840289,0.006268703210407631,0
16.76,-0.0037536191123151118,0.004731690390032462,-1.3643670169344313e-09,-0.4558538511164842,-0.04202754629372485,0.46674601923955966,-3.0569887669589155,0.0004877877695568735,1.000002606779006,17.613500095018036,1,0.1623933433160212,0.7037024868225944,0.7227065947140546,1.3572364351350932,-0.006442843501678178,1.0000003998211777,2.66547451784669,1,-0.10402422700050969,-0.9987680224289832,1.0025982609192947,-1.6839913694659059,0.0017514430894884818,0.9999999474496829,0.9693877086121214,1,1.0149255040418124,-1.0005285193321019,1.4168017274723974,-0.7815250555925188,0.00032253881686019893,1.0000000462739944,0.30849329669636066,1,-4.7040389698601475,2.7102467480378336,5.438225620876718,2.6193267900598194,0.009616325299940323,0.9999999648091139,0.0062632027375058175,0
16.78,-0.0037536191115172188,0.00473169038925579,-1.3676052378237824e-09,-0.4026676669875351,-0.1976947450097089,0.4558061534345168,-2.6991522486370947,0.0004835313784329758,1.0000024270503036,16.765964469517247,1,0.015891561656463365,0.72123520496997,0.72380878166745,1.5616185320088676,-0.006322368250431144,1.000000399440906,2.6629393724208383,1,0.02138299064777277,-1.0028578019464067,1.0003883037357302,-1.5586664351141961,0.001645506280888679,1.0000002611178482,0.9723521963723921,1,1.0840643259460592,-0.9155723772240645,1.4102663339710582,-0.7041893410131472,0.0003081507490577673,1.0000000470485317,0.3136568784202883,1,-4.731283503962383,2.665158349632433,5.439602599035622,2.6290185971515703,0.009456246073091343,1.000000188452973,0.006257785788025221,0
16.8,-0.0037536191095560298,0.0047316903885066975,-1.3708528474702664e-09,-0.2814141520831138,-0.320492296857429,0.4308351667223668,-2.3113666481614197,0.00047839310623140364,1.0000024002297265,16.16256760741819,1,-0.13089110942526344,0.7087318480332165,0.7249115666715173,1.7653769030826982,-0.0061670796958413505,1.0000003988985464,2.659323643189136,1,0.1465965491968564,-0.9911900853866246,0.9981812942250742,-1.4327860789705935,0.0015289904446758454,1.000000239663237,0.9757305396604661,1,1.1471540090894776,-0.8254795341560033,1.4043027085164796,-0.6261648722960098,0.0002944425872205548,1.0000000478158437,0.3187722915693785,1,-4.758062940198221,2.6198082198774824,5.440956053174733,2.638705542907573,0.009290920814769522,0.9999998452614488,0.006252452568065806,0
16.82,-0.0037536191061462018,0.004731690387784989,-1.37409705835978e-09,-0.10412869027681632,-0.3800999453300702,0.3943103465061459,-1.862580647432004,0.00047190476939655264,1.0000025107477786,15.946577830173808,1,-0.2718883604878685,0.6668457584577876,0.7259694655837645,1.9685268842719414,-0.0059929265456436205,1.0000003982178458,2.654785638071489,1,0.2696301263388359,-0.9638450144984979,0.9960122995632972,-1.3063517884747515,0.0014072476799684055,0.9999999469413043,0.9794754552252931,1,1.203758012502254,-0.7306975129206886,1.3989521292538278,-0.5475089782913429,0.0002815554965350476,1.0000000485703602,0.3238024013178437,1,-4.784374997614542,2.574201004311355,5.442285865367815,2.648387713331484,0.009121009116188735,0.9999999726637553,0.006247203272008999,0
16.84,-0.00375361910100772,0.004731690387083882,-1.37732093568807e-09,0.09954891704001959,-0.3430011474558639,0.35233678803404483,-1.3118354100940885,0.0004669162033255764,1.0000027083334118,16.33726280793783,1,-0.4013241723318544,0.5974282465122279,0.7269392481844437,2.171108425625368,-0.005817491647353544,1.0000003974279061,2.649519374736149,1,0.38850634153143276,-0.921156237215514,0.9939162351997284,-1.1793740718270418,0.0012869993547408433,1.0000002357982067,0.983532756598182,1,1.2534757321422618,-0.6317184382109367,1.3942524698492114,-0.468285755317592,0.00026995823385782784,1.0000000493062613,0.3287084086070826,1,-4.810217438548902,2.528341363552887,5.443591923976612,2.658065194536662,0.00894853532853611,1.0000001855338323,0.006242038079189617,0
16.86,-0.0037536190953119638,0.004731690386380146,-1.380509097228394e-09,0.2674587069123784,-0.1876428068694874,0.31772275576105363,-0.6225789287562893,0.0004696689943265105,1.0000029459045239,17.559890334722695,1,-0.5139397939925613,0.5034339067923913,0.7277816213415397,2.3731839707707816,-0.00565211034717106,1.0000003965618427,2.6437456180970247,1,0.5012901793048117,-0.863711912343954,0.9919272735838612,-1.05187257287733,0.0011765565083394559,1.0000002680131563,0.9878418614459968,1,1.2959481736079026,-0.5290757908566605,1.3902376613687226,-0.388565634818985,0.0002605095934557895,1.0000000500175552,0.3334503674418559,1,-4.835588068635376,2.4822339729692957,5.444874124975781,2.667738073398287,0.008777456626054739,0.9999998403856387,0.006236957151660569,0
16.880000000000003,-0.003753619093446187,0.00473169038563362,-1.38367127868258e-09,0.31309655517661256,0.05058501903983159,0.3082989243671901,0.17247040749762874,0.0004801423619961623,1.0000031544446673,19.364516474139652,1,-0.6051934228645383,0.38878668279328016,0.7284627008774175,2.574835589010609,-0.005506063366659979,1.0000003956553578,2.637702385593824,1,0.6061233030625524,-0.7923510018582445,0.9900782417491107,-0.9238760138488935,0.0010807363915389227,0.9999999517763488,0.992336523713866,1,1.330863281587938,-0.42334028084058667,1.386937190731696,-0.30842480063082767,0.0002533764146340648,1.0000000506981683,0.33798778813242036,1,-4.860484736809576,2.435883522348458,5.446132367749259,2.677406438695295,0.008610146267639748,0.9999999805633073,0.006231960634895997,0
16.900000000000002,-0.003753619098020891,0.004731690384827558,-1.3868570263551872e-09,0.20571382705287553,0.26348578546917373,0.33041256103706623,0.9345713217770267,0.000489221629385605,1.0000032158952536,20.722974327635747,1,-0.6714273466245096,0.25821388929361194,0.7289552364162866,2.7761615115986693,-0.005398021556177915,1.0000003947453033,2.6316353559295833,1,0.7012585133647047,-0.7081545090461838,0.988400015971729,-0.7954219392162041,0.0009915568261821158,1.0000002086385393,0.9969457653632007,1,1.357960762685044,-0.3151148817860759,1.3843756549906168,-0.22794445513359463,0.0002465888924414289,1.000000051342048,0.34228032007833503,1,-4.884905335311038,2.3892947155750264,5.447366542551807,2.6870703805401455,0.00844076250496823,1.0000001823223257,0.006227048663605761,0
16.92,-0.0037536191048028068,0.0047316903839977435,-1.3901056356360741e-09,0.012431846803020057,0.3679917889741945,0.3702390721904765,1.5626547294534099,0.0004931866352001524,1.0000031228003485,21.033471118054678,1,-0.709998995099229,0.11705542535012979,0.729239578853866,2.9772722187104046,-0.005331560096842488,1.0000003938682775,2.6257885172631106,1,0.7850934991210895,-0.6124314620923434,0.9869209170452002,-0.6665562503663531,0.0009017974408991625,1.0000002936566093,1.0015949413215346,1,1.3770362438077126,-0.20502910414710537,1.3825723689309422,-0.14720994202323587,0.00023862163874648247,1.0000000519432743,0.34628849541889195,1,-4.9088477996817845,2.3424722703089853,5.448576531519896,2.6967299873140833,0.008263447800489508,0.9999998357643213,0.006222221370337271,0
16.94,-0.003753619110165959,0.004731690383188062,-1.3934130563796054e-09,-0.1853254656379563,0.35973052085663587,0.41099881460701354,2.0644911702722735,0.0004949190832603732,1.0000029945947526,20.550427128433927,1,-0.7193736735772965,-0.02894486273248419,0.7293043758274074,-3.1048990791044946,-0.00528689465488591,1.0000003930592936,2.6203952900151783,1,0.8562029485701863,-0.5066996140404539,0.9856661328883054,-0.5373325466154023,0.0008140283512972266,0.9999999616186314,1.0062070120044797,1,1.3879446241635929,-0.09373261824018175,1.3815410356123325,-0.06630976018536783,0.00022987827245742222,1.0000000524961743,0.34997449490033017,1,-4.9323101087616585,2.2954209176650475,5.449762224419953,2.7063853454356224,0.008079515060558139,0.9999999884952505,0.006217478890379111,0
16.96,-0.003753619113546566,0.004731690382421711,-1.3967570021596043e-09,-0.3409147258699941,0.26906214107265064,0.4430765256169196,2.482879311482434,0.0004955144440103822,1.0000029231102598,19.669790379077316,1,-0.6991777058084427,-0.17385908896800403,0.7291469727917447,-2.9038596150891993,-0.005244885112795401,1.0000003923505445,2.615670297203048,1,0.913368048281598,-0.39266102369971717,0.9846571983708539,-0.4078112657596971,0.0007322425824794165,1.0000001800745375,1.0107039921555738,1,1.390602501938547,0.01811163041094365,1.3812895131328653,0.014665506468183041,0.00022112705221595297,1.0000000529954378,0.3533029191859039,1,-4.955290284681928,2.248145401892902,5.450923522320532,2.7160365412264675,0.007892246815437053,1.0000001788235389,0.006212821363313967,0
16.98,-0.003753619115293258,0.00473169038170694,-1.4001156952575533e-09,-0.4338644451533965,0.1287382445603299,0.462250270688425,2.8546246096141696,0.00049466559928495,1.0000029125736654,18.654864415005466,1,-0.6502113706328368,-0.3118002552700793,0.7287735165387597,-2.702673412886833,-0.005198211574097892,1.000000391770286,2.611801907211547,1,0.9556024096730917,-0.27217289467401584,0.9839115404596609,-0.2780586277794226,0.0006583565116101759,1.0000003157153934,1.0150085233442856,1,1.3849895865438717,0.12983464657218538,1.3818196836971495,0.09562432348983611,0.00021290043477162292,1.0000000534362306,0.35624153670503883,1,-4.977786392857949,2.200650480058853,5.452060333800111,2.7256836616924107,0.007704152245717144,0.9999998314048153,0.006208248933974033,0
17.0,-0.003753619115657935,0.00473169038104504,-1.4034706834198385e-09,-0.45640375925385307,-0.032726707837039216,0.46691585114623607,-3.0758535197516226,0.0004923141362601321,1.0000029042613015,17.663855857905286,1,-0.5744214847118676,-0.4371461170784234,0.7281987596082247,-2.5012245583308585,-0.005150877041002826,1.0000003913418463,2.608945641381566,1,0.9821735266951719,-0.14721426345373062,0.9834421004892933,-0.14814540793750205,0.0005924655930891628,0.9999999759706976,1.019045524657907,1,1.3711490437558773,0.24076876788521545,1.3831274229758868,0.17647537122251697,0.0002055974554100838,1.0000000538142961,0.3587619737746835,1,-4.999796541980934,2.1529409217287117,5.453172572289311,2.735326794556875,0.007516991997435641,0.9999999964470148,0.006203761752589715,0
17.02,-0.0037536191146989497,0.004731690380433445,-1.4068055041206728e-09,-0.40703759663070127,-0.18938165427647285,0.45676261560149695,-2.7188974912451913,0.000488430764299763,1.0000028329472002,16.80633377995957,1,-0.4748339055455655,-0.5447558617385143,0.7274455627819068,-2.299406894678977,-0.0051136823567996354,1.0000003910827802,2.6072185348916963,1,0.9926189869100392,-0.01984932644653817,0.9832570483520346,-0.018145572561900407,0.0005341299747815841,1.000000150551321,1.0227438673942972,1,1.3491867608577592,0.35025501276538795,1.3852026705990728,0.25712870447882274,0.00019963709408487998,1.0000000541260474,0.36084031636597913,1,-5.021318884009037,2.1050215086518844,5.454260154979681,2.7449660281628816,0.007332120821805489,1.0000001750430123,0.006199359973484252,0
17.04,-0.003753619112415377,0.004731690379865728,-1.410104543114049e-09,-0.28924165506747124,-0.3146723982411667,0.43250426095244227,-2.3334274172225955,0.00048349797998876846,1.0000026809430804,16.18671209243207,1,-0.35544675128236575,-0.6301732299302013,0.7265440982294558,-2.0971281786255505,-0.005099635049308205,1.0000003910041806,2.606694536585179,1,0.9867568273860012,0.10781163506422244,0.9833596000620707,0.11186518354113886,0.00048306677383983036,1.0000003333888767,1.026038011946881,1,1.3192695594511217,0.4576502036584236,1.3880296000869101,0.3374968718219363,0.00019558508374401483,1.0000000543686394,0.3624575959199113,1,-5.042351614158809,2.056897034447097,5.455323002531333,2.7546014513922352,0.0071507447012832395,0.9999998273140256,0.006195043752389498,0
17.060000000000002,-0.0037536191087922874,0.004731690379330553,-1.4133528028481557e-09,-0.11443748274351513,-0.3785195015718507,0.3964916463210522,-1.8888770079610901,0.0004811716922615559,1.0000025036306421,15.94509063769749,1,-0.22108589214285496,-0.689809338167366,0.7255307660841687,-1.894313870359648,-0.005119660071717578,1.000000391110151,2.6074010062073985,1,0.9646896374319027,0.23365264801739563,0.983747945796371,0.24181095374708733,0.0004394470358493168,0.9999999942289906,1.0288695422291831,1,1.2816224223924004,0.5623336871513147,1.3915868826192128,0.4174959623505245,0.00019428125238993483,1.0000000545400205,0.36360013665046464,1,-5.062892970897283,2.008572304290086,5.456361039357257,2.764233153629597,0.006974247265688967,1.0000000044059985,0.006190813243023906,0
17.080000000000002,-0.0037536191039379036,0.004731690378809582,-1.4165365135217212e-09,0.08904615197586095,-0.3474106762509986,0.3545593281291964,-1.3447549310233862,0.00048425243839906923,1.0000024153331522,16.29638265880038,1,-0.07722536568428552,-0.7210980869193696,0.7244468482243819,-1.690910417705135,-0.005168096413158498,1.0000003913975009,2.609316672054808,1,0.9268022484160224,0.3555926047139272,0.984415290673022,0.3716171427884635,0.00040510652103331124,1.0000001205592994,1.0311885354353303,1,1.2365248358295844,0.6637134924580713,1.3958480353714702,0.49704655161443484,0.00019694918530353372,1.0000000546389627,0.364259751392317,1,-5.082941235934661,1.9600521346036448,5.4573741946104555,2.7738612248593952,0.00680479290044614,1.0000001709867334,0.006186668593694619,0
17.1,-0.003753619098835711,0.0047316903782726105,-1.419647031658186e-09,0.2610660895182611,-0.19826564412534592,0.319098828179068,-0.6631614766242905,0.0004905967072417262,1.0000025329379536,17.47289753470803,1,0.07022315892804978,-0.7226168311658911,0.7233369187288391,-1.4868878833067707,-0.005218706419828383,1.0000003918557403,2.612371601850961,1,0.873753100530769,0.4716248211855278,0.9853500056391965,0.5012119477091272,0.0003833979096943442,1.0000003460230518,1.0329547130593895,1,1.1843063753884944,0.7612317966552751,1.4007818417288278,0.5760745225235944,0.00020496717563068298,1.0000000546650685,0.3644337896218338,1,-5.102494734218014,1.9113413527504755,5.458362403305465,2.78348575619073,0.006645829048977398,0.999999823498431,0.006182609944458076,0
17.12,-0.003753619096848132,0.004731690377676352,-1.4226963411610033e-09,0.3150156692335566,0.037872714714081324,0.3079606428909381,0.12911281040621764,0.0005005974295048057,1.0000028597524058,19.268303832940543,1,0.21514592706347638,-0.6941651762062622,0.7222470527822603,-1.2822417221441056,-0.005254631468032714,1.0000003924672782,2.616448521597774,1,0.8064596196438079,0.5798544873301735,0.986535883555851,0.6305277481589442,0.0003733677274312309,1.000000015748833,1.0341383307465972,1,1.1253416854903122,0.8543695966108071,1.4063528300288295,0.6545117411799859,0.00021831990927784407,1.000000054618759,0.36412506098350855,1,-5.1215518339254436,1.8624447967290887,5.459325602751733,2.793106840993228,0.006499072215134771,1.0000000123595885,0.006178637425602008,0
17.14,-0.0037536191009231033,0.004731690376993027,-1.4257328104574918e-09,0.2147608528968878,0.2549836160106521,0.3286019210157592,0.8966442591117292,0.0005098494257665349,1.000003211300051,20.675828613127287,1,0.3514796466599305,-0.6367955252273118,0.7212229140238916,-1.0769935434162012,-0.005287056894976633,1.0000003932078902,2.6213859351057387,1,0.7260781572517111,0.6785330103368877,0.9879524990498839,0.7595023672087986,0.00036574309863457964,1.0000000906710897,1.0347207629810458,1,1.0600450117426181,0.9426505218853343,1.4125218031417268,0.7322965781487898,0.00023437225463474325,1.0000000545012493,0.3633416625334682,1,-5.140110946459748,1.813367314872691,5.4602637194171075,2.8027245746718776,0.006358383024558009,1.0000001666611267,0.006174751159262218,0
17.16,-0.0037536191079947426,0.004731690376243344,-1.4288057770348722e-09,0.023769116345181508,0.36599598012933543,0.36795254353419665,1.532423695585783,0.0005131293123186202,1.0000034076381519,21.04057285718119,1,0.47347095582613685,-0.552790468473095,0.720307787597772,-0.8711907547639731,-0.005323991950025527,1.0000003940475368,2.6269835781689896,1,0.6339792297929239,0.7660884113650971,0.9895756585795534,0.888080183253133,0.00035685401436588016,1.0000003531726007,1.0346947563563178,1,0.9888644487900965,1.0256437580160729,1.419246398164984,0.809374284676496,0.00025114810441778467,1.000000054314508,0.36209671983237746,1,-5.1581705264406965,1.7641137655503756,5.461176666289776,2.8123390515349174,0.006216901221206936,0.9999998199640746,0.00617095126331468,0
17.18,-0.003753619114096265,0.004731690375466081,-1.4319264936106524e-09,-0.17525284695928225,0.36313430839250627,0.40896955609040886,2.0399909952564492,0.0005132081841935543,1.0000034003658584,20.58926778869274,1,0.5759309357734009,-0.44558437427528597,0.7195406527501301,-0.6649050258672331,-0.005354624891960525,1.000000394951498,2.633009985719824,1,0.5317189260834484,0.8411511247036538,0.9913779057191094,1.0162130584224478,0.00035230260536170426,1.0000000399013387,1.0340644331852746,1,0.9122760606150287,1.1029660830904666,1.4264816373185112,0.8856972233561922,0.000268390029898209,1.0000000540612042,0.3604080281757336,1,-5.175729071696195,1.7146890168694857,5.462064357953672,2.821950363882056,0.006074125896758092,1.000000020295181,0.00616723785223045,0
17.2,-0.003753619118037804,0.004731690374684781,-1.4350831259012792e-09,-0.3338000717478214,0.2760325083439299,0.44165436555593635,2.461838691066145,0.0005122609441943874,1.0000032143576902,19.722140885019865,1,0.6544716004242394,-0.319629553109,0.718954402060266,-0.45822954112608666,-0.005370517741007725,1.000000395881793,2.639211953083972,1,0.42100742799572893,0.9025747610504923,0.9933290713930629,1.1438610546420995,0.0003587857142422342,1.0000000615618434,1.0328449695586408,1,0.8307780193187957,1.174283051422278,1.4341804675471628,0.9612249508340733,0.0002858032624557776,1.0000000537446343,0.35829756127337653,1,-5.192785123253559,1.6650979463794335,5.4629267160048425,2.8315586036239075,0.005931207737200072,1.0000001620730434,0.006163611035463489,0
17.220000000000002,-0.003753619120035488,0.004731690373907216,-1.4382612498978903e-09,-0.4303971361743482,0.13761854146745323,0.4615781660635011,2.8353320115453013,0.0005105205517635027,1.000002922753132,18.7097871870223,1,0.7057110192087329,-0.18021090637155454,0.7185743007695481,-0.25127510533264474,-0.005372799581879342,1.0000003967988331,2.6453255542909813,1,0.30367561898059003,0.9494516128569532,0.9953968645201708,1.2709929403616063,0.00038098587713656593,1.0000003546383653,1.0310619579377416,1,0.7448848939219931,1.2393093829665551,1.4422942917004764,1.035924172545365,0.00030282615678332023,1.0000000533686302,0.3557908674933339,1,-5.209337265331264,1.615345440777778,5.463763665858356,2.841163863053894,0.005788350332573571,0.9999998167165541,0.006160070917289561,0
17.240000000000002,-0.0037536191205430796,0.00473169037313316,-1.4414505194928345e-09,-0.4568100207996668,-0.023378824430052538,0.467041235051969,-3.0947255028610487,0.0005085008765015653,1.000002631217206,17.714510051273475,1,0.7274346043342165,-0.03321670130553562,0.7184167787825269,-0.04416526916752277,-0.005368827794013656,1.00000039766323,2.651088198685384,1,0.18164072877817974,0.9811228787094827,0.9975474822169199,1.3975864934841977,0.00042147944975603514,1.0000000661065338,1.028750556660161,1,0.65512220077797,1.2978086344131172,1.4507734791039535,1.1097685883366413,0.00031895515608312207,1.0000000529374622,0.35291641420435077,1,-5.225384125330124,1.5654363956184234,5.464575134153363,2.850766234809437,0.0056449195893028435,1.0000000282002004,0.006156617598568637,0
17.26,-0.0037536191198706847,0.004731690372360128,-1.4446446343872876e-09,-0.4112767440328365,-0.18094761135944815,0.45767775762629287,-2.7385805283074074,0.0005068993252654529,1.000002439168667,16.847300668868108,1,0.7187021980292648,0.11512340669623546,0.7184886349226488,0.16296927751528567,-0.005367287409965669,1.000000398437657,2.6562510471482264,1,0.056871892786299234,0.9971837628917254,0.9997462205003605,1.5236286098631229,0.0004812392697960229,1.0000000340008621,1.0259544604826278,1,0.5620213043113103,1.3495922401339182,1.4595678452163932,1.1827386445254977,0.0003339038636713394,1.0000000524557393,0.34970492901735856,1,-5.240924373823279,1.5153757150214342,5.465361047827545,2.860365811653542,0.005499875329539586,1.0000001572297508,0.006153251179200121,0
17.28,-0.003753619118071858,0.004731690371585847,-1.447839032909029e-09,-0.296972010288937,-0.30864768467365267,0.4341391174692685,-2.355340612555876,0.0005057468237130691,1.000002398217743,16.211841625933253,1,0.6798938188613828,0.2585192177581398,0.7187867074191749,0.36999673065663563,-0.005373509751020973,1.0000003990886515,2.6605910103633432,1,-0.06864359588605826,0.9974837539687645,1.0019580713463936,1.649115233032185,0.0005598691593967191,1.0000003504710664,1.0227247368714427,1,0.4661147337288042,1.394518018476356,1.468627093584989,1.2548212091357993,0.0003476515877571377,1.000000051928315,0.3461887667941989,1,-5.2559567245453565,1.4651683113840894,5.466121334184186,2.869962686262452,0.0053521198466618385,0.9999998137610129,0.006149971760013967,0
17.3,-0.0037536191148746863,0.0047316903708079444,-1.4510277315631093e-09,-0.12472821728242194,-0.3766383078472903,0.39865435198645843,-1.914910224723123,0.0005046245758005549,1.0000024972887105,15.945201220559182,1,0.6126909662159995,0.3909041589591013,0.7192980331566673,0.5767902609174995,-0.005385411684037319,1.0000003995882303,2.663921535616389,1,-0.19293268584705894,0.9821224972523189,1.0041482948108262,1.7740511253852136,0.0006560034188539568,1.0000000938373743,1.019118577862877,1,0.36793195939455065,1.4324882414569382,1.4779012153828452,1.3260091879244218,0.00036052098744966703,1.0000000513601974,0.34240131656618766,1,-5.2704799343811155,1.4148191050928,5.46685592171228,2.8795569510596986,0.005200899084024501,1.0000000360621195,0.006146779443351803,0
17.32,-0.0037536191099650272,0.004731690370019653,-1.4542010323779359e-09,0.07839036111117863,-0.3514447770048733,0.35679708858245773,-1.3772868637315772,0.0005044028131977377,1.0000026870370957,16.25789117618018,1,0.5199947854647632,0.5067069568136515,0.7200004843318193,0.7832338059484389,-0.005390504184874707,1.0000003999152194,2.66610146317822,1,-0.3140670954055898,0.9514417494736339,1.0062829570627663,1.8984495037900697,0.0007683913059400759,1.0000000088140877,1.0151980143601866,1,0.2679956526412528,1.463447364290606,1.4873408434882864,1.3963010985512376,0.0003733703683201103,1.0000000507564684,0.3383764556846392,1,-5.284492803353882,1.3643330242358007,5.467564741813192,2.889148698180766,0.005046427271472675,1.0000001521389204,0.006143674332204748,0
17.34,-0.00375361910425479,0.004731690369200396,-1.457349658919721e-09,0.25425202713354744,-0.208592116281524,0.3205441333351696,-0.7034023995771315,0.0005087194859953612,1.0000029200529745,17.38797546350867,1,0.4057866416279684,0.6010961018300235,0.720863838203784,0.9892272338781531,-0.005366695057735536,1.0000004000562086,2.667041391200717,1,-0.4301915795593133,0.9060139419343,1.0083294265701903,2.0223315638474446,0.0008966420088689539,1.000000340944401,1.01102863472903,1,0.1668184354375298,1.487379506165651,1.4968975588831233,1.4657006188171189,0.0003876480363918338,1.0000000501222084,0.3341480559111875,1,-5.29799417461484,1.3137150043169188,5.46824773112305,2.8987380198636234,0.004890395623041166,0.9999998111021315,0.006140656528131511,0
17.36,-0.0037536191018235016,0.0047316903683126965,-1.460486069321948e-09,0.31639134846677225,0.025121090100417298,0.30771659361968073,0.08567583827376464,0.0005196320417533437,1.0000031347136449,19.1709805926395,1,0.27494024552952,0.6701847478391668,0.7218512081591558,1.194690602415362,-0.005297290339608728,1.0000004000060811,2.666707208200138,1,-0.5395496721219981,0.8466278850627877,1.0102568206849636,2.145725914753077,0.0010364561539129042,1.0000001226014619,1.0066783437768976,1,0.06490011182885035,1.5043057661394894,1.506524147864575,1.5342161209026952,0.0004039103069633343,1.0000000494624317,0.32974954455068195,1,-5.310982934433325,1.2629699879706584,5.468904830068745,2.908325009589474,0.004733370664159401,1.0000000438684802,0.006137726128696779,0
17.380000000000003,-0.0037536191059335394,0.004731690367338042,-1.4636631793726873e-09,0.2234761652829653,0.2461752203667033,0.32684292464298287,0.8583211328790844,0.0005309660025938869,1.0000032145491944,20.625654825777676,1,0.13299705444047694,0.7111869256262308,0.7229207503583409,1.3995673180593506,-0.005189832211399125,1.000000399768105,2.665120700374008,1,-0.6405067509622788,0.7742721278250938,1.01203640054306,2.2686679385531416,0.001170294467579285,0.9999999868284404,1.0022161916391483,1,-0.03727463846080053,1.5142814488525038,1.5161748183082657,1.601860198968836,0.00041971449336575446,1.0000000487820284,0.3252135226732794,1,-5.323458012187804,1.212102924679005,5.46953597101059,2.917909762289167,0.0045692595716314835,1.0000001468086168,0.006134883226567365,0
17.400000000000002,-0.0037536191128390304,0.004731690366312507,-1.4669298863730779e-09,0.03502399363410924,0.36368579103252713,0.3656678826839277,1.5018381019143257,0.0005381691685853816,1.0000031341083448,21.045569162006462,1,-0.014081959178804386,0.7225196240948648,0.7240275505439125,1.6038261093755646,-0.005047000685273032,1.0000003993536024,2.6623573493782526,1,-0.7315703683097093,0.6901164462312213,1.013641927464743,2.391199095216003,0.001280509045127243,1.0000003265105208,0.9977112916119235,1,-0.13923813246183295,1.5173932646728743,1.525805390587949,1.6686492078474764,0.0004333745853225828,1.0000000480857165,0.320571443325606,1,-5.335418380357029,1.161118770489734,5.470141073404584,2.9274923714122063,0.004391759812929832,0.9999998087441211,0.006132127910697328,0
17.42,-0.0037536191185417412,0.004731690365287126,-1.4702905980386316e-09,-0.1651259001939396,0.36631535036630275,0.4069158326202504,2.0152669141763826,0.0005395236458285306,1.0000030063198273,20.627189653873767,1,-0.16017490390921948,0.7038489469303381,0.7251255802513328,1.807461808672764,-0.004849295580095432,1.000000398781221,2.658541472892019,1,-0.8114078623868196,0.5954918828936296,1.0150499757791143,2.5133662085664716,0.001362259848452735,1.0000001519143804,0.9932318360052952,1,-0.24054115645598229,1.5137565582706705,1.5353734476749974,1.7346028294956424,0.00044618699669775444,1.0000000473780037,0.3158533576435392,1,-5.346863054511347,1.1100224877353073,5.470720058758874,2.937072927559136,0.00420114289992986,1.0000000516069116,0.0061294602647289625,0
17.44,-0.0037536191222559217,0.00473169036429386,-1.473727057922647e-09,-0.3265709134599401,0.28287611077546965,0.44019709303973287,2.440677714026513,0.0005364756933536212,1.0000029295929898,19.7743052391967,1,-0.29925550560022207,0.6560817983511166,0.7261696332579426,2.0104949683730573,-0.004590794719887288,1.000000398075903,2.653839352465176,1,-0.8788613204727336,0.4918696995052938,1.0162401875846263,2.63522073701538,0.0014157426925373272,0.9999999688129408,0.9888442148436107,1,-0.3407540763775498,1.5035126086323365,1.5448384366024064,1.7997436590987572,0.00045962140111330626,1.0000000466631604,0.3110877359368054,1,-5.357791093305686,1.0588190447525379,5.471272858622681,2.9466515200340826,0.003999766172794492,1.000000141247283,0.006126880362112002,0
17.46,-0.0037536191242987463,0.004731690363349215,-1.4772191736988835e-09,-0.4267915806376261,0.1464559909848116,0.46086728640605623,2.815992572985367,0.0005331029069672365,1.0000029158353652,18.764939337413807,1,-0.42563673710506866,0.5813071114478953,0.7271171518590986,2.2129704178691805,-0.004287749949665714,1.0000003972677114,2.648451408964224,1,-0.9329599976739855,0.38083954147383153,1.017195480096968,2.7568180287938167,0.0014419874719638886,1.0000003077517796,0.9846122347037622,1,-0.43946762672858075,1.4868260337007584,1.5541617383178183,1.8640968126059676,0.0004743250677440286,1.000000045945202,0.30630134688073074,1,-5.368201598475198,1.007513415604171,5.471799412779958,2.9562282378699116,0.0037895086702511233,0.9999998066907161,0.006124388262166375,0
17.48,-0.00375361912493203,0.004731690362462501,-1.4807488274816774e-09,-0.45707283180403246,-0.01399685028476232,0.46712715559648027,-3.1135847986340988,0.000530620657757324,1.0000029099380938,17.76566680743421,1,-0.5341926913874635,0.4826924339545005,0.7279298732561845,2.4149549446202374,-0.003959887565770105,1.0000003963904607,2.642603071434378,1,-0.9729303117387871,0.26408705364594476,1.0179022136322382,2.8782165718570774,0.001443196492739449,1.000000181276784,0.980596452318954,1,-0.5362934195427701,1.4638823255814093,1.563306712825254,1.927689564573246,0.0004905165447843951,1.0000000452278752,0.3015191675068798,1,-5.378093714832372,0.9561105798029321,5.4722996671040125,2.965803170021897,0.0035718346936643467,1.000000059265152,0.006121984008837506,0
17.5,-0.003753619124232428,0.004731690361639026,-1.4842985870348185e-09,-0.4153818883545558,-0.17240108817983663,0.4585547539851651,-2.758189396612547,0.0005294649078881438,1.0000028449942266,16.889027606498075,1,-0.6205519133532205,0.364342733314904,0.7285752616193132,2.6165342604764787,-0.003624005716286848,1.000000395480258,2.636535054172636,1,-0.998203534022979,0.14337113010276897,1.0183503202552608,2.9994772446729088,0.0014224845323898344,0.9999999554277954,0.976853643980103,1,-0.6308642132391001,1.434885535648293,1.572238722604743,1.9905510191777194,0.0005083640251967909,1.0000000445146482,0.29676432077028764,1,-5.387466630264502,0.9046155220381791,5.472773572797549,2.975376405342561,0.003348135625799362,1.0000001354637296,0.006119667632174684,0
17.52,-0.0037536191221969385,0.004731690360880069,-1.4878505581435511e-09,-0.3045996110977348,-0.3024225669521782,0.4357406621978361,-2.377099826833911,0.0005291002841186798,1.000002697738586,16.238092020164174,1,-0.6812573261330728,0.23112866849964378,0.7290276892008221,2.8178094026524505,-0.003289325006227363,1.0000003945740616,2.6304937438683944,1,-1.008421285547019,0.02050093228850937,1.0185333935064225,3.1206625722875856,0.0013829784137446175,1.000000285337704,0.9734363479902145,1,-0.7228339785752979,1.4000561218337704,1.5809251378983076,2.0527118140522154,0.0005281491234802684,1.0000000438087073,0.29205804910473154,1,-5.396319575730878,0.8530332319050457,5.473221086458145,2.9849480325450743,0.0031199646774912855,0.9999998049451682,0.006117439152178846,0
17.54,-0.00375361911880316,0.0047316903601817666,-1.4913861338386111e-09,-0.13499252526627192,-0.37445699139297295,0.4007971729710236,-1.9406762409493141,0.0005281847372894211,1.0000025171673161,15.947031164754561,1,-0.7138895066131777,0.08849151864994459,0.7292693413268395,3.0188927163654182,-0.002952633681806528,1.0000003937082815,2.6247218775695598,1,-1.003438927202487,-0.10268722738995192,1.0184487436247973,-3.041349317207268,0.0013272819507366084,1.0000002101615284,0.9703924116936181,1,-0.8118777963660526,1.3596289641551127,1.5893353270641715,2.114203855931398,0.0005503588963375069,1.0000000431129588,0.2874197250616371,1,-5.404651825258472,0.8013687036355874,5.473642170726875,2.9945181401952405,0.002889300011547949,1.000000066831065,0.00611529858439059,0
17.560000000000002,-0.0037536191141323764,0.004731690359532876,-1.4948865370394138e-09,0.06759379029722105,-0.3550972385897616,0.35904683258516645,-1.4094232442135832,0.0005264894748525784,1.0000024138592891,16.221921971542518,1,-0.7171513049909276,-0.05776834922633618,0.729290828421524,-3.063281758881319,-0.0025939585802401723,1.0000003929174404,2.61944960168916,1,-0.9833269045077508,-0.22435306633670557,1.0180974244166663,-2.9201241931411257,0.0012564902500379715,0.9999999471864905,0.9677644682047998,1,-0.8976916189645988,1.3138515497381613,1.5974406346968235,2.175060087114325,0.0005758617269249994,1.000000042430034,0.2828668930902609,1,-5.412462695935516,0.7496269358312723,5.474036795716738,3.0040868167994668,0.002658985000197035,1.0000001294671184,0.006113245946203848,0
17.580000000000002,-0.0037536191089876294,0.004731690358910011,-1.49833614764526e-09,0.24702651635797707,-0.21860020334518485,0.3220549052791635,-0.7432734833136915,0.0005273013604606804,1.0000025083153712,17.30539128358724,1,-0.6909126817686095,-0.20171296903578995,0.7290914858852964,-2.8622215359843097,-0.0021754557914078604,1.0000003922328886,2.6148859246406726,1,-0.9483700761072846,-0.3426755226833768,1.0174842408965485,-2.7987842902393782,0.0011695966860935329,1.0000002599900981,0.9655892041157518,1,-0.9799919245652632,1.2629823250129435,1.6052143491535817,2.235314281898219,0.0006060933278055201,1.0000000417623003,0.27841533503588245,1,-5.419751547903128,0.6978129311960727,5.4744049411856714,3.0136541512655053,0.0024330228998573847,0.9999998035102416,0.006111281262399815,0
17.6,-0.0037536191064521823,0.004731690358274875,-1.501736587188919e-09,0.31721044742865345,0.012362170751266617,0.30756691732798747,0.042205290737426744,0.000534519070591748,1.0000028214639645,19.07292372395007,1,-0.6362152349540635,-0.3374920185458812,0.7286793430743719,-2.6609920268276235,-0.001662652753433483,1.0000003916816356,2.611210903167676,1,-0.8990650232382004,-0.45587590068478523,1.0166177451108749,-2.6772678122246143,0.0010640827102490458,1.000000238010718,0.9638965559708771,1,-1.0585152902764685,1.2072892100372976,1.6126316580409519,2.295000870947614,0.0006420650707153994,1.000000041111873,0.27407915319139875,1,-5.426517784345248,0.645931696269435,5.474746595703071,3.023220234167396,0.0022140590711281875,1.000000074292662,0.006109404568540926,0
17.62,-0.003753619109914861,0.004731690357598501,-1.505125185510131e-09,0.231828503864721,0.2370768220816604,0.3251392712438424,0.8196273854469883,0.0005426887192363557,1.0000031825788451,20.572620807605382,1,-0.5552363467471219,-0.4595657437885096,0.7280707757548327,-2.4594796853962615,-0.0010710586104102841,1.0000003912854494,2.6085696628526285,1,-0.8361152954436525,-0.56224089496933,1.0155102002730336,-2.5555150047781456,0.0009384045368312479,0.9999999444284351,0.9627096187449687,1,-1.1330179068084958,1.147048267837855,1.6196695926672677,2.3541547860258625,0.0006818660719666897,1.00000004048063,0.269870866255904,1,-5.432760851477392,0.5939882411588606,5.4750617448654095,3.0327851584519965,0.0019982646403689627,1.0000001232669486,0.006107615912902713,0
17.64,-0.0037536191168658613,0.004731690356898218,-1.5085457826490012e-09,0.04616657669936279,0.36106271553443914,0.36338868637711547,1.4709064653424833,0.0005445010141697834,1.0000033990322288,21.04849634951972,1,-0.4512133437025758,-0.5629193919837062,0.7272899170458111,-2.2575814702414956,-0.0004625654470628075,1.0000003910602944,2.6070686292275003,1,-0.7604244963314418,-0.6601453979133345,1.0141774727329136,-2.4334689699071395,0.000803247014219446,1.0000002324507216,0.9620455214237532,1,-1.2032750546808055,1.0825425201443222,1.6263069806922097,2.41281132224616,0.0007229074533575741,1.0000000398702271,0.26580151400425395,1,-5.438480238534741,0.5419875792718712,5.475350362825995,3.042349016852823,0.0017813911938040822,0.9999998023882086,0.006105915357987118,0
17.66,-0.0037536191230975726,0.0047316903562130905,-1.512005079842317e-09,-0.15496988347309185,0.3692684284768655,0.4048396373574814,1.9903224408253701,0.0005418155659976555,1.000003410955076,20.664193251054623,1,-0.32832864295097053,-0.6432626727965998,0.7263678766649425,-2.0552087804925048,9.730646610523785e-05,1.0000003910158404,2.6067722684415884,1,-0.6730870893547727,-0.7480749844199787,1.0126388494098517,-2.311076479805022,0.0006770508745162696,1.0000002642352037,0.9619158916419318,1,-1.2690805591852137,1.0140608999229532,1.6325244074301217,2.471006030709627,0.0007651491000569268,1.000000039282115,0.26188076653059433,1,-5.4436754777598795,0.4899347270465937,5.4756124248856155,3.051911900087396,0.0015651546018941248,1.0000000816381194,0.006104302977944921,0
17.68,-0.0037536191271767263,0.004731690355566989,-1.5154838924036872e-09,-0.31924912833925007,0.2895830077213605,0.4387043377415407,2.4194005583464424,0.0005378914163171191,1.0000032388510385,19.826274955636194,1,-0.19155765876917766,-0.6972073923512879,0.7253417075202435,-1.8522911062227416,0.000561884683857307,1.000000391154933,2.607699554101806,1,-0.5753768161814777,-0.824647930766517,1.010916802892114,-2.1882887407342277,0.0005701168143687994,0.9999999472984735,0.9623262250838651,1,-1.3302462388528151,0.9418973305581488,1.6383041643804954,2.52877463558103,0.0008094190123560043,1.0000000387175554,0.2581170355123968,1,-5.448346144392417,0.4378347036811181,5.475847916276555,3.0614738982024376,0.00135272855894449,1.0000001168730432,0.006102778851287315,0
17.7,-0.003753619129235561,0.004731690354965551,-1.5189593333673514e-09,-0.4230663779170685,0.15523544170503278,0.46011466080105734,2.796615015520468,0.0005338221731826698,1.0000029525657066,18.82031862004702,1,-0.04648240509858571,-0.7224161008375658,0.7242530714428607,-1.64877921595054,0.0009110468810998539,1.0000003914732163,2.6098214419206998,1,-0.4687326228262662,-0.8886365510505619,1.0090367235228017,-2.065062123149266,0.00048297469265709244,1.000000203455497,0.9632750384035076,1,-1.3866013598250826,0.8663499212031011,1.643630192480939,2.5861529641079963,0.0008562224620757123,1.000000038177638,0.25451758643060585,1,-5.452491856661989,0.3856925308628948,5.4760568303838655,3.071035101702161,0.0011462342054131202,0.9999998015808458,0.006101343053656982,0
17.720000000000002,-0.0037536191297312047,0.0047316903544041364,-1.5224129766631782e-09,-0.4572061545514055,-0.004601633400902963,0.46716831986913004,-3.132414846812564,0.0005300400036478612,1.000002656534446,17.817341927945858,1,0.10092471490174376,-0.7177144857876281,0.7231466380098274,-1.4446476647129713,0.00114770736934815,1.000000391959049,2.6130603265012096,1,-0.354741983747804,-0.9389875652866096,1.0070266210486771,-1.9413588756367974,0.00041163347960751723,1.0000002882269492,0.9647533857668703,1,-1.4379921064289662,0.7877202676719186,1.6484880288193255,2.6431768896993297,0.0009057122196453183,1.0000000376632976,0.25108865113328666,1,-5.456112275783942,0.3335132324991105,5.476239165791237,3.080595601802993,0.0009468578662682464,1.0000000888557983,0.006099995653183035,0
17.740000000000002,-0.003753619129015998,0.004731690353873911,-1.5258316159497652e-09,-0.41936015127347553,-0.1637680182347537,0.45938675995989675,-2.777696875119035,0.000526914176789399,1.0000024526029367,16.93155733931935,1,0.24454056549902817,-0.6831605238913857,0.7220682847658833,-1.2398964332899358,0.0012900742475446612,1.0000003925937444,2.617291629910185,1,-0.23512153373843006,-0.9748411546489989,1.0049167861955008,-1.8171478166263264,0.0003514254767551119,0.9999999557440299,0.9667446714902808,1,-1.484281076535667,0.7063128482562271,1.6528647571021156,2.69988228838567,0.0009578328600335349,1.0000000371753308,0.24783553843952671,1,-5.459207105956798,0.2813018344483943,5.4763949245846595,3.090155490393589,0.0007552196277715526,1.000000110295532,0.006098736708500567,0
17.76,-0.003753619127166298,0.004731690353364857,-1.5292053811384251e-09,-0.312122419511664,-0.2960257038687734,0.43730165769806795,-2.3986651331636266,0.0005240975023818382,1.000002397508119,16.265537248274963,1,0.37834595501993695,-0.6200642852973678,0.7210631751075837,-1.034551544621043,0.0013642960303991104,1.0000003933521247,2.6223474976499817,1,-0.11169496524931237,-0.9955483016325078,1.0027394048895775,-1.6924049869069981,0.0002986183564179206,1.0000001737154254,0.969224603266399,1,-1.525346808920802,0.6224345041263165,1.6567489616162987,2.756305007373012,0.0010124423528249452,1.000000036714411,0.24476273976306595,1,-5.461776094360971,0.22906336425378226,5.476524111533473,3.09971485993516,0.000571631536201977,0.9999998010894317,0.0060975662686339,0
17.78,-0.0037536191239406435,0.004731690352866098,-1.5325248112099503e-09,-0.14521767881197112,-0.37200229057403095,0.4029138482197106,-1.9661214248860481,0.0005205234332330087,1.0000024848871656,15.950684718516174,1,0.49668488210669826,-0.5309539108378821,0.7201737977416065,-0.8286645400109315,0.001398728021912535,1.0000003942033904,2.628022602483338,1,0.013631781793744208,-1.00068595801984,1.0005281231935566,-1.5671142425532443,0.0002512874508082528,1.0000003093681236,0.9721612251584706,1,-1.5610833485573614,0.5363939944124253,1.6601306851739834,2.812480844082801,0.0010694308212139247,1.0000000362811043,0.24187402923001183,1,-5.463819031158068,0.17680285087659517,5.476626733931008,3.109273803351101,0.0003963840944262331,1.0000000959342616,0.006096484373631522,0
17.8,-0.0037536191190165134,0.004731690352362379,-1.5357785884895702e-09,0.056678609043948794,-0.3583851827179993,0.36130490362049417,-1.4410961408857967,0.0005165491116673735,1.0000026666558044,16.188610990157173,1,0.5945162098388848,-0.4194856983452492,0.7194380608578393,-0.622310748648589,0.0014204499842549012,1.0000003951123007,2.634082004661305,1,0.1388979221165855,-0.9900695390988277,0.99831756512256,-1.4412677664539193,0.0002099360719242398,0.9999999695058496,0.9755150250663839,1,-1.5913998545667056,0.4485016164208601,1.6630013917849817,2.868445534301139,0.001128887949393327,1.0000000358758838,0.23917255869175016,1,-5.465335749490559,0.12452532443089646,5.4767028023361,3.1188324139647916,0.00023018797984368297,1.0000001035448358,0.006095491055030314,0
17.82,-0.0037536191130671413,0.004731690351825493,-1.5389566560128007e-09,0.23941013303923536,-0.22828840393561609,0.32363274940559617,-0.7826927469320668,0.0005155930189368167,1.0000028947142203,17.22532936365297,1,0.6676445987253029,-0.2902993538936819,0.7188875407712477,-0.41558635354634255,0.00145300518625767,1.0000003960406318,2.640270878618672,1,0.26211759654090816,-0.9637622154101727,0.9961428089563579,-1.3148664766573874,0.00017867118555564172,1.0000001438870199,0.9792391508173165,1,-1.6162202545784061,0.35906888176395474,1.6653539344998138,2.924234748786966,0.0011912439858261876,1.000000035499142,0.23666094734253754,1,-5.466326125482381,0.07223581591836699,5.476752332431924,3.128390785745469,7.443946850826521e-05,0.999999800914744,0.006094586335684823,0
17.84,-0.0037536191098395634,0.00473169035120946,-1.542069438613923e-09,0.31746993358020686,-0.00039500484089157514,0.3075212555462631,-0.001232476347433829,0.0005217665314944876,1.0000031138447814,18.974163978673985,1,0.7129174707984582,-0.14882305687737252,0.7185459885813308,-0.2086043395055461,0.0015046298563494546,1.000000396948846,2.64632564065661,1,0.38131166755609125,-0.9220804680846005,0.994038829264908,-1.187920308186137,0.0001612566165808432,1.0000003270362552,0.9832798083577574,1,-1.6354829484697009,0.2684082395393881,1.6671825258015318,2.9798840983208423,0.0012565969223837675,1.0000000351512048,0.23434136549795045,1,-5.466790078240464,0.019939356963652455,5.476775344923106,3.1379490143815207,-7.114167935214106e-05,1.0000001028622938,0.006093770229137424,0
17.86,-0.003753619113160343,0.004731690350482094,-1.5451700225446946e-09,0.23980195825539502,0.2276766494993424,0.3235028043329706,0.7805670855199138,0.0005295566938076537,1.0000032113544197,20.516265218946085,1,0.7283758927139355,-0.0010366959455446034,0.7184281983753953,-0.0014894993441677718,0.0015529265655749099,1.0000003977978908,2.651985939461806,1,0.4945410642890463,-0.8655953998527108,0.9920399106791176,-1.0604483355244612,0.00014867688806515994,0.9999999881181878,0.9875767921190429,1,-1.6491405637830185,0.17683283804901007,1.66848270391596,3.0354291425773043,0.001323085979590942,1.000000034832342,0.2322156124975596,1,-5.466727569856969,-0.032359020449413016,5.476771854643303,-3.135678109008291,-0.00021314181827349958,1.0000000966316496,0.006093042740407695,0
17.880000000000003,-0.0037536191198735787,0.0047316903496664245,-1.5483162244173988e-09,0.05719072438565913,0.35810094659187114,0.36112175447724687,1.4395972272733106,0.0005324397845811054,1.0000031446626105,21.048698602351497,1,0.7133495817075871,0.14679500152822933,0.7185392905057235,0.20562724095319423,0.0015755062141825198,1.0000003985511032,2.657007354906475,1,0.5999410674638977,-0.7951293586699788,0.9901790345805976,-0.932478715366848,0.00012959111587701136,1.000000114554074,0.992064155553763,1,-1.6571597645216307,0.08465631684585308,1.6692513063445722,3.0909053938694764,0.001388566597432997,1.0000000345427784,0.23028518882253177,1,-5.466138605411555,-0.08465428424050526,5.476741859531222,-3.1261198715625023,-0.0003583052756904301,0.9999998010570591,0.006092403870262185,0
17.900000000000002,-0.003753619125658556,0.004731690348807555,-1.5515235249178878e-09,-0.14478172665588854,0.3719669039337712,0.40274299685880793,1.9651222687135832,0.0005328227234698986,1.0000030182815347,20.69968240640153,1,0.6684896509253849,0.28840516811682354,0.7188744439379372,0.4126148692179355,0.001568730395274603,1.0000003991759654,2.6611731027372394,1,0.6957557951113146,-0.7117475269128148,0.9884872579608948,-0.8040484527598523,0.00010483879610689045,1.0000003406213975,0.9966711009132994,1,-1.659521114566688,-0.007807378869257333,1.6694864668815603,-3.13683698158667,0.0014528156459345614,1.0000000342827042,0.22855136182609892,1,-5.465023232972089,-0.13694140249531664,5.476685351300843,-3.1165614841651625,-0.0005072828355387391,1.0000001096289168,0.006091853619089371,0
17.92,-0.003753619129490297,0.004731690347934344,-1.554782628056077e-09,-0.3118279727599421,0.2961293214462659,0.43717603224644863,2.397977048232625,0.0005328158626980599,1.0000029365385759,19.877557369763778,1,0.5957368631977698,0.4178076284605799,0.7194191277602041,0.6193483338005743,0.0015352646899452404,1.0000003996456606,2.6643044039033232,1,0.7803720408892949,-0.6167442624904091,0.9869931146938716,-0.6752029692126179,7.853824623633579e-05,1.0000000109259886,1.0013230722246915,1,-1.6562189966207594,-0.10024416926531261,1.669187615340816,-3.081391915542424,0.0015162292271981089,1.0000000340522837,0.22701522474630048,1,-5.4633815435948945,-0.18921534372872542,5.476602325971054,-3.107002851850733,-0.0006592067949906253,1.0000000895669265,0.006091391987092868,0
17.94,-0.003753619131640497,0.00473169034706087,-1.55808198482911e-09,-0.41921434142332403,0.16393550202424234,0.4593202511490138,2.7771737765108355,0.0005321097095045424,1.0000029192203828,18.87551712663706,1,0.49822755104374483,0.529564160301225,0.7201498117463554,0.8257142356612978,0.0014796602390856376,1.0000003999403455,2.6662689696863553,1,0.8523515361946471,-0.511624147920799,0.9857220472004008,-0.5459954560179534,5.266928996147542e-05,1.0000000862232514,1.005943029528132,1,-1.6472615872048768,-0.1923400039181941,1.668355473597129,-3.0259092609922726,0.0015789945712342541,1.0000000338516624,0.22567774938386811,1,-5.461213671325832,-0.241471077148414,5.476492783610129,-3.097443879941421,-0.0008140654364752893,0.999999801516151,0.006091018973549185,0
17.96,-0.003753619132389195,0.0047316903461951144,-1.561412398681794e-09,-0.4572038985329289,0.004786945953891246,0.46716600553857635,3.1319455025214697,0.0005303350309301146,1.000002915286488,17.869184137313514,1,0.3801435168723262,0.6190218567902384,0.7210351000779187,1.0316158479463469,0.0014103850117965287,1.000000400048037,2.666986912930631,1,0.9104606655109213,-0.3980778992600409,0.9846958804767222,-0.4164860200802961,2.7315710180373017e-05,1.0000003495559788,1.0104528844660277,1,-1.6326708878599563,-0.2837810264093448,1.6669920563368035,-2.9703535462147035,0.0016411260546767025,1.000000033680975,0.22453983261206342,1,-5.458519793201834,-0.2937035729185232,5.47635672617741,-3.0878844738472195,-0.0009724079920777559,1.0000001162234098,0.00609073457705876,0
17.98,-0.0037536191318376304,0.004731690345342672,-1.5647655673902035e-09,-0.4232072855883763,-0.1550679417363266,0.46017689696898445,-2.79713011772537,0.0005281650142419567,1.00000285659124,16.974565140936495,1,0.24651565152621205,0.6825088119368593,0.7220372138959587,1.2369772014953377,0.001340497111576556,1.0000003999650677,2.666433784196085,1,0.9536966711403634,-0.277953498251781,0.9839323570396504,-0.28674063703303526,1.1133403678774378e-06,1.0000000371212625,1.0147750652954401,1,-1.6124828123611696,-0.3742537470175215,1.665100678650313,-2.914689266526546,0.0017025970269211443,1.0000000335403505,0.22360233702555568,1,-5.455300129252402,-0.3459078024232631,5.476194156553938,-3.078324539181936,-0.001134868537893148,1.0000000823618593,0.006090538796801225,0
18.0,-0.003753619129980391,0.004731690344506913,-1.5681325477500882e-09,-0.3195380346066346,-0.28947800578909677,0.4388268349048634,-2.4200721490985457,0.0005266044178365189,1.0000027145313577,16.29384518972284,1,0.10299336389653622,0.7174797073273204,0.7231137316123611,1.441746058008219,0.0012860198032495498,1.0000003996961015,2.664640676612323,1,0.9813094438099113,-0.15322312480782138,0.9834447498413427,-0.1568299333898854,-2.7865111622173308e-05,1.0000000593376668,1.0188341665467278,1,-1.5867473293610814,-0.4634452310798369,1.6626859699047123,-2.8588808710238562,0.0017634287213226375,1.000000033429919,0.22286612654820254,1,-5.451554942501088,-0.39807873853069936,5.47600507854228,-3.068763981931225,-0.0013018500856349523,0.9999998022912918,0.00609043163421848,0
18.02,-0.003753619126795129,0.0047316903436877425,-1.5715030903646308e-09,-0.1554013020996434,-0.36929876226431335,0.40500954953452717,-1.9912960514573792,0.0005259075949006627,1.0000025316680698,15.955782693941675,1,-0.044406949428874874,0.7226065829642064,0.724219486844777,1.645895682803954,0.00126311402329869,1.0000003992537352,2.661691567161129,1,0.9928181108475851,-0.025946667706315218,0.983241567283015,-0.026827828154254375,-6.123893217402204e-05,1.0000003533608117,1.0225586283781563,1,-1.5555286594413236,-0.5510433107753012,1.659753893395447,-2.8028927524239897,0.001823769735565551,1.0000000333498145,0.2223320968690548,1,-5.447284538966462,-0.45021135585709887,5.4757894975886705,-3.0592027086109197,-0.001473221902408601,1.0000001226353237,0.006090413094229138,0
18.04,-0.003753619122339888,0.0047316903428794785,-1.5748657938722058e-09,0.04565257303569312,-0.36133713296196596,0.3635745542948576,-1.4723730037709188,0.0005258745258853948,1.0000024144701225,16.157512067717736,1,-0.18956120507046012,0.6978136777763538,0.7253085237318264,1.8494254143150988,0.0012856705366349104,1.000000398657737,2.6577182473056755,1,0.9880217999998173,0.10176723668077012,0.9833263611360392,0.1031899277166991,-9.989339951776947e-05,1.000000065800729,1.0258823840347848,1,-1.5189055251964487,-0.6367368283673902,1.656311771842864,-2.7466892409958903,0.001884007077935183,1.00000003330018,0.22200119912138563,1,-5.442489267662912,-0.5023006310322798,5.475547422436586,-3.049640626364154,-0.001647917953212809,1.0000000750278641,0.0060904831850374635,0
18.060000000000002,-0.003753619117259269,0.004731690342066152,-1.5782106210001506e-09,0.23142045485685356,-0.237680889585517,0.3252767700233298,-0.8217294360322961,0.00052797917613942,1.0000024859948147,17.147392311476768,1,-0.3264925281319588,0.6442583601591814,0.7263360163993312,2.0523600991557847,0.0013637900499162531,1.0000003979339982,2.652893321551964,1,0.967004165311227,0.22780155926093204,0.9836976440293035,0.23314726899445568,-0.00014322531342260658,1.000000034308741,1.028746411576166,1,-1.4769714526035453,-0.7202159191805723,1.65236831941461,-2.6902346031816107,0.001944749417155829,1.0000000332811685,0.22187445639614892,1,-5.437169520602309,-0.554341542966313,5.475278868077662,-3.040077642761172,-0.0018237859474001152,0.9999998033812533,0.006090641915935841,0
18.080000000000002,-0.003753619114344624,0.0047316903412173645,-1.5815412394417847e-09,0.3171855002872051,-0.01316356885153442,0.307576381449489,-0.04468771796789182,0.0005351258710459242,1.0000027833849503,18.87450583128052,1,-0.44961125173431654,0.5642626025546597,0.7272600701820151,2.2547485129416347,0.001495580871567732,1.000000397113272,2.6474218132341742,1,0.9301314987032532,0.3500714742688363,0.984348920255681,0.3629693408450641,-0.00019226444787765897,1.0000003517036578,1.0311001266712136,1,-1.4298351213438223,-0.8011723428241599,1.6479336793405566,-2.633493044122766,0.0020058400625383773,1.0000000332929462,0.22195297388272353,1,-5.4313257327970215,-0.6063290731175526,5.474983857558722,-3.0305136647256607,-0.0020000264419538774,1.0000001288544993,0.00609088929318137,0
18.1,-0.003753619117310968,0.004731690340308217,-1.5848950343311588e-09,0.24740729850669865,0.21796000621189393,0.32192965444979377,0.741096381753605,0.0005431255006153392,1.0000031519787844,20.456438998009613,1,-0.5539315586946479,0.4612010995629691,0.7280433379633322,2.456660911634954,0.001649284722811873,1.0000003962297876,2.6415319182049295,1,0.878044501181059,0.4665640315542968,0.9852688358145663,0.4925839830008797,-0.00025662322745339904,1.0000000960374165,1.0329025414935955,1,-1.37762076099252,-0.8792998715123642,1.6430194582564717,-2.576428715066075,0.0020649577730665236,1.0000000333356915,0.2222379429394292,1,-5.42495838226514,-0.6582582057614591,5.474662413290641,-3.02094859724452,-0.0021817062370640124,1.0000000675765606,0.006091225315938566,0
18.12,-0.0037536191242767574,0.004731690339358884,-1.5883202830226095e-09,0.06811149221781945,0.35478626675202624,0.3588625927969343,1.4078775730790003,0.0005448324041462656,1.0000033883106845,21.046113916026858,1,-0.6352583722709179,0.33935302958050034,0.7286544125433472,2.658185874743153,0.001784805418355384,1.0000003953198089,2.635465392966234,1,0.8116440334571313,0.5753757892809434,0.98644144293683,0.6219231396726966,-0.0003450355208494471,1.000000011556319,1.034123149754702,1,-1.3204685891277912,-0.9542947446990052,1.6376387558513839,-2.519005737118641,0.0021203135173133497,1.0000000334095958,0.22273063910543056,1,-5.418067990037595,-0.7101239282594477,5.474314544613484,-3.011382345215851,-0.002373477956179543,0.9999998047843087,0.006091649975614491,0
18.14,-0.003753619130853579,0.004731690338416535,-1.591828729051968e-09,-0.13454422886548723,0.37440240397196467,0.4006221366325972,1.9396473021577698,0.0005437042710763857,1.000003419855401,20.733694039216566,1,-0.6903399832944341,0.20372475349314287,0.7290689637890784,2.859426624160682,0.0018883477475386203,1.000000394420196,2.6294679743707934,1,0.7320713849765286,0.6747473961257271,0.9878465481693081,0.7509241479674869,-0.0004550901172862636,1.0000003444566983,1.0347425839886712,1,-1.2585352864031876,-1.0258561996328228,1.6318062130428457,-2.461188241821501,0.002172512091430769,1.000000033514862,0.22343241335618882,1,-5.410655120165563,-0.7619212313277717,5.473940256450843,-3.001814816069618,-0.002573425254106423,1.0000001348710827,0.006092163256535124,0
18.16,-0.0037536191353231547,0.004731690337515173,-1.5954019511738027e-09,-0.30429152375022467,0.30251224578702707,0.4356097178485281,2.3763963643922845,0.0005439715936635435,1.0000032623473796,19.928238229330866,1,-0.7169834526780368,0.059850619583901324,0.7292705861823715,3.0604969674084397,0.0019636043340684165,1.0000003935670223,2.6237801494288466,1,0.6406837847772645,0.7630942714654886,0.9894601374355606,0.8795308568468997,-0.0005807482244762159,1.0000001269498573,1.0347529091082583,1,-1.1919945025419894,-1.0936870878465539,1.625538071361027,-2.4029404158751015,0.002222454269065422,1.0000000336517012,0.22434467528827504,1,-5.402720379728489,-0.8136451093069256,5.473539561278111,-2.9922459190846626,-0.0027781119077752736,1.000000060019755,0.006092765134728695,0
18.18,-0.0037536191377163146,0.004731690336669616,-1.5990147024394843e-09,-0.4152222638096979,0.1725572645212669,0.45848273975658854,2.7576616161740275,0.0005457980931764637,1.0000029822692797,18.930636131373486,1,-0.7141310019867798,-0.08642129780107882,0.7292513499805576,-3.021668322919364,0.002022290290986365,1.0000003927942769,2.618628511899811,1,0.5390260196009264,0.839032722398257,0.9912548784036073,1.0076945586889143,-0.0007165181681037402,0.9999999915398635,1.034157581123082,1,-1.1210373859347662,-1.1574945879109917,1.6188522267780456,-2.3442265559847515,0.0022705249322524557,1.00000003382033,0.225468867536842,1,-5.394264418843518,-0.8652905604311726,5.473112480121648,-2.98267556414495,-0.002985123384919161,0.9999998064982349,0.006093455577603857,0
18.2,-0.0037536191384949305,0.00473169033588294,-1.6026445431166492e-09,-0.45705601235527654,0.014172303627194105,0.4671196578228862,3.11311931391124,0.0005477040436001766,1.0000026825822839,17.921295679797907,1,-0.6818964310159478,-0.2291520756204751,0.7290120586125985,-2.8205767315152053,0.00208011415735392,1.0000003921326783,2.6142178551390978,1,0.42879910482437317,0.9014010444337607,0.9932006783868573,1.1353747215921544,-0.00085697768188439,1.0000003317347266,1.0329711261504912,1,-1.0458731279546116,-1.2169910250026954,1.6117682812078333,-2.2850111407217857,0.002316772014089384,1.0000000340209645,0.22680643060332034,1,-5.385287930675188,-0.916852587097494,5.472659040570229,-2.9731036612996546,-0.0031927703007244954,1.0000001406755419,0.006094234546822913,0
18.220000000000002,-0.003753619138027566,0.004731690335152745,-1.6062731587537793e-09,-0.42691640198265923,-0.14629663661763112,0.460925132781598,-2.8164960172128524,0.000549093834449695,1.0000024672617136,17.018148447463858,1,-0.6215611698226947,-0.36253725962829336,0.7285622135859677,-2.619294325512217,0.002149890441042669,1.0000003916086102,2.6107240683516943,1,0.31182698164470146,0.9492753681362646,0.9952652769002983,1.2625395147928327,-0.0009965076397452232,1.00000015775098,1.0312185477281215,1,-0.9667295113176171,-1.2718948079662222,1.6043075945057093,-2.2252589208323372,0.002361076610396922,1.0000000342538136,0.22835875642649156,1,-5.375791651444071,-0.9683261961339311,5.472179275554972,-2.963530120691583,-0.0033996499441036835,1.000000052369421,0.006095102003812607,0
18.240000000000002,-0.0037536191364071986,0.004731690334474246,-1.6098847364790295e-09,-0.3268422304961933,-0.28277601128197005,0.4403166799316978,-2.441329765198364,0.0005521504610278813,1.0000023980563444,16.32310121049611,1,-0.5355300116660502,-0.4811285336066739,0.7279196912795101,-2.417708941611811,0.002234973086273428,1.000000391243174,2.608287826840171,1,0.19002219194774078,0.9819802177688481,0.9974148558648882,1.3891661284194132,-0.001129017725690069,0.9999999747654174,1.0289344978717978,1,-0.8838534498537809,-1.3219314945235685,1.5964933364486122,-2.1649350292618053,0.002403255030932648,1.0000000345190694,0.23012712851203587,1,-5.365776360433588,-1.019706399067984,5.471673222922573,-2.953954852575499,-0.003604391411736213,0.9999998085203171,0.006096057915983878,0
18.26,-0.003753619133432126,0.004731690333840691,-1.6134633696370665e-09,-0.1655402574344429,-0.36634493630651993,0.40708526637932385,-2.016213181430506,0.000558978683566124,1.000002473504113,15.962381027834684,1,-0.4272470280762422,-0.5800455256331206,0.7271101376292106,-2.215719751269349,0.002333238164034929,1.0000003910514015,2.6070093439052973,1,0.06535141630486913,0.9990939286921926,0.9996146519743958,1.5152408970325604,-0.0012477063141700419,1.000000313901135,1.0261622585335735,1,-0.7975115049274155,-1.366834994924197,1.5883505374771467,-2.1040051129247312,0.0024432210521943562,1.0000000348168971,0.23211264796633224,1,-5.355242879994395,-1.0709882123960293,5.471140925596257,-2.9443777673583487,-0.0038054171749414005,1.0000001462586798,0.0060971022613592035,0
18.28,-0.0037536191287569167,0.004731690333240209,-1.616990833331472e-09,0.03452084680507435,-0.36395254622799766,0.3658568406677352,-1.5032720905124648,0.0005663363308710769,1.0000026471159074,16.128638977992217,1,-0.30107277134064037,-0.6551712306730492,0.726166073761605,-2.0132412590356608,0.0024428085702996355,1.0000003910417077,2.6069447178365444,1,-0.060198338894830374,1.0004492199280801,1.001829557384796,1.6407592428096078,-0.0013447348055441418,1.0000001877667637,1.0229525835810735,1,-0.7079903613396208,-1.4063489233526547,1.5799061367470235,-2.0424354887928478,0.002481303305168205,1.0000000351474225,0.23431615019736887,1,-5.344192075546914,-1.1221666578548117,5.470582432557902,-2.93479877562069,-0.004000612383327659,1.00000004463768,0.006098235029842197,0
18.3,-0.003753619122838965,0.004731690332647485,-1.6204489206635836e-09,0.22306454768427983,-0.2467711355704171,0.32698797033678445,-0.8603994226109534,0.0005731176787453443,1.0000028698417156,17.071614163430834,1,-0.16212474996728857,-0.7033241587013666,0.725125712998255,-1.8102068884161844,0.0025576812535424245,1.0000003912154776,2.6081031843017044,1,-0.18465224094830246,0.9861293317514215,1.0040246963013175,1.7657254588090592,-0.0014107084509856226,0.9999999617632748,1.0193624516113782,1,-0.6155972425165289,-1.440228104785476,1.5711890258114685,-1.9801933267382112,0.002518469227631133,1.000000035510718,0.23673811978163847,1,-5.332624855583642,-1.1732367626957492,5.469997801198062,-2.9252177879120698,-0.004187270557208046,0.9999998108473517,0.006099456220563545,0
18.32,-0.003753619119075676,0.004731690332017438,-1.6238369598617353e-09,0.3163527183156414,-0.025930931321152654,0.3077354496881413,-0.08817410404653038,0.0005834217299061232,1.0000030917919729,18.774012583463385,1,-0.016084419832268302,-0.722400015721602,0.7240315295060539,-1.6065719924397226,0.002665528301628687,1.0000003915668132,2.610445421322548,1,-0.30607828562992184,0.9564602140037921,1.0061659653987483,1.890152353961499,-0.001438846639476793,1.0000002915408404,1.0154537777718964,1,-0.5206602412167279,-1.468240243379066,1.5622300861645033,-1.9172468592206426,0.0025551967772123553,1.00000003590679,0.23937860036025554,1,-5.320542171672365,-1.2241935599620979,5.4693870992988325,-2.9156347137114715,-0.004364628312392806,1.000000151611652,0.00610076583603971,0
18.34,-0.003753619121720385,0.0047316903313117265,-1.627196784649912e-09,0.2546314286733755,0.2079270497302237,0.3204234628649585,0.7011747298636607,0.0005948226134994285,1.000003205979614,20.392983525575982,1,0.13102445077470012,-0.7114756564225363,0.7229286158551592,-1.402316136879947,0.0027367692495667882,1.000000392082561,2.6138837408860343,1,-0.42261570983582764,0.9119992909494654,1.0082205308566887,2.0140607766304197,-0.0014363884241798415,1.0000002164276485,1.011292128528932,1,-0.4235285387722621,-1.4901677570699503,1.553062212545995,-1.8535656148959931,0.0025890609844869436,1.0000000363355628,0.2422370855835231,1,-5.3079450184616634,-1.275032088768371,5.468750397223725,-2.9060494598595747,-0.004538397677538093,1.0000000368367834,0.00610216387583669,0
18.36,-0.0037536191282990274,0.0047316903305443395,-1.6305824477105824e-09,0.07892261984630765,0.35111104666096016,0.35661128475274545,1.375695943475974,0.0006004695923774877,1.0000031540680774,21.040520853360835,1,0.2730792683132689,-0.6708684435110532,0.7218628629579144,-1.1974445018836475,0.0027475018250780288,1.0000003927426324,2.618284216371416,1,-0.5325008914025701,0.853521336709406,1.0101572898901645,2.137479040054699,-0.001416375494932156,0.9999999530440301,1.0069454741420125,1,-0.32457248329415717,-1.5058097807804929,1.5437203080093176,-1.7891206834164985,0.002617485511151038,1.0000000367968576,0.24531238308992256,1,-5.294834433688766,-1.3257473945809215,5.4680877531476275,-2.8964619319015115,-0.0047141327633536565,0.9999998134756524,0.006103650334094792,0
18.380000000000003,-0.0037536191342358886,0.0047316903297559875,-1.6340083624274276e-09,-0.12425943166744594,0.3765691404794453,0.39847452047758114,1.9138551596643634,0.0006019954691617592,1.000003030202534,20.766088288049303,1,0.4041151041945453,-0.6021451846053102,0.7208790327462532,-0.9919882690330946,0.0027083566751690824,1.0000003935206208,2.623470804908898,1,-0.6340905787192814,0.7820019772514334,1.0119472912057044,2.260442289948506,-0.0013810361921697892,1.000000265410811,1.0024830014739816,1,-0.22418349469863275,-1.5149843366915425,1.5342412658405478,-1.723885022517075,0.0026409932098052885,1.0000000372903683,0.24860245604289152,1,-5.281211498187815,-1.3763345294993024,5.467399218049327,-2.8868720369827736,-0.004890730154754776,1.0000001567259769,0.006105225199774149,0
18.400000000000002,-0.003753619138223449,0.004731690328971969,-1.6374621270454776e-09,-0.2966430727785762,0.30872858059093977,0.4340024736129895,2.3546271338248213,0.0006023152576378414,1.0000029437898599,19.97824900211651,1,0.5185833563791024,-0.5080766090045541,0.7200188162825591,-0.7860038642016861,0.0026432579973849177,1.0000003943847304,2.629231536802448,1,-0.7258823883756546,0.6985992968577434,1.0135640956027232,2.3829918264200414,-0.0013287107440852007,1.0000002432448682,0.9979740011965161,1,-0.12277376156805182,-1.5175306648931568,1.5246639475493025,-1.6578337949463553,0.00266076879183189,1.0000000378156375,0.2521042498438742,1,-5.267077335898476,-1.426788552539219,5.466684847664389,-2.8772796835985774,-0.005065932149668003,1.0000000289790918,0.006106888454835513,0
18.42,-0.0037536191404735995,0.004731690328201037,-1.640929035229624e-09,-0.41109692440997564,0.1810982365923907,0.4576003214180086,2.7380539840623075,0.0006015812778639209,1.0000029226430422,18.985640172508106,1,0.6116001710236272,-0.3925359176163984,0.719318963588094,-0.5795709866853627,0.002572420103722527,1.000000395299008,2.63532672018632,1,-0.8065325844322309,0.6046339749191705,1.014984084829615,2.5051743834127795,-0.0012599232464483206,0.9999999490471215,0.9934868459794505,1,-0.020775692194766784,-1.5133117018430142,1.5150291368091513,-1.590944730521913,0.002677345289510996,1.0000000383720262,0.25581350811548137,1,-5.252433113876073,-1.4771045299173908,5.465944703936206,-2.8676847804092715,-0.005238985587616412,0.9999998164010561,0.006108640071314752,0
18.44,-0.003753619141298071,0.004731690327444805,-1.644398222840418e-09,-0.4567729946897899,0.023551084614834513,0.46702906584171855,3.094269059821566,0.0006001301271662418,1.0000029202359804,17.973639857348385,1,0.6791713640519225,-0.26034317673104546,0.7188095834280651,-0.3727894465711266,0.0025085458541461002,1.0000003962248418,2.641498944812068,1,-0.874871206635561,0.5015683181608569,1.0161867253794385,2.6270413817902165,-0.0011781497949422735,1.000000236382667,0.9890881054978076,1,0.0813589198060593,-1.5022166873496805,1.5053794621067402,-1.523198517496414,0.002690799146592547,1.000000038958687,0.2597245794622893,1,-5.237280042303034,-1.5272775353377959,5.46517885264859,-2.858087235812256,-0.005410160321520449,1.000000161593553,0.006110480009432789,0
18.46,-0.003753619140818616,0.004731690326702281,-1.6478614798653285e-09,-0.43050094095979846,-0.13745937212766995,0.46163214113002815,-2.835820414622303,0.0005989747390897739,1.000002867637924,17.062241503870027,1,0.7183807514984445,-0.1170609717906211,0.7185127149329298,-0.16577491493538568,0.0024561071662813415,1.000000397122672,2.6474844798005197,1,-0.9299146501411709,0.39098448904357996,1.017154785600557,2.7486481701458523,-0.0010883553873228975,1.0000002677849729,0.9848417862176938,1,0.1831600558181773,-1.4841638731143165,1.4957592873771264,-1.4545792217796472,0.002701031881633441,1.0000000395745325,0.26383021637488274,1,-5.221619374501406,-1.5773026502789447,5.464387361619171,-2.8484869579448415,-0.005580147099144485,1.0000000210770559,0.006112408217193994,0
18.48,-0.003753619139032412,0.004731690325970565,-1.6513115863852484e-09,-0.3340494394376332,-0.27592777456624595,0.44177072984086074,-2.4624696251827927,0.0005990347822931863,1.0000027311683657,16.35319815939076,1,0.7275301609147203,0.031249593560992973,0.7184412615906217,0.04134622216528638,0.002412112183435102,1.0000003979538221,2.6530254812203067,1,-0.9708758185194377,0.274562170750425,1.0178745080918312,2.870053262974463,-0.0009949793838235682,0.9999999500945995,0.9808086373551478,1,0.284140998512215,-1.4591032971973246,1.4862145679247423,-1.3850747292453574,0.002707941575589085,1.0000000402182054,0.2681213690165551,1,-5.20545240694604,-1.627174964282043,5.4635702997672,-2.8388838548234525,-0.005749671041282287,0.9999998196189285,0.006114424631413379,0
18.5,-0.0037536191359309416,0.0047316903252441625,-1.654741447814842e-09,-0.17564584642063427,-0.36315184382672105,0.4091365317992207,-2.0409075770197274,0.0006005345549540946,1.0000025469268212,15.970357378875281,1,0.7062219630891787,0.17830023190522723,0.71859835793108,0.24844263500563632,0.0023687456181537476,1.0000003986823434,2.657882288564377,1,-0.9971719727153764,0.1540558544594241,1.0183357412456686,2.991317580430356,-0.0009010883187754972,1.0000002053886101,0.9770455400175322,1,0.38380026200352413,-1.4270195792490181,1.4767926680933763,-1.3146772047804167,0.002711568079812444,1.0000000408880467,0.2725869782754778,1,-5.188780479277548,-1.6768895752398647,5.462727736909268,-2.829277834536472,-0.005919134490795943,1.000000166206669,0.006116529179846435,0
18.52,-0.0037536191315549012,0.004731690324513309,-1.6581439103713347e-09,0.0232815850070157,-0.3662412320944555,0.36814095083747045,-1.5338161011831706,0.0006028925594533876,1.000002416941157,16.101957002275622,1,0.6553785473225171,0.31785946371122265,0.7189772117458932,0.45538411665010975,0.00231786010977581,1.0000003992767532,2.661845020718572,1,-1.00843038599297,0.031271885738914415,1.0185320323731755,3.11250369146056,-0.0008072646230856061,1.0000002896511941,0.9736049896823268,1,0.4816239596630452,-1.3879346812324336,1.467542137469645,-1.2433835601658354,0.002712303975247367,1.000000041582066,0.2772137737195132,1,-5.171604974314631,-1.7264415896865228,5.461859744533099,-2.819668805451162,-0.006088181052232072,1.0000000131431972,0.006118721783669411,0
18.54,-0.00375361912641849,0.004731690323759735,-1.6615135092420963e-09,0.21434948331774142,-0.25555289402393055,0.32875040475081496,-0.8986752700061584,0.0006065661525691865,1.000002465883376,16.998321608208837,1,0.5771973973930827,0.44403346409602673,0.7195614320780617,0.6620475852071881,0.002255527112652905,1.000000399711555,2.6647436997441454,1,-1.0044918932702673,-0.09195463186935858,1.0184606846097313,-3.049510245387123,-0.0007107917839225282,0.9999999563573679,0.9705346547298204,1,0.5770886368675623,-1.3419105680919021,1.4585124437526302,-1.171195921238527,0.0027111499509401933,1.0000000422979125,0.281986083593957,1,-5.153927318065886,-1.7758261230885406,5.460966398233482,-2.810056676249281,-0.006255567806266767,0.9999998231241725,0.0061210023593213665,0
18.560000000000002,-0.003753619123020577,0.004731690322951939,-1.6648569495670423e-09,0.31496071625848926,-0.03866793104659597,0.30798650577250114,-0.13158701894229607,0.0006143842044128807,1.0000027456309604,18.673577369015668,1,0.47504482035897067,0.5515282384361191,0.7203258195918674,0.8683226665989884,0.0021780346828584596,1.000000399968436,2.6664562397741336,1,-0.9854123941651254,-0.21378300502126468,1.0181227783548625,-2.9282899984326862,-0.0006091409840437602,1.0000001733760664,0.9678769939392088,1,0.669664586655404,-1.2890516927375972,1.4497536633986288,-1.0981220821397342,0.002709110394415649,1.0000000430328504,0.2868856694438375,1,-5.135748979740935,-1.8250383001373816,5.460047780745104,-2.800441355163093,-0.006421698803423745,1.000000170558017,0.006123370818990667,0
18.580000000000002,-0.0037536191252998175,0.004731690322061209,-1.6682136984736556e-09,0.2614323509494833,0.19759652624030596,0.31898343193641415,0.6609259806728669,0.0006246765456651917,1.0000031194927501,20.326850133450392,1,0.3532954165840605,0.6358792364229024,0.7212375693137746,1.074116541664197,0.0020673574717634344,1.0000004000370737,2.6669138241120747,1,-0.951462335311632,-0.33239013432646963,1.0175231521189838,-2.8069578458290527,-0.0005074464231767861,1.0000003084740239,0.9656689204310418,1,0.7588196542065966,-1.2295072201935642,1.4413161303465634,-1.0241759274917226,0.002704664761486968,1.0000000437837395,0.2918915972166756,1,-5.117071471761615,-1.8740732550434076,5.459103976409558,-2.7908227483770407,-0.00659332070309918,1.0000000051900875,0.006125827070699916,0
18.6,-0.0037536191320699697,0.004731690321102684,-1.6716395570288284e-09,0.08957719301272568,0.34706830220442597,0.3543748986484523,1.3431528444904886,0.0006280250716462278,1.0000033754023123,21.032647468289905,1,0.21712760467295517,0.6936372643126747,0.7222578143378865,1.2793578261507945,0.0019142617881166247,1.000000399915503,2.6661033529746576,1,-0.9031241617474891,-0.4459936600890046,1.016670343568383,-2.6854520956575483,-0.0004117131941110414,0.9999999678346333,0.9639415030477836,1,0.8440235216286843,-1.1634728986491016,1.4332500291838348,-0.9493778038667554,0.002694981253817446,1.000000044547022,0.2969801464682207,1,-5.097896349773084,-1.9229261318306154,5.458135056058266,-2.781200760962848,-0.006776537641507428,0.9999998269112353,0.006128371021627411,0
18.62,-0.003753619138828847,0.004731690320124654,-1.6751563599801123e-09,-0.11396321665034763,0.378444269106448,0.3963107146745953,1.8878193048959806,0.0006203619024108454,1.0000034270181142,20.797400718019382,1,0.07228762915722013,0.7225030256217795,0.7233434120806226,1.4839993330179282,0.0017409333611710066,1.000000399610013,2.6640667541365626,1,-0.8410876920590669,-0.5528750066265822,1.0155765088919313,-2.5637131494791174,-0.000319061388428484,1.0000001412705093,0.9627196943745673,1,0.9247524465638359,-1.0911924809471485,1.425604934017987,-0.8737548384777436,0.002679972577595676,1.0000000453187161,0.3021247740684559,1,-5.078225212652735,-1.971592084631767,5.4571410796570134,-2.771575300031529,-0.006969598798145654,1.0000001746407035,0.006131002584127579,0
18.64,-0.0037536191435521313,0.004731690319166154,-1.6787524597435682e-09,-0.288904131115619,0.3147495455189382,0.4323648525942977,2.332718984280306,0.0006102283353529713,1.0000032848025053,20.027976070418067,1,-0.07516462939336054,0.7214063315400147,0.7244488653964675,1.6880196062282715,0.00156767665766782,1.0000003991346946,2.660897964064024,1,-0.7662433407898667,-0.6514022398722699,1.0142573122032499,-2.4416842487705464,-0.00022505140976626848,1.0000003239086177,0.9620220745456521,1,1.000494407668571,-1.0129585981615736,1.4184293203760174,-0.7973411854943679,0.0026609721471236238,1.0000000460944225,0.3072961493141174,1,-5.058059702516491,-2.0200662779851646,5.456122109475977,-2.7619462749719133,-0.00716895304405923,0.999999997230329,0.0061337216787970585,0
18.66,-0.0037536191461654727,0.00473169031824739,-1.6824067408313659e-09,-0.406846598558471,0.18952951060436637,0.456680738094798,2.7183827589898497,0.0006026537156843235,1.0000030118170622,19.040812887311326,1,-0.2191149964895517,0.6905295483285647,0.7255282702594866,1.8914232488031952,0.0014117818201734417,1.000000398510652,2.656737680394728,1,-0.6796730866046101,-0.7400526196055058,1.0127317704275483,-2.319312218303208,-0.00012825650433194785,0.9999999843439467,0.9618606078048113,1,1.0707545884362553,-0.929112989793905,1.4117700515271225,-0.7201781699375548,0.002639136304395681,1.0000000468693402,0.31246226860136717,1,-5.037401504723719,-2.0683438871342057,5.455078213679755,-2.752313596326104,-0.007372279240748422,0.9999998309741184,0.006136528234220491,0
18.68,-0.00375361914712433,0.004731690317376793,-1.6860994983027011e-09,-0.4563520131166491,0.03289674266016022,0.4668974545849989,3.075416712637883,0.0005971880996581137,1.0000027093260802,18.026446407546352,1,-0.3536476247010634,0.6312778781266231,0.7265372159227461,2.094240150087643,0.001287076998229081,1.0000003977648806,2.651765870030378,1,-0.5826390682041129,-0.8174346838715836,1.0110220557446035,-2.196548210594189,-3.0273509952550005e-05,1.0000001099439606,0.9622404131651127,1,1.1350611084053033,-0.8400460034721051,1.4056718387263105,-0.642314313720638,0.0026153289303194973,1.0000000476382986,0.3175886582098451,1,-5.016252347881228,-2.1164200983297725,5.454009465245976,-2.742677175277171,-0.0075779843112759645,1.0000001784482617,0.006139422185411634,0
18.7,-0.0037536191468092567,0.00473169031655739,-1.689814098978365e-09,-0.4339485491581544,-0.12857975972398156,0.4622963529698614,-2.855082763580316,0.0005926934918395221,1.0000024831365975,17.107066879032356,1,-0.4732807952931916,0.5462013346397245,0.727434563332789,2.2965237242269048,0.001199187921521593,1.0000003969289675,2.6461931166825194,1,-0.47656968532993504,-0.8823096507143746,1.009153255873939,-2.0733484449697506,6.539113955394065e-05,1.000000335635461,0.9631595528357397,1,1.192970888837497,-0.7461952908546174,1.4001766865280443,-0.5638052312588115,0.0025902751786228114,1.000000048395801,0.322638672335228,1,-4.994614003846937,-2.164290109135592,5.4529159410447905,-2.7330369235617846,-0.007784609873494209,0.9999999892765349,0.006142403471596985,0
18.720000000000002,-0.0037536191453437966,0.004731690315789913,-1.6935355361992477e-09,-0.3411383795750736,-0.26895365575161373,0.44318387837839723,-2.483464752715587,0.0005888324777679775,1.0000023998758807,16.384386547718183,1,-0.5731778706464634,0.43887475655512725,0.7281840339621529,2.4983483106108753,0.0011452337335806915,1.0000003960376895,2.6402512637608635,1,-0.36304309202806734,-0.9336118636282121,1.0071530896025394,-1.9496749318118434,0.00015457762748896073,1.0000000055183658,0.964608845183603,1,1.24407552010396,-0.6480436460070298,1.3953233369884641,-0.4847133829023369,0.0025646645630067293,1.0000000491360834,0.3275738897936882,1,-4.972488287733609,-2.2119491287366078,5.451797721635731,-2.7233927535104856,-0.007990517586247433,0.9999998353063859,0.006145472033588785,0
18.740000000000002,-0.003753619142557711,0.0047316903150733235,-1.697247867856605e-09,-0.18568785328611914,-0.3597346947867858,0.4111569956397144,-2.0653403002872497,0.0005860976542823101,1.0000024631537636,15.980000329534318,1,-0.6493274161467043,0.3137429665886883,0.7287555618536761,2.6998059013772484,0.0011169874984323664,1.0000003951275644,2.6341837626717695,1,-0.2437679958758035,-0.9704679450362584,1.005051575144488,-1.8254961701498824,0.000233279509866105,1.0000000801864064,0.9665717099048763,1,1.288006981932801,-0.5461159576197215,1.3911467271509028,-0.40510767831527206,0.002539231776696966,1.0000000498531911,0.33235460818602025,1,-4.949877057912475,-2.2593923782502516,5.450654891644138,-2.7137445781274527,-0.008193633788186652,1.0000001819746605,0.006148627810984491,0
18.76,-0.0037536191380849017,0.004731690314401898,-1.700931743977424e-09,0.011972980752805791,-0.36820792853318046,0.37042169115710294,-1.563951088098616,0.0005857135285550934,1.0000026284357828,16.077789019177665,1,-0.6986883321052564,0.17593837368523813,0.7291263771676015,2.9010023566874454,0.0011068676721624497,1.0000003942354174,2.6282361158595395,1,-0.1205617225385455,-0.9922142607616075,1.0028806504887167,-1.700787804151396,0.0002993130085949523,1.0000003433612183,0.9690240564983544,1,1.3244430569921524,-0.4409752762903752,1.3876774747181084,-0.32506292746850907,0.002514878115355974,1.0000000505410644,0.33694042905806765,1,-4.926782216017065,-2.3066150910406313,5.449487540931121,-2.7040923111823574,-0.008391123801872272,0.9999999813413092,0.006151870739163729,0
18.78,-0.003753619132209703,0.004731690313757154,-1.7045660252214268e-09,0.20531353423221277,-0.2640113291142991,0.330562665476722,-0.9364849370563653,0.0005888462872310486,1.0000028456030545,16.92789402014801,1,-0.719297311571343,0.031078127663869012,0.7292818017245617,3.102053256894445,0.0011146036937947784,1.0000003933970076,2.6226467171472367,1,0.004674428728225611,-0.9984122418062287,1.000673746409941,-1.5755332223269638,0.00035497091064251053,1.000000030808527,0.9719342656927681,1,1.353112274483657,-0.3332180313817238,1.3849414071036072,-0.2446591436695463,0.0024928086521545044,1.0000000511936382,0.3412909217934474,1,-4.90320570694768,-2.3536125130357655,5.44829576731448,-2.6944358671662627,-0.008579376259306139,0.9999998399011755,0.006155200745779096,0
18.8,-0.003753619127957504,0.004731690313100161,-1.7081433116919453e-09,0.3130252578788198,-0.05134345652203223,0.3083355350207297,-0.1748515293095476,0.000597265283212957,1.0000030689728758,18.573544072769995,1,-0.7103370364718968,-0.11495242971205498,0.7292157458215743,-2.9801057800999406,0.0011460738666884648,1.000000392645746,2.617638305970177,1,0.12998242806485025,-0.9888610626057237,0.9984653133833659,-1.4497240782628582,0.00040391709934354614,1.0000000526795252,0.9752632965959656,1,1.373798224682476,-0.2234684668796434,1.3829591506510956,-0.1639807105761949,0.0024740726188859307,1.000000051804952,0.34536634691141077,1,-4.879149518876512,-2.400379903047629,5.447079680395931,-2.684775160499853,-0.008756713171161468,1.0000001852143143,0.006158617746612677,0
18.82,-0.0037536191298774557,0.0047316903123928375,-1.711696468158913e-09,0.2678021390164809,0.18698548081443025,0.31762025995895116,0.6203757873260429,0.000607869063200891,1.0000031986872766,20.25794371010357,1,-0.6721642862681543,-0.2562236407384198,0.7289308987360446,-2.7789823547666797,0.001197878331062918,1.000000392011528,2.6134101859181347,1,0.2533771425764181,-0.9636071488253489,0.9962903059533776,-1.3233607015410052,0.00043906273699668546,1.0000003468195966,0.9789648635395559,1,1.3863430982996565,-0.11237240020975499,1.3817458006480836,-0.08311542867552017,0.002457858499949678,1.0000000523692623,0.3491284149271523,1,-4.854615683254275,-2.446912533094536,5.445839397923862,-2.675110103662462,-0.008928594146824644,0.9999999734372265,0.006162121642203599,0
18.84,-0.0037536191362630483,0.00473169031164597,-1.7152763315611552e-09,0.10006855573418481,0.34265762258649596,0.3521607457837852,1.31023203492821,0.0006116540669131563,1.0000031624369623,21.022095249370704,1,-0.6062976599863817,-0.3869865984912665,0.7284386144079968,-2.5776436290159412,0.001264491328449088,1.0000003915196976,2.6101313167710494,1,0.3728780118842336,-0.9229499848210155,0.9941836216400722,-1.1964523760092314,0.00044890857242436147,1.0000000594906964,0.9829857426857777,1,1.3906503252949283,-0.0005904397010746379,1.38131067925266,-0.0021534552750480515,0.0024423552725187426,1.0000000528811597,0.3525410642946993,1,-4.829606274817958,-2.4932056887246015,5.444575030118748,-2.6654406074174055,-0.009100544865534722,0.9999998447512092,0.006165712319675704,0
18.86,-0.003753619142341634,0.0047316903109017455,-1.7188962106971795e-09,-0.10365680540167359,0.38002205617907764,0.3941325074045329,1.861515877434003,0.0006085719645487848,1.0000030421948198,20.82721130654782,1,-0.5153650385496741,-0.5018933082469704,0.7277585116937326,-2.3759795095947993,0.0013561945858604153,1.0000003911901538,2.607934358458006,1,0.4865423039330453,-0.8674437124983355,0.9921795049766181,-1.0690174821901677,0.0004359723412716873,1.0000000279758632,0.9872662677784387,1,1.3866862163475355,0.11120917802939909,1.381657170534995,0.07881382701474411,0.0024275395331203667,1.000000053335683,0.3555712200291566,1,-4.804123411597111,-2.5392546693389018,5.443286678747484,-2.655766583863774,-0.009269930322096226,1.0000001881620924,0.006169389660488843,0
18.880000000000003,-0.0037536191464816455,0.004731690310188068,-1.7225389578254258e-09,-0.28107495419650397,0.32056745774010914,0.43069492675795934,2.3106555426137794,0.000603438781052555,1.0000029514841535,20.07706569141529,1,-0.403011387776744,-0.5962056775616478,0.7269177921598159,-2.173892155711777,0.001480120721675183,1.000000391036611,2.606910740699289,1,0.5924993502903517,-0.7978940712016002,0.9903109443844799,-0.9410834753632652,0.0004098486321652345,1.0000003457759794,0.9917410132502069,1,1.3744805464899519,0.2223579503041745,1.3827826531140348,0.1596949680175578,0.002414197637791619,1.0000000537284244,0.35818949535022826,1,-4.778169254916751,-2.585054788515249,5.4419744497346105,-2.646087946986654,-0.009432537987153725,0.9999999655768123,0.0061731535472936225,0
18.900000000000002,-0.0037536191488295725,0.004731690309514059,-1.7261833195475473e-09,-0.40247287015777766,0.1978406134059732,0.45572092767886935,2.6986419354283653,0.0005985683249525321,1.000002926245231,19.095871052872404,1,-0.27376816255851133,-0.6659867396559764,0.7259502750236481,-1.9712998622499625,0.0016273960950738615,1.0000003910660304,2.6071068694316617,1,0.6889850321840435,-0.7153503244782758,0.9886090671407126,-0.8126866676658587,0.0003790281962645123,1.0000000906854611,0.9963396666077156,1,1.3541260588961666,0.33219447902943494,1.384678544855115,0.24039960837142513,0.0024028002716209775,1.0000000540556229,0.3603708188826098,1,-4.751746009397289,-2.630601374334258,5.440638457392162,-2.6364046114934836,-0.009586119465788624,0.9999998498488045,0.00617700386691455,0
18.92,-0.003753619149720229,0.004731690308879566,-1.7298119208732088e-09,-0.4557960371065605,0.04219520590727422,0.4667227627854657,3.056564346895632,0.000594069244639383,1.0000029249008395,18.07948199907535,1,-0.1328865321776992,-0.7082671349329744,0.7248951667093658,-1.7681405045556484,0.001776718033675322,1.000000391278243,2.608521619798985,1,0.774375677171261,-0.6210919520966135,0.9871025407208102,-0.6838718058632531,0.00035008462397709034,1.0000000064895906,1.0009880936451905,1,1.3257769069134895,0.4400716584738748,1.3873304502041401,0.32083960848139037,0.002393458348854281,1.000000054314244,0.36209495940127184,1,-4.724855922951975,-2.6758897697084647,5.439278823102569,-2.6267164921432276,-0.009729834735965372,1.0000001908133263,0.006180940510363763,0
18.94,-0.0037536191492851655,0.0047316903082801854,-1.7334106212039957e-09,-0.43726288269093316,-0.11967536433365623,0.46291796011822645,-2.8742776501634277,0.0005898535212994727,1.0000028781968227,17.15241204369197,1,0.013862028115212997,-0.7211796025216811,0.7237955893807635,-1.5643743967705994,0.0019031798785535004,1.0000003916657947,2.611105297459791,1,0.847220443069074,-0.5166100518646357,0.9858169984551859,-0.5546914420265215,0.00032830303256739285,1.0000003400418631,1.0056095899252595,1,1.289646091981938,0.5453634981908527,1.3907184015057201,0.40093011347420104,0.002386064468666074,1.0000000545020389,0.3633469252682171,1,-4.6975012867829165,-2.720915332715072,5.437895673679875,-2.6170235035447975,-0.009863553221994099,0.9999999577725228,0.006184963370681474,0
18.96,-0.0037536191475332015,0.0047316903077082775,-1.7369671564786138e-09,-0.34811272603379495,-0.26187418746113794,0.4445587789482679,-2.5043126762192016,0.00058643525632086,1.0000027476592515,16.416441596153692,1,0.1604125442199411,-0.7040542576301481,0.7226969027265672,-1.3599864028852908,0.0019871046919920847,1.0000003922140408,2.614760271754991,1,0.906271221395246,-0.4035835893219779,0.9847745080316535,-0.42520509937454376,0.0003175214287657252,1.0000001233930902,1.0101262989575683,1,1.2460019906877775,0.6474714172250905,1.3948171858431468,0.48059052400378816,0.002380398741930925,1.0000000546175836,0.3641172239268844,1,-4.6696844353764595,-2.765673436932427,5.4364891402919975,-2.6073255601323977,-0.009987463828536585,0.9999998551858871,0.006189072339739556,0
18.98,-0.0037536191444703425,0.004731690307152723,-1.7404704938557558e-09,-0.19566901517038174,-0.35611679352072395,0.4131508836925078,-2.0895190100153673,0.0005840974109466487,1.000002562928515,15.991037510514957,1,0.30065354333681826,-0.65746794916682,0.7216448688529032,-1.1549871398101152,0.00202038297320727,1.000000392901522,2.6193434792454253,1,0.9505090957156257,-0.283850843644889,0.9839931002398302,-0.2954782442814815,0.0003202763214006908,0.9999999885056343,1.0144607648370538,1,1.1951640937837147,0.7458298713973728,1.3995967461989076,0.5597453486831,0.002376231119625571,1.000000054660296,0.36440197413018205,1,-4.641407746498052,-2.810159471779775,5.435059357885204,-2.5976225762216165,-0.01010174822345715,1.0000001931638176,0.006193267305410872,0
19.0,-0.003753619140119074,0.004731690306597429,-1.7439107818408017e-09,0.0005958932870151175,-0.36987811626958733,0.3727028869622932,-1.5937001488181737,0.0005817610945811252,1.0000024213045529,16.055787434227547,1,0.4286849652439563,-0.5832421772399823,0.720683727396737,-0.9494131289188978,0.0020094472563816413,1.0000003937006428,2.6246709514055615,1,0.9791664466690891,-0.15937661184611568,0.9834863737922424,-0.16558108512747902,0.0003385209633737498,1.0000003295048394,1.018537575653862,1,1.13749810204982,0.8399112065855306,1.4050226431674364,0.6383249202364607,0.002373466394554638,1.0000000546304306,0.3642028709718438,1,-4.612673641186731,-2.854368842860029,5.433606465335148,-2.5879144661250524,-0.010206165030325452,0.9999999500367258,0.00619754814986251,0
19.02,-0.0037536191348899353,0.00473169030601777,-1.7472809219452878e-09,0.1959638023663982,-0.2721684517457225,0.3324260337475254,-0.9738596204911857,0.0005794249546145946,1.0000024482396668,16.859969086536296,1,0.53907578041277,-0.48438600584640495,0.7198542642781343,-0.7433257901996174,0.001973661872713218,1.0000003945786617,2.6305244115320847,1,0.9917439067524587,-0.03221593528149577,0.9832631898844674,-0.0355872283255975,0.0003737456215244464,1.000000156549546,1.022285044816951,1,1.0734105374716014,0.9292296651830461,1.411056561456375,0.7162659638680896,0.0023722406754886054,1.0000000545290517,0.3635270109255317,1,-4.583484583749038,-2.8982969723055003,5.432130607165987,-2.5782011442110786,-0.010299908273493821,0.999999860754003,0.006201914748474243,0
19.04,-0.003753619130998998,0.004731690305375821,-1.7505856902966244e-09,0.31054963538563257,-0.06397028275171232,0.3087824363714122,-0.21798953469673904,0.0005829991559862411,1.0000027087665124,18.473678893337848,1,0.6271086603901391,-0.3649831292574776,0.7191919743640723,-0.5368092320872487,0.0019329251069946233,1.0000003954989594,2.6366597286199527,1,0.9880215305366089,0.09552471349859738,0.98332746831806,0.09442776890493632,0.0004249742364854328,0.9999999742097935,1.0256368686243964,1,1.003343033203334,1.013344507939851,1.4176568448369111,0.7935120115161051,0.002372207346946785,1.0000000543579886,0.362386590369917,1,-4.553843081751929,-2.9419392991266036,5.430631936995345,-2.5684825243219795,-0.010384226777028696,1.000000195209845,0.006206366967934184,0
19.060000000000002,-0.0037536191325070697,0.00473169030463277,-1.7538626722810036e-09,0.27373481068853833,0.1760750865479008,0.3163339388555493,0.5794962160656405,0.0005909778742362255,1.0000030854998003,20.185999339791447,1,0.6889983864312033,-0.23002560181813594,0.7187254278517218,-0.3299668763445418,0.0018946425371390075,1.0000003964225852,2.64281723532023,1,0.9680637519566747,0.22172771390887105,0.9836780989962627,0.22438790567640735,0.00048170492743410766,1.000000314173623,1.0285336768278805,1,0.9277664626867052,1.0918622470191137,1.424779049564023,0.8700136607840174,0.0023706606496030217,1.0000000541197742,0.36079849504416645,1,-4.52375168601547,-2.98529127956398,5.429110615025706,-2.5587585179531502,-0.01046805260773715,0.9999999423816804,0.006210904663006035,0
19.080000000000002,-0.003753619138958863,0.004731690303790774,-1.75717240627829e-09,0.11039595067674593,0.3378520019471078,0.3499673334377808,1.2769023260194852,0.0005944156166510791,1.0000033604312397,21.008605798150423,1,0.7220710776183045,-0.08520041204303883,0.7184749150683137,-0.12291702918046286,0.0018583649080374427,1.0000003973100466,2.6487336441795306,1,0.9322179366078492,0.3443049015701961,0.9843089741508754,0.35421826751616586,0.0005277386431799641,1.0000001890990864,1.0309244422945625,1,0.8471750583186669,1.1644380165871253,1.4323765114406306,0.9457286931693154,0.0023643249107894023,1.00000005381757,0.3587837990967808,1,-4.493212990605939,-3.0283483874434816,5.427566791884302,-2.549029034048459,-0.010560928222113701,0.9999998665443327,0.0062155276755462814,0
19.1,-0.0037536191458249976,0.004731690302890577,-1.760546681529862e-09,-0.09333387035879877,0.381276306810167,0.3919380069845704,1.8349219049649783,0.0005927839745370482,1.0000034324612097,20.855363199226645,1,0.7248929585563011,0.06336130032383283,0.7184514538371922,0.08421240871860541,0.001834463518542477,1.0000003981231176,2.6541541166266596,1,0.8811065820875678,0.4612373266841354,0.9852091185172442,0.48384652898892944,0.0005555529075613525,0.9999999637333193,1.032767748490671,1,0.7620806546157035,1.230776132715146,1.4404008964646025,1.0206220714278043,0.002352633357275527,1.0000000534550804,0.3563672028111695,1,-4.462229632827694,-3.0711061145325513,5.426000603884173,-2.539293982128999,-0.01066324822804645,1.0000001969481687,0.006220235838333901,0
19.12,-0.003753619150765896,0.00473169030196798,-1.7639827051309231e-09,-0.2731453973352651,0.3261596370295693,0.42899151564730215,2.2884200735334783,0.0005897205171194589,1.000003306175192,20.125433028029114,1,0.6973401760017829,0.20935948273123128,0.7186562501834265,0.2912897778229275,0.0018360641781659229,1.000000398826666,2.6588444387989605,1,0.815613466985618,0.5706130482906923,0.9863629175710987,0.6132043685499767,0.0005629430805143729,1.0000002942281394,1.0340327369551725,1,0.6730071706467158,1.2906299140067348,1.4488027142104267,1.094665815821055,0.00233598940291496,1.0000000530364657,0.3535764370746206,1,-4.430804293212523,-3.113559970898245,5.424412184664716,-2.5295532734586557,-0.010773010063460865,0.9999999348195182,0.006225028978632708,0
19.14,-0.003753619153585821,0.004731690301041002,-1.7674672112173717e-09,-0.3979636270954112,0.20601208182185127,0.4547203985378745,2.6788171283852633,0.0005869360864734722,1.0000030411392886,19.1507649440255,1,0.6406049164354365,0.34660984923334404,0.7190806453119604,0.49818570862596695,0.0018626649368490918,1.000000399390359,2.6626023938954457,1,0.7368642762234168,0.6706619468637803,0.9877504524708609,0.7422287612432248,0.0005495050217323744,1.0000002200699223,1.0346997418016066,1,0.5804854245623262,1.3438008495287668,1.4575318028081838,1.1678387739673488,0.0023144751584012065,1.0000000525662467,0.3504416442096993,1,-4.398939695506569,-3.1557054852679407,5.422801670384319,-2.519806820182328,-0.010889873193028239,0.9999998725477045,0.0062299069191260855,0
19.16,-0.0037536191547316257,0.004731690300116753,-1.770988470456425e-09,-0.45509172914838236,0.051429351597668954,0.4665047484118585,3.0376978683198965,0.0005842199442708724,1.000002736705417,18.132712472594584,1,0.5571373905863741,0.46932213785051,0.7197065406165305,0.7047790256052158,0.0018876101005579143,1.0000003997901035,2.6652673565787484,1,0.6462024146492533,0.7597866911971549,0.9893479264151787,0.870863123245369,0.0005210231493371866,0.9999999571967706,1.034760518496431,1,0.4850483511566402,1.390137209460377,1.4665377813391864,1.2401263096353756,0.002288024995009254,1.0000000520492138,0.34699475885230785,1,-4.366638606655179,-3.1975382053928576,5.421169198914383,-2.5100545347919105,-0.011014491085276568,1.0000001983760372,0.0062348694780721015,0
19.18,-0.0037536191546030887,0.004731690299198072,-1.7745382047476554e-09,-0.4404295009330723,-0.11076199789780607,0.46349660875165966,-2.8934195790603585,0.0005811508952971422,1.0000025002068824,17.198248861762718,1,0.450527610904234,0.5723566419385517,0.7205072564636548,0.9109621578864634,0.0018442559016200871,1.000000400009093,2.6667272857188276,1,0.5451608634627945,0.8365891881565677,0.9911281715640369,0.9990582818566064,0.000495077947472744,1.000000270057629,1.0342178668773623,1,0.38722667115495985,1.429532196986781,1.47577046111051,1.3115199296589337,0.0022567673601278405,1.0000000514903362,0.3432689083400896,1,-4.333903836785922,-3.239053698414376,5.419514908482472,-2.5002963300712087,-0.011147633967769216,0.9999999273622234,0.00623991646967962,0
19.2,-0.0037536191533502775,0.004731690298287032,-1.7781100251045012e-09,-0.35495637169796473,-0.2547049574463076,0.44589484716318484,-2.525028494161841,0.0005782406120182693,1.000002402990253,16.449334268479404,1,0.3253347835622179,0.651445597279918,0.7214487453021858,1.1166457855649774,0.0016375753606964148,1.0000004000384097,2.666922732096226,1,0.4354310271661972,0.8998920545309695,0.993061232810679,1.1267732428408452,0.0004967951554087146,1.0000002486339572,1.0330846690082682,1,0.28754504042995477,1.4619217392376276,1.4851802123472428,1.3820168657169989,0.002221275592100848,1.0000000508946765,0.33929784314550177,1,-4.300738239189779,-3.280247551233021,5.417838936964004,-2.490532119232198,-0.011289693724440534,0.9999998787546092,0.006245047704986071,0
19.220000000000002,-0.0037536191508330827,0.0047316902973857785,-1.7816964427257165e-09,-0.20556989983359594,-0.3523142033789275,0.41511748831323214,-2.1134596972861313,0.0005767808227206059,1.000002453876176,16.003429342504976,1,0.1868751500421657,0.7033689458723124,0.72249108489138,1.3217625672216395,0.001215142428476128,1.0000003998773073,2.6658487149704877,1,0.31882955573156563,0.9487548541208322,0.9951150092050501,1.2539757195614234,0.0005382820954469322,0.9999999547337718,1.0313831911481353,1,0.18651868958252754,1.4872820107213849,1.4947182859488906,1.45161962655218,0.0021827089466188365,1.0000000502673112,0.3351154082468333,1,-4.267144710299858,-3.3211153708796837,5.416141421822458,-2.480761816129127,-0.011440307885578857,1.0000001994911911,0.006250262993504945,0
19.240000000000002,-0.00375361914668167,0.004731690296493796,-1.7852860171099771e-09,-0.010823923310786614,-0.37126689900094756,0.37498382728766344,-1.623080109408449,0.0005778347135965643,1.0000026106387199,16.03589283991354,1,0.04098100445746702,0.7260775727715264,0.7235902339039424,1.5262698398356032,0.0006335498769738303,1.0000003995333224,2.66355548212117,1,0.19726409388781121,0.9824850292607278,0.9972558938306519,1.3806424107350703,0.000603924148450446,1.000000242266792,1.029145503903961,1,0.08465054946021322,1.5056267752642218,1.5043370910558853,1.5203355343834712,0.00214282000901784,1.0000000496132608,0.3307550724065745,1,-4.233126189667477,-3.3616527848890825,5.414422500885997,-2.470985335524934,-0.011597923566631946,0.9999999200216141,0.006255562145647994,0
19.26,-0.0037536191410276944,0.004731690295600195,-1.7888640260928235e-09,0.18633305086676752,-0.2800310157605592,0.33433990362214583,-1.0108113695864087,0.0005822672712742233,1.0000028220609676,16.79450867120202,1,-0.10625570310401954,0.7187608235780191,0.724700018137253,1.7301511183658789,1.8615156341067625e-05,1.00000039902199,2.660146599448314,1,0.07269882272977465,1.0006436500557494,0.9994493575043811,1.5067590783651084,0.0006668193623070806,1.0000002741315897,1.0264137154937691,1,-0.01757115397202147,1.517004622669887,1.5139904284742494,1.5881762573482738,0.002103825739925699,1.0000000489374306,0.3262495363925935,1,-4.198685659935119,-3.401855441675672,5.412682314799544,-2.461202593316945,-0.011759630554371328,0.9999998851552152,0.006260944975046244,0
19.28,-0.003753619136516279,0.004731690294674975,-1.7924256094127566e-09,0.30755991384141773,-0.07654097603046907,0.3093282922857446,-0.26100252003306984,0.0005917524201789708,1.0000030455462956,18.374029408042723,1,-0.24874224807665682,0.6818585428505646,0.725774195603959,1.9334162826950891,-0.0005227332917104779,1.0000003983659267,2.6557728442750794,1,-0.0528794269573443,1.003046290573999,1.0016604894882515,1.6323204895110255,0.0007100085843419099,0.9999999564829529,1.0232386001654654,1,-0.11967486193096845,1.521496165571789,1.5236336780273725,1.6551573475999686,0.002067528593067294,1.0000000482445641,0.3216304278216839,1,-4.163826146805726,-3.4417190109124163,5.41092101177779,-2.4514135061759825,-0.011923803181004689,1.0000002002918666,0.006266411298856144,0
19.3,-0.003753619137878246,0.004731690293685259,-1.7960029210367656e-09,0.2792421658524665,0.16486909022553076,0.3151270039251542,0.5382697956509304,0.0006038529555758468,1.0000031893864156,20.110918633212158,1,-0.3806349500330543,0.6170207659081275,0.7267684228911849,2.136100550882958,-0.0009525745579694538,1.0000003975935203,2.650623469209734,1,-0.17749380269651951,0.9897594542825079,1.003854530581117,1.7573302278543268,0.0007212192636121711,1.000000211650918,1.0196775265443585,1,-0.22120723631567035,1.5192112518589145,1.5332239410236639,1.7212977899010284,0.002032610671241347,1.0000000475392101,0.31692806789877553,1,-4.1285507190093,-3.4812391839135617,5.409138748007671,-2.441617989775365,-0.01209645270112736,0.999999912809324,0.006271960934700688,0
19.32,-0.00375361914421757,0.004731690292644186,-1.7996505765650872e-09,0.12057296600447621,0.33264759982081044,0.3477947848118344,1.2431332505366195,0.0006111904056816682,1.000003169504662,20.991983644855523,1,-0.49657027345412413,0.5270203410454503,0.7276420375174197,2.338262447637696,-0.001286874888506477,1.000000396737502,2.6449166791869443,1,-0.29920824509246974,0.9610930258128714,1.0059974087459191,1.8818003657540523,0.0006903240985236749,1.0000002960757892,1.015792719406277,1,-0.3217343429569072,1.5102862388053169,1.542720155058079,1.7866195675317786,0.0019954565840017246,1.0000000468256935,0.312171289561899,1,-4.092862488267989,-3.5204116740216156,5.407335673313421,-2.4318159580438796,-0.01228475590621171,0.9999998917393845,0.006277593697435487,0
19.34,-0.0037536191506374445,0.004731690291601982,-1.803387645379212e-09,-0.08297712494855626,0.3822051112762318,0.3897251281342149,1.8080138830018386,0.0006139806739385668,1.000003054047162,20.881725919416674,1,-0.5918696405424906,0.41562508328475334,0.7283596229223942,2.5399809846893877,-0.001542738273564488,1.0000003958334862,2.6388899084441717,1,-0.41615608070074245,0.9175892629813985,1.0080562576120076,2.0057510246495283,0.0006236124964418243,0.9999999625695855,1.0116498946957844,1,-0.4208425051750656,1.4948813660198608,1.552083185830481,1.8511472651637009,0.0019551500467682725,1.0000000461080938,0.3073872925743118,1,-4.0567646092590754,-3.559232216997218,5.405511924290633,-2.422007326056897,-0.012485782266434016,1.0000002007767979,0.0062833093998936815,0
19.36,-0.003753619155161578,0.0047316902905975705,-1.8071981034047113e-09,-0.26509904070742263,0.3315284773268035,0.42725229772538315,2.2659989927765563,0.0006162353781113742,1.0000029595045723,20.17301955228163,1,-0.6627124068559745,0.2874366679929626,0.7288923150662889,2.7413522242202557,-0.0017346809486518196,1.0000003949185126,2.6327900842879948,1,-0.5265661157141741,0.8600088588762925,1.0099998846169493,2.12920984200277,0.0005358384466956783,1.0000001791548436,1.0073170483995049,1,-0.5181388684578142,1.4731782556355175,1.5612758776119684,1.9149077084226047,0.001912582344036343,1.0000000453902294,0.30260152954133895,1,-4.02026027957479,-3.597696571411952,5.403667635809506,-2.412192011550834,-0.012693422921256275,0.9999999057367835,0.006289107853464502,0
19.380000000000003,-0.003753619157847292,0.00473169028965014,-1.8110583909283773e-09,-0.3933059487661794,0.21404969167081145,0.45367807977499075,2.6589009413898896,0.0006200791413593157,1.0000029299740671,19.20547866681167,1,-0.7062732104352215,0.1477035458753539,0.7292188285515042,2.942485361427236,-0.001882445236053741,1.0000003940296156,2.6268641043811733,1,-0.6287860658231805,0.7893145915267468,1.011799188373497,2.2522113526586156,0.0004393191587821934,1.0000003141328524,1.002863327616932,1,-0.6132517159602496,1.4453775599518446,1.5702630741443089,1.9779296298662357,0.0018685415460728179,1.000000044675644,0.29783762648852335,1,-3.983352739679122,-3.635800519045292,5.401802948087169,-2.4023699341088296,-0.012903387441456067,0.999999898496688,0.006294988865210106,0
19.400000000000002,-0.003753619159035059,0.004731690288768214,-1.814947022966279e-09,-0.4542309323281701,0.060607216633861594,0.4662444608499578,3.018811404737209,0.0006256388830975465,1.0000029292447636,18.186140371171316,1,-0.7208212989768819,0.002114903466532027,0.7293261923611923,-3.1396868376677314,-0.002005283394100273,1.0000003932024564,2.621349709661516,1,-0.7213032525434974,0.7066530414389399,1.013427528685498,2.374796308919894,0.00034210993372026826,0.9999999730620064,0.9983580103240787,1,-0.7058305727756061,1.4116967695660583,1.5790116239497602,2.040243364849485,0.0018236100161567485,1.0000000439676011,0.29311734039233095,1,-3.9460452728623703,-3.6735398652861284,5.399918007117293,-2.3925410144460493,-0.01311274329714863,1.00000020094522,0.006300952233294023,0
19.42,-0.0037536191588664588,0.004731690287954992,-1.818844496022376e-09,-0.4434460239196679,-0.10183041368791275,0.46403587114009853,-2.912517960309682,0.0006320460817337229,1.0000028882058958,17.24457631518973,1,-0.7057804541579379,-0.14341769725145911,0.7292101882332025,-2.9386712683535103,-0.0021127996692124665,1.0000003924700236,2.616466824312663,1,-0.8027625748253259,0.6133348060993877,1.0148610467708106,2.4970109628777344,0.0002493122746238823,1.0000001458043961,0.9938695448937577,1,-0.7955461345858723,1.3723681892993065,1.587490372379708,2.101880579697401,0.001778378934574796,1.000000043269083,0.2884605528651354,1,-3.908341205194308,-3.7109104395389645,5.398012963913464,-2.3827051741525973,-0.013319076027286136,0.9999998988152019,0.006306997742431307,0
19.44,-0.0037536191573585504,0.004731690287209447,-1.8227321167164912e-09,-0.3616736159585754,-0.24743704200670844,0.44719793871749197,-2.545631302812028,0.0006394297728210729,1.0000027638914317,16.483029972439592,1,-0.6617488230150012,-0.2829847201592307,0.7288754887650682,-2.7375308907877796,-0.00219888272491641,1.000000391861471,2.612409807705118,1,-0.8719818216248266,0.5108135833391014,1.0160789378468957,2.6189063258707703,0.0001641594566120197,1.0000003280859409,0.9894646503695526,1,-0.8820900533568101,1.3276370843418224,1.595670141780108,2.1628740311108334,0.0017335323912458012,1.0000000425827948,0.28388529870545376,1,-3.870243905476333,-3.7479080956342705,5.39608797408102,-2.3728623356383682,-0.013520050347456495,0.9999999054164227,0.006313125160576389,0
19.46,-0.0037536191545197066,0.004731690286525923,-1.8265913608039863e-09,-0.21540125685222022,-0.3483208962172815,0.4170636068497857,-2.1371982347907696,0.0006471513182764662,1.0000025795034857,16.017069581419662,1,-0.5904784360811309,-0.4109030200720438,0.7283354810026903,-2.536148060379252,-0.0022458874968670404,1.000000391401177,2.60934117994153,1,-0.9279644265154069,0.4006644320074318,1.0170636784508884,2.7405374141316794,8.891034701385571e-05,0.9999999879292468,0.9852075202293465,1,-0.9651746097286173,1.2777599949888787,1.6035237018062838,2.223257355050813,0.0016898821156830141,1.0000000419111736,0.27940782364041683,1,-3.8317567851921965,-3.7845287122418294,5.394143197804206,-2.3630124221658684,-0.013713093994376903,1.0000002007968694,0.006319334238235778,0
19.48,-0.0037536191503528857,0.004731690285892615,-1.8304040041473846e-09,-0.022300101841018785,-0.37237367015345235,0.3772695040248337,-1.6521480023125414,0.0006540298142579244,1.0000024273456023,16.0179024262275,1,-0.49481460296159124,-0.5219340954537416,0.727611773323847,-2.334414261332591,-0.0022337824578277997,1.0000003911078899,2.60738593212443,1,-0.9699097840525308,0.28456145563481927,1.0178012102506706,2.8619624877132686,2.5385821783865104e-05,1.0000001126452325,0.9811591293359592,1,-1.0445322987380832,1.2230032153462371,1.6110257321041492,2.283064883425578,0.0016484695673054035,1.0000000412563996,0.27504266356981966,1,-3.792883298456934,-3.8207681932862028,5.392178800431632,-2.353155357953956,-0.013894991987971662,0.999999892055549,0.006325624711455947,0
19.5,-0.003753619145180058,0.004731690285288243,-1.8341536419004545e-09,0.17641104883588435,-0.2876004153666088,0.33630438101864896,-1.0474070210719157,0.0006600654063001862,1.0000024328942547,16.731296210305743,1,-0.3785958797975071,-0.611489930345722,0.7267334144683393,-2.1322342811077952,-0.0021456269114333605,1.0000003909939743,2.6066264948379945,1,-0.9972212506131154,0.16425509808960898,1.0182810825855593,2.983242288245167,-2.400703956670909e-05,1.000000337808727,0.9773766320866607,1,-1.1199153524570786,1.1636414292155293,1.6181527792285129,2.342331487171392,0.0016107860882943912,1.0000000406204108,0.2708027387192637,1,-3.753626941962608,-3.856622468363413,5.390194954514982,-2.343291068293316,-0.014061671396429545,0.9999999124876284,0.006331996307897623,0
19.52,-0.003753619140936839,0.004731690284676807,-1.8378336894865621e-09,0.3040439344827184,-0.0890502315585155,0.30996950225750797,-0.3039375476608992,0.0006679757821375741,1.0000026727889146,18.274591076023743,1,-0.24651600426885853,-0.6758197536753048,0.7257358452506109,-1.9295300274647535,-0.00197707260600811,1.0000003910648687,2.6070991254017777,1,-1.0095119419396585,0.041549191376065164,1.0184965550920353,3.1044392802203893,-5.674908437653795e-05,1.0000000070135435,0.9739128409013835,1,-1.191095220155943,1.0999564947993825,1.6248832075090134,2.401092444404268,0.0015785626404108035,1.0000000400049187,0.2666994577304764,1,-3.7139912549191645,-3.8920874931586926,5.388191844374319,-2.333419479187332,-0.014210733515606443,1.0000002003319843,0.0063384487528378025,0
19.540000000000003,-0.003753619141701138,0.004731690284016411,-1.8414683489002825e-09,0.28430158522678656,0.15336837386326663,0.3139960434520918,0.49666221254909126,0.000678844781858998,1.000003049893047,20.032797438289666,1,-0.10395022093650792,-0.71217065859947,0.7246595965621315,-1.726243854958978,-0.001757177680836037,1.0000003913187636,2.6087917572342416,1,-1.006608418329589,-0.08172214358170032,1.0184446566994703,-3.057568410036614,-7.703990995766473e-05,1.0000000806919,0.9708157747011441,1,-1.2578620237888438,1.0322363687690241,1.6311971406156667,2.4593833289473874,0.001551645669021672,1.0000000394114241,0.2627428280926048,1,-3.6739798189901474,-3.9271592498668437,5.386169667782081,-2.3235405155241327,-0.014348415785499145,0.9999998854685385,0.006344981770976076,0
19.560000000000002,-0.0037536191477616325,0.004731690283300464,-1.845109447173865e-09,0.13057873118228072,0.32703578000085143,0.3456396263035882,1.2088959554197405,0.0006851694954147169,1.0000033432024371,20.972356043019644,1,0.043250167448043476,-0.718914784295509,0.7235487506391965,-1.5223412558720955,-0.0015379348044858505,1.0000003917465057,2.611643371540405,1,-0.9885523193442135,-0.2037176704452427,1.0181262007658638,-2.9363465255741383,-9.388561861889974e-05,1.0000003432463187,0.9681282679699902,1,-1.3200240040117515,0.9607741595171454,1.6370764034318457,2.5172399104912295,0.0015274591978313389,1.0000000388412356,0.2589415700783132,1,-3.6335962582242423,-3.961833747616567,5.384128622352534,-2.3136540997170423,-0.014483961865957974,0.9999999196991045,0.006351595084778072,0
19.580000000000002,-0.003753619154654355,0.004731690282563187,-1.8487852464221799e-09,-0.07260294953669244,0.38279752322972516,0.387490792785652,1.7807742247134128,0.0006834655915841552,1.0000034360369567,20.906501438159285,1,0.18898941612089304,-0.6956358626429276,0.7224492070913159,-1.3178127778678628,-0.0013495756809578836,1.0000003923317629,2.6155450857681237,1,-0.9555999760859334,-0.3226122286802835,1.0175457746775955,-2.8150172882746367,-0.00010680805016054268,1.000000030014971,0.9658876281316962,1,-1.3774069696695952,0.8858672990430948,1.6425044816882126,2.574698073691423,0.0015050238986262813,1.0000000382954846,0.2553032311271785,1,-3.5928442389829804,-3.996107022898195,5.382068895115962,-2.3037601541932915,-0.0146165639012358,1.0000001995513053,0.006358288414407972,0
19.6,-0.0037536191597047214,0.004731690281836015,-1.8524883896829658e-09,-0.2569503178450059,0.3366624448023122,0.42547498433375186,2.2433824841145777,0.0006778796972279836,1.0000033263530148,20.2200573088713,1,0.32717749128176693,-0.6431685719990313,0.7214068189786269,-1.1126750033740547,-0.001202390476867632,1.0000003930514718,2.620343144881457,1,-0.9082199932907411,-0.43661988957692294,1.0167116998390298,-2.693518924248876,-0.00010897307071441459,1.0000000508863638,0.9641253269958536,1,-1.429853761700021,0.8078168228614356,1.6474664805139658,2.6317937632268755,0.0014850079198122552,1.0000000377751448,0.2518342982715619,1,-3.551727469864197,-4.029975139994817,5.379990671739618,-2.2938586032335353,-0.014741915619954523,0.9999998790646104,0.006365061477242677,0
19.62,-0.0037536191625810256,0.004731690281131264,-1.8562001584225551e-09,-0.38851297688260966,0.22194035981258511,0.45259184161451754,2.638887121679324,0.0006722814148915712,1.000003070140482,19.26023132778972,1,0.4519890464774934,-0.5635854818432503,0.7204654599828848,-0.9069704409948224,-0.0010982274206459161,1.0000003938765913,2.625843942833864,1,-0.847088758292099,-0.5440170150891684,1.0156359466787552,-2.571791719415267,-9.356579512142821e-05,1.0000003444026284,0.9628667184657642,1,-1.4772237405588504,0.7269267474271257,1.6519490737721079,2.688562941766427,0.0014679823629866519,1.0000000372810463,0.24854030764227436,1,-3.5102497016214653,-4.063434191417656,5.377894143728891,-2.283949372310366,-0.014858025753917464,0.9999999270394287,0.006371913984166166,0
19.64,-0.0037536191637263083,0.004731690280448433,-1.8599043026187867e-09,-0.45322436542760014,0.069713150585436,0.4659385944789546,2.999900759255212,0.0006677812775357483,1.000002764648408,18.23994948448041,1,0.5581196438182685,-0.46012849873030603,0.7196651028404732,-0.7007662407830639,-0.0010309163813491823,1.0000003947731664,2.6318211087663834,1,-0.7730838019616527,-0.6431651362027627,1.0143340084835293,-2.4497787701858957,-5.4474184634111555e-05,1.0000000564869573,0.9621307781295259,1,-1.5193923046102311,0.6435035347590669,1.6559404557351358,2.7450415564115604,0.001454080868386548,1.0000000368138926,0.24542595083838292,1,-3.468414727080402,-4.096480298345918,5.375779508648059,-2.274032387322339,-0.01496481617897253,1.0000001984560722,0.006378845635108495,0
19.66,-0.0037536191635537995,0.00473169027978159,-1.8635898917790383e-09,-0.44631821241556824,-0.09289937401152336,0.4645294847613347,-2.93157307391954,0.0006639494607608862,1.0000025184351593,17.291544318823966,1,0.6410263183031908,-0.3370846035883363,0.719040007802216,-0.4941517042631725,-0.0009875077641745996,1.0000003957036816,2.6380245442445873,1,-0.687274910821504,-0.7325335346288763,1.012824736990146,-2.327426733527558,1.3234194029928545e-05,1.0000000240646034,0.9619298608515976,1,-1.5562504454920358,0.5578556341863133,1.6594302982168778,2.801265514735363,0.001443120138461327,1.0000000363742767,0.24249517806203127,1,-3.4262263810525693,-4.129109611070884,5.37364696864957,-2.2641075742945573,-0.015063097752170585,0.9999998728539148,0.006385856116031545,0
19.68,-0.003753619162246748,0.004731690279123632,-1.8672499692284905e-09,-0.36826139492303417,-0.24009188236476164,0.44845730814973256,-2.566111125384274,0.0006607187155380003,1.0000024073891902,16.517681889704413,1,0.6971391229810827,-0.19960912902487457,0.7186171236452391,-0.2872346364198559,-0.0009522590264768502,1.0000003966286675,2.644191116105917,1,-0.5909128726642284,-0.8107213682147258,1.0111301385872191,-2.2046865717634194,0.0001125341215230913,1.000000341331342,0.9622694732834404,1,-1.587704345354881,0.47029309141333614,1.662409712509409,2.8572706699170904,0.00143472789267953,1.0000000359626944,0.23975129622724092,1,-3.3836885402468604,-4.161318309443486,5.371496729168047,-2.25417485932883,-0.01515395748927438,0.9999999344969744,0.006392945097997177,0
19.7,-0.0037536191597145625,0.0047316902784677855,-1.870878607417026e-09,-0.22514646628922963,-0.34415790143323416,0.418973784271088,-2.160702932504896,0.0006597060092196539,1.0000024456547019,16.032182637319156,1,0.7240309449585571,-0.053503546465248096,0.7184147986505316,-0.08013667649284142,-0.0009111001995160457,1.0000003975084784,2.650056521941766,1,-0.48541573307036817,-0.8764791284647994,1.0092751297030094,-2.081514286703019,0.0002442712716119821,1.0000000858392242,0.9631480584016203,1,-1.6136750200323648,0.3811272155167178,1.664871216039502,2.9130928137106857,0.0014284639708933334,1.000000035579559,0.23719706012522715,1,-3.3408051231777125,-4.1931026033244,5.3693289979955745,-2.2442341686847835,-0.01523828183513431,1.0000001970480243,0.006400112238392846,0
19.720000000000002,-0.003753619155588925,0.004731690277805637,-1.874467954986192e-09,-0.03379921606218697,-0.37321011001087356,0.3795415474502881,-1.6808330778836333,0.0006629225048833559,1.000002593664421,16.00221146213212,1,0.7205347606292853,0.09504170815301999,0.7184418848370263,0.1270121672810543,-0.0008544431044180441,1.000000398305152,2.6553676804245514,1,-0.3723524497456917,-0.9287291598115243,1.007287250264016,-1.9578716364216102,0.0004077601352483005,1.0000000009284966,0.9645568066803515,1,-1.6340980113779202,0.2906702949534287,1.6668087042261912,2.968767675963826,0.001423973501027067,1.0000000352252136,0.23483475691414318,1,-3.2975800900696957,-4.224458733036304,5.367143984944596,-2.234285428975541,-0.015316175063897767,0.9999998668462956,0.0064073571842536555,0
19.740000000000002,-0.0037536191498788443,0.0047316902771203755,-1.8780079834995744e-09,0.1662407815377155,-0.294862205774775,0.3383031720234407,-1.0835134173566459,0.0006697210072442673,1.0000027991707434,16.671056585223727,1,0.6868005315584816,0.23972591070117522,0.7186972955429517,0.33407947964290186,-0.0007776600566721187,1.000000398984233,2.6598948872111365,1,-0.2534238573312701,-0.9665849069134475,1.005196333037733,-1.8337268259787098,0.0006021520128766586,1.0000003341273789,0.9664795397948623,1,-1.648923131224211,0.19923535400499506,1.668217428155444,3.0243309298272014,0.0014211733689414193,1.0000000348999427,0.23266628460248717,1,-3.2540174427574953,-4.255382969817756,5.3649419029694485,-2.224328567443588,-0.015386494723842856,0.9999999420599295,0.006414679577048863,0
19.76,-0.0037536191448784414,0.004731690276377784,-1.8814974335479295e-09,0.3000211810066134,-0.1014514096160359,0.31070146767394907,-0.34659881415671645,0.0006794617777549053,1.000003021630645,18.176448290572598,1,0.6242878629070184,0.3744228841699812,0.7191700464428338,0.5409365478084047,-0.0006839141373796822,1.000000399516442,2.663442945908228,1,-0.13044089848377577,-0.9893684948583852,1.003034127535636,-1.7090551567975412,0.000824227094470566,1.0000001173452793,0.9688926420059982,1,-1.6581142588078701,0.1071359413512429,1.6690939774121625,3.0798182027993697,0.0014200596962836616,1.0000000346039837,0.23069322450471672,1,-3.2101212245800426,-4.285871616278593,5.362722972205089,-2.214363511891747,-0.015449029078803673,1.0000001953293967,0.006422079056733184,0
19.78,-0.003753619145384626,0.004731690275538157,-1.884970740259617e-09,0.28888777249259245,0.14161035002303163,0.31295253603651474,0.4548468676561402,0.0006914916280630208,1.0000031780979548,19.95242108322893,1,0.5356949247551643,0.4934560976018205,0.7198397796988665,0.747464253142731,-0.0005963476565951709,1.000000399879081,2.665860540296291,1,-0.005300142559578537,-0.9966261934305022,1.0008338803349934,-1.5838396115341669,0.0010584405218237412,0.9999999820216439,0.9717650168419929,1,-1.6616491930115842,0.014685942721634714,1.6694362619441139,3.1352650926567174,0.001419271481176883,1.0000000343375361,0.22891690760257172,1,-3.165895520268732,-4.31592100685822,5.360487422861162,-2.204390189147085,-0.015511858137229575,0.9999998610512754,0.006429555261737682,0
19.8,-0.0037536191513403,0.004731690274605134,-1.8884906459806783e-09,0.14037779581543772,0.3210184161742687,0.34351959461900783,1.1742895099972825,0.0006964247981180166,1.0000031751788028,20.94990930851448,1,0.42482845752704523,0.5918490001258121,0.7206777435086563,0.9535584144130754,-0.0005469415866244288,1.0000004000570695,2.6670471299351535,1,0.12004330062840858,-0.988141270043867,0.9986298640978193,-1.4580713555164655,0.0012797612796742607,1.0000003229179852,0.9750581429128666,1,-1.659519560322466,-0.07780059021513902,1.6692434913369147,-3.0924781278968774,0.0014161365616553105,1.0000000341007713,0.2273384751000738,1,-3.12134445583067,-4.3455275082879625,5.3582354831918435,-2.1944085234359316,-0.01558689377748672,0.9999999497163147,0.006437107825809405,0
19.82,-0.003753619157839755,0.004731690273625914,-1.8920891129911577e-09,-0.062233378034225996,0.38303458281091934,0.38525110222025305,1.7532510539813213,0.000689891689331016,1.0000030657332046,20.929563997661763,1,0.29642344547965443,0.6655377141997755,0.7216481619518534,1.1591343004286205,-0.0005507723710948486,1.000000400043539,2.6669569265618955,1,0.2436052622380754,-0.9639437055977907,0.9964568574464648,-1.3317501515895782,0.0014755652316872933,1.0000001501543185,0.9787262620529493,1,-1.6517307789983873,-0.17000960243691005,1.6685161733543,-3.0370052760849258,0.001409630001094276,1.00000003389384,0.22595893306101303,1,-3.07647219842766,-4.3746875200565505,5.355967366566338,-2.184418438638842,-0.015675075841514143,1.0000001933029152,0.006444736378213719,0
19.84,-0.0037536191625397557,0.004731690272641611,-1.895760246700684e-09,-0.2487061563458242,0.3415360702347997,0.4236716527976158,2.2205913408748827,0.0006802501357008505,1.0000029679081577,20.266304323304347,1,0.15592382922832618,0.7115363129532932,0.7227098889477078,1.3641300648609915,-0.0006105986919136635,1.0000003998400675,2.6656004503242383,1,0.36340406266317077,-0.9243162417828074,0.9943495992482084,-1.2048846611661685,0.0016431950312209172,0.9999999677108761,0.9827167085276739,1,-1.6383020796446177,-0.2616271972799537,1.667256127762484,-2.981466087184146,0.0014000493163328922,1.0000000337168802,0.22477920052585848,1,-3.0312829562500037,-4.4033974748776785,5.353683278918802,-2.174419860653222,-0.015772119029162562,0.9999998554780394,0.006452440546387297,0
19.86,-0.003753619165387101,0.004731690271674497,-1.8994880512240853e-09,-0.3835804771554051,0.22965867833365333,0.4514696857202941,2.6187823935025794,0.0006718360039626844,1.0000029339294174,19.314756677768784,1,0.009237220114000053,0.7280485609617282,0.7238182516808997,1.5685090012420506,-0.0007185809230178216,1.000000399456433,2.66304288685671,1,0.47749366820092753,-0.8697962515736006,0.9923422182028562,-1.0774925926996652,0.001781365192757742,1.0000003078558286,0.9869703946000222,1,-1.6192665821075474,-0.35233980489218614,1.665466495736349,-2.9258249673991013,0.0013877042045394004,1.0000000335700228,0.22380015126577252,1,-2.985780978384266,-4.431653839160078,5.351383427081283,-2.1644127171373375,-0.015875252018654584,0.999999957454003,0.006460219956194323,0
19.880000000000003,-0.003753619166734984,0.004731690270736642,-1.9032575602345725e-09,-0.4520606900271713,0.07872398482161312,0.46559206313175466,2.980965907641393,0.0006648937416188485,1.0000029333612848,18.29389736050365,1,-0.1375230164598671,0.7145237074437627,0.7249270033226987,1.7722605909852311,-0.0008616409517239715,1.0000003989099606,2.659399737468778,1,0.5839978641537303,-0.801172981180346,0.9904676394044998,-0.9496006803457014,0.0018894131874300892,1.0000001833103178,0.9914224713760844,1,-1.5946714282091785,-0.4418343650889009,1.6631517497777166,-2.870046286872889,0.0013727823126173594,1.0000000334533974,0.2230226494912937,1,-2.939970554675196,-4.4594531134806665,5.349068020242057,-2.154396936878972,-0.01598309728466673,1.0000001909717953,0.006468074230297406,0
19.900000000000002,-0.0037536191667346544,0.004731690269835593,-1.9070551526834123e-09,-0.4490308643898118,-0.08398956861422052,0.4649808860600267,-2.950588564202695,0.000658547533717782,1.0000028977145825,17.33895222715828,1,-0.2782956360362585,0.6716572633406844,0.725990281804191,1.97540037507987,-0.0010237088137931012,1.0000003982245713,2.6548304748308005,1,0.6811447245603351,-0.7194798043671851,0.9887569820759106,-0.8212444784605173,0.0019681320253422856,0.9999999581779758,0.9960031783921738,1,-1.5645779694582604,-0.5297985324007513,1.6603177093393962,-2.8140943698290717,0.0013555079330434638,1.0000000333671368,0.22244757951472918,1,-2.893856015582421,-4.486791833061403,5.346737269362168,-2.1443724495677694,-0.01609466168343306,0.9999998501354219,0.00647600298612864,0
19.92,-0.00375361916541008,0.004731690268975617,-1.910867115581527e-09,-0.3747029303488724,-0.23268817103333184,0.44967637573877167,-2.586476303954273,0.000652498998917687,1.00000277985993,16.553112884736564,1,-0.4073181630388747,0.6013404191821217,0.7269644850786142,2.177968750845362,-0.0011880372774004959,1.0000003974295881,2.649530588243578,1,0.7673005468713499,-0.6259812594646732,0.9872389645685806,-0.6924679585525417,0.0020203668790351576,1.0000002891194502,1.0006388858042181,1,-1.529062008455015,-0.615920911268339,1.6569715623116705,-2.7579334889144396,0.0013362635088147471,1.0000000333113805,0.22207586969913024,1,-2.847441732032008,-4.51366656824964,5.344391386664468,-2.134339185800033,-0.016208773481326686,0.9999999652607388,0.006484005833935658,0
19.94,-0.0037536191627766057,0.004731690268157119,-1.9146787549537136e-09,-0.2347879920987046,-0.33984281582095227,0.42085168334341594,-2.183991150788386,0.0006477007462655204,1.0000025966140669,16.0485733626883,1,-0.5193530756187387,0.5065637057685731,0.7278099922149724,2.380028834310079,-0.001340056133588195,1.000000396558382,2.6437225466707397,1,0.8410023351998428,-0.5221548030375405,0.9859393331006783,-0.5633229014771176,0.0020507873188382905,1.0000002157840597,1.0052533222108349,1,-1.488214092169283,-0.6998913295485228,1.6531218917322357,-2.7015278645866774,0.00131568091688994,1.0000000332862766,0.22190851144937046,1,-2.800732115262754,-4.540073925001647,5.342030585482867,-2.124297077192089,-0.01632370100114554,1.0000001883397338,0.006492082375178249,0
19.96,-0.0037536191588190123,0.0047316902673751205,-1.9184744825748168e-09,-0.04530111595558742,-0.373793208476274,0.3818025502831758,-1.7091655440254225,0.0006455672078798189,1.000002435053171,15.988570926617367,1,-0.609886389335244,0.39128166269080505,0.7284926756537019,2.581663547509782,-0.0014693557758883684,1.000000395646929,2.6376461935613187,1,0.9009878689093973,-0.4096674052581788,0.9848803311357034,-0.4338680860088083,0.0020657017261955617,0.999999953428617,1.0097689694919845,1,-1.4421398546430226,-0.7814011588368766,1.6487787073712614,-2.644841670681133,0.0012947425053553942,1.0000000332919858,0.22194657267067067,1,-2.7537316166673995,-4.56601054536939,5.33965508062922,-2.114246056585566,-0.016436672790279244,0.9999998450318922,0.006500232201807945,0
19.98,-0.003753619153784755,0.004731690266615943,-1.922238962621947e-09,0.15584864878893318,-0.3018282981167441,0.3403358500650528,-1.1191664917803998,0.0006466585356167675,1.0000024200137811,16.6135297044092,1,-0.6752934841197121,0.260245769912717,0.7289851647636505,2.782972093198748,-0.001569682391875467,1.0000003947323524,2.631549014994775,1,0.9462223930698224,-0.2903473205300984,0.9840802260444469,-0.30416828447122785,0.002073590792849242,1.0000002669277708,1.0141085940625085,1,-1.3909604060773246,-0.8601436905369242,1.643953482525703,-2.58783904717377,0.0012748595540657552,1.0000000333286805,0.22219120381954832,1,-2.7064447276283494,-4.591473107990059,5.3372650900697325,-2.104186058335975,-0.016543438808620064,0.9999999731241567,0.006508454896814215,0
20.0,-0.0037536191493430307,0.0047316902658516135,-1.9259638198501627e-09,0.29551668931630287,-0.11374198988068658,0.3115219030497372,-0.38900497935650474,0.0006519080862235003,1.0000026382042093,18.079508551755058,1,-0.7129687090028483,0.11881289155997371,0.7292678328317216,2.984065972407957,-0.0016399743179675481,1.000000393851495,2.625676633220678,1,0.9759210199945013,-0.1661515798336614,0.9835529097981506,-0.17429308651023107,0.002083420717652821,1.0000002465232305,1.0181968681927613,1,-1.3348127645882448,-0.9358145769475177,1.6386591965772328,-2.5304841202122397,0.0012573771429358004,1.0000000333965455,0.22264363618408659,1,-2.658875979347094,-4.616458328577951,5.334860839601515,-2.0941170183341464,-0.016640293965633393,1.0000001854109055,0.006516750034811069,0
20.02,-0.0037536191494970702,0.004731690265045359,-1.92966796187799e-09,0.2930110624000176,0.12959985232649163,0.31199587304535487,0.4128107011871228,0.0006612219130113222,1.000003013101521,19.86973503525238,1,-0.7214166130385365,-0.027263818063219647,0.7293294860795305,-3.098120621890936,-0.0016951614848054162,1.0000003930395684,2.6202637902517383,1,0.9895660389814022,-0.039129953469110176,0.9833075936805389,-0.04431557979045572,0.002096620890736879,0.9999999533228887,1.0219620079983411,1,-1.2738503259548595,-1.0081123469476492,1.632910378780599,-2.4727410283027123,0.001241765442625643,1.000000033495776,0.2233051728345875,1,-2.6110299426670722,-4.640962960419938,5.332442567788109,-2.0840388725712935,-0.016731947711178162,0.9999998401755403,0.006525117179094781,0
20.040000000000003,-0.0037536191552628283,0.004731690264190779,-1.933400229844895e-09,0.14997817088984544,0.31459184796614864,0.3414338728435064,1.1392926388059137,0.0006668738131531,1.000003323860238,20.924515268706255,1,-0.700303590393637,-0.17205499378786082,0.7291677420538607,-2.8970940771802303,-0.0017625053162805993,1.000000392328902,2.6155260140029224,1,0.9869184895678259,0.08861369002687865,0.9833486109236312,0.08568908384021454,0.0021063396981833063,1.000000241571052,1.025337415787952,1,-1.2082433655088223,-1.0767390062179383,1.6267231428383413,-2.4145739611012367,0.0012263192495516988,1.0000000336265757,0.22417717183139407,1,-2.5629112278908384,-4.664983794875948,5.330010516640595,-2.0739515550510497,-0.016828780161390798,0.9999999810318021,0.006533555874570916,0
20.060000000000002,-0.0037536191623297457,0.004731690263324836,-1.937189929301919e-09,-0.051857263558212685,0.3829110806096722,0.38300400146020425,1.725428118918378,0.0006647895653256251,1.0000034377653124,20.95082861338324,1,-0.6504693632504136,-0.3096799078037433,0.7287891049201368,-2.695917794432772,-0.0018466875555671449,1.0000003917478144,2.6116520966518513,1,0.9680235518620985,0.21496156981059028,0.9836753142832908,0.2156451947420419,0.0021120630048573484,1.0000002745197938,1.0282632775954081,1,-1.1381795649866697,-1.1414007322827238,1.6201152266448193,-2.355947221833612,0.0012118102019662502,1.000000033789153,0.22526102032580336,1,-2.514524484592923,-4.6885176618840285,5.327564917091113,-2.063854999428539,-0.01693067310871788,1.0000001821899553,0.006542065643700488,0
20.080000000000002,-0.0037536191676753785,0.0047316902624850495,-1.941028140300949e-09,-0.24035507752860813,0.3461453058013695,0.4218398654672032,2.197618035021521,0.0006582756428734278,1.0000033452920718,20.311731401654395,1,-0.5738981769877106,-0.43453003584865807,0.7282087356294291,-2.4944755060717445,-0.0019285319694375945,1.0000003913196212,2.608797474465427,1,0.9332095453765392,0.33782258425579714,0.9842820771151909,0.3454780016905499,0.0021181539063719105,0.9999999576243075,1.0306879412785273,1,-1.0638645557433806,-1.201808674946006,1.6131060509291435,-2.2968253027216314,0.0012002950694949362,1.0000000339837145,0.2265580973675308,1,-2.465874401428181,-4.7115614304682625,5.325105994376632,-2.0537491415326024,-0.01703161488320805,0.9999998355740648,0.006550645987154655,0
20.1,-0.003753619170815252,0.004731690261688869,-1.944891357338885e-09,-0.3784982050816875,0.23720101172255056,0.450309493887207,2.5985858362881165,0.0006510842905235984,1.000003098741909,19.369055425570995,1,-0.47364999244814515,-0.5414852366013191,0.7274499088479581,-2.292660979270238,-0.001980398550791912,1.0000003910617907,2.607078605228954,1,0.8830805755318494,0.45517214308621734,0.985158415882109,0.47511519335440255,0.0021275185585526157,1.0000002134521366,1.032569105954545,1,-0.9855224681844968,-1.2576798727392475,1.6057167769144616,-2.237172969934971,0.0011933732473756928,1.000000034210459,0.228069725781254,1,-2.4169657059346292,-4.734112009248741,5.32263397703465,-2.0436339192636486,-0.017127396313062385,0.99999998897115,0.006559296384672681,0
20.12,-0.0037536191721669132,0.004731690260938835,-1.94875723891208e-09,-0.4507308722478095,0.08763553804221931,0.46520334443799743,2.9620099522107415,0.0006445971206510804,1.0000027930782054,18.347992214919607,1,-0.3537524800526345,-0.6261161814319017,0.7265431699501614,-2.0903821521703025,-0.001974901003749648,1.0000003909852686,2.606568457355416,1,0.8185031091230542,0.5650901165528691,0.9862892235369638,0.6044883073024417,0.002140671354240074,1.0000002988844638,1.0338747720165828,1,-0.9033964752969398,-1.3087382955832745,1.5979703575341861,-2.176955367620609,0.0011922372731886191,1.0000000344695679,0.22979711843893283,1,-2.36780316433063,-4.756166346953363,5.32014909910421,-2.033509271852279,-0.01721586335090832,1.0000001786819899,0.006568016296556554,0
20.14,-0.0037536191721432035,0.0047316902602301605,-1.952608432581604e-09,-0.45157549426712384,-0.07510628287510411,0.4653891512701467,-2.9695592957525605,0.0006383580350231014,1.0000025377800992,17.38680166069575,1,-0.21905538580403264,-0.6848662868983993,0.7255252128622749,-1.8875648793137072,-0.001893362659949565,1.0000003910939868,2.6072932443367907,1,0.7405869866857893,0.6657958772279107,0.9876551004222162,0.7335340237889372,0.0021564150292519004,0.9999999660547084,1.034583900102406,1,-0.8177493155393007,-1.3547160232053388,1.5898915852212638,-2.1161381448692054,0.001197969869863896,1.0000000347611986,0.23174132379839849,1,-2.3183915813064635,-4.777721432930959,5.317651599693995,-2.023375139470292,-0.017295893653057833,0.9999998312347604,0.006576805167453881,0
20.16,-0.0037536191709682484,0.004731690259555307,-1.956431746642784e-09,-0.3809894177102591,-0.2252326613064865,0.45085482899770124,-2.606721162489167,0.0006315204685307063,1.0000024130807543,16.589311824743035,1,-0.07504994790985063,-0.7152060250466431,0.7244375044543278,-1.6841561448284934,-0.0017328457000917892,1.0000003913845847,2.609230564592632,1,0.6506615705352574,0.7556795580185132,0.9892327705166849,0.8621953077052231,0.0021730662005546232,1.0000001831230558,1.0346867593314988,1,-0.7288637773973413,-1.3953545684447002,1.5815071353401942,-2.054687606588845,0.0012115983823713136,1.0000000350854747,0.23390316487948734,1,-2.268735799809443,-4.7987742976648216,5.315141722297724,-2.0132314630898422,-0.01736678890328482,0.9999999969296252,0.0065856624320077125,0
20.18,-0.0037536191685878903,0.004731690258905687,-1.9602156252351843e-09,-0.24431559869292432,-0.33538409781421596,0.42269785622042205,-2.207058641952031,0.0006241060200420154,1.0000024385367297,16.066209229505773,1,0.07234246546231804,-0.7157522947389949,0.7233246895401988,-1.4801265951457634,-0.0015073224352182147,1.0000003918463696,2.612309130185508,1,0.550247871559625,0.8333288354249255,0.9909955688029599,0.99042237156065,0.002189078656383673,1.0000003189106863,1.0341849617322527,1,-0.6370431253294689,-1.430406354317514,1.5728456034469809,-1.9925708892650495,0.0012340092599439144,1.0000000354424736,0.23628315797328464,1,-2.2188407008215063,-4.8193220132860715,5.312619714273784,-2.003078184470343,-0.017427855753892843,1.0000001748925718,0.0065945875206216064,0
20.2,-0.003753619164628414,0.004731690258270208,-1.963947364978791e-09,-0.05679233233365197,-0.3741324824524071,0.3840541399471859,-1.7371459403902498,0.0006175411265366049,1.0000025775893107,15.976905404658874,1,0.21700648871550293,-0.6863457318653038,0.7222328207028682,-1.2754722400351453,-0.001241931588809549,1.000000392461541,2.6164102740537545,1,0.4410275892087653,0.8975507546679757,0.9929139836307085,1.1181734419816687,0.0022037864806374696,0.9999999783369657,1.0330911947615917,1,-0.5426114446399977,-1.4596363525796683,1.5639375352681624,-1.9297561632193834,0.0012659605376515223,1.000000035832211,0.2388814061610977,1,-2.1687112031286975,-4.839361694087467,5.3100858266521,-1.9929152462584814,-0.017477868644083905,0.9999998271645066,0.006603579863794271,0
20.220000000000002,-0.003753619159013151,0.004731690257629243,-1.9676126439965858e-09,0.14525269396018547,-0.3085049336940931,0.34240482124077826,-1.1543726164740427,0.0006159836421214296,1.0000027771101652,16.558594993931536,1,0.3528855948443509,-0.6280796113027077,0.7212074703927291,-1.0702151765914523,-0.0009650545369524255,1.0000003932057036,2.6213713574312574,1,0.3248100357311359,0.9473883270691269,0.9949562366084003,1.2454153216999124,0.0022188209161493,1.000000151299677,1.0314286775568295,1,-0.44591388018146416,-1.4828238889812515,1.5548154483922656,-1.8662128635597282,0.0013082580320131563,1.0000000362546213,0.24169747519414844,1,-2.1183522630820355,-4.858890497038024,5.307540315013941,-1.9827425922169066,-0.017514473237128268,1.0000000048946223,0.006612638894705286,0
20.240000000000002,-0.0037536191536953678,0.004731690256945455,-1.9712049484019167e-09,0.2905445654795759,-0.1259189212184317,0.3124343011428002,-0.43116387098601117,0.0006243098124901574,1.0000029976302751,17.983663872799784,1,0.4742415051824499,-0.5432754998033019,0.7202918024679568,-0.8644032162626767,-0.000699995974368797,1.0000003940486641,2.626991093990429,1,0.20349790088786138,0.9821318353945753,0.9970888815989428,1.3721237469937868,0.0022368460097648953,1.0000003341116501,1.0292303781387158,1,-0.3473167403606644,-1.4997646170596004,1.5455138447826189,-1.8019119511553594,0.0013614086094015196,1.0000000367095387,0.24473025776356588,1,-2.067768874349432,-4.87790562229871,5.304983443330475,-1.972560167309328,-0.01753579471645623,1.0000001708277093,0.00662176404994109,0
20.26,-0.00375361915342096,0.004731690256171944,-1.9747520537197194e-09,0.29667183300904854,0.1173355464636753,0.3111301842701916,0.3705258082083541,0.0006375000653253436,1.0000031650722816,19.78448580153383,1,0.5759082557926424,-0.43540311053847847,0.7195246877528061,-0.6581083491066322,-0.0004602252353607887,1.0000003949555938,2.6330372922868137,1,0.07905275391193904,1.0013249674068287,0.9992774064024813,1.4982835442736329,0.0022520588316947026,0.9999999942121646,1.0265380374779547,1,-0.2472074344741892,-1.5102726588394992,1.536069211004241,-1.7368262011905944,0.0014233546800622107,1.0000000371966735,0.24797782352640646,1,-2.016966067658631,-4.896404313740657,5.302415489360399,-1.962367916434487,-0.01754840675435326,0.9999998233697562,0.006630954766061351,0
20.28,-0.0037536191589835808,0.0047316902552999454,-1.978315867026681e-09,0.1593821616501534,0.3077429340734837,0.3393832698093532,1.1038581840173203,0.000647701909725475,1.0000031793951012,20.895794519918763,1,0.6535278407138846,-0.3089448164063953,0.7189389379575765,-0.45142400517970555,-0.00026607789339180816,1.000000395888461,2.639256406584587,1,-0.0465389151421106,1.0047660523074633,1.001486832364606,1.6238885981921292,0.002249019087166557,1.0000001188450016,1.0234010484028624,1,-0.14599420862771056,-1.514182906600424,1.5265199909620502,-1.670930518581686,0.0014893614167859003,1.0000000377155882,0.25143725452853155,1,-1.9659489105319836,-4.914383859467515,5.299836737065458,-1.9521657820332161,-0.01756634357158952,1.0000000128535251,0.0066402104709581185,0
20.3,-0.0037536191655745095,0.004731690254368415,-1.981934349276626e-09,-0.04146538278384948,0.3824132141251416,0.38074728896583804,1.6972642010351309,0.0006507194576732603,1.0000030771244102,20.97000065171585,1,0.7037541214482591,-0.16920884270678443,0.7185597649661221,-0.2444611700971979,-0.00011958335337106159,1.0000003968076387,2.6453842589279337,1,-0.1712984312129113,0.9925047942951238,1.0036823023373946,1.748941667303134,0.0022235206804611467,1.0000003442241285,1.019875226764553,1,-0.04410564304318337,-1.511353474248125,1.5169065265057875,-1.6042022932865039,0.0015570378470075585,1.0000000382656704,0.2551044692147558,1,-1.9147225070149503,-4.931841592342165,5.297247459887912,-1.941953705148975,-0.017593756202928867,1.0000001664938465,0.006649530577605426,0
20.32,-0.003753619170461745,0.004731690253414803,-1.9856067172419056e-09,-0.23188573559097617,0.3504798851791567,0.4199768449629001,2.1744326004132635,0.0006473893047874496,1.0000029766035725,20.35614748453108,1,0.72441257947441,-0.022098879517992456,0.7184035723895604,-0.037343544715854826,-3.026103206144648e-06,1.0000003976737073,2.6511580488489064,1,-0.2932858950796534,0.9648349802284214,1.0058296289056634,1.873454067523832,0.0021817907547293123,1.0000000134294893,1.0160215123341871,1,0.05801012848439898,-1.5016682802265666,1.5072709860078246,-1.5366217924272867,0.0016260513072623572,1.0000000388461054,0.2589740356913946,1,-1.8632919973986333,-4.948774890515873,5.294647922700327,-1.9317316281742192,-0.01762774177050642,0.9999998198565259,0.0066589144840519705,0
20.34,-0.0037536191734793855,0.0047316902524580685,-1.989320908522829e-09,-0.373255785096648,0.24455992866712603,0.44910947443653154,2.5782749336300683,0.000641420877574471,1.0000029380601634,19.423000266223895,1,0.7146056211916569,0.12614869204796492,0.7184771586198622,0.169798025704194,9.980440968369266e-05,1.0000003984493138,2.6563287583307527,1,-0.41062895001956135,0.9222836829664539,1.0078957994185593,1.99744522767396,0.0021289601605960075,1.0000000867241532,1.0119046951083048,1,0.15988651722506625,-1.4850397365358454,1.4976572703918374,-1.4681725735537932,0.0016957797170631464,1.0000000394558461,0.2630389747565299,1,-1.8116625579350314,-4.965181177958473,5.292038390278129,-1.9214994951139077,-0.017666698847575678,1.000000020793728,0.006668361574143704,0
20.36,-0.0037536191749883677,0.004731690251507069,-1.9930665833001182e-09,-0.44922661000099395,0.09644187005283841,0.46477227191576936,2.9430132490619445,0.0006355111812603474,1.000002937210843,18.402136598184793,1,0.6747563908258667,0.26924601888678057,0.7187773793495342,0.3768315528486209,0.00019633376320235917,1.0000003991009694,2.6606731292302404,1,-0.5215490640445283,0.8655974928063367,1.0098494390662272,2.120942143996422,0.0020675848013797385,1.0000003491852825,1.0075922016462144,1,0.2610399361894491,-1.4614115100164344,1.4881108810943782,-1.3988419181299006,0.001765078519529375,1.0000000400935833,0.26729055592579415,1,-1.759839400544487,-4.981057924989803,5.289419129532534,-1.9112572509709926,-0.017710868652711608,1.0000001618978545,0.006677871217218584,0
20.380000000000003,-0.003753619175142537,0.004731690250566966,-1.9968356915894825e-09,-0.45394617253888847,-0.06625515926940906,0.46575578627815983,-2.988506111684053,0.0006298336697147287,1.0000029066623584,17.435000234923603,1,0.6065880976801525,0.4011378746087317,0.7192912925839035,0.5836299826392403,0.00028517195153324887,1.0000003996006661,2.6640044405574668,1,-0.6243851548500238,0.7957262981250682,1.0116612285136832,2.2439787623115937,0.001999579954720856,1.0000000357182561,1.0031528973349995,1,0.3609716529647867,-1.4307613126781578,1.4786787481261823,-1.3286212831669928,0.001832608857549368,1.0000000407577136,0.2717180914765859,1,-1.7078277725154938,-4.996402648812833,5.286790408769248,-1.9010048414369223,-0.017761180702547258,0.9999998166303864,0.006687442767753653,0
20.400000000000002,-0.0037536191739896757,0.004731690249640966,-2.00062069168061e-09,-0.3871171455390288,-0.21773200393537948,0.4519954296905821,-2.6268716695957575,0.0006239255679576715,1.0000027954627224,16.626169882680408,1,0.5130402702189852,0.5162728131335089,0.7199967783846052,0.7900769879963978,0.00035844655414769215,1.0000003999272062,2.666181374253761,1,-0.7176144812985664,0.7138051020984922,1.0133042750779657,2.366595306424137,0.0019266365572194358,1.0000000559435378,0.9986559615740386,1,0.4591700731145332,-1.3931036678342745,1.469409017056629,-1.2575067635613022,0.0018970807667439097,1.0000000414463102,0.27630873470811274,1,-1.6556329561966905,-5.011212914048133,5.284152496593772,-1.8907422128572837,-0.01781848726427253,1.0000000287026545,0.00669707556526796,0
20.42,-0.003753619171552847,0.004731690248729983,-2.0044133557800548e-09,-0.2537266495312447,-0.330791043114171,0.42451534963156073,-2.2299405039847158,0.0006184998712464769,1.000002614114917,16.08494243981003,1,0.39812758958231587,0.6098466984782378,0.7208635929114694,0.9960721454645038,0.0004056867593786836,1.000000400067161,2.6671144064520713,1,-0.7998708036633821,0.6211343102735932,1.0147544366454795,2.4888375678069714,0.0018501482531504754,1.0000003490957585,0.9941698696729226,1,0.5551134825421672,-1.3484925885196806,1.4603507926199852,-1.1854995552277579,0.0019574269346656586,1.0000000421570934,0.28104728988380345,1,-1.603260268680881,-5.025486333269275,5.281505661038732,-1.8804693123524585,-0.017883025675565774,1.0000001570470194,0.006706768934428445,0
20.44,-0.003753619167796008,0.004731690247831188,-2.008204411790837e-09,-0.06826780469965224,-0.3742408007127432,0.38629786387756115,-1.7648208082144294,0.0006158208654429045,1.0000024442570001,15.967012276664137,1,0.2667505391165278,0.6780063091162385,0.7218547885454115,1.2015352223954978,0.0004188603101205236,1.000000400015406,2.666769373251441,1,-0.8699598738671404,0.5191588644075074,1.0159905990117415,2.6107561698948425,0.0017718233494928041,1.0000000607561106,0.9897614807544026,1,0.6482732686271815,-1.2970240946011076,1.4515538369546055,-1.1126064073186244,0.0020129936502811404,1.0000000428874063,0.2859160425167088,1,-1.550715061481179,-5.0392205675392905,5.278850169101003,-1.870186088071754,-0.01795378961613105,0.9999998136964535,0.006716522185672955,0
20.46,-0.003753619162915899,0.004731690246934894,-2.0119840923524257e-09,0.13446576728699455,-0.31490390981085903,0.34450777259747317,-1.189181101444174,0.0006181282846041074,1.0000024094848812,16.506053857532127,1,0.12446966647339988,0.7180039731582146,0.7229284118026849,1.4064093808915754,0.00039775287218953394,1.0000003997752152,2.6651681012549773,1,-0.9268723555096242,0.4094465353461024,1.0169949085017898,2.7324058179210757,0.0016942561684287665,1.000000027488668,0.9854952294290154,1,0.7381176285508292,-1.2388384857621322,1.4430682217705204,-1.0388400501772466,0.0020638079420532167,1.000000043634193,0.29089461930186716,1,-1.4980027201991133,-5.052413326947375,5.276186287379081,-1.859892489608004,-0.018027793088379162,1.0000000365677777,0.006726334617315103,0
20.48,-0.003753619158333992,0.004731690246018877,-2.0157475315654705e-09,0.28511996907589465,-0.13798092365985845,0.31343308659861374,-0.47309849844552976,0.0006259667084345129,1.000002605113384,17.888948779359463,1,-0.0227433956756628,0.7282978791155544,0.7240393791188134,1.6106631930287287,0.0003507653807581702,1.0000003993579343,2.6623862282598223,1,-0.9697942935182735,0.29366562588163947,1.0177529613747491,2.853844543312322,0.0016203858910624406,1.0000003441817829,0.9814324172232886,1,0.8241157588940747,-1.1741222799532978,1.4349439366612975,-0.9642195841556529,0.002110577742988664,1.0000000443939834,0.29595988858875505,1,-1.44512866418419,-5.065062371144829,5.273514285803223,-1.8495884683690875,-0.01810128765975853,1.0000001519490311,0.006736205519564565,0
20.5,-0.0037536191579015795,0.004731690245050951,-2.0195137272541186e-09,0.29987105170920647,0.10482351891479212,0.31035172466576083,0.32799289004240284,0.0006377562102153595,1.000002975190191,19.696884270247295,1,-0.16876485516108503,0.7085963668423394,0.7251414284118303,1.8142914438450255,0.0002782322695494005,1.0000003987822808,2.658548538567364,1,-0.9981152572709218,0.17356227732414836,1.0182539478371155,2.9751329479619137,0.001547758329393888,1.0000000881441373,0.9776305971597885,1,0.9057425031974576,-1.1031097214972825,1.427230459597128,-0.8887708104373746,0.0021529604009737227,1.0000000451628879,0.3010859186816543,1,-1.3920983461839689,-5.077165509880215,5.270834444310136,-1.8392739767163626,-0.01817773369152381,0.9999998110593796,0.006746134177305325,0
20.52,-0.003753619163327882,0.004731690244025181,-2.0233331884944583e-09,0.16858666297575237,0.3004680957983463,0.3373660410955083,1.0679865332828085,0.000647732695133695,1.0000033022847248,20.863927903804502,1,-0.30757520948282707,0.6598477477514394,0.7261890579239316,2.0173147707383667,0.0001631984338312651,1.0000003980733412,2.6538222748103615,1,-1.0114342712953697,0.05093752363798248,1.0184907502611935,3.0963334417742185,0.001464982527857215,1.0000000022701,0.9741430435863181,1,0.9824834146692206,-1.02608376055015,1.419976287605243,-0.8125264787745926,0.0021881726560590256,1.0000000459366005,0.30624400300354,1,-1.3389172519840535,-5.0887206035350045,5.2681470484894515,-1.8289489655267444,-0.0182688809923561,1.0000000443766397,0.006756119867184825,0
20.540000000000003,-0.0037536191705535636,0.004731690242982005,-2.0272412385932692e-09,-0.031056093418181933,0.3815334758944925,0.37848004199880914,1.6687626341399802,0.0006526005483295963,1.0000034375081888,20.98728010113092,1,-0.4335024006291392,0.5841797732809993,0.7271393764335028,2.2197782650859517,6.441612839028705e-06,1.0000003972613427,2.648408951397621,1,-1.0095636270695263,-0.07237580332654754,1.0184600133149218,-3.065675834825682,0.0013655242145129115,1.0000003347631246,0.9710182952526238,1,1.0538401704230862,-0.9433764083776435,1.413228417890186,-0.7355264409066551,0.002214877397127205,1.000000046710413,0.3114027542869759,1,-1.2855909000391827,-5.09972556366077,5.265452372788988,-1.818613384734741,-0.01837698099027351,1.0000001466119712,0.006766161854234216,0
20.560000000000002,-0.0037536191762145748,0.004731690241967274,-2.0312325510821183e-09,-0.22329282814356385,0.3545326913150063,0.4180822497743425,2.1510418088363084,0.0006556544745758376,1.0000033628668459,20.399770387210673,1,-0.5414428623243227,0.48479465273505407,0.727953783707998,2.421749188151446,-0.0001728036650580813,1.000000396380281,2.642535206491516,1,-0.992530641337938,-0.19453624317493862,1.0181621860558348,-2.9444605406758417,0.0012507598966766877,1.0000001173935975,0.9682997557056865,1,1.1193362508245464,-0.8553683803614625,1.4070318040992644,-0.6578177046107148,0.002234176560704808,1.000000047479243,0.31652828673458894,1,-1.2321248410960806,-5.110178353516858,5.2627506803954835,-1.808267186258477,-0.01849574218460039,0.9999998087233475,0.006776259393686337,0
20.580000000000002,-0.003753619179652391,0.0047316902410071485,-2.0352832691764022e-09,-0.3678459870626968,0.2517295224202141,0.447869687365098,2.5578580495944157,0.0006594268439488394,1.0000031268256038,19.47681019352631,1,-0.6270537402074577,0.36582653746902055,0.7285994292007496,2.6233139436296056,-0.0003576399642020755,1.0000003954664705,2.6364431368727033,1,-0.9605773928964577,-0.3137168937682805,1.017601519368914,-2.8231427288583015,0.0011233953111443565,0.9999999810811427,0.9660253400831347,1,1.1785227752937186,-0.7624879506462924,1.4014288095878837,-0.5794543612664933,0.0022475653688823574,1.000000048237674,0.3215844945483533,1,-1.1785246578068336,-5.120076988606983,5.260042232485608,-1.7979103246408563,-0.018619464605937025,1.0000000521168726,0.006786411732864278,0
20.6,-0.00375361918123954,0.004731690240111785,-2.0393684440830895e-09,-0.44753985095023796,0.10513838209398764,0.46429936228437135,2.923984211190056,0.0006629273246137398,1.0000028218963999,18.456542399898428,1,-0.6869115025990543,0.23216876468058142,0.7290504249040382,2.8245744657727765,-0.0005374987723444592,1.0000003945570555,2.6303803699239476,1,-0.9141584335685446,-0.4281285631230651,1.0167860222647347,-2.7016603744709577,0.0009861408066944755,1.0000003212283137,0.964227160205619,1,1.2309843659542241,-0.6652089607529043,1.3964586585527072,-0.5004973695907892,0.0022563325726096483,1.0000000489800143,0.32653342782909534,1,-1.1247959643320924,-5.129419537215329,5.257327292061597,-1.7875427565172375,-0.018744248534119882,1.0000001410442998,0.006796618110390058,0
20.62,-0.0037536191813932135,0.004731690239282934,-2.0434668011534707e-09,-0.45613489633773247,-0.05743944537406105,0.46608194232055267,-3.007422288877558,0.0006659227294964348,1.0000025581778738,17.48374337280568,1,-0.718633775874255,0.08927807608003904,0.7292887892803983,3.0256441644910437,-0.0007130036187344947,1.0000003936885842,2.6245905606456104,1,-0.8539364334404513,-0.5360428262595658,1.0157273810059473,-2.5799534420617944,0.0008432092451344336,1.0000001479236533,0.9629312387370396,1,1.2763448937558892,-0.564047948588468,1.3921568953900447,-0.4210141902950118,0.0022616433252574198,1.0000000497003647,0.33133576525087266,1,-1.0709444059342554,-5.138204120943278,5.254606124419261,-1.7771644402591869,-0.018867043020963755,0.9999998066920623,0.0068068777536731805,0
20.64,-0.0037536191803762995,0.004731690238518582,-2.0475603070696513e-09,-0.3930788584969126,-0.21018831247782832,0.45309996074115966,-2.6469249944878275,0.0006686663988951546,1.000002420031553,16.663853548147603,1,-0.7209624665295178,-0.05703731412969987,0.7293050874585272,-3.0565417482196007,-0.0008988804889782056,1.0000003928957497,2.619304998435233,1,-0.78077568789542,-0.6358149067130185,1.0144408398605524,-2.4579646473219188,0.0007012139889773791,0.9999999645661491,0.9621572424512497,1,1.314272949928708,-0.4595603931503523,1.3885548683484235,-0.3410782695072266,0.002264636056991144,1.0000000503927067,0.3359513783179398,1,-1.0169756585607055,-5.146428915247001,5.251878996970759,-1.7667753358570777,-0.018985007632488168,1.0000000597762169,0.006817189875290516,0
20.66,-0.003753619178154882,0.004731690237814789,-2.051631762048367e-09,-0.26301472932344705,-0.3260652958726911,0.4263062103178669,-2.252640352450647,0.0006711159321799528,1.0000024324840033,16.104896321541123,1,-0.6938071146467409,-0.20083933049864622,0.7290987547064165,-2.8554895606301613,-0.0011157191755372627,1.000000392210176,2.6147345058436233,1,-0.6957333874616032,-0.725906270327128,1.012945041459052,-2.3356402181030336,0.0005697398438678607,1.0000003040146257,0.9619182316984813,1,1.3444868804356411,-0.35233610276220767,1.385679253483854,-0.26076837356470894,0.0022664807879332494,1.0000000510509965,0.3403399763562171,1,-0.9628954284172702,-5.154092149976032,5.249146179099622,-1.7563754049351226,-0.019095100153248595,1.0000001352548427,0.006827553668417792,0
20.68,-0.003753619174364311,0.004731690237164393,-2.055662210766196e-09,-0.07972049300314461,-0.3741196892214434,0.38853516353485396,-1.792201890547406,0.0006742847903982561,1.0000025623152307,15.958960840172805,1,-0.6382480190797127,-0.33628515330230185,0.7286781158159588,-2.654263487966724,-0.001381136413215995,1.000000391659276,2.6110618387371796,1,-0.6000485335484228,-0.804906775467102,1.011261824254699,-2.2129306518479956,0.0004625644205512358,1.000000179066526,0.9622204551849644,1,1.3667592236589612,-0.24299380923355662,1.3835516340168637,-0.1801677842119133,0.002268452257037001,1.0000000516692724,0.34446181576453466,1,-0.9087094515323604,-5.161192109913545,5.246407942221272,-1.7459646108812388,-0.01919355664079783,0.9999998049687465,0.0068379683018240465,0
20.7,-0.0037536191688600285,0.0047316902365513395,-2.0596301834180375e-09,0.12349789691164632,-0.32102325578972857,0.3466445294329298,-1.2236067461429463,0.0006795758800747622,1.0000027557269306,16.455956592358604,1,-0.5564990954208601,-0.45784979255394187,0.7280601009832793,-2.4527489864044085,-0.0017013087283083372,1.0000003912652768,2.6084351792116167,1,-0.4951283753141165,-0.871556171335751,1.009415973358135,-2.089791462993031,0.000397029263639473,0.9999999531964128,0.9630632005004849,1,1.3809204025583701,-0.13217506479801658,1.3821881487678735,-0.09936337018374736,0.0022720468452048083,1.0000000522417678,0.34827845189181444,1,-0.8544234933123138,-5.167727135317756,5.243664560646737,-1.7355429191395568,-0.019275168565844564,1.0000000673425404,0.006848432916007864,0
20.720000000000002,-0.0037536191632559788,0.00473169023594129,-2.063519676312464e-09,0.27924883167511083,-0.14991514103378323,0.314517459714904,-0.5148111448556693,0.0006886424774629352,1.0000029735007072,17.79552356892301,1,-0.45183084647247396,-0.560539978163335,0.7272696568998164,-2.250842453258458,-0.0020646951857466694,1.0000003910444089,2.606962725875098,1,-0.3825322504482011,-0.9247646791598217,1.0074349244324343,-1.9661839077073262,0.00038947229174595755,1.0000002835897348,0.9644386390635455,1,1.3868615420402073,-0.02053757071762282,1.3815992219746827,-0.01844455835538655,0.002278860205804793,1.0000000527630262,0.35175350724337145,1,-0.8000433480884206,-5.1736956224634305,5.240916315262151,-1.7251102975428558,-0.019334167817013165,1.0000001292527767,0.006858946622656042,0
20.740000000000002,-0.0037536191621655706,0.004731690235286001,-2.0673457763395464e-09,0.3025963389973963,0.09207546790977625,0.30966123424437814,0.2852104623560679,0.0007015735132371219,1.0000031502523208,19.60708837219974,1,-0.3284543854675627,-0.6400929333900617,0.7263388571388582,-2.0484553453034944,-0.0024471219170713356,1.0000003910062538,2.6067083585731026,1,-0.2639527388131183,-0.9636323296520197,1.0053484237266885,-1.8420756681513297,0.0004422015091937698,1.000000210076878,0.9663316475939855,1,1.3845363097162329,0.09125190630157792,1.3817893886230046,0.06249776688781184,0.0022892791439912763,1.0000000532280138,0.35485342466584036,1,-0.7455748386554509,-5.17909602418242,5.238163501020302,-1.7146667155682327,-0.019371978249071845,0.9999998035561348,0.006869508506586202,0
20.76,-0.0037536191672052316,0.004731690234568418,-2.071161315370107e-09,0.1775740127182663,0.2927635937113027,0.3353818459321226,1.0316643406314432,0.000712020792987933,1.0000031819977795,20.828961781384415,1,-0.1913682797315866,-0.6931531986550155,0.7253057127867625,-1.845517888131624,-0.002803918016260548,1.0000003911532551,2.6076883677624103,1,-0.1411940803067281,-0.9874666685045091,1.0031881404252674,-1.7174414790756118,0.0005336980913996094,0.9999999472518755,0.9687195317545824,1,1.3739617121469085,0.20252485309871215,1.382757227632516,0.1433724110565286,0.0023017703161005497,1.0000000536322267,0.3575481775623388,1,-0.6910238158010831,-5.183926850402705,5.235406425425976,-1.7042121416630345,-0.019400302261524675,1.0000000748038596,0.006880117625578634,0
20.78,-0.0037536191737587207,0.004731690233820899,-2.0750015525261567e-09,-0.020642949770219736,0.38026020237985597,0.37620027870446127,1.639915605418515,0.0007142240037004105,1.0000030881546365,21.00275082517419,1,-0.04617116526540244,-0.7174203082949402,0.7242126929592207,-1.6419822340767876,-0.003032401246543167,1.0000003914803903,2.6098692693623597,1,-0.016147872039600553,-0.9957983881008288,1.0009872403621687,-1.592263698358016,0.000634140925132827,1.0000002604336855,0.971571506984254,1,1.355217816086514,0.3126183755819642,1.3844953885945424,0.22408903568168806,0.0023158282771656704,1.0000000539717877,0.3598119176933583,1,-0.6363961578270991,-5.188186668686342,5.232645391614975,-1.6937465429715104,-0.01942339532321112,1.0000001230476157,0.006890773011880721,0
20.8,-0.003753619178711791,0.004731690233077507,-2.0788618586981e-09,-0.21458691419769738,0.3582888630686562,0.41615413227146886,2.1274466494125623,0.0007098205195883851,1.0000029856385928,20.442727594252908,1,0.10115535375077396,-0.7117599853238804,0.7231049930405321,-1.4378248563930773,-0.0030190845652395856,1.000000391975091,2.6131672730975284,1,0.10923384965830336,-0.9883943981515196,0.9987799529903085,-1.466532818434726,0.0007177541849477793,1.00000024014333,0.9748482087782114,1,1.328446404599638,0.42088242027356626,1.386990704119644,0.30455929328977127,0.0023323599227475372,1.0000000542435277,0.36162351804180853,1,-0.5816977700630601,-5.1918741047640005,5.229880695066113,-1.6832698880942065,-0.01943676735695837,0.999999802456469,0.006901473682578936,0
20.82,-0.003753619181766868,0.004731690232352387,-2.0827247435364904e-09,-0.362276805462433,0.25869243205496933,0.44658867833844507,2.537340401524652,0.0007027938081595491,1.0000029424792087,19.530607761407843,1,0.24448710606255852,-0.6762718308185538,0.722028630852655,-1.2330479343682783,-0.002749798249757377,1.0000003926176313,2.6174508760067607,1,0.23296792720014298,-0.9652678038073232,0.9966011137330982,-1.3402479090632025,0.0007779326073187158,0.9999999468063177,0.9785022643395299,1,1.293848618483937,0.5266866681759563,1.390224404537828,0.38469789679057637,0.0023520899439262795,1.0000000544450487,0.3629669914799486,1,-0.5269345843705824,-5.1949878430627905,5.227112632087271,-1.6727821479207854,-0.019436668495263338,1.000000082148356,0.0069122186527107955,0
20.84,-0.0037536191832695472,0.0047316902316474185,-2.0865751531110033e-09,-0.445674773786204,0.11370509953896918,0.4637825100816843,2.9049295004268694,0.0006957996944477884,1.000002940913897,18.51129856953902,1,0.37781252505174606,-0.6123074292269588,0.7210285185070886,-1.0276796193827458,-0.002328411632818265,1.0000003933820163,2.622546774750107,1,0.35307147966107594,-0.9266842332979872,0.994485628507021,-1.2134169689132417,0.0008325528464613969,1.0000002350178747,0.9824800272251015,1,1.2516816689003178,0.6294269332845249,1.3941724267128133,0.4644236026217924,0.0023752370939583043,1.0000000545747665,0.36383177698275193,1,-0.4721125586360135,-5.19752662722732,5.224341503857347,-1.6622832950588748,-0.01942180327146047,1.000000116649195,0.00692300694433248,0
20.86,-0.003753619183391949,0.0047316902309594445,-2.090401966109434e-09,-0.45813981521177716,-0.04868185390702616,0.46636314635950155,-3.0262984009397105,0.0006896585249133194,1.0000029151293475,17.533094693025564,1,0.49549199256356874,-0.5224344576831097,0.7201466122704179,-0.8217732290175599,-0.001884648944034827,1.000000394237026,2.628246839793004,1,0.4675949541738113,-0.8731639951172753,0.9924678568300334,-1.0860571170474755,0.0009031313165421854,1.0000002683994222,0.9867227205885599,1,1.2022547377352155,0.728530922524603,1.398805799662176,0.543660082927575,0.002401668890683375,1.0000000546319323,0.3642128814387522,1,-0.41723767625035457,-5.1994892606358,5.221567616674902,-1.6517733033389441,-0.019392387881234326,0.9999998016714952,0.006933837589914284,0
20.880000000000003,-0.003753619182217593,0.004731690230282765,-2.0941965279963615e-09,-0.39886367911230786,-0.202626386441673,0.45416030540487423,-2.666864124842772,0.0006841144826523477,1.0000028107142112,16.70243292533661,1,0.5925091030156044,-0.4103448280591423,0.7194201474075562,-0.6154053918331608,-0.0015002659671796504,1.0000003951473104,2.6343154026956626,1,0.574656260088548,-0.8054796299193989,0.99058096948962,-0.9581945766148242,0.0009983238638440306,0.9999999517201403,0.9911665058535891,1,1.1459242059603756,0.8234632439019722,1.4040910928713388,0.6223366661649218,0.002431040851431133,1.0000000546166312,0.3641108746086966,1,-0.36231594557602037,-5.200874606912708,5.21879128119683,-1.6412521475635609,-0.01934940434912056,1.0000000893643965,0.0069447096302650375,0
20.900000000000002,-0.003753619179767388,0.0047316902296093005,-2.097951414155308e-09,-0.272156247091368,-0.3212309618739653,0.4280582177122987,-2.275125498191885,0.0006790746555483802,1.0000026319554156,16.126191939137556,1,0.6647006530273434,-0.28070805759361717,0.7188799915032301,-0.40867309651841116,-0.0012017189978538716,1.0000003960747141,2.6404980938633105,1,0.6724752634981068,-0.7246485058099393,0.9888563244714846,-0.8298644539863934,0.0011152853251121966,1.0000002077956187,0.9957426288952488,1,1.0830883655816756,0.9137295832228769,1.4099909130536983,0.7003889330605387,0.0024629136329868237,1.0000000545297614,0.3635317429303307,1,-0.3073533994007419,-5.201681590439464,5.216012811489436,-1.630719803414532,-0.019294063836546953,1.0000001100676559,0.006955622108283364,0
20.92,-0.003753619176002374,0.004731690228927635,-2.101660049116938e-09,-0.0911109609118991,-0.3737854505314667,0.3907504800368056,-1.8192278570289637,0.0006755898007451283,1.000002454867293,15.952991904432967,1,0.7089521672635134,-0.13897468876004215,0.7185492146637201,-0.20168966778638378,-0.0009791694517663299,1.0000003969798874,2.6465325823326125,1,0.7594078056898427,-0.6319202137174079,0.987322870770993,-0.7011103230463985,0.0012468994903787154,1.0000002939562724,1.0003781802386162,1,1.0141817774960111,0.9988800045721951,1.4164644342059898,0.7777591619547051,0.0024969060862492574,1.000000054372992,0.36248661424549994,1,-0.25235609437944706,-5.201909196864757,5.213232524098921,-1.6201762475044434,-0.019227147350405732,0.9999998012024607,0.0069665740606668,0
20.94,-0.003753619171092794,0.0047316902282206605,-2.1053169945231542e-09,0.1124011976672527,-0.3268573722455066,0.34879941217916605,-1.2575390240958113,0.0006754148381795077,1.0000024012714324,16.40879155211904,1,0.7233469327464336,0.008861730593520141,0.7184419843354677,0.005420180210745154,-0.0008041044143059822,1.0000003978240783,2.6521605221070748,1,0.8339783301473775,-0.5287586774397827,0.9860065830035777,-0.5719836140423535,0.0013872064431903423,0.9999999616618325,1.0049973062307849,1,0.9396694361210018,1.0785113635819354,1.4234679453551071,0.8543966239677553,0.002532891944135031,1.0000000541487055,0.3609913706582621,1,-0.19733011046515725,-5.2015564736143975,5.2104507376819145,-1.6096214576370969,-0.01914806351996511,1.0000000964405518,0.0069775645103520075,0
20.96,-0.0037536191662302944,0.004731690227460377,-2.1089221532294422e-09,0.2729714840352934,-0.16168170954812858,0.31567979821533204,-0.5561274272286766,0.0006798155996604477,1.0000025737368794,17.704249438681128,1,0.7072588869111548,0.15653227284107005,0.7185628674499298,0.21252595911019856,-0.000643312782556913,1.0000003985709707,2.657139803978432,1,0.8949101565124886,-0.4168190864180812,0.9849299371089841,-0.44254280708118143,0.0015337086259175315,1.0000001792111823,1.0095226561641144,1,0.8600408929781891,1.1522688534554446,1.4309554003413576,0.9302577333440788,0.0025708262624340537,1.0000000538599256,0.35906617040630956,1,-0.1422815503298488,-5.200622530399916,5.207667775201737,-1.5990554132296444,-0.01905516292985224,1.0000001033134298,0.006988592462732683,0
20.98,-0.003753619165066431,0.004731690226608391,-2.1124981139375443e-09,0.30484521448253354,0.07913684800166836,0.3090673695913765,0.24235541015891968,0.0006885586284609229,1.0000029364543501,19.515862979601554,1,0.6613831349304823,0.29777551332813645,0.7189065926328665,0.41949736958535433,-0.00047853384011743044,1.0000003991884383,2.6612562551508168,1,0.9411524375095985,-0.29791997065906023,0.9841114466910462,-0.31285243783799793,0.0016817849614328285,1.0000003159439936,1.0138769428639134,1,0.77580447685541,1.2198467302921985,1.4388789573637322,1.0053060605874402,0.0026090503888337737,1.0000000535102351,0.35673490133612795,1,-0.08721653877530107,-5.199106539724577,5.204883970725272,-1.5884780948866624,-0.01895282605705077,0.9999998010501127,0.006999656905499702,0
21.0,-0.0037536191699547366,0.004731690225649196,-2.116101853640029e-09,0.1863234985808914,0.2846431641551628,0.3334489319862136,0.9949934793297422,0.0006946076554092305,1.0000032785963713,20.791031576099506,1,0.5877020207975742,0.426619983681545,0.7194582992302627,0.626210269330286,-0.00031875453423398575,1.0000003996500755,2.6643338366066702,1,0.9719028822643452,-0.174010952567813,0.9835652779033482,-0.18298192647318315,0.0018194595857388308,0.9999999761360466,1.0179846231726275,1,0.687481729383515,1.2809882856499828,1.4471895077368062,1.0795122228173064,0.002643749810566861,1.0000000531036881,0.35402458676595794,1,-0.03214122213285034,-5.197007737386078,5.20209966967957,-1.5778894818264049,-0.01885622116915777,1.0000001033656136,0.007010756805471575,0
21.02,-0.003753619177188992,0.004731690224616905,-2.1197818587254114e-09,-0.010234991962586273,0.37858493434914897,0.3739257109994138,1.610762573975781,0.0006933172833712396,1.000003435335321,21.016153224598018,1,0.4893890743903578,0.5376505451589811,0.7201942571236436,0.8325522963945085,-0.00017937773594006102,1.0000003999364293,2.666242862467861,1,0.986625430986856,-0.047136910942436355,0.9833009381439093,-0.053004252705862634,0.0019405318447603323,1.0000001497128301,1.0217736159846535,1,0.5956021537044808,1.3354851500744458,1.455837184152025,1.152853680894866,0.002673259499600812,1.0000000526447146,0.35096476320402176,1,0.02293823234777795,-5.194325422977637,5.19931521171285,-1.5672895510601454,-0.018774117184873363,1.0000000963972229,0.007021891102375881,0
21.040000000000003,-0.003753619183084794,0.004731690223557762,-2.123545768048518e-09,-0.2057616947425982,0.361733698706201,0.414205410774498,2.103653553804356,0.0006879099204262358,1.0000033791253267,20.484622083545407,1,0.37065725889695667,0.6262444382058164,0.7210829804663819,1.0384278095618258,-6.577539331771028e-05,1.0000004000359124,2.666906082208447,1,0.9850622270315781,0.08060052828968936,0.9833230536762188,0.07700547041021459,0.00204804548256386,1.0000003335643963,1.0251769273870643,1,0.5006983517510486,1.3831760208018051,1.4647718188614842,1.2253144568193421,0.002698304994147083,1.0000000521380288,0.3475868585663199,1,0.07801563711900669,-5.191058960387156,5.196530923727007,-1.5566782801612358,-0.018705096858404675,0.9999998012146961,0.007033058708828255,0
21.060000000000002,-0.0037536191867885917,0.004731690222500894,-2.1273798616813777e-09,-0.35653137215670394,0.2654346344723475,0.4452740119929254,2.5167140994796457,0.0006811362341684154,1.0000031544133001,19.583989453083788,1,0.23656133274540886,0.6887653598711446,0.7220866808755213,1.2437619106995113,1.5632108992349243e-05,1.0000003999452158,2.666301438533883,1,0.9672394293516254,0.20708311984960465,0.9836312636963338,0.20697148287020484,0.0021459291947332707,0.9999999945350081,1.0281342147462202,1,0.4033016032526158,1.4239449109557791,1.4739433551037355,1.2968847757523618,0.0027195884433989814,1.0000000515885388,0.34392359188795485,1,0.13308478496545761,-5.187207778291478,5.193747127000399,-1.5460556485994936,-0.01864701410350741,1.0000001101286145,0.007044258514327176,0
21.080000000000002,-0.00375361918861837,0.0047316902214603026,-2.1312677855184203e-09,-0.44360873638226855,0.1221303900755444,0.46322535080582383,2.8858369283168277,0.0006745440562454635,1.0000028511161407,18.566054645860657,1,0.09276646407682053,0.7227072723092148,0.7231629875386526,1.4485033737196713,5.5060219397895574e-05,1.0000003996693052,2.6644620342188863,1,0.9334666379317753,0.3302166074810124,0.9842202299172161,0.33681888868803084,0.002236696337360638,1.0000001197873238,1.0305932117603551,1,0.3039379191955977,1.4577190177273354,1.4833022201059125,1.3675606549501407,0.0027372049355118624,1.000000051001262,0.34000841415420197,1,0.18813944964449061,-5.182771370644882,5.19096414145565,-1.5354216374854575,-0.018599217577591937,1.0000000893299963,0.007055489388244231,0
21.1,-0.003753619188998508,0.004731690220442429,-2.1351960711665785e-09,-0.4599357883188014,-0.03999178268906816,0.4666012056666277,-3.0451471679022655,0.0006683662566276943,1.000002579662109,17.58276506008308,1,-0.05470367995281726,0.7267833398246739,0.7242668258113448,1.6526263904862055,4.5118286253823594e-05,1.0000003992210198,2.6614734653224725,1,0.8843299534197337,0.4479706489408393,0.9850797561952198,0.46647514279974317,0.0023216643630958964,1.0000003461600067,1.0325109457908428,1,0.2031245839160501,1.4844663024159266,1.4927996539624853,1.4373434597266823,0.0027507330532899957,1.000000050381252,0.3358750134827273,1,0.24317338653762485,-5.177749297162434,5.18818228615288,-1.524776229271171,-0.018561699815833735,0.999999801695954,0.007066750181717931,0
21.12,-0.003753619188223856,0.004731690219451028,-2.139153638947011e-09,-0.404445826003121,-0.195054233814453,0.45517823493896203,-2.6867026761176667,0.0006619194703337576,1.0000024283130773,16.741659837105693,1,-0.19972621291997714,0.7009589814434731,0.725352354348258,1.8561311300794412,-1.52948443741986e-05,1.0000003986203154,2.6574687696006176,1,0.8206789383734637,0.5584169295013256,0.9861950139579732,0.5958714658306201,0.0024009711118474957,1.0000000162041793,1.0338547011384647,1,0.10136718314694966,1.5041928686357193,1.5023879906391202,1.5062394417423615,0.0027595239421422885,1.0000000497335315,0.3315568764322839,1,0.2981803333129259,-5.172141183797706,5.185401878744719,-1.5141194076769047,-0.01853436651024723,1.0000001167188417,0.007078039729073886,0
21.14,-0.003753619186281288,0.004731690218489053,-2.143129307699554e-09,-0.28112538192475667,-0.31629596647303915,0.429774259131426,-2.2974139007548966,0.0006548443828018005,1.0000024276001511,16.148587725148992,1,-0.3363335526098336,0.6464311380040252,0.7263748705909073,2.0590431759446335,-0.00011995054619964155,1.000000397893219,2.6526214602008626,1,0.7436079746110495,0.6597644308587971,0.9875468656565477,0.7249441444393119,0.0024743682521838756,1.0000000899977994,1.0346026939173474,1,-0.0008428975812389853,1.5169402177937923,1.5120208926713852,1.5742592730988096,0.002763088957538915,1.0000000490630332,0.327086887795918,1,0.35315401059842255,-5.165946723214826,5.182623234833157,-1.503451157769502,-0.018516554743097248,1.0000000821229509,0.007089356848807325,0
21.16,-0.003753619182822718,0.004731690217557398,-2.1471090521849034e-09,-0.10241208657836676,-0.3732472134844541,0.3929479833086327,-1.8459272848298887,0.00064871247472013,1.0000025479639811,15.948821461365538,1,-0.45895275874147634,0.5655582630899161,0.7272926063904255,2.261411956645672,-0.0002559028128714779,1.0000003970705764,2.647137175965887,1,0.6544327043464631,0.7503909678079075,0.9891122745820199,0.8536356819430256,0.002541975312921892,1.0000003532773962,1.0347444383048805,1,-0.10303052878954283,1.5227824517621176,1.5216535437638081,1.6414175870615544,0.0027614253873375232,1.0000000483745461,0.3224969740318912,1,0.40808812266660355,-5.159165675255079,5.17984666743765,-1.4927714661702745,-0.01850647687465958,0.999999802493127,0.007100700344014524,0
21.18,-0.0037536191776394675,0.004731690216649535,-2.1510747055114576e-09,0.10120774485347832,-0.33241497223947175,0.3509765777385636,-1.291021693608454,0.0006473463391412802,1.0000027352056506,16.36419685424925,1,-0.5626212858214346,0.46174717189249465,0.7280683505740024,2.4633083171885364,-0.0004046755969346685,1.0000003961866715,2.641244475985386,1,0.5546623904515007,0.8288702886165388,0.9908647863338326,0.9818957721754218,0.0026049568780322522,1.0000000405009912,1.034280799680439,1,-0.20473847846268214,1.521823481703645,1.5312428031593381,1.7077325336549425,0.0027552826481655104,1.000000047672671,0.3178178064687289,1,0.46297635812982396,-5.15179786739759,5.177072487004008,-1.4820803214584715,-0.018500367011109634,1.0000001231258568,0.007112069002802575,0
21.2,-0.0037536191720337433,0.004731690215741931,-2.155010365469112e-09,0.26632352445157115,-0.17328079889264636,0.3169227770827283,-0.5970975128575982,0.0006538528606023968,1.0000029496346792,17.614765397140122,1,-0.6431728181396357,0.33930376550973873,0.7286708503400483,2.664821390758918,-0.0005455138159720306,1.0000003952777883,2.635185255012088,1,0.44596912600509964,0.8939942415589637,0.9927750644855526,1.1096820779750405,0.002665468486633539,1.0000000610063295,1.0332237460656788,1,-0.3055286753727766,1.5141942910504145,1.5407473236569182,1.773225356454219,0.0027461310875756,1.0000000469617856,0.3130785703158834,1,0.5178123906462304,-5.143843195213584,5.1743010038272335,-1.4713777147836908,-0.018492576763558435,1.0000000747875093,0.007123461600654316,0
21.220000000000002,-0.0037536191704120214,0.00473169021479494,-2.1589265982585593e-09,0.30664479239220366,0.06601285021627515,0.3085714155404056,0.19937135031066752,0.0006662277846697117,1.000003133977314,19.42283550865585,1,-0.6973887278682678,0.20325492800292919,0.7290759546682836,2.8660549276926734,-0.0006698532182699341,1.0000003943807767,2.629205178639716,1,0.33015486351867485,0.9447897238121747,0.9948114627342042,1.236960801783269,0.002719409355151966,1.0000003547072132,1.0315958240423575,1,-0.40498313371364925,1.5000502906802191,1.5501276334720142,1.8379199931030774,0.002734341659356805,1.0000000462460192,0.3083067951877626,1,0.572589879636253,-5.135301622813103,5.17153253571317,-1.4606636398080841,-0.018482168942322328,0.9999998036049554,0.007134876905614522,0
21.240000000000002,-0.003753619175134017,0.00473169021379423,-2.16287269171056e-09,0.19486045817029699,0.2761075805567962,0.3315646457705139,0.9579091605190245,0.0006770498390060217,1.0000031829758078,20.749707194884877,1,-0.7231122404521431,0.05914875880559596,0.7292674742015917,3.067123217829862,-0.0007960044797317593,1.000000393531668,2.6235444522672653,1,0.20911722258236376,0.9805303352970809,0.9969406246588239,1.3637070457285798,0.0027515151747037163,1.0000000668308877,1.0294293940695332,1,-0.5027045795500308,1.4795687954333159,1.5593461916398452,1.901842697624225,0.002717163640442575,1.000000045529236,0.30352823950368657,1,0.6273024710109611,-5.126173183283111,5.168767411712292,-1.449938090312797,-0.018479420200524305,1.000000129339512,0.007146313679791978,0
21.26,-0.003753619181891746,0.004731690212776689,-2.16688531440995e-09,0.00019543223762925194,0.3765116027433837,0.3716501112593862,1.5812548593462705,0.000680152567298394,1.0000030987035935,21.027191663371383,1,-0.7193235558851638,-0.08716004531646032,0.7292377542786446,-3.0150385756526537,-0.0009431687147102243,1.0000003927643724,2.618429148956004,1,0.08481497770510359,1.000742846794367,0.9991280997644051,1.4899049842968972,0.0027548149124466477,1.0000000335685484,1.0267656521048667,1,-0.5983168192041026,1.4529466432345755,1.5683674349613987,1.9650216946844767,0.002692905455499193,1.000000044815023,0.29876682024560497,1,0.6819437979131396,-5.116457979119244,5.1660059572260515,-1.4392010587660005,-0.01849006637093229,1.0000000673352967,0.007157770673802909,0
21.28,-0.0037536191871982917,0.0047316902117853585,-2.1709587764637273e-09,-0.19679263756564755,0.36487699056773565,0.41222967416240625,2.07963493272552,0.0006755127223598011,1.000002994919549,20.525304504010297,1,-0.6861749908647514,-0.22973322523315323,0.7289879548258201,-2.813937689713833,-0.0011179604529388378,1.0000003921094864,2.614063242627489,1,-0.040765963682914366,1.0052087491771575,1.0013389437000186,1.6155478646134434,0.002734220051803064,1.0000003504908477,1.0236534852695882,1,-0.6914648882011378,1.4203979712871837,1.5771578018943682,2.0274868766993,0.002662855972916511,1.0000000441066872,0.29404458054158744,1,0.7365074814696991,-5.106156182652641,5.163248485125993,-1.4284525388201383,-0.01850938627271601,0.9999998050296807,0.007169246624220825,0
21.3,-0.003753619190575124,0.004731690210842668,-2.1750704050360614e-09,-0.3505911163386098,0.2719696527928285,0.44392133727963407,2.4959652310402602,0.0006675913869733935,1.0000029471339051,19.63688504832733,1,-0.6249857649375439,-0.36277425110583317,0.7285280189535401,-2.6126401434631528,-0.0013257321814753842,1.0000003915932192,2.6106214606548264,1,-0.16564539964476985,0.9939612697903696,1.0035382910143178,1.7406378325621858,0.002694554636246068,1.0000000946543504,1.020148281931041,1,-0.7818150169776458,1.382152157838703,1.5856857260345119,2.0892695309564004,0.0026287916775998036,1.0000000434072538,0.2893816912344482,1,0.7909871315547613,-5.095268036469474,5.1604953025295615,-1.4176925269100367,-0.01853156877543558,1.0000001353499655,0.007180740254733314,0
21.32,-0.003753619192340012,0.0047316902099565645,-2.179198077198463e-09,-0.44132934994358347,0.13042938087174522,0.46262621481290817,2.8666984870386325,0.0006595279348016496,1.000002944433555,18.62076642031668,1,-0.5381964823877526,-0.4808497913846702,0.7278763310791974,-2.41103399131958,-0.0015698291472095206,1.0000003912364588,2.6082430580021803,1,-0.2878799286457486,0.9672783256998824,1.0056918991189145,1.8651856113631538,0.002639257519719593,1.0000000084989835,1.0163106856036508,1,-0.8690544467204647,1.3384519328183504,1.5939216156777805,2.1504020925793377,0.002592108612341078,1.0000000427194724,0.2847964822918953,1,0.845376347564196,-5.083793853822559,5.157746716291974,-1.406921022076325,-0.018552624626638682,1.0000000597781238,0.007192250275506617,0
21.34,-0.003753619192688342,0.004731690209128128,-2.1833229460477277e-09,-0.46151609610904026,-0.03135397564649811,0.4667967960959775,-3.063976423784765,0.000651649275252222,1.000002923063739,17.632707330358254,1,-0.4292838091861564,-0.5791011441842975,0.7270590709225764,-2.209018941316231,-0.0018447614463206646,1.000000391053992,2.6070266140347096,1,-0.40559187445676403,0.9256719355762273,1.0077666572570172,1.9892100628602862,0.0025716433027200628,1.0000003408960163,1.0122052969848456,1,-0.9528911259095006,1.2895516566588325,1.6018378253247212,2.210917926416897,0.002553991700488468,1.0000000420458242,0.2803054950405991,1,0.8996687192020063,-5.071734019036038,5.155003034557009,-1.3961380255764029,-0.018569788438101684,0.9999998067650484,0.007203775380274096,0
21.36,-0.003753619191717758,0.004731690208354299,-2.187428181296691e-09,-0.4098236353775263,-0.18745781398389189,0.45615599377729366,-2.7064526399768822,0.0006426597914461265,1.0000028255325477,16.78146794217266,1,-0.3026364564294113,-0.6534391030408034,0.7261092705583272,-2.0065103679138967,-0.0021316824454014624,1.0000003910538964,2.6070259757034457,1,-0.5169957415848951,0.8698746259092527,1.0097310540805893,2.1127376529266595,0.002495339178508468,1.000000123470811,1.0078994130377743,1,-1.033053315059763,1.2357157638056944,1.6094086201488518,2.2708511374325315,0.00251560592176943,1.0000000413885324,0.27592354923087836,1,0.9538578272782923,-5.059088987903163,5.152264566921567,-1.3853435406717516,-0.018580879599432176,1.0000001411476966,0.007215314242389077,0
21.380000000000003,-0.0037536191894414705,0.0047316902076280296,-2.1914979527262735e-09,-0.2899243774064843,-0.3112491396503164,0.4314570451359801,-2.3195253452204283,0.0006311915762977482,1.0000026500337265,16.171984055519346,1,-0.163394480592474,-0.7007153384126658,0.7250655890771354,-1.803442884403929,-0.002399313619755964,1.0000003912371258,2.608247505173135,1,-0.6204220192752575,0.8008233535358653,1.0115555993491547,2.2358018414675547,0.0024144689266897075,0.9999999866171457,1.0034618323127702,1,-1.1092891237708173,1.1772173650676578,1.616610135096474,2.33023640736665,0.002478164727933363,1.0000000407495737,0.271663825030406,1,1.0079372445182757,-5.045859288077541,5.149531624256268,-1.374537572549069,-0.0185838798421626,1.0000000521279675,0.007226865511018712,0
21.400000000000002,-0.0037536191858271294,0.0047316902069374864,-2.1955174171750524e-09,-0.11362707497331863,-0.37249815208820025,0.39512937577580165,-1.8723298687792163,0.0006187967189408028,1.0000024667976797,15.946306152362324,1,-0.017255174475025017,-0.7188630608356226,0.7239708314035065,-1.5997733177037152,-0.0026120480143409634,1.0000003915973208,2.610648804614705,1,-0.7143382521428188,0.7196414327485714,1.0132131980606887,2.3584424164029887,0.0023337239590248983,1.0000003263733919,0.9989617413595792,1,-1.1813660009508822,1.1143370009884879,1.623420330309628,2.389108855264253,0.0024429421928289915,1.0000000401306943,0.26753796161246146,1,1.0619005363817091,-5.032045519457779,5.146804518410103,-1.3637201283583302,-0.018576427420788917,0.9999998088083122,0.007238427808732978,0
21.42,-0.003753619181012314,0.004731690206263974,-2.1994731192603867e-09,0.08991848915468555,-0.33769129797482494,0.3531751497348932,-1.3240892560923445,0.0006135227345381489,1.000002395386696,16.322017831435318,1,0.1297495366374609,-0.706999683056879,0.7228702552093137,-1.3954829203917412,-0.002742474709813914,1.0000003921208545,2.6141390298147185,1,-0.7973673757096963,0.6276189061352732,1.0146794773159007,2.480704788699034,0.002259176010924046,1.0000001527927085,0.9944676959423281,1,-1.249070196140404,1.0473615369197018,1.6298189440352455,2.4475039198624504,0.0024113428839499487,1.0000000395334259,0.26355617282207655,1,1.115741261891686,-5.017648354564423,5.144083562138928,-1.352891217443876,-0.01855496284675289,1.0000001467235227,0.007249999732037236,0
21.44,-0.0037536191759796793,0.004731690205576979,-2.2033566421039708e-09,0.2593081231048412,-0.1846998878174233,0.3182435231707976,-0.6377397762873914,0.0006198403940212351,1.000002544339407,17.52706779592671,1,0.2714973283771419,-0.6654846190574474,0.7218097287998803,-1.190578670300399,-0.0027699703240384407,1.000000392787173,2.6185811536676833,1,-0.8683033749366719,0.5261917395379971,1.0159330667175666,2.6026392631905533,0.002198461490204708,0.9999999686888478,0.990046704666233,1,-1.3122062073518825,0.9765831893958324,1.6357874428708077,2.5054572626912432,0.002384950031669339,1.0000000389591062,0.2597273751290874,1,1.169452974471868,-5.002668538907656,5.141369070976349,-1.342050851845423,-0.01851449420145435,1.0000000443969512,0.007261579857113663,0
21.46,-0.0037536191741445427,0.004731690204833046,-2.2071808139859095e-09,0.3079845719835647,0.05271934754238166,0.3081728912992863,0.15625486547061074,0.0006317972880634442,1.000002897163462,19.328128539889658,1,0.40203238308769645,-0.595926414311088,0.7208338006005623,-0.9850935285214246,-0.002692966708259054,1.0000003935694997,2.62379666440397,1,-0.9261243636030804,0.4169201587267206,1.0169558305396715,2.7243002960994236,0.0021552713467002612,1.0000003075079482,0.9857634164086445,1,-1.3705962288441769,0.9022986728776337,1.6413089657621913,2.563004690218252,0.002364399817170909,1.0000000384088976,0.2560593167397006,1,1.2230292227917745,-4.987106891343395,5.138661370506693,-1.3311990463511962,-0.018454364195875483,0.9999998111562372,0.007273166751955104,0
21.48,-0.003753619178417617,0.004731690204005524,-2.210995194221188e-09,0.20316923788198724,0.2671589462633036,0.3297305576083137,0.920393303244963,0.0006434052576738792,1.0000032527250913,20.70498571768247,1,0.5158240459521052,-0.501135242639077,0.7199837609611782,-0.7790855232718311,-0.0025565823790982237,1.0000003944357758,2.6295718381885615,1,-0.9700032037432468,0.30146638329635544,1.0177330508419637,2.845745738971691,0.0021218438867713764,1.000000182121863,0.9816794090747212,1,-1.4240796105150788,0.8248084559974168,1.6463682613962562,2.6201820874348156,0.002347429377156804,1.0000000378838045,0.2525586970498188,1,1.2764635516216063,-4.970964304414728,5.135960802150422,-1.320335816174059,-0.01838589247321746,1.0000001520686117,0.0072847589872106705,0
21.5,-0.0037536191855449524,0.004731690203117054,-2.214848517263779e-09,0.01064026128250999,0.37403525546609767,0.3693746188250052,1.5513670882532662,0.0006497621956235134,1.0000034310329589,21.035832604714564,1,0.6080147440788495,-0.3850194366661176,0.7192957987278473,-0.572635630617149,-0.00240962891242484,1.0000003953498937,2.635665958159468,1,-0.9993157893858545,0.18157195541219315,1.018253577956559,2.96703607005001,0.0020904288913292605,0.9999999553743442,0.9778525721029885,1,-1.4725123388287233,0.7444161168569452,1.6509516393466528,2.677025360119232,0.0023316066048307744,1.000000037384691,0.24923127286248806,1,1.3297495026992474,-4.95424174468029,5.133267709821896,-1.3094611748064995,-0.01831830435092041,1.0000000365973267,0.00729635513627852,0
21.52,-0.003753619191559088,0.004731690202207194,-2.218750574760342e-09,-0.18768211082202158,0.3677137548003456,0.41022716288040434,2.0553665843542883,0.0006504895798686991,1.000003393824154,20.564767435389925,1,0.6746438723810079,-0.2524279736543099,0.7187993486452392,-0.36584451853811667,-0.0022733410805119724,1.0000003962732207,2.641821471341315,1,-1.013647110305836,0.05903481050576268,1.0185099523445331,3.08823363551385,0.0020606819189702514,1.0000002849746792,0.9743365694689884,1,-1.5157665474178825,0.6614277873590139,1.6550469355302169,2.7335703989422275,0.0023166645040932875,1.0000000369122932,0.24608195454448353,1,1.3828806156095026,-4.936940253032633,5.1305824279765355,-1.2985751360164968,-0.01825067029307208,0.9999998138051056,0.007307953772640041,0
21.540000000000003,-0.0037536191953901643,0.004731690201299523,-2.2226886121565204e-09,-0.34445628180583915,0.27829317688955013,0.4425301195527139,2.4750725707285404,0.000648103058715438,1.0000031812618169,19.689308942548365,1,0.712834584909593,-0.10894449668388317,0.7185157263307556,-0.1588282514220951,-0.0021527031086148803,1.0000003971663165,2.6477754431509317,1,-1.0127951920826017,-0.0643138039138768,1.0184984809813649,-3.073783407377325,0.002032680159923681,1.0000002109352246,0.9711803726214497,1,-1.5537300638412346,0.5761516768323137,1.6586434705473345,2.7898530599919527,0.002302901082251717,1.0000000364672346,0.24311489743018755,1,1.4358504286744713,-4.91906094500573,5.127905286168007,-1.2876777156136603,-0.018180599454219244,1.0000001571744972,0.0073195534689426064,0
21.560000000000002,-0.0037536191972941065,0.004731690200401902,-2.226647636237311e-09,-0.43883644149437556,0.1385971604576116,0.4619841614719511,2.8474960375842526,0.0006449862695805567,1.00000288052093,18.675460103316034,1,0.7209318564673429,0.03935789014455783,0.7184571250685727,0.0482868621592318,-0.0020431388334449106,1.0000003979907564,2.6532717093837688,1,-0.9967729807910265,-0.18663248541756222,1.0182192723520258,-2.9525806143542535,0.0020040643954500224,0.9999999471888928,0.9684278533676038,1,-1.5863059975660823,0.48889766536952567,1.6617320069128698,2.8459091511685655,0.0022903644893678553,1.0000000360500387,0.24033359149381908,1,1.4886524798553284,-4.90060501107147,5.125236614079719,-1.276768931372924,-0.01810752045881722,1.0000000287414545,0.007331152793904153,0
21.580000000000002,-0.0037536191977085897,0.004731690199514631,-2.23061685528797e-09,-0.4628805548887369,-0.022775301404063947,0.4669491744023484,-3.0828018296647515,0.0006421850890686769,1.0000026020662252,17.68295029069344,1,0.6985827984184614,0.18618861764209244,0.7186260353384873,0.2553700067760846,-0.0019340988617197416,1.0000003987109545,2.6580730304608653,1,-0.9658082072545672,-0.30609285229513283,1.0176762366253378,-2.831279852847326,0.001970226903318324,1.0000002595019952,0.966117421603668,1,-1.6134123731510255,0.39997695751034895,1.6643047125684747,2.9017744244105073,0.002278890273437695,1.0000000356611425,0.23774094980638738,1,1.5412803076655903,-4.881573716926136,5.122576742620062,-1.2658488026207533,-0.018032107674600638,0.9999998167507234,0.007342750307432521,0
21.6,-0.0037536191969668037,0.004731690198635983,-2.2345892939854006e-09,-0.41499665449478923,-0.1798469900476757,0.4570937511651672,-2.726128945024578,0.000639733715074187,1.000002437812017,16.821876071587617,1,0.6467538280638152,0.32532370718698217,0.7190151270860391,0.46229185866555045,-0.001814299395784376,1.0000003992958728,2.6619724849365665,1,-0.9203412301726487,-0.4209026860798769,1.0168770514841814,-2.70981883083358,0.001925723345934378,1.000000238680706,0.9642816916687937,1,-1.634981811735276,0.3097017871607629,1.666355130636221,2.9574845741834572,0.0022682216071390616,1.0000000353009093,0.23533939485129815,1,1.593727452095249,-4.861968403766921,5.11992600337357,-1.2549173499918524,-0.017955511784383732,1.0000001620330918,0.0073543445559325175,0
21.62,-0.0037536191950822816,0.0047316901977644986,-2.2385591392712345e-09,-0.2985517214813926,-0.30610409148320894,0.4331081329763543,-2.3414776783062696,0.0006373964110470633,1.0000024237980731,16.196367978159603,1,0.5676835299792778,0.45088609383476314,0.719607604485511,0.6689304972407456,-0.0016766004548084586,1.0000003997205036,2.6648033565169387,1,-0.8610208217343227,-0.5293289822684495,1.0158330924838703,-2.588137164872587,0.0018657439141686466,0.999999944475542,0.9629471824600456,1,-1.6509612633298205,0.21838516491566698,1.6678781546479289,3.0130752414244264,0.0022581057642686434,1.000000034969641,0.2331309400236169,1,1.6459874555452896,-4.841790488558329,5.117284727580386,-1.2439745953495605,-0.017878793159865358,1.000000020841784,0.007365934068630948,0
21.64,-0.003753619191730478,0.004731690196898326,-2.2425187245350697e-09,-0.12475141320568568,-0.37155579660725147,0.39729713573233777,-1.8984619184841363,0.0006352424320425241,1.0000025344240215,15.945368098185114,1,0.464774422277639,0.5576067601261379,0.7203780108826177,0.875176888594326,-0.0015201762646040522,1.000000399967031,2.6664468732433297,1,-0.7886978252334841,-0.6297208308280061,1.0145593248635085,-2.4661771453366867,0.0017867943131681394,1.0000002318413699,0.9621340701939016,1,-1.6613117919629494,0.12634065932916302,1.66887000926017,3.068582021883031,0.0022484068433963095,1.0000000346675897,0.2311172643153111,1,1.6980538637723321,-4.821041464288461,5.114653244943889,-1.2330205618554744,-0.017802299295077515,0.9999998199884255,0.007377517354731815,0
21.66,-0.003753619186662267,0.004731690196030442,-2.2464564557525546e-09,0.07854461963290146,-0.34270485996029504,0.35539644659039865,-1.3567782796731547,0.000635481402596177,1.000002715394572,16.282106290566468,1,0.3424308371571273,0.6410529040969869,0.7212934318931477,1.0809396396990485,-0.00134901943021533,1.0000004000256002,2.6668373346445033,1,-0.7044165863133979,-0.7205320181305511,1.0130741537943109,-2.3438845035478417,0.0016877376301823541,1.0000002647800603,0.9618559474839041,1,-1.666008415232886,0.03388220405279773,1.6693282369626683,3.1240404779400337,0.0022392594440056347,1.000000034394967,0.22929978042805588,1,1.74992022684299,-4.799722900214355,5.1120318825680675,-1.2220552742655624,-0.017724702206419484,1.0000001666366996,0.007389092901001063,0
21.68,-0.00375361918090396,0.004731690195139186,-2.2503616825889083e-09,0.2519415326709418,-0.19594873967239287,0.31964044162358135,-0.678084857637865,0.0006420863392440044,1.000002925971566,17.44108025545055,1,0.20585330077503466,0.6978121375838002,0.7223150201737061,1.2861487877521405,-0.001169570521410521,1.000000399894658,2.6659643866233327,1,-0.6094040423116943,-0.8003432008846001,1.011399233540074,-2.221209175975162,0.001570183199915795,0.9999999473872415,0.9621195622585761,1,-1.6650399993116247,-0.0586760770081344,1.6692516911161794,-3.103699153466286,0.002231083257543854,1.0000000341519546,0.22767969682137826,1,1.8015801000974454,-4.777836442096316,5.1094209655934275,-1.2110787595769827,-0.017642412796508435,1.0000000129108337,0.0074006591708144385,0
21.7,-0.0037536191785903436,0.00473169019418648,-2.2542468065822607e-09,0.3088704059273698,0.03925366106236063,0.3078692937097119,0.11299070808113756,0.0006549180292617364,1.0000031162089482,19.231804400509528,1,0.06080185931760736,0.7256251784186273,0.7233997490562194,1.4907584682181598,-0.0009997767887204927,1.0000003995808664,2.6638724424262206,1,-0.5050563465387621,-0.8678834501639591,1.0095592347220441,-2.0981060576658734,0.0014324982212820547,1.0000002027403367,0.962924578247749,1,-1.6584092100359962,-0.15102003423545704,1.6686405321691256,-3.048230713113053,0.0022236167534082888,1.000000033938711,0.22625807370280104,1,1.8530270451213688,-4.755383812420275,5.10682082346665,-1.2000910474742421,-0.017554425551905027,0.9999998235130845,0.007412214607747089,0
21.720000000000002,-0.003753619182752654,0.0047316901931550035,-2.2581639171417867e-09,0.21124936518489865,0.2577855464571399,0.32794321330352727,0.8824324640430864,0.0006679983179080802,1.0000031821065218,20.65692294946744,1,-0.08665835683515036,0.7234632037559596,0.7245023010306386,1.6947483889331885,-0.0008808428694634204,1.00000039909862,2.660657465819572,1,-0.392922909415709,-0.9220509049578014,1.0075815593926196,-1.9745357348895904,0.0012644683846850283,1.0000002886352797,0.964263372865443,1,-1.646132520362806,-0.24283565415660366,1.6674962191529197,-2.9927039442546395,0.002214785358214821,1.000000033755381,0.22503587313058956,1,1.904254630726046,-4.73236681060558,5.10423179740448,-1.1890921684740718,-0.017470718612458254,1.0000001709780293,0.007423757640678691,0
21.740000000000002,-0.003753619189517189,0.004731690192080887,-2.2621586036677965e-09,0.021103130095492598,0.3711387998608098,0.36709490628413816,1.5210982866849165,0.0006776297191976967,1.0000031085753878,21.042218679396782,1,-0.23041632728579578,0.6915495397658563,0.7255770020613719,1.8981241361390897,-0.0008413877616147596,1.0000003984692243,2.6564614956100567,1,-0.2746877609910008,-0.9619322124137938,1.00549599777689,-1.850465199696641,0.001064425365816607,0.9999999558755722,0.9661208777678825,1,-1.6282402740870356,-0.3338092262141421,1.6658215081891454,-2.9370832557434423,0.002203179505585927,1.0000000336021004,0.22401400349685716,1,1.95525643393851,-4.7087873131987035,5.10165422946717,-1.1780821514672482,-0.01740030345518384,1.0000000049611717,0.007435286680721492,0
21.76,-0.003753619195035038,0.004731690191012798,-2.266232754406794e-09,-0.1784226596093711,0.3702267251420514,0.4081948940231541,2.030860747985731,0.0006830380077594317,1.00000300436397,20.603237503270144,1,-0.36456728427007756,0.6313283405688032,0.7265797024344253,2.100916403310537,-0.0008752278301218085,1.0000003977198042,2.651465361810681,1,-0.15214818091216378,-0.9868203688994499,1.0033343447281462,-1.7258685335674329,0.0008449418280060794,1.0000001729166839,0.9684744741790416,1,-1.6047768053892588,-0.4236275221100459,1.6636204743144576,-2.881333021116086,0.002189241030785922,1.0000000334790038,0.22319335789225175,1,2.0060260410016197,-4.684647274055628,5.099088448595407,-1.1670610254035676,-0.01734153955162886,0.9999998273191177,0.007446800116915772,0
21.78,-0.003753619198621218,0.00473169018998007,-2.2703671009177695e-09,-0.3381166103525248,0.2843896332013119,0.44110004917230516,2.454053422208705,0.0006817529893446179,1.0000029520260547,19.741513753735425,1,-0.48364778308185236,0.5453851595798066,0.727469530327998,2.303179248057226,-0.0009581224148383117,1.0000003968819924,2.6458799485617477,1,-0.027190603887908803,-0.9962305176105395,1.001129973893437,-1.6007275234533158,0.0006213498359936913,1.0000003096359775,0.9712939579070542,1,-1.5758006134904567,-0.5119779955017135,1.6608985361721893,-2.825417564415217,0.0021736411112079335,1.000000033386227,0.2225748460278761,1,2.0565570483817868,-4.6599487245115085,5.096534773583714,-1.1560288214438141,-0.017290092491279968,1.0000001750502039,0.007458296318313157,0
21.8,-0.0037536192005650478,0.0047316901889969155,-2.2745409132551853e-09,-0.4361174302228853,0.14662140138240284,0.46130147612212424,2.828244322027368,0.0006760512478131197,1.0000029478011454,18.730371387464253,1,-0.5828457319325282,0.4373257832475893,0.728210472281007,2.5049875106320107,-0.0010677028145016012,1.0000003959905133,2.639936755582409,1,0.09823610880051752,-0.9899132100318164,0.9989173594858686,-1.4750321925225272,0.0004075108051986654,0.999999969684744,0.9745415963490955,1,-1.541384591287322,-0.5985490099787671,1.657662477277586,-2.769301149770006,0.0021567412739114857,1.000000033323913,0.2221594200287632,1,2.1068430637839572,-4.634693773535854,5.093993518704537,-1.1449855732354348,-0.01724275866094033,0.9999999970053954,0.007469773637633974,0
21.82,-0.003753619201076778,0.004731690188070308,-2.2787356324799335e-09,-0.46401500193197304,-0.014263572916001516,0.467061990273604,-3.101616317091076,0.0006710965653250657,1.0000029304739257,17.733688975324057,1,-0.6581794455988158,0.31162043254321586,0.7287727190372181,2.7064335516950035,-0.0011903061464456335,1.0000003950818093,2.6338787284113265,1,0.22214983934582244,-0.9678646058240917,0.9967315514339607,-1.3487812292010788,0.00021525916572112495,1.0000001430340475,0.9781723029704982,1,-1.5016163063426362,-0.6830301034892088,1.6539204710444952,-2.712947977782378,0.002138711951800536,1.000000033292214,0.22194809408549146,1,2.1568777071741096,-4.608884607872844,5.091464995784793,-1.1339313166670841,-0.017197223271776186,0.9999998314004966,0.0074812304143487725,0
21.84,-0.0037536192002667274,0.004731690187202871,-2.2829336303320513e-09,-0.4199498963154033,-0.17222476373619786,0.45799449118788826,-2.7457344441480083,0.0006677520451901455,1.000002839868216,16.863031561387043,1,-0.7066416122700592,0.17342061789875998,0.7291337401651984,2.9076234908101797,-0.0013130272033049348,1.0000003941926263,2.627950842102066,1,0.3425665140813052,-0.9303330755437633,0.9946076129084165,-1.2219822911670337,5.385849687822307e-05,1.0000003271686277,0.9821339535107348,1,-1.4565983320664084,-0.7651122976856004,1.6496821114701339,-2.656322188468497,0.0021196553735847888,1.0000000332912937,0.22194195764645666,1,2.2066546118089256,-4.582523492166145,5.088949514561989,-1.122866089715203,-0.01715148271059411,1.0000001788467727,0.007492664977846488,0
21.86,-0.0037536191981481686,0.004731690186392988,-2.2871172872251933e-09,-0.3069913320604552,-0.3008597595017311,0.43472748641380854,-2.363282191073801,0.000664243496024981,1.000002668230355,16.22185028441121,1,-0.7263055276202023,0.028355756689195363,0.7292790836358928,3.1086730863796546,-0.0014253269036161463,1.000000393358622,2.6223908124343493,1,0.45753309356207583,-0.8778216890644842,0.9925800297087684,-1.0946521606276958,-7.077828853887002e-05,0.9999999883535493,0.9863678656376259,1,-1.4064486262891496,-0.8444884609838034,1.6449584490110667,-2.5993878714053733,0.0020996856961805047,1.0000000333213273,0.22214218210776945,1,2.2561674252725368,-4.555612769068029,5.086447382519298,-1.1117899324118803,-0.017103449587856298,0.9999999890561118,0.007504075650998644,0
21.880000000000003,-0.003753619194689123,0.0047316901856339685,-2.2912689688278642e-09,-0.13576539873045096,-0.3704152899771214,0.39944626978387526,-1.9243355847638135,0.0006592214586247069,1.000002479866479,15.946122396019408,1,-0.7163920304053472,-0.11768370916466266,0.7292028878885396,-2.9734819370405656,-0.0015226756571117708,1.00000039261308,2.6174205334562672,1,0.5651616759172703,-0.8110861243817776,0.9906821026196511,-0.9668167297200739,-0.00015609880630861977,1.0000001136832755,0.9908094595929899,1,-1.3513009536260054,-0.9208537344811567,1.63976203114228,-2.5421090843518526,0.0020790126064979255,1.0000000333825032,0.22255002088314693,1,2.3054098105203455,-4.52815485933245,5.083958904493132,-1.100702886921872,-0.01705051287650875,0.9999998357507559,0.007515460753608012,0
21.900000000000002,-0.0037536191899956526,0.004731690184911919,-2.295371307088623e-09,0.06711304886353932,-0.34744216842200265,0.3576302884654449,-1.3890827698701946,0.0006544276504523478,1.0000023916431904,16.244691566307363,1,-0.6772963322940353,-0.2587703278097453,0.728908095538554,-2.7723491592019514,-0.0016065270677147064,1.0000003919857456,2.613238304217819,1,0.6636640068106716,-0.7311276201209344,0.9889453357759441,-0.8385107989808217,-0.0002018646985539539,1.0000003406321598,0.9953891101241494,1,-1.2913053471217848,-0.9939060303443563,1.634106947568773,-2.484449881761444,0.0020580542628685205,1.00000003347502,0.2231668007339145,1,2.3543754469299176,-4.500152261891419,5.081484382242892,-1.0896049978067124,-0.016988749417379125,1.0000001823617226,0.007526818604736104,0
21.92,-0.003753619184869105,0.004731690184200938,-2.299410372177957e-09,0.24425027464788246,-0.20699241517264333,0.32110227361787985,-0.7180762039876271,0.0006554341020177866,1.0000025169290652,17.357375290845145,1,-0.6105744590561456,-0.3891646533555624,0.728406365010747,-2.570995832651397,-0.001682652738144878,1.000000391501784,2.610011894029787,1,0.7513855741462108,-0.639180721243346,0.9873988365637598,-0.7097776776319975,-0.0002092524972246056,1.0000000112307301,1.0000331830393963,1,-1.2266286037926635,-1.0633466127193747,1.6280088808968614,-2.4263743542514495,0.0020373477151440812,1.0000000335990853,0.22399390209250866,1,2.4030580313591003,-4.471607553914986,5.079024115298609,-1.0784963126437976,-0.016912273863386472,0.9999999811259168,0.00753814752385479,0
21.94,-0.003753619182450379,0.0047316901834603495,-2.303390389014892e-09,0.30930080908054586,0.02566501413732388,0.3076572080853844,0.06967975287092175,0.0006646108160154336,1.0000028575220048,19.13471832554687,1,-0.5188894438249834,-0.5035351687099571,0.7277176795129752,-2.369312096492145,-0.0017676022745092067,1.0000003911808795,2.6078725298272305,1,0.8268383767256112,-0.5366957289337208,0.9860687470681674,-0.5806685811283134,-0.00018351693854975828,1.0000000853761593,1.0046652435215446,1,-1.157454807594138,-1.1288807713242228,1.6214851618930757,-2.3678466785705887,0.0020162523014912747,1.0000000337549098,0.22503273124924236,1,2.451451279210944,-4.442523390854758,5.076578407238451,-1.0673768826305707,-0.016817314910973182,0.9999998403630044,0.0075494458338335405,0
21.96,-0.003753619186107963,0.004731690182660148,-2.3073520958455385e-09,0.2190756195728783,0.24801756586258406,0.3262080020939464,0.8441087230401318,0.0006754064247726063,1.0000032247809054,20.60614430242271,1,-0.4059178852878616,-0.5971668460014447,0.7268696506611759,-2.1672005295635395,-0.0018954854387419383,1.0000003910364865,2.6069099102837856,1,0.8887314016857065,-0.4253159547036618,0.9849777244034007,-0.45124182327529944,-0.0001396631389136661,1.0000003494660368,1.0092074859120999,1,-1.083985871644741,-1.1902185977347355,1.6145548187794552,-2.3088311795526817,0.001991835546266765,1.0000000339427038,0.22628469118395372,1,2.499548925504933,-4.412902506468952,5.0741475753808,-1.056246761017779,-0.01671102763760003,1.000000185589485,0.007560711865353583,0
21.98,-0.0037536191931317724,0.004731690181817891,-2.3113414194739224e-09,0.03156002193627449,0.3678314236914745,0.36481939455992407,1.4904996216250563,0.0006816179839654937,1.000003424693782,21.04672375765736,1,-0.2762181461290932,-0.6661517391803385,0.7258965234836101,-1.9645800900850505,-0.0020833629628181872,1.0000003910752577,2.607168384393057,1,0.9359978405515791,-0.30685008389967655,0.9841444693903768,-0.32156180680237606,-9.2146441740993e-05,1.000000037509818,1.0135822780003836,1,-1.0064420892764814,-1.2470758743969543,1.6072386172008188,-2.249292416972454,0.001962570822294149,1.000000034162673,0.22775115300031934,1,2.5473447259566484,-4.382747712829137,5.071731943382398,-1.0451060001675592,-0.016601856281824166,0.9999999732273769,0.007571943951639736,0
22.0,-0.0037536191993058797,0.004731690180972062,-2.3153664940184226e-09,-0.16902946687464115,0.3724144011587544,0.4061405334593969,2.0061480695578937,0.0006819730550748649,1.0000034070615182,20.640939414204865,1,-0.13506243480507707,-0.7075546168295662,0.7248379125205892,-1.7613896055583882,-0.0023128126735093824,1.0000003912966684,2.6086444554603343,1,0.9678181241943745,-0.18324017174979032,0.983583319816811,-0.19169784954662178,-4.383202641860713e-05,1.0000000585574993,1.017713750846101,1,-0.9250626812672147,-1.299175086884075,1.5995591131230003,-2.1891952979943508,0.0019295219771865043,1.0000000344150126,0.22943341813673707,1,2.594832458067182,-4.352061900312384,5.069331826160896,-1.033954652535036,-0.016488695478367413,0.9999998452299357,0.007583140416850074,0
22.02,-0.0037536192033107907,0.00473169018014536,-2.3194103096479957e-09,-0.33157844888856786,0.2902519755514367,0.43963553936734817,2.4329270108276693,0.0006782623803642479,1.000003207451572,19.793628254136728,1,0.011763646191852587,-0.7195463674934969,0.7237372904771069,-1.55759063500119,-0.002549792016603688,1.0000003916928693,2.6112857949857116,1,0.9836379544226312,-0.05652599990448737,0.983303940556256,-0.06172287562650569,7.494876484606172e-06,1.0000003531947241,1.021529460547812,1,-0.84010632494502,-1.346246570330289,1.5915407113550526,-2.1285052025960995,0.0018937586890972666,1.000000034699899,0.23133265963659286,1,2.6420059222198886,-4.320848037579507,5.066947531066056,-1.0227927728295556,-0.016367838016399253,1.0000001885249472,0.007594299569744234,0
22.040000000000003,-0.0037536192053264092,0.004731690179342718,-2.3234529014301564e-09,-0.4331704535278975,0.1544907315846546,0.46057793423005705,2.808960129854891,0.0006731029800255627,1.0000029101769972,18.78558065650154,1,0.15818879305206984,-0.7014979389441026,0.7226402610123415,-1.3531695415510596,-0.0027572231119608387,1.0000003922487972,2.614991980999707,1,0.983180663413605,0.07119330083305707,0.9833111172996258,0.06828800565644919,6.446999752817072e-05,1.0000000662854163,1.0249620365836438,1,-0.751851649101256,-1.3880298004111513,1.5832097141284955,-2.067188127717788,0.0018556529553896855,1.0000000350174763,0.2334498424028333,1,2.6888589427828955,-4.289109171538344,5.064579363639613,-1.0116204183577624,-0.016237100189210645,0.9999999653730077,0.007605419700740675,0
22.060000000000002,-0.0037536192058054262,0.004731690178559718,-2.3274792206387507e-09,-0.4649089746219002,-0.005834448441750013,0.4671305289421041,-3.12039718342908,0.0006684285090464752,1.0000026254628465,17.78499914484465,1,0.2981036515909363,-0.6540281082557997,0.721592676069706,-1.1481386178024076,-0.002903833194106007,1.0000003929425745,2.619617163513037,1,0.966453431018668,0.1977993149737733,0.9836046551983308,0.1982589905047653,0.00012993589097636305,1.0000000336356871,1.0279507452541716,1,-0.6605976760343959,-1.4242748378257335,1.5745943617120255,-2.0052108572199785,0.0018151556022225433,1.0000000353678444,0.23578562892848193,1,2.7353853692166066,-4.256848427291448,5.062227630117611,-1.0004376486804458,-0.016095745160535368,0.9999998503438395,0.007616499080964613,0
22.080000000000002,-0.003753619205113943,0.004731690177788564,-2.331479397564562e-09,-0.42466286957879307,-0.16461026057925038,0.45885050322256377,-2.765233926311394,0.00066474730497023,1.0000024486195955,16.905036252788005,1,0.4256190537209936,-0.5789995946662445,0.7206386758806496,-0.9425361224867932,-0.002973083268336429,1.0000003937462194,2.6249747967221295,1,0.9337471201274836,0.32119495849304364,0.9841793864007016,0.3281150927254162,0.00020702680189864874,1.000000351485071,1.0304429077587678,1,-0.5666641888284886,-1.4547439335512793,1.5657248662135113,-1.9425411597474225,0.0017720572947609147,1.000000035751041,0.23834027390322687,1,2.7815790771848,-4.224069008067211,5.059892637930804,-0.9892445252994494,-0.015943908740757136,1.0000001911634595,0.007627535964837299,0
22.1,-0.003753619203288828,0.004731690177021006,-2.3354464308636413e-09,-0.3152110582085447,-0.29553586974119694,0.4363067386246984,-2.384887134666016,0.0006612839275070185,1.000002421176365,16.248573297085805,1,0.535323543847902,-0.47946002344843397,0.7198187434977446,-0.7364251326052115,-0.0029673160499504663,1.0000003946266705,2.630844469031868,1,0.88562973733389,0.43934448200805853,0.9850252872403716,0.4577836297631515,0.00029838721073766197,1.0000000966239642,1.0323951165565624,1,-0.47039199866957115,-1.479213300194814,1.556633436436695,-1.8791480158707328,0.0017261679424525036,1.000000036167026,0.24111350694310668,1,2.827433969668408,-4.190774195133118,5.057574695427033,-0.9780411114528939,-0.015782161454708402,0.9999999575752548,0.007638528596427647,0
22.12,-0.003753619200041948,0.004731690176248439,-2.3393732836302084e-09,-0.146624869849183,-0.36909138810960235,0.4015703331232625,-1.9498820833855814,0.0006572122447088646,1.0000025217744057,15.948746601839018,1,0.6225274663025024,-0.3595270146327312,0.7191678745432796,-0.5298911826967863,-0.002903372666509547,1.0000003955471068,2.636980712372644,1,0.8229337725036464,0.5503117292709466,0.9861277010761179,0.5871956371846748,0.0004061989061327093,1.0000000110223173,1.0337742020547025,1,-0.3721430838061828,-1.4974750522518272,1.5473542908405116,-1.8150018759308575,0.0016775010749869065,1.0000000366156603,0.24410440137880127,1,2.8729439780817585,-4.156967347689771,5.055274111139957,-0.9668274720169584,-0.015611022913245532,0.9999998556966143,0.0076494752173407315,0
22.14,-0.003753619195098038,0.004731690175457816,-2.3432505961637484e-09,0.055676520872961086,-0.3519046557795,0.3598743926203598,-1.420920298373136,0.0006537984243762727,1.0000026963683812,16.209963346870648,1,0.683480268258285,-0.22422005192872105,0.7187139632570597,-0.3230387448732405,-0.0028008305939909903,1.0000003964685245,2.643123497045664,1,0.746737899304444,0.6522956112131162,0.9874676582825558,0.7162871702211367,0.0005326802385678709,1.0000003442036594,1.0345579140534507,1,-0.27230056870257474,-1.509339314733446,1.5379236556957419,-1.7500749498874546,0.0016265474488403183,1.0000000370966842,0.24731122837484862,1,2.9181030633916367,-4.122651902744186,5.052991192727727,-0.9556036735952903,-0.015430126109754345,1.0000001935008422,0.007660374072445491,0
22.16,-0.0037536191892322025,0.00473169017462295,-2.347070382231059e-09,0.23628228330847628,-0.21781115908525217,0.32263294389470015,-0.7576247566140881,0.0006550445871942813,1.0000029027500752,17.276129477561703,1,0.7155481373077813,-0.0792454864128951,0.7184764973701041,-0.11598669052971367,-0.0026694422246344913,1.0000003973514915,2.6490099429464826,1,0.6583437141115511,0.7436618987203426,0.9890222808448843,0.8450004567351436,0.0006793951403514435,1.0000001276334713,1.0347352976094923,1,-0.1712685090158628,-1.5146364952036793,1.5283797461602169,-1.6843415298908324,0.0015744158709536382,1.0000000376096947,0.2507312983640652,1,2.9629052172403902,-4.087831374962936,5.05072624666534,-0.9443697850012619,-0.01523733645696904,0.9999999498464742,0.0076712234109848594,0
22.18,-0.003753619186274805,0.0047316901737009245,-2.350845990095607e-09,0.30929763111655834,0.011980767917598015,0.3075478321212406,0.026384745486474407,0.0006628122063884885,1.0000030973214455,19.036808529416806,1,0.7173407743209346,0.06925536615366756,0.7184656401041951,0.09113704380243595,-0.002509740770612957,1.0000003981579897,2.654386598215854,1,0.5592483407702478,0.8229706188964896,0.9907652566394269,0.9732848714043991,0.0008418538074213656,0.9999999911644928,1.0343067597568316,1,-0.06947144523044725,-1.513219708903443,1.5187627287082917,-1.6177783434594348,0.0015214714016014799,1.0000000381541183,0.254360789012051,1,3.007344463073347,-4.052509356506152,5.048479582911425,-0.9331258779460723,-0.01503187994539636,0.99999986127978,0.007682021485925651,0
22.2,-0.0037536191898387365,0.004731690172664929,-2.3546323714603024e-09,0.22665686005106533,0.2378629425494722,0.32453677836845407,0.8054204057275668,0.0006707988823727423,1.0000031795536664,20.55208262686292,1,0.6887789597660401,0.21498202873505945,0.7186817645378154,0.29820130327067784,-0.0023309568408577393,1.0000003988532051,2.6590213680459516,1,0.451113826347038,0.8889985449835854,0.9926673737630822,1.1010977100838717,0.0010027959534324891,1.0000003314565122,1.0332838358498853,1,0.03264631431618116,-1.504967340697024,1.5091146561043598,-1.5503649310657115,0.001465030479328609,1.0000000387291834,0.2581945564972972,1,3.0514148572693065,-4.016689516841755,5.046251524904394,-0.9218720258261536,-0.01482295045815864,1.0000001955333924,0.00769276655580122,0
22.220000000000002,-0.003753619196584716,0.004731690171543083,-2.358485906572838e-09,0.04202828775500552,0.36410973469043173,0.3625542316624748,1.4595369691433517,0.000673465304249619,1.0000031178536035,21.04861208890197,1,0.6310983581423778,0.35175949050887595,0.7191154660407213,0.5050777378340128,-0.0021340958173264872,1.0000003994072149,2.6627147657381336,1,0.33573429643676345,0.940756484473906,0.994697104105576,1.2284047686930082,0.00114704205102767,1.0000001585144378,1.0316886584284468,1,0.13462172119612772,-1.4897857203270697,1.4994793580169659,-1.4820840523044065,0.0014028633679927828,1.0000000393338904,0.26222593534721705,1,3.0951104902750104,-3.9803756025394237,5.044042404566219,-0.9106083004965708,-0.014622163709420858,0.999999942198912,0.0077034568804557535,0
22.240000000000002,-0.0037536192023413673,0.004731690170383378,-2.362420248140651e-09,-0.1594781210421505,0.3742743270699996,0.40406527668562825,1.981193179527989,0.0006715673849997542,1.0000030140851162,20.67721592640755,1,0.5467893021983321,0.473815813595732,0.7197480186079671,0.7116466478558329,-0.0018935039250797846,1.0000003997964428,2.6653096186786183,1,0.215001830970129,0.9775012769631222,0.9968212025205739,1.3551807294890943,0.00126959340044212,0.9999999745541851,1.0295531827032136,1,0.23597436570219277,-1.4676118786889596,1.4899023000249123,-1.4129221279524837,0.0013361077608861859,1.00000003996698,0.2664465333890837,1,3.1384254877452737,-3.9435714370470953,5.041852545402279,-0.8993347726002348,-0.014431917274654446,0.999999867084491,0.007714090710021959,0
22.26,-0.0037536192061951397,0.0047316901692171995,-2.3664250216499927e-09,-0.3248159741836425,0.29588156420363665,0.4381358406589633,2.411664950735898,0.0006673877160596363,1.0000029572971192,19.84512075814434,1,0.4394766626421816,0.5760375122774222,0.7205522715361319,0.9178023265259457,-0.0015830540118569956,1.0000004000047107,2.666698071798562,1,0.09087196610186711,0.9987425971356766,0.9990053022681136,1.481409341314259,0.0013655509043136698,1.000000313597646,1.026918280079899,1,0.336208245708954,-1.43841634347447,1.4804304196759812,-1.342869699709414,0.0012667302345842101,1.0000000406269036,0.2708460247526383,1,3.181354011686398,-3.906280920451358,5.039682260448607,-0.888051513824453,-0.01425107958156011,1.0000001972578907,0.007724666280412078,0
22.28,-0.003753619208386777,0.004731690168061438,-2.3704872106032615e-09,-0.4299713861364132,0.1622100316062297,0.459813265812471,2.7896202325348445,0.0006622193848119855,1.0000029511559407,18.840659275436757,1,0.31374776024573175,0.6541894198679923,0.7214939390513806,1.1234576069314421,-0.001188155046531982,1.0000004000239149,2.6668260991088326,1,-0.03467036496188948,1.0042448190442606,1.00121450417821,1.6070834127907938,0.0014279053330501054,1.0000001885813263,1.0238326492600773,1,0.4348139612624139,-1.4022059227267158,1.4711119214155817,-1.2719218954176437,0.001196318597549273,1.0000000413117918,0.2754119456219093,1,3.2238902616007525,-3.8685080292201763,5.037531856871966,-0.8767585975377289,-0.014079190227868396,0.9999999346446856,0.0077351818142241445,0
22.3,-0.00375361920914614,0.004731690166926754,-2.374595468174201e-09,-0.4655413830767008,0.0025196874228339628,0.4671560332746453,-3.1391670637376237,0.0006566899597443718,1.0000029374655899,17.836517699102096,1,0.17493922860286182,0.7050887196324428,0.7225331921979894,1.328547399703958,-0.0007056305552470755,1.0000003998542764,2.665695175842884,1,-0.15964375200989162,0.9940243238638017,1.0034139495483034,1.732204644335782,0.0014489545560674843,0.9999999617088171,1.0203516092555422,1,0.5312713649658556,-1.359026414553858,1.4619960241364858,-1.2000788953011416,0.0011261737508885422,1.000000042019425,0.280129500207637,1,3.2660284756320572,-3.8302568159267483,5.035401637996571,-0.8654560986257959,-0.01391648582019157,0.9999998731015506,0.007745635522614446,0
22.32,-0.0037536192086025212,0.004731690165820703,-2.378738797517016e-09,-0.4291180218062551,-0.1569942830278207,0.45966437926265497,-2.784654035954135,0.0006509607740285932,1.0000028537773158,16.947559283236163,1,0.02889554873254291,0.7267263720223409,0.7236264584501062,1.5330310867557062,-0.00014275858302586616,1.000000399504166,2.663361106038505,1,-0.2821015189020243,0.9683427167530224,1.0055693638718275,1.8567833198720356,0.0014219750271979316,1.0000002912047607,1.0165358584109438,1,0.6250526900896578,-1.3089651709838848,1.4531326619785387,-1.1273463891643911,0.0010574630848585818,1.0000000427472078,0.2849813858667552,1,3.307762931710775,-3.7915314089536296,5.033291903355917,-0.8541440933197746,-0.013763335024178766,1.000000198671605,0.007756025607415352,0
22.34,-0.003753619206759629,0.004731690164747893,-2.382905350036685e-09,-0.3231964269745431,-0.2901234767145393,0.4378488573104902,-2.406327066215483,0.000644645313071529,1.000002686561274,16.276210802393248,1,-0.11828742734037788,0.7183328641993394,0.7247283309779107,1.736893719701461,0.0004803498251367932,1.0000003989895354,2.6599302364902986,1,-0.4001607913526765,0.9276964686594102,1.0076475631111297,1.9808378817106065,0.0013439168917685474,1.0000002172567062,1.0124502052183446,1,0.7156261673921734,-1.2521534343858036,1.444572138556182,-1.053736010790724,0.0009912832995605822,1.0000000434921472,0.2899476474379507,1,3.3490879486995104,-3.752336012177106,5.031202948014068,-0.8428226591380503,-0.013619815280264168,0.9999999271957646,0.007766350263530444,0
22.36,-0.0037536192035881747,0.004731690163709031,-2.387082018162623e-09,-0.1573158375413425,-0.3675774711357358,0.40367114033705687,-1.9751461258812755,0.0006374890540167247,1.000002494084838,15.95289829749169,1,-0.26052114487434297,0.6803886248958816,0.7257934887010855,1.9401460479759558,0.0011231339698828532,1.000000398333006,2.655553372813759,1,-0.5120291173182854,0.8728035171595926,1.0096169200599439,2.1043944133259584,0.0012201950574276437,0.9999999531299123,1.0081622213759829,1,0.8024601277692108,-1.1887683567602538,1.4363647351761704,-0.9792657339610729,0.0009287137109328807,1.0000000442508359,0.2950055718595922,1,3.3899978875380956,-3.712674904631477,5.029135061537358,-0.831491874941056,-0.01348529147864506,0.9999998793214258,0.007776607681318312,0
22.380000000000003,-0.0037536191991725974,0.004731690162698704,-2.3912545138449204e-09,0.04425431657096514,-0.35608703867024727,0.3621276855664841,-1.4523415624768798,0.0006312790154245477,1.000002390121295,16.177578560013263,1,-0.39197372697319194,0.6145822781775871,0.726778529397226,2.1428234692752017,0.0017187411686853695,1.0000003975626612,2.650417740873814,1,-0.6160284548339015,0.8045873520479792,1.011447795313543,2.2274860519751476,0.0010701771142154343,1.0000002650318551,1.0037407044314297,1,0.885027571129112,-1.1190346063439698,1.4285602750337225,-0.9039602133146886,0.0008709496791421867,1.0000000450194453,0.300129634565913,1,3.4304871523878644,-3.672552440152774,5.027088526696014,-0.8201518211684873,-0.013357704249979632,1.0000001997722954,0.007786796048250207,0
22.400000000000002,-0.0037536191941483516,0.004731690161700671,-2.395409874796084e-09,0.22806417854483688,-0.22839099104455265,0.3242285513405971,-0.7967664503774704,0.000630970679066913,1.000002491810539,17.197145885461943,1,-0.5073004536522426,0.5237219862898118,0.7276436266545638,2.344984063615322,0.0021936706489502356,1.0000003967106432,2.644737622155284,1,-0.7106164415961642,0.7241590834370699,1.0131129417885207,2.3501523418953467,0.0009263310585629942,1.0000002440488638,0.9992540218185907,1,0.9628111626467437,-1.0432254633111995,1.421207647908805,-0.8278510527874985,0.0008194536600419654,1.0000000457937264,0.3052915084172394,1,3.470550191775224,-3.631973047002308,5.025063618733318,-0.8088025804776681,-0.013232732127974925,0.9999999198639511,0.0077969135492382225,0
22.42,-0.0037536191913608965,0.004731690160683651,-2.3995493682316127e-09,0.3088787138035763,-0.0017728722118900316,0.30753898193694235,-0.016905547103195723,0.0006390311311637209,1.000002817945694,18.93809261350965,1,-0.601847803581322,0.4116064391424747,0.7283539628179909,2.546705928343634,0.002516241932976252,1.0000003958117625,2.638745083227674,1,-0.794404931414427,0.6327979412641805,1.0145878756306292,2.4724385217456746,0.0008154914891641733,0.9999999492514062,0.9947690607092594,1,1.0353085962393949,-0.961663307839185,1.414354304724098,-0.7509769837020068,0.0007751841955435825,1.0000000465690222,0.3104601474800244,1,3.51018149973387,-3.590941227470554,5.02306060929547,-0.7974442387564099,-0.013106321891017571,0.9999998857342616,0.007806958368143592,0
22.44,-0.003753619194532657,0.004731690159622279,-2.4037087645832622e-09,0.2340007862339939,0.22734164839802423,0.3229298145750628,0.7663481724807307,0.0006488775658671365,1.0000031948462285,20.494672779294106,1,-0.671825531374682,0.28286269313146556,0.7288809632278627,2.7480839865722446,0.002709890555234213,1.0000003949022886,2.632681924501411,1,-0.8661758340407804,0.5319305794305061,1.0158511739281444,2.5943947439568387,0.0007337831511547362,1.0000002359493105,0.9903513619452557,1,1.102038242338962,-0.8747194097760673,1.408045732213549,-0.6733839296731147,0.0007364029182869036,1.0000000473402944,0.3156019626849269,1,3.5493756169433337,-3.5494615574602117,5.021079777507427,-0.7860768845347099,-0.012983029987918058,1.0000002005582183,0.007816928695702732,0
22.46,-0.003753619201567889,0.0047316901585370275,-2.4079336046790856e-09,0.05251857407332325,0.3599890434187497,0.3602991710137413,1.4281852819730225,0.0006547167074707937,1.000003416196422,21.047784186586934,1,-0.714442979254029,0.1427581826703066,0.7292033662010263,2.9492263077575185,0.002826898431612769,1.0000003940187479,2.626791652720121,1,-0.9248943537870723,0.4231094817280863,1.0168846835918808,2.716075267930391,0.0006601989559180569,1.0000002685220546,0.9860652680060802,1,1.162544975069224,-0.7828129403638819,1.402324902198737,-0.5951249385025201,0.0007004089761404899,1.0000000481021631,0.32068108785621907,1,3.5881271318635903,-3.507538686046273,5.019121409022608,-0.7747006058028776,-0.012870621671207592,0.999999912660862,0.007826822735582053,0
22.48,-0.0037536192080496154,0.004731690157473896,-2.4122320135301634e-09,-0.1497560112137778,0.37582416529635543,0.40196815786360945,1.9559754643670044,0.0006570577756102164,1.0000034186600186,20.71200836977973,1,-0.7280071988879515,-0.0030060288616253024,0.7293080665906628,-3.1329353197224097,0.00291980462407389,1.0000003931965442,2.621310294579842,1,-0.9697197673703075,0.30799072548969236,1.01767367545984,2.837537691750417,0.000584876580381697,0.9999999503894923,0.9819729861629687,1,1.2164060537482277,-0.6864091447373447,1.3972317042504971,-0.5162599834262004,0.000666709737909522,1.0000000488489607,0.3256597371025628,1,3.6264306818682766,-3.4651773350140234,5.017185779652929,-0.7633154897692457,-0.012768421825050618,0.9999998923298973,0.00783663870058353,0
22.5,-0.0037536192123784175,0.004731690156464287,-2.4165827915145766e-09,-0.3178183936240492,0.3012989478488459,0.4365997356140097,2.3902518643456983,0.000657552540590033,1.0000032327886643,19.895963289328783,1,-0.7119815084412648,-0.14851409969203713,0.7291906352224727,-2.931908578522073,0.0030157061832086305,1.0000003924685716,2.616457143742473,1,-1.000013875727278,0.18831132115264318,1.0182069656294617,2.958842220338752,0.0005079650930775144,1.00000020488904,0.9781332842774022,1,1.2632369153013607,-0.5860166369791256,1.3928023979074713,-0.4368556246252643,0.0006356633263281303,1.0000000495747996,0.3304986637993519,1,3.6642809543758337,-3.4223822983770273,5.015273151712334,-0.751921625168354,-0.012672026339857789,1.000000201028128,0.007846374811358246,0
22.52,-0.003753619214641759,0.004731690155520103,-2.4209590235302336e-09,-0.42651311241932627,0.16980094657327768,0.45900635795490785,2.77021325923785,0.0006571818049953783,1.0000029399034644,18.895595030403047,1,-0.6670038402293003,-0.2878600570196865,0.728855495419884,-2.730757020431723,0.0031166477535438403,1.0000003918639886,2.6124265909982984,1,-1.0153472382728,0.06586628712807328,1.0184770137265453,3.0800509348285843,0.00043301059732000173,1.000000290282019,0.9746005751564746,1,1.3026967213181835,-0.4821838071753585,1.3890690958332614,-0.3569845155836798,0.0006073812694795015,1.000000050273657,0.33515771406467176,1,3.701672687976675,-3.379158441874601,5.013383778932539,-0.7405191031737002,-0.01257768259221584,0.9999999055979094,0.007856029299447686,0
22.540000000000003,-0.0037536192153011724,0.004731690154641787,-2.425337445634279e-09,-0.4659093453092189,0.010819678149580536,0.46713798602823353,3.1252505888082136,0.0006562060290790031,1.000002649715679,17.888239786469832,1,-0.5948647253627479,-0.41537213881140855,0.7283157776997887,-2.5293633922139236,0.0032096851459061286,1.0000003914071782,2.609381187553296,1,-1.0155032780652118,-0.05751443318409701,1.0184799966335438,-3.0819582525125377,0.00036444787646166074,0.9999999567163912,0.9714243731246327,1,1.334493497262611,-0.3754943621797087,1.3860592846712858,-0.27672475708384375,0.0005817624000129524,1.0000000509394693,0.33959646265010707,1,3.738600673555887,-3.335510702447671,5.011517909597035,-0.7291080173464085,-0.012482579723015018,0.9999998990978824,0.00786560040989805,0
22.560000000000002,-0.0037536192147411248,0.004731690153824489,-2.4296993392930455e-09,-0.4333166706701819,-0.1493584198474562,0.4604368362873103,-2.8040030507782396,0.0006543081658433205,1.0000024606611129,16.99059359565742,1,-0.4984451710237339,-0.5258307289396912,0.7275928676634138,-2.3276193858129823,0.003274640070888639,1.0000003911168716,2.607445810517463,1,-1.0004803240757436,-0.17998913740834918,1.0182158514479083,-2.9607511125899126,0.0003061865393795564,1.0000001728055665,0.9686489228388231,1,1.358388702513658,-0.26656205634943136,1.3837953984341191,-0.1961591094752451,0.0005586843211689906,1.0000000515662373,0.3437749156110043,1,3.7750597554113265,-3.2914440876926334,5.009675787653867,-0.7176884634692299,-0.01238443374664458,1.0000002011812796,0.007875086402397617,0
22.580000000000002,-0.003753619213022091,0.004731690153061236,-2.4340286795647426e-09,-0.3309524953618659,-0.2846081893374766,0.4393563572345581,-2.427613503671101,0.0006508218570461912,1.0000024197107613,16.304735951401565,1,-0.381615174607695,-0.6146735800265304,0.7267156561302317,-2.125429860527295,0.003289498342392981,1.0000003910054345,2.606702897090364,1,-0.9704916260283186,-0.2997275549284829,1.0176882835664023,-2.839449690035498,0.00026114261064034993,1.0000003089681744,0.9663129183553695,1,1.3742010794468336,-0.15602470327591908,1.382294459461544,-0.11537407852995368,0.0005381372218083647,1.000000052148139,0.34765425893249113,1,3.8110448323673993,-3.2469636752936286,5.0078576529661065,-0.7062605394415977,-0.012281169244703495,0.9999998986862842,0.007884485551145131,0
22.6,-0.003753619209896508,0.0047316901523431695,-2.4383095130649235e-09,-0.16784567157513908,-0.365864861093708,0.40575309233124973,-2.00014858990299,0.0006471426616170786,1.0000025100040169,15.958497744071384,1,-0.24909432531861234,-0.6781816683461052,0.7257195031229529,-1.922716720891845,0.0032348161015187784,1.0000003910783157,2.6071887716497755,1,-0.9259633417625103,-0.4149340099608121,1.0169047371072868,-2.7179918256624007,0.0002312060598723103,0.9999999682361297,0.9644492592320261,1,1.3818096478690047,-0.044537592271338994,1.381567799591923,-0.03445889598744987,0.0005203287802965621,1.0000000526796442,0.35119762776061164,1,3.846550858884597,-3.202074612433481,5.006063741090132,-0.6948243452478811,-0.012170598442709589,0.9999999060274933,0.007893796143394333,0
22.62,-0.0037536192050581776,0.004731690151655881,-2.4425237912968634e-09,0.03284023540530776,-0.35998666436856475,0.3643953654739138,-1.4833836715202955,0.0006473690715648141,1.0000026781023408,16.147362938583026,1,-0.10627697544009956,-0.7136386501425285,0.7246449367036637,-1.719422314275288,0.0031067422931289226,1.0000003913336883,2.608891255452425,1,-0.8675304630494647,-0.5238704988408028,1.0158763278837073,-2.5963172171461317,0.00021729715331714184,1.0000001406323358,0.9630847836416885,1,1.3811557372324907,0.06723353825883065,1.381620871229038,0.046495578508351884,0.0005058052097624055,1.0000000531556301,0.35437086775915294,1,3.881572846164584,-3.156782115183298,5.004294282597692,-0.6833799830660682,-0.012049826216772965,1.0000002010174307,0.007903016476115018,0
22.64,-0.003753619199064975,0.004731690150971218,-2.4466543378960648e-09,0.21959328054613747,-0.23872978052688515,0.32589292217086485,-0.8355513014594642,0.0006522020949539627,1.00000288000583,17.120195079420323,1,0.040974128119880625,-0.719456648036872,0.7235361069383865,-1.5155122055010508,0.002932714952995199,1.0000003917623863,2.6117492416969856,1,-0.7960306136919598,-0.6248796038726958,1.014617740485207,-2.474368174724152,0.00021981635955594728,1.0000003242451256,0.9622399984338579,1,1.3722439818984822,0.17861979661066962,1.3824531546443595,0.1273980024928252,0.0004954884215400009,1.0000000535714888,0.3571432586699867,1,3.91610586325145,-3.111091467871731,5.002549502519077,-0.6719275577501905,-0.011914454590682844,0.999999891936937,0.007912144849977567,0
22.66,-0.0037536191954207444,0.00473169015024198,-2.4507031569018234e-09,0.30803596495935726,-0.015592039831080727,0.30763274733587664,-0.060245369288739914,0.0006626779814398142,1.0000030773461936,18.83836045282636,1,0.18656010625581618,-0.6952612021828233,0.7224390220388787,-1.3109771443823428,0.002749118563814638,1.00000039234808,2.615653867150304,1,-0.7124956250968602,-0.7164071356088769,1.0131470883922882,-2.3520903762891057,0.00023479408462416288,0.999999984771264,0.9619288285591716,1,1.3551422424076214,0.2889565153063452,1.3840581662936389,0.2081577072457042,0.0004898969001792979,1.0000000539232254,0.3594881697545277,1,3.9501450381289844,-3.0650080224351886,5.00082962371794,-0.6604671778161743,-0.01176054408421935,0.9999999131077506,0.007921179562498437,0
22.68,-0.0037536191981943443,0.004731690149430057,-2.454714865835622e-09,0.2410968564438373,0.21644735932995432,0.32138645581123687,0.7268253317778164,0.0006744239020286151,1.000003175024526,20.43362039053914,1,0.3243964311366523,-0.6419288879399523,0.7213996408650108,-1.1058340388876557,0.002571126284181243,1.000000393067682,2.6204512132038524,1,-0.6181407746406486,-0.7970243548748467,1.0114857284257766,-2.2294336165905726,0.00024634635273219614,1.000000109249145,0.9621583819615356,1,1.3299804560106891,0.39759051883853,1.3864235756326229,0.2886858326089266,0.0004876234149842961,1.0000000542075425,0.3613836170691586,1,3.983685558811609,-3.018537197749506,4.999134878533463,-0.6489989551791597,-0.01159229438793111,1.0000002005368405,0.007930118907910727,0
22.700000000000003,-0.0037536192046871125,0.004731690148550148,-2.4587437771547704e-09,0.06302857274103683,0.35545910592099356,0.3580500710901908,1.3963846408871345,0.0006818015993703584,1.0000031261489861,21.044020380224378,1,0.44867186933193964,-0.561572444814965,0.7204618941032104,-0.9001258127725066,0.0024070582482499585,1.0000003938921007,2.6259473385322125,1,-0.5143515639112572,-0.8654495755636382,1.0096580219565958,-2.106352557507293,0.0002392920152069636,1.0000003358034395,0.9629287315444138,1,1.2969484596349177,0.5038870954098749,1.389531423511733,0.3688964172874221,0.0004872097310967808,1.000000054421906,0.36281270678470223,1,4.016722674426804,-2.9716844789415626,4.997465511598674,-0.6375230018674867,-0.011418268124242013,0.9999998853605611,0.007938961181171055,0
22.720000000000002,-0.0037536192104685303,0.0047316901476417515,-2.462804523685469e-09,-0.1398611920513088,0.3770571186702245,0.3998441455986128,1.9304526361339553,0.0006848610603507556,1.0000030237884228,20.745235747509643,1,0.5541042729509416,-0.4574703974064478,0.7196657220712194,-0.6939200760295402,0.0022785594936817408,1.000000394787327,2.631915513283712,1,-0.40266791928853995,-0.9205688915727215,1.0076910589365518,-1.9828074763496377,0.00021063759830253586,1.000000005960506,0.9642327212689923,1,1.256292864620147,0.6072365013270414,1.393358412990909,0.44870740895065847,0.0004892178834021644,1.0000000545645926,0.3637639510422514,1,4.049251696290044,-2.9244554166803347,4.995821764245375,-0.6260394289177356,-0.011240010591091832,0.9999999203274358,0.007947704675245706,0
22.740000000000002,-0.0037536192143549267,0.004731690146728852,-2.4668863674894015e-09,-0.3105840689457668,0.306500496798681,0.4350234264794448,2.368658214849779,0.0006846238787423794,1.0000029627599811,19.94615798896827,1,0.6361803001355212,-0.33394105123627643,0.7190452441586235,-0.48730656822702484,0.002198058002642375,1.0000003957158121,2.6381054137080424,1,-0.28476571901900793,-0.961455709375338,1.005614343434092,-1.8587649819560295,0.00016025410651052932,1.0000000794537525,0.9660558038647187,1,1.208313095178004,0.7070598504345148,1.3978762738245936,0.5280415549588182,0.0004946215426366541,1.0000000546347145,0.3642314302406165,1,4.08126799897155,-2.8768556264492537,4.994203868525114,-0.61454834837083,-0.011055693589907758,1.00000019974027,0.007956347682598213,0
22.76,-0.0037536192165367093,0.004731690145819899,-2.470976484189591e-09,-0.422795733906325,0.17726112880303305,0.45815535176566236,2.7507155194800217,0.0006821771648924012,1.000002954374317,18.950419877739968,1,0.6913657108016937,-0.1961642214863903,0.7186271614641478,-0.2803934217416957,0.0021589455790852205,1.0000003966380937,2.6442539581817566,1,-0.16243559128591395,-0.9873887052307381,1.0034594253562816,-1.7341986862099545,8.704747556619518e-05,1.0000003433603906,0.968375925317134,1,1.153356728009927,0.8028142695268891,1.403052201117276,0.606827161089448,0.0005039404048768041,1.0000000546322212,0.364214808314642,1,4.112767021351792,-2.828890787799096,4.992612051263358,-0.603049874219666,-0.010864339736919875,0.9999998789675756,0.007964888505174444,0
22.78,-0.0037536192172832666,0.004731690144916768,-2.4750655474789496e-09,-0.46601457564504034,0.019062985491275525,0.46707613622947974,3.106462025557006,0.0006789087976154244,1.000002943925751,17.94019345641413,1,0.7172735714929381,-0.04995777875792158,0.7184294887494609,-0.07330240593957642,0.002144900122942674,1.0000003975145924,2.650097281730839,1,-0.037558987928564345,-0.9978677674724146,1.0012594795170602,-1.6090898214732399,-9.59488873613573e-06,1.0000000312606576,0.9711634769572249,1,1.0918142865442326,0.8939972337216784,1.4088493477235524,0.6849987092025487,0.0005173433129555431,1.0000000545578813,0.3637192081334225,1,4.143744267664542,-2.7805666435789025,4.991046537112711,-0.5915441222924266,-0.010666120915683537,0.999999927675109,0.007973325465261626,0
22.8,-0.003753619216734236,0.0047316901440187225,-2.4791465430031023e-09,-0.43726126758520484,-0.14170655789805883,0.4611681602556229,-2.8233070425203044,0.0006758955204651557,1.0000028671183305,17.034143667587998,1,0.7127796217760969,0.09848035663107078,0.7184606977232324,0.13383659973896517,0.0021426702498181524,1.0000003983074768,2.6553831778802874,1,0.08791838106296043,-0.9926274350096653,0.9990488363233508,-1.4834277843809152,-0.00012860261721157106,1.0000000519353518,0.9743813376875646,1,1.0241136514889373,0.980150030860933,1.4152273519209164,0.7624973257175787,0.0005348337583562042,1.0000000544132432,0.36275495512886313,1,4.174195308527867,-2.7318889991435746,4.989507549463553,-0.580031209949744,-0.010461878342863079,1.0000001986289804,0.007981656912154996,0
22.82,-0.003753619214894746,0.004731690143123151,-2.48321322792594e-09,-0.33848061694888615,-0.2789962359365808,0.44082839130233,-2.448777005178407,0.0006732181195988832,1.0000027048400755,16.334120790174012,1,0.6780771235779706,0.24285123950393903,0.7187193253756337,0.34089159027192756,0.0021503333721270973,1.0000003989824846,2.6598832311169605,1,0.21201556702706478,-0.9716473093858975,0.9968624674966506,-1.357210582977915,-0.00026649004139793345,1.000000346660429,0.9779850302312807,1,0.9507142494414498,1.0608603382593031,1.4221428852149405,0.8392710995354192,0.0005564032392174122,1.0000000542005807,0.36133720421842147,1,4.204115781964855,-2.6828637215385314,4.987995310263077,-0.5685112558307711,-0.01025270970720992,0.9999998727681092,0.007989881222974905,0
22.84,-0.0037536192117601586,0.004731690142225018,-2.4872594218613986e-09,-0.1782108680856042,-0.3639620911724343,0.40781195110013974,-2.024922183388026,0.000669990141418036,1.0000025092242528,15.965496948184704,1,0.6146674574477112,0.37703957289925094,0.7191940683654308,0.5477345252454587,0.0021784983155767592,1.0000003995105764,2.663403842503886,1,0.33274755383579757,-0.9351589058758415,0.9947354317551025,-1.230445163228989,-0.00041711726830025153,1.0000000599542374,0.9819230156887894,1,0.8721011738313916,1.1357639267628687,1.4295502062690026,0.915275254500987,0.0005822053362121994,1.0000000539228202,0.3594854686672481,1,4.233501394415278,-2.633496738662468,4.9865100391709145,-0.5569843796795305,-0.010039562185417327,0.9999999351391279,0.007997996798346249,0
22.86,-0.003753619207391622,0.004731690141315045,-2.4912787275829795e-09,0.021448474521279008,-0.36360975359072295,0.3666676756692088,-1.5140679117938813,0.000666237023503561,1.0000023905819848,16.119335443030895,1,0.5252871101297597,0.49538815732908115,0.7198643517336534,0.7542471677076406,0.0022461709897875015,1.000000399869313,2.665795420105923,1,0.44815814950546073,-0.8836484249531281,0.9927022877750951,-1.1031475909840662,-0.0005716987303753427,1.0000000272530802,0.9861371473847773,1,0.7887793789564682,1.2045455345887508,1.4374017080344705,0.9904721864990811,0.000612768075563577,1.0000000535834608,0.357223071897183,1,4.262347921738521,-2.5837940384094806,4.985051952054201,-0.545450702318958,-0.00982259012883296,1.0000001972047319,0.008006002054867097,0
22.880000000000003,-0.003753619202288099,0.004731690140375447,-2.4952660515088765e-09,0.21089338677221514,-0.24881696805459697,0.3276122036119162,-0.8739539572256859,0.0006662711468558501,1.0000024688746292,17.0456198517649,1,0.41377599882935345,0.5929471555570063,0.7207013297793358,0.960326342082918,0.0023739521678001955,1.0000004000438736,2.666959156636824,1,0.5563540326022847,-0.8178549746210507,0.9907964852818772,-0.9753430671400107,-0.0007190931377770876,1.0000003454788442,0.9905632924382254,1,0.7012680699287508,1.266938975572355,1.4456484460549375,1.0648313785520247,0.0006490209069179673,1.0000000531864823,0.3545765482677551,1,4.290651210208186,-2.5337616677923047,4.98362125919222,-0.5339103460135038,-0.009600306246710932,0.9999998667719838,0.008013895415967268,0
22.900000000000002,-0.003753619199006895,0.004731690139374981,-2.4992285745269183e-09,0.30677702194978607,-0.02944452892986376,0.3078200510525814,-0.10354343962226349,0.0006743381189417654,1.0000027785052426,18.738427694485345,1,0.28489579868687587,0.6656853946042166,0.7216692513303232,1.1658883350931557,0.0025698168728957495,1.0000004000276543,2.666851029091608,1,0.6555392564793829,-0.7387638604363116,0.9890497505067026,-0.8470657574234677,-0.000849285821475411,1.0000000911671352,0.9951321473538659,1,0.6100953904435661,1.32272656246707,1.4542406367879297,1.1383292077648952,0.0006910660363318078,1.0000000527362543,0.35157502803262275,1,4.318407177497893,-2.4834057320482747,4.982218166641079,-0.5223634354869416,-0.00937101807026482,0.9999999427076657,0.00802167530330845,0
22.92,-0.0037536192015132103,0.004731690138285703,-2.503206815007014e-09,0.24792709638444352,0.20520212415107056,0.3199075846226717,0.6869501680012255,0.0006858633470938044,1.0000031628500867,20.369711192630348,1,0.14410969046264707,0.7106540549644756,0.7227271073691184,1.3708722362472001,0.0028079524621571154,1.0000003998224345,2.66548289689432,1,0.7440493954765389,-0.6475946811828528,0.9874914814141582,-0.7183584174541079,-0.000963678923904088,1.0000000058256084,0.999770306518307,1,0.515793487508663,1.3717379359702186,1.4631281223065242,1.210948657688915,0.0007358300164490451,1.0000000522374461,0.3482496411403794,1,4.345611813655601,-2.4327323937290486,4.980842886640906,-0.5108100981312084,-0.009139670523628789,1.0000001954697806,0.008029340136274531,0
22.94,-0.003753619208393016,0.004731690137124708,-2.5072563031823536e-09,0.073539200514188,0.3505209331660312,0.35581329653412663,1.364209201122205,0.0006957532701027698,1.0000034054102296,21.037889501889754,1,-0.0026634919794208444,0.7260967339985468,0.7238304732546536,1.575242114465074,0.003051465554169671,1.000000399438119,2.6629207934181434,1,0.8203844281004458,-0.5457841255280694,0.986148156949845,-0.589271796308866,-0.0010713580275516419,1.0000003396348536,1.0044014756163309,1,0.4188940091275483,1.4138483957555477,1.4722608053714503,1.2826789622085264,0.0007797783578266117,1.000000051694942,0.3446329470022336,1,4.3722611820631325,-2.3817478717728853,4.979495642868209,-0.4992504609727486,-0.008915233821279966,0.999999860988699,0.008036888340404384,0
22.96,-0.0037536192151003756,0.004731690135941093,-2.511397111538277e-09,-0.1298021291835143,0.37796332796406906,0.3977013469877036,1.90467833089553,0.0006998420786252938,1.000003428517838,20.777322985062032,1,-0.14930738277724462,0.7115035572496891,0.7249334400677057,1.7789880182688962,0.003289390420934568,1.0000003988920867,2.6592805776476816,1,0.8832393972648066,-0.43496355766644546,0.9850427776425209,-0.45986383691246485,-0.001174228066179001,1.0000001239026433,1.0089478353654093,1,0.31992406997728257,1.4489768319153788,1.4815890344352072,1.353515209657947,0.0008223862561814369,1.0000000511137568,0.3407583784464529,1,4.398351420380982,-2.330458440557203,4.9781766554181806,-0.48768464898495445,-0.008699902600073646,0.99999995036873,0.00804431834927502,0
22.98,-0.003753619219727513,0.004731690134773162,-2.5156163068439097e-09,-0.3031097812791367,0.3114737963744708,0.433414742120618,2.3469215568421755,0.0006960113614636922,1.000003257186518,19.996029207987984,1,-0.2897658447779015,0.6676103477639883,0.7259905428180193,1.982125819654161,0.003515983847116838,1.0000003982081995,2.6547213298397554,1,0.9315318746626469,-0.31693168538162797,0.9841943746438094,-0.3301986871301387,-0.0012718676408405413,0.9999999879389023,1.0133315790322728,1,0.21940270226053807,1.477083352444033,1.4910639275211273,1.4234579100536295,0.0008640623056893366,1.0000000504989566,0.33665971034806214,1,4.423878741479646,-2.278870428933011,4.976886131945314,-0.47611278695196874,-0.008491946787216114,1.0000001934268745,0.008051628604751143,0
23.0,-0.003753619222258249,0.004731690133640095,-2.5198923182465083e-09,-0.41880615776956875,0.18458027245744152,0.45726648252028484,2.7311522494498406,0.0006900425830437722,1.0000029696246697,19.00538590958478,1,-0.41828922419091025,0.5963465497748683,0.7269586027692837,2.184695981168858,0.0037127113905146536,1.0000003974156537,2.6494376917324822,1,0.9644252998893438,-0.1936228175492025,0.9836176018624032,-0.20034552691916122,-0.0013661057329250046,1.000000329020141,1.0174765518586142,1,0.11783779301450432,1.498166695752654,1.5006376525360703,1.4925125364352805,0.0009049398648172226,1.0000000498555857,0.33237057132707076,1,4.448839434355718,-2.226990219242003,4.975624270224884,-0.46453500073696824,-0.00828981680831319,0.999999855427417,0.008058817563511952,0
23.02,-0.0037536192231582494,0.004731690132549521,-2.5242055529117735e-09,-0.46583650498430296,0.027243620240157057,0.46697437491513527,3.0876692653007787,0.000685564000186934,1.0000026747728865,17.992583255088626,1,-0.5296599134736414,0.5007375231792291,0.7277984038108114,2.38676141613343,0.0038664637195447863,1.0000003965476607,2.6436510714796295,1,0.9813473633044127,-0.0670714258778304,0.9833224184899796,-0.0703772420380903,-0.001460314634517382,1.0000001570962118,1.0213099327310389,1,0.01572349587331933,1.5122615086109126,1.510263668739262,1.560689058916694,0.0009449864658822708,1.0000000491886023,0.32792401527765264,1,4.473229865030912,-2.174824246314983,4.974391260954339,-0.45295141743387146,-0.008092557768118161,0.9999999581101815,0.008065883705082792,0
23.040000000000003,-0.003753619222821857,0.004731690131503844,-2.528539754746012e-09,-0.44092583932797363,-0.1340397276693171,0.4618597053524299,-2.8425541743337708,0.0006831404465101697,1.0000024739159725,17.078387607420446,1,-0.6193901226114823,0.38476799677679435,0.7284761663406466,2.5884046100272347,0.003975715617061664,1.0000003956399952,2.637599968079049,1,0.9820027521291244,0.06062609149159573,0.9833138733866584,0.05963101448302857,-0.0015573544400945551,0.9999999737752445,1.0247638985355854,1,-0.0864619054687175,1.5194355596587357,1.519896927936919,1.6280014831544731,0.000984162530650654,1.0000000485028244,0.32335216224116003,1,4.497046477433572,-2.122378996450783,4.973187288700705,-0.44136216525703387,-0.007899440609670395,1.000000191079249,0.008072825538087965,0
23.060000000000002,-0.003753619221338071,0.004731690130503427,-2.532880278346278e-09,-0.34575059358001436,-0.2732838169772696,0.44226406136670016,-2.469807219054939,0.0006820251701317992,1.0000024193964228,16.36453417882328,1,-0.6838867217029372,0.25321394719988144,0.728964783021213,2.789724146377585,0.004048227670051525,1.0000003947295475,2.6315303172998914,1,0.9663797752058235,0.1873514034035847,0.9835919996912841,0.18960332847628586,-0.0016576612285174456,1.0000003136428763,1.0277772071051017,1,-0.18825771299927366,1.519786948295838,1.5294940365890166,1.6944674015773833,0.00102250601430459,1.0000000478028859,0.3186859058414987,1,4.520285794263332,-2.0696610063758403,4.972012531867351,-0.4297673734477909,-0.0077096640528177395,0.9999998500969484,0.008079641604193064,0
23.080000000000002,-0.003753619218493053,0.004731690129546906,-2.537211435740816e-09,-0.1883770113654642,-0.3618603520404673,0.4098452809748677,-2.0494549784094223,0.0006807251179884941,1.000002499087751,15.974066813358897,1,-0.7205797047537664,0.11145016320015537,0.7292447863072241,2.9908307839849333,0.004098576824253825,1.0000003938529194,2.625686129093288,1,0.9347506114190448,0.3110048628660989,0.9841518230497022,0.31946455103847393,-0.0017587527812341444,1.0000001896873842,1.030296635014963,1,-0.2892221455359326,1.5134413587249986,1.5390133818256373,1.7601075641993311,0.0010602297830193167,1.0000000470932022,0.3139546818862471,1,4.542944417839023,-2.016676862184695,4.970867162106869,-0.4181671722369544,-0.0075220832687994,0.9999999659197533,0.008086330479959714,0
23.1,-0.003753619213949664,0.004731690128627758,-2.5415142028677867e-09,0.010118205330197238,-0.3669396895821399,0.36894147086306733,-1.544377383658979,0.0006784732139380283,1.0000026605411583,16.093676634790977,1,-0.7280121381775314,-0.03475953494883775,0.7293050310289578,-3.09134208580039,0.004145457739609007,1.0000003930450916,2.6203006105015008,1,0.8876651740640357,0.42954558216983646,0.9849834819621599,0.44914179722427694,-0.0018548126871483083,0.999999963457517,1.0322782119336866,1,-0.3889333244526292,1.5005493992076022,1.5484152249517842,1.8249454743952942,0.0010979157873685136,1.000000046377944,0.30918629323678676,1,4.5650190309296494,-1.9634331982617248,4.969751343135333,-0.4065616929182609,-0.007334743609317195,1.0000001884306235,0.008092890776822492,0
23.12,-0.0037536192080832058,0.004731690127726308,-2.5457683641271628e-09,0.2020039616976167,-0.25861979830756415,0.32938345727435886,-0.9119429549080924,0.000678192319747636,1.0000028577960445,16.973677392863358,1,-0.7058904016149997,-0.1794828412155496,0.7291430835242073,-2.890301637990915,0.004208213881795129,1.0000003923381917,2.615587945262573,1,0.825938830885977,0.541029829824598,0.9860724539253696,0.5785658706457927,-0.001936618577604221,1.000000293677734,1.0336882032515893,1,-0.4869899543241644,1.4812840574993413,1.5576617655277987,1.889007013684438,0.0011367597881920546,1.0000000456610179,0.3044067860840003,1,4.586506397569171,-1.9099366961848714,4.968665229072397,-0.3949510682628621,-0.007144226804222066,0.9999998450057377,0.008099321138744033,0
23.14,-0.0037536192040395003,0.004731690126802795,-2.549968862366331e-09,0.30512163391056235,-0.04328140427308308,0.30810122310631194,-0.1467510242927943,0.0006849938568159982,1.000003056570144,18.638659811047184,1,-0.6550941743701749,-0.3168440272966533,0.7287653129735471,-2.689111965960644,0.00429676903891847,1.000000391760378,2.6117358524365324,1,0.7506344498763472,0.6436467024161147,0.987399877643897,0.707672570108598,-0.0019963628882071933,1.0000002206957217,1.034503806423513,1,-0.5830117385656317,1.4558382952188207,1.5667171769246455,1.952320097368543,0.0011778838724754905,1.000000044946056,0.29964037255648224,1,4.607403363855398,-1.8561940836122726,4.967608965239259,-0.38333543364768213,-0.006946916535967433,0.9999999737850711,0.008105620237184486,0
23.16,-0.003753619206216867,0.004731690125820506,-2.5541512704754105e-09,0.25448764015806935,0.19364481142875134,0.3184969763576505,0.6467528168364348,0.0006946433329236588,1.0000031686973057,20.303111840762696,1,-0.5776460839896448,-0.44124744352998585,0.7281866792156106,-2.487657338555402,0.004393590212060191,1.0000003913348527,2.608899018181429,1,0.6630394383615208,0.7357501654221101,0.9889429643566936,0.8364038406923757,-0.002036456292358554,0.9999999570935691,1.0347135368429994,1,-0.6766395687856044,1.4244227966784933,1.5755476160229198,2.0149143573182786,0.0012196213441279453,1.0000000442364092,0.2949093944170624,1,4.627706858732225,-1.8022121331533596,4.9665826983796215,-0.371714927764379,-0.006745169585134189,1.0000001854851932,0.008111786769071996,0
23.18,-0.0037536192126452796,0.004731690124792379,-2.5583665763141694e-09,0.08404390072150673,0.3451979531341032,0.35359200206728497,1.3316695218436287,0.00069829657383847,1.0000031335649848,21.029396193559204,1,-0.47664135596415463,-0.5475933308857109,0.7274302158357345,-2.2858318784532767,0.004468967318928819,1.0000003910790243,2.607193495684289,1,0.5646385960124889,0.8158867379249803,0.9906754906268573,0.9647087537168539,-0.0020608280057612285,1.0000002695046533,1.0343172733625363,1,-0.7675355244536318,1.3872638815389893,1.5841212255433035,2.076820850747611,0.0012587523151434473,1.0000000435351484,0.29023432186961245,1,4.6474138947526304,-1.747997661224586,4.965586585508008,-0.36008968997580176,-0.006545517031354613,0.9999998401618507,0.008117819463148754,0
23.200000000000003,-0.0037536192186755565,0.00473169012376061,-2.5626277595173358e-09,-0.11958203022232472,0.3785594255432355,0.3955410733298685,1.8786593311932456,0.0006969205371060289,1.0000030336185854,20.808246972462012,1,-0.3561383328319926,-0.6314795727634467,0.7265262275239545,-2.0835437079483157,0.004507991118667295,1.0000003910038266,2.6066921770167597,1,0.4570837041738231,0.8828183000899216,0.992568340680611,1.0925443025338395,-0.002064396144513618,1.000000249281926,1.0333260154053867,1,-0.8553827168813598,1.3446015856034783,1.5924081330222317,2.138071808955343,0.0012949058875637795,1.000000042845067,0.2856337807080564,1,4.666521568821859,-1.693557526887589,4.964620781612633,-0.34845985805196655,-0.006348662640400504,0.999999981693672,0.00812371707984902,0
23.220000000000002,-0.003753619222811172,0.004731690122752666,-2.5669188356922806e-09,-0.29539645285309213,0.3162317244286159,0.43177312444402083,2.3250510342838724,0.0006939328800175722,1.000002968596755,20.045555821504387,1,-0.22101150064684327,-0.6893826474376966,0.725511210905637,-1.880718720224408,0.004500031200315298,1.0000003911132191,2.6074214609026036,1,0.3421608167553694,0.9355397130620645,0.9945900744683039,1.219875985207248,-0.0020411111062325947,0.9999999548029379,1.0317614141192155,1,-0.9398850085082965,1.2966879099938795,1.6003804256881682,2.198700421963323,0.0013291926586157425,1.0000000421686905,0.28112460290408636,1,4.685027062923643,-1.6388986306709281,4.963685429495033,-0.33682556968728006,-0.006151872972006253,1.000000182247624,0.008129478404190552,0
23.240000000000002,-0.003753619225191824,0.004731690121778177,-2.5712201116075833e-09,-0.4145434706803435,0.19176757110642165,0.4563376393031067,2.711537399719242,0.000690129540115643,1.0000029576387137,19.060481733049496,1,-0.0767697677032255,-0.7188106822835573,0.7244265066544613,-1.6773038361083596,0.0044340706370974555,1.0000003914038933,2.6093592888245616,1,0.22175621169127951,0.9732911525456602,0.9967075201366872,1.3466781777540826,-0.0019882944499707515,1.0000002417201612,1.0296550008384544,1,-1.020766635196648,1.2437852355412362,1.6080121096982305,2.2587406463443327,0.0013624300038213369,1.0000000415082848,0.27672189827731675,1,4.702927644829412,-1.58402791337775,4.962780661794553,-0.32518696389506574,-0.005952937283386975,0.9999998355729616,0.008135102242976502,0
23.26,-0.003753619226107237,0.004731690120838015,-2.575515519603888e-09,-0.4653715814428256,0.035367036773440504,0.46682955369211676,3.0688922013862454,0.000685964182061605,1.0000029499984213,18.045410219092183,1,0.07065577485654274,-0.7184213346829464,0.7233167146777856,-1.4732695971251422,0.004305089232596964,1.0000003918652134,2.612434755777945,1,0.09782191336069716,0.9955652451959739,0.9988863778378286,1.472934312507588,-0.0019066068841651796,1.0000002747798846,1.0270472127972186,1,-1.0977717560926519,1.1861648964773586,1.6152790651619582,2.318227036833576,0.0013949933393978579,1.0000000408658716,0.27243914322934093,1,4.720220668788588,-1.5289523548793056,4.961906604409351,-0.31354418123969113,-0.005750609581431139,0.9999999896330248,0.008140587424217062,0
23.28,-0.0037536192256947126,0.004731690119928808,-2.579791952327451e-09,-0.44430273991116853,-0.12635546198957623,0.4625078120404001,-2.8617181874695863,0.0006822038988387034,1.0000028799727518,17.12333833559396,1,0.2151485524290152,-0.6880974315970647,0.7222279180292068,-1.2686119306328154,0.004119686203275318,1.000000392479426,2.6165295065193965,1,-0.027658394422822294,1.0021092545959818,1.001091816619052,1.5986368746773754,-0.0017990332016470227,0.9999999567158185,1.023986282527267,1,-1.170663952805772,1.1241059056814782,1.6221589982215379,2.377194602515295,0.001427005028302702,1.0000000402432419,0.26828827949085704,1,4.736903576199424,-1.473678972894105,4.9610633782284275,-0.30189736370214115,-0.005544263168806756,1.0000001787230453,0.00814593279560583,0
23.3,-0.0037536192239801883,0.004731690119044112,-2.5840380430026955e-09,-0.3527491730703583,-0.26746963103472415,0.4436596685590923,-2.490671620518068,0.0006792392902739468,1.000002723087198,16.395997288001112,1,0.35065955955681155,-0.6289740841376984,0.7212057743518419,-1.0633529288226349,0.0038973249059817768,1.0000003932221655,2.621481102569354,1,-0.15270236029992074,0.992922689463436,1.0032890510653665,1.7237872348167558,-0.0016698949417665295,1.0000002111154709,1.0205270262040838,1,-1.239225696852973,1.0578938226273404,1.6286313907867915,2.4356786858681585,0.0014584742288495736,1.0000000396419728,0.26427981889968266,1,4.752973896261044,-1.4182148217533426,4.9602510997981755,-0.2902466545059245,-0.005333603235832849,0.9999998312463402,0.008151137221726576,0
23.32,-0.0037536192209724874,0.00473169011817417,-2.588243675806512e-09,-0.1983240916605764,-0.3595564480267534,0.4118497417844706,-2.0737086694464426,0.000676406458986287,1.0000025252732796,15.984229893288939,1,0.4714666053250783,-0.5434125047480672,0.720293549478659,-0.8575405088193513,0.0036666101265121214,1.0000003940632718,2.6270884786336266,1,-0.2753602864590533,0.9682507952167525,1.0054438880038679,1.8483953384321925,-0.0015240044200697622,1.0000002966974593,1.0167295763685167,1,-1.3032578015468024,0.9878197543008074,1.6346774492024243,2.493714862433245,0.0014894059363939846,1.000000039063443,0.2604229528194236,1,4.768429246606429,-1.362566991153321,4.959469881330003,-0.2785921979603464,-0.005118402691050326,0.9999999975905495,0.008156199580798298,0
23.34,-0.0037536192167040537,0.004731690117304488,-2.5923997618720884e-09,-0.0011236579075252998,-0.36996631966784455,0.3712142603081852,-1.5742675191691489,0.0006724218290708047,1.0000023930520126,16.0704097846639,1,0.5724278234143407,-0.43491805576510095,0.7195301828740776,-0.6512468673150097,0.00345799456087155,1.0000003949679241,2.633119494404432,1,-0.39374433677912163,0.9285744419436409,1.0075232360374253,1.9724792756929956,-0.001365320645891668,0.9999999629468362,1.0126581026995434,1,-1.3625788720749514,0.9141794787521519,1.640280053234908,2.551338859111652,0.0015199663695975622,1.0000000385088497,0.256725664070713,1,4.783267333915707,-1.3067426048957558,4.958719829965423,-0.2669341393718841,-0.004898061383864193,1.0000001749170404,0.00816111876223718,0
23.36,-0.0037536192115795496,0.00473169011641234,-2.5964995366452304e-09,0.19295342071945046,-0.2681130078475868,0.3312066424047261,-0.949462931142199,0.000668312435270732,1.0000024483673202,16.9044310264342,1,0.6492163670671156,-0.30800308748340216,0.7189484859487064,-0.4445657110733176,0.0032957807010521494,1.0000003958980648,2.639320432279744,1,-0.5060553188888781,0.8745969404717738,1.0094955723357082,2.096064754626792,-0.0011955340386697053,1.0000001786278643,1.0083795584205133,1,-1.4170247654041506,0.8372726806995969,1.645423706409015,2.6085864896878714,0.001550723967816726,1.0000000379792258,0.25319483895514283,1,4.797485954509427,-1.250748819616967,4.958001046202524,-0.25527262524337807,-0.004671004735847633,0.9999998271888408,0.008165893666011998,0
23.380000000000003,-0.0037536192078653947,0.004731690115461584,-2.6005480310408585e-09,0.3030805751175288,-0.05706439525124713,0.3084823491602673,-0.18981215249068148,0.0006700179609419206,1.0000027397497537,18.5391064443747,1,0.6985229870183268,-0.16799867351204742,0.7185735809400751,-0.2376083300293579,0.003186237881078404,1.0000003968140574,2.6454270495970844,1,-0.6106068445225571,0.8072283089218684,1.011331361181141,2.2191844996835774,-0.0010158509055036397,1.000000314694883,1.0039624830281004,1,-1.4664480697658637,0.7574022886059301,1.6500944862739266,2.665493606652131,0.0015823367880295717,1.0000000374754565,0.2498363773725777,1,4.811082994920563,-1.194592823506646,4.957313623836581,-0.2436078042207392,-0.0044357486785929915,1.000000005553637,0.00817052320372404,0
23.400000000000002,-0.0037536192096601986,0.004731690114415788,-2.604583485736958e-09,0.26077113766630233,0.18179954792007366,0.31716487920183356,0.6062416071995599,0.0006765148081734289,1.0000031291844975,20.233485085446837,1,0.7182141268610296,-0.020823077506933158,0.7184216923597929,-0.030498674627807476,0.0030993349890695156,1.0000003976764789,2.6511765251203796,1,-0.7058467737725795,0.7275674806105518,1.0130034197794113,2.341877589924725,-0.000836810211722328,0.9999999735554446,0.999475885396025,1,-1.5107176118238392,0.6748739028076942,1.65427998957336,2.722096064826251,0.001613579142826129,1.0000000369982949,0.24665529955170745,1,4.824056432443702,-1.138281835017225,4.956657659047506,-0.23193982801758864,-0.004196323494383463,1.0000001708356385,0.008175006304820624,0
23.42,-0.0037536192162903395,0.004731690113281035,-2.608665653066819e-09,0.0945408077720616,0.33949890013369555,0.35139311192036154,1.2987342390005725,0.0006804862829038438,1.000003392513498,21.017956038556708,1,0.7074353230611665,0.12728175459780663,0.7184993668193467,0.17663230190821436,0.0029952416414312276,1.000000398448029,2.6563201927638094,1,-0.7903759308380895,0.6368828965028008,1.0144872413130013,2.4641887475677153,-0.0006753553502423636,1.0000001452792695,0.9949882226861575,1,-1.5497179981818496,0.58999530452104,1.6579692817157414,2.77842968778426,0.0016416722814210829,1.0000000365483772,0.24365584806224996,1,4.836404335657998,-1.0818231015639308,4.95603326160582,-0.22026884907216435,-0.003960694130150835,0.9999998234068914,0.008179341934299785,0
23.44,-0.0037536192231530843,0.004731690112101087,-2.612823510068224e-09,-0.10919462039251826,0.3788523723013825,0.3933656203595555,1.8523574590821466,0.0006832102856206527,1.0000034367204111,20.83745459951018,1,0.6666529664298637,0.27003167918542786,0.7188031475834173,0.38365271976898996,0.0028614915873858573,1.0000003990953454,2.6606356368397925,1,-0.8629641408239308,0.5365918680945632,1.015761283598216,2.5861676076925333,-0.0005371640757618894,1.0000003285546024,0.9905664793690507,1,-1.5833491967189552,0.5030760358753211,1.6611528682512666,2.8345302449927465,0.0016657338430450266,1.0000000361262376,0.2408415832134152,1,4.8481248649213855,-1.0252238982121167,4.955440544963645,-0.20859501762768978,-0.003731355315507675,1.0000000135096698,0.008183529106578569,0
23.46,-0.00375361922801067,0.004731690110913097,-2.6170513364905112e-09,-0.2874353151407255,0.32078386960956373,0.43009834252102935,2.3030132830678545,0.0006859615720107542,1.0000032806724495,20.09428292416264,1,0.5976315787475937,0.401384220577013,0.7193197537668149,0.5904358903200865,0.002706704428787697,1.0000003995905944,2.6639372953274587,1,-0.9225636793136254,0.4282390349073968,1.016807205923761,2.707867983937911,-0.00042017713736041594,0.9999999885068885,0.9862753467392218,1,-1.6115261622898105,0.4144270415667761,1.663822669090181,2.8904334470783652,0.0016862471620483455,1.0000000357323207,0.23821547068575402,1,4.859216272839819,-0.9684915263505647,4.954879614042277,-0.19691848266960169,-0.003507405157340274,1.0000001664853058,0.008187566885359267,0
23.48,-0.0037536192307426964,0.004731690109735946,-2.6213333136071437e-09,-0.40999989510681306,0.19883475128907263,0.4553679497452579,2.691843071238562,0.0006878772954531201,1.0000029993400719,19.115337612659353,1,0.5033481524101431,0.5158090044895436,0.7200267517202464,0.7968661028529886,0.002550155325543562,1.0000003999127933,2.666085288371087,1,-0.9683202498093382,0.3134741788436553,1.0176100558541281,2.829347122857183,-0.0003217330402168537,1.0000001121154107,0.982176498140015,1,-1.6341785104067297,0.32436036319160155,1.6659719871345662,2.946174947406831,0.0017037402277080846,1.0000000353669944,0.2357799624043638,1,4.869676904714499,-0.9116333123530036,4.954350565277507,-0.18523939330015154,-0.003288248494908301,0.9999998199064833,0.008191454380793477,0
23.5,-0.003753619231811574,0.004731690108577544,-2.625655363269752e-09,-0.4646144203461696,0.04344566340176372,0.46664134666522744,3.050106266209364,0.0006884730404670458,1.0000027006435996,18.098365745809073,1,0.3878493280870319,0.6085301463683304,0.7208936571359409,1.0028437572808715,0.0024155372799344603,1.0000004000487566,2.666991710626609,1,-0.9995816111888962,0.1940295999392883,1.0181584171640536,2.9506649522615214,-0.00023922422060429241,1.0000003381535671,0.9783279503393558,1,-1.6512502416162227,0.23318887774157074,1.667595481278923,3.001790345901974,0.0017186380212009464,1.0000000350305611,0.23353707369419036,1,4.879505198966632,-0.8546566062290284,4.953853489175062,-0.1735578990051576,-0.003073908643658321,1.0000000214460414,0.008195190746078562,0
23.52,-0.0037536192316199677,0.004731690107441393,-2.630006757948361e-09,-0.4473894017522154,-0.11864209809651463,0.46311341942701106,-2.880823367224848,0.0006885773645487665,1.0000024884296939,17.168724259702234,1,0.25606074159261094,0.6757283939716574,0.7218833900676772,1.2082895775476667,0.0023238701353049383,1.000000399993607,2.666624045440188,1,-1.0159039699552355,0.07169720757937224,1.0184445214126976,3.071883329109637,-0.0001694196481934279,1.0000000076430386,0.9747835270600055,1,-1.6626995184002535,0.14122607207115143,1.6686891461970963,3.057315195980816,0.0017313712807872884,1.0000000347232691,0.23148846125960595,1,4.88869968753971,-0.7975687802652316,4.953388471376081,-0.16187414950820683,-0.002864601471261927,1.000000161872934,0.008198775172672722,0
23.540000000000003,-0.0037536192302946485,0.004731690106330058,-2.6343782774792754e-09,-0.3594763672979532,-0.2615444098619323,0.44501770875492597,-2.5113982632256304,0.0006889167761440261,1.000002420316181,16.428248428470077,1,0.11356038841892863,0.7146941005588509,0.7229539914031806,1.4131477241772052,0.002287492321525961,1.0000003997508442,2.6650056285317656,1,-1.0170562327675547,-0.05169456118926902,1.018464322008353,-3.0901200185763935,-0.00010894333124570501,1.0000000801532865,0.9715924274908633,1,-1.6684984956637336,0.048785845224529105,1.669250297581012,3.1127850143368,0.0017424319044580538,1.0000000344453255,0.2296355037908746,1,4.897258996279911,-0.7403772276577715,4.952955592600328,-0.1501882945830839,-0.002660402811245624,0.9999998166931618,0.008202206885511218,0
23.560000000000002,-0.003753619227652585,0.004731690105245715,-2.6387593011264338e-09,-0.20805319765985114,-0.35704540252991945,0.4138290533090254,-2.0977204420198636,0.0006890335673948497,1.0000024891206512,15.995699529039229,1,-0.03367084021256982,0.7239257934989836,0.7240605020349328,1.6173877143817827,0.002307780275918351,1.0000003993319972,2.6622133144440334,1,-1.0030221892915485,-0.174303916509229,1.0182175312312136,-2.9689110112766506,-5.4220477687861413e-05,1.00000034344282,0.9687988337139952,1,-1.668633205513665,-0.04381766959141926,1.6692775618298348,-3.1149500142396374,0.0017524102683952364,1.000000034196907,0.2279793798857441,1,4.9051818452940426,-0.683089361137369,4.9525549278959415,-0.13850048390147884,-0.002460974669337429,1.0000000293501758,0.008205485139614789,0
23.580000000000002,-0.0037536192233377993,0.00473169010418688,-2.643135179475342e-09,-0.012275149587063133,-0.3726896605326945,0.37348961298868316,-1.6037894914590274,0.0006882632754450556,1.0000026437692562,16.049188926766256,1,-0.17950818328502388,0.703172746390897,0.725156906680565,1.8210051423197753,0.0023774913699888007,1.000000398755903,2.658372686514378,1,-0.9740006645754538,-0.2942989222965089,1.0177076229910993,-2.847611807596087,-5.571749352240187e-07,1.0000000306660821,0.9664415409859176,1,-1.663103497068121,-0.13627027155240662,1.6687708703213107,-3.0594837944077105,0.0017620820449673513,1.0000000339781703,0.22652113497347434,1,4.912467049284138,-0.6257126115874391,4.952186545142701,-0.12681086696088986,-0.002265169959949983,1.0000001570058301,0.008208609218516917,0
23.6,-0.0037536192175735388,0.0047316901031407045,-2.647488428573347e-09,0.1837514759622761,-0.2772958183857825,0.3330829989084354,-0.9865732206933249,0.0006884792565998931,1.000002836263435,16.83752106576549,1,-0.317939227311401,0.6534231807544717,0.7261980515248717,2.024021262885524,0.0024865311510291043,1.000000398047692,2.6536512799250778,1,-0.930403643889875,-0.40988067982792376,1.0169418025409296,-2.7261603225896933,5.7781692387883553e-05,1.0000000503389554,0.9645536312408192,1,-1.6519230320244969,-0.22825785515811314,1.667731459352102,-3.003966148096293,0.0017724965821589468,1.00000003378926,0.2252617331475809,1,4.919113517858602,-0.5682544266558196,4.951850502581954,-0.11511959329089992,-0.0020705572201407505,0.9999998137720174,0.008211578433673676,0
23.62,-0.003753619213136037,0.004731690102074879,-2.6518129046804173e-09,0.30066291606990897,-0.07078349738772911,0.3089623043599396,-0.2327763582920154,0.0006946494303300432,1.0000030352280702,18.439540446504964,1,-0.44330655772072064,0.5768422639271296,0.7271414556302448,2.2264815541216603,0.0026233024723242046,1.0000003972375526,2.6482503513195628,1,-0.8728523369576846,-0.519306428894484,1.0159309422609597,-2.6044962820087867,0.00012441085167801342,1.0000003444342749,0.9631621814277852,1,-1.6351193364343177,-0.31946657713965865,1.6661618757519217,-2.9483615683605335,0.0017844866386892738,1.0000000336303143,0.2242020957242163,1,4.925120255819594,-0.5107222693603192,4.951546847170957,-0.10342681344867038,-0.0018745131403726215,1.0000000372095499,0.008214392122499399,0
23.64,-0.0037536192146431276,0.004731690100955691,-2.656140315397508e-09,0.2667786596307044,0.16967442763374566,0.3159086001429249,0.565369325909792,0.0007041216159142107,1.0000031605245951,20.160628732444685,1,-0.5505280877448897,0.4766658265534937,0.7279489495299929,2.428453399490281,0.0027601798258746505,1.00000039635936,2.6423957334524673,1,-0.8021711159495081,-0.6209124897629906,1.014689477030712,-2.4825619671129178,0.00019322793114886325,1.0000000571337,0.9622879934711815,1,-1.6127339086274248,-0.4095830347545849,1.6640659815970253,-2.892634507727024,0.0017971520809559618,1.0000000335014696,0.22334313137682438,1,4.930486363427082,-0.45312361668911416,4.951275621694833,-0.09173268039252548,-0.001679234246108403,1.0000001518917057,0.008217049645759844,0
23.66,-0.0037536192209103193,0.0047316900997960995,-2.660522657922399e-09,0.1050335498034368,0.3334283506783179,0.3492118894693012,1.2653646092566764,0.0007083741532581934,1.0000031398635059,21.00343353073214,1,-0.6352883893252063,0.3570567224736662,0.7285880990715297,2.6300230417006993,0.0028612290017816415,1.0000003954492398,2.6363282653769113,1,-0.7193792340059452,-0.713136939707431,1.0132352515344885,-2.3603029662816177,0.00025452515671453883,1.0000000235138,0.9619453419245199,1,-1.5848223826220142,-0.4982944629601175,1.6614489560449806,-2.836749367855626,0.001808964647454335,1.0000000334028643,0.22268576204839133,1,4.935211036638272,-0.39546595819782915,4.951036877545902,-0.08003734785125277,-0.0014902290237299716,0.9999998111476781,0.00821955039393514,0
23.68,-0.0037536192271344308,0.0047316900986436195,-2.6649758547939856e-09,-0.09863384860833715,0.3788500442390211,0.3911702529108913,1.825750743926697,0.000709291224592823,1.0000030433766305,20.864934193423803,1,-0.694196271101039,0.2229311222393851,0.7290333874846883,2.831291983150884,0.002918117279314225,1.00000039454413,2.6302941997733016,1,-0.6256802112103993,-0.7945418774528669,1.0115893340333462,-2.2376689377395014,0.0003085546979162314,1.000000341191232,0.9621417388270159,1,-1.5514547457872725,-0.5852889582191465,1.6583173168387662,-2.780670499281261,0.0018204330503016537,1.000000033334642,0.2222309458000515,1,4.939293567318842,-0.3377567946022344,4.950830667847398,-0.06834096719943877,-0.0013074850577427936,1.0000000450117101,0.008221893795924461,0
23.700000000000003,-0.003753619231491004,0.004731690097533362,-2.669482660638302e-09,-0.2792213872956753,0.32514209584324855,0.4283872371835233,2.2807976037830535,0.0007105375469395585,1.0000029746904018,20.142268411729187,1,-0.7249054552440526,0.07976195243700039,0.7292671191105047,3.032372986914601,0.0029426378027083925,1.000000393680386,2.6245359066164804,1,-0.5224487662136593,-0.863835079356034,1.009775798186817,-2.114614358979652,0.00035896024029155235,1.0000000864616145,0.9628777143144943,1,-1.5127156091051466,-0.670255737055837,1.6546789570717357,-2.724362197548182,0.0018328563349926095,1.0000000332969543,0.22197969516262084,1,4.942733343427809,-0.2800036363650543,4.950657034149852,-0.05664368805163633,-0.001127709903400835,1.0000001465386628,0.008224079317200799,0
23.720000000000002,-0.0037536192340501184,0.004731690096481201,-2.6740192720134913e-09,-0.4051729176556008,0.20579629101489244,0.4543560455971954,2.672063186085457,0.0007122567704404129,1.0000029608855365,19.1700331770705,1,-0.7261964349443982,-0.06663363323406903,0.7292800293491367,-3.049799514223764,0.0029500550685422565,1.0000003928924677,2.6192831178676474,1,-0.41121517650688366,-0.9198907942601129,1.0078214551623077,-1.9910992549254474,0.00040685083338481585,1.000000000386,0.9641466187714819,1,-1.4687045279645978,-0.7528854378237214,1.6505431783832203,-2.6677887006633574,0.0018471641689860947,1.0000000332899635,0.22193308931954978,1,4.945529849178716,-0.22221400227886912,4.950516005168547,-0.04494565984620672,-0.000948073563092073,0.9999998088243013,0.008226106458032898,0
23.740000000000002,-0.0037536192351030288,0.004731690095492669,-2.6785642534836625e-09,-0.4635651762774596,0.05149523253257173,0.4664096314358075,3.031305862460018,0.0007134412569220565,1.0000029556301668,18.151527531019894,1,-0.6980184666973437,-0.210316252597734,0.7290715997943568,-2.8487326412182834,0.002953700995442807,1.0000003922117315,2.614744876546395,1,-0.29364697101654075,-0.9617693623934348,1.0057555348366425,-1.867089903266243,0.0004512116665288791,1.00000033381937,0.9659344590387335,1,-1.419536370882759,-0.8328704744780655,1.645920724723211,-2.6109141952654578,0.0018639421352490296,1.000000033313842,0.22209227870251766,1,4.947682665175452,-0.16439541804648428,4.950407599424359,-0.03324703239292655,-0.0007665426003121002,1.0000000527442943,0.008227974755610122,0
23.76,-0.0037536192347970686,0.0047316900945677835,-2.6830984464239335e-09,-0.4501883604246279,-0.11088399534488078,0.4636769122501681,-2.8998767941997645,0.0007135976688412441,1.000002892263364,17.214613152701663,1,-0.6414912478535763,-0.34544956625844647,0.728650075813578,-2.6474914211273783,0.00296121828078708,1.0000003916653424,2.6111022832615585,1,-0.1715278976944577,-0.9887352814632974,1.0036093188436483,-1.7425595040284778,0.0004904126420409428,1.0000001179307398,0.9682197839742136,1,-1.3653417328997317,-0.9099054514177888,1.6408238212287078,-2.5537028323160955,0.0018836371963671622,1.0000000333687722,0.22245848195366158,1,4.949191468521595,-0.10655541485893642,4.950331826902424,-0.02154795592100362,-0.0005815102781198808,1.0000001409551822,0.008229683786967198,0
23.78,-0.0037536192331772246,0.004731690093702305,-2.6876039495790107e-09,-0.36593632701405454,-0.25549404594846625,0.4463385438385979,-2.531996539992431,0.0007142193726092053,1.0000027411886665,16.461342899025844,1,-0.5588662739332949,-0.46652274621753215,0.7280321872915397,-2.445962020286908,0.0029703430639246367,1.000000391275308,2.6085020534575762,1,-0.046734167520281276,-1.0002732845516817,1.0014157259926422,-1.6174887958700996,0.0005230767560008863,0.9999999815059766,0.9709736377109653,1,-1.3062673894956949,-0.9836876485888305,1.6352662181880484,-2.496118753025659,0.0019067405477270736,1.0000000334549468,0.22303297882724074,1,4.950056032903529,-0.04870152797132357,4.950288689724227,-0.009848581023757443,-0.00039153670743790383,0.9999998068055677,0.008231233171414226,0
23.8,-0.003753619230247633,0.0047316900928874835,-2.692063665290698e-09,-0.21756838486014216,-0.35431579403715807,0.41578325386808346,-2.121502653873857,0.0007181996200826132,1.0000025420859546,16.00851157437049,1,-0.4534483079122285,-0.568563973266533,0.727242579689009,-2.2440413645980173,0.0029710146094511585,1.00000039105765,2.6070510005347534,1,0.07879194458153878,-0.9961019448724235,0.9992088509576014,-1.491866599534107,0.0005489217454578459,1.0000003224572351,0.9741596016556611,1,-1.2424767855131198,-1.0539175861359438,1.6292632386983514,-2.4381261265598755,0.0019339433068024014,1.0000000335725656,0.2238171044430912,1,4.950276228647133,0.009158704723222574,4.95027818219959,0.0018509414070642094,-0.00019514685641645516,1.0000000603950499,0.00823262257239537,0
23.82,-0.0037536192260279088,0.004731690092108681,-2.6964613297335857e-09,-0.023337025999431923,-0.37510015868763674,0.3757668681696195,-1.6329579176226914,0.0007238084278649632,1.0000023973722048,16.03002755175393,1,-0.32947796541497987,-0.6473385081941455,0.726312957387207,-2.0416412027234974,0.002953381400433318,1.0000003910218078,2.6068120523878298,1,0.20307096287955148,-0.9761842881676952,0.9970234590442166,-1.3656902670647297,0.0005698048640293429,1.000000150698395,0.9777339449712777,1,-1.1741505518799287,-1.1202996783602954,1.622831828433471,-2.379689201064865,0.0019662286720553736,1.0000000337218364,0.22481224321164545,1,4.949852022747916,0.06701774412104645,4.950300290176631,0.013550460218762881,9.484623231951413e-06,1.0000001351501102,0.00823385169882268,0
23.84,-0.003753619220846597,0.004731690091342169,-2.7007827784635875e-09,0.1744021595770251,-0.28615396130992454,0.335011298541326,-1.0232818951376257,0.00072884765209948,1.0000024301990182,16.77300175933582,1,-0.19197724653819845,-0.6995245038772311,0.7252809361655809,-1.838691779776278,0.0029027186410213505,1.000000391170227,2.6078015139463404,1,0.3241172436013972,-0.940734880760805,0.9948944427841192,-1.2389660145634844,0.0005910110528783166,0.9999999672470832,0.981645899428343,1,-1.1014870415852827,-1.1825429876684206,1.6159906071415515,-2.3207723690509368,0.002004822642882849,1.0000000339029715,0.22601981027526466,1,4.948783478875304,0.12486805133670796,4.950354989299545,0.025249823833112882,0.0002248899459173972,0.9999998050946755,0.008234920305383555,0
23.86,-0.0037536192166706395,0.004731690090549648,-2.7050241812654786e-09,0.297865191687468,-0.0844148625274723,0.30954250135103323,-0.2756376865623084,0.0007363232479523753,1.000002701718137,18.340128991082967,1,-0.04656104072908265,-0.7228594036749102,0.7241886395291472,-1.6351449534662168,0.002794335678637809,1.0000003914980755,2.609987169428987,1,0.43997175406561034,-0.8902228753065197,0.9928562494479651,-1.1117091170077456,0.000621287832987814,1.0000003072683277,0.985838116668372,1,-1.0247028754961538,-1.2403620897636791,1.608759922913343,-2.2613402471224813,0.0020503538117742294,1.0000000341161819,0.22744121215541258,1,4.947070757351409,0.18270208913287425,4.950442243354008,0.03694887934057443,0.00045315022911306775,1.0000000679518553,0.008235828189762082,0
23.880000000000003,-0.0037536192176438766,0.004731690089687692,-2.709213612998862e-09,0.2724940213939862,0.1572836371903643,0.31473341524403137,0.5241196339669923,0.0007466681154299189,1.000003093685729,20.08451559552191,1,0.10078079698855012,-0.7162496529809642,0.7230810846538324,-1.4309766033452491,0.0025841039837649553,1.000000391993223,2.613288153547516,1,0.5487360410806446,-0.825370540370532,0.9909422880698542,-0.9839439383708288,0.0006627424698731433,1.0000001838164345,0.9902473458079165,1,-0.9440334872282727,-1.2934780609737828,1.601161904800073,-2.2013577689348183,0.0021007388791338816,1.0000000343616686,0.22907779090600944,1,4.944714115105795,0.24051232335077607,4.9505620104916,0.048647470913628664,0.0006911577794544147,1.0000001291326446,0.008236575185771935,0
23.900000000000002,-0.003753619223856383,0.004731690088750299,-2.713406240472359e-09,0.11551268293151393,0.32698791382852405,0.34705221995824626,1.2315171018816304,0.0007532618910518131,1.0000033771937675,20.98561074967575,1,0.24392432058593502,-0.6798367608527608,0.7220043903852734,-1.2261881826959526,0.0022237173105067003,1.000000392636522,2.617576812604664,1,0.6486067035942229,-0.7471468845108945,0.9891843184868835,-0.8557037679285959,0.0007098494279954227,0.999999957796374,0.994805249848522,1,-0.8597336539161805,-1.3416195978996215,1.5932205017758345,-2.1407902989609493,0.00215280600971588,1.0000000346396138,0.23093075860640302,1,4.941713905607114,0.2982912243392045,4.9507142580533205,0.0603454408657891,0.0009323461732422614,0.9999998036943353,0.008237161161683866,0
23.92,-0.0037536192307245937,0.004731690087772219,-2.71763201780675e-09,-0.08790012121799,0.3785540113325184,0.3889557686355858,1.798792489608926,0.0007553266964192319,1.000003442982883,20.89048025924147,1,0.3768667724142177,-0.6150136814886376,0.7210038661133464,-1.0208072838903772,0.0017049743778898107,1.000000393402383,2.6226825525607005,1,0.7379095649415955,-0.6567561079059342,0.987611832203882,-0.7270304639986781,0.0007679945211844077,1.0000002884404715,0.9994394203840394,1,-0.7720779969150897,-1.3845242789357546,1.5849615215881845,-2.0796037795143687,0.002206172310726208,1.0000000349501685,0.23300112394575015,1,4.938070578768396,0.35603126838157645,4.950898959992234,0.07204263307149136,0.001175415746444722,1.0000000754027367,0.008237586023534431,0
23.94,-0.0037536192356784686,0.004731690086784371,-2.7218854656610968e-09,-0.27075231738797984,0.32931138733569937,0.42663852996975454,2.258363218175842,0.0007556073771909817,1.0000033030039037,20.18936347119646,1,0.49398570206704384,-0.5243871626113839,0.7201220702963671,-0.8148870940003411,0.0010557461212436486,1.0000003942596551,2.628397700248286,1,0.8151326459989982,-0.5556207660860325,0.9862514594764162,-0.5979738999373211,0.0008490170713098161,1.0000002162622805,1.0040745731893064,1,-0.6813614336736287,-1.4219399765013858,1.5764126817197268,-2.0177649007627836,0.002261459852885369,1.0000000352934413,0.235289608438731,1,4.933784680827173,0.4137249391229615,4.951116083725109,0.0837388930370835,0.0014218817921555073,1.000000122912319,0.00823784970738142,0
23.96,-0.0037536192384831184,0.00473169008579876,-2.726150514478689e-09,-0.400061251544254,0.21265897154456795,0.4532998480259042,2.6521636071726356,0.0007550395908839612,1.0000030288437032,19.22446407043821,1,0.5902896931988906,-0.41168416967980326,0.7193969153736596,-0.6085046584486355,0.0003264618976596835,1.0000003951727803,2.6344852012553486,1,0.8789569854269974,-0.44535971496699994,0.985126423235791,-0.4685911914810818,0.0009591987147914258,0.9999999531626566,1.0086337556071214,1,-0.5878995592563883,-1.453626427699833,1.5676036523633878,-1.9552412901808653,0.002318634494581866,1.0000000356694825,0.23779654970762837,1,4.928856854204682,0.4713647289957813,4.951365587928269,0.09543406646338266,0.0016723245130573826,0.9999998026067659,0.008237952167890694,0
23.98,-0.0037536192395845906,0.004731690084815412,-2.730413997654134e-09,-0.46222479033754227,0.0595221772004692,0.46613254836361756,3.0124615476326206,0.0007540097489470623,1.0000027271679715,18.204814427512062,1,0.6616474813865285,-0.2816036482035402,0.7188598930716666,-0.4017579490635217,-0.0004174127959602019,1.0000003961031625,2.6406877493077103,1,0.9282843435450094,-0.3277611146387712,0.9842560590784313,-0.3389457132854564,0.001093714158822991,1.0000002661992196,1.013039330383154,1,-0.4920289330654449,-1.4793569693336683,1.5585660848724379,-1.892001729807171,0.0023770976847900856,1.0000000360782686,0.2405217906244167,1,4.9232878373438975,0.5289431406415404,4.951647425318794,0.10712799872728204,0.0019262285395056137,1.0000000827358893,0.008237893371385384,0
24.0,-0.0037536192394034577,0.004731690083829655,-2.734667967226566e-09,-0.452702431952861,-0.10307654480080572,0.46419701710717903,-2.9189064196005665,0.0007533173578932937,1.000002504095948,17.260922888076788,1,0.7049822443389402,-0.13961849197655773,0.7185345007440268,-0.19476177482260135,-0.001119136352048186,1.0000003970107365,2.6467382433537985,1,0.9622608652801578,-0.20475099010560768,0.9836554313958071,-0.20910594126303467,0.0012359036965378213,1.000000246987321,1.0172138649594413,1,-0.39410724321559387,-1.4989204407130534,1.5493336273738483,-1.8280164045099994,0.002435978207669694,1.000000036519683,0.24346455362340116,1,4.917078464525086,0.5864526883269338,4.95196154478502,0.11882053494019403,0.002182504946323828,1.0000001164989891,0.008237673293155933,0
24.02,-0.0037536192381141097,0.004731690082836466,-2.738907955253042e-09,-0.37213217794903775,-0.24931660130004626,0.44762069052711445,-2.5524961079158888,0.0007538934799117923,1.0000024224028041,16.495177656706215,1,0.7184190425020833,0.008263713528852957,0.7184349901614726,0.012357379126166287,-0.0017613522260793023,1.0000003978558696,2.652372464282282,1,0.9802958557005975,-0.07835805943706521,0.9833350502964509,-0.07914418069441449,0.0013654213931556356,0.9999999532038016,1.0210820077515292,1,-0.29451331790058866,-1.5121232544609724,1.5399419261313823,-1.7632571818907006,0.002494314378761336,1.000000036993495,0.24662329976286734,1,4.910229665658085,0.6438858993529493,4.952307892442185,0.13051152016581105,0.002439873043241881,0.9999998018336904,0.008237291919717515,0
24.040000000000003,-0.0037536192355637063,0.004731690081831563,-2.7431298868681175e-09,-0.22686972918426818,-0.3513684540384334,0.417708640953235,-2.145086929275738,0.000756109902084631,1.0000024800334473,16.022547352728157,1,0.7013758166061369,0.1557692297869467,0.718565616207533,0.21946732645321415,-0.002362343791200302,1.0000003986015664,2.6573437755119573,1,0.9820749475232436,0.04932429293779439,0.9833006495286685,0.05086478200139337,0.0014692593743634397,1.0000002408332367,1.024573750451974,1,-0.19364695008993277,-1.5187916314432413,1.5304286095841682,-1.697697924188576,0.00255120370793814,1.0000000374993359,0.24999557236729802,1,4.902742466049121,0.7012353154557138,4.952686411898027,0.14220079967942773,0.0026971762216531853,1.0000000899396937,0.008236749257191634,0
24.060000000000002,-0.003753619231392162,0.004731690080808819,-2.747327124477672e-09,-0.03430073422804413,-0.3771984253825908,0.3780377622466184,-1.6617980339263918,0.0007594182595973903,1.0000026276738487,16.012852303268513,1,0.6545918078602656,0.29664148520953904,0.7189204852741607,0.4264364782685959,-0.002941902742918316,1.0000003992154654,2.6614364363511136,1,0.9675671516283547,0.17617789635953737,0.9835530100041928,0.1808451199173652,0.0015430651722915998,1.0000002749773371,1.027627027574231,1,-0.09192849920545758,-1.5187739909480562,1.5208332516779646,-1.6313148322189819,0.0026060180310158772,1.0000000380366738,0.25357782546767965,1,4.894617986139846,0.7584934941985687,4.9530970436277295,0.15388821922655288,0.0029537964309296625,1.0000001099028168,0.00823604534511041,0
24.080000000000002,-0.0037536192257014173,0.00473169007975343,-2.751490611849379e-09,0.1649250967763345,-0.2946757363572812,0.3369781671929964,-1.0595800997939402,0.0007635075255483994,1.000002815310306,16.71104232798499,1,0.5800914329325034,0.4249233813972142,0.7194839392035606,0.6331399798582753,-0.0035001190593774573,1.0000003996713094,2.6644753958829366,1,0.9370255430447455,0.3001004118883979,0.984087880960246,0.3107214918711315,0.0015870041733777945,0.9999999576705929,1.0301886020700142,1,0.010201768694566576,-1.511943481179398,1.511197311471533,-1.5640868207719245,0.0026586987336415352,1.0000000386047858,0.2573652393121056,1,4.885857441217223,0.8156530103560339,4.953539722949087,0.16557362512540352,0.003210062677026787,0.9999998013763336,0.008235180272106063,0
24.1,-0.003753619220904155,0.004731690078633198,-2.7556207541495903e-09,0.2946981483740671,-0.09792162743388994,0.3102103524228114,-0.3183177443101269,0.0007707457297993839,1.000003013366264,18.241560539952847,1,0.48108608936287633,0.5352229250046745,0.7202313768618102,0.8394653629932629,-0.004020709975263078,1.000000399950024,2.6663334934453427,1,0.8909815709856718,0.4190455074219083,0.9848960421646511,0.44042058137362705,0.001602184351236355,1.0000002127359298,1.0322144740327142,1,0.11228464208956423,-1.4982006278128421,1.501564047233348,-1.4959959231465247,0.002709366021111777,1.000000039202729,0.2613515277874711,1,4.876462141093482,0.872706457291162,4.954014377202345,0.17725686366222196,0.0034661155344824102,1.0000000970027363,0.008234154187337136,0
24.12,-0.0037536192217266263,0.004731690077412072,-2.759753917037054e-09,0.27789658356620506,0.14466433790404942,0.31363548497042454,0.48260531846583077,0.0007810256035515303,1.0000031504270188,20.006028275264683,1,0.3618205157448192,0.622948010222655,0.7211304587914529,1.0453174581347768,-0.0044940389692136925,1.0000004000404903,2.6669366025286263,1,0.8302332064621106,0.5310614360273305,0.9859635069355964,0.5698725671946506,0.0015834932938072295,1.000000299334624,1.033670537174001,1,0.21384326698732012,-1.477476070190566,1.4919784017129871,-1.4270277171791315,0.002755812622237733,1.0000000398293105,0.26552873712526925,1,4.86643348975823,0.9296464483277871,4.954520929471323,0.18893777951103025,0.003717297067172589,1.0000001031342522,0.008232967302021775,0
24.14,-0.003753619227805016,0.004731690076098648,-2.7639519751708128e-09,0.12594622174237835,0.320192034593362,0.34491763970836137,1.1972918656199465,0.0007852265034614376,1.0000031448617346,20.965211991394025,1,0.2273736829030136,0.684498805167373,0.7221426431069286,1.2506223455202312,-0.004915499702536103,1.000000399939942,2.6662662804631236,1,0.7558273714496967,0.6343269588569628,0.9872718508236904,0.6990124801984392,0.001523121487780902,0.9999999662735872,1.0345332671055147,1,0.3143848310920244,-1.449733346186962,1.4824868423834558,-1.3571717656241353,0.002793778443880871,1.0000000404830554,0.26988703627652505,1,4.855772985006087,0.9864656181170759,4.955059313130457,0.2006162162718426,0.0039561594548582265,0.99999980123542,0.008231619887773035,0
24.16,-0.003753619234275008,0.004731690074742709,-2.768244298286676e-09,-0.0770181670361637,0.37796235001927914,0.3867297889009039,1.771563392429065,0.0007792550049020444,1.0000030529620316,20.91466396644966,1,0.08342644356382205,0.7174096029377086,0.7232249654772099,1.4553301966749561,-0.005258381524937125,1.0000003996539106,2.6643594048761,1,0.669037300779088,0.727183692389397,0.9887986302070089,0.8277814154588039,0.001425068206544226,1.0000001824521552,1.0347902366420842,1,0.41340266530289127,-1.4149716769104,1.473137151314294,-1.286422078288064,0.0028218417214367782,1.0000000411621766,0.27441450987985333,1,4.844482218038606,1.0431566239968044,4.955629472025529,0.21229202003848432,0.00418151547439119,1.0000001039138262,0.008230112279088467,0
24.18,-0.0037536192389609774,0.004731690073386479,-2.7726234973299985e-09,-0.262040308705505,0.33328343399973137,0.42486148070120183,2.23577113852434,0.0007704772329724553,1.0000029810347129,20.23600810114127,1,-0.06399079631026401,0.7204357104815144,0.7243319580972526,1.6594168975689445,-0.005506200482853294,1.0000003991957824,2.6613052158112636,1,0.5713356449493044,0.8081641365238202,0.9905178620285101,0.9561275542226654,0.0013010619434901361,1.000000319345757,1.0344403420192299,1,0.5103787937782772,-1.3732286917299383,1.463978185359788,-1.214777586190987,0.002840692132209686,1.0000000418645443,0.2790969619004594,1,4.832562873041064,1.099712147344766,4.9562313463662235,0.22396504010777837,0.00439566824247428,1.0000000962040203,0.008228444866184702,0
24.200000000000003,-0.003753619241837392,0.0047316900720536705,-2.777072433774938e-09,-0.39466476499841396,0.2194150306417916,0.4522080242825317,2.6321875968552364,0.000763954680806695,1.0000029641561223,19.278963811711293,1,-0.20875726237652237,0.6935845075233613,0.7254175971565011,1.862884452611043,-0.005662915523981054,1.0000003985860548,2.6572403654715657,1,0.4643642322171286,0.8760148478324372,0.9924005650707391,1.0840069788873774,0.0011629342354869908,0.9999999787235123,1.033493632769121,1,0.6047869564522961,-1.3245830239307885,1.4550595990720763,-1.1422426041048133,0.0028509866063461497,1.0000000425876603,0.28391773589419506,1,4.820016726738724,1.156124894926124,4.95686486789335,0.2356351276379983,0.004600379958598166,0.9999998014111731,0.008226618081730674,0
24.220000000000002,-0.0037536192431960004,0.00473169007075786,-2.7815746908490396e-09,-0.4605828967465483,0.06752315672393631,0.4658163152106038,2.993602896629384,0.0007589482207685638,1.0000029608572047,18.2584857579935,1,-0.34491581502706353,0.6380929071100636,0.7264371985366013,2.065760284718523,-0.005743045786309218,1.0000003978512415,2.652341609656679,1,0.349901460474376,0.9297144334796014,0.9944153470565896,1.2113842795152752,0.0010212785255505378,1.0000001506880831,1.0319708484514738,1,0.6960961176134044,-1.2691566977366209,1.4464315182149945,-1.0688272709583049,0.002853119221594112,1.0000000433286342,0.28885756102656013,1,4.806845647933436,1.212387600232057,4.957529961108451,0.24730213498705972,0.004796741946985782,1.0000001106620138,0.008224632391874211,0
24.240000000000002,-0.0037536192431936056,0.00473169006950756,-2.786114885024518e-09,-0.45491330388338647,-0.095217192948041,0.46467636487074426,-2.9378908017009184,0.0007545381940531229,1.0000029039823066,17.30787471986034,1,-0.46691143974303934,0.5563558138641497,0.7273491961467208,2.2680955489481986,-0.005768819848915101,1.0000003970225797,2.6468171977095283,1,0.22982828416032514,0.9684862500277116,0.9965290146466634,1.338232951903298,0.0008852018403368593,1.000000334515454,1.0299027010064372,1,0.7837744609691831,-1.2071172189576491,1.4381441648358029,-0.9945479566185066,0.002847441750776566,1.0000000440841652,0.29389443490995787,1,4.793051597019611,1.2684930248081316,4.958226544445258,0.25896591562711563,0.004985701563097498,1.0000000891231016,0.008222488291358616,0
24.26,-0.0037536192418821876,0.004731690068307564,-2.790677414198431e-09,-0.3780392404409027,-0.24300347097372046,0.4488631406092503,-2.5728773947447,0.0007509263664924031,1.0000027590797664,16.529969142326163,1,-0.5698059343977501,0.4518117438700664,0.7281167367121453,2.469962605660063,-0.0057644360822257925,1.0000003961346347,2.6408975644491592,1,0.1060937123173708,0.9918058834148691,0.9987071889601914,1.4645355942069052,0.0007620358484740263,0.9999999947486509,1.0273289398427576,1,0.8672938555807693,-1.1386792750604386,1.4302474370617837,-0.9194276188726349,0.0028344149556286157,1.0000000448505333,0.2990035550311051,1,4.778636625479402,1.324433959571749,4.9589545305726785,0.2706263242218687,0.005168378935843029,0.9999998019033148,0.008220186300949303,0
24.28,-0.0037536192392631463,0.004731690067158432,-2.795245899979079e-09,-0.23592677466667977,-0.34818832685983625,0.4196015796113185,-2.1684498415962943,0.0007486747758437133,1.0000025595584954,16.038035630469206,1,-0.6494625583782863,0.3287926177488184,0.7287090446267477,2.6714518164770715,-0.0057497717278612364,1.0000003952238556,2.6348257048385744,1,-0.019319352977955714,0.9994036492184827,1.0009149123310175,1.5902839161929068,0.0006575356270829902,1.0000001182970888,1.0242972517368063,1,0.9461347583712216,-1.0641059469320113,1.4227904471968753,-0.8434960927153229,0.0028147100430257763,1.0000000456235967,0.30415731079912955,1,4.763602875356333,1.380203226117988,4.9597138260696445,0.2822832167375122,0.0053462842666509025,1.0000001172366073,0.008217726966503228,0
24.3,-0.0037536192353457053,0.004731690066055024,-2.799803285047364e-09,-0.04513008475106997,-0.37896018759148087,0.3802975181510073,-1.6902773671336504,0.0007478581306356092,1.0000024034553658,15.997911207121176,1,-0.7026962573159607,0.19234499326792232,0.7291025264699788,2.8726678208627776,-0.0057353669930842064,1.0000003943271425,2.628847616253374,1,-0.14442722241487765,0.9912624805431587,1.0031172341867216,1.7154785803653292,0.0005764077835323783,1.0000003445738346,1.0208620488064142,1,1.0197914980970584,-0.9837093349179974,1.41582102312932,-0.766790293701444,0.002789339687528576,1.0000000463988021,0.3093253478848055,1,4.747952578707231,1.4357936780133242,4.960504330399078,0.2939364505546757,0.005521613836246001,1.0000000819027162,0.00821511085944926,0
24.32,-0.0037536192303819008,0.004731690064983391,-2.8043327154805148e-09,0.15535870086997164,-0.3028200735778725,0.3389798276846264,-1.0954179057147433,0.0007485966110834483,1.000002414456419,16.651955278023497,1,-0.7273865920954319,0.048029857575696326,0.7292815961436571,3.073725438015066,-0.005719549830056571,1.0000003934804669,2.6232031120547536,1,-0.2672768834711092,0.9676116619553649,1.005279765985358,1.8401288975788013,0.0005235483380484963,1.000000014087967,1.0170831950522838,1,1.0877778635455169,-0.8978505066853827,1.4093851802177528,-0.6893543178626125,0.002759855236552791,1.0000000471712072,0.3144747149526712,1,4.731688057032615,1.4911982020769121,4.961325933608395,0.30558588446163487,0.005697509185382631,0.9999998027110661,0.008212338578350025,0
24.34,-0.0037536192260548802,0.0047316900639148415,-2.8088245412286744e-09,0.29118408643689286,-0.11124218885415324,0.3109675360044245,-0.36074767787064843,0.0007532983507033613,1.0000026648579956,18.14423976720256,1,-0.7225516393259632,-0.09829224739859564,0.7292392093696201,-3.00843998287447,-0.005692032761996258,1.0000003927175833,2.6181172229469545,1,-0.3859753710002767,0.9289169220691809,1.0073691958809055,1.9642524008682336,0.0005033029988504386,1.0000000862372018,1.01302471736395,1,1.149632896426945,-0.8069386848251553,1.4035265746630696,-0.6112394225126476,0.002728173723168492,1.000000047935515,0.31957009972185074,1,4.714811720685079,1.5464097196492237,4.962178512829454,0.3172313780040172,0.005876726772416579,1.0000001236271907,0.008209410750014625,0
24.36,-0.0037536192264647243,0.004731690062811885,-2.8132974303016894e-09,0.2829804782202915,0.1318728886844091,0.3126233811695051,0.44086676172961525,0.0007622050502125986,1.0000030567843137,19.92528791922018,1,-0.6883819273736997,-0.24068436173397242,0.7289770983458552,-2.8073358049759594,-0.005651324669406506,1.0000003920688503,2.613792335228719,1,-0.49871672286623386,0.8758674180201995,1.00935375501918,2.087874316673854,0.0005100568863992574,1.0000003494549239,1.008753541310156,1,1.2049267680974833,-0.7114296083070385,1.3982859548595552,-0.5325038721170317,0.0026948044075663,1.0000000486861245,0.3245741633027075,1,4.697326068256632,1.6014211878482623,4.963061934149819,0.32887278965309075,0.006056761138490649,1.000000074554304,0.008206328026858216,0
24.380000000000003,-0.003753619232439642,0.004731690061668977,-2.817799667426471e-09,0.13632311483755113,0.31307859588080217,0.3428163240796607,1.1626835503021453,0.0007668991665739898,1.0000033596685993,20.941997622260274,1,-0.6262340200900071,-0.3733583577365919,0.7285057008194885,-2.6060284519289953,-0.005606430122410754,1.0000003915601765,2.6104011760052486,1,-0.603806318082718,0.8093601371380228,1.0112036404136542,2.2110269491398116,0.0005268120731289951,1.0000000364643633,1.0043382838148633,1,1.2532666002441957,-0.611823023262372,1.393700618610595,-0.4532126306034381,0.002658225430638,1.000000049417197,0.3294479800310017,1,4.679233685947141,1.6562256008125142,4.963976067201011,0.34050997652387177,0.006231866770489723,0.9999998038331478,0.00820309108487894,0
24.400000000000002,-0.003753619239505789,0.004731690060523503,-2.822358259645455e-09,-0.06599487394476354,0.37710582177486074,0.384495945813667,1.7440425319884094,0.0007658183892845701,1.0000034474264519,20.937158444459016,1,-0.5385837896854059,-0.490896217222435,0.7278437967458878,-2.40440662167705,-0.005551185133628913,1.0000003912121098,2.608080731650676,1,-0.6996824978075671,0.7304822105074926,1.0128914021022386,2.3337490122892337,0.0005452168621536641,1.0000000555109338,0.9998481224303258,1,1.29430207626024,-0.5086592853449092,1.3898038726540882,-0.37343690031205184,0.0026183535795129055,1.0000000501227349,0.33415156512157274,1,4.66053724691175,1.7108159909280451,4.964920789359102,0.3521427976671442,0.006402754012434092,1.000000129823639,0.00819970063211136,0
24.42,-0.003753619244753991,0.004731690059411667,-2.82696220707708e-09,-0.25309183211458464,0.33708686282434336,0.4230555598382511,2.213003310840192,0.0007636387382950675,1.0000033242409625,20.281907597814076,1,-0.42893987817577967,-0.5884610988907127,0.7270178585854994,-2.2023708446442543,-0.00547335757165706,1.000000391039077,2.606927178578022,1,-0.7849354533189857,0.640491586297244,1.0143922762294126,2.4560849343377655,0.0005658979665604311,1.000000349259888,0.995351752705944,1,1.3277306822246373,-0.4025150881388138,1.3866245249228095,-0.2932535206966718,0.0025766810769061294,1.0000000507966729,0.33864448650226736,1,4.641239510584882,1.7651854300406093,4.965895972805015,0.3637711152116702,0.006573480860794911,1.0000000670895095,0.008196157413931458,0
24.44,-0.0037536192478000684,0.004731690058349171,-2.831586958830512e-09,-0.3889923510195854,0.22609022536411688,0.451077701286358,2.6121258982683013,0.0007615600853605417,1.0000030581571333,19.33329355900845,1,-0.3017184760200194,-0.6619916376812551,0.7260611113274309,-1.9998374254822713,-0.005370573430949598,1.000000391048791,2.606991939864382,1,-0.8583234285535687,0.5407964535667108,1.0156844628912831,2.5780841317842715,0.0005903984435986612,1.0000000615527247,0.990916437646849,1,1.3533024148378257,-0.29399836583977634,1.3841864375005257,-0.21274422295954057,0.0025345986662556634,1.000000051432983,0.3428865529508299,1,4.621343321983728,1.819327030654628,4.966901478753594,0.37539479305294504,0.006746912253206736,0.9999998052677825,0.008192462210251685,0
24.46,-0.003753619249060063,0.004731690057337046,-2.836209908856774e-09,-0.4586511323024995,0.07551961160506997,0.46545766278317785,2.974729793423676,0.0007591453662431489,1.0000027543630217,18.312351790981864,1,-0.16208146515135205,-0.7083725281525363,0.7250123191332128,-1.796741952754048,-0.005251538402543683,1.0000003912418534,2.608279021686306,1,-0.9187863276630196,0.4329337453134085,1.0167493607472207,2.699800262755336,0.0006194912791453766,1.000000027102622,0.9866071638560685,1,1.370823801306541,-0.18374245306424328,1.3825081453952448,-0.13199474854904705,0.0024930128442977404,1.0000000520257832,0.34683855519933504,1,4.600851610992801,1.873233947117751,4.967937158699781,0.3870136959976054,0.0069246081066131355,1.0000001358161352,0.008188615834024951,0
24.48,-0.003753619248974445,0.004731690056369346,-2.840813892717592e-09,-0.45683450018444166,-0.08728934739557728,0.46511288460653144,-2.9568233809371285,0.0007568266879079284,1.000002520955603,17.355309704832873,1,-0.015741256022316723,-0.7255741385510641,0.7239143266478892,-1.5930422284345478,-0.005132350127525783,1.0000003916115718,2.610743811568773,1,-0.9654568412962645,0.31854698681555665,1.0175717598341731,2.8212904710536617,0.0006531091049082735,1.000000344218388,0.9824859373771844,1,1.3801610924321155,-0.07239961826878766,1.381602550780724,-0.05109385358077583,0.002452421989397568,1.0000000525694552,0.35046303473213863,1,4.579767391629308,1.9268993767898834,4.969002856256454,0.3986276895285318,0.007107437974176535,1.0000000595201597,0.008184619131994007,0
24.5,-0.00375361924775784,0.004731690055437861,-2.8453859351150468e-09,-0.3836719080084123,-0.23654258984008739,0.450065986173815,-2.593131625865899,0.0007550518057402235,1.0000024257275106,16.56556386134842,1,0.13126269679366206,-0.7127538703123819,0.7228123919243941,-1.3887204581249237,-0.005031490726790577,1.0000003921440308,2.6142935382470998,1,-0.9976692137976598,0.19936369586943367,1.0181399918727556,2.9426146286535526,0.000691428853506584,1.0000000889543061,0.9786111764031996,1,1.3812425144699076,0.03936588301972943,1.3814767044238345,0.029867774284577635,0.002413000188655714,1.0000000530587578,0.3537250524972311,1,4.55809376128957,1.980316561196533,4.970098408308181,0.4102366397954939,0.007295947795524807,0.9999998070126979,0.008180472985734783,0
24.52,-0.0037536192452825596,0.0047316900545335185,-2.8499145716953667e-09,-0.2447537960149939,-0.3447673218459978,0.4214644566905633,-2.191586667470627,0.0007536106383904359,1.0000024719116998,16.054796804985866,1,0.2728087625960175,-0.6703124195674803,0.7217523614573086,-1.1837845447248656,-0.004964019232438237,1.000000392818438,2.6187895873059213,1,-1.0149657689605562,0.07717249109062221,1.0184460412208896,3.063834580983015,0.0007355570918519308,1.0000000019235944,0.975037155624425,1,1.3740594967676585,0.1508850653534438,1.382131682922962,0.1107986563456962,0.002374677785772459,1.000000053488939,0.35659292772139217,1,4.535833899976258,2.0334787871662177,4.971223645601887,0.42184041368786934,0.007490620975722924,1.0000001415951854,0.008176178312161744,0
24.540000000000003,-0.003753619241196879,0.00473169005364453,-2.8543871775747742e-09,-0.0558375105691763,-0.38038053163097435,0.38254991465363886,-1.718402432744862,0.0007516216721182336,1.000002612345778,15.98496078017297,1,0.4029503619706419,-0.5998991906845345,0.7207787529473684,-0.9782683448101005,-0.004935627131761106,1.0000003936077737,2.624051825253253,1,-1.0171012934152706,-0.04619997713867466,1.0184856196277214,-3.0981719119724445,0.0007877255976674771,1.000000334655708,0.9718135233622899,1,1.3586668290011243,0.2614915954137162,1.3835625663922095,0.191607687560716,0.0023372694079069343,1.0000000538558376,0.3590389168992563,1,4.512991069507105,2.0863793879518826,4.972378392684584,0.4334388789588294,0.00769222752106835,1.000000051858249,0.008171736063339681,0
24.560000000000002,-0.0037536192355067033,0.0047316900527503095,-2.8587897296823706e-09,0.14569449023571826,-0.3105812257792366,0.3410195091411453,-1.13081437625274,0.0007491545532697883,1.000002795124337,16.595434379873968,1,0.5161745614950938,-0.5043629713951819,0.7199328257242672,-0.7722307818682472,-0.004938596335725238,1.000000394479749,2.62986499319593,1,-1.0040453496743484,-0.1689121910734835,1.0182582063452288,-2.9769706963154925,0.0008520534686329666,1.0000001181828233,0.9689848908625939,1,1.3351817416923684,0.370529107039194,1.385758516987778,0.27220529059871135,0.002300637392051275,1.0000000541559708,0.3610398049999245,1,4.489568612705899,2.139011744336426,4.973562466545925,0.44503190430998707,0.007902142978179457,0.9999998090651296,0.008167147225546184,0
24.580000000000002,-0.0037536192302735855,0.004731690051812554,-2.8631171274974554e-09,0.2873114341261448,-0.12436342716453942,0.3118160217597239,-0.4029472714555796,0.0007518413612195304,1.0000029914284059,18.047907311468045,1,0.6076495077947937,-0.38764661512590903,0.7192507327548076,-0.5657537645876821,-0.004957751277433812,1.0000003953980512,2.6359870076047733,1,-0.9759825589012314,-0.2891309639514862,1.0177670542566368,-2.855683813741875,0.0009328600922740762,0.9999999807693464,0.966590474877926,1,1.303781943997047,0.47735826064318715,1.3887029550781342,0.3525045237921353,0.002264445709325981,1.0000000543866077,0.3625773846824233,1,4.465569952576001,2.191369285722257,4.974775673539287,0.45661935894916145,0.00812104958314373,1.0000001471516338,0.008162412816673188,0
24.6,-0.003753619230235137,0.0047316900507851445,-2.867399484518529e-09,0.2877217157131666,0.11891763060282043,0.31169834369746785,0.3988750855471247,0.0007607836950327465,1.0000031387490609,19.841990272484303,1,0.6734473951965431,-0.2546277675187211,0.7187618618293735,-0.35893893650618863,-0.0049862270626350545,1.0000003963238464,2.6421589754576975,1,-0.9333108584141274,-0.40505461872656834,1.0170191580065342,-2.734249015228792,0.0010271575210806668,1.0000003209674138,0.9646637788010957,1,1.2647026908738193,0.5813633713328658,1.3923738311761524,0.4324221093610551,0.0022267184638647334,1.0000000545458205,0.3636388030396633,1,4.440998591457886,2.2434454912055126,4.976017810147535,0.46820111085903765,0.008343850435558835,1.0000000441159176,0.00815753387880684,0
24.62,-0.00375361923586462,0.00473169004966202,-2.8716988422633483e-09,0.14662092498409426,0.30564399139250786,0.3407468009071081,1.1276558432360042,0.0007655193444681096,1.0000031486476626,20.915632316817145,1,0.710729906342368,-0.1109113362824364,0.7184874471051429,-0.1519033642976897,-0.005027638368824944,1.0000003972175515,2.648117010711819,1,-0.8766377034708299,-0.5149360889880216,1.0160251774446463,-2.612605815878015,0.0011257113500169745,1.000000148661728,0.9632323039489991,1,1.218232985437707,0.6819584513765615,1.3967439917402287,0.5118793610753853,0.0021841958594758307,1.0000000546325143,0.364216761550162,1,4.415858110173714,2.2952338906348784,4.977288677397546,0.4797770260243091,0.008561638963960812,0.999999811421827,0.008152511468018623,0
24.64,-0.003753619242337189,0.004731690048482978,-2.876051443008454e-09,-0.054846184029436716,0.37597824968626065,0.3822513491216731,1.7162036824974065,0.0007639780337212191,1.0000030624118093,20.957745325574933,1,0.7178845392217855,0.037416950413989084,0.718439520171868,0.055225668066964544,-0.005082314678038359,1.0000003980406518,2.653604345319543,1,-0.8067741494856057,-0.6171058669475348,1.014799329786582,-2.490696257035619,0.0012274661530128055,0.9999999642874159,0.9623172844620465,1,1.1647110488808974,0.7785925402439068,1.4017816100711187,0.5908029967328278,0.0021356974659318137,1.0000000546464363,0.3643095744861825,1,4.390152167159011,2.3467280656518352,4.978588089062164,0.4913469715900031,0.008772556814691931,1.0000001524766775,0.008147346654533061,0
24.66,-0.0037536192471157182,0.004731690047284937,-2.880455889434086e-09,-0.24391928271218982,0.3407168118553408,0.4212185988010926,2.1900431436629697,0.0007610442081465848,1.000002987688492,20.326941034585804,1,0.694602895933259,0.18406334515140962,0.718620296918591,0.26231646548288445,-0.005151120070091048,1.0000003987575203,2.6583834693649755,1,-0.724726722687784,-0.7099946946759672,1.013359255659545,-2.368465663325017,0.0013364321563615986,1.000000303598864,0.9619334372506464,1,1.104519208425651,0.8707542283979651,1.4074506584446862,0.6691258045669978,0.0020816487192102068,1.000000054588162,0.36392108045827243,1,4.363884497578573,2.3979216507109666,4.979915860440926,0.5029108177048939,0.008978731090134518,1.0000000363054335,0.008142040526717175,0
24.68,-0.003753619250073669,0.004731690046086951,-2.88490003717487e-09,-0.38305456442972347,0.23268105037826287,0.449907941747484,2.591966024547033,0.0007585818089779406,1.0000029675237303,19.38737948176818,1,0.6418956434593085,0.3228104262531026,0.7190220479986751,0.4692389999600053,-0.005246974826838296,1.000000399337152,2.6622476794635155,1,-0.6316869672654414,-0.7921558551797363,1.011725840279509,-2.245863389209998,0.0014548334960986422,1.0000001797290676,0.9620887245167499,1,1.0380783651275627,0.9579753165712186,1.4137114264590653,0.7467871520111815,0.002022608073188117,1.0000000544590608,0.36306040474704065,1,4.337058912427597,2.4488083340816167,4.981271801452058,0.5144684366049308,0.009181188442773752,0.9999998140790569,0.008136594190408358,0
24.700000000000003,-0.0037536192515002986,0.004731690044898292,-2.889373144823043e-09,-0.45643861637461736,0.0835086889217107,0.46505639157966505,2.9558303910097474,0.0007558530237539126,1.0000029657377931,18.366356659318793,1,0.562043130771848,0.44779714897277684,0.7196274586269654,0.6758709135127061,-0.00538853162710679,1.000000399754663,2.6650310865791487,1,-0.5290185473324551,-0.862286870708796,1.0099229871942594,-2.1228435605234055,0.0015824972460719555,0.9999999529530997,0.9627841331887004,1,0.9658422053608526,1.0398335862836305,1.4205210723348147,0.8237333424065362,0.001959149763839204,1.0000000542612397,0.3617415974877782,1,4.309679297618915,2.4993818588295555,4.982655717186762,0.5260197018690945,0.009379818639918418,1.00000015756188,0.008131008772286157,0
24.720000000000002,-0.003753619251564179,0.004731690043724269,-2.8938663509774087e-09,-0.45847348128218535,-0.07929605784397434,0.4655064239446493,-2.975716620232564,0.000752207650141654,1.0000029151476824,17.403177266891262,1,0.45848503840264493,0.5537791465088882,0.7204104566613118,0.8821030873843605,-0.005587144751214821,1.0000003999924636,2.666616423844904,1,-0.4182417856096809,-0.9192503589766187,1.007977347114808,-1.9993658044381108,0.001717477142054454,1.0000002830265686,0.9640134781791193,1,0.8882913134569884,1.1159546894920926,1.4278341867663553,0.899917823465623,0.001891907816722675,1.0000000539974765,0.3599831759076271,1,4.281749613055089,2.5496360237772326,4.98406740949083,0.5375644882905126,0.009574177749784878,1.0000000284391726,0.008125285428715788,0
24.740000000000002,-0.003753619250339608,0.0047316900425679684,-2.8983710132456098e-09,-0.38903516779944725,-0.22993805353627225,0.4512286196480259,-2.613271954167859,0.0007480227209608973,1.0000027767323432,16.60191070168088,1,0.33565642925129924,0.6363555589219664,0.7213374577266171,1.0878444571870207,-0.005837299525427786,1.000000400041027,2.6669401792394547,1,-0.30101554043174994,-0.9620937367582438,1.0059180009465543,-1.875395956279164,0.001856907319612,1.0000002106464927,0.9657632393974926,1,0.8059273302345968,1.1860131932962255,1.435603353091782,0.9753012545270016,0.0018214662065246779,1.0000000536711413,0.3578076092144115,1,4.253273891684232,2.599564684442851,4.985506677849891,0.5491026719960407,0.009763972990633378,0.9999998170326095,0.00811942535524416,0
24.76,-0.003753619247827543,0.004731690041429783,-2.9028778907556896e-09,-0.25335157249087786,-0.34111104565014627,0.4232959832417934,-2.2145108267450175,0.00074457814667021,1.000002577629482,16.072774415068555,1,0.19878071981963313,0.6921514924017665,0.7223689475198948,1.293025823286552,-0.00611524781392067,1.0000003998992202,2.6659948012571237,1,-0.17911636047323415,-0.9900673980988506,1.0037760957281796,-1.7509067294405638,0.001997449189727085,0.9999999470506097,0.968012445071947,1,0.7192672838077285,1.2497328389621292,1.4437796893674155,1.0498514454218753,0.001748370233825046,1.0000000532861157,0.3552407718213921,1,4.2242562385388664,2.649161753959191,4.9869733195897465,0.560634130650578,0.009949391365105986,1.0000001623991852,0.00811342979253496,0
24.78,-0.0037536192440273466,0.0047316900403060825,-2.907376811956547e-09,-0.06641660148991518,-0.3814652958132852,0.38479298705603543,-1.746185563899576,0.0007438765136231494,1.0000024112351764,15.973937707762,1,0.05363210799833794,0.7189487180986807,0.723461301414332,1.497602495359664,-0.006385360718137605,1.0000003995741955,2.6638279695264084,1,-0.05441491400932883,-1.002640935599769,1.0015844333951707,-1.6258783322016974,0.002135797318007099,1.0000002597394146,0.9707326127221501,1,0.6288381979073666,1.3068860935905124,1.4523133608255911,1.1235431845321384,0.0016734392394820471,1.000000052846704,0.3523113593857425,1,4.194700829759134,2.698421203973557,4.988467129325341,0.5721587437082752,0.01013148424747144,1.0000000205295987,0.008107300027145258,0
24.8,-0.0037536192391396227,0.004731690039186271,-2.911856989903927e-09,0.1359479601565225,-0.31795873547020925,0.34309499452650044,-1.1657743977582786,0.0007475413919914181,1.00000240115247,16.54144857274204,1,-0.09371921883330372,0.7157609420704752,0.7245687329991249,1.7015557067932554,-0.006609380087948921,1.000000399080873,2.6605391532382225,1,0.07115023233628925,-0.9995169235069578,0.9993770145669986,-1.5002990134427312,0.002270567506232443,1.0000002406105792,0.9738877692586863,1,0.535172061701173,1.3572930861689334,1.4611540553813693,1.1963579753875404,0.001598167065035253,1.00000005235754,0.34905026687304186,1,4.164611911602292,2.747337065529743,4.989987897026517,0.5836763926405953,0.010312502568147964,0.9999998202778062,0.008101037388149735,0
24.82,-0.0037536192345864507,0.004731690038046672,-2.9163127390416377e-09,0.2830939157270879,-0.1372698147672,0.3127557107835966,-0.44490434205624424,0.0007552445817879946,1.000002629384653,17.952655401852272,1,-0.23716611868469453,0.6828534800518247,0.7256452657869811,1.9048928233296543,-0.00675702226633111,1.0000003984410797,2.6562738651582842,1,0.19560131241071826,-0.9806417447217464,0.9971885410269057,-1.3741655178987886,0.0024029723641223323,0.9999999466595638,0.9774346171164708,1,0.43880122382680975,1.4008200260473314,1.4702514166752816,1.2682836996094717,0.0015244320047592193,1.000000051823494,0.34548996023581474,1,4.1339937994397244,2.7959034299319643,4.99153540390813,0.5951869607012004,0.010494568971369182,1.0000001669809293,0.008094643241428452,0
24.84,-0.003753619234340543,0.004731690036853441,-2.920763274901622e-09,0.29211832013759415,0.10581424035827579,0.31086438093098095,0.3566317261144944,0.0007660945523999385,1.0000030185853144,19.756121433813668,1,-0.37081603773380833,0.6217101198859154,0.7266466335111261,2.1076464357057203,-0.006827181193031267,1.0000003976824199,2.651216133179618,1,0.3169522512159809,-0.9462129277347561,0.9950538812923834,-1.247483423359603,0.0025270586376826046,1.0000002342208205,0.9813228347124903,1,0.34025425184945024,1.4373772024237244,1.4795554316819846,1.339314219928112,0.0014522274993511012,1.000000051249582,0.34166387909042173,1,4.102850876743168,2.844114449591089,4.9931094206219635,0.6066903312976034,0.010674147920838704,1.000000012589245,0.008088118980852016,0
24.86,-0.0037536192399427754,0.004731690035600536,-2.9252592370979102e-09,0.15683820731505949,0.2978925742691021,0.3387126653834901,1.0921824821526842,0.0007736685781888694,1.0000033398017676,20.885886988298775,1,-0.4892251435717224,0.5349521598758813,0.7275320383757079,2.309872467309809,-0.006854311033662097,1.0000003968369622,2.645579748041158,1,0.4332413352712888,-0.8966824754617937,0.9930075009808641,-1.1202673286668454,0.002625446663143995,1.0000002687680267,0.9854954759844224,1,0.24005227815417007,1.4669166604786947,1.4890167822167812,1.409448939170616,0.0013793070276865262,1.0000000506408835,0.3376058893219208,1,4.071187594062783,2.8919643388535143,4.994709719407262,0.6181863866587067,0.010843425619470765,0.999999823809506,0.008081466016599363,0
24.880000000000003,-0.003753619247134077,0.004731690034328042,-2.9298344523046027e-09,-0.043565880822990496,0.3745834930480747,0.37999678525243746,1.68801540434369,0.0007750753475217905,1.0000034498673764,20.97618932881637,1,-0.5876071967253601,0.42621602840432216,0.728265718424398,2.511647472196251,-0.00686670546234308,1.0000003959398218,2.639598811889204,1,0.5425651147878308,-0.8327557122088437,0.9910828608094493,-0.9925408868091661,0.0026899018265949012,0.9999999516502572,0.9898895578063699,1,0.13870583598050104,1.4894296443772146,1.4985871600572065,1.478692344209968,0.001305861746127154,1.0000000500024686,0.333349790457455,1,4.039008467997984,2.939447374810063,4.996336084577727,0.6296750105205443,0.011002336150210273,1.0000001712998543,0.008074685772778754,0
24.900000000000002,-0.00375361925266161,0.004731690033079653,-2.9344822062744857e-09,-0.2345138156118211,0.3441816643803088,0.4193494316344093,2.166865009151962,0.0007758829261922588,1.000003344204364,20.370935534526943,1,-0.6620113375733818,0.2999965951508116,0.7288182702673912,2.713065301040201,-0.0068764676134528005,1.0000003950277079,2.633518052083214,1,0.643112859431685,-0.755385252451116,0.9893118108222684,-0.8643366722128001,0.002723837596639249,1.0000002069366005,0.9944368524196305,1,0.03671217538932482,1.504943889444996,1.508219522875371,1.5470535456041359,0.0012341370344424148,1.0000000493393326,0.3289288847802265,1,4.006318080158317,2.9865578980827494,4.997988302496021,0.6411560903594834,0.011155665975370904,1.0000000046306934,0.008067779692155821,0
24.92,-0.0037536192559691466,0.004731690031878807,-2.9391783468862842e-09,-0.3768440704538674,0.23919974509895353,0.4486970647857569,2.5716892447374824,0.000779726023471059,1.000003087115493,19.441107159239834,1,-0.7094647542937692,0.16146343406661845,0.7291676953078594,2.9142332755002505,-0.006891974798124986,1.0000003941374933,2.627583288294441,1,0.7332007715331955,-0.6657598130328509,0.9877239967210687,-0.7356958498894322,0.0027326054652358294,1.0000002942397255,0.9990648708498243,1,-0.06544696226835786,1.5135208359019687,1.5178682993719324,1.6145458114388487,0.001166013221398059,1.0000000486563418,0.32437561292532113,1,3.973121076114024,3.0332903135914417,4.999666152913748,0.6526295166455038,0.011307037416107156,0.9999998276221146,0.008060749234143853,0
24.94,-0.0037536192574336774,0.004731690030733138,-2.943898678650636e-09,-0.4539415191626716,0.09150483713250286,0.4646117038328729,2.9368907212674205,0.000786086760717222,1.0000027820978448,18.42042900767995,1,-0.7280776335322315,0.016257090064277602,0.7293001605594746,3.115268012356052,-0.0069175459768536385,1.0000003933048465,2.6220323101187786,1,0.8113050652984812,-0.5652877437834036,0.9863462833901459,-0.606667636645925,0.0027211901403266622,0.9999999616938688,1.0036980314661363,1,-0.16730714141294678,1.5152528266736358,1.5274895576911147,1.6811861090971187,0.0011027185850258914,1.0000000479581872,0.31972124826806225,1,3.939422164338196,3.0796390913010185,5.001369408240929,0.6640951819281018,0.01145863625112443,1.0000001753491181,0.008053595870908484,0
24.96,-0.003753619257510863,0.00473169002964228,-2.9486233216365065e-09,-0.45983102833945,-0.0712220524765037,0.4658582607772772,-2.9945835969093046,0.0007934641830964848,1.0000025389285265,17.451429574546694,1,-0.7171088562654558,-0.12972796616276572,0.7292104682420576,-2.966894277139939,-0.006949464706723923,1.0000003925629373,2.617086248899231,1,0.8760929595599566,-0.4555753342605447,0.9852022114639969,-0.47730855783351694,0.0026950638585595036,1.0000001783351455,1.0082590008015342,1,-0.2684226362546912,1.5102603418481642,1.5370411389178953,1.746994666251828,0.0010450856029816618,1.0000000472493473,0.31499564899774557,1,3.9052261151415046,3.125598766948253,5.003097834639457,0.6755529804959864,0.011612009583732317,0.9999999966665548,0.008046321086014708,0
24.98,-0.0037536192564488332,0.0047316900286026465,-2.953335752602787e-09,-0.39413527507252083,-0.22317516434142037,0.45235506855586705,-2.6333164198933043,0.0008020290905492585,1.0000024302542672,16.638955091102044,1,-0.6769916355303327,-0.27056736470707615,0.7289022334387399,-2.765761062212584,-0.0069733347035702865,1.0000003919412495,2.6129416624222124,1,0.9264506147349769,-0.33840015834031484,0.9843115052353132,-0.3476815077601686,0.002660392446635244,1.000000316159349,1.012670180630951,1,-0.3683674805008991,1.4986893120082523,1.5464827573428022,1.8119945566249636,0.0009937201264925185,1.0000000465340602,0.3102270682538193,1,3.870537759599538,3.1711639427479605,5.004851192789239,0.6870028083068784,0.011768521336259637,0.9999998317095918,0.00803892637455161,0
25.0,-0.0037536192541410647,0.004731690027608992,-2.9580204119472597e-09,-0.261731991434734,-0.3372074466066666,0.4251024974661529,-2.237253380726442,0.0008114952825439059,1.0000024647245496,16.09186282029081,1,-0.6093187946816552,-0.40053172931703135,0.7283877602171834,-2.564399858914313,-0.006967374457435511,1.000000391464607,2.6097640460640186,1,0.9615070789873785,-0.2156799315339436,0.9836896486020272,-0.21785462984009854,0.002623485351708514,0.9999999762932531,1.016855302749166,1,-0.4667362031523376,1.4807085431766667,1.555776070861983,1.8762113140811245,0.0009491221639554455,1.0000000458163028,0.3054420179210932,1,3.835361988472402,3.2163292880780174,5.00662923819187,0.6984445630215396,0.011929640697777303,1.0000001791223057,0.00803141324353982,0
